ARM GAS  C:\Users\l1234\AppData\Local\Temp\ccFgEZ6h.s 			page 1


   1              		.cpu cortex-m7
   2              		.arch armv7e-m
   3              		.fpu fpv5-d16
   4              		.eabi_attribute 28, 1
   5              		.eabi_attribute 20, 1
   6              		.eabi_attribute 21, 1
   7              		.eabi_attribute 23, 3
   8              		.eabi_attribute 24, 1
   9              		.eabi_attribute 25, 1
  10              		.eabi_attribute 26, 1
  11              		.eabi_attribute 30, 2
  12              		.eabi_attribute 34, 1
  13              		.eabi_attribute 18, 4
  14              		.file	"nrf24.c"
  15              		.text
  16              	.Ltext0:
  17              		.cfi_sections	.debug_frame
  18              		.file 1 "Core/Src/radio/nrf24.c"
  19              		.section	.text.nRF24_ReadReg,"ax",%progbits
  20              		.align	1
  21              		.p2align 2,,3
  22              		.global	nRF24_ReadReg
  23              		.syntax unified
  24              		.thumb
  25              		.thumb_func
  27              	nRF24_ReadReg:
  28              	.LVL0:
  29              	.LFB150:
   1:Core/Src/radio/nrf24.c **** // Functions to manage the nRF24L01+ transceiver
   2:Core/Src/radio/nrf24.c **** 
   3:Core/Src/radio/nrf24.c **** #include "../../Inc/radio/nrf24.h"
   4:Core/Src/radio/nrf24.c **** 
   5:Core/Src/radio/nrf24.c **** // Read a register
   6:Core/Src/radio/nrf24.c **** // input:
   7:Core/Src/radio/nrf24.c **** //   reg - number of register to read
   8:Core/Src/radio/nrf24.c **** // return: value of register
   9:Core/Src/radio/nrf24.c **** uint8_t nRF24_ReadReg(const NRF24_TypeDef *nrf, uint8_t reg) {
  30              		.loc 1 9 62 view -0
  31              		.cfi_startproc
  32              		@ args = 0, pretend = 0, frame = 8
  33              		@ frame_needed = 0, uses_anonymous_args = 0
  10:Core/Src/radio/nrf24.c **** 	uint8_t value;
  34              		.loc 1 10 2 view .LVU1
  11:Core/Src/radio/nrf24.c **** 
  12:Core/Src/radio/nrf24.c **** 	nRF24_CSN_L(nrf);
  35              		.loc 1 12 2 view .LVU2
   9:Core/Src/radio/nrf24.c **** 	uint8_t value;
  36              		.loc 1 9 62 is_stmt 0 view .LVU3
  37 0000 30B5     		push	{r4, r5, lr}
  38              	.LCFI0:
  39              		.cfi_def_cfa_offset 12
  40              		.cfi_offset 4, -12
  41              		.cfi_offset 5, -8
  42              		.cfi_offset 14, -4
  43              	.LBB54:
  44              	.LBB55:
  45              		.file 2 "Core/Src/radio/../../Inc/radio/support.h"
ARM GAS  C:\Users\l1234\AppData\Local\Temp\ccFgEZ6h.s 			page 2


   1:Core/Src/radio/../../Inc/radio/support.h **** #ifndef __SUPPORT_H
   2:Core/Src/radio/../../Inc/radio/support.h **** #define __SUPPORT_H
   3:Core/Src/radio/../../Inc/radio/support.h **** 
   4:Core/Src/radio/../../Inc/radio/support.h **** #include "main.h"
   5:Core/Src/radio/../../Inc/radio/support.h **** 
   6:Core/Src/radio/../../Inc/radio/support.h **** typedef struct {
   7:Core/Src/radio/../../Inc/radio/support.h ****     SPI_HandleTypeDef *hspi;
   8:Core/Src/radio/../../Inc/radio/support.h ****     GPIO_TypeDef *cePort;
   9:Core/Src/radio/../../Inc/radio/support.h ****     uint16_t cePin;
  10:Core/Src/radio/../../Inc/radio/support.h ****     GPIO_TypeDef *csPort;
  11:Core/Src/radio/../../Inc/radio/support.h ****     uint16_t csPin;
  12:Core/Src/radio/../../Inc/radio/support.h **** } NRF24_TypeDef;
  13:Core/Src/radio/../../Inc/radio/support.h **** 
  14:Core/Src/radio/../../Inc/radio/support.h **** extern SPI_HandleTypeDef hspi1;
  15:Core/Src/radio/../../Inc/radio/support.h **** extern SPI_HandleTypeDef hspi2;
  16:Core/Src/radio/../../Inc/radio/support.h **** 
  17:Core/Src/radio/../../Inc/radio/support.h **** 
  18:Core/Src/radio/../../Inc/radio/support.h **** 
  19:Core/Src/radio/../../Inc/radio/support.h **** static inline void nRF24_CE_L(const NRF24_TypeDef *nrf) {
  20:Core/Src/radio/../../Inc/radio/support.h ****     HAL_GPIO_WritePin(nrf->cePort, nrf->cePin, GPIO_PIN_RESET);
  21:Core/Src/radio/../../Inc/radio/support.h **** }
  22:Core/Src/radio/../../Inc/radio/support.h **** 
  23:Core/Src/radio/../../Inc/radio/support.h **** static inline void nRF24_CE_H(const NRF24_TypeDef *nrf) {
  24:Core/Src/radio/../../Inc/radio/support.h ****     HAL_GPIO_WritePin(nrf->cePort, nrf->cePin, GPIO_PIN_SET);
  25:Core/Src/radio/../../Inc/radio/support.h **** }
  26:Core/Src/radio/../../Inc/radio/support.h **** 
  27:Core/Src/radio/../../Inc/radio/support.h **** static inline void nRF24_CSN_L(const NRF24_TypeDef *nrf) {
  28:Core/Src/radio/../../Inc/radio/support.h ****     HAL_GPIO_WritePin(nrf->csPort, nrf->csPin, GPIO_PIN_RESET);
  46              		.loc 2 28 5 view .LVU4
  47 0002 0022     		movs	r2, #0
  48              	.LBE55:
  49              	.LBE54:
   9:Core/Src/radio/nrf24.c **** 	uint8_t value;
  50              		.loc 1 9 62 view .LVU5
  51 0004 85B0     		sub	sp, sp, #20
  52              	.LCFI1:
  53              		.cfi_def_cfa_offset 32
   9:Core/Src/radio/nrf24.c **** 	uint8_t value;
  54              		.loc 1 9 62 view .LVU6
  55 0006 0446     		mov	r4, r0
  56              	.LVL1:
  57              	.LBB59:
  58              	.LBI54:
  27:Core/Src/radio/../../Inc/radio/support.h ****     HAL_GPIO_WritePin(nrf->csPort, nrf->csPin, GPIO_PIN_RESET);
  59              		.loc 2 27 20 is_stmt 1 view .LVU7
  60              	.LBB56:
  61              		.loc 2 28 5 view .LVU8
  62              	.LBE56:
  63              	.LBE59:
   9:Core/Src/radio/nrf24.c **** 	uint8_t value;
  64              		.loc 1 9 62 is_stmt 0 view .LVU9
  65 0008 0D46     		mov	r5, r1
  66              	.LBB60:
  67              	.LBB57:
  68              		.loc 2 28 5 view .LVU10
  69 000a 018A     		ldrh	r1, [r0, #16]
  70              	.LVL2:
ARM GAS  C:\Users\l1234\AppData\Local\Temp\ccFgEZ6h.s 			page 3


  71              		.loc 2 28 5 view .LVU11
  72 000c C068     		ldr	r0, [r0, #12]
  73              	.LVL3:
  74              		.loc 2 28 5 view .LVU12
  75              	.LBE57:
  76              	.LBE60:
  13:Core/Src/radio/nrf24.c **** 	nRF24_LL_RW(nrf, reg & nRF24_MASK_REG_MAP);
  77              		.loc 1 13 2 view .LVU13
  78 000e 05F01F05 		and	r5, r5, #31
  79              	.LBB61:
  80              	.LBB58:
  81              		.loc 2 28 5 view .LVU14
  82 0012 FFF7FEFF 		bl	HAL_GPIO_WritePin
  83              	.LVL4:
  84              		.loc 2 28 5 view .LVU15
  85              	.LBE58:
  86              	.LBE61:
  87              		.loc 1 13 2 is_stmt 1 view .LVU16
  88              	.LBB62:
  89              	.LBB63:
  29:Core/Src/radio/../../Inc/radio/support.h **** }
  30:Core/Src/radio/../../Inc/radio/support.h **** 
  31:Core/Src/radio/../../Inc/radio/support.h **** static inline void nRF24_CSN_H(const NRF24_TypeDef *nrf) {
  32:Core/Src/radio/../../Inc/radio/support.h ****     HAL_GPIO_WritePin(nrf->csPort, nrf->csPin, GPIO_PIN_SET);
  33:Core/Src/radio/../../Inc/radio/support.h **** }
  34:Core/Src/radio/../../Inc/radio/support.h **** 
  35:Core/Src/radio/../../Inc/radio/support.h **** 
  36:Core/Src/radio/../../Inc/radio/support.h **** static inline uint8_t nRF24_LL_RW(const NRF24_TypeDef *nrf, uint8_t data) {
  37:Core/Src/radio/../../Inc/radio/support.h ****     // Wait until TX buffer is empty
  38:Core/Src/radio/../../Inc/radio/support.h ****     uint8_t result;
  39:Core/Src/radio/../../Inc/radio/support.h ****     if(HAL_SPI_TransmitReceive(nrf->hspi,&data,&result,1,2000)!=HAL_OK) {
  90              		.loc 2 39 8 is_stmt 0 view .LVU17
  91 0016 4FF4FA63 		mov	r3, #2000
  92 001a 0DF10F02 		add	r2, sp, #15
  93 001e 0DF10E01 		add	r1, sp, #14
  94 0022 0093     		str	r3, [sp]
  95 0024 0123     		movs	r3, #1
  96 0026 2068     		ldr	r0, [r4]
  97 0028 8DF80E50 		strb	r5, [sp, #14]
  98              	.LVL5:
  99              		.loc 2 39 8 view .LVU18
 100              	.LBE63:
 101              	.LBI62:
  36:Core/Src/radio/../../Inc/radio/support.h ****     // Wait until TX buffer is empty
 102              		.loc 2 36 23 is_stmt 1 view .LVU19
 103              	.LBB64:
  38:Core/Src/radio/../../Inc/radio/support.h ****     if(HAL_SPI_TransmitReceive(nrf->hspi,&data,&result,1,2000)!=HAL_OK) {
 104              		.loc 2 38 5 view .LVU20
 105              		.loc 2 39 5 view .LVU21
 106              		.loc 2 39 8 is_stmt 0 view .LVU22
 107 002c FFF7FEFF 		bl	HAL_SPI_TransmitReceive
 108              	.LVL6:
 109              		.loc 2 39 7 view .LVU23
 110 0030 C0B9     		cbnz	r0, .L12
 111              	.L2:
  40:Core/Src/radio/../../Inc/radio/support.h ****         Error_Handler();
  41:Core/Src/radio/../../Inc/radio/support.h ****     };
ARM GAS  C:\Users\l1234\AppData\Local\Temp\ccFgEZ6h.s 			page 4


 112              		.loc 2 41 6 is_stmt 1 view .LVU24
  42:Core/Src/radio/../../Inc/radio/support.h ****     return result;
 113              		.loc 2 42 5 view .LVU25
 114              	.LVL7:
 115              		.loc 2 42 5 is_stmt 0 view .LVU26
 116              	.LBE64:
 117              	.LBE62:
  14:Core/Src/radio/nrf24.c **** 	value = nRF24_LL_RW(nrf, nRF24_CMD_NOP);
 118              		.loc 1 14 2 is_stmt 1 view .LVU27
 119              	.LBB66:
 120              	.LBB67:
  39:Core/Src/radio/../../Inc/radio/support.h ****         Error_Handler();
 121              		.loc 2 39 8 is_stmt 0 view .LVU28
 122 0032 4FF4FA63 		mov	r3, #2000
 123 0036 FF20     		movs	r0, #255
 124 0038 0DF10F02 		add	r2, sp, #15
 125 003c 0DF10E01 		add	r1, sp, #14
 126 0040 0093     		str	r3, [sp]
 127 0042 0123     		movs	r3, #1
 128 0044 8DF80E00 		strb	r0, [sp, #14]
 129              	.LVL8:
  39:Core/Src/radio/../../Inc/radio/support.h ****         Error_Handler();
 130              		.loc 2 39 8 view .LVU29
 131              	.LBE67:
 132              	.LBI66:
  36:Core/Src/radio/../../Inc/radio/support.h ****     // Wait until TX buffer is empty
 133              		.loc 2 36 23 is_stmt 1 view .LVU30
 134              	.LBB68:
  38:Core/Src/radio/../../Inc/radio/support.h ****     if(HAL_SPI_TransmitReceive(nrf->hspi,&data,&result,1,2000)!=HAL_OK) {
 135              		.loc 2 38 5 view .LVU31
  39:Core/Src/radio/../../Inc/radio/support.h ****         Error_Handler();
 136              		.loc 2 39 5 view .LVU32
  39:Core/Src/radio/../../Inc/radio/support.h ****         Error_Handler();
 137              		.loc 2 39 8 is_stmt 0 view .LVU33
 138 0048 2068     		ldr	r0, [r4]
 139              	.LVL9:
  39:Core/Src/radio/../../Inc/radio/support.h ****         Error_Handler();
 140              		.loc 2 39 8 view .LVU34
 141 004a FFF7FEFF 		bl	HAL_SPI_TransmitReceive
 142              	.LVL10:
  39:Core/Src/radio/../../Inc/radio/support.h ****         Error_Handler();
 143              		.loc 2 39 7 view .LVU35
 144 004e 60B9     		cbnz	r0, .L13
 145              	.L3:
  41:Core/Src/radio/../../Inc/radio/support.h ****     return result;
 146              		.loc 2 41 6 is_stmt 1 view .LVU36
 147              		.loc 2 42 5 view .LVU37
 148              		.loc 2 42 12 is_stmt 0 view .LVU38
 149 0050 9DF80F50 		ldrb	r5, [sp, #15]	@ zero_extendqisi2
 150              	.LVL11:
 151              		.loc 2 42 12 view .LVU39
 152              	.LBE68:
 153              	.LBE66:
  15:Core/Src/radio/nrf24.c **** 	nRF24_CSN_H(nrf);
 154              		.loc 1 15 2 is_stmt 1 view .LVU40
 155              	.LBB70:
 156              	.LBI70:
ARM GAS  C:\Users\l1234\AppData\Local\Temp\ccFgEZ6h.s 			page 5


  31:Core/Src/radio/../../Inc/radio/support.h ****     HAL_GPIO_WritePin(nrf->csPort, nrf->csPin, GPIO_PIN_SET);
 157              		.loc 2 31 20 view .LVU41
 158              	.LBB71:
  32:Core/Src/radio/../../Inc/radio/support.h **** }
 159              		.loc 2 32 5 view .LVU42
 160 0054 0122     		movs	r2, #1
 161 0056 E068     		ldr	r0, [r4, #12]
 162 0058 218A     		ldrh	r1, [r4, #16]
 163 005a FFF7FEFF 		bl	HAL_GPIO_WritePin
 164              	.LVL12:
  32:Core/Src/radio/../../Inc/radio/support.h **** }
 165              		.loc 2 32 5 is_stmt 0 view .LVU43
 166              	.LBE71:
 167              	.LBE70:
  16:Core/Src/radio/nrf24.c **** 
  17:Core/Src/radio/nrf24.c **** 	return value;
 168              		.loc 1 17 2 is_stmt 1 view .LVU44
  18:Core/Src/radio/nrf24.c **** }
 169              		.loc 1 18 1 is_stmt 0 view .LVU45
 170 005e 2846     		mov	r0, r5
 171 0060 05B0     		add	sp, sp, #20
 172              	.LCFI2:
 173              		.cfi_remember_state
 174              		.cfi_def_cfa_offset 12
 175              		@ sp needed
 176 0062 30BD     		pop	{r4, r5, pc}
 177              	.LVL13:
 178              	.L12:
 179              	.LCFI3:
 180              		.cfi_restore_state
 181              	.LBB72:
 182              	.LBB65:
  40:Core/Src/radio/../../Inc/radio/support.h ****     };
 183              		.loc 2 40 9 is_stmt 1 view .LVU46
 184 0064 FFF7FEFF 		bl	Error_Handler
 185              	.LVL14:
 186 0068 E3E7     		b	.L2
 187              	.LVL15:
 188              	.L13:
  40:Core/Src/radio/../../Inc/radio/support.h ****     };
 189              		.loc 2 40 9 is_stmt 0 view .LVU47
 190              	.LBE65:
 191              	.LBE72:
 192              	.LBB73:
 193              	.LBB69:
  40:Core/Src/radio/../../Inc/radio/support.h ****     };
 194              		.loc 2 40 9 is_stmt 1 view .LVU48
 195 006a FFF7FEFF 		bl	Error_Handler
 196              	.LVL16:
 197 006e EFE7     		b	.L3
 198              	.LBE69:
 199              	.LBE73:
 200              		.cfi_endproc
 201              	.LFE150:
 203              		.section	.text.nRF24_WriteReg,"ax",%progbits
 204              		.align	1
 205              		.p2align 2,,3
ARM GAS  C:\Users\l1234\AppData\Local\Temp\ccFgEZ6h.s 			page 6


 206              		.global	nRF24_WriteReg
 207              		.syntax unified
 208              		.thumb
 209              		.thumb_func
 211              	nRF24_WriteReg:
 212              	.LVL17:
 213              	.LFB151:
  19:Core/Src/radio/nrf24.c **** 
  20:Core/Src/radio/nrf24.c **** // Write a new value to register
  21:Core/Src/radio/nrf24.c **** // input:
  22:Core/Src/radio/nrf24.c **** //   reg - number of register to write
  23:Core/Src/radio/nrf24.c **** //   value - value to write
  24:Core/Src/radio/nrf24.c **** void nRF24_WriteReg(const NRF24_TypeDef *nrf, uint8_t reg, uint8_t value) {
 214              		.loc 1 24 75 view -0
 215              		.cfi_startproc
 216              		@ args = 0, pretend = 0, frame = 8
 217              		@ frame_needed = 0, uses_anonymous_args = 0
  25:Core/Src/radio/nrf24.c **** 	nRF24_CSN_L(nrf);
 218              		.loc 1 25 2 view .LVU50
  24:Core/Src/radio/nrf24.c **** 	nRF24_CSN_L(nrf);
 219              		.loc 1 24 75 is_stmt 0 view .LVU51
 220 0000 2DE9F041 		push	{r4, r5, r6, r7, r8, lr}
 221              	.LCFI4:
 222              		.cfi_def_cfa_offset 24
 223              		.cfi_offset 4, -24
 224              		.cfi_offset 5, -20
 225              		.cfi_offset 6, -16
 226              		.cfi_offset 7, -12
 227              		.cfi_offset 8, -8
 228              		.cfi_offset 14, -4
 229 0004 0D46     		mov	r5, r1
 230 0006 84B0     		sub	sp, sp, #16
 231              	.LCFI5:
 232              		.cfi_def_cfa_offset 40
 233              	.LBB90:
 234              	.LBB91:
  28:Core/Src/radio/../../Inc/radio/support.h **** }
 235              		.loc 2 28 5 view .LVU52
 236 0008 018A     		ldrh	r1, [r0, #16]
 237              	.LVL18:
  28:Core/Src/radio/../../Inc/radio/support.h **** }
 238              		.loc 2 28 5 view .LVU53
 239              	.LBE91:
 240              	.LBE90:
  24:Core/Src/radio/nrf24.c **** 	nRF24_CSN_L(nrf);
 241              		.loc 1 24 75 view .LVU54
 242 000a 9046     		mov	r8, r2
 243 000c 0446     		mov	r4, r0
 244              	.LVL19:
 245              	.LBB94:
 246              	.LBI90:
  27:Core/Src/radio/../../Inc/radio/support.h ****     HAL_GPIO_WritePin(nrf->csPort, nrf->csPin, GPIO_PIN_RESET);
 247              		.loc 2 27 20 is_stmt 1 view .LVU55
 248              	.LBB92:
  28:Core/Src/radio/../../Inc/radio/support.h **** }
 249              		.loc 2 28 5 view .LVU56
 250 000e 0022     		movs	r2, #0
ARM GAS  C:\Users\l1234\AppData\Local\Temp\ccFgEZ6h.s 			page 7


 251              	.LVL20:
  28:Core/Src/radio/../../Inc/radio/support.h **** }
 252              		.loc 2 28 5 is_stmt 0 view .LVU57
 253 0010 C068     		ldr	r0, [r0, #12]
 254              	.LVL21:
  28:Core/Src/radio/../../Inc/radio/support.h **** }
 255              		.loc 2 28 5 view .LVU58
 256              	.LBE92:
 257              	.LBE94:
 258              	.LBB95:
 259              	.LBB96:
  39:Core/Src/radio/../../Inc/radio/support.h ****         Error_Handler();
 260              		.loc 2 39 8 view .LVU59
 261 0012 0DF10F07 		add	r7, sp, #15
 262              	.LBE96:
 263              	.LBE95:
 264              	.LBB101:
 265              	.LBB93:
  28:Core/Src/radio/../../Inc/radio/support.h **** }
 266              		.loc 2 28 5 view .LVU60
 267 0016 FFF7FEFF 		bl	HAL_GPIO_WritePin
 268              	.LVL22:
  28:Core/Src/radio/../../Inc/radio/support.h **** }
 269              		.loc 2 28 5 view .LVU61
 270              	.LBE93:
 271              	.LBE101:
  26:Core/Src/radio/nrf24.c **** 	if (reg < nRF24_CMD_W_REGISTER) {
 272              		.loc 1 26 2 is_stmt 1 view .LVU62
 273              		.loc 1 26 5 is_stmt 0 view .LVU63
 274 001a 1F2D     		cmp	r5, #31
 275              	.LBB102:
 276              	.LBB97:
  39:Core/Src/radio/../../Inc/radio/support.h ****         Error_Handler();
 277              		.loc 2 39 8 view .LVU64
 278 001c 0DF10E06 		add	r6, sp, #14
 279              	.LBE97:
 280              	.LBE102:
 281              		.loc 1 26 5 view .LVU65
 282 0020 21D8     		bhi	.L15
  27:Core/Src/radio/nrf24.c **** 		// This is a register access
  28:Core/Src/radio/nrf24.c **** 		nRF24_LL_RW(nrf, nRF24_CMD_W_REGISTER | (reg & nRF24_MASK_REG_MAP));
 283              		.loc 1 28 3 is_stmt 1 view .LVU66
 284              	.LBB103:
 285              	.LBB98:
  39:Core/Src/radio/../../Inc/radio/support.h ****         Error_Handler();
 286              		.loc 2 39 8 is_stmt 0 view .LVU67
 287 0022 4FF4FA63 		mov	r3, #2000
 288 0026 45F02005 		orr	r5, r5, #32
 289 002a 3A46     		mov	r2, r7
 290 002c 3146     		mov	r1, r6
 291 002e 0093     		str	r3, [sp]
 292 0030 0123     		movs	r3, #1
 293 0032 2068     		ldr	r0, [r4]
 294 0034 8DF80E50 		strb	r5, [sp, #14]
 295              	.LVL23:
  39:Core/Src/radio/../../Inc/radio/support.h ****         Error_Handler();
 296              		.loc 2 39 8 view .LVU68
ARM GAS  C:\Users\l1234\AppData\Local\Temp\ccFgEZ6h.s 			page 8


 297              	.LBE98:
 298              	.LBI95:
  36:Core/Src/radio/../../Inc/radio/support.h ****     // Wait until TX buffer is empty
 299              		.loc 2 36 23 is_stmt 1 view .LVU69
 300              	.LBB99:
  38:Core/Src/radio/../../Inc/radio/support.h ****     if(HAL_SPI_TransmitReceive(nrf->hspi,&data,&result,1,2000)!=HAL_OK) {
 301              		.loc 2 38 5 view .LVU70
  39:Core/Src/radio/../../Inc/radio/support.h ****         Error_Handler();
 302              		.loc 2 39 5 view .LVU71
  39:Core/Src/radio/../../Inc/radio/support.h ****         Error_Handler();
 303              		.loc 2 39 8 is_stmt 0 view .LVU72
 304 0038 FFF7FEFF 		bl	HAL_SPI_TransmitReceive
 305              	.LVL24:
  39:Core/Src/radio/../../Inc/radio/support.h ****         Error_Handler();
 306              		.loc 2 39 7 view .LVU73
 307 003c 90BB     		cbnz	r0, .L43
 308              	.LVL25:
 309              	.L42:
  39:Core/Src/radio/../../Inc/radio/support.h ****         Error_Handler();
 310              		.loc 2 39 7 view .LVU74
 311              	.LBE99:
 312              	.LBE103:
  29:Core/Src/radio/nrf24.c **** 		nRF24_LL_RW(nrf, value);
  30:Core/Src/radio/nrf24.c **** 	} else {
  31:Core/Src/radio/nrf24.c **** 		// This is a single byte command or future command/register
  32:Core/Src/radio/nrf24.c **** 		nRF24_LL_RW(nrf, reg);
  33:Core/Src/radio/nrf24.c **** 		if ((reg != nRF24_CMD_FLUSH_TX) && (reg != nRF24_CMD_FLUSH_RX) && \
  34:Core/Src/radio/nrf24.c **** 				(reg != nRF24_CMD_REUSE_TX_PL) && (reg != nRF24_CMD_NOP)) {
  35:Core/Src/radio/nrf24.c **** 			// Send register value
  36:Core/Src/radio/nrf24.c **** 			nRF24_LL_RW(nrf, value);
 313              		.loc 1 36 4 is_stmt 1 view .LVU75
 314              	.LBB104:
 315              	.LBB105:
  39:Core/Src/radio/../../Inc/radio/support.h ****         Error_Handler();
 316              		.loc 2 39 8 is_stmt 0 view .LVU76
 317 003e 4FF4FA63 		mov	r3, #2000
 318 0042 3A46     		mov	r2, r7
 319 0044 3146     		mov	r1, r6
 320 0046 8DF80E80 		strb	r8, [sp, #14]
 321              	.LVL26:
  39:Core/Src/radio/../../Inc/radio/support.h ****         Error_Handler();
 322              		.loc 2 39 8 view .LVU77
 323              	.LBE105:
 324              	.LBI104:
  36:Core/Src/radio/../../Inc/radio/support.h ****     // Wait until TX buffer is empty
 325              		.loc 2 36 23 is_stmt 1 view .LVU78
 326              	.LBB106:
  38:Core/Src/radio/../../Inc/radio/support.h ****     if(HAL_SPI_TransmitReceive(nrf->hspi,&data,&result,1,2000)!=HAL_OK) {
 327              		.loc 2 38 5 view .LVU79
  39:Core/Src/radio/../../Inc/radio/support.h ****         Error_Handler();
 328              		.loc 2 39 5 view .LVU80
  39:Core/Src/radio/../../Inc/radio/support.h ****         Error_Handler();
 329              		.loc 2 39 8 is_stmt 0 view .LVU81
 330 004a 0093     		str	r3, [sp]
 331 004c 0123     		movs	r3, #1
 332 004e 2068     		ldr	r0, [r4]
 333 0050 FFF7FEFF 		bl	HAL_SPI_TransmitReceive
ARM GAS  C:\Users\l1234\AppData\Local\Temp\ccFgEZ6h.s 			page 9


 334              	.LVL27:
  39:Core/Src/radio/../../Inc/radio/support.h ****         Error_Handler();
 335              		.loc 2 39 7 view .LVU82
 336 0054 D8B9     		cbnz	r0, .L44
 337              	.LVL28:
 338              	.L18:
  39:Core/Src/radio/../../Inc/radio/support.h ****         Error_Handler();
 339              		.loc 2 39 7 view .LVU83
 340              	.LBE106:
 341              	.LBE104:
  37:Core/Src/radio/nrf24.c **** 		}
  38:Core/Src/radio/nrf24.c **** 	}
  39:Core/Src/radio/nrf24.c **** 	nRF24_CSN_H(nrf);
 342              		.loc 1 39 2 is_stmt 1 view .LVU84
 343              	.LBB108:
 344              	.LBI108:
  31:Core/Src/radio/../../Inc/radio/support.h ****     HAL_GPIO_WritePin(nrf->csPort, nrf->csPin, GPIO_PIN_SET);
 345              		.loc 2 31 20 view .LVU85
 346              	.LBB109:
  32:Core/Src/radio/../../Inc/radio/support.h **** }
 347              		.loc 2 32 5 view .LVU86
 348 0056 0122     		movs	r2, #1
 349 0058 218A     		ldrh	r1, [r4, #16]
 350 005a E068     		ldr	r0, [r4, #12]
 351              	.LBE109:
 352              	.LBE108:
  40:Core/Src/radio/nrf24.c **** }
 353              		.loc 1 40 1 is_stmt 0 view .LVU87
 354 005c 04B0     		add	sp, sp, #16
 355              	.LCFI6:
 356              		.cfi_remember_state
 357              		.cfi_def_cfa_offset 24
 358              		@ sp needed
 359 005e BDE8F041 		pop	{r4, r5, r6, r7, r8, lr}
 360              	.LCFI7:
 361              		.cfi_restore 14
 362              		.cfi_restore 8
 363              		.cfi_restore 7
 364              		.cfi_restore 6
 365              		.cfi_restore 5
 366              		.cfi_restore 4
 367              		.cfi_def_cfa_offset 0
 368              	.LVL29:
 369              	.LBB111:
 370              	.LBB110:
  32:Core/Src/radio/../../Inc/radio/support.h **** }
 371              		.loc 2 32 5 view .LVU88
 372 0062 FFF7FEBF 		b	HAL_GPIO_WritePin
 373              	.LVL30:
 374              	.L15:
 375              	.LCFI8:
 376              		.cfi_restore_state
  32:Core/Src/radio/../../Inc/radio/support.h **** }
 377              		.loc 2 32 5 view .LVU89
 378              	.LBE110:
 379              	.LBE111:
  32:Core/Src/radio/nrf24.c **** 		if ((reg != nRF24_CMD_FLUSH_TX) && (reg != nRF24_CMD_FLUSH_RX) && \
ARM GAS  C:\Users\l1234\AppData\Local\Temp\ccFgEZ6h.s 			page 10


 380              		.loc 1 32 3 is_stmt 1 view .LVU90
 381              	.LBB112:
 382              	.LBB113:
  39:Core/Src/radio/../../Inc/radio/support.h ****         Error_Handler();
 383              		.loc 2 39 8 is_stmt 0 view .LVU91
 384 0066 4FF4FA63 		mov	r3, #2000
 385 006a 3A46     		mov	r2, r7
 386 006c 3146     		mov	r1, r6
 387 006e 8DF80E50 		strb	r5, [sp, #14]
 388              	.LVL31:
  39:Core/Src/radio/../../Inc/radio/support.h ****         Error_Handler();
 389              		.loc 2 39 8 view .LVU92
 390              	.LBE113:
 391              	.LBI112:
  36:Core/Src/radio/../../Inc/radio/support.h ****     // Wait until TX buffer is empty
 392              		.loc 2 36 23 is_stmt 1 view .LVU93
 393              	.LBB114:
  38:Core/Src/radio/../../Inc/radio/support.h ****     if(HAL_SPI_TransmitReceive(nrf->hspi,&data,&result,1,2000)!=HAL_OK) {
 394              		.loc 2 38 5 view .LVU94
  39:Core/Src/radio/../../Inc/radio/support.h ****         Error_Handler();
 395              		.loc 2 39 5 view .LVU95
  39:Core/Src/radio/../../Inc/radio/support.h ****         Error_Handler();
 396              		.loc 2 39 8 is_stmt 0 view .LVU96
 397 0072 0093     		str	r3, [sp]
 398 0074 0123     		movs	r3, #1
 399 0076 2068     		ldr	r0, [r4]
 400 0078 FFF7FEFF 		bl	HAL_SPI_TransmitReceive
 401              	.LVL32:
  39:Core/Src/radio/../../Inc/radio/support.h ****         Error_Handler();
 402              		.loc 2 39 7 view .LVU97
 403 007c 50B9     		cbnz	r0, .L45
  41:Core/Src/radio/../../Inc/radio/support.h ****     return result;
 404              		.loc 2 41 6 is_stmt 1 view .LVU98
 405              		.loc 2 42 5 view .LVU99
 406              	.LVL33:
 407              		.loc 2 42 5 is_stmt 0 view .LVU100
 408              	.LBE114:
 409              	.LBE112:
  33:Core/Src/radio/nrf24.c **** 				(reg != nRF24_CMD_REUSE_TX_PL) && (reg != nRF24_CMD_NOP)) {
 410              		.loc 1 33 3 is_stmt 1 view .LVU101
  33:Core/Src/radio/nrf24.c **** 				(reg != nRF24_CMD_REUSE_TX_PL) && (reg != nRF24_CMD_NOP)) {
 411              		.loc 1 33 66 is_stmt 0 view .LVU102
 412 007e 05F11F03 		add	r3, r5, #31
 413 0082 DBB2     		uxtb	r3, r3
  33:Core/Src/radio/nrf24.c **** 				(reg != nRF24_CMD_REUSE_TX_PL) && (reg != nRF24_CMD_NOP)) {
 414              		.loc 1 33 6 view .LVU103
 415 0084 022B     		cmp	r3, #2
 416 0086 E6D9     		bls	.L18
 417              	.L46:
 418 0088 FF2D     		cmp	r5, #255
 419 008a E4D0     		beq	.L18
 420 008c D7E7     		b	.L42
 421              	.LVL34:
 422              	.L44:
 423              	.LBB116:
 424              	.LBB107:
  40:Core/Src/radio/../../Inc/radio/support.h ****     };
ARM GAS  C:\Users\l1234\AppData\Local\Temp\ccFgEZ6h.s 			page 11


 425              		.loc 2 40 9 is_stmt 1 view .LVU104
 426 008e FFF7FEFF 		bl	Error_Handler
 427              	.LVL35:
  41:Core/Src/radio/../../Inc/radio/support.h ****     return result;
 428              		.loc 2 41 6 view .LVU105
 429              		.loc 2 42 5 view .LVU106
 430              		.loc 2 42 5 is_stmt 0 view .LVU107
 431 0092 E0E7     		b	.L18
 432              	.LVL36:
 433              	.L45:
 434              		.loc 2 42 5 view .LVU108
 435              	.LBE107:
 436              	.LBE116:
 437              	.LBB117:
 438              	.LBB115:
  40:Core/Src/radio/../../Inc/radio/support.h ****     };
 439              		.loc 2 40 9 is_stmt 1 view .LVU109
 440 0094 FFF7FEFF 		bl	Error_Handler
 441              	.LVL37:
  41:Core/Src/radio/../../Inc/radio/support.h ****     return result;
 442              		.loc 2 41 6 view .LVU110
 443              		.loc 2 42 5 view .LVU111
 444              		.loc 2 42 5 is_stmt 0 view .LVU112
 445              	.LBE115:
 446              	.LBE117:
  33:Core/Src/radio/nrf24.c **** 				(reg != nRF24_CMD_REUSE_TX_PL) && (reg != nRF24_CMD_NOP)) {
 447              		.loc 1 33 3 is_stmt 1 view .LVU113
  33:Core/Src/radio/nrf24.c **** 				(reg != nRF24_CMD_REUSE_TX_PL) && (reg != nRF24_CMD_NOP)) {
 448              		.loc 1 33 66 is_stmt 0 view .LVU114
 449 0098 05F11F03 		add	r3, r5, #31
 450 009c DBB2     		uxtb	r3, r3
  33:Core/Src/radio/nrf24.c **** 				(reg != nRF24_CMD_REUSE_TX_PL) && (reg != nRF24_CMD_NOP)) {
 451              		.loc 1 33 6 view .LVU115
 452 009e 022B     		cmp	r3, #2
 453 00a0 F2D8     		bhi	.L46
 454 00a2 D8E7     		b	.L18
 455              	.LVL38:
 456              	.L43:
 457              	.LBB118:
 458              	.LBB100:
  40:Core/Src/radio/../../Inc/radio/support.h ****     };
 459              		.loc 2 40 9 is_stmt 1 view .LVU116
 460 00a4 FFF7FEFF 		bl	Error_Handler
 461              	.LVL39:
 462 00a8 C9E7     		b	.L42
 463              	.LBE100:
 464              	.LBE118:
 465              		.cfi_endproc
 466              	.LFE151:
 468 00aa 00BF     		.section	.text.nRF24_Init,"ax",%progbits
 469              		.align	1
 470              		.p2align 2,,3
 471              		.global	nRF24_Init
 472              		.syntax unified
 473              		.thumb
 474              		.thumb_func
 476              	nRF24_Init:
ARM GAS  C:\Users\l1234\AppData\Local\Temp\ccFgEZ6h.s 			page 12


 477              	.LVL40:
 478              	.LFB154:
  41:Core/Src/radio/nrf24.c **** 
  42:Core/Src/radio/nrf24.c **** // Read a multi-byte register
  43:Core/Src/radio/nrf24.c **** // input:
  44:Core/Src/radio/nrf24.c **** //   reg - number of register to read
  45:Core/Src/radio/nrf24.c **** //   pBuf - pointer to the buffer for register data
  46:Core/Src/radio/nrf24.c **** //   count - number of bytes to read
  47:Core/Src/radio/nrf24.c **** static void nRF24_ReadMBReg(const NRF24_TypeDef *nrf, uint8_t reg, uint8_t *pBuf, uint8_t count) {
  48:Core/Src/radio/nrf24.c **** 	nRF24_CSN_L(nrf);
  49:Core/Src/radio/nrf24.c **** 	nRF24_LL_RW(nrf, reg);
  50:Core/Src/radio/nrf24.c **** 	while (count--) {
  51:Core/Src/radio/nrf24.c **** 		*pBuf++ = nRF24_LL_RW(nrf, nRF24_CMD_NOP);
  52:Core/Src/radio/nrf24.c **** 	}
  53:Core/Src/radio/nrf24.c **** 	nRF24_CSN_H(nrf);
  54:Core/Src/radio/nrf24.c **** }
  55:Core/Src/radio/nrf24.c **** 
  56:Core/Src/radio/nrf24.c **** // Write a multi-byte register
  57:Core/Src/radio/nrf24.c **** // input:
  58:Core/Src/radio/nrf24.c **** //   reg - number of register to write
  59:Core/Src/radio/nrf24.c **** //   pBuf - pointer to the buffer with data to write
  60:Core/Src/radio/nrf24.c **** //   count - number of bytes to write
  61:Core/Src/radio/nrf24.c **** static void nRF24_WriteMBReg(const NRF24_TypeDef *nrf, uint8_t reg, uint8_t *pBuf, uint8_t count) {
  62:Core/Src/radio/nrf24.c **** 	nRF24_CSN_L(nrf);
  63:Core/Src/radio/nrf24.c **** 	nRF24_LL_RW(nrf, reg);
  64:Core/Src/radio/nrf24.c **** 	while (count--) {
  65:Core/Src/radio/nrf24.c **** 		nRF24_LL_RW(nrf, *pBuf++);
  66:Core/Src/radio/nrf24.c **** 	}
  67:Core/Src/radio/nrf24.c **** 	nRF24_CSN_H(nrf);
  68:Core/Src/radio/nrf24.c **** }
  69:Core/Src/radio/nrf24.c **** 
  70:Core/Src/radio/nrf24.c **** // Set transceiver to it's initial state
  71:Core/Src/radio/nrf24.c **** // note: RX/TX pipe addresses remains untouched
  72:Core/Src/radio/nrf24.c **** void nRF24_Init(const NRF24_TypeDef *nrf) {
 479              		.loc 1 72 43 view -0
 480              		.cfi_startproc
 481              		@ args = 0, pretend = 0, frame = 8
 482              		@ frame_needed = 0, uses_anonymous_args = 0
  73:Core/Src/radio/nrf24.c **** 	// Write to registers their initial values
  74:Core/Src/radio/nrf24.c **** 	nRF24_WriteReg(nrf, nRF24_REG_CONFIG, 0x0A);
 483              		.loc 1 74 2 view .LVU118
  72:Core/Src/radio/nrf24.c **** 	// Write to registers their initial values
 484              		.loc 1 72 43 is_stmt 0 view .LVU119
 485 0000 30B5     		push	{r4, r5, lr}
 486              	.LCFI9:
 487              		.cfi_def_cfa_offset 12
 488              		.cfi_offset 4, -12
 489              		.cfi_offset 5, -8
 490              		.cfi_offset 14, -4
 491              	.LBB403:
 492              	.LBB404:
 493              	.LBB405:
 494              	.LBB406:
  28:Core/Src/radio/../../Inc/radio/support.h **** }
 495              		.loc 2 28 5 view .LVU120
 496 0002 018A     		ldrh	r1, [r0, #16]
 497              	.LBE406:
ARM GAS  C:\Users\l1234\AppData\Local\Temp\ccFgEZ6h.s 			page 13


 498              	.LBE405:
 499              	.LBE404:
 500              	.LBE403:
  72:Core/Src/radio/nrf24.c **** 	// Write to registers their initial values
 501              		.loc 1 72 43 view .LVU121
 502 0004 85B0     		sub	sp, sp, #20
 503              	.LCFI10:
 504              		.cfi_def_cfa_offset 32
 505              	.LBB427:
 506              	.LBB423:
 507              	.LBB409:
 508              	.LBB407:
  28:Core/Src/radio/../../Inc/radio/support.h **** }
 509              		.loc 2 28 5 view .LVU122
 510 0006 0022     		movs	r2, #0
 511              	.LBE407:
 512              	.LBE409:
 513              	.LBE423:
 514              	.LBE427:
  72:Core/Src/radio/nrf24.c **** 	// Write to registers their initial values
 515              		.loc 1 72 43 view .LVU123
 516 0008 0446     		mov	r4, r0
 517              	.LVL41:
 518              	.LBB428:
 519              	.LBI403:
  24:Core/Src/radio/nrf24.c **** 	nRF24_CSN_L(nrf);
 520              		.loc 1 24 6 is_stmt 1 view .LVU124
 521              	.LBB424:
  25:Core/Src/radio/nrf24.c **** 	if (reg < nRF24_CMD_W_REGISTER) {
 522              		.loc 1 25 2 view .LVU125
 523              	.LBB410:
 524              	.LBI405:
  27:Core/Src/radio/../../Inc/radio/support.h ****     HAL_GPIO_WritePin(nrf->csPort, nrf->csPin, GPIO_PIN_RESET);
 525              		.loc 2 27 20 view .LVU126
 526              	.LBB408:
  28:Core/Src/radio/../../Inc/radio/support.h **** }
 527              		.loc 2 28 5 view .LVU127
 528 000a C068     		ldr	r0, [r0, #12]
 529              	.LVL42:
  28:Core/Src/radio/../../Inc/radio/support.h **** }
 530              		.loc 2 28 5 is_stmt 0 view .LVU128
 531 000c FFF7FEFF 		bl	HAL_GPIO_WritePin
 532              	.LVL43:
  28:Core/Src/radio/../../Inc/radio/support.h **** }
 533              		.loc 2 28 5 view .LVU129
 534              	.LBE408:
 535              	.LBE410:
  26:Core/Src/radio/nrf24.c **** 		// This is a register access
 536              		.loc 1 26 2 is_stmt 1 view .LVU130
  28:Core/Src/radio/nrf24.c **** 		nRF24_LL_RW(nrf, value);
 537              		.loc 1 28 3 view .LVU131
 538              	.LBB411:
 539              	.LBB412:
  39:Core/Src/radio/../../Inc/radio/support.h ****         Error_Handler();
 540              		.loc 2 39 8 is_stmt 0 view .LVU132
 541 0010 4FF4FA63 		mov	r3, #2000
 542 0014 2022     		movs	r2, #32
ARM GAS  C:\Users\l1234\AppData\Local\Temp\ccFgEZ6h.s 			page 14


 543 0016 0DF10E01 		add	r1, sp, #14
 544 001a 0093     		str	r3, [sp]
 545 001c 0123     		movs	r3, #1
 546 001e 8DF80E20 		strb	r2, [sp, #14]
 547              	.LVL44:
  39:Core/Src/radio/../../Inc/radio/support.h ****         Error_Handler();
 548              		.loc 2 39 8 view .LVU133
 549              	.LBE412:
 550              	.LBI411:
  36:Core/Src/radio/../../Inc/radio/support.h ****     // Wait until TX buffer is empty
 551              		.loc 2 36 23 is_stmt 1 view .LVU134
 552              	.LBB413:
  38:Core/Src/radio/../../Inc/radio/support.h ****     if(HAL_SPI_TransmitReceive(nrf->hspi,&data,&result,1,2000)!=HAL_OK) {
 553              		.loc 2 38 5 view .LVU135
  39:Core/Src/radio/../../Inc/radio/support.h ****         Error_Handler();
 554              		.loc 2 39 5 view .LVU136
  39:Core/Src/radio/../../Inc/radio/support.h ****         Error_Handler();
 555              		.loc 2 39 8 is_stmt 0 view .LVU137
 556 0022 0DF10F02 		add	r2, sp, #15
 557              	.LVL45:
  39:Core/Src/radio/../../Inc/radio/support.h ****         Error_Handler();
 558              		.loc 2 39 8 view .LVU138
 559 0026 2068     		ldr	r0, [r4]
 560 0028 FFF7FEFF 		bl	HAL_SPI_TransmitReceive
 561              	.LVL46:
  39:Core/Src/radio/../../Inc/radio/support.h ****         Error_Handler();
 562              		.loc 2 39 7 view .LVU139
 563 002c 0028     		cmp	r0, #0
 564 002e 40F03C83 		bne	.L201
 565              	.L48:
  41:Core/Src/radio/../../Inc/radio/support.h ****     return result;
 566              		.loc 2 41 6 is_stmt 1 view .LVU140
 567              		.loc 2 42 5 view .LVU141
 568              	.LVL47:
 569              		.loc 2 42 5 is_stmt 0 view .LVU142
 570              	.LBE413:
 571              	.LBE411:
  29:Core/Src/radio/nrf24.c **** 	} else {
 572              		.loc 1 29 3 is_stmt 1 view .LVU143
 573              	.LBB415:
 574              	.LBB416:
  39:Core/Src/radio/../../Inc/radio/support.h ****         Error_Handler();
 575              		.loc 2 39 8 is_stmt 0 view .LVU144
 576 0032 4FF4FA63 		mov	r3, #2000
 577 0036 0A22     		movs	r2, #10
 578 0038 0DF10E01 		add	r1, sp, #14
 579 003c 0093     		str	r3, [sp]
 580 003e 0123     		movs	r3, #1
 581 0040 8DF80E20 		strb	r2, [sp, #14]
 582              	.LVL48:
  39:Core/Src/radio/../../Inc/radio/support.h ****         Error_Handler();
 583              		.loc 2 39 8 view .LVU145
 584              	.LBE416:
 585              	.LBI415:
  36:Core/Src/radio/../../Inc/radio/support.h ****     // Wait until TX buffer is empty
 586              		.loc 2 36 23 is_stmt 1 view .LVU146
 587              	.LBB417:
ARM GAS  C:\Users\l1234\AppData\Local\Temp\ccFgEZ6h.s 			page 15


  38:Core/Src/radio/../../Inc/radio/support.h ****     if(HAL_SPI_TransmitReceive(nrf->hspi,&data,&result,1,2000)!=HAL_OK) {
 588              		.loc 2 38 5 view .LVU147
  39:Core/Src/radio/../../Inc/radio/support.h ****         Error_Handler();
 589              		.loc 2 39 5 view .LVU148
  39:Core/Src/radio/../../Inc/radio/support.h ****         Error_Handler();
 590              		.loc 2 39 8 is_stmt 0 view .LVU149
 591 0044 0DF10F02 		add	r2, sp, #15
 592              	.LVL49:
  39:Core/Src/radio/../../Inc/radio/support.h ****         Error_Handler();
 593              		.loc 2 39 8 view .LVU150
 594 0048 2068     		ldr	r0, [r4]
 595 004a FFF7FEFF 		bl	HAL_SPI_TransmitReceive
 596              	.LVL50:
  39:Core/Src/radio/../../Inc/radio/support.h ****         Error_Handler();
 597              		.loc 2 39 7 view .LVU151
 598 004e 0028     		cmp	r0, #0
 599 0050 40F09A83 		bne	.L202
 600              	.L49:
  41:Core/Src/radio/../../Inc/radio/support.h ****     return result;
 601              		.loc 2 41 6 is_stmt 1 view .LVU152
 602              		.loc 2 42 5 view .LVU153
 603              	.LVL51:
 604              		.loc 2 42 5 is_stmt 0 view .LVU154
 605              	.LBE417:
 606              	.LBE415:
  39:Core/Src/radio/nrf24.c **** }
 607              		.loc 1 39 2 is_stmt 1 view .LVU155
 608              	.LBB419:
 609              	.LBI419:
  31:Core/Src/radio/../../Inc/radio/support.h ****     HAL_GPIO_WritePin(nrf->csPort, nrf->csPin, GPIO_PIN_SET);
 610              		.loc 2 31 20 view .LVU156
 611              	.LBB420:
  32:Core/Src/radio/../../Inc/radio/support.h **** }
 612              		.loc 2 32 5 view .LVU157
 613 0054 0122     		movs	r2, #1
 614 0056 218A     		ldrh	r1, [r4, #16]
 615 0058 E068     		ldr	r0, [r4, #12]
 616 005a FFF7FEFF 		bl	HAL_GPIO_WritePin
 617              	.LVL52:
  32:Core/Src/radio/../../Inc/radio/support.h **** }
 618              		.loc 2 32 5 is_stmt 0 view .LVU158
 619              	.LBE420:
 620              	.LBE419:
 621              	.LBE424:
 622              	.LBE428:
  75:Core/Src/radio/nrf24.c **** 	nRF24_WriteReg(nrf, nRF24_REG_EN_AA, 0x3F);
 623              		.loc 1 75 2 is_stmt 1 view .LVU159
 624              	.LBB429:
 625              	.LBI429:
  24:Core/Src/radio/nrf24.c **** 	nRF24_CSN_L(nrf);
 626              		.loc 1 24 6 view .LVU160
 627              	.LBB430:
  25:Core/Src/radio/nrf24.c **** 	if (reg < nRF24_CMD_W_REGISTER) {
 628              		.loc 1 25 2 view .LVU161
 629              	.LBB431:
 630              	.LBI431:
  27:Core/Src/radio/../../Inc/radio/support.h ****     HAL_GPIO_WritePin(nrf->csPort, nrf->csPin, GPIO_PIN_RESET);
ARM GAS  C:\Users\l1234\AppData\Local\Temp\ccFgEZ6h.s 			page 16


 631              		.loc 2 27 20 view .LVU162
 632              	.LBB432:
  28:Core/Src/radio/../../Inc/radio/support.h **** }
 633              		.loc 2 28 5 view .LVU163
 634 005e 0022     		movs	r2, #0
 635 0060 218A     		ldrh	r1, [r4, #16]
 636 0062 E068     		ldr	r0, [r4, #12]
 637 0064 FFF7FEFF 		bl	HAL_GPIO_WritePin
 638              	.LVL53:
  28:Core/Src/radio/../../Inc/radio/support.h **** }
 639              		.loc 2 28 5 is_stmt 0 view .LVU164
 640              	.LBE432:
 641              	.LBE431:
  26:Core/Src/radio/nrf24.c **** 		// This is a register access
 642              		.loc 1 26 2 is_stmt 1 view .LVU165
  28:Core/Src/radio/nrf24.c **** 		nRF24_LL_RW(nrf, value);
 643              		.loc 1 28 3 view .LVU166
 644              	.LBB433:
 645              	.LBB434:
  39:Core/Src/radio/../../Inc/radio/support.h ****         Error_Handler();
 646              		.loc 2 39 8 is_stmt 0 view .LVU167
 647 0068 4FF4FA63 		mov	r3, #2000
 648 006c 2122     		movs	r2, #33
 649 006e 0DF10E01 		add	r1, sp, #14
 650 0072 0093     		str	r3, [sp]
 651 0074 0123     		movs	r3, #1
 652 0076 8DF80E20 		strb	r2, [sp, #14]
 653              	.LVL54:
  39:Core/Src/radio/../../Inc/radio/support.h ****         Error_Handler();
 654              		.loc 2 39 8 view .LVU168
 655              	.LBE434:
 656              	.LBI433:
  36:Core/Src/radio/../../Inc/radio/support.h ****     // Wait until TX buffer is empty
 657              		.loc 2 36 23 is_stmt 1 view .LVU169
 658              	.LBB435:
  38:Core/Src/radio/../../Inc/radio/support.h ****     if(HAL_SPI_TransmitReceive(nrf->hspi,&data,&result,1,2000)!=HAL_OK) {
 659              		.loc 2 38 5 view .LVU170
  39:Core/Src/radio/../../Inc/radio/support.h ****         Error_Handler();
 660              		.loc 2 39 5 view .LVU171
  39:Core/Src/radio/../../Inc/radio/support.h ****         Error_Handler();
 661              		.loc 2 39 8 is_stmt 0 view .LVU172
 662 007a 0DF10F02 		add	r2, sp, #15
 663              	.LVL55:
  39:Core/Src/radio/../../Inc/radio/support.h ****         Error_Handler();
 664              		.loc 2 39 8 view .LVU173
 665 007e 2068     		ldr	r0, [r4]
 666 0080 FFF7FEFF 		bl	HAL_SPI_TransmitReceive
 667              	.LVL56:
  39:Core/Src/radio/../../Inc/radio/support.h ****         Error_Handler();
 668              		.loc 2 39 7 view .LVU174
 669 0084 0028     		cmp	r0, #0
 670 0086 40F07C83 		bne	.L203
 671              	.L50:
  41:Core/Src/radio/../../Inc/radio/support.h ****     return result;
 672              		.loc 2 41 6 is_stmt 1 view .LVU175
 673              		.loc 2 42 5 view .LVU176
 674              	.LVL57:
ARM GAS  C:\Users\l1234\AppData\Local\Temp\ccFgEZ6h.s 			page 17


 675              		.loc 2 42 5 is_stmt 0 view .LVU177
 676              	.LBE435:
 677              	.LBE433:
  29:Core/Src/radio/nrf24.c **** 	} else {
 678              		.loc 1 29 3 is_stmt 1 view .LVU178
 679              	.LBB437:
 680              	.LBB438:
  39:Core/Src/radio/../../Inc/radio/support.h ****         Error_Handler();
 681              		.loc 2 39 8 is_stmt 0 view .LVU179
 682 008a 4FF4FA63 		mov	r3, #2000
 683 008e 3F22     		movs	r2, #63
 684 0090 0DF10E01 		add	r1, sp, #14
 685 0094 0093     		str	r3, [sp]
 686 0096 0123     		movs	r3, #1
 687 0098 8DF80E20 		strb	r2, [sp, #14]
 688              	.LVL58:
  39:Core/Src/radio/../../Inc/radio/support.h ****         Error_Handler();
 689              		.loc 2 39 8 view .LVU180
 690              	.LBE438:
 691              	.LBI437:
  36:Core/Src/radio/../../Inc/radio/support.h ****     // Wait until TX buffer is empty
 692              		.loc 2 36 23 is_stmt 1 view .LVU181
 693              	.LBB439:
  38:Core/Src/radio/../../Inc/radio/support.h ****     if(HAL_SPI_TransmitReceive(nrf->hspi,&data,&result,1,2000)!=HAL_OK) {
 694              		.loc 2 38 5 view .LVU182
  39:Core/Src/radio/../../Inc/radio/support.h ****         Error_Handler();
 695              		.loc 2 39 5 view .LVU183
  39:Core/Src/radio/../../Inc/radio/support.h ****         Error_Handler();
 696              		.loc 2 39 8 is_stmt 0 view .LVU184
 697 009c 0DF10F02 		add	r2, sp, #15
 698              	.LVL59:
  39:Core/Src/radio/../../Inc/radio/support.h ****         Error_Handler();
 699              		.loc 2 39 8 view .LVU185
 700 00a0 2068     		ldr	r0, [r4]
 701 00a2 FFF7FEFF 		bl	HAL_SPI_TransmitReceive
 702              	.LVL60:
  39:Core/Src/radio/../../Inc/radio/support.h ****         Error_Handler();
 703              		.loc 2 39 7 view .LVU186
 704 00a6 0028     		cmp	r0, #0
 705 00a8 40F06883 		bne	.L204
 706              	.L51:
  41:Core/Src/radio/../../Inc/radio/support.h ****     return result;
 707              		.loc 2 41 6 is_stmt 1 view .LVU187
 708              		.loc 2 42 5 view .LVU188
 709              	.LVL61:
 710              		.loc 2 42 5 is_stmt 0 view .LVU189
 711              	.LBE439:
 712              	.LBE437:
  39:Core/Src/radio/nrf24.c **** }
 713              		.loc 1 39 2 is_stmt 1 view .LVU190
 714              	.LBB441:
 715              	.LBI441:
  31:Core/Src/radio/../../Inc/radio/support.h ****     HAL_GPIO_WritePin(nrf->csPort, nrf->csPin, GPIO_PIN_SET);
 716              		.loc 2 31 20 view .LVU191
 717              	.LBB442:
  32:Core/Src/radio/../../Inc/radio/support.h **** }
 718              		.loc 2 32 5 view .LVU192
ARM GAS  C:\Users\l1234\AppData\Local\Temp\ccFgEZ6h.s 			page 18


 719 00ac 0122     		movs	r2, #1
 720 00ae 218A     		ldrh	r1, [r4, #16]
 721 00b0 E068     		ldr	r0, [r4, #12]
 722 00b2 FFF7FEFF 		bl	HAL_GPIO_WritePin
 723              	.LVL62:
  32:Core/Src/radio/../../Inc/radio/support.h **** }
 724              		.loc 2 32 5 is_stmt 0 view .LVU193
 725              	.LBE442:
 726              	.LBE441:
 727              	.LBE430:
 728              	.LBE429:
  76:Core/Src/radio/nrf24.c **** 	nRF24_WriteReg(nrf, nRF24_REG_EN_RXADDR, 0x03);
 729              		.loc 1 76 2 is_stmt 1 view .LVU194
 730              	.LBB446:
 731              	.LBI446:
  24:Core/Src/radio/nrf24.c **** 	nRF24_CSN_L(nrf);
 732              		.loc 1 24 6 view .LVU195
 733              	.LBB447:
  25:Core/Src/radio/nrf24.c **** 	if (reg < nRF24_CMD_W_REGISTER) {
 734              		.loc 1 25 2 view .LVU196
 735              	.LBB448:
 736              	.LBI448:
  27:Core/Src/radio/../../Inc/radio/support.h ****     HAL_GPIO_WritePin(nrf->csPort, nrf->csPin, GPIO_PIN_RESET);
 737              		.loc 2 27 20 view .LVU197
 738              	.LBB449:
  28:Core/Src/radio/../../Inc/radio/support.h **** }
 739              		.loc 2 28 5 view .LVU198
 740 00b6 0022     		movs	r2, #0
 741 00b8 218A     		ldrh	r1, [r4, #16]
 742 00ba E068     		ldr	r0, [r4, #12]
 743 00bc FFF7FEFF 		bl	HAL_GPIO_WritePin
 744              	.LVL63:
  28:Core/Src/radio/../../Inc/radio/support.h **** }
 745              		.loc 2 28 5 is_stmt 0 view .LVU199
 746              	.LBE449:
 747              	.LBE448:
  26:Core/Src/radio/nrf24.c **** 		// This is a register access
 748              		.loc 1 26 2 is_stmt 1 view .LVU200
  28:Core/Src/radio/nrf24.c **** 		nRF24_LL_RW(nrf, value);
 749              		.loc 1 28 3 view .LVU201
 750              	.LBB450:
 751              	.LBB451:
  39:Core/Src/radio/../../Inc/radio/support.h ****         Error_Handler();
 752              		.loc 2 39 8 is_stmt 0 view .LVU202
 753 00c0 4FF4FA63 		mov	r3, #2000
 754 00c4 2222     		movs	r2, #34
 755 00c6 0DF10E01 		add	r1, sp, #14
 756 00ca 0093     		str	r3, [sp]
 757 00cc 0123     		movs	r3, #1
 758 00ce 8DF80E20 		strb	r2, [sp, #14]
 759              	.LVL64:
  39:Core/Src/radio/../../Inc/radio/support.h ****         Error_Handler();
 760              		.loc 2 39 8 view .LVU203
 761              	.LBE451:
 762              	.LBI450:
  36:Core/Src/radio/../../Inc/radio/support.h ****     // Wait until TX buffer is empty
 763              		.loc 2 36 23 is_stmt 1 view .LVU204
ARM GAS  C:\Users\l1234\AppData\Local\Temp\ccFgEZ6h.s 			page 19


 764              	.LBB452:
  38:Core/Src/radio/../../Inc/radio/support.h ****     if(HAL_SPI_TransmitReceive(nrf->hspi,&data,&result,1,2000)!=HAL_OK) {
 765              		.loc 2 38 5 view .LVU205
  39:Core/Src/radio/../../Inc/radio/support.h ****         Error_Handler();
 766              		.loc 2 39 5 view .LVU206
  39:Core/Src/radio/../../Inc/radio/support.h ****         Error_Handler();
 767              		.loc 2 39 8 is_stmt 0 view .LVU207
 768 00d2 0DF10F02 		add	r2, sp, #15
 769              	.LVL65:
  39:Core/Src/radio/../../Inc/radio/support.h ****         Error_Handler();
 770              		.loc 2 39 8 view .LVU208
 771 00d6 2068     		ldr	r0, [r4]
 772 00d8 FFF7FEFF 		bl	HAL_SPI_TransmitReceive
 773              	.LVL66:
  39:Core/Src/radio/../../Inc/radio/support.h ****         Error_Handler();
 774              		.loc 2 39 7 view .LVU209
 775 00dc 0028     		cmp	r0, #0
 776 00de 40F04A83 		bne	.L205
 777              	.L52:
  41:Core/Src/radio/../../Inc/radio/support.h ****     return result;
 778              		.loc 2 41 6 is_stmt 1 view .LVU210
 779              		.loc 2 42 5 view .LVU211
 780              	.LVL67:
 781              		.loc 2 42 5 is_stmt 0 view .LVU212
 782              	.LBE452:
 783              	.LBE450:
  29:Core/Src/radio/nrf24.c **** 	} else {
 784              		.loc 1 29 3 is_stmt 1 view .LVU213
 785              	.LBB454:
 786              	.LBB455:
  39:Core/Src/radio/../../Inc/radio/support.h ****         Error_Handler();
 787              		.loc 2 39 8 is_stmt 0 view .LVU214
 788 00e2 4FF4FA63 		mov	r3, #2000
 789 00e6 0322     		movs	r2, #3
 790 00e8 0DF10E01 		add	r1, sp, #14
 791 00ec 0093     		str	r3, [sp]
 792 00ee 0123     		movs	r3, #1
 793 00f0 8DF80E20 		strb	r2, [sp, #14]
 794              	.LVL68:
  39:Core/Src/radio/../../Inc/radio/support.h ****         Error_Handler();
 795              		.loc 2 39 8 view .LVU215
 796              	.LBE455:
 797              	.LBI454:
  36:Core/Src/radio/../../Inc/radio/support.h ****     // Wait until TX buffer is empty
 798              		.loc 2 36 23 is_stmt 1 view .LVU216
 799              	.LBB456:
  38:Core/Src/radio/../../Inc/radio/support.h ****     if(HAL_SPI_TransmitReceive(nrf->hspi,&data,&result,1,2000)!=HAL_OK) {
 800              		.loc 2 38 5 view .LVU217
  39:Core/Src/radio/../../Inc/radio/support.h ****         Error_Handler();
 801              		.loc 2 39 5 view .LVU218
  39:Core/Src/radio/../../Inc/radio/support.h ****         Error_Handler();
 802              		.loc 2 39 8 is_stmt 0 view .LVU219
 803 00f4 0DF10F02 		add	r2, sp, #15
 804              	.LVL69:
  39:Core/Src/radio/../../Inc/radio/support.h ****         Error_Handler();
 805              		.loc 2 39 8 view .LVU220
 806 00f8 2068     		ldr	r0, [r4]
ARM GAS  C:\Users\l1234\AppData\Local\Temp\ccFgEZ6h.s 			page 20


 807 00fa FFF7FEFF 		bl	HAL_SPI_TransmitReceive
 808              	.LVL70:
  39:Core/Src/radio/../../Inc/radio/support.h ****         Error_Handler();
 809              		.loc 2 39 7 view .LVU221
 810 00fe 0028     		cmp	r0, #0
 811 0100 40F03683 		bne	.L206
 812              	.L53:
  41:Core/Src/radio/../../Inc/radio/support.h ****     return result;
 813              		.loc 2 41 6 is_stmt 1 view .LVU222
 814              		.loc 2 42 5 view .LVU223
 815              	.LVL71:
 816              		.loc 2 42 5 is_stmt 0 view .LVU224
 817              	.LBE456:
 818              	.LBE454:
  39:Core/Src/radio/nrf24.c **** }
 819              		.loc 1 39 2 is_stmt 1 view .LVU225
 820              	.LBB458:
 821              	.LBI458:
  31:Core/Src/radio/../../Inc/radio/support.h ****     HAL_GPIO_WritePin(nrf->csPort, nrf->csPin, GPIO_PIN_SET);
 822              		.loc 2 31 20 view .LVU226
 823              	.LBB459:
  32:Core/Src/radio/../../Inc/radio/support.h **** }
 824              		.loc 2 32 5 view .LVU227
 825 0104 0122     		movs	r2, #1
 826 0106 218A     		ldrh	r1, [r4, #16]
 827 0108 E068     		ldr	r0, [r4, #12]
 828 010a FFF7FEFF 		bl	HAL_GPIO_WritePin
 829              	.LVL72:
  32:Core/Src/radio/../../Inc/radio/support.h **** }
 830              		.loc 2 32 5 is_stmt 0 view .LVU228
 831              	.LBE459:
 832              	.LBE458:
 833              	.LBE447:
 834              	.LBE446:
  77:Core/Src/radio/nrf24.c **** 	nRF24_WriteReg(nrf, nRF24_REG_SETUP_AW, 0x03);
 835              		.loc 1 77 2 is_stmt 1 view .LVU229
 836              	.LBB463:
 837              	.LBI463:
  24:Core/Src/radio/nrf24.c **** 	nRF24_CSN_L(nrf);
 838              		.loc 1 24 6 view .LVU230
 839              	.LBB464:
  25:Core/Src/radio/nrf24.c **** 	if (reg < nRF24_CMD_W_REGISTER) {
 840              		.loc 1 25 2 view .LVU231
 841              	.LBB465:
 842              	.LBI465:
  27:Core/Src/radio/../../Inc/radio/support.h ****     HAL_GPIO_WritePin(nrf->csPort, nrf->csPin, GPIO_PIN_RESET);
 843              		.loc 2 27 20 view .LVU232
 844              	.LBB466:
  28:Core/Src/radio/../../Inc/radio/support.h **** }
 845              		.loc 2 28 5 view .LVU233
 846 010e 0022     		movs	r2, #0
 847 0110 218A     		ldrh	r1, [r4, #16]
 848 0112 E068     		ldr	r0, [r4, #12]
 849 0114 FFF7FEFF 		bl	HAL_GPIO_WritePin
 850              	.LVL73:
  28:Core/Src/radio/../../Inc/radio/support.h **** }
 851              		.loc 2 28 5 is_stmt 0 view .LVU234
ARM GAS  C:\Users\l1234\AppData\Local\Temp\ccFgEZ6h.s 			page 21


 852              	.LBE466:
 853              	.LBE465:
  26:Core/Src/radio/nrf24.c **** 		// This is a register access
 854              		.loc 1 26 2 is_stmt 1 view .LVU235
  28:Core/Src/radio/nrf24.c **** 		nRF24_LL_RW(nrf, value);
 855              		.loc 1 28 3 view .LVU236
 856              	.LBB467:
 857              	.LBB468:
  39:Core/Src/radio/../../Inc/radio/support.h ****         Error_Handler();
 858              		.loc 2 39 8 is_stmt 0 view .LVU237
 859 0118 4FF4FA63 		mov	r3, #2000
 860 011c 2322     		movs	r2, #35
 861 011e 0DF10E01 		add	r1, sp, #14
 862 0122 0093     		str	r3, [sp]
 863 0124 0123     		movs	r3, #1
 864 0126 8DF80E20 		strb	r2, [sp, #14]
 865              	.LVL74:
  39:Core/Src/radio/../../Inc/radio/support.h ****         Error_Handler();
 866              		.loc 2 39 8 view .LVU238
 867              	.LBE468:
 868              	.LBI467:
  36:Core/Src/radio/../../Inc/radio/support.h ****     // Wait until TX buffer is empty
 869              		.loc 2 36 23 is_stmt 1 view .LVU239
 870              	.LBB469:
  38:Core/Src/radio/../../Inc/radio/support.h ****     if(HAL_SPI_TransmitReceive(nrf->hspi,&data,&result,1,2000)!=HAL_OK) {
 871              		.loc 2 38 5 view .LVU240
  39:Core/Src/radio/../../Inc/radio/support.h ****         Error_Handler();
 872              		.loc 2 39 5 view .LVU241
  39:Core/Src/radio/../../Inc/radio/support.h ****         Error_Handler();
 873              		.loc 2 39 8 is_stmt 0 view .LVU242
 874 012a 0DF10F02 		add	r2, sp, #15
 875              	.LVL75:
  39:Core/Src/radio/../../Inc/radio/support.h ****         Error_Handler();
 876              		.loc 2 39 8 view .LVU243
 877 012e 2068     		ldr	r0, [r4]
 878 0130 FFF7FEFF 		bl	HAL_SPI_TransmitReceive
 879              	.LVL76:
  39:Core/Src/radio/../../Inc/radio/support.h ****         Error_Handler();
 880              		.loc 2 39 7 view .LVU244
 881 0134 0028     		cmp	r0, #0
 882 0136 40F01883 		bne	.L207
 883              	.L54:
  41:Core/Src/radio/../../Inc/radio/support.h ****     return result;
 884              		.loc 2 41 6 is_stmt 1 view .LVU245
 885              		.loc 2 42 5 view .LVU246
 886              	.LVL77:
 887              		.loc 2 42 5 is_stmt 0 view .LVU247
 888              	.LBE469:
 889              	.LBE467:
  29:Core/Src/radio/nrf24.c **** 	} else {
 890              		.loc 1 29 3 is_stmt 1 view .LVU248
 891              	.LBB471:
 892              	.LBB472:
  39:Core/Src/radio/../../Inc/radio/support.h ****         Error_Handler();
 893              		.loc 2 39 8 is_stmt 0 view .LVU249
 894 013a 4FF4FA63 		mov	r3, #2000
 895 013e 0322     		movs	r2, #3
ARM GAS  C:\Users\l1234\AppData\Local\Temp\ccFgEZ6h.s 			page 22


 896 0140 0DF10E01 		add	r1, sp, #14
 897 0144 0093     		str	r3, [sp]
 898 0146 0123     		movs	r3, #1
 899 0148 8DF80E20 		strb	r2, [sp, #14]
 900              	.LVL78:
  39:Core/Src/radio/../../Inc/radio/support.h ****         Error_Handler();
 901              		.loc 2 39 8 view .LVU250
 902              	.LBE472:
 903              	.LBI471:
  36:Core/Src/radio/../../Inc/radio/support.h ****     // Wait until TX buffer is empty
 904              		.loc 2 36 23 is_stmt 1 view .LVU251
 905              	.LBB473:
  38:Core/Src/radio/../../Inc/radio/support.h ****     if(HAL_SPI_TransmitReceive(nrf->hspi,&data,&result,1,2000)!=HAL_OK) {
 906              		.loc 2 38 5 view .LVU252
  39:Core/Src/radio/../../Inc/radio/support.h ****         Error_Handler();
 907              		.loc 2 39 5 view .LVU253
  39:Core/Src/radio/../../Inc/radio/support.h ****         Error_Handler();
 908              		.loc 2 39 8 is_stmt 0 view .LVU254
 909 014c 0DF10F02 		add	r2, sp, #15
 910              	.LVL79:
  39:Core/Src/radio/../../Inc/radio/support.h ****         Error_Handler();
 911              		.loc 2 39 8 view .LVU255
 912 0150 2068     		ldr	r0, [r4]
 913 0152 FFF7FEFF 		bl	HAL_SPI_TransmitReceive
 914              	.LVL80:
  39:Core/Src/radio/../../Inc/radio/support.h ****         Error_Handler();
 915              		.loc 2 39 7 view .LVU256
 916 0156 0028     		cmp	r0, #0
 917 0158 40F00483 		bne	.L208
 918              	.L55:
  41:Core/Src/radio/../../Inc/radio/support.h ****     return result;
 919              		.loc 2 41 6 is_stmt 1 view .LVU257
 920              		.loc 2 42 5 view .LVU258
 921              	.LVL81:
 922              		.loc 2 42 5 is_stmt 0 view .LVU259
 923              	.LBE473:
 924              	.LBE471:
  39:Core/Src/radio/nrf24.c **** }
 925              		.loc 1 39 2 is_stmt 1 view .LVU260
 926              	.LBB475:
 927              	.LBI475:
  31:Core/Src/radio/../../Inc/radio/support.h ****     HAL_GPIO_WritePin(nrf->csPort, nrf->csPin, GPIO_PIN_SET);
 928              		.loc 2 31 20 view .LVU261
 929              	.LBB476:
  32:Core/Src/radio/../../Inc/radio/support.h **** }
 930              		.loc 2 32 5 view .LVU262
 931 015c 0122     		movs	r2, #1
 932 015e 218A     		ldrh	r1, [r4, #16]
 933 0160 E068     		ldr	r0, [r4, #12]
 934 0162 FFF7FEFF 		bl	HAL_GPIO_WritePin
 935              	.LVL82:
  32:Core/Src/radio/../../Inc/radio/support.h **** }
 936              		.loc 2 32 5 is_stmt 0 view .LVU263
 937              	.LBE476:
 938              	.LBE475:
 939              	.LBE464:
 940              	.LBE463:
ARM GAS  C:\Users\l1234\AppData\Local\Temp\ccFgEZ6h.s 			page 23


  78:Core/Src/radio/nrf24.c **** 	nRF24_WriteReg(nrf, nRF24_REG_SETUP_RETR, 0x03);
 941              		.loc 1 78 2 is_stmt 1 view .LVU264
 942              	.LBB480:
 943              	.LBI480:
  24:Core/Src/radio/nrf24.c **** 	nRF24_CSN_L(nrf);
 944              		.loc 1 24 6 view .LVU265
 945              	.LBB481:
  25:Core/Src/radio/nrf24.c **** 	if (reg < nRF24_CMD_W_REGISTER) {
 946              		.loc 1 25 2 view .LVU266
 947              	.LBB482:
 948              	.LBI482:
  27:Core/Src/radio/../../Inc/radio/support.h ****     HAL_GPIO_WritePin(nrf->csPort, nrf->csPin, GPIO_PIN_RESET);
 949              		.loc 2 27 20 view .LVU267
 950              	.LBB483:
  28:Core/Src/radio/../../Inc/radio/support.h **** }
 951              		.loc 2 28 5 view .LVU268
 952 0166 0022     		movs	r2, #0
 953 0168 218A     		ldrh	r1, [r4, #16]
 954 016a E068     		ldr	r0, [r4, #12]
 955 016c FFF7FEFF 		bl	HAL_GPIO_WritePin
 956              	.LVL83:
  28:Core/Src/radio/../../Inc/radio/support.h **** }
 957              		.loc 2 28 5 is_stmt 0 view .LVU269
 958              	.LBE483:
 959              	.LBE482:
  26:Core/Src/radio/nrf24.c **** 		// This is a register access
 960              		.loc 1 26 2 is_stmt 1 view .LVU270
  28:Core/Src/radio/nrf24.c **** 		nRF24_LL_RW(nrf, value);
 961              		.loc 1 28 3 view .LVU271
 962              	.LBB484:
 963              	.LBB485:
  39:Core/Src/radio/../../Inc/radio/support.h ****         Error_Handler();
 964              		.loc 2 39 8 is_stmt 0 view .LVU272
 965 0170 4FF4FA63 		mov	r3, #2000
 966 0174 2422     		movs	r2, #36
 967 0176 0DF10E01 		add	r1, sp, #14
 968 017a 0093     		str	r3, [sp]
 969 017c 0123     		movs	r3, #1
 970 017e 8DF80E20 		strb	r2, [sp, #14]
 971              	.LVL84:
  39:Core/Src/radio/../../Inc/radio/support.h ****         Error_Handler();
 972              		.loc 2 39 8 view .LVU273
 973              	.LBE485:
 974              	.LBI484:
  36:Core/Src/radio/../../Inc/radio/support.h ****     // Wait until TX buffer is empty
 975              		.loc 2 36 23 is_stmt 1 view .LVU274
 976              	.LBB486:
  38:Core/Src/radio/../../Inc/radio/support.h ****     if(HAL_SPI_TransmitReceive(nrf->hspi,&data,&result,1,2000)!=HAL_OK) {
 977              		.loc 2 38 5 view .LVU275
  39:Core/Src/radio/../../Inc/radio/support.h ****         Error_Handler();
 978              		.loc 2 39 5 view .LVU276
  39:Core/Src/radio/../../Inc/radio/support.h ****         Error_Handler();
 979              		.loc 2 39 8 is_stmt 0 view .LVU277
 980 0182 0DF10F02 		add	r2, sp, #15
 981              	.LVL85:
  39:Core/Src/radio/../../Inc/radio/support.h ****         Error_Handler();
 982              		.loc 2 39 8 view .LVU278
ARM GAS  C:\Users\l1234\AppData\Local\Temp\ccFgEZ6h.s 			page 24


 983 0186 2068     		ldr	r0, [r4]
 984 0188 FFF7FEFF 		bl	HAL_SPI_TransmitReceive
 985              	.LVL86:
  39:Core/Src/radio/../../Inc/radio/support.h ****         Error_Handler();
 986              		.loc 2 39 7 view .LVU279
 987 018c 0028     		cmp	r0, #0
 988 018e 40F0E682 		bne	.L209
 989              	.L56:
  41:Core/Src/radio/../../Inc/radio/support.h ****     return result;
 990              		.loc 2 41 6 is_stmt 1 view .LVU280
 991              		.loc 2 42 5 view .LVU281
 992              	.LVL87:
 993              		.loc 2 42 5 is_stmt 0 view .LVU282
 994              	.LBE486:
 995              	.LBE484:
  29:Core/Src/radio/nrf24.c **** 	} else {
 996              		.loc 1 29 3 is_stmt 1 view .LVU283
 997              	.LBB488:
 998              	.LBB489:
  39:Core/Src/radio/../../Inc/radio/support.h ****         Error_Handler();
 999              		.loc 2 39 8 is_stmt 0 view .LVU284
 1000 0192 4FF4FA63 		mov	r3, #2000
 1001 0196 0322     		movs	r2, #3
 1002 0198 0DF10E01 		add	r1, sp, #14
 1003 019c 0093     		str	r3, [sp]
 1004 019e 0123     		movs	r3, #1
 1005 01a0 8DF80E20 		strb	r2, [sp, #14]
 1006              	.LVL88:
  39:Core/Src/radio/../../Inc/radio/support.h ****         Error_Handler();
 1007              		.loc 2 39 8 view .LVU285
 1008              	.LBE489:
 1009              	.LBI488:
  36:Core/Src/radio/../../Inc/radio/support.h ****     // Wait until TX buffer is empty
 1010              		.loc 2 36 23 is_stmt 1 view .LVU286
 1011              	.LBB490:
  38:Core/Src/radio/../../Inc/radio/support.h ****     if(HAL_SPI_TransmitReceive(nrf->hspi,&data,&result,1,2000)!=HAL_OK) {
 1012              		.loc 2 38 5 view .LVU287
  39:Core/Src/radio/../../Inc/radio/support.h ****         Error_Handler();
 1013              		.loc 2 39 5 view .LVU288
  39:Core/Src/radio/../../Inc/radio/support.h ****         Error_Handler();
 1014              		.loc 2 39 8 is_stmt 0 view .LVU289
 1015 01a4 0DF10F02 		add	r2, sp, #15
 1016              	.LVL89:
  39:Core/Src/radio/../../Inc/radio/support.h ****         Error_Handler();
 1017              		.loc 2 39 8 view .LVU290
 1018 01a8 2068     		ldr	r0, [r4]
 1019 01aa FFF7FEFF 		bl	HAL_SPI_TransmitReceive
 1020              	.LVL90:
  39:Core/Src/radio/../../Inc/radio/support.h ****         Error_Handler();
 1021              		.loc 2 39 7 view .LVU291
 1022 01ae 0028     		cmp	r0, #0
 1023 01b0 40F0D282 		bne	.L210
 1024              	.L57:
  41:Core/Src/radio/../../Inc/radio/support.h ****     return result;
 1025              		.loc 2 41 6 is_stmt 1 view .LVU292
 1026              		.loc 2 42 5 view .LVU293
 1027              	.LVL91:
ARM GAS  C:\Users\l1234\AppData\Local\Temp\ccFgEZ6h.s 			page 25


 1028              		.loc 2 42 5 is_stmt 0 view .LVU294
 1029              	.LBE490:
 1030              	.LBE488:
  39:Core/Src/radio/nrf24.c **** }
 1031              		.loc 1 39 2 is_stmt 1 view .LVU295
 1032              	.LBB492:
 1033              	.LBI492:
  31:Core/Src/radio/../../Inc/radio/support.h ****     HAL_GPIO_WritePin(nrf->csPort, nrf->csPin, GPIO_PIN_SET);
 1034              		.loc 2 31 20 view .LVU296
 1035              	.LBB493:
  32:Core/Src/radio/../../Inc/radio/support.h **** }
 1036              		.loc 2 32 5 view .LVU297
 1037 01b4 0122     		movs	r2, #1
 1038 01b6 218A     		ldrh	r1, [r4, #16]
 1039 01b8 E068     		ldr	r0, [r4, #12]
 1040 01ba FFF7FEFF 		bl	HAL_GPIO_WritePin
 1041              	.LVL92:
  32:Core/Src/radio/../../Inc/radio/support.h **** }
 1042              		.loc 2 32 5 is_stmt 0 view .LVU298
 1043              	.LBE493:
 1044              	.LBE492:
 1045              	.LBE481:
 1046              	.LBE480:
  79:Core/Src/radio/nrf24.c **** 	nRF24_WriteReg(nrf, nRF24_REG_RF_CH, 0x03);
 1047              		.loc 1 79 2 is_stmt 1 view .LVU299
 1048              	.LBB497:
 1049              	.LBI497:
  24:Core/Src/radio/nrf24.c **** 	nRF24_CSN_L(nrf);
 1050              		.loc 1 24 6 view .LVU300
 1051              	.LBB498:
  25:Core/Src/radio/nrf24.c **** 	if (reg < nRF24_CMD_W_REGISTER) {
 1052              		.loc 1 25 2 view .LVU301
 1053              	.LBB499:
 1054              	.LBI499:
  27:Core/Src/radio/../../Inc/radio/support.h ****     HAL_GPIO_WritePin(nrf->csPort, nrf->csPin, GPIO_PIN_RESET);
 1055              		.loc 2 27 20 view .LVU302
 1056              	.LBB500:
  28:Core/Src/radio/../../Inc/radio/support.h **** }
 1057              		.loc 2 28 5 view .LVU303
 1058 01be 0022     		movs	r2, #0
 1059 01c0 218A     		ldrh	r1, [r4, #16]
 1060 01c2 E068     		ldr	r0, [r4, #12]
 1061 01c4 FFF7FEFF 		bl	HAL_GPIO_WritePin
 1062              	.LVL93:
  28:Core/Src/radio/../../Inc/radio/support.h **** }
 1063              		.loc 2 28 5 is_stmt 0 view .LVU304
 1064              	.LBE500:
 1065              	.LBE499:
  26:Core/Src/radio/nrf24.c **** 		// This is a register access
 1066              		.loc 1 26 2 is_stmt 1 view .LVU305
  28:Core/Src/radio/nrf24.c **** 		nRF24_LL_RW(nrf, value);
 1067              		.loc 1 28 3 view .LVU306
 1068              	.LBB501:
 1069              	.LBB502:
  39:Core/Src/radio/../../Inc/radio/support.h ****         Error_Handler();
 1070              		.loc 2 39 8 is_stmt 0 view .LVU307
 1071 01c8 4FF4FA63 		mov	r3, #2000
ARM GAS  C:\Users\l1234\AppData\Local\Temp\ccFgEZ6h.s 			page 26


 1072 01cc 2522     		movs	r2, #37
 1073 01ce 0DF10E01 		add	r1, sp, #14
 1074 01d2 0093     		str	r3, [sp]
 1075 01d4 0123     		movs	r3, #1
 1076 01d6 8DF80E20 		strb	r2, [sp, #14]
 1077              	.LVL94:
  39:Core/Src/radio/../../Inc/radio/support.h ****         Error_Handler();
 1078              		.loc 2 39 8 view .LVU308
 1079              	.LBE502:
 1080              	.LBI501:
  36:Core/Src/radio/../../Inc/radio/support.h ****     // Wait until TX buffer is empty
 1081              		.loc 2 36 23 is_stmt 1 view .LVU309
 1082              	.LBB503:
  38:Core/Src/radio/../../Inc/radio/support.h ****     if(HAL_SPI_TransmitReceive(nrf->hspi,&data,&result,1,2000)!=HAL_OK) {
 1083              		.loc 2 38 5 view .LVU310
  39:Core/Src/radio/../../Inc/radio/support.h ****         Error_Handler();
 1084              		.loc 2 39 5 view .LVU311
  39:Core/Src/radio/../../Inc/radio/support.h ****         Error_Handler();
 1085              		.loc 2 39 8 is_stmt 0 view .LVU312
 1086 01da 0DF10F02 		add	r2, sp, #15
 1087              	.LVL95:
  39:Core/Src/radio/../../Inc/radio/support.h ****         Error_Handler();
 1088              		.loc 2 39 8 view .LVU313
 1089 01de 2068     		ldr	r0, [r4]
 1090 01e0 FFF7FEFF 		bl	HAL_SPI_TransmitReceive
 1091              	.LVL96:
  39:Core/Src/radio/../../Inc/radio/support.h ****         Error_Handler();
 1092              		.loc 2 39 7 view .LVU314
 1093 01e4 0028     		cmp	r0, #0
 1094 01e6 40F0B482 		bne	.L211
 1095              	.L58:
  41:Core/Src/radio/../../Inc/radio/support.h ****     return result;
 1096              		.loc 2 41 6 is_stmt 1 view .LVU315
 1097              		.loc 2 42 5 view .LVU316
 1098              	.LVL97:
 1099              		.loc 2 42 5 is_stmt 0 view .LVU317
 1100              	.LBE503:
 1101              	.LBE501:
  29:Core/Src/radio/nrf24.c **** 	} else {
 1102              		.loc 1 29 3 is_stmt 1 view .LVU318
 1103              	.LBB505:
 1104              	.LBB506:
  39:Core/Src/radio/../../Inc/radio/support.h ****         Error_Handler();
 1105              		.loc 2 39 8 is_stmt 0 view .LVU319
 1106 01ea 4FF4FA63 		mov	r3, #2000
 1107 01ee 0322     		movs	r2, #3
 1108 01f0 0DF10E01 		add	r1, sp, #14
 1109 01f4 0093     		str	r3, [sp]
 1110 01f6 0123     		movs	r3, #1
 1111 01f8 8DF80E20 		strb	r2, [sp, #14]
 1112              	.LVL98:
  39:Core/Src/radio/../../Inc/radio/support.h ****         Error_Handler();
 1113              		.loc 2 39 8 view .LVU320
 1114              	.LBE506:
 1115              	.LBI505:
  36:Core/Src/radio/../../Inc/radio/support.h ****     // Wait until TX buffer is empty
 1116              		.loc 2 36 23 is_stmt 1 view .LVU321
ARM GAS  C:\Users\l1234\AppData\Local\Temp\ccFgEZ6h.s 			page 27


 1117              	.LBB507:
  38:Core/Src/radio/../../Inc/radio/support.h ****     if(HAL_SPI_TransmitReceive(nrf->hspi,&data,&result,1,2000)!=HAL_OK) {
 1118              		.loc 2 38 5 view .LVU322
  39:Core/Src/radio/../../Inc/radio/support.h ****         Error_Handler();
 1119              		.loc 2 39 5 view .LVU323
  39:Core/Src/radio/../../Inc/radio/support.h ****         Error_Handler();
 1120              		.loc 2 39 8 is_stmt 0 view .LVU324
 1121 01fc 0DF10F02 		add	r2, sp, #15
 1122              	.LVL99:
  39:Core/Src/radio/../../Inc/radio/support.h ****         Error_Handler();
 1123              		.loc 2 39 8 view .LVU325
 1124 0200 2068     		ldr	r0, [r4]
 1125 0202 FFF7FEFF 		bl	HAL_SPI_TransmitReceive
 1126              	.LVL100:
  39:Core/Src/radio/../../Inc/radio/support.h ****         Error_Handler();
 1127              		.loc 2 39 7 view .LVU326
 1128 0206 0028     		cmp	r0, #0
 1129 0208 40F0A082 		bne	.L212
 1130              	.L59:
  41:Core/Src/radio/../../Inc/radio/support.h ****     return result;
 1131              		.loc 2 41 6 is_stmt 1 view .LVU327
 1132              		.loc 2 42 5 view .LVU328
 1133              	.LVL101:
 1134              		.loc 2 42 5 is_stmt 0 view .LVU329
 1135              	.LBE507:
 1136              	.LBE505:
  39:Core/Src/radio/nrf24.c **** }
 1137              		.loc 1 39 2 is_stmt 1 view .LVU330
 1138              	.LBB509:
 1139              	.LBI509:
  31:Core/Src/radio/../../Inc/radio/support.h ****     HAL_GPIO_WritePin(nrf->csPort, nrf->csPin, GPIO_PIN_SET);
 1140              		.loc 2 31 20 view .LVU331
 1141              	.LBB510:
  32:Core/Src/radio/../../Inc/radio/support.h **** }
 1142              		.loc 2 32 5 view .LVU332
 1143 020c 0122     		movs	r2, #1
 1144 020e 218A     		ldrh	r1, [r4, #16]
 1145 0210 E068     		ldr	r0, [r4, #12]
 1146 0212 FFF7FEFF 		bl	HAL_GPIO_WritePin
 1147              	.LVL102:
  32:Core/Src/radio/../../Inc/radio/support.h **** }
 1148              		.loc 2 32 5 is_stmt 0 view .LVU333
 1149              	.LBE510:
 1150              	.LBE509:
 1151              	.LBE498:
 1152              	.LBE497:
  80:Core/Src/radio/nrf24.c **** 	nRF24_WriteReg(nrf, nRF24_REG_RF_SETUP, 0x0E);
 1153              		.loc 1 80 2 is_stmt 1 view .LVU334
 1154              	.LBB514:
 1155              	.LBI514:
  24:Core/Src/radio/nrf24.c **** 	nRF24_CSN_L(nrf);
 1156              		.loc 1 24 6 view .LVU335
 1157              	.LBB515:
  25:Core/Src/radio/nrf24.c **** 	if (reg < nRF24_CMD_W_REGISTER) {
 1158              		.loc 1 25 2 view .LVU336
 1159              	.LBB516:
 1160              	.LBI516:
ARM GAS  C:\Users\l1234\AppData\Local\Temp\ccFgEZ6h.s 			page 28


  27:Core/Src/radio/../../Inc/radio/support.h ****     HAL_GPIO_WritePin(nrf->csPort, nrf->csPin, GPIO_PIN_RESET);
 1161              		.loc 2 27 20 view .LVU337
 1162              	.LBB517:
  28:Core/Src/radio/../../Inc/radio/support.h **** }
 1163              		.loc 2 28 5 view .LVU338
 1164 0216 0022     		movs	r2, #0
 1165 0218 218A     		ldrh	r1, [r4, #16]
 1166 021a E068     		ldr	r0, [r4, #12]
 1167 021c FFF7FEFF 		bl	HAL_GPIO_WritePin
 1168              	.LVL103:
  28:Core/Src/radio/../../Inc/radio/support.h **** }
 1169              		.loc 2 28 5 is_stmt 0 view .LVU339
 1170              	.LBE517:
 1171              	.LBE516:
  26:Core/Src/radio/nrf24.c **** 		// This is a register access
 1172              		.loc 1 26 2 is_stmt 1 view .LVU340
  28:Core/Src/radio/nrf24.c **** 		nRF24_LL_RW(nrf, value);
 1173              		.loc 1 28 3 view .LVU341
 1174              	.LBB518:
 1175              	.LBB519:
  39:Core/Src/radio/../../Inc/radio/support.h ****         Error_Handler();
 1176              		.loc 2 39 8 is_stmt 0 view .LVU342
 1177 0220 4FF4FA63 		mov	r3, #2000
 1178 0224 2622     		movs	r2, #38
 1179 0226 0DF10E01 		add	r1, sp, #14
 1180 022a 0093     		str	r3, [sp]
 1181 022c 0123     		movs	r3, #1
 1182 022e 8DF80E20 		strb	r2, [sp, #14]
 1183              	.LVL104:
  39:Core/Src/radio/../../Inc/radio/support.h ****         Error_Handler();
 1184              		.loc 2 39 8 view .LVU343
 1185              	.LBE519:
 1186              	.LBI518:
  36:Core/Src/radio/../../Inc/radio/support.h ****     // Wait until TX buffer is empty
 1187              		.loc 2 36 23 is_stmt 1 view .LVU344
 1188              	.LBB520:
  38:Core/Src/radio/../../Inc/radio/support.h ****     if(HAL_SPI_TransmitReceive(nrf->hspi,&data,&result,1,2000)!=HAL_OK) {
 1189              		.loc 2 38 5 view .LVU345
  39:Core/Src/radio/../../Inc/radio/support.h ****         Error_Handler();
 1190              		.loc 2 39 5 view .LVU346
  39:Core/Src/radio/../../Inc/radio/support.h ****         Error_Handler();
 1191              		.loc 2 39 8 is_stmt 0 view .LVU347
 1192 0232 0DF10F02 		add	r2, sp, #15
 1193              	.LVL105:
  39:Core/Src/radio/../../Inc/radio/support.h ****         Error_Handler();
 1194              		.loc 2 39 8 view .LVU348
 1195 0236 2068     		ldr	r0, [r4]
 1196 0238 FFF7FEFF 		bl	HAL_SPI_TransmitReceive
 1197              	.LVL106:
  39:Core/Src/radio/../../Inc/radio/support.h ****         Error_Handler();
 1198              		.loc 2 39 7 view .LVU349
 1199 023c 0028     		cmp	r0, #0
 1200 023e 40F08282 		bne	.L213
 1201              	.L60:
  41:Core/Src/radio/../../Inc/radio/support.h ****     return result;
 1202              		.loc 2 41 6 is_stmt 1 view .LVU350
 1203              		.loc 2 42 5 view .LVU351
ARM GAS  C:\Users\l1234\AppData\Local\Temp\ccFgEZ6h.s 			page 29


 1204              	.LVL107:
 1205              		.loc 2 42 5 is_stmt 0 view .LVU352
 1206              	.LBE520:
 1207              	.LBE518:
  29:Core/Src/radio/nrf24.c **** 	} else {
 1208              		.loc 1 29 3 is_stmt 1 view .LVU353
 1209              	.LBB522:
 1210              	.LBB523:
  39:Core/Src/radio/../../Inc/radio/support.h ****         Error_Handler();
 1211              		.loc 2 39 8 is_stmt 0 view .LVU354
 1212 0242 4FF4FA63 		mov	r3, #2000
 1213 0246 0E22     		movs	r2, #14
 1214 0248 0DF10E01 		add	r1, sp, #14
 1215 024c 0093     		str	r3, [sp]
 1216 024e 0123     		movs	r3, #1
 1217 0250 8DF80E20 		strb	r2, [sp, #14]
 1218              	.LVL108:
  39:Core/Src/radio/../../Inc/radio/support.h ****         Error_Handler();
 1219              		.loc 2 39 8 view .LVU355
 1220              	.LBE523:
 1221              	.LBI522:
  36:Core/Src/radio/../../Inc/radio/support.h ****     // Wait until TX buffer is empty
 1222              		.loc 2 36 23 is_stmt 1 view .LVU356
 1223              	.LBB524:
  38:Core/Src/radio/../../Inc/radio/support.h ****     if(HAL_SPI_TransmitReceive(nrf->hspi,&data,&result,1,2000)!=HAL_OK) {
 1224              		.loc 2 38 5 view .LVU357
  39:Core/Src/radio/../../Inc/radio/support.h ****         Error_Handler();
 1225              		.loc 2 39 5 view .LVU358
  39:Core/Src/radio/../../Inc/radio/support.h ****         Error_Handler();
 1226              		.loc 2 39 8 is_stmt 0 view .LVU359
 1227 0254 0DF10F02 		add	r2, sp, #15
 1228              	.LVL109:
  39:Core/Src/radio/../../Inc/radio/support.h ****         Error_Handler();
 1229              		.loc 2 39 8 view .LVU360
 1230 0258 2068     		ldr	r0, [r4]
 1231 025a FFF7FEFF 		bl	HAL_SPI_TransmitReceive
 1232              	.LVL110:
  39:Core/Src/radio/../../Inc/radio/support.h ****         Error_Handler();
 1233              		.loc 2 39 7 view .LVU361
 1234 025e 0028     		cmp	r0, #0
 1235 0260 40F06E82 		bne	.L214
 1236              	.L61:
  41:Core/Src/radio/../../Inc/radio/support.h ****     return result;
 1237              		.loc 2 41 6 is_stmt 1 view .LVU362
 1238              		.loc 2 42 5 view .LVU363
 1239              	.LVL111:
 1240              		.loc 2 42 5 is_stmt 0 view .LVU364
 1241              	.LBE524:
 1242              	.LBE522:
  39:Core/Src/radio/nrf24.c **** }
 1243              		.loc 1 39 2 is_stmt 1 view .LVU365
 1244              	.LBB526:
 1245              	.LBI526:
  31:Core/Src/radio/../../Inc/radio/support.h ****     HAL_GPIO_WritePin(nrf->csPort, nrf->csPin, GPIO_PIN_SET);
 1246              		.loc 2 31 20 view .LVU366
 1247              	.LBB527:
  32:Core/Src/radio/../../Inc/radio/support.h **** }
ARM GAS  C:\Users\l1234\AppData\Local\Temp\ccFgEZ6h.s 			page 30


 1248              		.loc 2 32 5 view .LVU367
 1249 0264 0122     		movs	r2, #1
 1250 0266 218A     		ldrh	r1, [r4, #16]
 1251 0268 E068     		ldr	r0, [r4, #12]
 1252 026a FFF7FEFF 		bl	HAL_GPIO_WritePin
 1253              	.LVL112:
  32:Core/Src/radio/../../Inc/radio/support.h **** }
 1254              		.loc 2 32 5 is_stmt 0 view .LVU368
 1255              	.LBE527:
 1256              	.LBE526:
 1257              	.LBE515:
 1258              	.LBE514:
  81:Core/Src/radio/nrf24.c **** 	nRF24_WriteReg(nrf, nRF24_REG_STATUS, 0x00);
 1259              		.loc 1 81 2 is_stmt 1 view .LVU369
 1260              	.LBB531:
 1261              	.LBI531:
  24:Core/Src/radio/nrf24.c **** 	nRF24_CSN_L(nrf);
 1262              		.loc 1 24 6 view .LVU370
 1263              	.LBB532:
  25:Core/Src/radio/nrf24.c **** 	if (reg < nRF24_CMD_W_REGISTER) {
 1264              		.loc 1 25 2 view .LVU371
 1265              	.LBB533:
 1266              	.LBI533:
  27:Core/Src/radio/../../Inc/radio/support.h ****     HAL_GPIO_WritePin(nrf->csPort, nrf->csPin, GPIO_PIN_RESET);
 1267              		.loc 2 27 20 view .LVU372
 1268              	.LBB534:
  28:Core/Src/radio/../../Inc/radio/support.h **** }
 1269              		.loc 2 28 5 view .LVU373
 1270 026e 0022     		movs	r2, #0
 1271 0270 218A     		ldrh	r1, [r4, #16]
 1272 0272 E068     		ldr	r0, [r4, #12]
 1273 0274 FFF7FEFF 		bl	HAL_GPIO_WritePin
 1274              	.LVL113:
  28:Core/Src/radio/../../Inc/radio/support.h **** }
 1275              		.loc 2 28 5 is_stmt 0 view .LVU374
 1276              	.LBE534:
 1277              	.LBE533:
  26:Core/Src/radio/nrf24.c **** 		// This is a register access
 1278              		.loc 1 26 2 is_stmt 1 view .LVU375
  28:Core/Src/radio/nrf24.c **** 		nRF24_LL_RW(nrf, value);
 1279              		.loc 1 28 3 view .LVU376
 1280              	.LBB535:
 1281              	.LBB536:
  39:Core/Src/radio/../../Inc/radio/support.h ****         Error_Handler();
 1282              		.loc 2 39 8 is_stmt 0 view .LVU377
 1283 0278 4FF4FA63 		mov	r3, #2000
 1284 027c 2722     		movs	r2, #39
 1285 027e 0DF10E01 		add	r1, sp, #14
 1286 0282 0093     		str	r3, [sp]
 1287 0284 0123     		movs	r3, #1
 1288 0286 8DF80E20 		strb	r2, [sp, #14]
 1289              	.LVL114:
  39:Core/Src/radio/../../Inc/radio/support.h ****         Error_Handler();
 1290              		.loc 2 39 8 view .LVU378
 1291              	.LBE536:
 1292              	.LBI535:
  36:Core/Src/radio/../../Inc/radio/support.h ****     // Wait until TX buffer is empty
ARM GAS  C:\Users\l1234\AppData\Local\Temp\ccFgEZ6h.s 			page 31


 1293              		.loc 2 36 23 is_stmt 1 view .LVU379
 1294              	.LBB537:
  38:Core/Src/radio/../../Inc/radio/support.h ****     if(HAL_SPI_TransmitReceive(nrf->hspi,&data,&result,1,2000)!=HAL_OK) {
 1295              		.loc 2 38 5 view .LVU380
  39:Core/Src/radio/../../Inc/radio/support.h ****         Error_Handler();
 1296              		.loc 2 39 5 view .LVU381
  39:Core/Src/radio/../../Inc/radio/support.h ****         Error_Handler();
 1297              		.loc 2 39 8 is_stmt 0 view .LVU382
 1298 028a 0DF10F02 		add	r2, sp, #15
 1299              	.LVL115:
  39:Core/Src/radio/../../Inc/radio/support.h ****         Error_Handler();
 1300              		.loc 2 39 8 view .LVU383
 1301 028e 2068     		ldr	r0, [r4]
 1302 0290 FFF7FEFF 		bl	HAL_SPI_TransmitReceive
 1303              	.LVL116:
  39:Core/Src/radio/../../Inc/radio/support.h ****         Error_Handler();
 1304              		.loc 2 39 7 view .LVU384
 1305 0294 0028     		cmp	r0, #0
 1306 0296 40F05082 		bne	.L215
 1307              	.L62:
  41:Core/Src/radio/../../Inc/radio/support.h ****     return result;
 1308              		.loc 2 41 6 is_stmt 1 view .LVU385
 1309              		.loc 2 42 5 view .LVU386
 1310              	.LVL117:
 1311              		.loc 2 42 5 is_stmt 0 view .LVU387
 1312              	.LBE537:
 1313              	.LBE535:
  29:Core/Src/radio/nrf24.c **** 	} else {
 1314              		.loc 1 29 3 is_stmt 1 view .LVU388
 1315              	.LBB539:
 1316              	.LBB540:
  39:Core/Src/radio/../../Inc/radio/support.h ****         Error_Handler();
 1317              		.loc 2 39 8 is_stmt 0 view .LVU389
 1318 029a 4FF4FA63 		mov	r3, #2000
 1319 029e 0022     		movs	r2, #0
 1320 02a0 0DF10E01 		add	r1, sp, #14
 1321 02a4 0093     		str	r3, [sp]
 1322 02a6 0123     		movs	r3, #1
 1323 02a8 8DF80E20 		strb	r2, [sp, #14]
 1324              	.LVL118:
  39:Core/Src/radio/../../Inc/radio/support.h ****         Error_Handler();
 1325              		.loc 2 39 8 view .LVU390
 1326              	.LBE540:
 1327              	.LBI539:
  36:Core/Src/radio/../../Inc/radio/support.h ****     // Wait until TX buffer is empty
 1328              		.loc 2 36 23 is_stmt 1 view .LVU391
 1329              	.LBB541:
  38:Core/Src/radio/../../Inc/radio/support.h ****     if(HAL_SPI_TransmitReceive(nrf->hspi,&data,&result,1,2000)!=HAL_OK) {
 1330              		.loc 2 38 5 view .LVU392
  39:Core/Src/radio/../../Inc/radio/support.h ****         Error_Handler();
 1331              		.loc 2 39 5 view .LVU393
  39:Core/Src/radio/../../Inc/radio/support.h ****         Error_Handler();
 1332              		.loc 2 39 8 is_stmt 0 view .LVU394
 1333 02ac 0DF10F02 		add	r2, sp, #15
 1334              	.LVL119:
  39:Core/Src/radio/../../Inc/radio/support.h ****         Error_Handler();
 1335              		.loc 2 39 8 view .LVU395
ARM GAS  C:\Users\l1234\AppData\Local\Temp\ccFgEZ6h.s 			page 32


 1336 02b0 2068     		ldr	r0, [r4]
 1337 02b2 FFF7FEFF 		bl	HAL_SPI_TransmitReceive
 1338              	.LVL120:
  39:Core/Src/radio/../../Inc/radio/support.h ****         Error_Handler();
 1339              		.loc 2 39 7 view .LVU396
 1340 02b6 0028     		cmp	r0, #0
 1341 02b8 40F03C82 		bne	.L216
 1342              	.L63:
  41:Core/Src/radio/../../Inc/radio/support.h ****     return result;
 1343              		.loc 2 41 6 is_stmt 1 view .LVU397
 1344              		.loc 2 42 5 view .LVU398
 1345              	.LVL121:
 1346              		.loc 2 42 5 is_stmt 0 view .LVU399
 1347              	.LBE541:
 1348              	.LBE539:
  39:Core/Src/radio/nrf24.c **** }
 1349              		.loc 1 39 2 is_stmt 1 view .LVU400
 1350              	.LBB543:
 1351              	.LBI543:
  31:Core/Src/radio/../../Inc/radio/support.h ****     HAL_GPIO_WritePin(nrf->csPort, nrf->csPin, GPIO_PIN_SET);
 1352              		.loc 2 31 20 view .LVU401
 1353              	.LBB544:
  32:Core/Src/radio/../../Inc/radio/support.h **** }
 1354              		.loc 2 32 5 view .LVU402
 1355 02bc 0122     		movs	r2, #1
 1356 02be 218A     		ldrh	r1, [r4, #16]
 1357 02c0 E068     		ldr	r0, [r4, #12]
 1358 02c2 FFF7FEFF 		bl	HAL_GPIO_WritePin
 1359              	.LVL122:
  32:Core/Src/radio/../../Inc/radio/support.h **** }
 1360              		.loc 2 32 5 is_stmt 0 view .LVU403
 1361              	.LBE544:
 1362              	.LBE543:
 1363              	.LBE532:
 1364              	.LBE531:
  82:Core/Src/radio/nrf24.c **** 	nRF24_WriteReg(nrf, nRF24_REG_RX_PW_P0, 0x00);
 1365              		.loc 1 82 2 is_stmt 1 view .LVU404
 1366              	.LBB548:
 1367              	.LBI548:
  24:Core/Src/radio/nrf24.c **** 	nRF24_CSN_L(nrf);
 1368              		.loc 1 24 6 view .LVU405
 1369              	.LBB549:
  25:Core/Src/radio/nrf24.c **** 	if (reg < nRF24_CMD_W_REGISTER) {
 1370              		.loc 1 25 2 view .LVU406
 1371              	.LBB550:
 1372              	.LBI550:
  27:Core/Src/radio/../../Inc/radio/support.h ****     HAL_GPIO_WritePin(nrf->csPort, nrf->csPin, GPIO_PIN_RESET);
 1373              		.loc 2 27 20 view .LVU407
 1374              	.LBB551:
  28:Core/Src/radio/../../Inc/radio/support.h **** }
 1375              		.loc 2 28 5 view .LVU408
 1376 02c6 0022     		movs	r2, #0
 1377 02c8 218A     		ldrh	r1, [r4, #16]
 1378 02ca E068     		ldr	r0, [r4, #12]
 1379 02cc FFF7FEFF 		bl	HAL_GPIO_WritePin
 1380              	.LVL123:
  28:Core/Src/radio/../../Inc/radio/support.h **** }
ARM GAS  C:\Users\l1234\AppData\Local\Temp\ccFgEZ6h.s 			page 33


 1381              		.loc 2 28 5 is_stmt 0 view .LVU409
 1382              	.LBE551:
 1383              	.LBE550:
  26:Core/Src/radio/nrf24.c **** 		// This is a register access
 1384              		.loc 1 26 2 is_stmt 1 view .LVU410
  28:Core/Src/radio/nrf24.c **** 		nRF24_LL_RW(nrf, value);
 1385              		.loc 1 28 3 view .LVU411
 1386              	.LBB552:
 1387              	.LBB553:
  39:Core/Src/radio/../../Inc/radio/support.h ****         Error_Handler();
 1388              		.loc 2 39 8 is_stmt 0 view .LVU412
 1389 02d0 4FF4FA63 		mov	r3, #2000
 1390 02d4 3122     		movs	r2, #49
 1391 02d6 0DF10E01 		add	r1, sp, #14
 1392 02da 0093     		str	r3, [sp]
 1393 02dc 0123     		movs	r3, #1
 1394 02de 8DF80E20 		strb	r2, [sp, #14]
 1395              	.LVL124:
  39:Core/Src/radio/../../Inc/radio/support.h ****         Error_Handler();
 1396              		.loc 2 39 8 view .LVU413
 1397              	.LBE553:
 1398              	.LBI552:
  36:Core/Src/radio/../../Inc/radio/support.h ****     // Wait until TX buffer is empty
 1399              		.loc 2 36 23 is_stmt 1 view .LVU414
 1400              	.LBB554:
  38:Core/Src/radio/../../Inc/radio/support.h ****     if(HAL_SPI_TransmitReceive(nrf->hspi,&data,&result,1,2000)!=HAL_OK) {
 1401              		.loc 2 38 5 view .LVU415
  39:Core/Src/radio/../../Inc/radio/support.h ****         Error_Handler();
 1402              		.loc 2 39 5 view .LVU416
  39:Core/Src/radio/../../Inc/radio/support.h ****         Error_Handler();
 1403              		.loc 2 39 8 is_stmt 0 view .LVU417
 1404 02e2 0DF10F02 		add	r2, sp, #15
 1405              	.LVL125:
  39:Core/Src/radio/../../Inc/radio/support.h ****         Error_Handler();
 1406              		.loc 2 39 8 view .LVU418
 1407 02e6 2068     		ldr	r0, [r4]
 1408 02e8 FFF7FEFF 		bl	HAL_SPI_TransmitReceive
 1409              	.LVL126:
  39:Core/Src/radio/../../Inc/radio/support.h ****         Error_Handler();
 1410              		.loc 2 39 7 view .LVU419
 1411 02ec 0028     		cmp	r0, #0
 1412 02ee 40F01E82 		bne	.L217
 1413              	.L64:
  41:Core/Src/radio/../../Inc/radio/support.h ****     return result;
 1414              		.loc 2 41 6 is_stmt 1 view .LVU420
 1415              		.loc 2 42 5 view .LVU421
 1416              	.LVL127:
 1417              		.loc 2 42 5 is_stmt 0 view .LVU422
 1418              	.LBE554:
 1419              	.LBE552:
  29:Core/Src/radio/nrf24.c **** 	} else {
 1420              		.loc 1 29 3 is_stmt 1 view .LVU423
 1421              	.LBB556:
 1422              	.LBB557:
  39:Core/Src/radio/../../Inc/radio/support.h ****         Error_Handler();
 1423              		.loc 2 39 8 is_stmt 0 view .LVU424
 1424 02f2 4FF4FA63 		mov	r3, #2000
ARM GAS  C:\Users\l1234\AppData\Local\Temp\ccFgEZ6h.s 			page 34


 1425 02f6 0022     		movs	r2, #0
 1426 02f8 0DF10E01 		add	r1, sp, #14
 1427 02fc 0093     		str	r3, [sp]
 1428 02fe 0123     		movs	r3, #1
 1429 0300 8DF80E20 		strb	r2, [sp, #14]
 1430              	.LVL128:
  39:Core/Src/radio/../../Inc/radio/support.h ****         Error_Handler();
 1431              		.loc 2 39 8 view .LVU425
 1432              	.LBE557:
 1433              	.LBI556:
  36:Core/Src/radio/../../Inc/radio/support.h ****     // Wait until TX buffer is empty
 1434              		.loc 2 36 23 is_stmt 1 view .LVU426
 1435              	.LBB558:
  38:Core/Src/radio/../../Inc/radio/support.h ****     if(HAL_SPI_TransmitReceive(nrf->hspi,&data,&result,1,2000)!=HAL_OK) {
 1436              		.loc 2 38 5 view .LVU427
  39:Core/Src/radio/../../Inc/radio/support.h ****         Error_Handler();
 1437              		.loc 2 39 5 view .LVU428
  39:Core/Src/radio/../../Inc/radio/support.h ****         Error_Handler();
 1438              		.loc 2 39 8 is_stmt 0 view .LVU429
 1439 0304 0DF10F02 		add	r2, sp, #15
 1440              	.LVL129:
  39:Core/Src/radio/../../Inc/radio/support.h ****         Error_Handler();
 1441              		.loc 2 39 8 view .LVU430
 1442 0308 2068     		ldr	r0, [r4]
 1443 030a FFF7FEFF 		bl	HAL_SPI_TransmitReceive
 1444              	.LVL130:
  39:Core/Src/radio/../../Inc/radio/support.h ****         Error_Handler();
 1445              		.loc 2 39 7 view .LVU431
 1446 030e 0028     		cmp	r0, #0
 1447 0310 40F00A82 		bne	.L218
 1448              	.L65:
  41:Core/Src/radio/../../Inc/radio/support.h ****     return result;
 1449              		.loc 2 41 6 is_stmt 1 view .LVU432
 1450              		.loc 2 42 5 view .LVU433
 1451              	.LVL131:
 1452              		.loc 2 42 5 is_stmt 0 view .LVU434
 1453              	.LBE558:
 1454              	.LBE556:
  39:Core/Src/radio/nrf24.c **** }
 1455              		.loc 1 39 2 is_stmt 1 view .LVU435
 1456              	.LBB560:
 1457              	.LBI560:
  31:Core/Src/radio/../../Inc/radio/support.h ****     HAL_GPIO_WritePin(nrf->csPort, nrf->csPin, GPIO_PIN_SET);
 1458              		.loc 2 31 20 view .LVU436
 1459              	.LBB561:
  32:Core/Src/radio/../../Inc/radio/support.h **** }
 1460              		.loc 2 32 5 view .LVU437
 1461 0314 0122     		movs	r2, #1
 1462 0316 218A     		ldrh	r1, [r4, #16]
 1463 0318 E068     		ldr	r0, [r4, #12]
 1464 031a FFF7FEFF 		bl	HAL_GPIO_WritePin
 1465              	.LVL132:
  32:Core/Src/radio/../../Inc/radio/support.h **** }
 1466              		.loc 2 32 5 is_stmt 0 view .LVU438
 1467              	.LBE561:
 1468              	.LBE560:
 1469              	.LBE549:
ARM GAS  C:\Users\l1234\AppData\Local\Temp\ccFgEZ6h.s 			page 35


 1470              	.LBE548:
  83:Core/Src/radio/nrf24.c **** 	nRF24_WriteReg(nrf, nRF24_REG_RX_PW_P1, 0x00);
 1471              		.loc 1 83 2 is_stmt 1 view .LVU439
 1472              	.LBB565:
 1473              	.LBI565:
  24:Core/Src/radio/nrf24.c **** 	nRF24_CSN_L(nrf);
 1474              		.loc 1 24 6 view .LVU440
 1475              	.LBB566:
  25:Core/Src/radio/nrf24.c **** 	if (reg < nRF24_CMD_W_REGISTER) {
 1476              		.loc 1 25 2 view .LVU441
 1477              	.LBB567:
 1478              	.LBI567:
  27:Core/Src/radio/../../Inc/radio/support.h ****     HAL_GPIO_WritePin(nrf->csPort, nrf->csPin, GPIO_PIN_RESET);
 1479              		.loc 2 27 20 view .LVU442
 1480              	.LBB568:
  28:Core/Src/radio/../../Inc/radio/support.h **** }
 1481              		.loc 2 28 5 view .LVU443
 1482 031e 0022     		movs	r2, #0
 1483 0320 218A     		ldrh	r1, [r4, #16]
 1484 0322 E068     		ldr	r0, [r4, #12]
 1485 0324 FFF7FEFF 		bl	HAL_GPIO_WritePin
 1486              	.LVL133:
  28:Core/Src/radio/../../Inc/radio/support.h **** }
 1487              		.loc 2 28 5 is_stmt 0 view .LVU444
 1488              	.LBE568:
 1489              	.LBE567:
  26:Core/Src/radio/nrf24.c **** 		// This is a register access
 1490              		.loc 1 26 2 is_stmt 1 view .LVU445
  28:Core/Src/radio/nrf24.c **** 		nRF24_LL_RW(nrf, value);
 1491              		.loc 1 28 3 view .LVU446
 1492              	.LBB569:
 1493              	.LBB570:
  39:Core/Src/radio/../../Inc/radio/support.h ****         Error_Handler();
 1494              		.loc 2 39 8 is_stmt 0 view .LVU447
 1495 0328 4FF4FA63 		mov	r3, #2000
 1496 032c 3222     		movs	r2, #50
 1497 032e 0DF10E01 		add	r1, sp, #14
 1498 0332 0093     		str	r3, [sp]
 1499 0334 0123     		movs	r3, #1
 1500 0336 8DF80E20 		strb	r2, [sp, #14]
 1501              	.LVL134:
  39:Core/Src/radio/../../Inc/radio/support.h ****         Error_Handler();
 1502              		.loc 2 39 8 view .LVU448
 1503              	.LBE570:
 1504              	.LBI569:
  36:Core/Src/radio/../../Inc/radio/support.h ****     // Wait until TX buffer is empty
 1505              		.loc 2 36 23 is_stmt 1 view .LVU449
 1506              	.LBB571:
  38:Core/Src/radio/../../Inc/radio/support.h ****     if(HAL_SPI_TransmitReceive(nrf->hspi,&data,&result,1,2000)!=HAL_OK) {
 1507              		.loc 2 38 5 view .LVU450
  39:Core/Src/radio/../../Inc/radio/support.h ****         Error_Handler();
 1508              		.loc 2 39 5 view .LVU451
  39:Core/Src/radio/../../Inc/radio/support.h ****         Error_Handler();
 1509              		.loc 2 39 8 is_stmt 0 view .LVU452
 1510 033a 0DF10F02 		add	r2, sp, #15
 1511              	.LVL135:
  39:Core/Src/radio/../../Inc/radio/support.h ****         Error_Handler();
ARM GAS  C:\Users\l1234\AppData\Local\Temp\ccFgEZ6h.s 			page 36


 1512              		.loc 2 39 8 view .LVU453
 1513 033e 2068     		ldr	r0, [r4]
 1514 0340 FFF7FEFF 		bl	HAL_SPI_TransmitReceive
 1515              	.LVL136:
  39:Core/Src/radio/../../Inc/radio/support.h ****         Error_Handler();
 1516              		.loc 2 39 7 view .LVU454
 1517 0344 0028     		cmp	r0, #0
 1518 0346 40F0EC81 		bne	.L219
 1519              	.L66:
  41:Core/Src/radio/../../Inc/radio/support.h ****     return result;
 1520              		.loc 2 41 6 is_stmt 1 view .LVU455
 1521              		.loc 2 42 5 view .LVU456
 1522              	.LVL137:
 1523              		.loc 2 42 5 is_stmt 0 view .LVU457
 1524              	.LBE571:
 1525              	.LBE569:
  29:Core/Src/radio/nrf24.c **** 	} else {
 1526              		.loc 1 29 3 is_stmt 1 view .LVU458
 1527              	.LBB573:
 1528              	.LBB574:
  39:Core/Src/radio/../../Inc/radio/support.h ****         Error_Handler();
 1529              		.loc 2 39 8 is_stmt 0 view .LVU459
 1530 034a 4FF4FA63 		mov	r3, #2000
 1531 034e 0022     		movs	r2, #0
 1532 0350 0DF10E01 		add	r1, sp, #14
 1533 0354 0093     		str	r3, [sp]
 1534 0356 0123     		movs	r3, #1
 1535 0358 8DF80E20 		strb	r2, [sp, #14]
 1536              	.LVL138:
  39:Core/Src/radio/../../Inc/radio/support.h ****         Error_Handler();
 1537              		.loc 2 39 8 view .LVU460
 1538              	.LBE574:
 1539              	.LBI573:
  36:Core/Src/radio/../../Inc/radio/support.h ****     // Wait until TX buffer is empty
 1540              		.loc 2 36 23 is_stmt 1 view .LVU461
 1541              	.LBB575:
  38:Core/Src/radio/../../Inc/radio/support.h ****     if(HAL_SPI_TransmitReceive(nrf->hspi,&data,&result,1,2000)!=HAL_OK) {
 1542              		.loc 2 38 5 view .LVU462
  39:Core/Src/radio/../../Inc/radio/support.h ****         Error_Handler();
 1543              		.loc 2 39 5 view .LVU463
  39:Core/Src/radio/../../Inc/radio/support.h ****         Error_Handler();
 1544              		.loc 2 39 8 is_stmt 0 view .LVU464
 1545 035c 0DF10F02 		add	r2, sp, #15
 1546              	.LVL139:
  39:Core/Src/radio/../../Inc/radio/support.h ****         Error_Handler();
 1547              		.loc 2 39 8 view .LVU465
 1548 0360 2068     		ldr	r0, [r4]
 1549 0362 FFF7FEFF 		bl	HAL_SPI_TransmitReceive
 1550              	.LVL140:
  39:Core/Src/radio/../../Inc/radio/support.h ****         Error_Handler();
 1551              		.loc 2 39 7 view .LVU466
 1552 0366 0028     		cmp	r0, #0
 1553 0368 40F0D881 		bne	.L220
 1554              	.L67:
  41:Core/Src/radio/../../Inc/radio/support.h ****     return result;
 1555              		.loc 2 41 6 is_stmt 1 view .LVU467
 1556              		.loc 2 42 5 view .LVU468
ARM GAS  C:\Users\l1234\AppData\Local\Temp\ccFgEZ6h.s 			page 37


 1557              	.LVL141:
 1558              		.loc 2 42 5 is_stmt 0 view .LVU469
 1559              	.LBE575:
 1560              	.LBE573:
  39:Core/Src/radio/nrf24.c **** }
 1561              		.loc 1 39 2 is_stmt 1 view .LVU470
 1562              	.LBB577:
 1563              	.LBI577:
  31:Core/Src/radio/../../Inc/radio/support.h ****     HAL_GPIO_WritePin(nrf->csPort, nrf->csPin, GPIO_PIN_SET);
 1564              		.loc 2 31 20 view .LVU471
 1565              	.LBB578:
  32:Core/Src/radio/../../Inc/radio/support.h **** }
 1566              		.loc 2 32 5 view .LVU472
 1567 036c 0122     		movs	r2, #1
 1568 036e 218A     		ldrh	r1, [r4, #16]
 1569 0370 E068     		ldr	r0, [r4, #12]
 1570 0372 FFF7FEFF 		bl	HAL_GPIO_WritePin
 1571              	.LVL142:
  32:Core/Src/radio/../../Inc/radio/support.h **** }
 1572              		.loc 2 32 5 is_stmt 0 view .LVU473
 1573              	.LBE578:
 1574              	.LBE577:
 1575              	.LBE566:
 1576              	.LBE565:
  84:Core/Src/radio/nrf24.c **** 	nRF24_WriteReg(nrf, nRF24_REG_RX_PW_P2, 0x00);
 1577              		.loc 1 84 2 is_stmt 1 view .LVU474
 1578              	.LBB582:
 1579              	.LBI582:
  24:Core/Src/radio/nrf24.c **** 	nRF24_CSN_L(nrf);
 1580              		.loc 1 24 6 view .LVU475
 1581              	.LBB583:
  25:Core/Src/radio/nrf24.c **** 	if (reg < nRF24_CMD_W_REGISTER) {
 1582              		.loc 1 25 2 view .LVU476
 1583              	.LBB584:
 1584              	.LBI584:
  27:Core/Src/radio/../../Inc/radio/support.h ****     HAL_GPIO_WritePin(nrf->csPort, nrf->csPin, GPIO_PIN_RESET);
 1585              		.loc 2 27 20 view .LVU477
 1586              	.LBB585:
  28:Core/Src/radio/../../Inc/radio/support.h **** }
 1587              		.loc 2 28 5 view .LVU478
 1588 0376 0022     		movs	r2, #0
 1589 0378 218A     		ldrh	r1, [r4, #16]
 1590 037a E068     		ldr	r0, [r4, #12]
 1591 037c FFF7FEFF 		bl	HAL_GPIO_WritePin
 1592              	.LVL143:
  28:Core/Src/radio/../../Inc/radio/support.h **** }
 1593              		.loc 2 28 5 is_stmt 0 view .LVU479
 1594              	.LBE585:
 1595              	.LBE584:
  26:Core/Src/radio/nrf24.c **** 		// This is a register access
 1596              		.loc 1 26 2 is_stmt 1 view .LVU480
  28:Core/Src/radio/nrf24.c **** 		nRF24_LL_RW(nrf, value);
 1597              		.loc 1 28 3 view .LVU481
 1598              	.LBB586:
 1599              	.LBB587:
  39:Core/Src/radio/../../Inc/radio/support.h ****         Error_Handler();
 1600              		.loc 2 39 8 is_stmt 0 view .LVU482
ARM GAS  C:\Users\l1234\AppData\Local\Temp\ccFgEZ6h.s 			page 38


 1601 0380 4FF4FA63 		mov	r3, #2000
 1602 0384 3322     		movs	r2, #51
 1603 0386 0DF10E01 		add	r1, sp, #14
 1604 038a 0093     		str	r3, [sp]
 1605 038c 0123     		movs	r3, #1
 1606 038e 8DF80E20 		strb	r2, [sp, #14]
 1607              	.LVL144:
  39:Core/Src/radio/../../Inc/radio/support.h ****         Error_Handler();
 1608              		.loc 2 39 8 view .LVU483
 1609              	.LBE587:
 1610              	.LBI586:
  36:Core/Src/radio/../../Inc/radio/support.h ****     // Wait until TX buffer is empty
 1611              		.loc 2 36 23 is_stmt 1 view .LVU484
 1612              	.LBB588:
  38:Core/Src/radio/../../Inc/radio/support.h ****     if(HAL_SPI_TransmitReceive(nrf->hspi,&data,&result,1,2000)!=HAL_OK) {
 1613              		.loc 2 38 5 view .LVU485
  39:Core/Src/radio/../../Inc/radio/support.h ****         Error_Handler();
 1614              		.loc 2 39 5 view .LVU486
  39:Core/Src/radio/../../Inc/radio/support.h ****         Error_Handler();
 1615              		.loc 2 39 8 is_stmt 0 view .LVU487
 1616 0392 0DF10F02 		add	r2, sp, #15
 1617              	.LVL145:
  39:Core/Src/radio/../../Inc/radio/support.h ****         Error_Handler();
 1618              		.loc 2 39 8 view .LVU488
 1619 0396 2068     		ldr	r0, [r4]
 1620 0398 FFF7FEFF 		bl	HAL_SPI_TransmitReceive
 1621              	.LVL146:
  39:Core/Src/radio/../../Inc/radio/support.h ****         Error_Handler();
 1622              		.loc 2 39 7 view .LVU489
 1623 039c 0028     		cmp	r0, #0
 1624 039e 40F0BA81 		bne	.L221
 1625              	.L68:
  41:Core/Src/radio/../../Inc/radio/support.h ****     return result;
 1626              		.loc 2 41 6 is_stmt 1 view .LVU490
 1627              		.loc 2 42 5 view .LVU491
 1628              	.LVL147:
 1629              		.loc 2 42 5 is_stmt 0 view .LVU492
 1630              	.LBE588:
 1631              	.LBE586:
  29:Core/Src/radio/nrf24.c **** 	} else {
 1632              		.loc 1 29 3 is_stmt 1 view .LVU493
 1633              	.LBB590:
 1634              	.LBB591:
  39:Core/Src/radio/../../Inc/radio/support.h ****         Error_Handler();
 1635              		.loc 2 39 8 is_stmt 0 view .LVU494
 1636 03a2 4FF4FA63 		mov	r3, #2000
 1637 03a6 0022     		movs	r2, #0
 1638 03a8 0DF10E01 		add	r1, sp, #14
 1639 03ac 0093     		str	r3, [sp]
 1640 03ae 0123     		movs	r3, #1
 1641 03b0 8DF80E20 		strb	r2, [sp, #14]
 1642              	.LVL148:
  39:Core/Src/radio/../../Inc/radio/support.h ****         Error_Handler();
 1643              		.loc 2 39 8 view .LVU495
 1644              	.LBE591:
 1645              	.LBI590:
  36:Core/Src/radio/../../Inc/radio/support.h ****     // Wait until TX buffer is empty
ARM GAS  C:\Users\l1234\AppData\Local\Temp\ccFgEZ6h.s 			page 39


 1646              		.loc 2 36 23 is_stmt 1 view .LVU496
 1647              	.LBB592:
  38:Core/Src/radio/../../Inc/radio/support.h ****     if(HAL_SPI_TransmitReceive(nrf->hspi,&data,&result,1,2000)!=HAL_OK) {
 1648              		.loc 2 38 5 view .LVU497
  39:Core/Src/radio/../../Inc/radio/support.h ****         Error_Handler();
 1649              		.loc 2 39 5 view .LVU498
  39:Core/Src/radio/../../Inc/radio/support.h ****         Error_Handler();
 1650              		.loc 2 39 8 is_stmt 0 view .LVU499
 1651 03b4 0DF10F02 		add	r2, sp, #15
 1652              	.LVL149:
  39:Core/Src/radio/../../Inc/radio/support.h ****         Error_Handler();
 1653              		.loc 2 39 8 view .LVU500
 1654 03b8 2068     		ldr	r0, [r4]
 1655 03ba FFF7FEFF 		bl	HAL_SPI_TransmitReceive
 1656              	.LVL150:
  39:Core/Src/radio/../../Inc/radio/support.h ****         Error_Handler();
 1657              		.loc 2 39 7 view .LVU501
 1658 03be 0028     		cmp	r0, #0
 1659 03c0 40F0A681 		bne	.L222
 1660              	.L69:
  41:Core/Src/radio/../../Inc/radio/support.h ****     return result;
 1661              		.loc 2 41 6 is_stmt 1 view .LVU502
 1662              		.loc 2 42 5 view .LVU503
 1663              	.LVL151:
 1664              		.loc 2 42 5 is_stmt 0 view .LVU504
 1665              	.LBE592:
 1666              	.LBE590:
  39:Core/Src/radio/nrf24.c **** }
 1667              		.loc 1 39 2 is_stmt 1 view .LVU505
 1668              	.LBB594:
 1669              	.LBI594:
  31:Core/Src/radio/../../Inc/radio/support.h ****     HAL_GPIO_WritePin(nrf->csPort, nrf->csPin, GPIO_PIN_SET);
 1670              		.loc 2 31 20 view .LVU506
 1671              	.LBB595:
  32:Core/Src/radio/../../Inc/radio/support.h **** }
 1672              		.loc 2 32 5 view .LVU507
 1673 03c4 0122     		movs	r2, #1
 1674 03c6 218A     		ldrh	r1, [r4, #16]
 1675 03c8 E068     		ldr	r0, [r4, #12]
 1676 03ca FFF7FEFF 		bl	HAL_GPIO_WritePin
 1677              	.LVL152:
  32:Core/Src/radio/../../Inc/radio/support.h **** }
 1678              		.loc 2 32 5 is_stmt 0 view .LVU508
 1679              	.LBE595:
 1680              	.LBE594:
 1681              	.LBE583:
 1682              	.LBE582:
  85:Core/Src/radio/nrf24.c **** 	nRF24_WriteReg(nrf, nRF24_REG_RX_PW_P3, 0x00);
 1683              		.loc 1 85 2 is_stmt 1 view .LVU509
 1684              	.LBB599:
 1685              	.LBI599:
  24:Core/Src/radio/nrf24.c **** 	nRF24_CSN_L(nrf);
 1686              		.loc 1 24 6 view .LVU510
 1687              	.LBB600:
  25:Core/Src/radio/nrf24.c **** 	if (reg < nRF24_CMD_W_REGISTER) {
 1688              		.loc 1 25 2 view .LVU511
 1689              	.LBB601:
ARM GAS  C:\Users\l1234\AppData\Local\Temp\ccFgEZ6h.s 			page 40


 1690              	.LBI601:
  27:Core/Src/radio/../../Inc/radio/support.h ****     HAL_GPIO_WritePin(nrf->csPort, nrf->csPin, GPIO_PIN_RESET);
 1691              		.loc 2 27 20 view .LVU512
 1692              	.LBB602:
  28:Core/Src/radio/../../Inc/radio/support.h **** }
 1693              		.loc 2 28 5 view .LVU513
 1694 03ce 0022     		movs	r2, #0
 1695 03d0 218A     		ldrh	r1, [r4, #16]
 1696 03d2 E068     		ldr	r0, [r4, #12]
 1697 03d4 FFF7FEFF 		bl	HAL_GPIO_WritePin
 1698              	.LVL153:
  28:Core/Src/radio/../../Inc/radio/support.h **** }
 1699              		.loc 2 28 5 is_stmt 0 view .LVU514
 1700              	.LBE602:
 1701              	.LBE601:
  26:Core/Src/radio/nrf24.c **** 		// This is a register access
 1702              		.loc 1 26 2 is_stmt 1 view .LVU515
  28:Core/Src/radio/nrf24.c **** 		nRF24_LL_RW(nrf, value);
 1703              		.loc 1 28 3 view .LVU516
 1704              	.LBB603:
 1705              	.LBB604:
  39:Core/Src/radio/../../Inc/radio/support.h ****         Error_Handler();
 1706              		.loc 2 39 8 is_stmt 0 view .LVU517
 1707 03d8 4FF4FA63 		mov	r3, #2000
 1708 03dc 3422     		movs	r2, #52
 1709 03de 0DF10E01 		add	r1, sp, #14
 1710 03e2 0093     		str	r3, [sp]
 1711 03e4 0123     		movs	r3, #1
 1712 03e6 8DF80E20 		strb	r2, [sp, #14]
 1713              	.LVL154:
  39:Core/Src/radio/../../Inc/radio/support.h ****         Error_Handler();
 1714              		.loc 2 39 8 view .LVU518
 1715              	.LBE604:
 1716              	.LBI603:
  36:Core/Src/radio/../../Inc/radio/support.h ****     // Wait until TX buffer is empty
 1717              		.loc 2 36 23 is_stmt 1 view .LVU519
 1718              	.LBB605:
  38:Core/Src/radio/../../Inc/radio/support.h ****     if(HAL_SPI_TransmitReceive(nrf->hspi,&data,&result,1,2000)!=HAL_OK) {
 1719              		.loc 2 38 5 view .LVU520
  39:Core/Src/radio/../../Inc/radio/support.h ****         Error_Handler();
 1720              		.loc 2 39 5 view .LVU521
  39:Core/Src/radio/../../Inc/radio/support.h ****         Error_Handler();
 1721              		.loc 2 39 8 is_stmt 0 view .LVU522
 1722 03ea 0DF10F02 		add	r2, sp, #15
 1723              	.LVL155:
  39:Core/Src/radio/../../Inc/radio/support.h ****         Error_Handler();
 1724              		.loc 2 39 8 view .LVU523
 1725 03ee 2068     		ldr	r0, [r4]
 1726 03f0 FFF7FEFF 		bl	HAL_SPI_TransmitReceive
 1727              	.LVL156:
  39:Core/Src/radio/../../Inc/radio/support.h ****         Error_Handler();
 1728              		.loc 2 39 7 view .LVU524
 1729 03f4 0028     		cmp	r0, #0
 1730 03f6 40F08881 		bne	.L223
 1731              	.L70:
  41:Core/Src/radio/../../Inc/radio/support.h ****     return result;
 1732              		.loc 2 41 6 is_stmt 1 view .LVU525
ARM GAS  C:\Users\l1234\AppData\Local\Temp\ccFgEZ6h.s 			page 41


 1733              		.loc 2 42 5 view .LVU526
 1734              	.LVL157:
 1735              		.loc 2 42 5 is_stmt 0 view .LVU527
 1736              	.LBE605:
 1737              	.LBE603:
  29:Core/Src/radio/nrf24.c **** 	} else {
 1738              		.loc 1 29 3 is_stmt 1 view .LVU528
 1739              	.LBB607:
 1740              	.LBB608:
  39:Core/Src/radio/../../Inc/radio/support.h ****         Error_Handler();
 1741              		.loc 2 39 8 is_stmt 0 view .LVU529
 1742 03fa 4FF4FA63 		mov	r3, #2000
 1743 03fe 0022     		movs	r2, #0
 1744 0400 0DF10E01 		add	r1, sp, #14
 1745 0404 0093     		str	r3, [sp]
 1746 0406 0123     		movs	r3, #1
 1747 0408 8DF80E20 		strb	r2, [sp, #14]
 1748              	.LVL158:
  39:Core/Src/radio/../../Inc/radio/support.h ****         Error_Handler();
 1749              		.loc 2 39 8 view .LVU530
 1750              	.LBE608:
 1751              	.LBI607:
  36:Core/Src/radio/../../Inc/radio/support.h ****     // Wait until TX buffer is empty
 1752              		.loc 2 36 23 is_stmt 1 view .LVU531
 1753              	.LBB609:
  38:Core/Src/radio/../../Inc/radio/support.h ****     if(HAL_SPI_TransmitReceive(nrf->hspi,&data,&result,1,2000)!=HAL_OK) {
 1754              		.loc 2 38 5 view .LVU532
  39:Core/Src/radio/../../Inc/radio/support.h ****         Error_Handler();
 1755              		.loc 2 39 5 view .LVU533
  39:Core/Src/radio/../../Inc/radio/support.h ****         Error_Handler();
 1756              		.loc 2 39 8 is_stmt 0 view .LVU534
 1757 040c 0DF10F02 		add	r2, sp, #15
 1758              	.LVL159:
  39:Core/Src/radio/../../Inc/radio/support.h ****         Error_Handler();
 1759              		.loc 2 39 8 view .LVU535
 1760 0410 2068     		ldr	r0, [r4]
 1761 0412 FFF7FEFF 		bl	HAL_SPI_TransmitReceive
 1762              	.LVL160:
  39:Core/Src/radio/../../Inc/radio/support.h ****         Error_Handler();
 1763              		.loc 2 39 7 view .LVU536
 1764 0416 0028     		cmp	r0, #0
 1765 0418 40F07481 		bne	.L224
 1766              	.L71:
  41:Core/Src/radio/../../Inc/radio/support.h ****     return result;
 1767              		.loc 2 41 6 is_stmt 1 view .LVU537
 1768              		.loc 2 42 5 view .LVU538
 1769              	.LVL161:
 1770              		.loc 2 42 5 is_stmt 0 view .LVU539
 1771              	.LBE609:
 1772              	.LBE607:
  39:Core/Src/radio/nrf24.c **** }
 1773              		.loc 1 39 2 is_stmt 1 view .LVU540
 1774              	.LBB611:
 1775              	.LBI611:
  31:Core/Src/radio/../../Inc/radio/support.h ****     HAL_GPIO_WritePin(nrf->csPort, nrf->csPin, GPIO_PIN_SET);
 1776              		.loc 2 31 20 view .LVU541
 1777              	.LBB612:
ARM GAS  C:\Users\l1234\AppData\Local\Temp\ccFgEZ6h.s 			page 42


  32:Core/Src/radio/../../Inc/radio/support.h **** }
 1778              		.loc 2 32 5 view .LVU542
 1779 041c 0122     		movs	r2, #1
 1780 041e 218A     		ldrh	r1, [r4, #16]
 1781 0420 E068     		ldr	r0, [r4, #12]
 1782 0422 FFF7FEFF 		bl	HAL_GPIO_WritePin
 1783              	.LVL162:
  32:Core/Src/radio/../../Inc/radio/support.h **** }
 1784              		.loc 2 32 5 is_stmt 0 view .LVU543
 1785              	.LBE612:
 1786              	.LBE611:
 1787              	.LBE600:
 1788              	.LBE599:
  86:Core/Src/radio/nrf24.c **** 	nRF24_WriteReg(nrf, nRF24_REG_RX_PW_P4, 0x00);
 1789              		.loc 1 86 2 is_stmt 1 view .LVU544
 1790              	.LBB616:
 1791              	.LBI616:
  24:Core/Src/radio/nrf24.c **** 	nRF24_CSN_L(nrf);
 1792              		.loc 1 24 6 view .LVU545
 1793              	.LBB617:
  25:Core/Src/radio/nrf24.c **** 	if (reg < nRF24_CMD_W_REGISTER) {
 1794              		.loc 1 25 2 view .LVU546
 1795              	.LBB618:
 1796              	.LBI618:
  27:Core/Src/radio/../../Inc/radio/support.h ****     HAL_GPIO_WritePin(nrf->csPort, nrf->csPin, GPIO_PIN_RESET);
 1797              		.loc 2 27 20 view .LVU547
 1798              	.LBB619:
  28:Core/Src/radio/../../Inc/radio/support.h **** }
 1799              		.loc 2 28 5 view .LVU548
 1800 0426 0022     		movs	r2, #0
 1801 0428 218A     		ldrh	r1, [r4, #16]
 1802 042a E068     		ldr	r0, [r4, #12]
 1803 042c FFF7FEFF 		bl	HAL_GPIO_WritePin
 1804              	.LVL163:
  28:Core/Src/radio/../../Inc/radio/support.h **** }
 1805              		.loc 2 28 5 is_stmt 0 view .LVU549
 1806              	.LBE619:
 1807              	.LBE618:
  26:Core/Src/radio/nrf24.c **** 		// This is a register access
 1808              		.loc 1 26 2 is_stmt 1 view .LVU550
  28:Core/Src/radio/nrf24.c **** 		nRF24_LL_RW(nrf, value);
 1809              		.loc 1 28 3 view .LVU551
 1810              	.LBB620:
 1811              	.LBB621:
  39:Core/Src/radio/../../Inc/radio/support.h ****         Error_Handler();
 1812              		.loc 2 39 8 is_stmt 0 view .LVU552
 1813 0430 4FF4FA63 		mov	r3, #2000
 1814 0434 3522     		movs	r2, #53
 1815 0436 0DF10E01 		add	r1, sp, #14
 1816 043a 0093     		str	r3, [sp]
 1817 043c 0123     		movs	r3, #1
 1818 043e 8DF80E20 		strb	r2, [sp, #14]
 1819              	.LVL164:
  39:Core/Src/radio/../../Inc/radio/support.h ****         Error_Handler();
 1820              		.loc 2 39 8 view .LVU553
 1821              	.LBE621:
 1822              	.LBI620:
ARM GAS  C:\Users\l1234\AppData\Local\Temp\ccFgEZ6h.s 			page 43


  36:Core/Src/radio/../../Inc/radio/support.h ****     // Wait until TX buffer is empty
 1823              		.loc 2 36 23 is_stmt 1 view .LVU554
 1824              	.LBB622:
  38:Core/Src/radio/../../Inc/radio/support.h ****     if(HAL_SPI_TransmitReceive(nrf->hspi,&data,&result,1,2000)!=HAL_OK) {
 1825              		.loc 2 38 5 view .LVU555
  39:Core/Src/radio/../../Inc/radio/support.h ****         Error_Handler();
 1826              		.loc 2 39 5 view .LVU556
  39:Core/Src/radio/../../Inc/radio/support.h ****         Error_Handler();
 1827              		.loc 2 39 8 is_stmt 0 view .LVU557
 1828 0442 0DF10F02 		add	r2, sp, #15
 1829              	.LVL165:
  39:Core/Src/radio/../../Inc/radio/support.h ****         Error_Handler();
 1830              		.loc 2 39 8 view .LVU558
 1831 0446 2068     		ldr	r0, [r4]
 1832 0448 FFF7FEFF 		bl	HAL_SPI_TransmitReceive
 1833              	.LVL166:
  39:Core/Src/radio/../../Inc/radio/support.h ****         Error_Handler();
 1834              		.loc 2 39 7 view .LVU559
 1835 044c 0028     		cmp	r0, #0
 1836 044e 40F05681 		bne	.L225
 1837              	.L72:
  41:Core/Src/radio/../../Inc/radio/support.h ****     return result;
 1838              		.loc 2 41 6 is_stmt 1 view .LVU560
 1839              		.loc 2 42 5 view .LVU561
 1840              	.LVL167:
 1841              		.loc 2 42 5 is_stmt 0 view .LVU562
 1842              	.LBE622:
 1843              	.LBE620:
  29:Core/Src/radio/nrf24.c **** 	} else {
 1844              		.loc 1 29 3 is_stmt 1 view .LVU563
 1845              	.LBB624:
 1846              	.LBB625:
  39:Core/Src/radio/../../Inc/radio/support.h ****         Error_Handler();
 1847              		.loc 2 39 8 is_stmt 0 view .LVU564
 1848 0452 4FF4FA63 		mov	r3, #2000
 1849 0456 0022     		movs	r2, #0
 1850 0458 0DF10E01 		add	r1, sp, #14
 1851 045c 0093     		str	r3, [sp]
 1852 045e 0123     		movs	r3, #1
 1853 0460 8DF80E20 		strb	r2, [sp, #14]
 1854              	.LVL168:
  39:Core/Src/radio/../../Inc/radio/support.h ****         Error_Handler();
 1855              		.loc 2 39 8 view .LVU565
 1856              	.LBE625:
 1857              	.LBI624:
  36:Core/Src/radio/../../Inc/radio/support.h ****     // Wait until TX buffer is empty
 1858              		.loc 2 36 23 is_stmt 1 view .LVU566
 1859              	.LBB626:
  38:Core/Src/radio/../../Inc/radio/support.h ****     if(HAL_SPI_TransmitReceive(nrf->hspi,&data,&result,1,2000)!=HAL_OK) {
 1860              		.loc 2 38 5 view .LVU567
  39:Core/Src/radio/../../Inc/radio/support.h ****         Error_Handler();
 1861              		.loc 2 39 5 view .LVU568
  39:Core/Src/radio/../../Inc/radio/support.h ****         Error_Handler();
 1862              		.loc 2 39 8 is_stmt 0 view .LVU569
 1863 0464 0DF10F02 		add	r2, sp, #15
 1864              	.LVL169:
  39:Core/Src/radio/../../Inc/radio/support.h ****         Error_Handler();
ARM GAS  C:\Users\l1234\AppData\Local\Temp\ccFgEZ6h.s 			page 44


 1865              		.loc 2 39 8 view .LVU570
 1866 0468 2068     		ldr	r0, [r4]
 1867 046a FFF7FEFF 		bl	HAL_SPI_TransmitReceive
 1868              	.LVL170:
  39:Core/Src/radio/../../Inc/radio/support.h ****         Error_Handler();
 1869              		.loc 2 39 7 view .LVU571
 1870 046e 0028     		cmp	r0, #0
 1871 0470 40F04281 		bne	.L226
 1872              	.L73:
  41:Core/Src/radio/../../Inc/radio/support.h ****     return result;
 1873              		.loc 2 41 6 is_stmt 1 view .LVU572
 1874              		.loc 2 42 5 view .LVU573
 1875              	.LVL171:
 1876              		.loc 2 42 5 is_stmt 0 view .LVU574
 1877              	.LBE626:
 1878              	.LBE624:
  39:Core/Src/radio/nrf24.c **** }
 1879              		.loc 1 39 2 is_stmt 1 view .LVU575
 1880              	.LBB628:
 1881              	.LBI628:
  31:Core/Src/radio/../../Inc/radio/support.h ****     HAL_GPIO_WritePin(nrf->csPort, nrf->csPin, GPIO_PIN_SET);
 1882              		.loc 2 31 20 view .LVU576
 1883              	.LBB629:
  32:Core/Src/radio/../../Inc/radio/support.h **** }
 1884              		.loc 2 32 5 view .LVU577
 1885 0474 0122     		movs	r2, #1
 1886 0476 218A     		ldrh	r1, [r4, #16]
 1887 0478 E068     		ldr	r0, [r4, #12]
 1888 047a FFF7FEFF 		bl	HAL_GPIO_WritePin
 1889              	.LVL172:
  32:Core/Src/radio/../../Inc/radio/support.h **** }
 1890              		.loc 2 32 5 is_stmt 0 view .LVU578
 1891              	.LBE629:
 1892              	.LBE628:
 1893              	.LBE617:
 1894              	.LBE616:
  87:Core/Src/radio/nrf24.c **** 	nRF24_WriteReg(nrf, nRF24_REG_RX_PW_P5, 0x00);
 1895              		.loc 1 87 2 is_stmt 1 view .LVU579
 1896              	.LBB633:
 1897              	.LBI633:
  24:Core/Src/radio/nrf24.c **** 	nRF24_CSN_L(nrf);
 1898              		.loc 1 24 6 view .LVU580
 1899              	.LBB634:
  25:Core/Src/radio/nrf24.c **** 	if (reg < nRF24_CMD_W_REGISTER) {
 1900              		.loc 1 25 2 view .LVU581
 1901              	.LBB635:
 1902              	.LBI635:
  27:Core/Src/radio/../../Inc/radio/support.h ****     HAL_GPIO_WritePin(nrf->csPort, nrf->csPin, GPIO_PIN_RESET);
 1903              		.loc 2 27 20 view .LVU582
 1904              	.LBB636:
  28:Core/Src/radio/../../Inc/radio/support.h **** }
 1905              		.loc 2 28 5 view .LVU583
 1906 047e 0022     		movs	r2, #0
 1907 0480 218A     		ldrh	r1, [r4, #16]
 1908 0482 E068     		ldr	r0, [r4, #12]
 1909 0484 FFF7FEFF 		bl	HAL_GPIO_WritePin
 1910              	.LVL173:
ARM GAS  C:\Users\l1234\AppData\Local\Temp\ccFgEZ6h.s 			page 45


  28:Core/Src/radio/../../Inc/radio/support.h **** }
 1911              		.loc 2 28 5 is_stmt 0 view .LVU584
 1912              	.LBE636:
 1913              	.LBE635:
  26:Core/Src/radio/nrf24.c **** 		// This is a register access
 1914              		.loc 1 26 2 is_stmt 1 view .LVU585
  28:Core/Src/radio/nrf24.c **** 		nRF24_LL_RW(nrf, value);
 1915              		.loc 1 28 3 view .LVU586
 1916              	.LBB637:
 1917              	.LBB638:
  39:Core/Src/radio/../../Inc/radio/support.h ****         Error_Handler();
 1918              		.loc 2 39 8 is_stmt 0 view .LVU587
 1919 0488 4FF4FA63 		mov	r3, #2000
 1920 048c 3622     		movs	r2, #54
 1921 048e 0DF10E01 		add	r1, sp, #14
 1922 0492 0093     		str	r3, [sp]
 1923 0494 0123     		movs	r3, #1
 1924 0496 8DF80E20 		strb	r2, [sp, #14]
 1925              	.LVL174:
  39:Core/Src/radio/../../Inc/radio/support.h ****         Error_Handler();
 1926              		.loc 2 39 8 view .LVU588
 1927              	.LBE638:
 1928              	.LBI637:
  36:Core/Src/radio/../../Inc/radio/support.h ****     // Wait until TX buffer is empty
 1929              		.loc 2 36 23 is_stmt 1 view .LVU589
 1930              	.LBB639:
  38:Core/Src/radio/../../Inc/radio/support.h ****     if(HAL_SPI_TransmitReceive(nrf->hspi,&data,&result,1,2000)!=HAL_OK) {
 1931              		.loc 2 38 5 view .LVU590
  39:Core/Src/radio/../../Inc/radio/support.h ****         Error_Handler();
 1932              		.loc 2 39 5 view .LVU591
  39:Core/Src/radio/../../Inc/radio/support.h ****         Error_Handler();
 1933              		.loc 2 39 8 is_stmt 0 view .LVU592
 1934 049a 0DF10F02 		add	r2, sp, #15
 1935              	.LVL175:
  39:Core/Src/radio/../../Inc/radio/support.h ****         Error_Handler();
 1936              		.loc 2 39 8 view .LVU593
 1937 049e 2068     		ldr	r0, [r4]
 1938 04a0 FFF7FEFF 		bl	HAL_SPI_TransmitReceive
 1939              	.LVL176:
  39:Core/Src/radio/../../Inc/radio/support.h ****         Error_Handler();
 1940              		.loc 2 39 7 view .LVU594
 1941 04a4 0028     		cmp	r0, #0
 1942 04a6 40F02481 		bne	.L227
 1943              	.L74:
  41:Core/Src/radio/../../Inc/radio/support.h ****     return result;
 1944              		.loc 2 41 6 is_stmt 1 view .LVU595
 1945              		.loc 2 42 5 view .LVU596
 1946              	.LVL177:
 1947              		.loc 2 42 5 is_stmt 0 view .LVU597
 1948              	.LBE639:
 1949              	.LBE637:
  29:Core/Src/radio/nrf24.c **** 	} else {
 1950              		.loc 1 29 3 is_stmt 1 view .LVU598
 1951              	.LBB641:
 1952              	.LBB642:
  39:Core/Src/radio/../../Inc/radio/support.h ****         Error_Handler();
 1953              		.loc 2 39 8 is_stmt 0 view .LVU599
ARM GAS  C:\Users\l1234\AppData\Local\Temp\ccFgEZ6h.s 			page 46


 1954 04aa 4FF4FA63 		mov	r3, #2000
 1955 04ae 0022     		movs	r2, #0
 1956 04b0 0DF10E01 		add	r1, sp, #14
 1957 04b4 0093     		str	r3, [sp]
 1958 04b6 0123     		movs	r3, #1
 1959 04b8 8DF80E20 		strb	r2, [sp, #14]
 1960              	.LVL178:
  39:Core/Src/radio/../../Inc/radio/support.h ****         Error_Handler();
 1961              		.loc 2 39 8 view .LVU600
 1962              	.LBE642:
 1963              	.LBI641:
  36:Core/Src/radio/../../Inc/radio/support.h ****     // Wait until TX buffer is empty
 1964              		.loc 2 36 23 is_stmt 1 view .LVU601
 1965              	.LBB643:
  38:Core/Src/radio/../../Inc/radio/support.h ****     if(HAL_SPI_TransmitReceive(nrf->hspi,&data,&result,1,2000)!=HAL_OK) {
 1966              		.loc 2 38 5 view .LVU602
  39:Core/Src/radio/../../Inc/radio/support.h ****         Error_Handler();
 1967              		.loc 2 39 5 view .LVU603
  39:Core/Src/radio/../../Inc/radio/support.h ****         Error_Handler();
 1968              		.loc 2 39 8 is_stmt 0 view .LVU604
 1969 04bc 0DF10F02 		add	r2, sp, #15
 1970              	.LVL179:
  39:Core/Src/radio/../../Inc/radio/support.h ****         Error_Handler();
 1971              		.loc 2 39 8 view .LVU605
 1972 04c0 2068     		ldr	r0, [r4]
 1973 04c2 FFF7FEFF 		bl	HAL_SPI_TransmitReceive
 1974              	.LVL180:
  39:Core/Src/radio/../../Inc/radio/support.h ****         Error_Handler();
 1975              		.loc 2 39 7 view .LVU606
 1976 04c6 0028     		cmp	r0, #0
 1977 04c8 40F01081 		bne	.L228
 1978              	.L75:
  41:Core/Src/radio/../../Inc/radio/support.h ****     return result;
 1979              		.loc 2 41 6 is_stmt 1 view .LVU607
 1980              		.loc 2 42 5 view .LVU608
 1981              	.LVL181:
 1982              		.loc 2 42 5 is_stmt 0 view .LVU609
 1983              	.LBE643:
 1984              	.LBE641:
  39:Core/Src/radio/nrf24.c **** }
 1985              		.loc 1 39 2 is_stmt 1 view .LVU610
 1986              	.LBB645:
 1987              	.LBI645:
  31:Core/Src/radio/../../Inc/radio/support.h ****     HAL_GPIO_WritePin(nrf->csPort, nrf->csPin, GPIO_PIN_SET);
 1988              		.loc 2 31 20 view .LVU611
 1989              	.LBB646:
  32:Core/Src/radio/../../Inc/radio/support.h **** }
 1990              		.loc 2 32 5 view .LVU612
 1991 04cc 0122     		movs	r2, #1
 1992 04ce 218A     		ldrh	r1, [r4, #16]
 1993 04d0 E068     		ldr	r0, [r4, #12]
 1994 04d2 FFF7FEFF 		bl	HAL_GPIO_WritePin
 1995              	.LVL182:
  32:Core/Src/radio/../../Inc/radio/support.h **** }
 1996              		.loc 2 32 5 is_stmt 0 view .LVU613
 1997              	.LBE646:
 1998              	.LBE645:
ARM GAS  C:\Users\l1234\AppData\Local\Temp\ccFgEZ6h.s 			page 47


 1999              	.LBE634:
 2000              	.LBE633:
  88:Core/Src/radio/nrf24.c **** 	nRF24_WriteReg(nrf, nRF24_REG_DYNPD, 0x00);
 2001              		.loc 1 88 2 is_stmt 1 view .LVU614
 2002              	.LBB650:
 2003              	.LBI650:
  24:Core/Src/radio/nrf24.c **** 	nRF24_CSN_L(nrf);
 2004              		.loc 1 24 6 view .LVU615
 2005              	.LBB651:
  25:Core/Src/radio/nrf24.c **** 	if (reg < nRF24_CMD_W_REGISTER) {
 2006              		.loc 1 25 2 view .LVU616
 2007              	.LBB652:
 2008              	.LBI652:
  27:Core/Src/radio/../../Inc/radio/support.h ****     HAL_GPIO_WritePin(nrf->csPort, nrf->csPin, GPIO_PIN_RESET);
 2009              		.loc 2 27 20 view .LVU617
 2010              	.LBB653:
  28:Core/Src/radio/../../Inc/radio/support.h **** }
 2011              		.loc 2 28 5 view .LVU618
 2012 04d6 0022     		movs	r2, #0
 2013 04d8 218A     		ldrh	r1, [r4, #16]
 2014 04da E068     		ldr	r0, [r4, #12]
 2015 04dc FFF7FEFF 		bl	HAL_GPIO_WritePin
 2016              	.LVL183:
  28:Core/Src/radio/../../Inc/radio/support.h **** }
 2017              		.loc 2 28 5 is_stmt 0 view .LVU619
 2018              	.LBE653:
 2019              	.LBE652:
  26:Core/Src/radio/nrf24.c **** 		// This is a register access
 2020              		.loc 1 26 2 is_stmt 1 view .LVU620
  28:Core/Src/radio/nrf24.c **** 		nRF24_LL_RW(nrf, value);
 2021              		.loc 1 28 3 view .LVU621
 2022              	.LBB654:
 2023              	.LBB655:
  39:Core/Src/radio/../../Inc/radio/support.h ****         Error_Handler();
 2024              		.loc 2 39 8 is_stmt 0 view .LVU622
 2025 04e0 4FF4FA63 		mov	r3, #2000
 2026 04e4 3C22     		movs	r2, #60
 2027 04e6 0DF10E01 		add	r1, sp, #14
 2028 04ea 0093     		str	r3, [sp]
 2029 04ec 0123     		movs	r3, #1
 2030 04ee 8DF80E20 		strb	r2, [sp, #14]
 2031              	.LVL184:
  39:Core/Src/radio/../../Inc/radio/support.h ****         Error_Handler();
 2032              		.loc 2 39 8 view .LVU623
 2033              	.LBE655:
 2034              	.LBI654:
  36:Core/Src/radio/../../Inc/radio/support.h ****     // Wait until TX buffer is empty
 2035              		.loc 2 36 23 is_stmt 1 view .LVU624
 2036              	.LBB656:
  38:Core/Src/radio/../../Inc/radio/support.h ****     if(HAL_SPI_TransmitReceive(nrf->hspi,&data,&result,1,2000)!=HAL_OK) {
 2037              		.loc 2 38 5 view .LVU625
  39:Core/Src/radio/../../Inc/radio/support.h ****         Error_Handler();
 2038              		.loc 2 39 5 view .LVU626
  39:Core/Src/radio/../../Inc/radio/support.h ****         Error_Handler();
 2039              		.loc 2 39 8 is_stmt 0 view .LVU627
 2040 04f2 0DF10F02 		add	r2, sp, #15
 2041              	.LVL185:
ARM GAS  C:\Users\l1234\AppData\Local\Temp\ccFgEZ6h.s 			page 48


  39:Core/Src/radio/../../Inc/radio/support.h ****         Error_Handler();
 2042              		.loc 2 39 8 view .LVU628
 2043 04f6 2068     		ldr	r0, [r4]
 2044 04f8 FFF7FEFF 		bl	HAL_SPI_TransmitReceive
 2045              	.LVL186:
  39:Core/Src/radio/../../Inc/radio/support.h ****         Error_Handler();
 2046              		.loc 2 39 7 view .LVU629
 2047 04fc 0028     		cmp	r0, #0
 2048 04fe 40F0F280 		bne	.L229
 2049              	.L76:
  41:Core/Src/radio/../../Inc/radio/support.h ****     return result;
 2050              		.loc 2 41 6 is_stmt 1 view .LVU630
 2051              		.loc 2 42 5 view .LVU631
 2052              	.LVL187:
 2053              		.loc 2 42 5 is_stmt 0 view .LVU632
 2054              	.LBE656:
 2055              	.LBE654:
  29:Core/Src/radio/nrf24.c **** 	} else {
 2056              		.loc 1 29 3 is_stmt 1 view .LVU633
 2057              	.LBB658:
 2058              	.LBB659:
  39:Core/Src/radio/../../Inc/radio/support.h ****         Error_Handler();
 2059              		.loc 2 39 8 is_stmt 0 view .LVU634
 2060 0502 4FF4FA63 		mov	r3, #2000
 2061 0506 0022     		movs	r2, #0
 2062 0508 0DF10E01 		add	r1, sp, #14
 2063 050c 0093     		str	r3, [sp]
 2064 050e 0123     		movs	r3, #1
 2065 0510 8DF80E20 		strb	r2, [sp, #14]
 2066              	.LVL188:
  39:Core/Src/radio/../../Inc/radio/support.h ****         Error_Handler();
 2067              		.loc 2 39 8 view .LVU635
 2068              	.LBE659:
 2069              	.LBI658:
  36:Core/Src/radio/../../Inc/radio/support.h ****     // Wait until TX buffer is empty
 2070              		.loc 2 36 23 is_stmt 1 view .LVU636
 2071              	.LBB660:
  38:Core/Src/radio/../../Inc/radio/support.h ****     if(HAL_SPI_TransmitReceive(nrf->hspi,&data,&result,1,2000)!=HAL_OK) {
 2072              		.loc 2 38 5 view .LVU637
  39:Core/Src/radio/../../Inc/radio/support.h ****         Error_Handler();
 2073              		.loc 2 39 5 view .LVU638
  39:Core/Src/radio/../../Inc/radio/support.h ****         Error_Handler();
 2074              		.loc 2 39 8 is_stmt 0 view .LVU639
 2075 0514 0DF10F02 		add	r2, sp, #15
 2076              	.LVL189:
  39:Core/Src/radio/../../Inc/radio/support.h ****         Error_Handler();
 2077              		.loc 2 39 8 view .LVU640
 2078 0518 2068     		ldr	r0, [r4]
 2079 051a FFF7FEFF 		bl	HAL_SPI_TransmitReceive
 2080              	.LVL190:
  39:Core/Src/radio/../../Inc/radio/support.h ****         Error_Handler();
 2081              		.loc 2 39 7 view .LVU641
 2082 051e 0028     		cmp	r0, #0
 2083 0520 40F0DE80 		bne	.L230
 2084              	.L77:
  41:Core/Src/radio/../../Inc/radio/support.h ****     return result;
 2085              		.loc 2 41 6 is_stmt 1 view .LVU642
ARM GAS  C:\Users\l1234\AppData\Local\Temp\ccFgEZ6h.s 			page 49


 2086              		.loc 2 42 5 view .LVU643
 2087              	.LVL191:
 2088              		.loc 2 42 5 is_stmt 0 view .LVU644
 2089              	.LBE660:
 2090              	.LBE658:
  39:Core/Src/radio/nrf24.c **** }
 2091              		.loc 1 39 2 is_stmt 1 view .LVU645
 2092              	.LBB662:
 2093              	.LBI662:
  31:Core/Src/radio/../../Inc/radio/support.h ****     HAL_GPIO_WritePin(nrf->csPort, nrf->csPin, GPIO_PIN_SET);
 2094              		.loc 2 31 20 view .LVU646
 2095              	.LBB663:
  32:Core/Src/radio/../../Inc/radio/support.h **** }
 2096              		.loc 2 32 5 view .LVU647
 2097 0524 0122     		movs	r2, #1
 2098 0526 218A     		ldrh	r1, [r4, #16]
 2099 0528 E068     		ldr	r0, [r4, #12]
 2100 052a FFF7FEFF 		bl	HAL_GPIO_WritePin
 2101              	.LVL192:
  32:Core/Src/radio/../../Inc/radio/support.h **** }
 2102              		.loc 2 32 5 is_stmt 0 view .LVU648
 2103              	.LBE663:
 2104              	.LBE662:
 2105              	.LBE651:
 2106              	.LBE650:
  89:Core/Src/radio/nrf24.c **** 	nRF24_WriteReg(nrf, nRF24_REG_FEATURE, 0x00);
 2107              		.loc 1 89 2 is_stmt 1 view .LVU649
 2108              	.LBB667:
 2109              	.LBI667:
  24:Core/Src/radio/nrf24.c **** 	nRF24_CSN_L(nrf);
 2110              		.loc 1 24 6 view .LVU650
 2111              	.LBB668:
  25:Core/Src/radio/nrf24.c **** 	if (reg < nRF24_CMD_W_REGISTER) {
 2112              		.loc 1 25 2 view .LVU651
 2113              	.LBB669:
 2114              	.LBI669:
  27:Core/Src/radio/../../Inc/radio/support.h ****     HAL_GPIO_WritePin(nrf->csPort, nrf->csPin, GPIO_PIN_RESET);
 2115              		.loc 2 27 20 view .LVU652
 2116              	.LBB670:
  28:Core/Src/radio/../../Inc/radio/support.h **** }
 2117              		.loc 2 28 5 view .LVU653
 2118 052e 0022     		movs	r2, #0
 2119 0530 218A     		ldrh	r1, [r4, #16]
 2120 0532 E068     		ldr	r0, [r4, #12]
 2121 0534 FFF7FEFF 		bl	HAL_GPIO_WritePin
 2122              	.LVL193:
  28:Core/Src/radio/../../Inc/radio/support.h **** }
 2123              		.loc 2 28 5 is_stmt 0 view .LVU654
 2124              	.LBE670:
 2125              	.LBE669:
  26:Core/Src/radio/nrf24.c **** 		// This is a register access
 2126              		.loc 1 26 2 is_stmt 1 view .LVU655
  28:Core/Src/radio/nrf24.c **** 		nRF24_LL_RW(nrf, value);
 2127              		.loc 1 28 3 view .LVU656
 2128              	.LBB671:
 2129              	.LBB672:
  39:Core/Src/radio/../../Inc/radio/support.h ****         Error_Handler();
ARM GAS  C:\Users\l1234\AppData\Local\Temp\ccFgEZ6h.s 			page 50


 2130              		.loc 2 39 8 is_stmt 0 view .LVU657
 2131 0538 4FF4FA63 		mov	r3, #2000
 2132 053c 3D22     		movs	r2, #61
 2133 053e 0DF10E01 		add	r1, sp, #14
 2134 0542 0093     		str	r3, [sp]
 2135 0544 0123     		movs	r3, #1
 2136 0546 8DF80E20 		strb	r2, [sp, #14]
 2137              	.LVL194:
  39:Core/Src/radio/../../Inc/radio/support.h ****         Error_Handler();
 2138              		.loc 2 39 8 view .LVU658
 2139              	.LBE672:
 2140              	.LBI671:
  36:Core/Src/radio/../../Inc/radio/support.h ****     // Wait until TX buffer is empty
 2141              		.loc 2 36 23 is_stmt 1 view .LVU659
 2142              	.LBB673:
  38:Core/Src/radio/../../Inc/radio/support.h ****     if(HAL_SPI_TransmitReceive(nrf->hspi,&data,&result,1,2000)!=HAL_OK) {
 2143              		.loc 2 38 5 view .LVU660
  39:Core/Src/radio/../../Inc/radio/support.h ****         Error_Handler();
 2144              		.loc 2 39 5 view .LVU661
  39:Core/Src/radio/../../Inc/radio/support.h ****         Error_Handler();
 2145              		.loc 2 39 8 is_stmt 0 view .LVU662
 2146 054a 0DF10F02 		add	r2, sp, #15
 2147              	.LVL195:
  39:Core/Src/radio/../../Inc/radio/support.h ****         Error_Handler();
 2148              		.loc 2 39 8 view .LVU663
 2149 054e 2068     		ldr	r0, [r4]
 2150 0550 FFF7FEFF 		bl	HAL_SPI_TransmitReceive
 2151              	.LVL196:
  39:Core/Src/radio/../../Inc/radio/support.h ****         Error_Handler();
 2152              		.loc 2 39 7 view .LVU664
 2153 0554 0028     		cmp	r0, #0
 2154 0556 40F0C080 		bne	.L231
 2155              	.L78:
  41:Core/Src/radio/../../Inc/radio/support.h ****     return result;
 2156              		.loc 2 41 6 is_stmt 1 view .LVU665
 2157              		.loc 2 42 5 view .LVU666
 2158              	.LVL197:
 2159              		.loc 2 42 5 is_stmt 0 view .LVU667
 2160              	.LBE673:
 2161              	.LBE671:
  29:Core/Src/radio/nrf24.c **** 	} else {
 2162              		.loc 1 29 3 is_stmt 1 view .LVU668
 2163              	.LBB675:
 2164              	.LBB676:
  39:Core/Src/radio/../../Inc/radio/support.h ****         Error_Handler();
 2165              		.loc 2 39 8 is_stmt 0 view .LVU669
 2166 055a 4FF4FA63 		mov	r3, #2000
 2167 055e 0022     		movs	r2, #0
 2168 0560 0DF10E01 		add	r1, sp, #14
 2169 0564 0093     		str	r3, [sp]
 2170 0566 0123     		movs	r3, #1
 2171 0568 8DF80E20 		strb	r2, [sp, #14]
 2172              	.LVL198:
  39:Core/Src/radio/../../Inc/radio/support.h ****         Error_Handler();
 2173              		.loc 2 39 8 view .LVU670
 2174              	.LBE676:
 2175              	.LBI675:
ARM GAS  C:\Users\l1234\AppData\Local\Temp\ccFgEZ6h.s 			page 51


  36:Core/Src/radio/../../Inc/radio/support.h ****     // Wait until TX buffer is empty
 2176              		.loc 2 36 23 is_stmt 1 view .LVU671
 2177              	.LBB677:
  38:Core/Src/radio/../../Inc/radio/support.h ****     if(HAL_SPI_TransmitReceive(nrf->hspi,&data,&result,1,2000)!=HAL_OK) {
 2178              		.loc 2 38 5 view .LVU672
  39:Core/Src/radio/../../Inc/radio/support.h ****         Error_Handler();
 2179              		.loc 2 39 5 view .LVU673
  39:Core/Src/radio/../../Inc/radio/support.h ****         Error_Handler();
 2180              		.loc 2 39 8 is_stmt 0 view .LVU674
 2181 056c 0DF10F02 		add	r2, sp, #15
 2182              	.LVL199:
  39:Core/Src/radio/../../Inc/radio/support.h ****         Error_Handler();
 2183              		.loc 2 39 8 view .LVU675
 2184 0570 2068     		ldr	r0, [r4]
 2185 0572 FFF7FEFF 		bl	HAL_SPI_TransmitReceive
 2186              	.LVL200:
  39:Core/Src/radio/../../Inc/radio/support.h ****         Error_Handler();
 2187              		.loc 2 39 7 view .LVU676
 2188 0576 0028     		cmp	r0, #0
 2189 0578 40F0AC80 		bne	.L232
 2190              	.L79:
  41:Core/Src/radio/../../Inc/radio/support.h ****     return result;
 2191              		.loc 2 41 6 is_stmt 1 view .LVU677
 2192              		.loc 2 42 5 view .LVU678
 2193              	.LVL201:
 2194              		.loc 2 42 5 is_stmt 0 view .LVU679
 2195              	.LBE677:
 2196              	.LBE675:
  39:Core/Src/radio/nrf24.c **** }
 2197              		.loc 1 39 2 is_stmt 1 view .LVU680
 2198              	.LBB679:
 2199              	.LBI679:
  31:Core/Src/radio/../../Inc/radio/support.h ****     HAL_GPIO_WritePin(nrf->csPort, nrf->csPin, GPIO_PIN_SET);
 2200              		.loc 2 31 20 view .LVU681
 2201              	.LBB680:
  32:Core/Src/radio/../../Inc/radio/support.h **** }
 2202              		.loc 2 32 5 view .LVU682
 2203 057c 0122     		movs	r2, #1
 2204 057e 218A     		ldrh	r1, [r4, #16]
 2205 0580 E068     		ldr	r0, [r4, #12]
 2206 0582 FFF7FEFF 		bl	HAL_GPIO_WritePin
 2207              	.LVL202:
  32:Core/Src/radio/../../Inc/radio/support.h **** }
 2208              		.loc 2 32 5 is_stmt 0 view .LVU683
 2209              	.LBE680:
 2210              	.LBE679:
 2211              	.LBE668:
 2212              	.LBE667:
  90:Core/Src/radio/nrf24.c **** 
  91:Core/Src/radio/nrf24.c **** 	// Clear the FIFO's
  92:Core/Src/radio/nrf24.c **** 	nRF24_FlushRX(nrf);
 2213              		.loc 1 92 2 is_stmt 1 view .LVU684
 2214              	.LBB684:
 2215              	.LBI684:
  93:Core/Src/radio/nrf24.c **** 	nRF24_FlushTX(nrf);
  94:Core/Src/radio/nrf24.c **** 
  95:Core/Src/radio/nrf24.c **** 	// Clear any pending interrupt flags
ARM GAS  C:\Users\l1234\AppData\Local\Temp\ccFgEZ6h.s 			page 52


  96:Core/Src/radio/nrf24.c **** 	nRF24_ClearIRQFlags(nrf);
  97:Core/Src/radio/nrf24.c **** 
  98:Core/Src/radio/nrf24.c **** 	// Deassert CSN pin (chip release)
  99:Core/Src/radio/nrf24.c **** 	nRF24_CSN_H(nrf);
 100:Core/Src/radio/nrf24.c **** }
 101:Core/Src/radio/nrf24.c **** 
 102:Core/Src/radio/nrf24.c **** // Check if the nRF24L01 present
 103:Core/Src/radio/nrf24.c **** // return:
 104:Core/Src/radio/nrf24.c **** //   1 - nRF24L01 is online and responding
 105:Core/Src/radio/nrf24.c **** //   0 - received sequence differs from original
 106:Core/Src/radio/nrf24.c **** uint8_t nRF24_Check(const NRF24_TypeDef *nrf) {
 107:Core/Src/radio/nrf24.c **** 	uint8_t rxbuf[5];
 108:Core/Src/radio/nrf24.c **** 	uint8_t i;
 109:Core/Src/radio/nrf24.c **** 	uint8_t *ptr = (uint8_t *)nRF24_TEST_ADDR;
 110:Core/Src/radio/nrf24.c **** 
 111:Core/Src/radio/nrf24.c **** 	// Write test TX address and read TX_ADDR register
 112:Core/Src/radio/nrf24.c **** 	nRF24_WriteMBReg(nrf, nRF24_CMD_W_REGISTER | nRF24_REG_TX_ADDR, ptr, 5);
 113:Core/Src/radio/nrf24.c **** 	nRF24_ReadMBReg(nrf, nRF24_CMD_R_REGISTER | nRF24_REG_TX_ADDR, rxbuf, 5);
 114:Core/Src/radio/nrf24.c **** 
 115:Core/Src/radio/nrf24.c **** 	// Compare buffers, return error on first mismatch
 116:Core/Src/radio/nrf24.c **** 	for (i = 0; i < 5; i++) {
 117:Core/Src/radio/nrf24.c **** 		if (rxbuf[i] != *ptr++) return 0;
 118:Core/Src/radio/nrf24.c **** 	}
 119:Core/Src/radio/nrf24.c **** 
 120:Core/Src/radio/nrf24.c **** 	return 1;
 121:Core/Src/radio/nrf24.c **** 
 122:Core/Src/radio/nrf24.c **** 	nRF24_WriteReg(nrf, nRF24_REG_RF_CH, 0x02);
 123:Core/Src/radio/nrf24.c **** 	return nRF24_ReadReg(nrf, nRF24_REG_RF_CH) == 0x02;
 124:Core/Src/radio/nrf24.c **** }
 125:Core/Src/radio/nrf24.c **** 
 126:Core/Src/radio/nrf24.c **** void nRF24_SetTxAddr(const NRF24_TypeDef *nrf, uint8_t *addr, uint8_t size) {
 127:Core/Src/radio/nrf24.c ****     nRF24_WriteMBReg(nrf, nRF24_CMD_W_REGISTER | nRF24_REG_TX_ADDR, addr, size);
 128:Core/Src/radio/nrf24.c **** }
 129:Core/Src/radio/nrf24.c **** 
 130:Core/Src/radio/nrf24.c **** void nRF24_PrettyPrint(const NRF24_TypeDef *nrf) {
 131:Core/Src/radio/nrf24.c ****     // SEGGER_RTT_printf(0, "nRF24L01+ Configuration Details:\n");
 132:Core/Src/radio/nrf24.c ****     
 133:Core/Src/radio/nrf24.c ****     // // General Configurations
 134:Core/Src/radio/nrf24.c ****     // uint8_t config = nRF24_ReadReg(nrf, nRF24_REG_CONFIG);
 135:Core/Src/radio/nrf24.c ****     // SEGGER_RTT_printf(0, "  CONFIG: 0x%02X\n", config);
 136:Core/Src/radio/nrf24.c ****     // // SEGGER_RTT_printf(0, "    CRC: %s\n", (config & nRF24_CONFIG_EN_CRC) ? "Enabled" : "Disab
 137:Core/Src/radio/nrf24.c ****     // SEGGER_RTT_printf(0, "    Power Mode: %s\n", (config & nRF24_CONFIG_PWR_UP) ? "ON" : "OFF");
 138:Core/Src/radio/nrf24.c ****     // SEGGER_RTT_printf(0, "    Mode: %s\n", (config & nRF24_CONFIG_PRIM_RX) ? "RX" : "TX");
 139:Core/Src/radio/nrf24.c **** 
 140:Core/Src/radio/nrf24.c ****     // // RF Settings
 141:Core/Src/radio/nrf24.c ****     // uint8_t rf_ch = nRF24_GetRFChannel(nrf);
 142:Core/Src/radio/nrf24.c ****     // uint8_t rf_setup = nRF24_ReadReg(nrf, nRF24_REG_RF_SETUP);
 143:Core/Src/radio/nrf24.c ****     // SEGGER_RTT_printf(0, "  RF Channel: %d (Frequency: %d MHz)\n", rf_ch, 2400 + rf_ch);
 144:Core/Src/radio/nrf24.c ****     // SEGGER_RTT_printf(0, "  RF Setup: 0x%02X\n", rf_setup);
 145:Core/Src/radio/nrf24.c ****     // // SEGGER_RTT_printf(0, "    Data Rate: %s\n", (rf_setup & nRF24_RF_DR_HIGH) ? "2Mbps" : (rf
 146:Core/Src/radio/nrf24.c ****     // SEGGER_RTT_printf(0, "    TX Power: %d dBm\n", (rf_setup & nRF24_MASK_RF_PWR) >> 1);
 147:Core/Src/radio/nrf24.c **** 
 148:Core/Src/radio/nrf24.c ****     // // Auto Retransmit Settings
 149:Core/Src/radio/nrf24.c ****     // uint8_t retr = nRF24_ReadReg(nrf, nRF24_REG_SETUP_RETR);
 150:Core/Src/radio/nrf24.c ****     // SEGGER_RTT_printf(0, "  Auto Retransmit:\n");
 151:Core/Src/radio/nrf24.c ****     // SEGGER_RTT_printf(0, "    Delay: %d us\n", ((retr >> 4) & 0x0F) * 250);
 152:Core/Src/radio/nrf24.c ****     // SEGGER_RTT_printf(0, "    Count: %d\n", retr & 0x0F);
ARM GAS  C:\Users\l1234\AppData\Local\Temp\ccFgEZ6h.s 			page 53


 153:Core/Src/radio/nrf24.c **** 
 154:Core/Src/radio/nrf24.c ****     // uint8_t address_width = (nRF24_ReadReg(nrf, nRF24_REG_SETUP_AW) & 0x03) + 2;
 155:Core/Src/radio/nrf24.c ****     // SEGGER_RTT_printf(0, "  Address Width: %d bytes\n", address_width);
 156:Core/Src/radio/nrf24.c **** 
 157:Core/Src/radio/nrf24.c ****     // // TX Address (existing code)
 158:Core/Src/radio/nrf24.c ****     // uint8_t tx_address[5];
 159:Core/Src/radio/nrf24.c ****     // nRF24_ReadMBReg(nrf, nRF24_CMD_R_REGISTER | nRF24_REG_TX_ADDR, tx_address, address_width);
 160:Core/Src/radio/nrf24.c ****     // SEGGER_RTT_printf(0, "  TX Address: ");
 161:Core/Src/radio/nrf24.c ****     // for (int i = 0; i < address_width; i++) {
 162:Core/Src/radio/nrf24.c ****     //     SEGGER_RTT_printf(0, "%02X", tx_address[i]);
 163:Core/Src/radio/nrf24.c ****     // }
 164:Core/Src/radio/nrf24.c ****     // SEGGER_RTT_printf(0, "\n");
 165:Core/Src/radio/nrf24.c **** 
 166:Core/Src/radio/nrf24.c ****     // // Add RX Addresses for Pipes 0-5
 167:Core/Src/radio/nrf24.c ****     // SEGGER_RTT_printf(0, "  RX Addresses:\n");
 168:Core/Src/radio/nrf24.c ****     // for (int pipe = 0; pipe < 6; pipe++) {
 169:Core/Src/radio/nrf24.c ****     //     uint8_t en_rxaddr = nRF24_ReadReg(nrf, nRF24_REG_EN_RXADDR);
 170:Core/Src/radio/nrf24.c ****     //     if (en_rxaddr & (1 << pipe)) {
 171:Core/Src/radio/nrf24.c ****     //         uint8_t rx_address[5];
 172:Core/Src/radio/nrf24.c ****     //         nRF24_ReadMBReg(nrf, nRF24_CMD_R_REGISTER | nRF24_ADDR_REGS[pipe], rx_address, 
 173:Core/Src/radio/nrf24.c ****     //                         (pipe == 0 || pipe == 1) ? address_width : 1);
 174:Core/Src/radio/nrf24.c ****             
 175:Core/Src/radio/nrf24.c ****     //         SEGGER_RTT_printf(0, "    Pipe %d: ", pipe);
 176:Core/Src/radio/nrf24.c ****     //         if (pipe == 0 || pipe == 1) {
 177:Core/Src/radio/nrf24.c ****     //             for (int i = 0; i < address_width; i++) {
 178:Core/Src/radio/nrf24.c ****     //                 SEGGER_RTT_printf(0, "%02X", rx_address[i]);
 179:Core/Src/radio/nrf24.c ****     //             }
 180:Core/Src/radio/nrf24.c ****     //         } else {
 181:Core/Src/radio/nrf24.c ****     //             // For pipes 2-5, only the last byte changes
 182:Core/Src/radio/nrf24.c ****     //             // Retrieve the base address from Pipe 1
 183:Core/Src/radio/nrf24.c ****     //             uint8_t base_address[4];
 184:Core/Src/radio/nrf24.c ****     //             nRF24_ReadMBReg(nrf, nRF24_CMD_R_REGISTER | nRF24_ADDR_REGS[1], base_address, 4)
 185:Core/Src/radio/nrf24.c ****     //             for (int i = 0; i < 4; i++) {
 186:Core/Src/radio/nrf24.c ****     //                 SEGGER_RTT_printf(0, "%02X", base_address[i]);
 187:Core/Src/radio/nrf24.c ****     //             }
 188:Core/Src/radio/nrf24.c ****     //             SEGGER_RTT_printf(0, "%02X", rx_address[0]);
 189:Core/Src/radio/nrf24.c ****     //         }
 190:Core/Src/radio/nrf24.c ****     //         SEGGER_RTT_printf(0, "\n");
 191:Core/Src/radio/nrf24.c ****     //     }
 192:Core/Src/radio/nrf24.c ****     // }
 193:Core/Src/radio/nrf24.c **** 
 194:Core/Src/radio/nrf24.c ****     // // Enable Auto Acknowledgment and Enabled RX Pipes
 195:Core/Src/radio/nrf24.c ****     // uint8_t en_aa = nRF24_ReadReg(nrf, nRF24_REG_EN_AA);
 196:Core/Src/radio/nrf24.c ****     // uint8_t en_rxaddr = nRF24_ReadReg(nrf, nRF24_REG_EN_RXADDR);
 197:Core/Src/radio/nrf24.c ****     // SEGGER_RTT_printf(0, "  Auto Acknowledgment Enabled: 0x%02X\n", en_aa);
 198:Core/Src/radio/nrf24.c ****     // SEGGER_RTT_printf(0, "  RX Addresses Enabled: 0x%02X\n", en_rxaddr);
 199:Core/Src/radio/nrf24.c **** 
 200:Core/Src/radio/nrf24.c ****     // // Dynamic Payload Length
 201:Core/Src/radio/nrf24.c ****     // uint8_t dynpd = nRF24_ReadReg(nrf, nRF24_REG_DYNPD);
 202:Core/Src/radio/nrf24.c ****     // SEGGER_RTT_printf(0, "  Dynamic Payloads Enabled: 0x%02X\n", dynpd);
 203:Core/Src/radio/nrf24.c **** 
 204:Core/Src/radio/nrf24.c ****     // // Feature Register
 205:Core/Src/radio/nrf24.c ****     // uint8_t feature = nRF24_ReadReg(nrf, nRF24_REG_FEATURE);
 206:Core/Src/radio/nrf24.c ****     // SEGGER_RTT_printf(0, "  Features: 0x%02X\n", feature);
 207:Core/Src/radio/nrf24.c ****     // SEGGER_RTT_printf(0, "    Dynamic Payload Length: %s\n", (feature & nRF24_FEATURE_EN_DPL) ? 
 208:Core/Src/radio/nrf24.c ****     // SEGGER_RTT_printf(0, "    Payload with ACK: %s\n", (feature & nRF24_FEATURE_EN_ACK_PAY) ? "E
 209:Core/Src/radio/nrf24.c ****     // SEGGER_RTT_printf(0, "    W_TX_PAYLOAD_NOACK Command: %s\n", (feature & nRF24_FEATURE_EN_DYN
ARM GAS  C:\Users\l1234\AppData\Local\Temp\ccFgEZ6h.s 			page 54


 210:Core/Src/radio/nrf24.c **** }
 211:Core/Src/radio/nrf24.c **** 
 212:Core/Src/radio/nrf24.c **** // Control transceiver power mode
 213:Core/Src/radio/nrf24.c **** // input:
 214:Core/Src/radio/nrf24.c **** //   mode - new state of power mode, one of nRF24_PWR_xx values
 215:Core/Src/radio/nrf24.c **** void nRF24_SetPowerMode(const NRF24_TypeDef *nrf, uint8_t mode) {
 216:Core/Src/radio/nrf24.c **** 	uint8_t reg;
 217:Core/Src/radio/nrf24.c **** 
 218:Core/Src/radio/nrf24.c **** 	reg = nRF24_ReadReg(nrf, nRF24_REG_CONFIG);
 219:Core/Src/radio/nrf24.c **** 	if (mode == nRF24_PWR_UP) {
 220:Core/Src/radio/nrf24.c **** 		// Set the PWR_UP bit of CONFIG register to wake the transceiver
 221:Core/Src/radio/nrf24.c **** 		// It goes into Stanby-I mode with consumption about 26uA
 222:Core/Src/radio/nrf24.c **** 		reg |= nRF24_CONFIG_PWR_UP;
 223:Core/Src/radio/nrf24.c **** 	} else {
 224:Core/Src/radio/nrf24.c **** 		// Clear the PWR_UP bit of CONFIG register to put the transceiver
 225:Core/Src/radio/nrf24.c **** 		// into power down mode with consumption about 900nA
 226:Core/Src/radio/nrf24.c **** 		reg &= ~nRF24_CONFIG_PWR_UP;
 227:Core/Src/radio/nrf24.c **** 	}
 228:Core/Src/radio/nrf24.c **** 	nRF24_WriteReg(nrf, nRF24_REG_CONFIG, reg);
 229:Core/Src/radio/nrf24.c **** }
 230:Core/Src/radio/nrf24.c **** 
 231:Core/Src/radio/nrf24.c **** // Set transceiver operational mode
 232:Core/Src/radio/nrf24.c **** // input:
 233:Core/Src/radio/nrf24.c **** //   mode - operational mode, one of nRF24_MODE_xx values
 234:Core/Src/radio/nrf24.c **** void nRF24_SetOperationalMode(const NRF24_TypeDef *nrf, uint8_t mode) {
 235:Core/Src/radio/nrf24.c **** 	uint8_t reg;
 236:Core/Src/radio/nrf24.c **** 
 237:Core/Src/radio/nrf24.c **** 	// Configure PRIM_RX bit of the CONFIG register
 238:Core/Src/radio/nrf24.c **** 	reg  = nRF24_ReadReg(nrf, nRF24_REG_CONFIG);
 239:Core/Src/radio/nrf24.c **** 	reg &= ~nRF24_CONFIG_PRIM_RX;
 240:Core/Src/radio/nrf24.c **** 	reg |= (mode & nRF24_CONFIG_PRIM_RX);
 241:Core/Src/radio/nrf24.c **** 	nRF24_WriteReg(nrf, nRF24_REG_CONFIG, reg);
 242:Core/Src/radio/nrf24.c **** }
 243:Core/Src/radio/nrf24.c **** 
 244:Core/Src/radio/nrf24.c **** // Set transceiver DynamicPayloadLength feature for all the pipes
 245:Core/Src/radio/nrf24.c **** // input:
 246:Core/Src/radio/nrf24.c **** //   mode - status, one of nRF24_DPL_xx values
 247:Core/Src/radio/nrf24.c **** void nRF24_SetDynamicPayloadLength(const NRF24_TypeDef *nrf, uint8_t mode) {
 248:Core/Src/radio/nrf24.c **** 	uint8_t reg;
 249:Core/Src/radio/nrf24.c **** 	reg  = nRF24_ReadReg(nrf, nRF24_REG_FEATURE);
 250:Core/Src/radio/nrf24.c **** 	if(mode) {
 251:Core/Src/radio/nrf24.c **** 		nRF24_WriteReg(nrf, nRF24_REG_FEATURE, reg | nRF24_FEATURE_EN_DPL);
 252:Core/Src/radio/nrf24.c **** 		nRF24_WriteReg(nrf, nRF24_REG_DYNPD, 0x1F);
 253:Core/Src/radio/nrf24.c **** 	} else {
 254:Core/Src/radio/nrf24.c **** 		nRF24_WriteReg(nrf, nRF24_REG_FEATURE, reg &~ nRF24_FEATURE_EN_DPL);
 255:Core/Src/radio/nrf24.c **** 		nRF24_WriteReg(nrf, nRF24_REG_DYNPD, 0x0);
 256:Core/Src/radio/nrf24.c **** 	}
 257:Core/Src/radio/nrf24.c **** }
 258:Core/Src/radio/nrf24.c **** 
 259:Core/Src/radio/nrf24.c **** // Enables Payload With Ack. NB Refer to the datasheet for proper retransmit timing.
 260:Core/Src/radio/nrf24.c **** // input:
 261:Core/Src/radio/nrf24.c **** //   mode - status, 1 or 0
 262:Core/Src/radio/nrf24.c **** void nRF24_SetPayloadWithAck(const NRF24_TypeDef *nrf, uint8_t mode) {
 263:Core/Src/radio/nrf24.c **** 	uint8_t reg;
 264:Core/Src/radio/nrf24.c **** 	reg  = nRF24_ReadReg(nrf, nRF24_REG_FEATURE);
 265:Core/Src/radio/nrf24.c **** 	if(mode) {
 266:Core/Src/radio/nrf24.c **** 		nRF24_WriteReg(nrf, nRF24_REG_FEATURE, reg | nRF24_FEATURE_EN_ACK_PAY);
ARM GAS  C:\Users\l1234\AppData\Local\Temp\ccFgEZ6h.s 			page 55


 267:Core/Src/radio/nrf24.c **** 	} else {
 268:Core/Src/radio/nrf24.c **** 		nRF24_WriteReg(nrf, nRF24_REG_FEATURE, reg &~ nRF24_FEATURE_EN_ACK_PAY);
 269:Core/Src/radio/nrf24.c **** 	}
 270:Core/Src/radio/nrf24.c **** }
 271:Core/Src/radio/nrf24.c **** 
 272:Core/Src/radio/nrf24.c **** // Configure transceiver CRC scheme
 273:Core/Src/radio/nrf24.c **** // input:
 274:Core/Src/radio/nrf24.c **** //   scheme - CRC scheme, one of nRF24_CRC_xx values
 275:Core/Src/radio/nrf24.c **** // note: transceiver will forcibly turn on the CRC in case if auto acknowledgment
 276:Core/Src/radio/nrf24.c **** //       enabled for at least one RX pipe
 277:Core/Src/radio/nrf24.c **** void nRF24_SetCRCScheme(const NRF24_TypeDef *nrf, uint8_t scheme) {
 278:Core/Src/radio/nrf24.c **** 	uint8_t reg;
 279:Core/Src/radio/nrf24.c **** 
 280:Core/Src/radio/nrf24.c **** 	// Configure EN_CRC[3] and CRCO[2] bits of the CONFIG register
 281:Core/Src/radio/nrf24.c **** 	reg  = nRF24_ReadReg(nrf, nRF24_REG_CONFIG);
 282:Core/Src/radio/nrf24.c **** 	reg &= ~nRF24_MASK_CRC;
 283:Core/Src/radio/nrf24.c **** 	reg |= (scheme & nRF24_MASK_CRC);
 284:Core/Src/radio/nrf24.c **** 	nRF24_WriteReg(nrf, nRF24_REG_CONFIG, reg);
 285:Core/Src/radio/nrf24.c **** }
 286:Core/Src/radio/nrf24.c **** 
 287:Core/Src/radio/nrf24.c **** // Set frequency channel
 288:Core/Src/radio/nrf24.c **** // input:
 289:Core/Src/radio/nrf24.c **** //   channel - radio frequency channel, value from 0 to 127
 290:Core/Src/radio/nrf24.c **** // note: frequency will be (2400 + channel)MHz
 291:Core/Src/radio/nrf24.c **** // note: PLOS_CNT[7:4] bits of the OBSERVER_TX register will be reset
 292:Core/Src/radio/nrf24.c **** void nRF24_SetRFChannel(const NRF24_TypeDef *nrf, uint8_t channel) {
 293:Core/Src/radio/nrf24.c **** 	nRF24_WriteReg(nrf, nRF24_REG_RF_CH, channel);
 294:Core/Src/radio/nrf24.c **** }
 295:Core/Src/radio/nrf24.c **** 
 296:Core/Src/radio/nrf24.c **** uint8_t nRF24_GetRFChannel(const NRF24_TypeDef *nrf) {
 297:Core/Src/radio/nrf24.c **** 	return nRF24_ReadReg(nrf, nRF24_REG_RF_CH);
 298:Core/Src/radio/nrf24.c **** }
 299:Core/Src/radio/nrf24.c **** 
 300:Core/Src/radio/nrf24.c **** uint8_t nRF24_GetConfig(const NRF24_TypeDef *nrf) {
 301:Core/Src/radio/nrf24.c **** 	return nRF24_ReadReg(nrf, nRF24_REG_CONFIG);
 302:Core/Src/radio/nrf24.c **** }
 303:Core/Src/radio/nrf24.c **** 
 304:Core/Src/radio/nrf24.c **** // Set automatic retransmission parameters
 305:Core/Src/radio/nrf24.c **** // input:
 306:Core/Src/radio/nrf24.c **** //   ard - auto retransmit delay, one of nRF24_ARD_xx values
 307:Core/Src/radio/nrf24.c **** //   arc - count of auto retransmits, value form 0 to 15
 308:Core/Src/radio/nrf24.c **** // note: zero arc value means that the automatic retransmission disabled
 309:Core/Src/radio/nrf24.c **** void nRF24_SetAutoRetr(const NRF24_TypeDef *nrf, uint8_t ard, uint8_t arc) {
 310:Core/Src/radio/nrf24.c **** 	// Set auto retransmit settings (SETUP_RETR register)
 311:Core/Src/radio/nrf24.c **** 	nRF24_WriteReg(nrf, nRF24_REG_SETUP_RETR, (uint8_t)((ard << 4) | (arc & nRF24_MASK_RETR_ARC)));
 312:Core/Src/radio/nrf24.c **** }
 313:Core/Src/radio/nrf24.c **** 
 314:Core/Src/radio/nrf24.c **** // Set of address widths
 315:Core/Src/radio/nrf24.c **** // input:
 316:Core/Src/radio/nrf24.c **** //   addr_width - RX/TX address field width, value from 3 to 5
 317:Core/Src/radio/nrf24.c **** // note: this setting is common for all pipes
 318:Core/Src/radio/nrf24.c **** void nRF24_SetAddrWidth(const NRF24_TypeDef *nrf, uint8_t addr_width) {
 319:Core/Src/radio/nrf24.c **** 	nRF24_WriteReg(nrf, nRF24_REG_SETUP_AW, addr_width - 2);
 320:Core/Src/radio/nrf24.c **** }
 321:Core/Src/radio/nrf24.c **** 
 322:Core/Src/radio/nrf24.c **** // Set static RX address for a specified pipe
 323:Core/Src/radio/nrf24.c **** // input:
ARM GAS  C:\Users\l1234\AppData\Local\Temp\ccFgEZ6h.s 			page 56


 324:Core/Src/radio/nrf24.c **** //   pipe - pipe to configure address, one of nRF24_PIPEx values
 325:Core/Src/radio/nrf24.c **** //   addr - pointer to the buffer with address
 326:Core/Src/radio/nrf24.c **** // note: pipe can be a number from 0 to 5 (RX pipes) and 6 (TX pipe)
 327:Core/Src/radio/nrf24.c **** // note: buffer length must be equal to current address width of transceiver
 328:Core/Src/radio/nrf24.c **** // note: for pipes[2..5] only first byte of address will be written because
 329:Core/Src/radio/nrf24.c **** //       other bytes of address equals to pipe1
 330:Core/Src/radio/nrf24.c **** // note: for pipes[2..5] only first byte of address will be written because
 331:Core/Src/radio/nrf24.c **** //       pipes 1-5 share the four most significant address bytes
 332:Core/Src/radio/nrf24.c **** void nRF24_SetAddr(const NRF24_TypeDef *nrf, uint8_t pipe, const uint8_t *addr) {
 333:Core/Src/radio/nrf24.c **** 	uint8_t addr_width;
 334:Core/Src/radio/nrf24.c **** 
 335:Core/Src/radio/nrf24.c **** 	// RX_ADDR_Px register
 336:Core/Src/radio/nrf24.c **** 	switch (pipe) {
 337:Core/Src/radio/nrf24.c **** 		case nRF24_PIPETX:
 338:Core/Src/radio/nrf24.c **** 		case nRF24_PIPE0:
 339:Core/Src/radio/nrf24.c **** 		case nRF24_PIPE1:
 340:Core/Src/radio/nrf24.c **** 			// Get address width
 341:Core/Src/radio/nrf24.c **** 			addr_width = nRF24_ReadReg(nrf, nRF24_REG_SETUP_AW) + 1;
 342:Core/Src/radio/nrf24.c **** 			// Write address in reverse order (LSByte first)
 343:Core/Src/radio/nrf24.c **** 			addr += addr_width;
 344:Core/Src/radio/nrf24.c **** 			nRF24_CSN_L(nrf);
 345:Core/Src/radio/nrf24.c **** 			nRF24_LL_RW(nrf, nRF24_CMD_W_REGISTER | nRF24_ADDR_REGS[pipe]);
 346:Core/Src/radio/nrf24.c **** 			do {
 347:Core/Src/radio/nrf24.c **** 				nRF24_LL_RW(nrf, *addr--);
 348:Core/Src/radio/nrf24.c **** 			} while (addr_width--);
 349:Core/Src/radio/nrf24.c **** 			nRF24_CSN_H(nrf);
 350:Core/Src/radio/nrf24.c **** 			break;
 351:Core/Src/radio/nrf24.c **** 		case nRF24_PIPE2:
 352:Core/Src/radio/nrf24.c **** 		case nRF24_PIPE3:
 353:Core/Src/radio/nrf24.c **** 		case nRF24_PIPE4:
 354:Core/Src/radio/nrf24.c **** 		case nRF24_PIPE5:
 355:Core/Src/radio/nrf24.c **** 			// Write address LSBbyte (only first byte from the addr buffer)
 356:Core/Src/radio/nrf24.c **** 			nRF24_WriteReg(nrf, nRF24_ADDR_REGS[pipe], *addr);
 357:Core/Src/radio/nrf24.c **** 			break;
 358:Core/Src/radio/nrf24.c **** 		default:
 359:Core/Src/radio/nrf24.c **** 			// Incorrect pipe number -> do nothing
 360:Core/Src/radio/nrf24.c **** 			break;
 361:Core/Src/radio/nrf24.c **** 	}
 362:Core/Src/radio/nrf24.c **** }
 363:Core/Src/radio/nrf24.c **** 
 364:Core/Src/radio/nrf24.c **** // Configure RF output power in TX mode
 365:Core/Src/radio/nrf24.c **** // input:
 366:Core/Src/radio/nrf24.c **** //   tx_pwr - RF output power, one of nRF24_TXPWR_xx values
 367:Core/Src/radio/nrf24.c **** void nRF24_SetTXPower(const NRF24_TypeDef *nrf, uint8_t tx_pwr) {
 368:Core/Src/radio/nrf24.c **** 	uint8_t reg;
 369:Core/Src/radio/nrf24.c **** 
 370:Core/Src/radio/nrf24.c **** 	// Configure RF_PWR[2:1] bits of the RF_SETUP register
 371:Core/Src/radio/nrf24.c **** 	reg  = nRF24_ReadReg(nrf, nRF24_REG_RF_SETUP);
 372:Core/Src/radio/nrf24.c **** 	reg &= ~nRF24_MASK_RF_PWR;
 373:Core/Src/radio/nrf24.c **** 	reg |= tx_pwr;
 374:Core/Src/radio/nrf24.c **** 	nRF24_WriteReg(nrf, nRF24_REG_RF_SETUP, reg);
 375:Core/Src/radio/nrf24.c **** }
 376:Core/Src/radio/nrf24.c **** 
 377:Core/Src/radio/nrf24.c **** // Configure transceiver data rate
 378:Core/Src/radio/nrf24.c **** // input:
 379:Core/Src/radio/nrf24.c **** //   data_rate - data rate, one of nRF24_DR_xx values
 380:Core/Src/radio/nrf24.c **** void nRF24_SetDataRate(const NRF24_TypeDef *nrf, uint8_t data_rate) {
ARM GAS  C:\Users\l1234\AppData\Local\Temp\ccFgEZ6h.s 			page 57


 381:Core/Src/radio/nrf24.c **** 	uint8_t reg;
 382:Core/Src/radio/nrf24.c **** 
 383:Core/Src/radio/nrf24.c **** 	// Configure RF_DR_LOW[5] and RF_DR_HIGH[3] bits of the RF_SETUP register
 384:Core/Src/radio/nrf24.c **** 	reg  = nRF24_ReadReg(nrf, nRF24_REG_RF_SETUP);
 385:Core/Src/radio/nrf24.c **** 	reg &= ~nRF24_MASK_DATARATE;
 386:Core/Src/radio/nrf24.c **** 	reg |= data_rate;
 387:Core/Src/radio/nrf24.c **** 	nRF24_WriteReg(nrf, nRF24_REG_RF_SETUP, reg);
 388:Core/Src/radio/nrf24.c **** }
 389:Core/Src/radio/nrf24.c **** 
 390:Core/Src/radio/nrf24.c **** // Configure a specified RX pipe
 391:Core/Src/radio/nrf24.c **** // input:
 392:Core/Src/radio/nrf24.c **** //   pipe - number of the RX pipe, value from 0 to 5
 393:Core/Src/radio/nrf24.c **** //   aa_state - state of auto acknowledgment, one of nRF24_AA_xx values
 394:Core/Src/radio/nrf24.c **** //   payload_len - payload length in bytes
 395:Core/Src/radio/nrf24.c **** void nRF24_SetRXPipe(const NRF24_TypeDef *nrf, uint8_t pipe, uint8_t aa_state, uint8_t payload_len)
 396:Core/Src/radio/nrf24.c **** 	uint8_t reg;
 397:Core/Src/radio/nrf24.c **** 
 398:Core/Src/radio/nrf24.c **** 	// Enable the specified pipe (EN_RXADDR register)
 399:Core/Src/radio/nrf24.c **** 	reg = (nRF24_ReadReg(nrf, nRF24_REG_EN_RXADDR) | (1 << pipe)) & nRF24_MASK_EN_RX;
 400:Core/Src/radio/nrf24.c **** 	nRF24_WriteReg(nrf, nRF24_REG_EN_RXADDR, reg);
 401:Core/Src/radio/nrf24.c **** 
 402:Core/Src/radio/nrf24.c **** 	// Set RX payload length (RX_PW_Px register)
 403:Core/Src/radio/nrf24.c **** 	nRF24_WriteReg(nrf, nRF24_RX_PW_PIPE[pipe], payload_len & nRF24_MASK_RX_PW);
 404:Core/Src/radio/nrf24.c **** 
 405:Core/Src/radio/nrf24.c **** 	// Set auto acknowledgment for a specified pipe (EN_AA register)
 406:Core/Src/radio/nrf24.c **** 	reg = nRF24_ReadReg(nrf, nRF24_REG_EN_AA);
 407:Core/Src/radio/nrf24.c **** 	if (aa_state == nRF24_AA_ON) {
 408:Core/Src/radio/nrf24.c **** 		reg |=  (1 << pipe);
 409:Core/Src/radio/nrf24.c **** 	} else {
 410:Core/Src/radio/nrf24.c **** 		reg &= ~(1 << pipe);
 411:Core/Src/radio/nrf24.c **** 	}
 412:Core/Src/radio/nrf24.c **** 	nRF24_WriteReg(nrf, nRF24_REG_EN_AA, reg);
 413:Core/Src/radio/nrf24.c **** }
 414:Core/Src/radio/nrf24.c **** 
 415:Core/Src/radio/nrf24.c **** // Disable specified RX pipe
 416:Core/Src/radio/nrf24.c **** // input:
 417:Core/Src/radio/nrf24.c **** //   PIPE - number of RX pipe, value from 0 to 5
 418:Core/Src/radio/nrf24.c **** void nRF24_ClosePipe(const NRF24_TypeDef *nrf, uint8_t pipe) {
 419:Core/Src/radio/nrf24.c **** 	uint8_t reg;
 420:Core/Src/radio/nrf24.c **** 
 421:Core/Src/radio/nrf24.c **** 	reg  = nRF24_ReadReg(nrf, nRF24_REG_EN_RXADDR);
 422:Core/Src/radio/nrf24.c **** 	reg &= ~(1 << pipe);
 423:Core/Src/radio/nrf24.c **** 	reg &= nRF24_MASK_EN_RX;
 424:Core/Src/radio/nrf24.c **** 	nRF24_WriteReg(nrf, nRF24_REG_EN_RXADDR, reg);
 425:Core/Src/radio/nrf24.c **** }
 426:Core/Src/radio/nrf24.c **** 
 427:Core/Src/radio/nrf24.c **** // Enable the auto retransmit (a.k.a. enhanced ShockBurst) for the specified RX pipe
 428:Core/Src/radio/nrf24.c **** // input:
 429:Core/Src/radio/nrf24.c **** //   pipe - number of the RX pipe, value from 0 to 5
 430:Core/Src/radio/nrf24.c **** void nRF24_EnableAA(const NRF24_TypeDef *nrf, uint8_t pipe) {
 431:Core/Src/radio/nrf24.c **** 	uint8_t reg;
 432:Core/Src/radio/nrf24.c **** 
 433:Core/Src/radio/nrf24.c **** 	// Set bit in EN_AA register
 434:Core/Src/radio/nrf24.c **** 	reg  = nRF24_ReadReg(nrf, nRF24_REG_EN_AA);
 435:Core/Src/radio/nrf24.c **** 	reg |= (1 << pipe);
 436:Core/Src/radio/nrf24.c **** 	nRF24_WriteReg(nrf, nRF24_REG_EN_AA, reg);
 437:Core/Src/radio/nrf24.c **** }
ARM GAS  C:\Users\l1234\AppData\Local\Temp\ccFgEZ6h.s 			page 58


 438:Core/Src/radio/nrf24.c **** 
 439:Core/Src/radio/nrf24.c **** // Disable the auto retransmit (a.k.a. enhanced ShockBurst) for one or all RX pipes
 440:Core/Src/radio/nrf24.c **** // input:
 441:Core/Src/radio/nrf24.c **** //   pipe - number of the RX pipe, value from 0 to 5, any other value will disable AA for all RX pi
 442:Core/Src/radio/nrf24.c **** void nRF24_DisableAA(const NRF24_TypeDef *nrf, uint8_t pipe) {
 443:Core/Src/radio/nrf24.c **** 	uint8_t reg;
 444:Core/Src/radio/nrf24.c **** 
 445:Core/Src/radio/nrf24.c **** 	if (pipe > 5) {
 446:Core/Src/radio/nrf24.c **** 		// Disable Auto-ACK for ALL pipes
 447:Core/Src/radio/nrf24.c **** 		nRF24_WriteReg(nrf, nRF24_REG_EN_AA, 0x00);
 448:Core/Src/radio/nrf24.c **** 	} else {
 449:Core/Src/radio/nrf24.c **** 		// Clear bit in the EN_AA register
 450:Core/Src/radio/nrf24.c **** 		reg  = nRF24_ReadReg(nrf, nRF24_REG_EN_AA);
 451:Core/Src/radio/nrf24.c **** 		reg &= ~(1 << pipe);
 452:Core/Src/radio/nrf24.c **** 		nRF24_WriteReg(nrf, nRF24_REG_EN_AA, reg);
 453:Core/Src/radio/nrf24.c **** 	}
 454:Core/Src/radio/nrf24.c **** }
 455:Core/Src/radio/nrf24.c **** 
 456:Core/Src/radio/nrf24.c **** // Get value of the STATUS register
 457:Core/Src/radio/nrf24.c **** // return: value of STATUS register
 458:Core/Src/radio/nrf24.c **** uint8_t nRF24_GetStatus(const NRF24_TypeDef *nrf) {
 459:Core/Src/radio/nrf24.c **** 	return nRF24_ReadReg(nrf, nRF24_REG_STATUS);
 460:Core/Src/radio/nrf24.c **** }
 461:Core/Src/radio/nrf24.c **** 
 462:Core/Src/radio/nrf24.c **** // Get pending IRQ flags
 463:Core/Src/radio/nrf24.c **** // return: current status of RX_DR, TX_DS and MAX_RT bits of the STATUS register
 464:Core/Src/radio/nrf24.c **** uint8_t nRF24_GetIRQFlags(const NRF24_TypeDef *nrf) {
 465:Core/Src/radio/nrf24.c **** 	return (nRF24_ReadReg(nrf, nRF24_REG_STATUS) & nRF24_MASK_STATUS_IRQ);
 466:Core/Src/radio/nrf24.c **** }
 467:Core/Src/radio/nrf24.c **** 
 468:Core/Src/radio/nrf24.c **** // Get status of the RX FIFO
 469:Core/Src/radio/nrf24.c **** // return: one of the nRF24_STATUS_RXFIFO_xx values
 470:Core/Src/radio/nrf24.c **** uint8_t nRF24_GetStatus_RXFIFO(const NRF24_TypeDef *nrf) {
 471:Core/Src/radio/nrf24.c **** 	return (nRF24_ReadReg(nrf, nRF24_REG_FIFO_STATUS) & nRF24_MASK_RXFIFO);
 472:Core/Src/radio/nrf24.c **** }
 473:Core/Src/radio/nrf24.c **** 
 474:Core/Src/radio/nrf24.c **** // Get status of the TX FIFO
 475:Core/Src/radio/nrf24.c **** // return: one of the nRF24_STATUS_TXFIFO_xx values
 476:Core/Src/radio/nrf24.c **** // note: the TX_REUSE bit ignored
 477:Core/Src/radio/nrf24.c **** uint8_t nRF24_GetStatus_TXFIFO(const NRF24_TypeDef *nrf) {
 478:Core/Src/radio/nrf24.c **** 	return ((nRF24_ReadReg(nrf, nRF24_REG_FIFO_STATUS) & nRF24_MASK_TXFIFO) >> 4);
 479:Core/Src/radio/nrf24.c **** }
 480:Core/Src/radio/nrf24.c **** 
 481:Core/Src/radio/nrf24.c **** // Get pipe number for the payload available for reading from RX FIFO
 482:Core/Src/radio/nrf24.c **** // return: pipe number or 0x07 if the RX FIFO is empty
 483:Core/Src/radio/nrf24.c **** uint8_t nRF24_GetRXSource(const NRF24_TypeDef *nrf) {
 484:Core/Src/radio/nrf24.c **** 	return ((nRF24_ReadReg(nrf, nRF24_REG_STATUS) & nRF24_MASK_RX_P_NO) >> 1);
 485:Core/Src/radio/nrf24.c **** }
 486:Core/Src/radio/nrf24.c **** 
 487:Core/Src/radio/nrf24.c **** // Get auto retransmit statistic
 488:Core/Src/radio/nrf24.c **** // return: value of OBSERVE_TX register which contains two counters encoded in nibbles:
 489:Core/Src/radio/nrf24.c **** //   high - lost packets count (max value 15, can be reseted by write to RF_CH register)
 490:Core/Src/radio/nrf24.c **** //   low  - retransmitted packets count (max value 15, reseted when new transmission starts)
 491:Core/Src/radio/nrf24.c **** uint8_t nRF24_GetRetransmitCounters(const NRF24_TypeDef *nrf) {
 492:Core/Src/radio/nrf24.c **** 	return (nRF24_ReadReg(nrf, nRF24_REG_OBSERVE_TX));
 493:Core/Src/radio/nrf24.c **** }
 494:Core/Src/radio/nrf24.c **** 
ARM GAS  C:\Users\l1234\AppData\Local\Temp\ccFgEZ6h.s 			page 59


 495:Core/Src/radio/nrf24.c **** // Reset packet lost counter (PLOS_CNT bits in OBSERVER_TX register)
 496:Core/Src/radio/nrf24.c **** void nRF24_ResetPLOS(const NRF24_TypeDef *nrf) {
 497:Core/Src/radio/nrf24.c **** 	uint8_t reg;
 498:Core/Src/radio/nrf24.c **** 
 499:Core/Src/radio/nrf24.c **** 	// The PLOS counter is reset after write to RF_CH register
 500:Core/Src/radio/nrf24.c **** 	reg = nRF24_ReadReg(nrf, nRF24_REG_RF_CH);
 501:Core/Src/radio/nrf24.c **** 	nRF24_WriteReg(nrf, nRF24_REG_RF_CH, reg);
 502:Core/Src/radio/nrf24.c **** }
 503:Core/Src/radio/nrf24.c **** 
 504:Core/Src/radio/nrf24.c **** // Flush the TX FIFO
 505:Core/Src/radio/nrf24.c **** void nRF24_FlushTX(const NRF24_TypeDef *nrf) {
 506:Core/Src/radio/nrf24.c **** 	nRF24_WriteReg(nrf, nRF24_CMD_FLUSH_TX, nRF24_CMD_NOP);
 507:Core/Src/radio/nrf24.c **** }
 508:Core/Src/radio/nrf24.c **** 
 509:Core/Src/radio/nrf24.c **** // Flush the RX FIFO
 510:Core/Src/radio/nrf24.c **** void nRF24_FlushRX(const NRF24_TypeDef *nrf) {
 2216              		.loc 1 510 6 view .LVU685
 511:Core/Src/radio/nrf24.c **** 	nRF24_WriteReg(nrf, nRF24_CMD_FLUSH_RX, nRF24_CMD_NOP);
 2217              		.loc 1 511 2 view .LVU686
 2218              	.LBB685:
 2219              	.LBI685:
  24:Core/Src/radio/nrf24.c **** 	nRF24_CSN_L(nrf);
 2220              		.loc 1 24 6 view .LVU687
 2221              	.LBB686:
  25:Core/Src/radio/nrf24.c **** 	if (reg < nRF24_CMD_W_REGISTER) {
 2222              		.loc 1 25 2 view .LVU688
 2223              	.LBB687:
 2224              	.LBI687:
  27:Core/Src/radio/../../Inc/radio/support.h ****     HAL_GPIO_WritePin(nrf->csPort, nrf->csPin, GPIO_PIN_RESET);
 2225              		.loc 2 27 20 view .LVU689
 2226              	.LBB688:
  28:Core/Src/radio/../../Inc/radio/support.h **** }
 2227              		.loc 2 28 5 view .LVU690
 2228 0586 0022     		movs	r2, #0
 2229 0588 218A     		ldrh	r1, [r4, #16]
 2230 058a E068     		ldr	r0, [r4, #12]
 2231 058c FFF7FEFF 		bl	HAL_GPIO_WritePin
 2232              	.LVL203:
  28:Core/Src/radio/../../Inc/radio/support.h **** }
 2233              		.loc 2 28 5 is_stmt 0 view .LVU691
 2234              	.LBE688:
 2235              	.LBE687:
  26:Core/Src/radio/nrf24.c **** 		// This is a register access
 2236              		.loc 1 26 2 is_stmt 1 view .LVU692
  32:Core/Src/radio/nrf24.c **** 		if ((reg != nRF24_CMD_FLUSH_TX) && (reg != nRF24_CMD_FLUSH_RX) && \
 2237              		.loc 1 32 3 view .LVU693
 2238              	.LBB689:
 2239              	.LBB690:
  39:Core/Src/radio/../../Inc/radio/support.h ****         Error_Handler();
 2240              		.loc 2 39 8 is_stmt 0 view .LVU694
 2241 0590 4FF4FA63 		mov	r3, #2000
 2242 0594 E222     		movs	r2, #226
 2243 0596 0DF10E01 		add	r1, sp, #14
 2244 059a 0093     		str	r3, [sp]
 2245 059c 0123     		movs	r3, #1
 2246 059e 8DF80E20 		strb	r2, [sp, #14]
 2247              	.LVL204:
ARM GAS  C:\Users\l1234\AppData\Local\Temp\ccFgEZ6h.s 			page 60


  39:Core/Src/radio/../../Inc/radio/support.h ****         Error_Handler();
 2248              		.loc 2 39 8 view .LVU695
 2249              	.LBE690:
 2250              	.LBI689:
  36:Core/Src/radio/../../Inc/radio/support.h ****     // Wait until TX buffer is empty
 2251              		.loc 2 36 23 is_stmt 1 view .LVU696
 2252              	.LBB691:
  38:Core/Src/radio/../../Inc/radio/support.h ****     if(HAL_SPI_TransmitReceive(nrf->hspi,&data,&result,1,2000)!=HAL_OK) {
 2253              		.loc 2 38 5 view .LVU697
  39:Core/Src/radio/../../Inc/radio/support.h ****         Error_Handler();
 2254              		.loc 2 39 5 view .LVU698
  39:Core/Src/radio/../../Inc/radio/support.h ****         Error_Handler();
 2255              		.loc 2 39 8 is_stmt 0 view .LVU699
 2256 05a2 0DF10F02 		add	r2, sp, #15
 2257              	.LVL205:
  39:Core/Src/radio/../../Inc/radio/support.h ****         Error_Handler();
 2258              		.loc 2 39 8 view .LVU700
 2259 05a6 2068     		ldr	r0, [r4]
 2260 05a8 FFF7FEFF 		bl	HAL_SPI_TransmitReceive
 2261              	.LVL206:
  39:Core/Src/radio/../../Inc/radio/support.h ****         Error_Handler();
 2262              		.loc 2 39 7 view .LVU701
 2263 05ac 0028     		cmp	r0, #0
 2264 05ae 40F08E80 		bne	.L233
 2265              	.L80:
  41:Core/Src/radio/../../Inc/radio/support.h ****     return result;
 2266              		.loc 2 41 6 is_stmt 1 view .LVU702
 2267              		.loc 2 42 5 view .LVU703
 2268              	.LVL207:
 2269              		.loc 2 42 5 is_stmt 0 view .LVU704
 2270              	.LBE691:
 2271              	.LBE689:
  33:Core/Src/radio/nrf24.c **** 				(reg != nRF24_CMD_REUSE_TX_PL) && (reg != nRF24_CMD_NOP)) {
 2272              		.loc 1 33 3 is_stmt 1 view .LVU705
  39:Core/Src/radio/nrf24.c **** }
 2273              		.loc 1 39 2 view .LVU706
 2274              	.LBB693:
 2275              	.LBI693:
  31:Core/Src/radio/../../Inc/radio/support.h ****     HAL_GPIO_WritePin(nrf->csPort, nrf->csPin, GPIO_PIN_SET);
 2276              		.loc 2 31 20 view .LVU707
 2277              	.LBB694:
  32:Core/Src/radio/../../Inc/radio/support.h **** }
 2278              		.loc 2 32 5 view .LVU708
 2279 05b2 0122     		movs	r2, #1
 2280 05b4 218A     		ldrh	r1, [r4, #16]
 2281 05b6 E068     		ldr	r0, [r4, #12]
 2282 05b8 FFF7FEFF 		bl	HAL_GPIO_WritePin
 2283              	.LVL208:
  32:Core/Src/radio/../../Inc/radio/support.h **** }
 2284              		.loc 2 32 5 is_stmt 0 view .LVU709
 2285              	.LBE694:
 2286              	.LBE693:
 2287              	.LBE686:
 2288              	.LBE685:
 2289              	.LBE684:
  93:Core/Src/radio/nrf24.c **** 
 2290              		.loc 1 93 2 is_stmt 1 view .LVU710
ARM GAS  C:\Users\l1234\AppData\Local\Temp\ccFgEZ6h.s 			page 61


 2291              	.LBB698:
 2292              	.LBI698:
 505:Core/Src/radio/nrf24.c **** 	nRF24_WriteReg(nrf, nRF24_CMD_FLUSH_TX, nRF24_CMD_NOP);
 2293              		.loc 1 505 6 view .LVU711
 506:Core/Src/radio/nrf24.c **** }
 2294              		.loc 1 506 2 view .LVU712
 2295              	.LBB699:
 2296              	.LBI699:
  24:Core/Src/radio/nrf24.c **** 	nRF24_CSN_L(nrf);
 2297              		.loc 1 24 6 view .LVU713
 2298              	.LBB700:
  25:Core/Src/radio/nrf24.c **** 	if (reg < nRF24_CMD_W_REGISTER) {
 2299              		.loc 1 25 2 view .LVU714
 2300              	.LBB701:
 2301              	.LBI701:
  27:Core/Src/radio/../../Inc/radio/support.h ****     HAL_GPIO_WritePin(nrf->csPort, nrf->csPin, GPIO_PIN_RESET);
 2302              		.loc 2 27 20 view .LVU715
 2303              	.LBB702:
  28:Core/Src/radio/../../Inc/radio/support.h **** }
 2304              		.loc 2 28 5 view .LVU716
 2305 05bc 0022     		movs	r2, #0
 2306 05be 218A     		ldrh	r1, [r4, #16]
 2307 05c0 E068     		ldr	r0, [r4, #12]
 2308 05c2 FFF7FEFF 		bl	HAL_GPIO_WritePin
 2309              	.LVL209:
  28:Core/Src/radio/../../Inc/radio/support.h **** }
 2310              		.loc 2 28 5 is_stmt 0 view .LVU717
 2311              	.LBE702:
 2312              	.LBE701:
  26:Core/Src/radio/nrf24.c **** 		// This is a register access
 2313              		.loc 1 26 2 is_stmt 1 view .LVU718
  32:Core/Src/radio/nrf24.c **** 		if ((reg != nRF24_CMD_FLUSH_TX) && (reg != nRF24_CMD_FLUSH_RX) && \
 2314              		.loc 1 32 3 view .LVU719
 2315              	.LBB703:
 2316              	.LBB704:
  39:Core/Src/radio/../../Inc/radio/support.h ****         Error_Handler();
 2317              		.loc 2 39 8 is_stmt 0 view .LVU720
 2318 05c6 4FF4FA63 		mov	r3, #2000
 2319 05ca E122     		movs	r2, #225
 2320 05cc 0DF10E01 		add	r1, sp, #14
 2321 05d0 0093     		str	r3, [sp]
 2322 05d2 0123     		movs	r3, #1
 2323 05d4 8DF80E20 		strb	r2, [sp, #14]
 2324              	.LVL210:
  39:Core/Src/radio/../../Inc/radio/support.h ****         Error_Handler();
 2325              		.loc 2 39 8 view .LVU721
 2326              	.LBE704:
 2327              	.LBI703:
  36:Core/Src/radio/../../Inc/radio/support.h ****     // Wait until TX buffer is empty
 2328              		.loc 2 36 23 is_stmt 1 view .LVU722
 2329              	.LBB705:
  38:Core/Src/radio/../../Inc/radio/support.h ****     if(HAL_SPI_TransmitReceive(nrf->hspi,&data,&result,1,2000)!=HAL_OK) {
 2330              		.loc 2 38 5 view .LVU723
  39:Core/Src/radio/../../Inc/radio/support.h ****         Error_Handler();
 2331              		.loc 2 39 5 view .LVU724
  39:Core/Src/radio/../../Inc/radio/support.h ****         Error_Handler();
 2332              		.loc 2 39 8 is_stmt 0 view .LVU725
ARM GAS  C:\Users\l1234\AppData\Local\Temp\ccFgEZ6h.s 			page 62


 2333 05d8 0DF10F02 		add	r2, sp, #15
 2334              	.LVL211:
  39:Core/Src/radio/../../Inc/radio/support.h ****         Error_Handler();
 2335              		.loc 2 39 8 view .LVU726
 2336 05dc 2068     		ldr	r0, [r4]
 2337 05de FFF7FEFF 		bl	HAL_SPI_TransmitReceive
 2338              	.LVL212:
  39:Core/Src/radio/../../Inc/radio/support.h ****         Error_Handler();
 2339              		.loc 2 39 7 view .LVU727
 2340 05e2 0028     		cmp	r0, #0
 2341 05e4 70D1     		bne	.L234
 2342              	.L81:
  41:Core/Src/radio/../../Inc/radio/support.h ****     return result;
 2343              		.loc 2 41 6 is_stmt 1 view .LVU728
 2344              		.loc 2 42 5 view .LVU729
 2345              	.LVL213:
 2346              		.loc 2 42 5 is_stmt 0 view .LVU730
 2347              	.LBE705:
 2348              	.LBE703:
  33:Core/Src/radio/nrf24.c **** 				(reg != nRF24_CMD_REUSE_TX_PL) && (reg != nRF24_CMD_NOP)) {
 2349              		.loc 1 33 3 is_stmt 1 view .LVU731
  39:Core/Src/radio/nrf24.c **** }
 2350              		.loc 1 39 2 view .LVU732
 2351              	.LBB707:
 2352              	.LBI707:
  31:Core/Src/radio/../../Inc/radio/support.h ****     HAL_GPIO_WritePin(nrf->csPort, nrf->csPin, GPIO_PIN_SET);
 2353              		.loc 2 31 20 view .LVU733
 2354              	.LBB708:
  32:Core/Src/radio/../../Inc/radio/support.h **** }
 2355              		.loc 2 32 5 view .LVU734
 2356 05e6 0122     		movs	r2, #1
 2357 05e8 218A     		ldrh	r1, [r4, #16]
 2358 05ea E068     		ldr	r0, [r4, #12]
 2359 05ec FFF7FEFF 		bl	HAL_GPIO_WritePin
 2360              	.LVL214:
  32:Core/Src/radio/../../Inc/radio/support.h **** }
 2361              		.loc 2 32 5 is_stmt 0 view .LVU735
 2362              	.LBE708:
 2363              	.LBE707:
 2364              	.LBE700:
 2365              	.LBE699:
 2366              	.LBE698:
  96:Core/Src/radio/nrf24.c **** 
 2367              		.loc 1 96 2 is_stmt 1 view .LVU736
 2368              	.LBB712:
 2369              	.LBI712:
 512:Core/Src/radio/nrf24.c **** }
 513:Core/Src/radio/nrf24.c **** 
 514:Core/Src/radio/nrf24.c **** // Clear any pending IRQ flags
 515:Core/Src/radio/nrf24.c **** void nRF24_ClearIRQFlags(const NRF24_TypeDef *nrf) {
 2370              		.loc 1 515 6 view .LVU737
 2371              	.LBB713:
 516:Core/Src/radio/nrf24.c **** 	uint8_t reg;
 2372              		.loc 1 516 2 view .LVU738
 517:Core/Src/radio/nrf24.c **** 
 518:Core/Src/radio/nrf24.c **** 	// Clear RX_DR, TX_DS and MAX_RT bits of the STATUS register
 519:Core/Src/radio/nrf24.c **** 	reg  = nRF24_ReadReg(nrf, nRF24_REG_STATUS);
ARM GAS  C:\Users\l1234\AppData\Local\Temp\ccFgEZ6h.s 			page 63


 2373              		.loc 1 519 2 view .LVU739
 2374              	.LBB714:
 2375              	.LBI714:
   9:Core/Src/radio/nrf24.c **** 	uint8_t value;
 2376              		.loc 1 9 9 view .LVU740
 2377              	.LBB715:
  10:Core/Src/radio/nrf24.c **** 
 2378              		.loc 1 10 2 view .LVU741
  12:Core/Src/radio/nrf24.c **** 	nRF24_LL_RW(nrf, reg & nRF24_MASK_REG_MAP);
 2379              		.loc 1 12 2 view .LVU742
 2380              	.LBB716:
 2381              	.LBI716:
  27:Core/Src/radio/../../Inc/radio/support.h ****     HAL_GPIO_WritePin(nrf->csPort, nrf->csPin, GPIO_PIN_RESET);
 2382              		.loc 2 27 20 view .LVU743
 2383              	.LBB717:
  28:Core/Src/radio/../../Inc/radio/support.h **** }
 2384              		.loc 2 28 5 view .LVU744
 2385 05f0 0022     		movs	r2, #0
 2386 05f2 218A     		ldrh	r1, [r4, #16]
 2387 05f4 E068     		ldr	r0, [r4, #12]
 2388 05f6 FFF7FEFF 		bl	HAL_GPIO_WritePin
 2389              	.LVL215:
  28:Core/Src/radio/../../Inc/radio/support.h **** }
 2390              		.loc 2 28 5 is_stmt 0 view .LVU745
 2391              	.LBE717:
 2392              	.LBE716:
  13:Core/Src/radio/nrf24.c **** 	value = nRF24_LL_RW(nrf, nRF24_CMD_NOP);
 2393              		.loc 1 13 2 is_stmt 1 view .LVU746
 2394              	.LBB718:
 2395              	.LBB719:
  39:Core/Src/radio/../../Inc/radio/support.h ****         Error_Handler();
 2396              		.loc 2 39 8 is_stmt 0 view .LVU747
 2397 05fa 4FF4FA63 		mov	r3, #2000
 2398 05fe 0722     		movs	r2, #7
 2399 0600 0DF10E01 		add	r1, sp, #14
 2400 0604 0093     		str	r3, [sp]
 2401 0606 0123     		movs	r3, #1
 2402 0608 8DF80E20 		strb	r2, [sp, #14]
 2403              	.LVL216:
  39:Core/Src/radio/../../Inc/radio/support.h ****         Error_Handler();
 2404              		.loc 2 39 8 view .LVU748
 2405              	.LBE719:
 2406              	.LBI718:
  36:Core/Src/radio/../../Inc/radio/support.h ****     // Wait until TX buffer is empty
 2407              		.loc 2 36 23 is_stmt 1 view .LVU749
 2408              	.LBB720:
  38:Core/Src/radio/../../Inc/radio/support.h ****     if(HAL_SPI_TransmitReceive(nrf->hspi,&data,&result,1,2000)!=HAL_OK) {
 2409              		.loc 2 38 5 view .LVU750
  39:Core/Src/radio/../../Inc/radio/support.h ****         Error_Handler();
 2410              		.loc 2 39 5 view .LVU751
  39:Core/Src/radio/../../Inc/radio/support.h ****         Error_Handler();
 2411              		.loc 2 39 8 is_stmt 0 view .LVU752
 2412 060c 0DF10F02 		add	r2, sp, #15
 2413              	.LVL217:
  39:Core/Src/radio/../../Inc/radio/support.h ****         Error_Handler();
 2414              		.loc 2 39 8 view .LVU753
 2415 0610 2068     		ldr	r0, [r4]
ARM GAS  C:\Users\l1234\AppData\Local\Temp\ccFgEZ6h.s 			page 64


 2416 0612 FFF7FEFF 		bl	HAL_SPI_TransmitReceive
 2417              	.LVL218:
  39:Core/Src/radio/../../Inc/radio/support.h ****         Error_Handler();
 2418              		.loc 2 39 7 view .LVU754
 2419 0616 0028     		cmp	r0, #0
 2420 0618 53D1     		bne	.L235
 2421              	.L82:
  41:Core/Src/radio/../../Inc/radio/support.h ****     return result;
 2422              		.loc 2 41 6 is_stmt 1 view .LVU755
 2423              		.loc 2 42 5 view .LVU756
 2424              	.LVL219:
 2425              		.loc 2 42 5 is_stmt 0 view .LVU757
 2426              	.LBE720:
 2427              	.LBE718:
  14:Core/Src/radio/nrf24.c **** 	nRF24_CSN_H(nrf);
 2428              		.loc 1 14 2 is_stmt 1 view .LVU758
 2429              	.LBB722:
 2430              	.LBB723:
  39:Core/Src/radio/../../Inc/radio/support.h ****         Error_Handler();
 2431              		.loc 2 39 8 is_stmt 0 view .LVU759
 2432 061a 4FF4FA63 		mov	r3, #2000
 2433 061e FF22     		movs	r2, #255
 2434 0620 0DF10E01 		add	r1, sp, #14
 2435 0624 0093     		str	r3, [sp]
 2436 0626 0123     		movs	r3, #1
 2437 0628 8DF80E20 		strb	r2, [sp, #14]
 2438              	.LVL220:
  39:Core/Src/radio/../../Inc/radio/support.h ****         Error_Handler();
 2439              		.loc 2 39 8 view .LVU760
 2440              	.LBE723:
 2441              	.LBI722:
  36:Core/Src/radio/../../Inc/radio/support.h ****     // Wait until TX buffer is empty
 2442              		.loc 2 36 23 is_stmt 1 view .LVU761
 2443              	.LBB724:
  38:Core/Src/radio/../../Inc/radio/support.h ****     if(HAL_SPI_TransmitReceive(nrf->hspi,&data,&result,1,2000)!=HAL_OK) {
 2444              		.loc 2 38 5 view .LVU762
  39:Core/Src/radio/../../Inc/radio/support.h ****         Error_Handler();
 2445              		.loc 2 39 5 view .LVU763
  39:Core/Src/radio/../../Inc/radio/support.h ****         Error_Handler();
 2446              		.loc 2 39 8 is_stmt 0 view .LVU764
 2447 062c 0DF10F02 		add	r2, sp, #15
 2448              	.LVL221:
  39:Core/Src/radio/../../Inc/radio/support.h ****         Error_Handler();
 2449              		.loc 2 39 8 view .LVU765
 2450 0630 2068     		ldr	r0, [r4]
 2451 0632 FFF7FEFF 		bl	HAL_SPI_TransmitReceive
 2452              	.LVL222:
  39:Core/Src/radio/../../Inc/radio/support.h ****         Error_Handler();
 2453              		.loc 2 39 7 view .LVU766
 2454 0636 0028     		cmp	r0, #0
 2455 0638 40D1     		bne	.L236
 2456              	.L83:
  41:Core/Src/radio/../../Inc/radio/support.h ****     return result;
 2457              		.loc 2 41 6 is_stmt 1 view .LVU767
 2458              		.loc 2 42 5 view .LVU768
 2459              	.LBE724:
 2460              	.LBE722:
ARM GAS  C:\Users\l1234\AppData\Local\Temp\ccFgEZ6h.s 			page 65


 2461              	.LBB727:
 2462              	.LBB728:
  32:Core/Src/radio/../../Inc/radio/support.h **** }
 2463              		.loc 2 32 5 is_stmt 0 view .LVU769
 2464 063a 0122     		movs	r2, #1
 2465 063c 218A     		ldrh	r1, [r4, #16]
 2466 063e E068     		ldr	r0, [r4, #12]
 2467              	.LBE728:
 2468              	.LBE727:
 2469              	.LBB730:
 2470              	.LBB725:
 2471              		.loc 2 42 12 view .LVU770
 2472 0640 9DF80F50 		ldrb	r5, [sp, #15]	@ zero_extendqisi2
 2473              	.LVL223:
 2474              		.loc 2 42 12 view .LVU771
 2475              	.LBE725:
 2476              	.LBE730:
  15:Core/Src/radio/nrf24.c **** 
 2477              		.loc 1 15 2 is_stmt 1 view .LVU772
 2478              	.LBB731:
 2479              	.LBI727:
  31:Core/Src/radio/../../Inc/radio/support.h ****     HAL_GPIO_WritePin(nrf->csPort, nrf->csPin, GPIO_PIN_SET);
 2480              		.loc 2 31 20 view .LVU773
 2481              	.LBB729:
  32:Core/Src/radio/../../Inc/radio/support.h **** }
 2482              		.loc 2 32 5 view .LVU774
 2483 0644 FFF7FEFF 		bl	HAL_GPIO_WritePin
 2484              	.LVL224:
  32:Core/Src/radio/../../Inc/radio/support.h **** }
 2485              		.loc 2 32 5 is_stmt 0 view .LVU775
 2486              	.LBE729:
 2487              	.LBE731:
  17:Core/Src/radio/nrf24.c **** }
 2488              		.loc 1 17 2 is_stmt 1 view .LVU776
  17:Core/Src/radio/nrf24.c **** }
 2489              		.loc 1 17 2 is_stmt 0 view .LVU777
 2490              	.LBE715:
 2491              	.LBE714:
 520:Core/Src/radio/nrf24.c **** 	reg |= nRF24_MASK_STATUS_IRQ;
 2492              		.loc 1 520 2 is_stmt 1 view .LVU778
 2493              	.LBB735:
 2494              	.LBB736:
 2495              	.LBB737:
 2496              	.LBB738:
  28:Core/Src/radio/../../Inc/radio/support.h **** }
 2497              		.loc 2 28 5 is_stmt 0 view .LVU779
 2498 0648 0022     		movs	r2, #0
 2499 064a 218A     		ldrh	r1, [r4, #16]
 2500 064c E068     		ldr	r0, [r4, #12]
 2501              	.LBE738:
 2502              	.LBE737:
 2503              	.LBE736:
 2504              	.LBE735:
 2505              		.loc 1 520 6 view .LVU780
 2506 064e 45F07005 		orr	r5, r5, #112
 2507              	.LVL225:
 521:Core/Src/radio/nrf24.c **** 	nRF24_WriteReg(nrf, nRF24_REG_STATUS, reg);
ARM GAS  C:\Users\l1234\AppData\Local\Temp\ccFgEZ6h.s 			page 66


 2508              		.loc 1 521 2 is_stmt 1 view .LVU781
 2509              	.LBB755:
 2510              	.LBI735:
  24:Core/Src/radio/nrf24.c **** 	nRF24_CSN_L(nrf);
 2511              		.loc 1 24 6 view .LVU782
 2512              	.LBB753:
  25:Core/Src/radio/nrf24.c **** 	if (reg < nRF24_CMD_W_REGISTER) {
 2513              		.loc 1 25 2 view .LVU783
 2514              	.LBB740:
 2515              	.LBI737:
  27:Core/Src/radio/../../Inc/radio/support.h ****     HAL_GPIO_WritePin(nrf->csPort, nrf->csPin, GPIO_PIN_RESET);
 2516              		.loc 2 27 20 view .LVU784
 2517              	.LBB739:
  28:Core/Src/radio/../../Inc/radio/support.h **** }
 2518              		.loc 2 28 5 view .LVU785
 2519 0652 FFF7FEFF 		bl	HAL_GPIO_WritePin
 2520              	.LVL226:
  28:Core/Src/radio/../../Inc/radio/support.h **** }
 2521              		.loc 2 28 5 is_stmt 0 view .LVU786
 2522              	.LBE739:
 2523              	.LBE740:
  26:Core/Src/radio/nrf24.c **** 		// This is a register access
 2524              		.loc 1 26 2 is_stmt 1 view .LVU787
  28:Core/Src/radio/nrf24.c **** 		nRF24_LL_RW(nrf, value);
 2525              		.loc 1 28 3 view .LVU788
 2526 0656 2723     		movs	r3, #39
 2527              	.LBB741:
 2528              	.LBB742:
  39:Core/Src/radio/../../Inc/radio/support.h ****         Error_Handler();
 2529              		.loc 2 39 8 is_stmt 0 view .LVU789
 2530 0658 0DF10F02 		add	r2, sp, #15
 2531 065c 0DF10E01 		add	r1, sp, #14
 2532 0660 8DF80E30 		strb	r3, [sp, #14]
 2533              	.LVL227:
  39:Core/Src/radio/../../Inc/radio/support.h ****         Error_Handler();
 2534              		.loc 2 39 8 view .LVU790
 2535              	.LBE742:
 2536              	.LBI741:
  36:Core/Src/radio/../../Inc/radio/support.h ****     // Wait until TX buffer is empty
 2537              		.loc 2 36 23 is_stmt 1 view .LVU791
 2538              	.LBB743:
  38:Core/Src/radio/../../Inc/radio/support.h ****     if(HAL_SPI_TransmitReceive(nrf->hspi,&data,&result,1,2000)!=HAL_OK) {
 2539              		.loc 2 38 5 view .LVU792
  39:Core/Src/radio/../../Inc/radio/support.h ****         Error_Handler();
 2540              		.loc 2 39 5 view .LVU793
  39:Core/Src/radio/../../Inc/radio/support.h ****         Error_Handler();
 2541              		.loc 2 39 8 is_stmt 0 view .LVU794
 2542 0664 4FF4FA63 		mov	r3, #2000
 2543              	.LVL228:
  39:Core/Src/radio/../../Inc/radio/support.h ****         Error_Handler();
 2544              		.loc 2 39 8 view .LVU795
 2545 0668 0093     		str	r3, [sp]
 2546 066a 0123     		movs	r3, #1
 2547 066c 2068     		ldr	r0, [r4]
 2548 066e FFF7FEFF 		bl	HAL_SPI_TransmitReceive
 2549              	.LVL229:
  39:Core/Src/radio/../../Inc/radio/support.h ****         Error_Handler();
ARM GAS  C:\Users\l1234\AppData\Local\Temp\ccFgEZ6h.s 			page 67


 2550              		.loc 2 39 7 view .LVU796
 2551 0672 00BB     		cbnz	r0, .L237
 2552              	.L84:
  41:Core/Src/radio/../../Inc/radio/support.h ****     return result;
 2553              		.loc 2 41 6 is_stmt 1 view .LVU797
 2554              		.loc 2 42 5 view .LVU798
 2555              	.LVL230:
 2556              		.loc 2 42 5 is_stmt 0 view .LVU799
 2557              	.LBE743:
 2558              	.LBE741:
  29:Core/Src/radio/nrf24.c **** 	} else {
 2559              		.loc 1 29 3 is_stmt 1 view .LVU800
 2560              	.LBB745:
 2561              	.LBB746:
  39:Core/Src/radio/../../Inc/radio/support.h ****         Error_Handler();
 2562              		.loc 2 39 8 is_stmt 0 view .LVU801
 2563 0674 4FF4FA63 		mov	r3, #2000
 2564 0678 0DF10F02 		add	r2, sp, #15
 2565 067c 0DF10E01 		add	r1, sp, #14
 2566 0680 8DF80E50 		strb	r5, [sp, #14]
 2567              	.LVL231:
  39:Core/Src/radio/../../Inc/radio/support.h ****         Error_Handler();
 2568              		.loc 2 39 8 view .LVU802
 2569              	.LBE746:
 2570              	.LBI745:
  36:Core/Src/radio/../../Inc/radio/support.h ****     // Wait until TX buffer is empty
 2571              		.loc 2 36 23 is_stmt 1 view .LVU803
 2572              	.LBB747:
  38:Core/Src/radio/../../Inc/radio/support.h ****     if(HAL_SPI_TransmitReceive(nrf->hspi,&data,&result,1,2000)!=HAL_OK) {
 2573              		.loc 2 38 5 view .LVU804
  39:Core/Src/radio/../../Inc/radio/support.h ****         Error_Handler();
 2574              		.loc 2 39 5 view .LVU805
  39:Core/Src/radio/../../Inc/radio/support.h ****         Error_Handler();
 2575              		.loc 2 39 8 is_stmt 0 view .LVU806
 2576 0684 0093     		str	r3, [sp]
 2577 0686 0123     		movs	r3, #1
 2578 0688 2068     		ldr	r0, [r4]
 2579 068a FFF7FEFF 		bl	HAL_SPI_TransmitReceive
 2580              	.LVL232:
  39:Core/Src/radio/../../Inc/radio/support.h ****         Error_Handler();
 2581              		.loc 2 39 7 view .LVU807
 2582 068e 78B9     		cbnz	r0, .L238
 2583              	.L85:
  41:Core/Src/radio/../../Inc/radio/support.h ****     return result;
 2584              		.loc 2 41 6 is_stmt 1 view .LVU808
 2585              		.loc 2 42 5 view .LVU809
 2586              	.LVL233:
 2587              		.loc 2 42 5 is_stmt 0 view .LVU810
 2588              	.LBE747:
 2589              	.LBE745:
  39:Core/Src/radio/nrf24.c **** }
 2590              		.loc 1 39 2 is_stmt 1 view .LVU811
 2591              	.LBB749:
 2592              	.LBI749:
  31:Core/Src/radio/../../Inc/radio/support.h ****     HAL_GPIO_WritePin(nrf->csPort, nrf->csPin, GPIO_PIN_SET);
 2593              		.loc 2 31 20 view .LVU812
 2594              	.LBB750:
ARM GAS  C:\Users\l1234\AppData\Local\Temp\ccFgEZ6h.s 			page 68


  32:Core/Src/radio/../../Inc/radio/support.h **** }
 2595              		.loc 2 32 5 view .LVU813
 2596 0690 218A     		ldrh	r1, [r4, #16]
 2597 0692 0122     		movs	r2, #1
 2598 0694 E068     		ldr	r0, [r4, #12]
 2599 0696 FFF7FEFF 		bl	HAL_GPIO_WritePin
 2600              	.LVL234:
  32:Core/Src/radio/../../Inc/radio/support.h **** }
 2601              		.loc 2 32 5 is_stmt 0 view .LVU814
 2602              	.LBE750:
 2603              	.LBE749:
 2604              	.LBE753:
 2605              	.LBE755:
 2606              	.LBE713:
 2607              	.LBE712:
  99:Core/Src/radio/nrf24.c **** }
 2608              		.loc 1 99 2 is_stmt 1 view .LVU815
 2609              	.LBB759:
 2610              	.LBI759:
  31:Core/Src/radio/../../Inc/radio/support.h ****     HAL_GPIO_WritePin(nrf->csPort, nrf->csPin, GPIO_PIN_SET);
 2611              		.loc 2 31 20 view .LVU816
 2612              	.LBB760:
  32:Core/Src/radio/../../Inc/radio/support.h **** }
 2613              		.loc 2 32 5 view .LVU817
 2614 069a 0122     		movs	r2, #1
 2615 069c 218A     		ldrh	r1, [r4, #16]
 2616 069e E068     		ldr	r0, [r4, #12]
 2617              	.LBE760:
 2618              	.LBE759:
 100:Core/Src/radio/nrf24.c **** 
 2619              		.loc 1 100 1 is_stmt 0 view .LVU818
 2620 06a0 05B0     		add	sp, sp, #20
 2621              	.LCFI11:
 2622              		.cfi_remember_state
 2623              		.cfi_def_cfa_offset 12
 2624              		@ sp needed
 2625 06a2 BDE83040 		pop	{r4, r5, lr}
 2626              	.LCFI12:
 2627              		.cfi_restore 14
 2628              		.cfi_restore 5
 2629              		.cfi_restore 4
 2630              		.cfi_def_cfa_offset 0
 2631              	.LVL235:
 2632              	.LBB762:
 2633              	.LBB761:
  32:Core/Src/radio/../../Inc/radio/support.h **** }
 2634              		.loc 2 32 5 view .LVU819
 2635 06a6 FFF7FEBF 		b	HAL_GPIO_WritePin
 2636              	.LVL236:
 2637              	.L201:
 2638              	.LCFI13:
 2639              		.cfi_restore_state
  32:Core/Src/radio/../../Inc/radio/support.h **** }
 2640              		.loc 2 32 5 view .LVU820
 2641              	.LBE761:
 2642              	.LBE762:
 2643              	.LBB763:
ARM GAS  C:\Users\l1234\AppData\Local\Temp\ccFgEZ6h.s 			page 69


 2644              	.LBB425:
 2645              	.LBB421:
 2646              	.LBB414:
  40:Core/Src/radio/../../Inc/radio/support.h ****     };
 2647              		.loc 2 40 9 is_stmt 1 view .LVU821
 2648 06aa FFF7FEFF 		bl	Error_Handler
 2649              	.LVL237:
 2650 06ae C0E4     		b	.L48
 2651              	.LVL238:
 2652              	.L238:
  40:Core/Src/radio/../../Inc/radio/support.h ****     };
 2653              		.loc 2 40 9 is_stmt 0 view .LVU822
 2654              	.LBE414:
 2655              	.LBE421:
 2656              	.LBE425:
 2657              	.LBE763:
 2658              	.LBB764:
 2659              	.LBB758:
 2660              	.LBB756:
 2661              	.LBB754:
 2662              	.LBB751:
 2663              	.LBB748:
  40:Core/Src/radio/../../Inc/radio/support.h ****     };
 2664              		.loc 2 40 9 is_stmt 1 view .LVU823
 2665 06b0 FFF7FEFF 		bl	Error_Handler
 2666              	.LVL239:
 2667 06b4 ECE7     		b	.L85
 2668              	.LVL240:
 2669              	.L237:
  40:Core/Src/radio/../../Inc/radio/support.h ****     };
 2670              		.loc 2 40 9 is_stmt 0 view .LVU824
 2671              	.LBE748:
 2672              	.LBE751:
 2673              	.LBB752:
 2674              	.LBB744:
  40:Core/Src/radio/../../Inc/radio/support.h ****     };
 2675              		.loc 2 40 9 is_stmt 1 view .LVU825
 2676 06b6 FFF7FEFF 		bl	Error_Handler
 2677              	.LVL241:
 2678 06ba DBE7     		b	.L84
 2679              	.LVL242:
 2680              	.L236:
  40:Core/Src/radio/../../Inc/radio/support.h ****     };
 2681              		.loc 2 40 9 is_stmt 0 view .LVU826
 2682              	.LBE744:
 2683              	.LBE752:
 2684              	.LBE754:
 2685              	.LBE756:
 2686              	.LBB757:
 2687              	.LBB734:
 2688              	.LBB732:
 2689              	.LBB726:
  40:Core/Src/radio/../../Inc/radio/support.h ****     };
 2690              		.loc 2 40 9 is_stmt 1 view .LVU827
 2691 06bc FFF7FEFF 		bl	Error_Handler
 2692              	.LVL243:
 2693 06c0 BBE7     		b	.L83
ARM GAS  C:\Users\l1234\AppData\Local\Temp\ccFgEZ6h.s 			page 70


 2694              	.LVL244:
 2695              	.L235:
  40:Core/Src/radio/../../Inc/radio/support.h ****     };
 2696              		.loc 2 40 9 is_stmt 0 view .LVU828
 2697              	.LBE726:
 2698              	.LBE732:
 2699              	.LBB733:
 2700              	.LBB721:
  40:Core/Src/radio/../../Inc/radio/support.h ****     };
 2701              		.loc 2 40 9 is_stmt 1 view .LVU829
 2702 06c2 FFF7FEFF 		bl	Error_Handler
 2703              	.LVL245:
 2704 06c6 A8E7     		b	.L82
 2705              	.LVL246:
 2706              	.L234:
  40:Core/Src/radio/../../Inc/radio/support.h ****     };
 2707              		.loc 2 40 9 is_stmt 0 view .LVU830
 2708              	.LBE721:
 2709              	.LBE733:
 2710              	.LBE734:
 2711              	.LBE757:
 2712              	.LBE758:
 2713              	.LBE764:
 2714              	.LBB765:
 2715              	.LBB711:
 2716              	.LBB710:
 2717              	.LBB709:
 2718              	.LBB706:
  40:Core/Src/radio/../../Inc/radio/support.h ****     };
 2719              		.loc 2 40 9 is_stmt 1 view .LVU831
 2720 06c8 FFF7FEFF 		bl	Error_Handler
 2721              	.LVL247:
 2722 06cc 8BE7     		b	.L81
 2723              	.LVL248:
 2724              	.L233:
  40:Core/Src/radio/../../Inc/radio/support.h ****     };
 2725              		.loc 2 40 9 is_stmt 0 view .LVU832
 2726              	.LBE706:
 2727              	.LBE709:
 2728              	.LBE710:
 2729              	.LBE711:
 2730              	.LBE765:
 2731              	.LBB766:
 2732              	.LBB697:
 2733              	.LBB696:
 2734              	.LBB695:
 2735              	.LBB692:
  40:Core/Src/radio/../../Inc/radio/support.h ****     };
 2736              		.loc 2 40 9 is_stmt 1 view .LVU833
 2737 06ce FFF7FEFF 		bl	Error_Handler
 2738              	.LVL249:
 2739 06d2 6EE7     		b	.L80
 2740              	.LVL250:
 2741              	.L232:
  40:Core/Src/radio/../../Inc/radio/support.h ****     };
 2742              		.loc 2 40 9 is_stmt 0 view .LVU834
 2743              	.LBE692:
ARM GAS  C:\Users\l1234\AppData\Local\Temp\ccFgEZ6h.s 			page 71


 2744              	.LBE695:
 2745              	.LBE696:
 2746              	.LBE697:
 2747              	.LBE766:
 2748              	.LBB767:
 2749              	.LBB683:
 2750              	.LBB681:
 2751              	.LBB678:
  40:Core/Src/radio/../../Inc/radio/support.h ****     };
 2752              		.loc 2 40 9 is_stmt 1 view .LVU835
 2753 06d4 FFF7FEFF 		bl	Error_Handler
 2754              	.LVL251:
 2755 06d8 50E7     		b	.L79
 2756              	.LVL252:
 2757              	.L231:
  40:Core/Src/radio/../../Inc/radio/support.h ****     };
 2758              		.loc 2 40 9 is_stmt 0 view .LVU836
 2759              	.LBE678:
 2760              	.LBE681:
 2761              	.LBB682:
 2762              	.LBB674:
  40:Core/Src/radio/../../Inc/radio/support.h ****     };
 2763              		.loc 2 40 9 is_stmt 1 view .LVU837
 2764 06da FFF7FEFF 		bl	Error_Handler
 2765              	.LVL253:
 2766 06de 3CE7     		b	.L78
 2767              	.LVL254:
 2768              	.L230:
  40:Core/Src/radio/../../Inc/radio/support.h ****     };
 2769              		.loc 2 40 9 is_stmt 0 view .LVU838
 2770              	.LBE674:
 2771              	.LBE682:
 2772              	.LBE683:
 2773              	.LBE767:
 2774              	.LBB768:
 2775              	.LBB666:
 2776              	.LBB664:
 2777              	.LBB661:
  40:Core/Src/radio/../../Inc/radio/support.h ****     };
 2778              		.loc 2 40 9 is_stmt 1 view .LVU839
 2779 06e0 FFF7FEFF 		bl	Error_Handler
 2780              	.LVL255:
 2781 06e4 1EE7     		b	.L77
 2782              	.LVL256:
 2783              	.L229:
  40:Core/Src/radio/../../Inc/radio/support.h ****     };
 2784              		.loc 2 40 9 is_stmt 0 view .LVU840
 2785              	.LBE661:
 2786              	.LBE664:
 2787              	.LBB665:
 2788              	.LBB657:
  40:Core/Src/radio/../../Inc/radio/support.h ****     };
 2789              		.loc 2 40 9 is_stmt 1 view .LVU841
 2790 06e6 FFF7FEFF 		bl	Error_Handler
 2791              	.LVL257:
 2792 06ea 0AE7     		b	.L76
 2793              	.LVL258:
ARM GAS  C:\Users\l1234\AppData\Local\Temp\ccFgEZ6h.s 			page 72


 2794              	.L228:
  40:Core/Src/radio/../../Inc/radio/support.h ****     };
 2795              		.loc 2 40 9 is_stmt 0 view .LVU842
 2796              	.LBE657:
 2797              	.LBE665:
 2798              	.LBE666:
 2799              	.LBE768:
 2800              	.LBB769:
 2801              	.LBB649:
 2802              	.LBB647:
 2803              	.LBB644:
  40:Core/Src/radio/../../Inc/radio/support.h ****     };
 2804              		.loc 2 40 9 is_stmt 1 view .LVU843
 2805 06ec FFF7FEFF 		bl	Error_Handler
 2806              	.LVL259:
 2807 06f0 ECE6     		b	.L75
 2808              	.LVL260:
 2809              	.L227:
  40:Core/Src/radio/../../Inc/radio/support.h ****     };
 2810              		.loc 2 40 9 is_stmt 0 view .LVU844
 2811              	.LBE644:
 2812              	.LBE647:
 2813              	.LBB648:
 2814              	.LBB640:
  40:Core/Src/radio/../../Inc/radio/support.h ****     };
 2815              		.loc 2 40 9 is_stmt 1 view .LVU845
 2816 06f2 FFF7FEFF 		bl	Error_Handler
 2817              	.LVL261:
 2818 06f6 D8E6     		b	.L74
 2819              	.LVL262:
 2820              	.L226:
  40:Core/Src/radio/../../Inc/radio/support.h ****     };
 2821              		.loc 2 40 9 is_stmt 0 view .LVU846
 2822              	.LBE640:
 2823              	.LBE648:
 2824              	.LBE649:
 2825              	.LBE769:
 2826              	.LBB770:
 2827              	.LBB632:
 2828              	.LBB630:
 2829              	.LBB627:
  40:Core/Src/radio/../../Inc/radio/support.h ****     };
 2830              		.loc 2 40 9 is_stmt 1 view .LVU847
 2831 06f8 FFF7FEFF 		bl	Error_Handler
 2832              	.LVL263:
 2833 06fc BAE6     		b	.L73
 2834              	.LVL264:
 2835              	.L225:
  40:Core/Src/radio/../../Inc/radio/support.h ****     };
 2836              		.loc 2 40 9 is_stmt 0 view .LVU848
 2837              	.LBE627:
 2838              	.LBE630:
 2839              	.LBB631:
 2840              	.LBB623:
  40:Core/Src/radio/../../Inc/radio/support.h ****     };
 2841              		.loc 2 40 9 is_stmt 1 view .LVU849
 2842 06fe FFF7FEFF 		bl	Error_Handler
ARM GAS  C:\Users\l1234\AppData\Local\Temp\ccFgEZ6h.s 			page 73


 2843              	.LVL265:
 2844 0702 A6E6     		b	.L72
 2845              	.LVL266:
 2846              	.L224:
  40:Core/Src/radio/../../Inc/radio/support.h ****     };
 2847              		.loc 2 40 9 is_stmt 0 view .LVU850
 2848              	.LBE623:
 2849              	.LBE631:
 2850              	.LBE632:
 2851              	.LBE770:
 2852              	.LBB771:
 2853              	.LBB615:
 2854              	.LBB613:
 2855              	.LBB610:
  40:Core/Src/radio/../../Inc/radio/support.h ****     };
 2856              		.loc 2 40 9 is_stmt 1 view .LVU851
 2857 0704 FFF7FEFF 		bl	Error_Handler
 2858              	.LVL267:
 2859 0708 88E6     		b	.L71
 2860              	.LVL268:
 2861              	.L223:
  40:Core/Src/radio/../../Inc/radio/support.h ****     };
 2862              		.loc 2 40 9 is_stmt 0 view .LVU852
 2863              	.LBE610:
 2864              	.LBE613:
 2865              	.LBB614:
 2866              	.LBB606:
  40:Core/Src/radio/../../Inc/radio/support.h ****     };
 2867              		.loc 2 40 9 is_stmt 1 view .LVU853
 2868 070a FFF7FEFF 		bl	Error_Handler
 2869              	.LVL269:
 2870 070e 74E6     		b	.L70
 2871              	.LVL270:
 2872              	.L222:
  40:Core/Src/radio/../../Inc/radio/support.h ****     };
 2873              		.loc 2 40 9 is_stmt 0 view .LVU854
 2874              	.LBE606:
 2875              	.LBE614:
 2876              	.LBE615:
 2877              	.LBE771:
 2878              	.LBB772:
 2879              	.LBB598:
 2880              	.LBB596:
 2881              	.LBB593:
  40:Core/Src/radio/../../Inc/radio/support.h ****     };
 2882              		.loc 2 40 9 is_stmt 1 view .LVU855
 2883 0710 FFF7FEFF 		bl	Error_Handler
 2884              	.LVL271:
 2885 0714 56E6     		b	.L69
 2886              	.LVL272:
 2887              	.L221:
  40:Core/Src/radio/../../Inc/radio/support.h ****     };
 2888              		.loc 2 40 9 is_stmt 0 view .LVU856
 2889              	.LBE593:
 2890              	.LBE596:
 2891              	.LBB597:
 2892              	.LBB589:
ARM GAS  C:\Users\l1234\AppData\Local\Temp\ccFgEZ6h.s 			page 74


  40:Core/Src/radio/../../Inc/radio/support.h ****     };
 2893              		.loc 2 40 9 is_stmt 1 view .LVU857
 2894 0716 FFF7FEFF 		bl	Error_Handler
 2895              	.LVL273:
 2896 071a 42E6     		b	.L68
 2897              	.LVL274:
 2898              	.L220:
  40:Core/Src/radio/../../Inc/radio/support.h ****     };
 2899              		.loc 2 40 9 is_stmt 0 view .LVU858
 2900              	.LBE589:
 2901              	.LBE597:
 2902              	.LBE598:
 2903              	.LBE772:
 2904              	.LBB773:
 2905              	.LBB581:
 2906              	.LBB579:
 2907              	.LBB576:
  40:Core/Src/radio/../../Inc/radio/support.h ****     };
 2908              		.loc 2 40 9 is_stmt 1 view .LVU859
 2909 071c FFF7FEFF 		bl	Error_Handler
 2910              	.LVL275:
 2911 0720 24E6     		b	.L67
 2912              	.LVL276:
 2913              	.L219:
  40:Core/Src/radio/../../Inc/radio/support.h ****     };
 2914              		.loc 2 40 9 is_stmt 0 view .LVU860
 2915              	.LBE576:
 2916              	.LBE579:
 2917              	.LBB580:
 2918              	.LBB572:
  40:Core/Src/radio/../../Inc/radio/support.h ****     };
 2919              		.loc 2 40 9 is_stmt 1 view .LVU861
 2920 0722 FFF7FEFF 		bl	Error_Handler
 2921              	.LVL277:
 2922 0726 10E6     		b	.L66
 2923              	.LVL278:
 2924              	.L218:
  40:Core/Src/radio/../../Inc/radio/support.h ****     };
 2925              		.loc 2 40 9 is_stmt 0 view .LVU862
 2926              	.LBE572:
 2927              	.LBE580:
 2928              	.LBE581:
 2929              	.LBE773:
 2930              	.LBB774:
 2931              	.LBB564:
 2932              	.LBB562:
 2933              	.LBB559:
  40:Core/Src/radio/../../Inc/radio/support.h ****     };
 2934              		.loc 2 40 9 is_stmt 1 view .LVU863
 2935 0728 FFF7FEFF 		bl	Error_Handler
 2936              	.LVL279:
 2937 072c F2E5     		b	.L65
 2938              	.LVL280:
 2939              	.L217:
  40:Core/Src/radio/../../Inc/radio/support.h ****     };
 2940              		.loc 2 40 9 is_stmt 0 view .LVU864
 2941              	.LBE559:
ARM GAS  C:\Users\l1234\AppData\Local\Temp\ccFgEZ6h.s 			page 75


 2942              	.LBE562:
 2943              	.LBB563:
 2944              	.LBB555:
  40:Core/Src/radio/../../Inc/radio/support.h ****     };
 2945              		.loc 2 40 9 is_stmt 1 view .LVU865
 2946 072e FFF7FEFF 		bl	Error_Handler
 2947              	.LVL281:
 2948 0732 DEE5     		b	.L64
 2949              	.LVL282:
 2950              	.L216:
  40:Core/Src/radio/../../Inc/radio/support.h ****     };
 2951              		.loc 2 40 9 is_stmt 0 view .LVU866
 2952              	.LBE555:
 2953              	.LBE563:
 2954              	.LBE564:
 2955              	.LBE774:
 2956              	.LBB775:
 2957              	.LBB547:
 2958              	.LBB545:
 2959              	.LBB542:
  40:Core/Src/radio/../../Inc/radio/support.h ****     };
 2960              		.loc 2 40 9 is_stmt 1 view .LVU867
 2961 0734 FFF7FEFF 		bl	Error_Handler
 2962              	.LVL283:
 2963 0738 C0E5     		b	.L63
 2964              	.LVL284:
 2965              	.L215:
  40:Core/Src/radio/../../Inc/radio/support.h ****     };
 2966              		.loc 2 40 9 is_stmt 0 view .LVU868
 2967              	.LBE542:
 2968              	.LBE545:
 2969              	.LBB546:
 2970              	.LBB538:
  40:Core/Src/radio/../../Inc/radio/support.h ****     };
 2971              		.loc 2 40 9 is_stmt 1 view .LVU869
 2972 073a FFF7FEFF 		bl	Error_Handler
 2973              	.LVL285:
 2974 073e ACE5     		b	.L62
 2975              	.LVL286:
 2976              	.L214:
  40:Core/Src/radio/../../Inc/radio/support.h ****     };
 2977              		.loc 2 40 9 is_stmt 0 view .LVU870
 2978              	.LBE538:
 2979              	.LBE546:
 2980              	.LBE547:
 2981              	.LBE775:
 2982              	.LBB776:
 2983              	.LBB530:
 2984              	.LBB528:
 2985              	.LBB525:
  40:Core/Src/radio/../../Inc/radio/support.h ****     };
 2986              		.loc 2 40 9 is_stmt 1 view .LVU871
 2987 0740 FFF7FEFF 		bl	Error_Handler
 2988              	.LVL287:
 2989 0744 8EE5     		b	.L61
 2990              	.LVL288:
 2991              	.L213:
ARM GAS  C:\Users\l1234\AppData\Local\Temp\ccFgEZ6h.s 			page 76


  40:Core/Src/radio/../../Inc/radio/support.h ****     };
 2992              		.loc 2 40 9 is_stmt 0 view .LVU872
 2993              	.LBE525:
 2994              	.LBE528:
 2995              	.LBB529:
 2996              	.LBB521:
  40:Core/Src/radio/../../Inc/radio/support.h ****     };
 2997              		.loc 2 40 9 is_stmt 1 view .LVU873
 2998 0746 FFF7FEFF 		bl	Error_Handler
 2999              	.LVL289:
 3000 074a 7AE5     		b	.L60
 3001              	.LVL290:
 3002              	.L212:
  40:Core/Src/radio/../../Inc/radio/support.h ****     };
 3003              		.loc 2 40 9 is_stmt 0 view .LVU874
 3004              	.LBE521:
 3005              	.LBE529:
 3006              	.LBE530:
 3007              	.LBE776:
 3008              	.LBB777:
 3009              	.LBB513:
 3010              	.LBB511:
 3011              	.LBB508:
  40:Core/Src/radio/../../Inc/radio/support.h ****     };
 3012              		.loc 2 40 9 is_stmt 1 view .LVU875
 3013 074c FFF7FEFF 		bl	Error_Handler
 3014              	.LVL291:
 3015 0750 5CE5     		b	.L59
 3016              	.LVL292:
 3017              	.L211:
  40:Core/Src/radio/../../Inc/radio/support.h ****     };
 3018              		.loc 2 40 9 is_stmt 0 view .LVU876
 3019              	.LBE508:
 3020              	.LBE511:
 3021              	.LBB512:
 3022              	.LBB504:
  40:Core/Src/radio/../../Inc/radio/support.h ****     };
 3023              		.loc 2 40 9 is_stmt 1 view .LVU877
 3024 0752 FFF7FEFF 		bl	Error_Handler
 3025              	.LVL293:
 3026 0756 48E5     		b	.L58
 3027              	.LVL294:
 3028              	.L210:
  40:Core/Src/radio/../../Inc/radio/support.h ****     };
 3029              		.loc 2 40 9 is_stmt 0 view .LVU878
 3030              	.LBE504:
 3031              	.LBE512:
 3032              	.LBE513:
 3033              	.LBE777:
 3034              	.LBB778:
 3035              	.LBB496:
 3036              	.LBB494:
 3037              	.LBB491:
  40:Core/Src/radio/../../Inc/radio/support.h ****     };
 3038              		.loc 2 40 9 is_stmt 1 view .LVU879
 3039 0758 FFF7FEFF 		bl	Error_Handler
 3040              	.LVL295:
ARM GAS  C:\Users\l1234\AppData\Local\Temp\ccFgEZ6h.s 			page 77


 3041 075c 2AE5     		b	.L57
 3042              	.LVL296:
 3043              	.L209:
  40:Core/Src/radio/../../Inc/radio/support.h ****     };
 3044              		.loc 2 40 9 is_stmt 0 view .LVU880
 3045              	.LBE491:
 3046              	.LBE494:
 3047              	.LBB495:
 3048              	.LBB487:
  40:Core/Src/radio/../../Inc/radio/support.h ****     };
 3049              		.loc 2 40 9 is_stmt 1 view .LVU881
 3050 075e FFF7FEFF 		bl	Error_Handler
 3051              	.LVL297:
 3052 0762 16E5     		b	.L56
 3053              	.LVL298:
 3054              	.L208:
  40:Core/Src/radio/../../Inc/radio/support.h ****     };
 3055              		.loc 2 40 9 is_stmt 0 view .LVU882
 3056              	.LBE487:
 3057              	.LBE495:
 3058              	.LBE496:
 3059              	.LBE778:
 3060              	.LBB779:
 3061              	.LBB479:
 3062              	.LBB477:
 3063              	.LBB474:
  40:Core/Src/radio/../../Inc/radio/support.h ****     };
 3064              		.loc 2 40 9 is_stmt 1 view .LVU883
 3065 0764 FFF7FEFF 		bl	Error_Handler
 3066              	.LVL299:
 3067 0768 F8E4     		b	.L55
 3068              	.LVL300:
 3069              	.L207:
  40:Core/Src/radio/../../Inc/radio/support.h ****     };
 3070              		.loc 2 40 9 is_stmt 0 view .LVU884
 3071              	.LBE474:
 3072              	.LBE477:
 3073              	.LBB478:
 3074              	.LBB470:
  40:Core/Src/radio/../../Inc/radio/support.h ****     };
 3075              		.loc 2 40 9 is_stmt 1 view .LVU885
 3076 076a FFF7FEFF 		bl	Error_Handler
 3077              	.LVL301:
 3078 076e E4E4     		b	.L54
 3079              	.LVL302:
 3080              	.L206:
  40:Core/Src/radio/../../Inc/radio/support.h ****     };
 3081              		.loc 2 40 9 is_stmt 0 view .LVU886
 3082              	.LBE470:
 3083              	.LBE478:
 3084              	.LBE479:
 3085              	.LBE779:
 3086              	.LBB780:
 3087              	.LBB462:
 3088              	.LBB460:
 3089              	.LBB457:
  40:Core/Src/radio/../../Inc/radio/support.h ****     };
ARM GAS  C:\Users\l1234\AppData\Local\Temp\ccFgEZ6h.s 			page 78


 3090              		.loc 2 40 9 is_stmt 1 view .LVU887
 3091 0770 FFF7FEFF 		bl	Error_Handler
 3092              	.LVL303:
 3093 0774 C6E4     		b	.L53
 3094              	.LVL304:
 3095              	.L205:
  40:Core/Src/radio/../../Inc/radio/support.h ****     };
 3096              		.loc 2 40 9 is_stmt 0 view .LVU888
 3097              	.LBE457:
 3098              	.LBE460:
 3099              	.LBB461:
 3100              	.LBB453:
  40:Core/Src/radio/../../Inc/radio/support.h ****     };
 3101              		.loc 2 40 9 is_stmt 1 view .LVU889
 3102 0776 FFF7FEFF 		bl	Error_Handler
 3103              	.LVL305:
 3104 077a B2E4     		b	.L52
 3105              	.LVL306:
 3106              	.L204:
  40:Core/Src/radio/../../Inc/radio/support.h ****     };
 3107              		.loc 2 40 9 is_stmt 0 view .LVU890
 3108              	.LBE453:
 3109              	.LBE461:
 3110              	.LBE462:
 3111              	.LBE780:
 3112              	.LBB781:
 3113              	.LBB445:
 3114              	.LBB443:
 3115              	.LBB440:
  40:Core/Src/radio/../../Inc/radio/support.h ****     };
 3116              		.loc 2 40 9 is_stmt 1 view .LVU891
 3117 077c FFF7FEFF 		bl	Error_Handler
 3118              	.LVL307:
 3119 0780 94E4     		b	.L51
 3120              	.LVL308:
 3121              	.L203:
  40:Core/Src/radio/../../Inc/radio/support.h ****     };
 3122              		.loc 2 40 9 is_stmt 0 view .LVU892
 3123              	.LBE440:
 3124              	.LBE443:
 3125              	.LBB444:
 3126              	.LBB436:
  40:Core/Src/radio/../../Inc/radio/support.h ****     };
 3127              		.loc 2 40 9 is_stmt 1 view .LVU893
 3128 0782 FFF7FEFF 		bl	Error_Handler
 3129              	.LVL309:
 3130 0786 80E4     		b	.L50
 3131              	.LVL310:
 3132              	.L202:
  40:Core/Src/radio/../../Inc/radio/support.h ****     };
 3133              		.loc 2 40 9 is_stmt 0 view .LVU894
 3134              	.LBE436:
 3135              	.LBE444:
 3136              	.LBE445:
 3137              	.LBE781:
 3138              	.LBB782:
 3139              	.LBB426:
ARM GAS  C:\Users\l1234\AppData\Local\Temp\ccFgEZ6h.s 			page 79


 3140              	.LBB422:
 3141              	.LBB418:
  40:Core/Src/radio/../../Inc/radio/support.h ****     };
 3142              		.loc 2 40 9 is_stmt 1 view .LVU895
 3143 0788 FFF7FEFF 		bl	Error_Handler
 3144              	.LVL311:
 3145 078c 62E4     		b	.L49
 3146              	.LBE418:
 3147              	.LBE422:
 3148              	.LBE426:
 3149              	.LBE782:
 3150              		.cfi_endproc
 3151              	.LFE154:
 3153 078e 00BF     		.section	.rodata.nRF24_Check.str1.4,"aMS",%progbits,1
 3154              		.align	2
 3155              	.LC0:
 3156 0000 6E524632 		.ascii	"nRF24\000"
 3156      3400
 3157              		.section	.text.nRF24_Check,"ax",%progbits
 3158              		.align	1
 3159              		.p2align 2,,3
 3160              		.global	nRF24_Check
 3161              		.syntax unified
 3162              		.thumb
 3163              		.thumb_func
 3165              	nRF24_Check:
 3166              	.LVL312:
 3167              	.LFB155:
 106:Core/Src/radio/nrf24.c **** 	uint8_t rxbuf[5];
 3168              		.loc 1 106 47 view -0
 3169              		.cfi_startproc
 3170              		@ args = 0, pretend = 0, frame = 16
 3171              		@ frame_needed = 0, uses_anonymous_args = 0
 107:Core/Src/radio/nrf24.c **** 	uint8_t i;
 3172              		.loc 1 107 2 view .LVU897
 108:Core/Src/radio/nrf24.c **** 	uint8_t *ptr = (uint8_t *)nRF24_TEST_ADDR;
 3173              		.loc 1 108 2 view .LVU898
 109:Core/Src/radio/nrf24.c **** 
 3174              		.loc 1 109 2 view .LVU899
 112:Core/Src/radio/nrf24.c **** 	nRF24_ReadMBReg(nrf, nRF24_CMD_R_REGISTER | nRF24_REG_TX_ADDR, rxbuf, 5);
 3175              		.loc 1 112 2 view .LVU900
 106:Core/Src/radio/nrf24.c **** 	uint8_t rxbuf[5];
 3176              		.loc 1 106 47 is_stmt 0 view .LVU901
 3177 0000 2DE9F041 		push	{r4, r5, r6, r7, r8, lr}
 3178              	.LCFI14:
 3179              		.cfi_def_cfa_offset 24
 3180              		.cfi_offset 4, -24
 3181              		.cfi_offset 5, -20
 3182              		.cfi_offset 6, -16
 3183              		.cfi_offset 7, -12
 3184              		.cfi_offset 8, -8
 3185              		.cfi_offset 14, -4
 3186              	.LBB811:
 3187              	.LBB812:
 3188              	.LBB813:
 3189              	.LBB814:
  28:Core/Src/radio/../../Inc/radio/support.h **** }
ARM GAS  C:\Users\l1234\AppData\Local\Temp\ccFgEZ6h.s 			page 80


 3190              		.loc 2 28 5 view .LVU902
 3191 0004 018A     		ldrh	r1, [r0, #16]
 3192              	.LBE814:
 3193              	.LBE813:
 3194              	.LBE812:
 3195              	.LBE811:
 106:Core/Src/radio/nrf24.c **** 	uint8_t rxbuf[5];
 3196              		.loc 1 106 47 view .LVU903
 3197 0006 86B0     		sub	sp, sp, #24
 3198              	.LCFI15:
 3199              		.cfi_def_cfa_offset 48
 3200              	.LBB838:
 3201              	.LBB835:
 3202              	.LBB817:
 3203              	.LBB815:
  28:Core/Src/radio/../../Inc/radio/support.h **** }
 3204              		.loc 2 28 5 view .LVU904
 3205 0008 0022     		movs	r2, #0
 3206              	.LBE815:
 3207              	.LBE817:
 3208              	.LBE835:
 3209              	.LBE838:
 106:Core/Src/radio/nrf24.c **** 	uint8_t rxbuf[5];
 3210              		.loc 1 106 47 view .LVU905
 3211 000a 0546     		mov	r5, r0
 3212              	.LVL313:
 3213              	.LBB839:
 3214              	.LBI811:
  61:Core/Src/radio/nrf24.c **** 	nRF24_CSN_L(nrf);
 3215              		.loc 1 61 13 is_stmt 1 view .LVU906
 3216              	.LBB836:
  62:Core/Src/radio/nrf24.c **** 	nRF24_LL_RW(nrf, reg);
 3217              		.loc 1 62 2 view .LVU907
 3218              	.LBB818:
 3219              	.LBI813:
  27:Core/Src/radio/../../Inc/radio/support.h ****     HAL_GPIO_WritePin(nrf->csPort, nrf->csPin, GPIO_PIN_RESET);
 3220              		.loc 2 27 20 view .LVU908
 3221              	.LBB816:
  28:Core/Src/radio/../../Inc/radio/support.h **** }
 3222              		.loc 2 28 5 view .LVU909
 3223 000c C068     		ldr	r0, [r0, #12]
 3224              	.LVL314:
  28:Core/Src/radio/../../Inc/radio/support.h **** }
 3225              		.loc 2 28 5 is_stmt 0 view .LVU910
 3226 000e FFF7FEFF 		bl	HAL_GPIO_WritePin
 3227              	.LVL315:
  28:Core/Src/radio/../../Inc/radio/support.h **** }
 3228              		.loc 2 28 5 view .LVU911
 3229              	.LBE816:
 3230              	.LBE818:
  63:Core/Src/radio/nrf24.c **** 	while (count--) {
 3231              		.loc 1 63 2 is_stmt 1 view .LVU912
 3232              	.LBB819:
 3233              	.LBB820:
  39:Core/Src/radio/../../Inc/radio/support.h ****         Error_Handler();
 3234              		.loc 2 39 8 is_stmt 0 view .LVU913
 3235 0012 4FF4FA63 		mov	r3, #2000
ARM GAS  C:\Users\l1234\AppData\Local\Temp\ccFgEZ6h.s 			page 81


 3236 0016 3022     		movs	r2, #48
 3237 0018 0DF10F01 		add	r1, sp, #15
 3238 001c 0093     		str	r3, [sp]
 3239 001e 0123     		movs	r3, #1
 3240 0020 8DF80F20 		strb	r2, [sp, #15]
 3241              	.LVL316:
  39:Core/Src/radio/../../Inc/radio/support.h ****         Error_Handler();
 3242              		.loc 2 39 8 view .LVU914
 3243              	.LBE820:
 3244              	.LBI819:
  36:Core/Src/radio/../../Inc/radio/support.h ****     // Wait until TX buffer is empty
 3245              		.loc 2 36 23 is_stmt 1 view .LVU915
 3246              	.LBB821:
  38:Core/Src/radio/../../Inc/radio/support.h ****     if(HAL_SPI_TransmitReceive(nrf->hspi,&data,&result,1,2000)!=HAL_OK) {
 3247              		.loc 2 38 5 view .LVU916
  39:Core/Src/radio/../../Inc/radio/support.h ****         Error_Handler();
 3248              		.loc 2 39 5 view .LVU917
  39:Core/Src/radio/../../Inc/radio/support.h ****         Error_Handler();
 3249              		.loc 2 39 8 is_stmt 0 view .LVU918
 3250 0024 04AA     		add	r2, sp, #16
 3251              	.LVL317:
  39:Core/Src/radio/../../Inc/radio/support.h ****         Error_Handler();
 3252              		.loc 2 39 8 view .LVU919
 3253 0026 2868     		ldr	r0, [r5]
 3254 0028 FFF7FEFF 		bl	HAL_SPI_TransmitReceive
 3255              	.LVL318:
  39:Core/Src/radio/../../Inc/radio/support.h ****         Error_Handler();
 3256              		.loc 2 39 7 view .LVU920
 3257 002c 0028     		cmp	r0, #0
 3258 002e 71D1     		bne	.L262
 3259              	.L240:
  41:Core/Src/radio/../../Inc/radio/support.h ****     return result;
 3260              		.loc 2 41 6 is_stmt 1 view .LVU921
 3261              		.loc 2 42 5 view .LVU922
 3262              	.LVL319:
 3263              		.loc 2 42 5 is_stmt 0 view .LVU923
 3264              	.LBE821:
 3265              	.LBE819:
  64:Core/Src/radio/nrf24.c **** 		nRF24_LL_RW(nrf, *pBuf++);
 3266              		.loc 1 64 2 is_stmt 1 view .LVU924
  64:Core/Src/radio/nrf24.c **** 		nRF24_LL_RW(nrf, *pBuf++);
 3267              		.loc 1 64 9 view .LVU925
  63:Core/Src/radio/nrf24.c **** 	while (count--) {
 3268              		.loc 1 63 2 is_stmt 0 view .LVU926
 3269 0030 3D4C     		ldr	r4, .L266
 3270              	.LBB823:
 3271              	.LBB824:
  39:Core/Src/radio/../../Inc/radio/support.h ****         Error_Handler();
 3272              		.loc 2 39 8 view .LVU927
 3273 0032 4FF4FA66 		mov	r6, #2000
 3274 0036 671D     		adds	r7, r4, #5
 3275              	.LVL320:
 3276              	.L244:
  39:Core/Src/radio/../../Inc/radio/support.h ****         Error_Handler();
 3277              		.loc 2 39 8 view .LVU928
 3278              	.LBE824:
 3279              	.LBE823:
ARM GAS  C:\Users\l1234\AppData\Local\Temp\ccFgEZ6h.s 			page 82


  65:Core/Src/radio/nrf24.c **** 	}
 3280              		.loc 1 65 3 is_stmt 1 view .LVU929
  65:Core/Src/radio/nrf24.c **** 	}
 3281              		.loc 1 65 3 is_stmt 0 view .LVU930
 3282 0038 14F801CB 		ldrb	ip, [r4], #1	@ zero_extendqisi2
 3283              	.LVL321:
 3284              	.LBB829:
 3285              	.LBB825:
  39:Core/Src/radio/../../Inc/radio/support.h ****         Error_Handler();
 3286              		.loc 2 39 8 view .LVU931
 3287 003c 0123     		movs	r3, #1
 3288 003e 2868     		ldr	r0, [r5]
 3289 0040 04AA     		add	r2, sp, #16
 3290 0042 0DF10F01 		add	r1, sp, #15
 3291 0046 0096     		str	r6, [sp]
 3292 0048 8DF80FC0 		strb	ip, [sp, #15]
 3293              	.LVL322:
  39:Core/Src/radio/../../Inc/radio/support.h ****         Error_Handler();
 3294              		.loc 2 39 8 view .LVU932
 3295              	.LBE825:
 3296              	.LBI823:
  36:Core/Src/radio/../../Inc/radio/support.h ****     // Wait until TX buffer is empty
 3297              		.loc 2 36 23 is_stmt 1 view .LVU933
 3298              	.LBB826:
  38:Core/Src/radio/../../Inc/radio/support.h ****     if(HAL_SPI_TransmitReceive(nrf->hspi,&data,&result,1,2000)!=HAL_OK) {
 3299              		.loc 2 38 5 view .LVU934
  39:Core/Src/radio/../../Inc/radio/support.h ****         Error_Handler();
 3300              		.loc 2 39 5 view .LVU935
  39:Core/Src/radio/../../Inc/radio/support.h ****         Error_Handler();
 3301              		.loc 2 39 8 is_stmt 0 view .LVU936
 3302 004c FFF7FEFF 		bl	HAL_SPI_TransmitReceive
 3303              	.LVL323:
  41:Core/Src/radio/../../Inc/radio/support.h ****     return result;
 3304              		.loc 2 41 6 is_stmt 1 view .LVU937
 3305              		.loc 2 42 5 view .LVU938
 3306              		.loc 2 42 5 is_stmt 0 view .LVU939
 3307              	.LBE826:
 3308              	.LBE829:
  64:Core/Src/radio/nrf24.c **** 		nRF24_LL_RW(nrf, *pBuf++);
 3309              		.loc 1 64 9 is_stmt 1 view .LVU940
 3310              	.LBB830:
 3311              	.LBB827:
  39:Core/Src/radio/../../Inc/radio/support.h ****         Error_Handler();
 3312              		.loc 2 39 7 is_stmt 0 view .LVU941
 3313 0050 0028     		cmp	r0, #0
 3314 0052 5AD1     		bne	.L263
 3315              	.LBE827:
 3316              	.LBE830:
  64:Core/Src/radio/nrf24.c **** 		nRF24_LL_RW(nrf, *pBuf++);
 3317              		.loc 1 64 9 view .LVU942
 3318 0054 BC42     		cmp	r4, r7
 3319 0056 EFD1     		bne	.L244
 3320              	.L243:
  67:Core/Src/radio/nrf24.c **** }
 3321              		.loc 1 67 2 is_stmt 1 view .LVU943
 3322              	.LVL324:
 3323              	.LBB831:
ARM GAS  C:\Users\l1234\AppData\Local\Temp\ccFgEZ6h.s 			page 83


 3324              	.LBI831:
  31:Core/Src/radio/../../Inc/radio/support.h ****     HAL_GPIO_WritePin(nrf->csPort, nrf->csPin, GPIO_PIN_SET);
 3325              		.loc 2 31 20 view .LVU944
 3326              	.LBB832:
  32:Core/Src/radio/../../Inc/radio/support.h **** }
 3327              		.loc 2 32 5 view .LVU945
 3328 0058 0122     		movs	r2, #1
 3329 005a 298A     		ldrh	r1, [r5, #16]
 3330 005c E868     		ldr	r0, [r5, #12]
 3331 005e FFF7FEFF 		bl	HAL_GPIO_WritePin
 3332              	.LVL325:
  32:Core/Src/radio/../../Inc/radio/support.h **** }
 3333              		.loc 2 32 5 is_stmt 0 view .LVU946
 3334              	.LBE832:
 3335              	.LBE831:
 3336              	.LBE836:
 3337              	.LBE839:
 113:Core/Src/radio/nrf24.c **** 
 3338              		.loc 1 113 2 is_stmt 1 view .LVU947
 3339              	.LBB840:
 3340              	.LBI840:
  47:Core/Src/radio/nrf24.c **** 	nRF24_CSN_L(nrf);
 3341              		.loc 1 47 13 view .LVU948
 3342              	.LBB841:
  48:Core/Src/radio/nrf24.c **** 	nRF24_LL_RW(nrf, reg);
 3343              		.loc 1 48 2 view .LVU949
 3344              	.LBB842:
 3345              	.LBI842:
  27:Core/Src/radio/../../Inc/radio/support.h ****     HAL_GPIO_WritePin(nrf->csPort, nrf->csPin, GPIO_PIN_RESET);
 3346              		.loc 2 27 20 view .LVU950
 3347              	.LBB843:
  28:Core/Src/radio/../../Inc/radio/support.h **** }
 3348              		.loc 2 28 5 view .LVU951
 3349 0062 0022     		movs	r2, #0
 3350 0064 298A     		ldrh	r1, [r5, #16]
 3351 0066 E868     		ldr	r0, [r5, #12]
 3352 0068 FFF7FEFF 		bl	HAL_GPIO_WritePin
 3353              	.LVL326:
  28:Core/Src/radio/../../Inc/radio/support.h **** }
 3354              		.loc 2 28 5 is_stmt 0 view .LVU952
 3355              	.LBE843:
 3356              	.LBE842:
  49:Core/Src/radio/nrf24.c **** 	while (count--) {
 3357              		.loc 1 49 2 is_stmt 1 view .LVU953
 3358              	.LBB844:
 3359              	.LBB845:
  39:Core/Src/radio/../../Inc/radio/support.h ****         Error_Handler();
 3360              		.loc 2 39 8 is_stmt 0 view .LVU954
 3361 006c 4FF4FA63 		mov	r3, #2000
 3362 0070 1022     		movs	r2, #16
 3363 0072 0DF10F01 		add	r1, sp, #15
 3364 0076 0093     		str	r3, [sp]
 3365 0078 0123     		movs	r3, #1
 3366 007a 8DF80F20 		strb	r2, [sp, #15]
 3367              	.LVL327:
  39:Core/Src/radio/../../Inc/radio/support.h ****         Error_Handler();
 3368              		.loc 2 39 8 view .LVU955
ARM GAS  C:\Users\l1234\AppData\Local\Temp\ccFgEZ6h.s 			page 84


 3369              	.LBE845:
 3370              	.LBI844:
  36:Core/Src/radio/../../Inc/radio/support.h ****     // Wait until TX buffer is empty
 3371              		.loc 2 36 23 is_stmt 1 view .LVU956
 3372              	.LBB846:
  38:Core/Src/radio/../../Inc/radio/support.h ****     if(HAL_SPI_TransmitReceive(nrf->hspi,&data,&result,1,2000)!=HAL_OK) {
 3373              		.loc 2 38 5 view .LVU957
  39:Core/Src/radio/../../Inc/radio/support.h ****         Error_Handler();
 3374              		.loc 2 39 5 view .LVU958
  39:Core/Src/radio/../../Inc/radio/support.h ****         Error_Handler();
 3375              		.loc 2 39 8 is_stmt 0 view .LVU959
 3376 007e 6A44     		add	r2, sp, r2
 3377              	.LVL328:
  39:Core/Src/radio/../../Inc/radio/support.h ****         Error_Handler();
 3378              		.loc 2 39 8 view .LVU960
 3379 0080 2868     		ldr	r0, [r5]
 3380 0082 FFF7FEFF 		bl	HAL_SPI_TransmitReceive
 3381              	.LVL329:
  39:Core/Src/radio/../../Inc/radio/support.h ****         Error_Handler();
 3382              		.loc 2 39 7 view .LVU961
 3383 0086 0028     		cmp	r0, #0
 3384 0088 47D1     		bne	.L264
 3385              	.L245:
  41:Core/Src/radio/../../Inc/radio/support.h ****     return result;
 3386              		.loc 2 41 6 is_stmt 1 view .LVU962
 3387              		.loc 2 42 5 view .LVU963
 3388              	.LVL330:
 3389              		.loc 2 42 5 is_stmt 0 view .LVU964
 3390              	.LBE846:
 3391              	.LBE844:
  50:Core/Src/radio/nrf24.c **** 		*pBuf++ = nRF24_LL_RW(nrf, nRF24_CMD_NOP);
 3392              		.loc 1 50 2 is_stmt 1 view .LVU965
  50:Core/Src/radio/nrf24.c **** 		*pBuf++ = nRF24_LL_RW(nrf, nRF24_CMD_NOP);
 3393              		.loc 1 50 9 view .LVU966
  50:Core/Src/radio/nrf24.c **** 		*pBuf++ = nRF24_LL_RW(nrf, nRF24_CMD_NOP);
 3394              		.loc 1 50 9 is_stmt 0 view .LVU967
 3395 008a 04AC     		add	r4, sp, #16
 3396              	.LVL331:
  50:Core/Src/radio/nrf24.c **** 		*pBuf++ = nRF24_LL_RW(nrf, nRF24_CMD_NOP);
 3397              		.loc 1 50 9 view .LVU968
 3398 008c 0DF11508 		add	r8, sp, #21
 3399 0090 FF27     		movs	r7, #255
 3400              	.LBB848:
 3401              	.LBB849:
  39:Core/Src/radio/../../Inc/radio/support.h ****         Error_Handler();
 3402              		.loc 2 39 8 view .LVU969
 3403 0092 4FF4FA66 		mov	r6, #2000
 3404              	.LVL332:
 3405              	.L249:
  39:Core/Src/radio/../../Inc/radio/support.h ****         Error_Handler();
 3406              		.loc 2 39 8 view .LVU970
 3407              	.LBE849:
 3408              	.LBE848:
  51:Core/Src/radio/nrf24.c **** 	}
 3409              		.loc 1 51 3 is_stmt 1 view .LVU971
 3410              	.LBB853:
 3411              	.LBB850:
ARM GAS  C:\Users\l1234\AppData\Local\Temp\ccFgEZ6h.s 			page 85


  39:Core/Src/radio/../../Inc/radio/support.h ****         Error_Handler();
 3412              		.loc 2 39 8 is_stmt 0 view .LVU972
 3413 0096 2868     		ldr	r0, [r5]
 3414 0098 0123     		movs	r3, #1
 3415 009a 0DF10F02 		add	r2, sp, #15
 3416 009e 0DF10E01 		add	r1, sp, #14
 3417 00a2 0096     		str	r6, [sp]
 3418 00a4 8DF80E70 		strb	r7, [sp, #14]
 3419              	.LVL333:
  39:Core/Src/radio/../../Inc/radio/support.h ****         Error_Handler();
 3420              		.loc 2 39 8 view .LVU973
 3421              	.LBE850:
 3422              	.LBI848:
  36:Core/Src/radio/../../Inc/radio/support.h ****     // Wait until TX buffer is empty
 3423              		.loc 2 36 23 is_stmt 1 view .LVU974
 3424              	.LBB851:
  38:Core/Src/radio/../../Inc/radio/support.h ****     if(HAL_SPI_TransmitReceive(nrf->hspi,&data,&result,1,2000)!=HAL_OK) {
 3425              		.loc 2 38 5 view .LVU975
  39:Core/Src/radio/../../Inc/radio/support.h ****         Error_Handler();
 3426              		.loc 2 39 5 view .LVU976
  39:Core/Src/radio/../../Inc/radio/support.h ****         Error_Handler();
 3427              		.loc 2 39 8 is_stmt 0 view .LVU977
 3428 00a8 FFF7FEFF 		bl	HAL_SPI_TransmitReceive
 3429              	.LVL334:
  41:Core/Src/radio/../../Inc/radio/support.h ****     return result;
 3430              		.loc 2 41 6 is_stmt 1 view .LVU978
 3431              		.loc 2 42 5 view .LVU979
  39:Core/Src/radio/../../Inc/radio/support.h ****         Error_Handler();
 3432              		.loc 2 39 7 is_stmt 0 view .LVU980
 3433 00ac 20BB     		cbnz	r0, .L265
 3434              		.loc 2 42 12 view .LVU981
 3435 00ae 9DF80F30 		ldrb	r3, [sp, #15]	@ zero_extendqisi2
 3436              	.LVL335:
 3437              		.loc 2 42 12 view .LVU982
 3438              	.LBE851:
 3439              	.LBE853:
  51:Core/Src/radio/nrf24.c **** 	}
 3440              		.loc 1 51 11 view .LVU983
 3441 00b2 04F8013B 		strb	r3, [r4], #1
 3442              	.LVL336:
  50:Core/Src/radio/nrf24.c **** 		*pBuf++ = nRF24_LL_RW(nrf, nRF24_CMD_NOP);
 3443              		.loc 1 50 9 is_stmt 1 view .LVU984
 3444 00b6 A045     		cmp	r8, r4
 3445 00b8 EDD1     		bne	.L249
 3446              	.LVL337:
 3447              	.L248:
  53:Core/Src/radio/nrf24.c **** }
 3448              		.loc 1 53 2 view .LVU985
 3449              	.LBB854:
 3450              	.LBI854:
  31:Core/Src/radio/../../Inc/radio/support.h ****     HAL_GPIO_WritePin(nrf->csPort, nrf->csPin, GPIO_PIN_SET);
 3451              		.loc 2 31 20 view .LVU986
 3452              	.LBB855:
  32:Core/Src/radio/../../Inc/radio/support.h **** }
 3453              		.loc 2 32 5 view .LVU987
 3454 00ba 0122     		movs	r2, #1
 3455 00bc 298A     		ldrh	r1, [r5, #16]
ARM GAS  C:\Users\l1234\AppData\Local\Temp\ccFgEZ6h.s 			page 86


 3456 00be E868     		ldr	r0, [r5, #12]
 3457 00c0 FFF7FEFF 		bl	HAL_GPIO_WritePin
 3458              	.LVL338:
  32:Core/Src/radio/../../Inc/radio/support.h **** }
 3459              		.loc 2 32 5 is_stmt 0 view .LVU988
 3460              	.LBE855:
 3461              	.LBE854:
 3462              	.LBE841:
 3463              	.LBE840:
 116:Core/Src/radio/nrf24.c **** 		if (rxbuf[i] != *ptr++) return 0;
 3464              		.loc 1 116 16 is_stmt 1 view .LVU989
 117:Core/Src/radio/nrf24.c **** 	}
 3465              		.loc 1 117 3 view .LVU990
 117:Core/Src/radio/nrf24.c **** 	}
 3466              		.loc 1 117 6 is_stmt 0 view .LVU991
 3467 00c4 9DF81030 		ldrb	r3, [sp, #16]	@ zero_extendqisi2
 3468 00c8 6E2B     		cmp	r3, #110
 3469 00ca 29D1     		bne	.L254
 116:Core/Src/radio/nrf24.c **** 		if (rxbuf[i] != *ptr++) return 0;
 3470              		.loc 1 116 22 is_stmt 1 view .LVU992
 3471              	.LVL339:
 116:Core/Src/radio/nrf24.c **** 		if (rxbuf[i] != *ptr++) return 0;
 3472              		.loc 1 116 16 view .LVU993
 117:Core/Src/radio/nrf24.c **** 	}
 3473              		.loc 1 117 3 view .LVU994
 117:Core/Src/radio/nrf24.c **** 	}
 3474              		.loc 1 117 6 is_stmt 0 view .LVU995
 3475 00cc 9DF81130 		ldrb	r3, [sp, #17]	@ zero_extendqisi2
 3476 00d0 522B     		cmp	r3, #82
 3477 00d2 25D1     		bne	.L254
 116:Core/Src/radio/nrf24.c **** 		if (rxbuf[i] != *ptr++) return 0;
 3478              		.loc 1 116 22 is_stmt 1 view .LVU996
 3479              	.LVL340:
 116:Core/Src/radio/nrf24.c **** 		if (rxbuf[i] != *ptr++) return 0;
 3480              		.loc 1 116 16 view .LVU997
 117:Core/Src/radio/nrf24.c **** 	}
 3481              		.loc 1 117 3 view .LVU998
 117:Core/Src/radio/nrf24.c **** 	}
 3482              		.loc 1 117 6 is_stmt 0 view .LVU999
 3483 00d4 9DF81230 		ldrb	r3, [sp, #18]	@ zero_extendqisi2
 3484 00d8 462B     		cmp	r3, #70
 3485 00da 21D1     		bne	.L254
 116:Core/Src/radio/nrf24.c **** 		if (rxbuf[i] != *ptr++) return 0;
 3486              		.loc 1 116 22 is_stmt 1 view .LVU1000
 3487              	.LVL341:
 116:Core/Src/radio/nrf24.c **** 		if (rxbuf[i] != *ptr++) return 0;
 3488              		.loc 1 116 16 view .LVU1001
 117:Core/Src/radio/nrf24.c **** 	}
 3489              		.loc 1 117 3 view .LVU1002
 117:Core/Src/radio/nrf24.c **** 	}
 3490              		.loc 1 117 6 is_stmt 0 view .LVU1003
 3491 00dc 9DF81330 		ldrb	r3, [sp, #19]	@ zero_extendqisi2
 3492 00e0 322B     		cmp	r3, #50
 3493 00e2 1DD1     		bne	.L254
 116:Core/Src/radio/nrf24.c **** 		if (rxbuf[i] != *ptr++) return 0;
 3494              		.loc 1 116 22 is_stmt 1 view .LVU1004
 3495              	.LVL342:
ARM GAS  C:\Users\l1234\AppData\Local\Temp\ccFgEZ6h.s 			page 87


 116:Core/Src/radio/nrf24.c **** 		if (rxbuf[i] != *ptr++) return 0;
 3496              		.loc 1 116 16 view .LVU1005
 117:Core/Src/radio/nrf24.c **** 	}
 3497              		.loc 1 117 3 view .LVU1006
 117:Core/Src/radio/nrf24.c **** 	}
 3498              		.loc 1 117 6 is_stmt 0 view .LVU1007
 3499 00e4 9DF81400 		ldrb	r0, [sp, #20]	@ zero_extendqisi2
 3500 00e8 A0F13400 		sub	r0, #52
 3501 00ec B0FA80F0 		clz	r0, r0
 3502 00f0 4009     		lsrs	r0, r0, #5
 3503              	.LVL343:
 124:Core/Src/radio/nrf24.c **** 
 3504              		.loc 1 124 1 view .LVU1008
 3505 00f2 06B0     		add	sp, sp, #24
 3506              	.LCFI16:
 3507              		.cfi_remember_state
 3508              		.cfi_def_cfa_offset 24
 3509              		@ sp needed
 3510 00f4 BDE8F081 		pop	{r4, r5, r6, r7, r8, pc}
 3511              	.LVL344:
 3512              	.L265:
 3513              	.LCFI17:
 3514              		.cfi_restore_state
 3515              	.LBB860:
 3516              	.LBB858:
 3517              	.LBB856:
 3518              	.LBB852:
  40:Core/Src/radio/../../Inc/radio/support.h ****     };
 3519              		.loc 2 40 9 is_stmt 1 view .LVU1009
 3520 00f8 FFF7FEFF 		bl	Error_Handler
 3521              	.LVL345:
  41:Core/Src/radio/../../Inc/radio/support.h ****     return result;
 3522              		.loc 2 41 6 view .LVU1010
 3523              		.loc 2 42 5 view .LVU1011
 3524              		.loc 2 42 12 is_stmt 0 view .LVU1012
 3525 00fc 9DF80F30 		ldrb	r3, [sp, #15]	@ zero_extendqisi2
 3526              	.LVL346:
 3527              		.loc 2 42 12 view .LVU1013
 3528              	.LBE852:
 3529              	.LBE856:
  51:Core/Src/radio/nrf24.c **** 	}
 3530              		.loc 1 51 11 view .LVU1014
 3531 0100 04F8013B 		strb	r3, [r4], #1
 3532              	.LVL347:
  50:Core/Src/radio/nrf24.c **** 		*pBuf++ = nRF24_LL_RW(nrf, nRF24_CMD_NOP);
 3533              		.loc 1 50 9 is_stmt 1 view .LVU1015
 3534 0104 A045     		cmp	r8, r4
 3535 0106 C6D1     		bne	.L249
 3536 0108 D7E7     		b	.L248
 3537              	.LVL348:
 3538              	.L263:
  50:Core/Src/radio/nrf24.c **** 		*pBuf++ = nRF24_LL_RW(nrf, nRF24_CMD_NOP);
 3539              		.loc 1 50 9 is_stmt 0 view .LVU1016
 3540              	.LBE858:
 3541              	.LBE860:
 3542              	.LBB861:
 3543              	.LBB837:
ARM GAS  C:\Users\l1234\AppData\Local\Temp\ccFgEZ6h.s 			page 88


 3544              	.LBB833:
 3545              	.LBB828:
  40:Core/Src/radio/../../Inc/radio/support.h ****     };
 3546              		.loc 2 40 9 is_stmt 1 view .LVU1017
 3547 010a FFF7FEFF 		bl	Error_Handler
 3548              	.LVL349:
  41:Core/Src/radio/../../Inc/radio/support.h ****     return result;
 3549              		.loc 2 41 6 view .LVU1018
 3550              		.loc 2 42 5 view .LVU1019
 3551              		.loc 2 42 5 is_stmt 0 view .LVU1020
 3552              	.LBE828:
 3553              	.LBE833:
  64:Core/Src/radio/nrf24.c **** 		nRF24_LL_RW(nrf, *pBuf++);
 3554              		.loc 1 64 9 is_stmt 1 view .LVU1021
 3555 010e BC42     		cmp	r4, r7
 3556 0110 92D1     		bne	.L244
 3557 0112 A1E7     		b	.L243
 3558              	.LVL350:
 3559              	.L262:
 3560              	.LBB834:
 3561              	.LBB822:
  40:Core/Src/radio/../../Inc/radio/support.h ****     };
 3562              		.loc 2 40 9 view .LVU1022
 3563 0114 FFF7FEFF 		bl	Error_Handler
 3564              	.LVL351:
 3565 0118 8AE7     		b	.L240
 3566              	.LVL352:
 3567              	.L264:
  40:Core/Src/radio/../../Inc/radio/support.h ****     };
 3568              		.loc 2 40 9 is_stmt 0 view .LVU1023
 3569              	.LBE822:
 3570              	.LBE834:
 3571              	.LBE837:
 3572              	.LBE861:
 3573              	.LBB862:
 3574              	.LBB859:
 3575              	.LBB857:
 3576              	.LBB847:
  40:Core/Src/radio/../../Inc/radio/support.h ****     };
 3577              		.loc 2 40 9 is_stmt 1 view .LVU1024
 3578 011a FFF7FEFF 		bl	Error_Handler
 3579              	.LVL353:
 3580 011e B4E7     		b	.L245
 3581              	.LVL354:
 3582              	.L254:
  40:Core/Src/radio/../../Inc/radio/support.h ****     };
 3583              		.loc 2 40 9 is_stmt 0 view .LVU1025
 3584              	.LBE847:
 3585              	.LBE857:
 3586              	.LBE859:
 3587              	.LBE862:
 117:Core/Src/radio/nrf24.c **** 	}
 3588              		.loc 1 117 34 view .LVU1026
 3589 0120 0020     		movs	r0, #0
 124:Core/Src/radio/nrf24.c **** 
 3590              		.loc 1 124 1 view .LVU1027
 3591 0122 06B0     		add	sp, sp, #24
ARM GAS  C:\Users\l1234\AppData\Local\Temp\ccFgEZ6h.s 			page 89


 3592              	.LCFI18:
 3593              		.cfi_def_cfa_offset 24
 3594              		@ sp needed
 3595 0124 BDE8F081 		pop	{r4, r5, r6, r7, r8, pc}
 3596              	.LVL355:
 3597              	.L267:
 124:Core/Src/radio/nrf24.c **** 
 3598              		.loc 1 124 1 view .LVU1028
 3599              		.align	2
 3600              	.L266:
 3601 0128 00000000 		.word	.LC0
 3602              		.cfi_endproc
 3603              	.LFE155:
 3605              		.section	.text.nRF24_SetTxAddr,"ax",%progbits
 3606              		.align	1
 3607              		.p2align 2,,3
 3608              		.global	nRF24_SetTxAddr
 3609              		.syntax unified
 3610              		.thumb
 3611              		.thumb_func
 3613              	nRF24_SetTxAddr:
 3614              	.LVL356:
 3615              	.LFB156:
 126:Core/Src/radio/nrf24.c ****     nRF24_WriteMBReg(nrf, nRF24_CMD_W_REGISTER | nRF24_REG_TX_ADDR, addr, size);
 3616              		.loc 1 126 77 is_stmt 1 view -0
 3617              		.cfi_startproc
 3618              		@ args = 0, pretend = 0, frame = 8
 3619              		@ frame_needed = 0, uses_anonymous_args = 0
 126:Core/Src/radio/nrf24.c ****     nRF24_WriteMBReg(nrf, nRF24_CMD_W_REGISTER | nRF24_REG_TX_ADDR, addr, size);
 3620              		.loc 1 126 77 is_stmt 0 view .LVU1030
 3621 0000 F0B5     		push	{r4, r5, r6, r7, lr}
 3622              	.LCFI19:
 3623              		.cfi_def_cfa_offset 20
 3624              		.cfi_offset 4, -20
 3625              		.cfi_offset 5, -16
 3626              		.cfi_offset 6, -12
 3627              		.cfi_offset 7, -8
 3628              		.cfi_offset 14, -4
 3629 0002 0546     		mov	r5, r0
 3630 0004 85B0     		sub	sp, sp, #20
 3631              	.LCFI20:
 3632              		.cfi_def_cfa_offset 40
 126:Core/Src/radio/nrf24.c ****     nRF24_WriteMBReg(nrf, nRF24_CMD_W_REGISTER | nRF24_REG_TX_ADDR, addr, size);
 3633              		.loc 1 126 77 view .LVU1031
 3634 0006 1746     		mov	r7, r2
 3635 0008 0C46     		mov	r4, r1
 127:Core/Src/radio/nrf24.c **** }
 3636              		.loc 1 127 5 is_stmt 1 view .LVU1032
 3637              	.LVL357:
 3638              	.LBB873:
 3639              	.LBI873:
  61:Core/Src/radio/nrf24.c **** 	nRF24_CSN_L(nrf);
 3640              		.loc 1 61 13 view .LVU1033
 3641              	.LBB874:
  62:Core/Src/radio/nrf24.c **** 	nRF24_LL_RW(nrf, reg);
 3642              		.loc 1 62 2 view .LVU1034
 3643              	.LBB875:
ARM GAS  C:\Users\l1234\AppData\Local\Temp\ccFgEZ6h.s 			page 90


 3644              	.LBI875:
  27:Core/Src/radio/../../Inc/radio/support.h ****     HAL_GPIO_WritePin(nrf->csPort, nrf->csPin, GPIO_PIN_RESET);
 3645              		.loc 2 27 20 view .LVU1035
 3646              	.LBB876:
  28:Core/Src/radio/../../Inc/radio/support.h **** }
 3647              		.loc 2 28 5 view .LVU1036
 3648 000a 0022     		movs	r2, #0
 3649              	.LVL358:
  28:Core/Src/radio/../../Inc/radio/support.h **** }
 3650              		.loc 2 28 5 is_stmt 0 view .LVU1037
 3651 000c 018A     		ldrh	r1, [r0, #16]
 3652              	.LVL359:
  28:Core/Src/radio/../../Inc/radio/support.h **** }
 3653              		.loc 2 28 5 view .LVU1038
 3654 000e C068     		ldr	r0, [r0, #12]
 3655              	.LVL360:
  28:Core/Src/radio/../../Inc/radio/support.h **** }
 3656              		.loc 2 28 5 view .LVU1039
 3657 0010 FFF7FEFF 		bl	HAL_GPIO_WritePin
 3658              	.LVL361:
  28:Core/Src/radio/../../Inc/radio/support.h **** }
 3659              		.loc 2 28 5 view .LVU1040
 3660              	.LBE876:
 3661              	.LBE875:
  63:Core/Src/radio/nrf24.c **** 	while (count--) {
 3662              		.loc 1 63 2 is_stmt 1 view .LVU1041
 3663 0014 3023     		movs	r3, #48
 3664              	.LBB877:
 3665              	.LBB878:
  39:Core/Src/radio/../../Inc/radio/support.h ****         Error_Handler();
 3666              		.loc 2 39 8 is_stmt 0 view .LVU1042
 3667 0016 0DF10F02 		add	r2, sp, #15
 3668 001a 0DF10E01 		add	r1, sp, #14
 3669 001e 8DF80E30 		strb	r3, [sp, #14]
 3670              	.LVL362:
  39:Core/Src/radio/../../Inc/radio/support.h ****         Error_Handler();
 3671              		.loc 2 39 8 view .LVU1043
 3672              	.LBE878:
 3673              	.LBI877:
  36:Core/Src/radio/../../Inc/radio/support.h ****     // Wait until TX buffer is empty
 3674              		.loc 2 36 23 is_stmt 1 view .LVU1044
 3675              	.LBB879:
  38:Core/Src/radio/../../Inc/radio/support.h ****     if(HAL_SPI_TransmitReceive(nrf->hspi,&data,&result,1,2000)!=HAL_OK) {
 3676              		.loc 2 38 5 view .LVU1045
  39:Core/Src/radio/../../Inc/radio/support.h ****         Error_Handler();
 3677              		.loc 2 39 5 view .LVU1046
  39:Core/Src/radio/../../Inc/radio/support.h ****         Error_Handler();
 3678              		.loc 2 39 8 is_stmt 0 view .LVU1047
 3679 0022 4FF4FA63 		mov	r3, #2000
 3680              	.LVL363:
  39:Core/Src/radio/../../Inc/radio/support.h ****         Error_Handler();
 3681              		.loc 2 39 8 view .LVU1048
 3682 0026 0093     		str	r3, [sp]
 3683 0028 0123     		movs	r3, #1
 3684 002a 2868     		ldr	r0, [r5]
 3685 002c FFF7FEFF 		bl	HAL_SPI_TransmitReceive
 3686              	.LVL364:
ARM GAS  C:\Users\l1234\AppData\Local\Temp\ccFgEZ6h.s 			page 91


  39:Core/Src/radio/../../Inc/radio/support.h ****         Error_Handler();
 3687              		.loc 2 39 7 view .LVU1049
 3688 0030 18BB     		cbnz	r0, .L281
 3689              	.L269:
  41:Core/Src/radio/../../Inc/radio/support.h ****     return result;
 3690              		.loc 2 41 6 is_stmt 1 view .LVU1050
 3691              		.loc 2 42 5 view .LVU1051
 3692              	.LVL365:
 3693              		.loc 2 42 5 is_stmt 0 view .LVU1052
 3694              	.LBE879:
 3695              	.LBE877:
  64:Core/Src/radio/nrf24.c **** 		nRF24_LL_RW(nrf, *pBuf++);
 3696              		.loc 1 64 2 is_stmt 1 view .LVU1053
  64:Core/Src/radio/nrf24.c **** 		nRF24_LL_RW(nrf, *pBuf++);
 3697              		.loc 1 64 9 view .LVU1054
  64:Core/Src/radio/nrf24.c **** 		nRF24_LL_RW(nrf, *pBuf++);
 3698              		.loc 1 64 14 is_stmt 0 view .LVU1055
 3699 0032 7E1E     		subs	r6, r7, #1
 3700 0034 F6B2     		uxtb	r6, r6
 3701              	.LVL366:
  64:Core/Src/radio/nrf24.c **** 		nRF24_LL_RW(nrf, *pBuf++);
 3702              		.loc 1 64 9 view .LVU1056
 3703 0036 9FB1     		cbz	r7, .L270
 3704 0038 0136     		adds	r6, r6, #1
 3705              	.LVL367:
 3706              	.LBB881:
 3707              	.LBB882:
  39:Core/Src/radio/../../Inc/radio/support.h ****         Error_Handler();
 3708              		.loc 2 39 8 view .LVU1057
 3709 003a 4FF4FA67 		mov	r7, #2000
 3710 003e 2644     		add	r6, r6, r4
 3711              	.LVL368:
 3712              	.L273:
  39:Core/Src/radio/../../Inc/radio/support.h ****         Error_Handler();
 3713              		.loc 2 39 8 view .LVU1058
 3714              	.LBE882:
 3715              	.LBE881:
  65:Core/Src/radio/nrf24.c **** 	}
 3716              		.loc 1 65 3 is_stmt 1 view .LVU1059
  65:Core/Src/radio/nrf24.c **** 	}
 3717              		.loc 1 65 3 is_stmt 0 view .LVU1060
 3718 0040 14F801CB 		ldrb	ip, [r4], #1	@ zero_extendqisi2
 3719              	.LVL369:
 3720              	.LBB887:
 3721              	.LBB883:
  39:Core/Src/radio/../../Inc/radio/support.h ****         Error_Handler();
 3722              		.loc 2 39 8 view .LVU1061
 3723 0044 0123     		movs	r3, #1
 3724 0046 2868     		ldr	r0, [r5]
 3725 0048 0DF10F02 		add	r2, sp, #15
 3726 004c 0DF10E01 		add	r1, sp, #14
 3727 0050 0097     		str	r7, [sp]
 3728 0052 8DF80EC0 		strb	ip, [sp, #14]
 3729              	.LVL370:
  39:Core/Src/radio/../../Inc/radio/support.h ****         Error_Handler();
 3730              		.loc 2 39 8 view .LVU1062
 3731              	.LBE883:
ARM GAS  C:\Users\l1234\AppData\Local\Temp\ccFgEZ6h.s 			page 92


 3732              	.LBI881:
  36:Core/Src/radio/../../Inc/radio/support.h ****     // Wait until TX buffer is empty
 3733              		.loc 2 36 23 is_stmt 1 view .LVU1063
 3734              	.LBB884:
  38:Core/Src/radio/../../Inc/radio/support.h ****     if(HAL_SPI_TransmitReceive(nrf->hspi,&data,&result,1,2000)!=HAL_OK) {
 3735              		.loc 2 38 5 view .LVU1064
  39:Core/Src/radio/../../Inc/radio/support.h ****         Error_Handler();
 3736              		.loc 2 39 5 view .LVU1065
  39:Core/Src/radio/../../Inc/radio/support.h ****         Error_Handler();
 3737              		.loc 2 39 8 is_stmt 0 view .LVU1066
 3738 0056 FFF7FEFF 		bl	HAL_SPI_TransmitReceive
 3739              	.LVL371:
  41:Core/Src/radio/../../Inc/radio/support.h ****     return result;
 3740              		.loc 2 41 6 is_stmt 1 view .LVU1067
 3741              		.loc 2 42 5 view .LVU1068
 3742              		.loc 2 42 5 is_stmt 0 view .LVU1069
 3743              	.LBE884:
 3744              	.LBE887:
  64:Core/Src/radio/nrf24.c **** 		nRF24_LL_RW(nrf, *pBuf++);
 3745              		.loc 1 64 9 is_stmt 1 view .LVU1070
 3746              	.LBB888:
 3747              	.LBB885:
  39:Core/Src/radio/../../Inc/radio/support.h ****         Error_Handler();
 3748              		.loc 2 39 7 is_stmt 0 view .LVU1071
 3749 005a 48B9     		cbnz	r0, .L282
 3750              	.LBE885:
 3751              	.LBE888:
  64:Core/Src/radio/nrf24.c **** 		nRF24_LL_RW(nrf, *pBuf++);
 3752              		.loc 1 64 9 view .LVU1072
 3753 005c B442     		cmp	r4, r6
 3754 005e EFD1     		bne	.L273
 3755              	.LVL372:
 3756              	.L270:
  67:Core/Src/radio/nrf24.c **** }
 3757              		.loc 1 67 2 is_stmt 1 view .LVU1073
 3758              	.LBB889:
 3759              	.LBI889:
  31:Core/Src/radio/../../Inc/radio/support.h ****     HAL_GPIO_WritePin(nrf->csPort, nrf->csPin, GPIO_PIN_SET);
 3760              		.loc 2 31 20 view .LVU1074
 3761              	.LBB890:
  32:Core/Src/radio/../../Inc/radio/support.h **** }
 3762              		.loc 2 32 5 view .LVU1075
 3763 0060 0122     		movs	r2, #1
 3764 0062 298A     		ldrh	r1, [r5, #16]
 3765 0064 E868     		ldr	r0, [r5, #12]
 3766              	.LBE890:
 3767              	.LBE889:
 3768              	.LBE874:
 3769              	.LBE873:
 128:Core/Src/radio/nrf24.c **** 
 3770              		.loc 1 128 1 is_stmt 0 view .LVU1076
 3771 0066 05B0     		add	sp, sp, #20
 3772              	.LCFI21:
 3773              		.cfi_remember_state
 3774              		.cfi_def_cfa_offset 20
 3775              		@ sp needed
 3776 0068 BDE8F040 		pop	{r4, r5, r6, r7, lr}
ARM GAS  C:\Users\l1234\AppData\Local\Temp\ccFgEZ6h.s 			page 93


 3777              	.LCFI22:
 3778              		.cfi_restore 14
 3779              		.cfi_restore 7
 3780              		.cfi_restore 6
 3781              		.cfi_restore 5
 3782              		.cfi_restore 4
 3783              		.cfi_def_cfa_offset 0
 3784              	.LVL373:
 3785              	.LBB896:
 3786              	.LBB895:
 3787              	.LBB892:
 3788              	.LBB891:
  32:Core/Src/radio/../../Inc/radio/support.h **** }
 3789              		.loc 2 32 5 view .LVU1077
 3790 006c FFF7FEBF 		b	HAL_GPIO_WritePin
 3791              	.LVL374:
 3792              	.L282:
 3793              	.LCFI23:
 3794              		.cfi_restore_state
  32:Core/Src/radio/../../Inc/radio/support.h **** }
 3795              		.loc 2 32 5 view .LVU1078
 3796              	.LBE891:
 3797              	.LBE892:
 3798              	.LBB893:
 3799              	.LBB886:
  40:Core/Src/radio/../../Inc/radio/support.h ****     };
 3800              		.loc 2 40 9 is_stmt 1 view .LVU1079
 3801 0070 FFF7FEFF 		bl	Error_Handler
 3802              	.LVL375:
  41:Core/Src/radio/../../Inc/radio/support.h ****     return result;
 3803              		.loc 2 41 6 view .LVU1080
 3804              		.loc 2 42 5 view .LVU1081
 3805              		.loc 2 42 5 is_stmt 0 view .LVU1082
 3806              	.LBE886:
 3807              	.LBE893:
  64:Core/Src/radio/nrf24.c **** 		nRF24_LL_RW(nrf, *pBuf++);
 3808              		.loc 1 64 9 is_stmt 1 view .LVU1083
  64:Core/Src/radio/nrf24.c **** 		nRF24_LL_RW(nrf, *pBuf++);
 3809              		.loc 1 64 9 is_stmt 0 view .LVU1084
 3810 0074 B442     		cmp	r4, r6
 3811 0076 E3D1     		bne	.L273
 3812 0078 F2E7     		b	.L270
 3813              	.LVL376:
 3814              	.L281:
 3815              	.LBB894:
 3816              	.LBB880:
  40:Core/Src/radio/../../Inc/radio/support.h ****     };
 3817              		.loc 2 40 9 is_stmt 1 view .LVU1085
 3818 007a FFF7FEFF 		bl	Error_Handler
 3819              	.LVL377:
 3820 007e D8E7     		b	.L269
 3821              	.LBE880:
 3822              	.LBE894:
 3823              	.LBE895:
 3824              	.LBE896:
 3825              		.cfi_endproc
 3826              	.LFE156:
ARM GAS  C:\Users\l1234\AppData\Local\Temp\ccFgEZ6h.s 			page 94


 3828              		.section	.text.nRF24_PrettyPrint,"ax",%progbits
 3829              		.align	1
 3830              		.p2align 2,,3
 3831              		.global	nRF24_PrettyPrint
 3832              		.syntax unified
 3833              		.thumb
 3834              		.thumb_func
 3836              	nRF24_PrettyPrint:
 3837              	.LVL378:
 3838              	.LFB157:
 130:Core/Src/radio/nrf24.c ****     // SEGGER_RTT_printf(0, "nRF24L01+ Configuration Details:\n");
 3839              		.loc 1 130 50 view -0
 3840              		.cfi_startproc
 3841              		@ args = 0, pretend = 0, frame = 0
 3842              		@ frame_needed = 0, uses_anonymous_args = 0
 3843              		@ link register save eliminated.
 210:Core/Src/radio/nrf24.c **** 
 3844              		.loc 1 210 1 view .LVU1087
 3845 0000 7047     		bx	lr
 3846              		.cfi_endproc
 3847              	.LFE157:
 3849 0002 00BF     		.section	.text.nRF24_SetPowerMode,"ax",%progbits
 3850              		.align	1
 3851              		.p2align 2,,3
 3852              		.global	nRF24_SetPowerMode
 3853              		.syntax unified
 3854              		.thumb
 3855              		.thumb_func
 3857              	nRF24_SetPowerMode:
 3858              	.LVL379:
 3859              	.LFB158:
 215:Core/Src/radio/nrf24.c **** 	uint8_t reg;
 3860              		.loc 1 215 65 view -0
 3861              		.cfi_startproc
 3862              		@ args = 0, pretend = 0, frame = 8
 3863              		@ frame_needed = 0, uses_anonymous_args = 0
 216:Core/Src/radio/nrf24.c **** 
 3864              		.loc 1 216 2 view .LVU1089
 218:Core/Src/radio/nrf24.c **** 	if (mode == nRF24_PWR_UP) {
 3865              		.loc 1 218 2 view .LVU1090
 215:Core/Src/radio/nrf24.c **** 	uint8_t reg;
 3866              		.loc 1 215 65 is_stmt 0 view .LVU1091
 3867 0000 70B5     		push	{r4, r5, r6, lr}
 3868              	.LCFI24:
 3869              		.cfi_def_cfa_offset 16
 3870              		.cfi_offset 4, -16
 3871              		.cfi_offset 5, -12
 3872              		.cfi_offset 6, -8
 3873              		.cfi_offset 14, -4
 3874              	.LBB921:
 3875              	.LBB922:
 3876              	.LBB923:
 3877              	.LBB924:
  28:Core/Src/radio/../../Inc/radio/support.h **** }
 3878              		.loc 2 28 5 view .LVU1092
 3879 0002 0022     		movs	r2, #0
 3880              	.LBE924:
ARM GAS  C:\Users\l1234\AppData\Local\Temp\ccFgEZ6h.s 			page 95


 3881              	.LBE923:
 3882              	.LBE922:
 3883              	.LBE921:
 215:Core/Src/radio/nrf24.c **** 	uint8_t reg;
 3884              		.loc 1 215 65 view .LVU1093
 3885 0004 84B0     		sub	sp, sp, #16
 3886              	.LCFI25:
 3887              		.cfi_def_cfa_offset 32
 215:Core/Src/radio/nrf24.c **** 	uint8_t reg;
 3888              		.loc 1 215 65 view .LVU1094
 3889 0006 0446     		mov	r4, r0
 3890              	.LVL380:
 3891              	.LBB949:
 3892              	.LBI921:
   9:Core/Src/radio/nrf24.c **** 	uint8_t value;
 3893              		.loc 1 9 9 is_stmt 1 view .LVU1095
 3894              	.LBB945:
  10:Core/Src/radio/nrf24.c **** 
 3895              		.loc 1 10 2 view .LVU1096
  12:Core/Src/radio/nrf24.c **** 	nRF24_LL_RW(nrf, reg & nRF24_MASK_REG_MAP);
 3896              		.loc 1 12 2 view .LVU1097
 3897              	.LBB927:
 3898              	.LBI923:
  27:Core/Src/radio/../../Inc/radio/support.h ****     HAL_GPIO_WritePin(nrf->csPort, nrf->csPin, GPIO_PIN_RESET);
 3899              		.loc 2 27 20 view .LVU1098
 3900              	.LBB925:
  28:Core/Src/radio/../../Inc/radio/support.h **** }
 3901              		.loc 2 28 5 view .LVU1099
 3902              	.LBE925:
 3903              	.LBE927:
 3904              	.LBE945:
 3905              	.LBE949:
 215:Core/Src/radio/nrf24.c **** 	uint8_t reg;
 3906              		.loc 1 215 65 is_stmt 0 view .LVU1100
 3907 0008 0E46     		mov	r6, r1
 3908              	.LBB950:
 3909              	.LBB946:
 3910              	.LBB928:
 3911              	.LBB926:
  28:Core/Src/radio/../../Inc/radio/support.h **** }
 3912              		.loc 2 28 5 view .LVU1101
 3913 000a 018A     		ldrh	r1, [r0, #16]
 3914              	.LVL381:
  28:Core/Src/radio/../../Inc/radio/support.h **** }
 3915              		.loc 2 28 5 view .LVU1102
 3916 000c C068     		ldr	r0, [r0, #12]
 3917              	.LVL382:
  28:Core/Src/radio/../../Inc/radio/support.h **** }
 3918              		.loc 2 28 5 view .LVU1103
 3919 000e FFF7FEFF 		bl	HAL_GPIO_WritePin
 3920              	.LVL383:
  28:Core/Src/radio/../../Inc/radio/support.h **** }
 3921              		.loc 2 28 5 view .LVU1104
 3922              	.LBE926:
 3923              	.LBE928:
  13:Core/Src/radio/nrf24.c **** 	value = nRF24_LL_RW(nrf, nRF24_CMD_NOP);
 3924              		.loc 1 13 2 is_stmt 1 view .LVU1105
ARM GAS  C:\Users\l1234\AppData\Local\Temp\ccFgEZ6h.s 			page 96


 3925              	.LBB929:
 3926              	.LBB930:
  39:Core/Src/radio/../../Inc/radio/support.h ****         Error_Handler();
 3927              		.loc 2 39 8 is_stmt 0 view .LVU1106
 3928 0012 4FF4FA62 		mov	r2, #2000
 3929 0016 0023     		movs	r3, #0
 3930 0018 0DF10E01 		add	r1, sp, #14
 3931 001c 0092     		str	r2, [sp]
 3932 001e 0DF10F02 		add	r2, sp, #15
 3933 0022 8DF80E30 		strb	r3, [sp, #14]
 3934              	.LVL384:
  39:Core/Src/radio/../../Inc/radio/support.h ****         Error_Handler();
 3935              		.loc 2 39 8 view .LVU1107
 3936              	.LBE930:
 3937              	.LBI929:
  36:Core/Src/radio/../../Inc/radio/support.h ****     // Wait until TX buffer is empty
 3938              		.loc 2 36 23 is_stmt 1 view .LVU1108
 3939              	.LBB931:
  38:Core/Src/radio/../../Inc/radio/support.h ****     if(HAL_SPI_TransmitReceive(nrf->hspi,&data,&result,1,2000)!=HAL_OK) {
 3940              		.loc 2 38 5 view .LVU1109
  39:Core/Src/radio/../../Inc/radio/support.h ****         Error_Handler();
 3941              		.loc 2 39 5 view .LVU1110
  39:Core/Src/radio/../../Inc/radio/support.h ****         Error_Handler();
 3942              		.loc 2 39 8 is_stmt 0 view .LVU1111
 3943 0026 0123     		movs	r3, #1
 3944              	.LVL385:
  39:Core/Src/radio/../../Inc/radio/support.h ****         Error_Handler();
 3945              		.loc 2 39 8 view .LVU1112
 3946 0028 2068     		ldr	r0, [r4]
 3947 002a FFF7FEFF 		bl	HAL_SPI_TransmitReceive
 3948              	.LVL386:
  39:Core/Src/radio/../../Inc/radio/support.h ****         Error_Handler();
 3949              		.loc 2 39 7 view .LVU1113
 3950 002e 0028     		cmp	r0, #0
 3951 0030 47D1     		bne	.L304
 3952              	.L285:
  41:Core/Src/radio/../../Inc/radio/support.h ****     return result;
 3953              		.loc 2 41 6 is_stmt 1 view .LVU1114
 3954              		.loc 2 42 5 view .LVU1115
 3955              	.LVL387:
 3956              		.loc 2 42 5 is_stmt 0 view .LVU1116
 3957              	.LBE931:
 3958              	.LBE929:
  14:Core/Src/radio/nrf24.c **** 	nRF24_CSN_H(nrf);
 3959              		.loc 1 14 2 is_stmt 1 view .LVU1117
 3960 0032 FF23     		movs	r3, #255
 3961              	.LBB933:
 3962              	.LBB934:
  39:Core/Src/radio/../../Inc/radio/support.h ****         Error_Handler();
 3963              		.loc 2 39 8 is_stmt 0 view .LVU1118
 3964 0034 0DF10F02 		add	r2, sp, #15
 3965 0038 0DF10E01 		add	r1, sp, #14
 3966 003c 8DF80E30 		strb	r3, [sp, #14]
 3967              	.LVL388:
  39:Core/Src/radio/../../Inc/radio/support.h ****         Error_Handler();
 3968              		.loc 2 39 8 view .LVU1119
 3969              	.LBE934:
ARM GAS  C:\Users\l1234\AppData\Local\Temp\ccFgEZ6h.s 			page 97


 3970              	.LBI933:
  36:Core/Src/radio/../../Inc/radio/support.h ****     // Wait until TX buffer is empty
 3971              		.loc 2 36 23 is_stmt 1 view .LVU1120
 3972              	.LBB935:
  38:Core/Src/radio/../../Inc/radio/support.h ****     if(HAL_SPI_TransmitReceive(nrf->hspi,&data,&result,1,2000)!=HAL_OK) {
 3973              		.loc 2 38 5 view .LVU1121
  39:Core/Src/radio/../../Inc/radio/support.h ****         Error_Handler();
 3974              		.loc 2 39 5 view .LVU1122
  39:Core/Src/radio/../../Inc/radio/support.h ****         Error_Handler();
 3975              		.loc 2 39 8 is_stmt 0 view .LVU1123
 3976 0040 4FF4FA63 		mov	r3, #2000
 3977              	.LVL389:
  39:Core/Src/radio/../../Inc/radio/support.h ****         Error_Handler();
 3978              		.loc 2 39 8 view .LVU1124
 3979 0044 0093     		str	r3, [sp]
 3980 0046 0123     		movs	r3, #1
 3981 0048 2068     		ldr	r0, [r4]
 3982 004a FFF7FEFF 		bl	HAL_SPI_TransmitReceive
 3983              	.LVL390:
  39:Core/Src/radio/../../Inc/radio/support.h ****         Error_Handler();
 3984              		.loc 2 39 7 view .LVU1125
 3985 004e 0028     		cmp	r0, #0
 3986 0050 40D1     		bne	.L305
 3987              	.L286:
  41:Core/Src/radio/../../Inc/radio/support.h ****     return result;
 3988              		.loc 2 41 6 is_stmt 1 view .LVU1126
 3989              		.loc 2 42 5 view .LVU1127
 3990              	.LBE935:
 3991              	.LBE933:
 3992              	.LBB938:
 3993              	.LBB939:
  32:Core/Src/radio/../../Inc/radio/support.h **** }
 3994              		.loc 2 32 5 is_stmt 0 view .LVU1128
 3995 0052 0122     		movs	r2, #1
 3996 0054 218A     		ldrh	r1, [r4, #16]
 3997 0056 E068     		ldr	r0, [r4, #12]
 3998              	.LBE939:
 3999              	.LBE938:
 4000              	.LBB941:
 4001              	.LBB936:
 4002              		.loc 2 42 12 view .LVU1129
 4003 0058 9DF80F50 		ldrb	r5, [sp, #15]	@ zero_extendqisi2
 4004              	.LVL391:
 4005              		.loc 2 42 12 view .LVU1130
 4006              	.LBE936:
 4007              	.LBE941:
  15:Core/Src/radio/nrf24.c **** 
 4008              		.loc 1 15 2 is_stmt 1 view .LVU1131
 4009              	.LBB942:
 4010              	.LBI938:
  31:Core/Src/radio/../../Inc/radio/support.h ****     HAL_GPIO_WritePin(nrf->csPort, nrf->csPin, GPIO_PIN_SET);
 4011              		.loc 2 31 20 view .LVU1132
 4012              	.LBB940:
  32:Core/Src/radio/../../Inc/radio/support.h **** }
 4013              		.loc 2 32 5 view .LVU1133
 4014 005c FFF7FEFF 		bl	HAL_GPIO_WritePin
 4015              	.LVL392:
ARM GAS  C:\Users\l1234\AppData\Local\Temp\ccFgEZ6h.s 			page 98


  32:Core/Src/radio/../../Inc/radio/support.h **** }
 4016              		.loc 2 32 5 is_stmt 0 view .LVU1134
 4017              	.LBE940:
 4018              	.LBE942:
  17:Core/Src/radio/nrf24.c **** }
 4019              		.loc 1 17 2 is_stmt 1 view .LVU1135
  17:Core/Src/radio/nrf24.c **** }
 4020              		.loc 1 17 2 is_stmt 0 view .LVU1136
 4021              	.LBE946:
 4022              	.LBE950:
 219:Core/Src/radio/nrf24.c **** 		// Set the PWR_UP bit of CONFIG register to wake the transceiver
 4023              		.loc 1 219 2 is_stmt 1 view .LVU1137
 222:Core/Src/radio/nrf24.c **** 	} else {
 4024              		.loc 1 222 3 view .LVU1138
 219:Core/Src/radio/nrf24.c **** 		// Set the PWR_UP bit of CONFIG register to wake the transceiver
 4025              		.loc 1 219 5 is_stmt 0 view .LVU1139
 4026 0060 022E     		cmp	r6, #2
 4027              	.LBB951:
 4028              	.LBB952:
 4029              	.LBB953:
 4030              	.LBB954:
  28:Core/Src/radio/../../Inc/radio/support.h **** }
 4031              		.loc 2 28 5 view .LVU1140
 4032 0062 4FF00002 		mov	r2, #0
 4033 0066 218A     		ldrh	r1, [r4, #16]
 4034 0068 E068     		ldr	r0, [r4, #12]
 4035              	.LBE954:
 4036              	.LBE953:
 4037              	.LBE952:
 4038              	.LBE951:
 222:Core/Src/radio/nrf24.c **** 	} else {
 4039              		.loc 1 222 7 view .LVU1141
 4040 006a 0CBF     		ite	eq
 4041 006c 45F00205 		orreq	r5, r5, #2
 4042              	.LVL393:
 226:Core/Src/radio/nrf24.c **** 	}
 4043              		.loc 1 226 3 is_stmt 1 view .LVU1142
 226:Core/Src/radio/nrf24.c **** 	}
 4044              		.loc 1 226 7 is_stmt 0 view .LVU1143
 4045 0070 05F0FD05 		andne	r5, r5, #253
 4046              	.LVL394:
 228:Core/Src/radio/nrf24.c **** }
 4047              		.loc 1 228 2 is_stmt 1 view .LVU1144
 4048              	.LBB974:
 4049              	.LBI951:
  24:Core/Src/radio/nrf24.c **** 	nRF24_CSN_L(nrf);
 4050              		.loc 1 24 6 view .LVU1145
 4051              	.LBB971:
  25:Core/Src/radio/nrf24.c **** 	if (reg < nRF24_CMD_W_REGISTER) {
 4052              		.loc 1 25 2 view .LVU1146
 4053              	.LBB956:
 4054              	.LBI953:
  27:Core/Src/radio/../../Inc/radio/support.h ****     HAL_GPIO_WritePin(nrf->csPort, nrf->csPin, GPIO_PIN_RESET);
 4055              		.loc 2 27 20 view .LVU1147
 4056              	.LBB955:
  28:Core/Src/radio/../../Inc/radio/support.h **** }
 4057              		.loc 2 28 5 view .LVU1148
ARM GAS  C:\Users\l1234\AppData\Local\Temp\ccFgEZ6h.s 			page 99


 4058 0074 FFF7FEFF 		bl	HAL_GPIO_WritePin
 4059              	.LVL395:
  28:Core/Src/radio/../../Inc/radio/support.h **** }
 4060              		.loc 2 28 5 is_stmt 0 view .LVU1149
 4061              	.LBE955:
 4062              	.LBE956:
  26:Core/Src/radio/nrf24.c **** 		// This is a register access
 4063              		.loc 1 26 2 is_stmt 1 view .LVU1150
  28:Core/Src/radio/nrf24.c **** 		nRF24_LL_RW(nrf, value);
 4064              		.loc 1 28 3 view .LVU1151
 4065 0078 2023     		movs	r3, #32
 4066              	.LBB957:
 4067              	.LBB958:
  39:Core/Src/radio/../../Inc/radio/support.h ****         Error_Handler();
 4068              		.loc 2 39 8 is_stmt 0 view .LVU1152
 4069 007a 0DF10F02 		add	r2, sp, #15
 4070 007e 0DF10E01 		add	r1, sp, #14
 4071 0082 8DF80E30 		strb	r3, [sp, #14]
 4072              	.LVL396:
  39:Core/Src/radio/../../Inc/radio/support.h ****         Error_Handler();
 4073              		.loc 2 39 8 view .LVU1153
 4074              	.LBE958:
 4075              	.LBI957:
  36:Core/Src/radio/../../Inc/radio/support.h ****     // Wait until TX buffer is empty
 4076              		.loc 2 36 23 is_stmt 1 view .LVU1154
 4077              	.LBB959:
  38:Core/Src/radio/../../Inc/radio/support.h ****     if(HAL_SPI_TransmitReceive(nrf->hspi,&data,&result,1,2000)!=HAL_OK) {
 4078              		.loc 2 38 5 view .LVU1155
  39:Core/Src/radio/../../Inc/radio/support.h ****         Error_Handler();
 4079              		.loc 2 39 5 view .LVU1156
  39:Core/Src/radio/../../Inc/radio/support.h ****         Error_Handler();
 4080              		.loc 2 39 8 is_stmt 0 view .LVU1157
 4081 0086 4FF4FA63 		mov	r3, #2000
 4082              	.LVL397:
  39:Core/Src/radio/../../Inc/radio/support.h ****         Error_Handler();
 4083              		.loc 2 39 8 view .LVU1158
 4084 008a 0093     		str	r3, [sp]
 4085 008c 0123     		movs	r3, #1
 4086 008e 2068     		ldr	r0, [r4]
 4087 0090 FFF7FEFF 		bl	HAL_SPI_TransmitReceive
 4088              	.LVL398:
  39:Core/Src/radio/../../Inc/radio/support.h ****         Error_Handler();
 4089              		.loc 2 39 7 view .LVU1159
 4090 0094 D8B9     		cbnz	r0, .L306
 4091              	.L289:
  41:Core/Src/radio/../../Inc/radio/support.h ****     return result;
 4092              		.loc 2 41 6 is_stmt 1 view .LVU1160
 4093              		.loc 2 42 5 view .LVU1161
 4094              	.LVL399:
 4095              		.loc 2 42 5 is_stmt 0 view .LVU1162
 4096              	.LBE959:
 4097              	.LBE957:
  29:Core/Src/radio/nrf24.c **** 	} else {
 4098              		.loc 1 29 3 is_stmt 1 view .LVU1163
 4099              	.LBB961:
 4100              	.LBB962:
  39:Core/Src/radio/../../Inc/radio/support.h ****         Error_Handler();
ARM GAS  C:\Users\l1234\AppData\Local\Temp\ccFgEZ6h.s 			page 100


 4101              		.loc 2 39 8 is_stmt 0 view .LVU1164
 4102 0096 4FF4FA63 		mov	r3, #2000
 4103 009a 0DF10F02 		add	r2, sp, #15
 4104 009e 0DF10E01 		add	r1, sp, #14
 4105 00a2 8DF80E50 		strb	r5, [sp, #14]
 4106              	.LVL400:
  39:Core/Src/radio/../../Inc/radio/support.h ****         Error_Handler();
 4107              		.loc 2 39 8 view .LVU1165
 4108              	.LBE962:
 4109              	.LBI961:
  36:Core/Src/radio/../../Inc/radio/support.h ****     // Wait until TX buffer is empty
 4110              		.loc 2 36 23 is_stmt 1 view .LVU1166
 4111              	.LBB963:
  38:Core/Src/radio/../../Inc/radio/support.h ****     if(HAL_SPI_TransmitReceive(nrf->hspi,&data,&result,1,2000)!=HAL_OK) {
 4112              		.loc 2 38 5 view .LVU1167
  39:Core/Src/radio/../../Inc/radio/support.h ****         Error_Handler();
 4113              		.loc 2 39 5 view .LVU1168
  39:Core/Src/radio/../../Inc/radio/support.h ****         Error_Handler();
 4114              		.loc 2 39 8 is_stmt 0 view .LVU1169
 4115 00a6 0093     		str	r3, [sp]
 4116 00a8 0123     		movs	r3, #1
 4117 00aa 2068     		ldr	r0, [r4]
 4118 00ac FFF7FEFF 		bl	HAL_SPI_TransmitReceive
 4119              	.LVL401:
  39:Core/Src/radio/../../Inc/radio/support.h ****         Error_Handler();
 4120              		.loc 2 39 7 view .LVU1170
 4121 00b0 50B9     		cbnz	r0, .L307
 4122              	.L290:
  41:Core/Src/radio/../../Inc/radio/support.h ****     return result;
 4123              		.loc 2 41 6 is_stmt 1 view .LVU1171
 4124              		.loc 2 42 5 view .LVU1172
 4125              	.LVL402:
 4126              		.loc 2 42 5 is_stmt 0 view .LVU1173
 4127              	.LBE963:
 4128              	.LBE961:
  39:Core/Src/radio/nrf24.c **** }
 4129              		.loc 1 39 2 is_stmt 1 view .LVU1174
 4130              	.LBB965:
 4131              	.LBI965:
  31:Core/Src/radio/../../Inc/radio/support.h ****     HAL_GPIO_WritePin(nrf->csPort, nrf->csPin, GPIO_PIN_SET);
 4132              		.loc 2 31 20 view .LVU1175
 4133              	.LBB966:
  32:Core/Src/radio/../../Inc/radio/support.h **** }
 4134              		.loc 2 32 5 view .LVU1176
 4135 00b2 0122     		movs	r2, #1
 4136 00b4 218A     		ldrh	r1, [r4, #16]
 4137 00b6 E068     		ldr	r0, [r4, #12]
 4138              	.LBE966:
 4139              	.LBE965:
 4140              	.LBE971:
 4141              	.LBE974:
 229:Core/Src/radio/nrf24.c **** 
 4142              		.loc 1 229 1 is_stmt 0 view .LVU1177
 4143 00b8 04B0     		add	sp, sp, #16
 4144              	.LCFI26:
 4145              		.cfi_remember_state
 4146              		.cfi_def_cfa_offset 16
ARM GAS  C:\Users\l1234\AppData\Local\Temp\ccFgEZ6h.s 			page 101


 4147              		@ sp needed
 4148 00ba BDE87040 		pop	{r4, r5, r6, lr}
 4149              	.LCFI27:
 4150              		.cfi_restore 14
 4151              		.cfi_restore 6
 4152              		.cfi_restore 5
 4153              		.cfi_restore 4
 4154              		.cfi_def_cfa_offset 0
 4155              	.LVL403:
 4156              	.LBB975:
 4157              	.LBB972:
 4158              	.LBB968:
 4159              	.LBB967:
  32:Core/Src/radio/../../Inc/radio/support.h **** }
 4160              		.loc 2 32 5 view .LVU1178
 4161 00be FFF7FEBF 		b	HAL_GPIO_WritePin
 4162              	.LVL404:
 4163              	.L304:
 4164              	.LCFI28:
 4165              		.cfi_restore_state
  32:Core/Src/radio/../../Inc/radio/support.h **** }
 4166              		.loc 2 32 5 view .LVU1179
 4167              	.LBE967:
 4168              	.LBE968:
 4169              	.LBE972:
 4170              	.LBE975:
 4171              	.LBB976:
 4172              	.LBB947:
 4173              	.LBB943:
 4174              	.LBB932:
  40:Core/Src/radio/../../Inc/radio/support.h ****     };
 4175              		.loc 2 40 9 is_stmt 1 view .LVU1180
 4176 00c2 FFF7FEFF 		bl	Error_Handler
 4177              	.LVL405:
 4178 00c6 B4E7     		b	.L285
 4179              	.LVL406:
 4180              	.L307:
  40:Core/Src/radio/../../Inc/radio/support.h ****     };
 4181              		.loc 2 40 9 is_stmt 0 view .LVU1181
 4182              	.LBE932:
 4183              	.LBE943:
 4184              	.LBE947:
 4185              	.LBE976:
 4186              	.LBB977:
 4187              	.LBB973:
 4188              	.LBB969:
 4189              	.LBB964:
  40:Core/Src/radio/../../Inc/radio/support.h ****     };
 4190              		.loc 2 40 9 is_stmt 1 view .LVU1182
 4191 00c8 FFF7FEFF 		bl	Error_Handler
 4192              	.LVL407:
 4193 00cc F1E7     		b	.L290
 4194              	.LVL408:
 4195              	.L306:
  40:Core/Src/radio/../../Inc/radio/support.h ****     };
 4196              		.loc 2 40 9 is_stmt 0 view .LVU1183
 4197              	.LBE964:
ARM GAS  C:\Users\l1234\AppData\Local\Temp\ccFgEZ6h.s 			page 102


 4198              	.LBE969:
 4199              	.LBB970:
 4200              	.LBB960:
  40:Core/Src/radio/../../Inc/radio/support.h ****     };
 4201              		.loc 2 40 9 is_stmt 1 view .LVU1184
 4202 00ce FFF7FEFF 		bl	Error_Handler
 4203              	.LVL409:
 4204 00d2 E0E7     		b	.L289
 4205              	.LVL410:
 4206              	.L305:
  40:Core/Src/radio/../../Inc/radio/support.h ****     };
 4207              		.loc 2 40 9 is_stmt 0 view .LVU1185
 4208              	.LBE960:
 4209              	.LBE970:
 4210              	.LBE973:
 4211              	.LBE977:
 4212              	.LBB978:
 4213              	.LBB948:
 4214              	.LBB944:
 4215              	.LBB937:
  40:Core/Src/radio/../../Inc/radio/support.h ****     };
 4216              		.loc 2 40 9 is_stmt 1 view .LVU1186
 4217 00d4 FFF7FEFF 		bl	Error_Handler
 4218              	.LVL411:
 4219 00d8 BBE7     		b	.L286
 4220              	.LBE937:
 4221              	.LBE944:
 4222              	.LBE948:
 4223              	.LBE978:
 4224              		.cfi_endproc
 4225              	.LFE158:
 4227 00da 00BF     		.section	.text.nRF24_SetOperationalMode,"ax",%progbits
 4228              		.align	1
 4229              		.p2align 2,,3
 4230              		.global	nRF24_SetOperationalMode
 4231              		.syntax unified
 4232              		.thumb
 4233              		.thumb_func
 4235              	nRF24_SetOperationalMode:
 4236              	.LVL412:
 4237              	.LFB159:
 234:Core/Src/radio/nrf24.c **** 	uint8_t reg;
 4238              		.loc 1 234 71 view -0
 4239              		.cfi_startproc
 4240              		@ args = 0, pretend = 0, frame = 8
 4241              		@ frame_needed = 0, uses_anonymous_args = 0
 235:Core/Src/radio/nrf24.c **** 
 4242              		.loc 1 235 2 view .LVU1188
 238:Core/Src/radio/nrf24.c **** 	reg &= ~nRF24_CONFIG_PRIM_RX;
 4243              		.loc 1 238 2 view .LVU1189
 234:Core/Src/radio/nrf24.c **** 	uint8_t reg;
 4244              		.loc 1 234 71 is_stmt 0 view .LVU1190
 4245 0000 70B5     		push	{r4, r5, r6, lr}
 4246              	.LCFI29:
 4247              		.cfi_def_cfa_offset 16
 4248              		.cfi_offset 4, -16
 4249              		.cfi_offset 5, -12
ARM GAS  C:\Users\l1234\AppData\Local\Temp\ccFgEZ6h.s 			page 103


 4250              		.cfi_offset 6, -8
 4251              		.cfi_offset 14, -4
 4252              	.LBB1003:
 4253              	.LBB1004:
 4254              	.LBB1005:
 4255              	.LBB1006:
  28:Core/Src/radio/../../Inc/radio/support.h **** }
 4256              		.loc 2 28 5 view .LVU1191
 4257 0002 0022     		movs	r2, #0
 4258              	.LBE1006:
 4259              	.LBE1005:
 4260              	.LBE1004:
 4261              	.LBE1003:
 234:Core/Src/radio/nrf24.c **** 	uint8_t reg;
 4262              		.loc 1 234 71 view .LVU1192
 4263 0004 84B0     		sub	sp, sp, #16
 4264              	.LCFI30:
 4265              		.cfi_def_cfa_offset 32
 234:Core/Src/radio/nrf24.c **** 	uint8_t reg;
 4266              		.loc 1 234 71 view .LVU1193
 4267 0006 0446     		mov	r4, r0
 4268              	.LVL413:
 4269              	.LBB1031:
 4270              	.LBI1003:
   9:Core/Src/radio/nrf24.c **** 	uint8_t value;
 4271              		.loc 1 9 9 is_stmt 1 view .LVU1194
 4272              	.LBB1027:
  10:Core/Src/radio/nrf24.c **** 
 4273              		.loc 1 10 2 view .LVU1195
  12:Core/Src/radio/nrf24.c **** 	nRF24_LL_RW(nrf, reg & nRF24_MASK_REG_MAP);
 4274              		.loc 1 12 2 view .LVU1196
 4275              	.LBB1009:
 4276              	.LBI1005:
  27:Core/Src/radio/../../Inc/radio/support.h ****     HAL_GPIO_WritePin(nrf->csPort, nrf->csPin, GPIO_PIN_RESET);
 4277              		.loc 2 27 20 view .LVU1197
 4278              	.LBB1007:
  28:Core/Src/radio/../../Inc/radio/support.h **** }
 4279              		.loc 2 28 5 view .LVU1198
 4280              	.LBE1007:
 4281              	.LBE1009:
 4282              	.LBE1027:
 4283              	.LBE1031:
 234:Core/Src/radio/nrf24.c **** 	uint8_t reg;
 4284              		.loc 1 234 71 is_stmt 0 view .LVU1199
 4285 0008 0E46     		mov	r6, r1
 4286              	.LBB1032:
 4287              	.LBB1028:
 4288              	.LBB1010:
 4289              	.LBB1008:
  28:Core/Src/radio/../../Inc/radio/support.h **** }
 4290              		.loc 2 28 5 view .LVU1200
 4291 000a 018A     		ldrh	r1, [r0, #16]
 4292              	.LVL414:
  28:Core/Src/radio/../../Inc/radio/support.h **** }
 4293              		.loc 2 28 5 view .LVU1201
 4294 000c C068     		ldr	r0, [r0, #12]
 4295              	.LVL415:
ARM GAS  C:\Users\l1234\AppData\Local\Temp\ccFgEZ6h.s 			page 104


  28:Core/Src/radio/../../Inc/radio/support.h **** }
 4296              		.loc 2 28 5 view .LVU1202
 4297 000e FFF7FEFF 		bl	HAL_GPIO_WritePin
 4298              	.LVL416:
  28:Core/Src/radio/../../Inc/radio/support.h **** }
 4299              		.loc 2 28 5 view .LVU1203
 4300              	.LBE1008:
 4301              	.LBE1010:
  13:Core/Src/radio/nrf24.c **** 	value = nRF24_LL_RW(nrf, nRF24_CMD_NOP);
 4302              		.loc 1 13 2 is_stmt 1 view .LVU1204
 4303              	.LBB1011:
 4304              	.LBB1012:
  39:Core/Src/radio/../../Inc/radio/support.h ****         Error_Handler();
 4305              		.loc 2 39 8 is_stmt 0 view .LVU1205
 4306 0012 4FF4FA62 		mov	r2, #2000
 4307 0016 0023     		movs	r3, #0
 4308 0018 0DF10E01 		add	r1, sp, #14
 4309 001c 0092     		str	r2, [sp]
 4310 001e 0DF10F02 		add	r2, sp, #15
 4311 0022 8DF80E30 		strb	r3, [sp, #14]
 4312              	.LVL417:
  39:Core/Src/radio/../../Inc/radio/support.h ****         Error_Handler();
 4313              		.loc 2 39 8 view .LVU1206
 4314              	.LBE1012:
 4315              	.LBI1011:
  36:Core/Src/radio/../../Inc/radio/support.h ****     // Wait until TX buffer is empty
 4316              		.loc 2 36 23 is_stmt 1 view .LVU1207
 4317              	.LBB1013:
  38:Core/Src/radio/../../Inc/radio/support.h ****     if(HAL_SPI_TransmitReceive(nrf->hspi,&data,&result,1,2000)!=HAL_OK) {
 4318              		.loc 2 38 5 view .LVU1208
  39:Core/Src/radio/../../Inc/radio/support.h ****         Error_Handler();
 4319              		.loc 2 39 5 view .LVU1209
  39:Core/Src/radio/../../Inc/radio/support.h ****         Error_Handler();
 4320              		.loc 2 39 8 is_stmt 0 view .LVU1210
 4321 0026 0123     		movs	r3, #1
 4322              	.LVL418:
  39:Core/Src/radio/../../Inc/radio/support.h ****         Error_Handler();
 4323              		.loc 2 39 8 view .LVU1211
 4324 0028 2068     		ldr	r0, [r4]
 4325 002a FFF7FEFF 		bl	HAL_SPI_TransmitReceive
 4326              	.LVL419:
  39:Core/Src/radio/../../Inc/radio/support.h ****         Error_Handler();
 4327              		.loc 2 39 7 view .LVU1212
 4328 002e 0028     		cmp	r0, #0
 4329 0030 45D1     		bne	.L326
 4330              	.L309:
  41:Core/Src/radio/../../Inc/radio/support.h ****     return result;
 4331              		.loc 2 41 6 is_stmt 1 view .LVU1213
 4332              		.loc 2 42 5 view .LVU1214
 4333              	.LVL420:
 4334              		.loc 2 42 5 is_stmt 0 view .LVU1215
 4335              	.LBE1013:
 4336              	.LBE1011:
  14:Core/Src/radio/nrf24.c **** 	nRF24_CSN_H(nrf);
 4337              		.loc 1 14 2 is_stmt 1 view .LVU1216
 4338 0032 FF23     		movs	r3, #255
 4339              	.LBB1015:
ARM GAS  C:\Users\l1234\AppData\Local\Temp\ccFgEZ6h.s 			page 105


 4340              	.LBB1016:
  39:Core/Src/radio/../../Inc/radio/support.h ****         Error_Handler();
 4341              		.loc 2 39 8 is_stmt 0 view .LVU1217
 4342 0034 0DF10F02 		add	r2, sp, #15
 4343 0038 0DF10E01 		add	r1, sp, #14
 4344 003c 8DF80E30 		strb	r3, [sp, #14]
 4345              	.LVL421:
  39:Core/Src/radio/../../Inc/radio/support.h ****         Error_Handler();
 4346              		.loc 2 39 8 view .LVU1218
 4347              	.LBE1016:
 4348              	.LBI1015:
  36:Core/Src/radio/../../Inc/radio/support.h ****     // Wait until TX buffer is empty
 4349              		.loc 2 36 23 is_stmt 1 view .LVU1219
 4350              	.LBB1017:
  38:Core/Src/radio/../../Inc/radio/support.h ****     if(HAL_SPI_TransmitReceive(nrf->hspi,&data,&result,1,2000)!=HAL_OK) {
 4351              		.loc 2 38 5 view .LVU1220
  39:Core/Src/radio/../../Inc/radio/support.h ****         Error_Handler();
 4352              		.loc 2 39 5 view .LVU1221
  39:Core/Src/radio/../../Inc/radio/support.h ****         Error_Handler();
 4353              		.loc 2 39 8 is_stmt 0 view .LVU1222
 4354 0040 4FF4FA63 		mov	r3, #2000
 4355              	.LVL422:
  39:Core/Src/radio/../../Inc/radio/support.h ****         Error_Handler();
 4356              		.loc 2 39 8 view .LVU1223
 4357 0044 0093     		str	r3, [sp]
 4358 0046 0123     		movs	r3, #1
 4359 0048 2068     		ldr	r0, [r4]
 4360 004a FFF7FEFF 		bl	HAL_SPI_TransmitReceive
 4361              	.LVL423:
  39:Core/Src/radio/../../Inc/radio/support.h ****         Error_Handler();
 4362              		.loc 2 39 7 view .LVU1224
 4363 004e 0028     		cmp	r0, #0
 4364 0050 3ED1     		bne	.L327
 4365              	.L310:
  41:Core/Src/radio/../../Inc/radio/support.h ****     return result;
 4366              		.loc 2 41 6 is_stmt 1 view .LVU1225
 4367              		.loc 2 42 5 view .LVU1226
 4368              	.LBE1017:
 4369              	.LBE1015:
 4370              	.LBB1020:
 4371              	.LBB1021:
  32:Core/Src/radio/../../Inc/radio/support.h **** }
 4372              		.loc 2 32 5 is_stmt 0 view .LVU1227
 4373 0052 0122     		movs	r2, #1
 4374 0054 218A     		ldrh	r1, [r4, #16]
 4375 0056 E068     		ldr	r0, [r4, #12]
 4376 0058 06F00106 		and	r6, r6, #1
 4377              	.LBE1021:
 4378              	.LBE1020:
 4379              	.LBB1023:
 4380              	.LBB1018:
 4381              		.loc 2 42 12 view .LVU1228
 4382 005c 9DF80F50 		ldrb	r5, [sp, #15]	@ zero_extendqisi2
 4383              	.LVL424:
 4384              		.loc 2 42 12 view .LVU1229
 4385              	.LBE1018:
 4386              	.LBE1023:
ARM GAS  C:\Users\l1234\AppData\Local\Temp\ccFgEZ6h.s 			page 106


  15:Core/Src/radio/nrf24.c **** 
 4387              		.loc 1 15 2 is_stmt 1 view .LVU1230
 4388              	.LBB1024:
 4389              	.LBI1020:
  31:Core/Src/radio/../../Inc/radio/support.h ****     HAL_GPIO_WritePin(nrf->csPort, nrf->csPin, GPIO_PIN_SET);
 4390              		.loc 2 31 20 view .LVU1231
 4391              	.LBB1022:
  32:Core/Src/radio/../../Inc/radio/support.h **** }
 4392              		.loc 2 32 5 view .LVU1232
 4393 0060 FFF7FEFF 		bl	HAL_GPIO_WritePin
 4394              	.LVL425:
  32:Core/Src/radio/../../Inc/radio/support.h **** }
 4395              		.loc 2 32 5 is_stmt 0 view .LVU1233
 4396              	.LBE1022:
 4397              	.LBE1024:
  17:Core/Src/radio/nrf24.c **** }
 4398              		.loc 1 17 2 is_stmt 1 view .LVU1234
  17:Core/Src/radio/nrf24.c **** }
 4399              		.loc 1 17 2 is_stmt 0 view .LVU1235
 4400              	.LBE1028:
 4401              	.LBE1032:
 239:Core/Src/radio/nrf24.c **** 	reg |= (mode & nRF24_CONFIG_PRIM_RX);
 4402              		.loc 1 239 2 is_stmt 1 view .LVU1236
 240:Core/Src/radio/nrf24.c **** 	nRF24_WriteReg(nrf, nRF24_REG_CONFIG, reg);
 4403              		.loc 1 240 2 view .LVU1237
 4404              	.LBB1033:
 4405              	.LBB1034:
 4406              	.LBB1035:
 4407              	.LBB1036:
  28:Core/Src/radio/../../Inc/radio/support.h **** }
 4408              		.loc 2 28 5 is_stmt 0 view .LVU1238
 4409 0064 0022     		movs	r2, #0
 4410 0066 218A     		ldrh	r1, [r4, #16]
 4411 0068 E068     		ldr	r0, [r4, #12]
 4412              	.LBE1036:
 4413              	.LBE1035:
 4414              	.LBE1034:
 4415              	.LBE1033:
 239:Core/Src/radio/nrf24.c **** 	reg |= (mode & nRF24_CONFIG_PRIM_RX);
 4416              		.loc 1 239 6 view .LVU1239
 4417 006a 25F00105 		bic	r5, r5, #1
 4418              	.LVL426:
 4419              	.LBB1060:
 4420              	.LBB1056:
 4421              	.LBB1039:
 4422              	.LBB1037:
  28:Core/Src/radio/../../Inc/radio/support.h **** }
 4423              		.loc 2 28 5 view .LVU1240
 4424 006e FFF7FEFF 		bl	HAL_GPIO_WritePin
 4425              	.LVL427:
 4426 0072 2023     		movs	r3, #32
 4427              	.LBE1037:
 4428              	.LBE1039:
 4429              	.LBB1040:
 4430              	.LBB1041:
  39:Core/Src/radio/../../Inc/radio/support.h ****         Error_Handler();
 4431              		.loc 2 39 8 view .LVU1241
ARM GAS  C:\Users\l1234\AppData\Local\Temp\ccFgEZ6h.s 			page 107


 4432 0074 0DF10F02 		add	r2, sp, #15
 4433 0078 0DF10E01 		add	r1, sp, #14
 4434 007c 8DF80E30 		strb	r3, [sp, #14]
 4435 0080 4FF4FA63 		mov	r3, #2000
 4436 0084 3543     		orrs	r5, r5, r6
 4437              	.LVL428:
  39:Core/Src/radio/../../Inc/radio/support.h ****         Error_Handler();
 4438              		.loc 2 39 8 view .LVU1242
 4439              	.LBE1041:
 4440              	.LBE1040:
 4441              	.LBE1056:
 4442              	.LBE1060:
 241:Core/Src/radio/nrf24.c **** }
 4443              		.loc 1 241 2 is_stmt 1 view .LVU1243
 4444              	.LBB1061:
 4445              	.LBI1033:
  24:Core/Src/radio/nrf24.c **** 	nRF24_CSN_L(nrf);
 4446              		.loc 1 24 6 view .LVU1244
 4447              	.LBB1057:
  25:Core/Src/radio/nrf24.c **** 	if (reg < nRF24_CMD_W_REGISTER) {
 4448              		.loc 1 25 2 view .LVU1245
 4449              	.LBB1044:
 4450              	.LBI1035:
  27:Core/Src/radio/../../Inc/radio/support.h ****     HAL_GPIO_WritePin(nrf->csPort, nrf->csPin, GPIO_PIN_RESET);
 4451              		.loc 2 27 20 view .LVU1246
 4452              	.LBB1038:
  28:Core/Src/radio/../../Inc/radio/support.h **** }
 4453              		.loc 2 28 5 view .LVU1247
  28:Core/Src/radio/../../Inc/radio/support.h **** }
 4454              		.loc 2 28 5 is_stmt 0 view .LVU1248
 4455              	.LBE1038:
 4456              	.LBE1044:
  26:Core/Src/radio/nrf24.c **** 		// This is a register access
 4457              		.loc 1 26 2 is_stmt 1 view .LVU1249
  28:Core/Src/radio/nrf24.c **** 		nRF24_LL_RW(nrf, value);
 4458              		.loc 1 28 3 view .LVU1250
 4459              	.LBB1045:
 4460              	.LBI1040:
  36:Core/Src/radio/../../Inc/radio/support.h ****     // Wait until TX buffer is empty
 4461              		.loc 2 36 23 view .LVU1251
 4462              	.LBB1042:
  38:Core/Src/radio/../../Inc/radio/support.h ****     if(HAL_SPI_TransmitReceive(nrf->hspi,&data,&result,1,2000)!=HAL_OK) {
 4463              		.loc 2 38 5 view .LVU1252
  39:Core/Src/radio/../../Inc/radio/support.h ****         Error_Handler();
 4464              		.loc 2 39 5 view .LVU1253
  39:Core/Src/radio/../../Inc/radio/support.h ****         Error_Handler();
 4465              		.loc 2 39 8 is_stmt 0 view .LVU1254
 4466 0086 0093     		str	r3, [sp]
 4467 0088 0123     		movs	r3, #1
 4468 008a 2068     		ldr	r0, [r4]
 4469 008c FFF7FEFF 		bl	HAL_SPI_TransmitReceive
 4470              	.LVL429:
  39:Core/Src/radio/../../Inc/radio/support.h ****         Error_Handler();
 4471              		.loc 2 39 7 view .LVU1255
 4472 0090 D8B9     		cbnz	r0, .L328
 4473              	.L311:
  41:Core/Src/radio/../../Inc/radio/support.h ****     return result;
ARM GAS  C:\Users\l1234\AppData\Local\Temp\ccFgEZ6h.s 			page 108


 4474              		.loc 2 41 6 is_stmt 1 view .LVU1256
 4475              		.loc 2 42 5 view .LVU1257
 4476              	.LVL430:
 4477              		.loc 2 42 5 is_stmt 0 view .LVU1258
 4478              	.LBE1042:
 4479              	.LBE1045:
  29:Core/Src/radio/nrf24.c **** 	} else {
 4480              		.loc 1 29 3 is_stmt 1 view .LVU1259
 4481              	.LBB1046:
 4482              	.LBB1047:
  39:Core/Src/radio/../../Inc/radio/support.h ****         Error_Handler();
 4483              		.loc 2 39 8 is_stmt 0 view .LVU1260
 4484 0092 4FF4FA63 		mov	r3, #2000
 4485 0096 0DF10F02 		add	r2, sp, #15
 4486 009a 0DF10E01 		add	r1, sp, #14
 4487 009e 8DF80E50 		strb	r5, [sp, #14]
 4488              	.LVL431:
  39:Core/Src/radio/../../Inc/radio/support.h ****         Error_Handler();
 4489              		.loc 2 39 8 view .LVU1261
 4490              	.LBE1047:
 4491              	.LBI1046:
  36:Core/Src/radio/../../Inc/radio/support.h ****     // Wait until TX buffer is empty
 4492              		.loc 2 36 23 is_stmt 1 view .LVU1262
 4493              	.LBB1048:
  38:Core/Src/radio/../../Inc/radio/support.h ****     if(HAL_SPI_TransmitReceive(nrf->hspi,&data,&result,1,2000)!=HAL_OK) {
 4494              		.loc 2 38 5 view .LVU1263
  39:Core/Src/radio/../../Inc/radio/support.h ****         Error_Handler();
 4495              		.loc 2 39 5 view .LVU1264
  39:Core/Src/radio/../../Inc/radio/support.h ****         Error_Handler();
 4496              		.loc 2 39 8 is_stmt 0 view .LVU1265
 4497 00a2 0093     		str	r3, [sp]
 4498 00a4 0123     		movs	r3, #1
 4499 00a6 2068     		ldr	r0, [r4]
 4500 00a8 FFF7FEFF 		bl	HAL_SPI_TransmitReceive
 4501              	.LVL432:
  39:Core/Src/radio/../../Inc/radio/support.h ****         Error_Handler();
 4502              		.loc 2 39 7 view .LVU1266
 4503 00ac 50B9     		cbnz	r0, .L329
 4504              	.L312:
  41:Core/Src/radio/../../Inc/radio/support.h ****     return result;
 4505              		.loc 2 41 6 is_stmt 1 view .LVU1267
 4506              		.loc 2 42 5 view .LVU1268
 4507              	.LVL433:
 4508              		.loc 2 42 5 is_stmt 0 view .LVU1269
 4509              	.LBE1048:
 4510              	.LBE1046:
  39:Core/Src/radio/nrf24.c **** }
 4511              		.loc 1 39 2 is_stmt 1 view .LVU1270
 4512              	.LBB1050:
 4513              	.LBI1050:
  31:Core/Src/radio/../../Inc/radio/support.h ****     HAL_GPIO_WritePin(nrf->csPort, nrf->csPin, GPIO_PIN_SET);
 4514              		.loc 2 31 20 view .LVU1271
 4515              	.LBB1051:
  32:Core/Src/radio/../../Inc/radio/support.h **** }
 4516              		.loc 2 32 5 view .LVU1272
 4517 00ae 0122     		movs	r2, #1
 4518 00b0 218A     		ldrh	r1, [r4, #16]
ARM GAS  C:\Users\l1234\AppData\Local\Temp\ccFgEZ6h.s 			page 109


 4519 00b2 E068     		ldr	r0, [r4, #12]
 4520              	.LBE1051:
 4521              	.LBE1050:
 4522              	.LBE1057:
 4523              	.LBE1061:
 242:Core/Src/radio/nrf24.c **** 
 4524              		.loc 1 242 1 is_stmt 0 view .LVU1273
 4525 00b4 04B0     		add	sp, sp, #16
 4526              	.LCFI31:
 4527              		.cfi_remember_state
 4528              		.cfi_def_cfa_offset 16
 4529              		@ sp needed
 4530 00b6 BDE87040 		pop	{r4, r5, r6, lr}
 4531              	.LCFI32:
 4532              		.cfi_restore 14
 4533              		.cfi_restore 6
 4534              		.cfi_restore 5
 4535              		.cfi_restore 4
 4536              		.cfi_def_cfa_offset 0
 4537              	.LVL434:
 4538              	.LBB1062:
 4539              	.LBB1058:
 4540              	.LBB1053:
 4541              	.LBB1052:
  32:Core/Src/radio/../../Inc/radio/support.h **** }
 4542              		.loc 2 32 5 view .LVU1274
 4543 00ba FFF7FEBF 		b	HAL_GPIO_WritePin
 4544              	.LVL435:
 4545              	.L326:
 4546              	.LCFI33:
 4547              		.cfi_restore_state
  32:Core/Src/radio/../../Inc/radio/support.h **** }
 4548              		.loc 2 32 5 view .LVU1275
 4549              	.LBE1052:
 4550              	.LBE1053:
 4551              	.LBE1058:
 4552              	.LBE1062:
 4553              	.LBB1063:
 4554              	.LBB1029:
 4555              	.LBB1025:
 4556              	.LBB1014:
  40:Core/Src/radio/../../Inc/radio/support.h ****     };
 4557              		.loc 2 40 9 is_stmt 1 view .LVU1276
 4558 00be FFF7FEFF 		bl	Error_Handler
 4559              	.LVL436:
 4560 00c2 B6E7     		b	.L309
 4561              	.LVL437:
 4562              	.L329:
  40:Core/Src/radio/../../Inc/radio/support.h ****     };
 4563              		.loc 2 40 9 is_stmt 0 view .LVU1277
 4564              	.LBE1014:
 4565              	.LBE1025:
 4566              	.LBE1029:
 4567              	.LBE1063:
 4568              	.LBB1064:
 4569              	.LBB1059:
 4570              	.LBB1054:
ARM GAS  C:\Users\l1234\AppData\Local\Temp\ccFgEZ6h.s 			page 110


 4571              	.LBB1049:
  40:Core/Src/radio/../../Inc/radio/support.h ****     };
 4572              		.loc 2 40 9 is_stmt 1 view .LVU1278
 4573 00c4 FFF7FEFF 		bl	Error_Handler
 4574              	.LVL438:
 4575 00c8 F1E7     		b	.L312
 4576              	.LVL439:
 4577              	.L328:
  40:Core/Src/radio/../../Inc/radio/support.h ****     };
 4578              		.loc 2 40 9 is_stmt 0 view .LVU1279
 4579              	.LBE1049:
 4580              	.LBE1054:
 4581              	.LBB1055:
 4582              	.LBB1043:
  40:Core/Src/radio/../../Inc/radio/support.h ****     };
 4583              		.loc 2 40 9 is_stmt 1 view .LVU1280
 4584 00ca FFF7FEFF 		bl	Error_Handler
 4585              	.LVL440:
 4586 00ce E0E7     		b	.L311
 4587              	.LVL441:
 4588              	.L327:
  40:Core/Src/radio/../../Inc/radio/support.h ****     };
 4589              		.loc 2 40 9 is_stmt 0 view .LVU1281
 4590              	.LBE1043:
 4591              	.LBE1055:
 4592              	.LBE1059:
 4593              	.LBE1064:
 4594              	.LBB1065:
 4595              	.LBB1030:
 4596              	.LBB1026:
 4597              	.LBB1019:
  40:Core/Src/radio/../../Inc/radio/support.h ****     };
 4598              		.loc 2 40 9 is_stmt 1 view .LVU1282
 4599 00d0 FFF7FEFF 		bl	Error_Handler
 4600              	.LVL442:
 4601 00d4 BDE7     		b	.L310
 4602              	.LBE1019:
 4603              	.LBE1026:
 4604              	.LBE1030:
 4605              	.LBE1065:
 4606              		.cfi_endproc
 4607              	.LFE159:
 4609 00d6 00BF     		.section	.text.nRF24_SetDynamicPayloadLength,"ax",%progbits
 4610              		.align	1
 4611              		.p2align 2,,3
 4612              		.global	nRF24_SetDynamicPayloadLength
 4613              		.syntax unified
 4614              		.thumb
 4615              		.thumb_func
 4617              	nRF24_SetDynamicPayloadLength:
 4618              	.LVL443:
 4619              	.LFB160:
 247:Core/Src/radio/nrf24.c **** 	uint8_t reg;
 4620              		.loc 1 247 76 view -0
 4621              		.cfi_startproc
 4622              		@ args = 0, pretend = 0, frame = 8
 4623              		@ frame_needed = 0, uses_anonymous_args = 0
ARM GAS  C:\Users\l1234\AppData\Local\Temp\ccFgEZ6h.s 			page 111


 248:Core/Src/radio/nrf24.c **** 	reg  = nRF24_ReadReg(nrf, nRF24_REG_FEATURE);
 4624              		.loc 1 248 2 view .LVU1284
 249:Core/Src/radio/nrf24.c **** 	if(mode) {
 4625              		.loc 1 249 2 view .LVU1285
 247:Core/Src/radio/nrf24.c **** 	uint8_t reg;
 4626              		.loc 1 247 76 is_stmt 0 view .LVU1286
 4627 0000 70B5     		push	{r4, r5, r6, lr}
 4628              	.LCFI34:
 4629              		.cfi_def_cfa_offset 16
 4630              		.cfi_offset 4, -16
 4631              		.cfi_offset 5, -12
 4632              		.cfi_offset 6, -8
 4633              		.cfi_offset 14, -4
 4634              	.LBB1132:
 4635              	.LBB1133:
 4636              	.LBB1134:
 4637              	.LBB1135:
  28:Core/Src/radio/../../Inc/radio/support.h **** }
 4638              		.loc 2 28 5 view .LVU1287
 4639 0002 0022     		movs	r2, #0
 4640              	.LBE1135:
 4641              	.LBE1134:
 4642              	.LBE1133:
 4643              	.LBE1132:
 247:Core/Src/radio/nrf24.c **** 	uint8_t reg;
 4644              		.loc 1 247 76 view .LVU1288
 4645 0004 84B0     		sub	sp, sp, #16
 4646              	.LCFI35:
 4647              		.cfi_def_cfa_offset 32
 247:Core/Src/radio/nrf24.c **** 	uint8_t reg;
 4648              		.loc 1 247 76 view .LVU1289
 4649 0006 0446     		mov	r4, r0
 4650              	.LVL444:
 4651              	.LBB1159:
 4652              	.LBI1132:
   9:Core/Src/radio/nrf24.c **** 	uint8_t value;
 4653              		.loc 1 9 9 is_stmt 1 view .LVU1290
 4654              	.LBB1156:
  10:Core/Src/radio/nrf24.c **** 
 4655              		.loc 1 10 2 view .LVU1291
  12:Core/Src/radio/nrf24.c **** 	nRF24_LL_RW(nrf, reg & nRF24_MASK_REG_MAP);
 4656              		.loc 1 12 2 view .LVU1292
 4657              	.LBB1138:
 4658              	.LBI1134:
  27:Core/Src/radio/../../Inc/radio/support.h ****     HAL_GPIO_WritePin(nrf->csPort, nrf->csPin, GPIO_PIN_RESET);
 4659              		.loc 2 27 20 view .LVU1293
 4660              	.LBB1136:
  28:Core/Src/radio/../../Inc/radio/support.h **** }
 4661              		.loc 2 28 5 view .LVU1294
 4662              	.LBE1136:
 4663              	.LBE1138:
 4664              	.LBE1156:
 4665              	.LBE1159:
 247:Core/Src/radio/nrf24.c **** 	uint8_t reg;
 4666              		.loc 1 247 76 is_stmt 0 view .LVU1295
 4667 0008 0D46     		mov	r5, r1
 4668              	.LBB1160:
ARM GAS  C:\Users\l1234\AppData\Local\Temp\ccFgEZ6h.s 			page 112


 4669              	.LBB1157:
 4670              	.LBB1139:
 4671              	.LBB1137:
  28:Core/Src/radio/../../Inc/radio/support.h **** }
 4672              		.loc 2 28 5 view .LVU1296
 4673 000a 018A     		ldrh	r1, [r0, #16]
 4674              	.LVL445:
  28:Core/Src/radio/../../Inc/radio/support.h **** }
 4675              		.loc 2 28 5 view .LVU1297
 4676 000c C068     		ldr	r0, [r0, #12]
 4677              	.LVL446:
  28:Core/Src/radio/../../Inc/radio/support.h **** }
 4678              		.loc 2 28 5 view .LVU1298
 4679 000e FFF7FEFF 		bl	HAL_GPIO_WritePin
 4680              	.LVL447:
  28:Core/Src/radio/../../Inc/radio/support.h **** }
 4681              		.loc 2 28 5 view .LVU1299
 4682              	.LBE1137:
 4683              	.LBE1139:
  13:Core/Src/radio/nrf24.c **** 	value = nRF24_LL_RW(nrf, nRF24_CMD_NOP);
 4684              		.loc 1 13 2 is_stmt 1 view .LVU1300
 4685              	.LBB1140:
 4686              	.LBB1141:
  39:Core/Src/radio/../../Inc/radio/support.h ****         Error_Handler();
 4687              		.loc 2 39 8 is_stmt 0 view .LVU1301
 4688 0012 4FF4FA62 		mov	r2, #2000
 4689 0016 1D23     		movs	r3, #29
 4690 0018 0DF10E01 		add	r1, sp, #14
 4691 001c 0092     		str	r2, [sp]
 4692 001e 0DF10F02 		add	r2, sp, #15
 4693 0022 8DF80E30 		strb	r3, [sp, #14]
 4694              	.LVL448:
  39:Core/Src/radio/../../Inc/radio/support.h ****         Error_Handler();
 4695              		.loc 2 39 8 view .LVU1302
 4696              	.LBE1141:
 4697              	.LBI1140:
  36:Core/Src/radio/../../Inc/radio/support.h ****     // Wait until TX buffer is empty
 4698              		.loc 2 36 23 is_stmt 1 view .LVU1303
 4699              	.LBB1142:
  38:Core/Src/radio/../../Inc/radio/support.h ****     if(HAL_SPI_TransmitReceive(nrf->hspi,&data,&result,1,2000)!=HAL_OK) {
 4700              		.loc 2 38 5 view .LVU1304
  39:Core/Src/radio/../../Inc/radio/support.h ****         Error_Handler();
 4701              		.loc 2 39 5 view .LVU1305
  39:Core/Src/radio/../../Inc/radio/support.h ****         Error_Handler();
 4702              		.loc 2 39 8 is_stmt 0 view .LVU1306
 4703 0026 0123     		movs	r3, #1
 4704              	.LVL449:
  39:Core/Src/radio/../../Inc/radio/support.h ****         Error_Handler();
 4705              		.loc 2 39 8 view .LVU1307
 4706 0028 2068     		ldr	r0, [r4]
 4707 002a FFF7FEFF 		bl	HAL_SPI_TransmitReceive
 4708              	.LVL450:
  39:Core/Src/radio/../../Inc/radio/support.h ****         Error_Handler();
 4709              		.loc 2 39 7 view .LVU1308
 4710 002e 0028     		cmp	r0, #0
 4711 0030 40F0BC80 		bne	.L376
 4712              	.L331:
ARM GAS  C:\Users\l1234\AppData\Local\Temp\ccFgEZ6h.s 			page 113


  41:Core/Src/radio/../../Inc/radio/support.h ****     return result;
 4713              		.loc 2 41 6 is_stmt 1 view .LVU1309
 4714              		.loc 2 42 5 view .LVU1310
 4715              	.LVL451:
 4716              		.loc 2 42 5 is_stmt 0 view .LVU1311
 4717              	.LBE1142:
 4718              	.LBE1140:
  14:Core/Src/radio/nrf24.c **** 	nRF24_CSN_H(nrf);
 4719              		.loc 1 14 2 is_stmt 1 view .LVU1312
 4720 0034 FF23     		movs	r3, #255
 4721              	.LBB1144:
 4722              	.LBB1145:
  39:Core/Src/radio/../../Inc/radio/support.h ****         Error_Handler();
 4723              		.loc 2 39 8 is_stmt 0 view .LVU1313
 4724 0036 0DF10F02 		add	r2, sp, #15
 4725 003a 0DF10E01 		add	r1, sp, #14
 4726 003e 8DF80E30 		strb	r3, [sp, #14]
 4727              	.LVL452:
  39:Core/Src/radio/../../Inc/radio/support.h ****         Error_Handler();
 4728              		.loc 2 39 8 view .LVU1314
 4729              	.LBE1145:
 4730              	.LBI1144:
  36:Core/Src/radio/../../Inc/radio/support.h ****     // Wait until TX buffer is empty
 4731              		.loc 2 36 23 is_stmt 1 view .LVU1315
 4732              	.LBB1146:
  38:Core/Src/radio/../../Inc/radio/support.h ****     if(HAL_SPI_TransmitReceive(nrf->hspi,&data,&result,1,2000)!=HAL_OK) {
 4733              		.loc 2 38 5 view .LVU1316
  39:Core/Src/radio/../../Inc/radio/support.h ****         Error_Handler();
 4734              		.loc 2 39 5 view .LVU1317
  39:Core/Src/radio/../../Inc/radio/support.h ****         Error_Handler();
 4735              		.loc 2 39 8 is_stmt 0 view .LVU1318
 4736 0042 4FF4FA63 		mov	r3, #2000
 4737              	.LVL453:
  39:Core/Src/radio/../../Inc/radio/support.h ****         Error_Handler();
 4738              		.loc 2 39 8 view .LVU1319
 4739 0046 0093     		str	r3, [sp]
 4740 0048 0123     		movs	r3, #1
 4741 004a 2068     		ldr	r0, [r4]
 4742 004c FFF7FEFF 		bl	HAL_SPI_TransmitReceive
 4743              	.LVL454:
  39:Core/Src/radio/../../Inc/radio/support.h ****         Error_Handler();
 4744              		.loc 2 39 7 view .LVU1320
 4745 0050 0028     		cmp	r0, #0
 4746 0052 40F0A880 		bne	.L377
 4747              	.L332:
  41:Core/Src/radio/../../Inc/radio/support.h ****     return result;
 4748              		.loc 2 41 6 is_stmt 1 view .LVU1321
 4749              		.loc 2 42 5 view .LVU1322
 4750              	.LBE1146:
 4751              	.LBE1144:
 4752              	.LBB1149:
 4753              	.LBB1150:
  32:Core/Src/radio/../../Inc/radio/support.h **** }
 4754              		.loc 2 32 5 is_stmt 0 view .LVU1323
 4755 0056 0122     		movs	r2, #1
 4756 0058 218A     		ldrh	r1, [r4, #16]
 4757 005a E068     		ldr	r0, [r4, #12]
ARM GAS  C:\Users\l1234\AppData\Local\Temp\ccFgEZ6h.s 			page 114


 4758              	.LBE1150:
 4759              	.LBE1149:
 4760              	.LBB1152:
 4761              	.LBB1147:
 4762              		.loc 2 42 12 view .LVU1324
 4763 005c 9DF80F60 		ldrb	r6, [sp, #15]	@ zero_extendqisi2
 4764              	.LVL455:
 4765              		.loc 2 42 12 view .LVU1325
 4766              	.LBE1147:
 4767              	.LBE1152:
  15:Core/Src/radio/nrf24.c **** 
 4768              		.loc 1 15 2 is_stmt 1 view .LVU1326
 4769              	.LBB1153:
 4770              	.LBI1149:
  31:Core/Src/radio/../../Inc/radio/support.h ****     HAL_GPIO_WritePin(nrf->csPort, nrf->csPin, GPIO_PIN_SET);
 4771              		.loc 2 31 20 view .LVU1327
 4772              	.LBB1151:
  32:Core/Src/radio/../../Inc/radio/support.h **** }
 4773              		.loc 2 32 5 view .LVU1328
 4774 0060 FFF7FEFF 		bl	HAL_GPIO_WritePin
 4775              	.LVL456:
  32:Core/Src/radio/../../Inc/radio/support.h **** }
 4776              		.loc 2 32 5 is_stmt 0 view .LVU1329
 4777              	.LBE1151:
 4778              	.LBE1153:
  17:Core/Src/radio/nrf24.c **** }
 4779              		.loc 1 17 2 is_stmt 1 view .LVU1330
  17:Core/Src/radio/nrf24.c **** }
 4780              		.loc 1 17 2 is_stmt 0 view .LVU1331
 4781              	.LBE1157:
 4782              	.LBE1160:
 250:Core/Src/radio/nrf24.c **** 		nRF24_WriteReg(nrf, nRF24_REG_FEATURE, reg | nRF24_FEATURE_EN_DPL);
 4783              		.loc 1 250 2 is_stmt 1 view .LVU1332
 250:Core/Src/radio/nrf24.c **** 		nRF24_WriteReg(nrf, nRF24_REG_FEATURE, reg | nRF24_FEATURE_EN_DPL);
 4784              		.loc 1 250 4 is_stmt 0 view .LVU1333
 4785 0064 002D     		cmp	r5, #0
 4786 0066 59D0     		beq	.L333
 251:Core/Src/radio/nrf24.c **** 		nRF24_WriteReg(nrf, nRF24_REG_DYNPD, 0x1F);
 4787              		.loc 1 251 3 is_stmt 1 view .LVU1334
 4788              	.LBB1161:
 4789              	.LBB1162:
 4790              	.LBB1163:
 4791              	.LBB1164:
  28:Core/Src/radio/../../Inc/radio/support.h **** }
 4792              		.loc 2 28 5 is_stmt 0 view .LVU1335
 4793 0068 0022     		movs	r2, #0
 4794 006a 218A     		ldrh	r1, [r4, #16]
 4795 006c E068     		ldr	r0, [r4, #12]
 4796              	.LBE1164:
 4797              	.LBE1163:
 4798              	.LBE1162:
 4799              	.LBE1161:
 251:Core/Src/radio/nrf24.c **** 		nRF24_WriteReg(nrf, nRF24_REG_DYNPD, 0x1F);
 4800              		.loc 1 251 3 view .LVU1336
 4801 006e 46F00406 		orr	r6, r6, #4
 4802              	.LVL457:
 4803              	.LBB1181:
ARM GAS  C:\Users\l1234\AppData\Local\Temp\ccFgEZ6h.s 			page 115


 4804              	.LBI1161:
  24:Core/Src/radio/nrf24.c **** 	nRF24_CSN_L(nrf);
 4805              		.loc 1 24 6 is_stmt 1 view .LVU1337
 4806              	.LBB1179:
  25:Core/Src/radio/nrf24.c **** 	if (reg < nRF24_CMD_W_REGISTER) {
 4807              		.loc 1 25 2 view .LVU1338
 4808              	.LBB1166:
 4809              	.LBI1163:
  27:Core/Src/radio/../../Inc/radio/support.h ****     HAL_GPIO_WritePin(nrf->csPort, nrf->csPin, GPIO_PIN_RESET);
 4810              		.loc 2 27 20 view .LVU1339
 4811              	.LBB1165:
  28:Core/Src/radio/../../Inc/radio/support.h **** }
 4812              		.loc 2 28 5 view .LVU1340
 4813 0072 FFF7FEFF 		bl	HAL_GPIO_WritePin
 4814              	.LVL458:
  28:Core/Src/radio/../../Inc/radio/support.h **** }
 4815              		.loc 2 28 5 is_stmt 0 view .LVU1341
 4816              	.LBE1165:
 4817              	.LBE1166:
  26:Core/Src/radio/nrf24.c **** 		// This is a register access
 4818              		.loc 1 26 2 is_stmt 1 view .LVU1342
  28:Core/Src/radio/nrf24.c **** 		nRF24_LL_RW(nrf, value);
 4819              		.loc 1 28 3 view .LVU1343
 4820 0076 3D23     		movs	r3, #61
 4821              	.LBB1167:
 4822              	.LBB1168:
  39:Core/Src/radio/../../Inc/radio/support.h ****         Error_Handler();
 4823              		.loc 2 39 8 is_stmt 0 view .LVU1344
 4824 0078 0DF10F02 		add	r2, sp, #15
 4825 007c 0DF10E01 		add	r1, sp, #14
 4826 0080 8DF80E30 		strb	r3, [sp, #14]
 4827              	.LVL459:
  39:Core/Src/radio/../../Inc/radio/support.h ****         Error_Handler();
 4828              		.loc 2 39 8 view .LVU1345
 4829              	.LBE1168:
 4830              	.LBI1167:
  36:Core/Src/radio/../../Inc/radio/support.h ****     // Wait until TX buffer is empty
 4831              		.loc 2 36 23 is_stmt 1 view .LVU1346
 4832              	.LBB1169:
  38:Core/Src/radio/../../Inc/radio/support.h ****     if(HAL_SPI_TransmitReceive(nrf->hspi,&data,&result,1,2000)!=HAL_OK) {
 4833              		.loc 2 38 5 view .LVU1347
  39:Core/Src/radio/../../Inc/radio/support.h ****         Error_Handler();
 4834              		.loc 2 39 5 view .LVU1348
  39:Core/Src/radio/../../Inc/radio/support.h ****         Error_Handler();
 4835              		.loc 2 39 8 is_stmt 0 view .LVU1349
 4836 0084 4FF4FA63 		mov	r3, #2000
 4837              	.LVL460:
  39:Core/Src/radio/../../Inc/radio/support.h ****         Error_Handler();
 4838              		.loc 2 39 8 view .LVU1350
 4839 0088 0093     		str	r3, [sp]
 4840 008a 0123     		movs	r3, #1
 4841 008c 2068     		ldr	r0, [r4]
 4842 008e FFF7FEFF 		bl	HAL_SPI_TransmitReceive
 4843              	.LVL461:
  39:Core/Src/radio/../../Inc/radio/support.h ****         Error_Handler();
 4844              		.loc 2 39 7 view .LVU1351
 4845 0092 0028     		cmp	r0, #0
ARM GAS  C:\Users\l1234\AppData\Local\Temp\ccFgEZ6h.s 			page 116


 4846 0094 40F09380 		bne	.L378
 4847              	.L334:
  41:Core/Src/radio/../../Inc/radio/support.h ****     return result;
 4848              		.loc 2 41 6 is_stmt 1 view .LVU1352
 4849              		.loc 2 42 5 view .LVU1353
 4850              	.LVL462:
 4851              		.loc 2 42 5 is_stmt 0 view .LVU1354
 4852              	.LBE1169:
 4853              	.LBE1167:
  29:Core/Src/radio/nrf24.c **** 	} else {
 4854              		.loc 1 29 3 is_stmt 1 view .LVU1355
 4855              	.LBB1171:
 4856              	.LBB1172:
  39:Core/Src/radio/../../Inc/radio/support.h ****         Error_Handler();
 4857              		.loc 2 39 8 is_stmt 0 view .LVU1356
 4858 0098 4FF4FA63 		mov	r3, #2000
 4859 009c 0DF10F02 		add	r2, sp, #15
 4860 00a0 0DF10E01 		add	r1, sp, #14
 4861 00a4 8DF80E60 		strb	r6, [sp, #14]
 4862              	.LVL463:
  39:Core/Src/radio/../../Inc/radio/support.h ****         Error_Handler();
 4863              		.loc 2 39 8 view .LVU1357
 4864              	.LBE1172:
 4865              	.LBI1171:
  36:Core/Src/radio/../../Inc/radio/support.h ****     // Wait until TX buffer is empty
 4866              		.loc 2 36 23 is_stmt 1 view .LVU1358
 4867              	.LBB1173:
  38:Core/Src/radio/../../Inc/radio/support.h ****     if(HAL_SPI_TransmitReceive(nrf->hspi,&data,&result,1,2000)!=HAL_OK) {
 4868              		.loc 2 38 5 view .LVU1359
  39:Core/Src/radio/../../Inc/radio/support.h ****         Error_Handler();
 4869              		.loc 2 39 5 view .LVU1360
  39:Core/Src/radio/../../Inc/radio/support.h ****         Error_Handler();
 4870              		.loc 2 39 8 is_stmt 0 view .LVU1361
 4871 00a8 0093     		str	r3, [sp]
 4872 00aa 0123     		movs	r3, #1
 4873 00ac 2068     		ldr	r0, [r4]
 4874 00ae FFF7FEFF 		bl	HAL_SPI_TransmitReceive
 4875              	.LVL464:
  39:Core/Src/radio/../../Inc/radio/support.h ****         Error_Handler();
 4876              		.loc 2 39 7 view .LVU1362
 4877 00b2 0028     		cmp	r0, #0
 4878 00b4 40F08680 		bne	.L379
 4879              	.L335:
  41:Core/Src/radio/../../Inc/radio/support.h ****     return result;
 4880              		.loc 2 41 6 is_stmt 1 view .LVU1363
 4881              		.loc 2 42 5 view .LVU1364
 4882              	.LVL465:
 4883              		.loc 2 42 5 is_stmt 0 view .LVU1365
 4884              	.LBE1173:
 4885              	.LBE1171:
  39:Core/Src/radio/nrf24.c **** }
 4886              		.loc 1 39 2 is_stmt 1 view .LVU1366
 4887              	.LBB1175:
 4888              	.LBI1175:
  31:Core/Src/radio/../../Inc/radio/support.h ****     HAL_GPIO_WritePin(nrf->csPort, nrf->csPin, GPIO_PIN_SET);
 4889              		.loc 2 31 20 view .LVU1367
 4890              	.LBB1176:
ARM GAS  C:\Users\l1234\AppData\Local\Temp\ccFgEZ6h.s 			page 117


  32:Core/Src/radio/../../Inc/radio/support.h **** }
 4891              		.loc 2 32 5 view .LVU1368
 4892 00b8 0122     		movs	r2, #1
 4893 00ba 218A     		ldrh	r1, [r4, #16]
 4894 00bc E068     		ldr	r0, [r4, #12]
 4895 00be FFF7FEFF 		bl	HAL_GPIO_WritePin
 4896              	.LVL466:
  32:Core/Src/radio/../../Inc/radio/support.h **** }
 4897              		.loc 2 32 5 is_stmt 0 view .LVU1369
 4898              	.LBE1176:
 4899              	.LBE1175:
 4900              	.LBE1179:
 4901              	.LBE1181:
 252:Core/Src/radio/nrf24.c **** 	} else {
 4902              		.loc 1 252 3 is_stmt 1 view .LVU1370
 4903              	.LBB1182:
 4904              	.LBI1182:
  24:Core/Src/radio/nrf24.c **** 	nRF24_CSN_L(nrf);
 4905              		.loc 1 24 6 view .LVU1371
 4906              	.LBB1183:
  25:Core/Src/radio/nrf24.c **** 	if (reg < nRF24_CMD_W_REGISTER) {
 4907              		.loc 1 25 2 view .LVU1372
 4908              	.LBB1184:
 4909              	.LBI1184:
  27:Core/Src/radio/../../Inc/radio/support.h ****     HAL_GPIO_WritePin(nrf->csPort, nrf->csPin, GPIO_PIN_RESET);
 4910              		.loc 2 27 20 view .LVU1373
 4911              	.LBB1185:
  28:Core/Src/radio/../../Inc/radio/support.h **** }
 4912              		.loc 2 28 5 view .LVU1374
 4913 00c2 0022     		movs	r2, #0
 4914 00c4 218A     		ldrh	r1, [r4, #16]
 4915 00c6 E068     		ldr	r0, [r4, #12]
 4916 00c8 FFF7FEFF 		bl	HAL_GPIO_WritePin
 4917              	.LVL467:
  28:Core/Src/radio/../../Inc/radio/support.h **** }
 4918              		.loc 2 28 5 is_stmt 0 view .LVU1375
 4919              	.LBE1185:
 4920              	.LBE1184:
  26:Core/Src/radio/nrf24.c **** 		// This is a register access
 4921              		.loc 1 26 2 is_stmt 1 view .LVU1376
  28:Core/Src/radio/nrf24.c **** 		nRF24_LL_RW(nrf, value);
 4922              		.loc 1 28 3 view .LVU1377
 4923              	.LBB1186:
 4924              	.LBB1187:
  39:Core/Src/radio/../../Inc/radio/support.h ****         Error_Handler();
 4925              		.loc 2 39 8 is_stmt 0 view .LVU1378
 4926 00cc 4FF4FA63 		mov	r3, #2000
 4927 00d0 3C22     		movs	r2, #60
 4928 00d2 0DF10E01 		add	r1, sp, #14
 4929 00d6 0093     		str	r3, [sp]
 4930 00d8 0123     		movs	r3, #1
 4931 00da 8DF80E20 		strb	r2, [sp, #14]
 4932              	.LVL468:
  39:Core/Src/radio/../../Inc/radio/support.h ****         Error_Handler();
 4933              		.loc 2 39 8 view .LVU1379
 4934              	.LBE1187:
 4935              	.LBI1186:
ARM GAS  C:\Users\l1234\AppData\Local\Temp\ccFgEZ6h.s 			page 118


  36:Core/Src/radio/../../Inc/radio/support.h ****     // Wait until TX buffer is empty
 4936              		.loc 2 36 23 is_stmt 1 view .LVU1380
 4937              	.LBB1188:
  38:Core/Src/radio/../../Inc/radio/support.h ****     if(HAL_SPI_TransmitReceive(nrf->hspi,&data,&result,1,2000)!=HAL_OK) {
 4938              		.loc 2 38 5 view .LVU1381
  39:Core/Src/radio/../../Inc/radio/support.h ****         Error_Handler();
 4939              		.loc 2 39 5 view .LVU1382
  39:Core/Src/radio/../../Inc/radio/support.h ****         Error_Handler();
 4940              		.loc 2 39 8 is_stmt 0 view .LVU1383
 4941 00de 0DF10F02 		add	r2, sp, #15
 4942              	.LVL469:
  39:Core/Src/radio/../../Inc/radio/support.h ****         Error_Handler();
 4943              		.loc 2 39 8 view .LVU1384
 4944 00e2 2068     		ldr	r0, [r4]
 4945 00e4 FFF7FEFF 		bl	HAL_SPI_TransmitReceive
 4946              	.LVL470:
  39:Core/Src/radio/../../Inc/radio/support.h ****         Error_Handler();
 4947              		.loc 2 39 7 view .LVU1385
 4948 00e8 0028     		cmp	r0, #0
 4949 00ea 6ED1     		bne	.L380
 4950              	.L336:
  41:Core/Src/radio/../../Inc/radio/support.h ****     return result;
 4951              		.loc 2 41 6 is_stmt 1 view .LVU1386
 4952              		.loc 2 42 5 view .LVU1387
 4953              	.LVL471:
 4954              		.loc 2 42 5 is_stmt 0 view .LVU1388
 4955              	.LBE1188:
 4956              	.LBE1186:
  29:Core/Src/radio/nrf24.c **** 	} else {
 4957              		.loc 1 29 3 is_stmt 1 view .LVU1389
 4958              	.LBB1190:
 4959              	.LBB1191:
  39:Core/Src/radio/../../Inc/radio/support.h ****         Error_Handler();
 4960              		.loc 2 39 8 is_stmt 0 view .LVU1390
 4961 00ec 4FF4FA63 		mov	r3, #2000
 4962 00f0 1F20     		movs	r0, #31
 4963              	.LVL472:
 4964              	.L375:
  39:Core/Src/radio/../../Inc/radio/support.h ****         Error_Handler();
 4965              		.loc 2 39 8 view .LVU1391
 4966              	.LBE1191:
 4967              	.LBE1190:
 4968              	.LBE1183:
 4969              	.LBE1182:
 4970              	.LBB1194:
 4971              	.LBB1195:
 4972              	.LBB1196:
 4973              	.LBB1197:
 4974 00f2 0093     		str	r3, [sp]
 4975 00f4 0DF10F02 		add	r2, sp, #15
 4976 00f8 8DF80E00 		strb	r0, [sp, #14]
 4977              	.LVL473:
  39:Core/Src/radio/../../Inc/radio/support.h ****         Error_Handler();
 4978              		.loc 2 39 8 view .LVU1392
 4979              	.LBE1197:
 4980              	.LBI1196:
  36:Core/Src/radio/../../Inc/radio/support.h ****     // Wait until TX buffer is empty
ARM GAS  C:\Users\l1234\AppData\Local\Temp\ccFgEZ6h.s 			page 119


 4981              		.loc 2 36 23 is_stmt 1 view .LVU1393
 4982              	.LBB1198:
  38:Core/Src/radio/../../Inc/radio/support.h ****     if(HAL_SPI_TransmitReceive(nrf->hspi,&data,&result,1,2000)!=HAL_OK) {
 4983              		.loc 2 38 5 view .LVU1394
  39:Core/Src/radio/../../Inc/radio/support.h ****         Error_Handler();
 4984              		.loc 2 39 5 view .LVU1395
  39:Core/Src/radio/../../Inc/radio/support.h ****         Error_Handler();
 4985              		.loc 2 39 8 is_stmt 0 view .LVU1396
 4986 00fc 0DF10E01 		add	r1, sp, #14
 4987 0100 0123     		movs	r3, #1
 4988 0102 2068     		ldr	r0, [r4]
 4989              	.LVL474:
  39:Core/Src/radio/../../Inc/radio/support.h ****         Error_Handler();
 4990              		.loc 2 39 8 view .LVU1397
 4991 0104 FFF7FEFF 		bl	HAL_SPI_TransmitReceive
 4992              	.LVL475:
  39:Core/Src/radio/../../Inc/radio/support.h ****         Error_Handler();
 4993              		.loc 2 39 7 view .LVU1398
 4994 0108 0028     		cmp	r0, #0
 4995 010a 49D1     		bne	.L381
 4996              	.L341:
  41:Core/Src/radio/../../Inc/radio/support.h ****     return result;
 4997              		.loc 2 41 6 is_stmt 1 view .LVU1399
 4998              		.loc 2 42 5 view .LVU1400
 4999              	.LVL476:
 5000              		.loc 2 42 5 is_stmt 0 view .LVU1401
 5001              	.LBE1198:
 5002              	.LBE1196:
  39:Core/Src/radio/nrf24.c **** }
 5003              		.loc 1 39 2 is_stmt 1 view .LVU1402
 5004              	.LBB1201:
 5005              	.LBI1201:
  31:Core/Src/radio/../../Inc/radio/support.h ****     HAL_GPIO_WritePin(nrf->csPort, nrf->csPin, GPIO_PIN_SET);
 5006              		.loc 2 31 20 view .LVU1403
 5007              	.LBB1202:
  32:Core/Src/radio/../../Inc/radio/support.h **** }
 5008              		.loc 2 32 5 view .LVU1404
 5009 010c 0122     		movs	r2, #1
 5010 010e 218A     		ldrh	r1, [r4, #16]
 5011 0110 E068     		ldr	r0, [r4, #12]
 5012              	.LBE1202:
 5013              	.LBE1201:
 5014              	.LBE1195:
 5015              	.LBE1194:
 257:Core/Src/radio/nrf24.c **** 
 5016              		.loc 1 257 1 is_stmt 0 view .LVU1405
 5017 0112 04B0     		add	sp, sp, #16
 5018              	.LCFI36:
 5019              		.cfi_remember_state
 5020              		.cfi_def_cfa_offset 16
 5021              		@ sp needed
 5022 0114 BDE87040 		pop	{r4, r5, r6, lr}
 5023              	.LCFI37:
 5024              		.cfi_restore 14
 5025              		.cfi_restore 6
 5026              		.cfi_restore 5
 5027              		.cfi_restore 4
ARM GAS  C:\Users\l1234\AppData\Local\Temp\ccFgEZ6h.s 			page 120


 5028              		.cfi_def_cfa_offset 0
 5029              	.LVL477:
 5030              	.LBB1217:
 5031              	.LBB1214:
 5032              	.LBB1204:
 5033              	.LBB1203:
  32:Core/Src/radio/../../Inc/radio/support.h **** }
 5034              		.loc 2 32 5 view .LVU1406
 5035 0118 FFF7FEBF 		b	HAL_GPIO_WritePin
 5036              	.LVL478:
 5037              	.L333:
 5038              	.LCFI38:
 5039              		.cfi_restore_state
  32:Core/Src/radio/../../Inc/radio/support.h **** }
 5040              		.loc 2 32 5 view .LVU1407
 5041              	.LBE1203:
 5042              	.LBE1204:
 5043              	.LBE1214:
 5044              	.LBE1217:
 254:Core/Src/radio/nrf24.c **** 		nRF24_WriteReg(nrf, nRF24_REG_DYNPD, 0x0);
 5045              		.loc 1 254 3 is_stmt 1 view .LVU1408
 5046              	.LBB1218:
 5047              	.LBB1219:
 5048              	.LBB1220:
 5049              	.LBB1221:
  28:Core/Src/radio/../../Inc/radio/support.h **** }
 5050              		.loc 2 28 5 is_stmt 0 view .LVU1409
 5051 011c 2A46     		mov	r2, r5
 5052 011e 218A     		ldrh	r1, [r4, #16]
 5053 0120 E068     		ldr	r0, [r4, #12]
 5054              	.LBE1221:
 5055              	.LBE1220:
 5056              	.LBE1219:
 5057              	.LBE1218:
 254:Core/Src/radio/nrf24.c **** 		nRF24_WriteReg(nrf, nRF24_REG_DYNPD, 0x0);
 5058              		.loc 1 254 3 view .LVU1410
 5059 0122 06F0FB06 		and	r6, r6, #251
 5060              	.LVL479:
 5061              	.LBB1238:
 5062              	.LBI1218:
  24:Core/Src/radio/nrf24.c **** 	nRF24_CSN_L(nrf);
 5063              		.loc 1 24 6 is_stmt 1 view .LVU1411
 5064              	.LBB1236:
  25:Core/Src/radio/nrf24.c **** 	if (reg < nRF24_CMD_W_REGISTER) {
 5065              		.loc 1 25 2 view .LVU1412
 5066              	.LBB1223:
 5067              	.LBI1220:
  27:Core/Src/radio/../../Inc/radio/support.h ****     HAL_GPIO_WritePin(nrf->csPort, nrf->csPin, GPIO_PIN_RESET);
 5068              		.loc 2 27 20 view .LVU1413
 5069              	.LBB1222:
  28:Core/Src/radio/../../Inc/radio/support.h **** }
 5070              		.loc 2 28 5 view .LVU1414
 5071 0126 FFF7FEFF 		bl	HAL_GPIO_WritePin
 5072              	.LVL480:
  28:Core/Src/radio/../../Inc/radio/support.h **** }
 5073              		.loc 2 28 5 is_stmt 0 view .LVU1415
 5074              	.LBE1222:
ARM GAS  C:\Users\l1234\AppData\Local\Temp\ccFgEZ6h.s 			page 121


 5075              	.LBE1223:
  26:Core/Src/radio/nrf24.c **** 		// This is a register access
 5076              		.loc 1 26 2 is_stmt 1 view .LVU1416
  28:Core/Src/radio/nrf24.c **** 		nRF24_LL_RW(nrf, value);
 5077              		.loc 1 28 3 view .LVU1417
 5078 012a 3D23     		movs	r3, #61
 5079              	.LBB1224:
 5080              	.LBB1225:
  39:Core/Src/radio/../../Inc/radio/support.h ****         Error_Handler();
 5081              		.loc 2 39 8 is_stmt 0 view .LVU1418
 5082 012c 0DF10F02 		add	r2, sp, #15
 5083 0130 0DF10E01 		add	r1, sp, #14
 5084 0134 8DF80E30 		strb	r3, [sp, #14]
 5085              	.LVL481:
  39:Core/Src/radio/../../Inc/radio/support.h ****         Error_Handler();
 5086              		.loc 2 39 8 view .LVU1419
 5087              	.LBE1225:
 5088              	.LBI1224:
  36:Core/Src/radio/../../Inc/radio/support.h ****     // Wait until TX buffer is empty
 5089              		.loc 2 36 23 is_stmt 1 view .LVU1420
 5090              	.LBB1226:
  38:Core/Src/radio/../../Inc/radio/support.h ****     if(HAL_SPI_TransmitReceive(nrf->hspi,&data,&result,1,2000)!=HAL_OK) {
 5091              		.loc 2 38 5 view .LVU1421
  39:Core/Src/radio/../../Inc/radio/support.h ****         Error_Handler();
 5092              		.loc 2 39 5 view .LVU1422
  39:Core/Src/radio/../../Inc/radio/support.h ****         Error_Handler();
 5093              		.loc 2 39 8 is_stmt 0 view .LVU1423
 5094 0138 4FF4FA63 		mov	r3, #2000
 5095              	.LVL482:
  39:Core/Src/radio/../../Inc/radio/support.h ****         Error_Handler();
 5096              		.loc 2 39 8 view .LVU1424
 5097 013c 0093     		str	r3, [sp]
 5098 013e 0123     		movs	r3, #1
 5099 0140 2068     		ldr	r0, [r4]
 5100 0142 FFF7FEFF 		bl	HAL_SPI_TransmitReceive
 5101              	.LVL483:
  39:Core/Src/radio/../../Inc/radio/support.h ****         Error_Handler();
 5102              		.loc 2 39 7 view .LVU1425
 5103 0146 0028     		cmp	r0, #0
 5104 0148 42D1     		bne	.L382
 5105              	.L338:
  41:Core/Src/radio/../../Inc/radio/support.h ****     return result;
 5106              		.loc 2 41 6 is_stmt 1 view .LVU1426
 5107              		.loc 2 42 5 view .LVU1427
 5108              	.LVL484:
 5109              		.loc 2 42 5 is_stmt 0 view .LVU1428
 5110              	.LBE1226:
 5111              	.LBE1224:
  29:Core/Src/radio/nrf24.c **** 	} else {
 5112              		.loc 1 29 3 is_stmt 1 view .LVU1429
 5113              	.LBB1228:
 5114              	.LBB1229:
  39:Core/Src/radio/../../Inc/radio/support.h ****         Error_Handler();
 5115              		.loc 2 39 8 is_stmt 0 view .LVU1430
 5116 014a 4FF4FA63 		mov	r3, #2000
 5117 014e 0DF10F02 		add	r2, sp, #15
 5118 0152 0DF10E01 		add	r1, sp, #14
ARM GAS  C:\Users\l1234\AppData\Local\Temp\ccFgEZ6h.s 			page 122


 5119 0156 8DF80E60 		strb	r6, [sp, #14]
 5120              	.LVL485:
  39:Core/Src/radio/../../Inc/radio/support.h ****         Error_Handler();
 5121              		.loc 2 39 8 view .LVU1431
 5122              	.LBE1229:
 5123              	.LBI1228:
  36:Core/Src/radio/../../Inc/radio/support.h ****     // Wait until TX buffer is empty
 5124              		.loc 2 36 23 is_stmt 1 view .LVU1432
 5125              	.LBB1230:
  38:Core/Src/radio/../../Inc/radio/support.h ****     if(HAL_SPI_TransmitReceive(nrf->hspi,&data,&result,1,2000)!=HAL_OK) {
 5126              		.loc 2 38 5 view .LVU1433
  39:Core/Src/radio/../../Inc/radio/support.h ****         Error_Handler();
 5127              		.loc 2 39 5 view .LVU1434
  39:Core/Src/radio/../../Inc/radio/support.h ****         Error_Handler();
 5128              		.loc 2 39 8 is_stmt 0 view .LVU1435
 5129 015a 0093     		str	r3, [sp]
 5130 015c 0123     		movs	r3, #1
 5131 015e 2068     		ldr	r0, [r4]
 5132 0160 FFF7FEFF 		bl	HAL_SPI_TransmitReceive
 5133              	.LVL486:
  39:Core/Src/radio/../../Inc/radio/support.h ****         Error_Handler();
 5134              		.loc 2 39 7 view .LVU1436
 5135 0164 B8BB     		cbnz	r0, .L383
 5136              	.L339:
  41:Core/Src/radio/../../Inc/radio/support.h ****     return result;
 5137              		.loc 2 41 6 is_stmt 1 view .LVU1437
 5138              		.loc 2 42 5 view .LVU1438
 5139              	.LVL487:
 5140              		.loc 2 42 5 is_stmt 0 view .LVU1439
 5141              	.LBE1230:
 5142              	.LBE1228:
  39:Core/Src/radio/nrf24.c **** }
 5143              		.loc 1 39 2 is_stmt 1 view .LVU1440
 5144              	.LBB1232:
 5145              	.LBI1232:
  31:Core/Src/radio/../../Inc/radio/support.h ****     HAL_GPIO_WritePin(nrf->csPort, nrf->csPin, GPIO_PIN_SET);
 5146              		.loc 2 31 20 view .LVU1441
 5147              	.LBB1233:
  32:Core/Src/radio/../../Inc/radio/support.h **** }
 5148              		.loc 2 32 5 view .LVU1442
 5149 0166 0122     		movs	r2, #1
 5150 0168 218A     		ldrh	r1, [r4, #16]
 5151 016a E068     		ldr	r0, [r4, #12]
 5152 016c FFF7FEFF 		bl	HAL_GPIO_WritePin
 5153              	.LVL488:
  32:Core/Src/radio/../../Inc/radio/support.h **** }
 5154              		.loc 2 32 5 is_stmt 0 view .LVU1443
 5155              	.LBE1233:
 5156              	.LBE1232:
 5157              	.LBE1236:
 5158              	.LBE1238:
 255:Core/Src/radio/nrf24.c **** 	}
 5159              		.loc 1 255 3 is_stmt 1 view .LVU1444
 5160              	.LBB1239:
 5161              	.LBI1194:
  24:Core/Src/radio/nrf24.c **** 	nRF24_CSN_L(nrf);
 5162              		.loc 1 24 6 view .LVU1445
ARM GAS  C:\Users\l1234\AppData\Local\Temp\ccFgEZ6h.s 			page 123


 5163              	.LBB1215:
  25:Core/Src/radio/nrf24.c **** 	if (reg < nRF24_CMD_W_REGISTER) {
 5164              		.loc 1 25 2 view .LVU1446
 5165              	.LBB1205:
 5166              	.LBI1205:
  27:Core/Src/radio/../../Inc/radio/support.h ****     HAL_GPIO_WritePin(nrf->csPort, nrf->csPin, GPIO_PIN_RESET);
 5167              		.loc 2 27 20 view .LVU1447
 5168              	.LBB1206:
  28:Core/Src/radio/../../Inc/radio/support.h **** }
 5169              		.loc 2 28 5 view .LVU1448
 5170 0170 0022     		movs	r2, #0
 5171 0172 218A     		ldrh	r1, [r4, #16]
 5172 0174 E068     		ldr	r0, [r4, #12]
 5173 0176 FFF7FEFF 		bl	HAL_GPIO_WritePin
 5174              	.LVL489:
  28:Core/Src/radio/../../Inc/radio/support.h **** }
 5175              		.loc 2 28 5 is_stmt 0 view .LVU1449
 5176              	.LBE1206:
 5177              	.LBE1205:
  26:Core/Src/radio/nrf24.c **** 		// This is a register access
 5178              		.loc 1 26 2 is_stmt 1 view .LVU1450
  28:Core/Src/radio/nrf24.c **** 		nRF24_LL_RW(nrf, value);
 5179              		.loc 1 28 3 view .LVU1451
 5180              	.LBB1207:
 5181              	.LBB1208:
  39:Core/Src/radio/../../Inc/radio/support.h ****         Error_Handler();
 5182              		.loc 2 39 8 is_stmt 0 view .LVU1452
 5183 017a 4FF4FA63 		mov	r3, #2000
 5184 017e 3C22     		movs	r2, #60
 5185 0180 0DF10E01 		add	r1, sp, #14
 5186 0184 0093     		str	r3, [sp]
 5187 0186 0123     		movs	r3, #1
 5188 0188 8DF80E20 		strb	r2, [sp, #14]
 5189              	.LVL490:
  39:Core/Src/radio/../../Inc/radio/support.h ****         Error_Handler();
 5190              		.loc 2 39 8 view .LVU1453
 5191              	.LBE1208:
 5192              	.LBI1207:
  36:Core/Src/radio/../../Inc/radio/support.h ****     // Wait until TX buffer is empty
 5193              		.loc 2 36 23 is_stmt 1 view .LVU1454
 5194              	.LBB1209:
  38:Core/Src/radio/../../Inc/radio/support.h ****     if(HAL_SPI_TransmitReceive(nrf->hspi,&data,&result,1,2000)!=HAL_OK) {
 5195              		.loc 2 38 5 view .LVU1455
  39:Core/Src/radio/../../Inc/radio/support.h ****         Error_Handler();
 5196              		.loc 2 39 5 view .LVU1456
  39:Core/Src/radio/../../Inc/radio/support.h ****         Error_Handler();
 5197              		.loc 2 39 8 is_stmt 0 view .LVU1457
 5198 018c 0DF10F02 		add	r2, sp, #15
 5199              	.LVL491:
  39:Core/Src/radio/../../Inc/radio/support.h ****         Error_Handler();
 5200              		.loc 2 39 8 view .LVU1458
 5201 0190 2068     		ldr	r0, [r4]
 5202 0192 FFF7FEFF 		bl	HAL_SPI_TransmitReceive
 5203              	.LVL492:
  39:Core/Src/radio/../../Inc/radio/support.h ****         Error_Handler();
 5204              		.loc 2 39 7 view .LVU1459
 5205 0196 60B9     		cbnz	r0, .L384
ARM GAS  C:\Users\l1234\AppData\Local\Temp\ccFgEZ6h.s 			page 124


  41:Core/Src/radio/../../Inc/radio/support.h ****     return result;
 5206              		.loc 2 41 6 is_stmt 1 view .LVU1460
 5207              		.loc 2 42 5 view .LVU1461
 5208              	.LVL493:
 5209              		.loc 2 42 5 is_stmt 0 view .LVU1462
 5210              	.LBE1209:
 5211              	.LBE1207:
  29:Core/Src/radio/nrf24.c **** 	} else {
 5212              		.loc 1 29 3 is_stmt 1 view .LVU1463
 5213              	.LBB1211:
 5214              	.LBB1199:
  39:Core/Src/radio/../../Inc/radio/support.h ****         Error_Handler();
 5215              		.loc 2 39 8 is_stmt 0 view .LVU1464
 5216 0198 4FF4FA63 		mov	r3, #2000
 5217 019c 0020     		movs	r0, #0
 5218 019e A8E7     		b	.L375
 5219              	.LVL494:
 5220              	.L381:
  40:Core/Src/radio/../../Inc/radio/support.h ****     };
 5221              		.loc 2 40 9 is_stmt 1 view .LVU1465
 5222 01a0 FFF7FEFF 		bl	Error_Handler
 5223              	.LVL495:
 5224 01a4 B2E7     		b	.L341
 5225              	.LVL496:
 5226              	.L377:
  40:Core/Src/radio/../../Inc/radio/support.h ****     };
 5227              		.loc 2 40 9 is_stmt 0 view .LVU1466
 5228              	.LBE1199:
 5229              	.LBE1211:
 5230              	.LBE1215:
 5231              	.LBE1239:
 5232              	.LBB1240:
 5233              	.LBB1158:
 5234              	.LBB1154:
 5235              	.LBB1148:
  40:Core/Src/radio/../../Inc/radio/support.h ****     };
 5236              		.loc 2 40 9 is_stmt 1 view .LVU1467
 5237 01a6 FFF7FEFF 		bl	Error_Handler
 5238              	.LVL497:
 5239 01aa 54E7     		b	.L332
 5240              	.LVL498:
 5241              	.L376:
  40:Core/Src/radio/../../Inc/radio/support.h ****     };
 5242              		.loc 2 40 9 is_stmt 0 view .LVU1468
 5243              	.LBE1148:
 5244              	.LBE1154:
 5245              	.LBB1155:
 5246              	.LBB1143:
  40:Core/Src/radio/../../Inc/radio/support.h ****     };
 5247              		.loc 2 40 9 is_stmt 1 view .LVU1469
 5248 01ac FFF7FEFF 		bl	Error_Handler
 5249              	.LVL499:
 5250 01b0 40E7     		b	.L331
 5251              	.LVL500:
 5252              	.L384:
  40:Core/Src/radio/../../Inc/radio/support.h ****     };
 5253              		.loc 2 40 9 is_stmt 0 view .LVU1470
ARM GAS  C:\Users\l1234\AppData\Local\Temp\ccFgEZ6h.s 			page 125


 5254              	.LBE1143:
 5255              	.LBE1155:
 5256              	.LBE1158:
 5257              	.LBE1240:
 5258              	.LBB1241:
 5259              	.LBB1216:
 5260              	.LBB1212:
 5261              	.LBB1210:
  40:Core/Src/radio/../../Inc/radio/support.h ****     };
 5262              		.loc 2 40 9 is_stmt 1 view .LVU1471
 5263 01b2 FFF7FEFF 		bl	Error_Handler
 5264              	.LVL501:
  41:Core/Src/radio/../../Inc/radio/support.h ****     return result;
 5265              		.loc 2 41 6 view .LVU1472
 5266              		.loc 2 42 5 view .LVU1473
 5267              		.loc 2 42 5 is_stmt 0 view .LVU1474
 5268              	.LBE1210:
 5269              	.LBE1212:
  29:Core/Src/radio/nrf24.c **** 	} else {
 5270              		.loc 1 29 3 is_stmt 1 view .LVU1475
 5271              	.LBB1213:
 5272              	.LBB1200:
  39:Core/Src/radio/../../Inc/radio/support.h ****         Error_Handler();
 5273              		.loc 2 39 8 is_stmt 0 view .LVU1476
 5274 01b6 4FF4FA63 		mov	r3, #2000
 5275 01ba 0020     		movs	r0, #0
 5276 01bc 99E7     		b	.L375
 5277              	.LVL502:
 5278              	.L378:
  39:Core/Src/radio/../../Inc/radio/support.h ****         Error_Handler();
 5279              		.loc 2 39 8 view .LVU1477
 5280              	.LBE1200:
 5281              	.LBE1213:
 5282              	.LBE1216:
 5283              	.LBE1241:
 5284              	.LBB1242:
 5285              	.LBB1180:
 5286              	.LBB1177:
 5287              	.LBB1170:
  40:Core/Src/radio/../../Inc/radio/support.h ****     };
 5288              		.loc 2 40 9 is_stmt 1 view .LVU1478
 5289 01be FFF7FEFF 		bl	Error_Handler
 5290              	.LVL503:
 5291 01c2 69E7     		b	.L334
 5292              	.LVL504:
 5293              	.L379:
  40:Core/Src/radio/../../Inc/radio/support.h ****     };
 5294              		.loc 2 40 9 is_stmt 0 view .LVU1479
 5295              	.LBE1170:
 5296              	.LBE1177:
 5297              	.LBB1178:
 5298              	.LBB1174:
  40:Core/Src/radio/../../Inc/radio/support.h ****     };
 5299              		.loc 2 40 9 is_stmt 1 view .LVU1480
 5300 01c4 FFF7FEFF 		bl	Error_Handler
 5301              	.LVL505:
 5302 01c8 76E7     		b	.L335
ARM GAS  C:\Users\l1234\AppData\Local\Temp\ccFgEZ6h.s 			page 126


 5303              	.LVL506:
 5304              	.L380:
  40:Core/Src/radio/../../Inc/radio/support.h ****     };
 5305              		.loc 2 40 9 is_stmt 0 view .LVU1481
 5306              	.LBE1174:
 5307              	.LBE1178:
 5308              	.LBE1180:
 5309              	.LBE1242:
 5310              	.LBB1243:
 5311              	.LBB1193:
 5312              	.LBB1192:
 5313              	.LBB1189:
  40:Core/Src/radio/../../Inc/radio/support.h ****     };
 5314              		.loc 2 40 9 is_stmt 1 view .LVU1482
 5315 01ca FFF7FEFF 		bl	Error_Handler
 5316              	.LVL507:
 5317 01ce 8DE7     		b	.L336
 5318              	.LVL508:
 5319              	.L382:
  40:Core/Src/radio/../../Inc/radio/support.h ****     };
 5320              		.loc 2 40 9 is_stmt 0 view .LVU1483
 5321              	.LBE1189:
 5322              	.LBE1192:
 5323              	.LBE1193:
 5324              	.LBE1243:
 5325              	.LBB1244:
 5326              	.LBB1237:
 5327              	.LBB1234:
 5328              	.LBB1227:
  40:Core/Src/radio/../../Inc/radio/support.h ****     };
 5329              		.loc 2 40 9 is_stmt 1 view .LVU1484
 5330 01d0 FFF7FEFF 		bl	Error_Handler
 5331              	.LVL509:
 5332 01d4 B9E7     		b	.L338
 5333              	.LVL510:
 5334              	.L383:
  40:Core/Src/radio/../../Inc/radio/support.h ****     };
 5335              		.loc 2 40 9 is_stmt 0 view .LVU1485
 5336              	.LBE1227:
 5337              	.LBE1234:
 5338              	.LBB1235:
 5339              	.LBB1231:
  40:Core/Src/radio/../../Inc/radio/support.h ****     };
 5340              		.loc 2 40 9 is_stmt 1 view .LVU1486
 5341 01d6 FFF7FEFF 		bl	Error_Handler
 5342              	.LVL511:
 5343 01da C4E7     		b	.L339
 5344              	.LBE1231:
 5345              	.LBE1235:
 5346              	.LBE1237:
 5347              	.LBE1244:
 5348              		.cfi_endproc
 5349              	.LFE160:
 5351              		.section	.text.nRF24_SetPayloadWithAck,"ax",%progbits
 5352              		.align	1
 5353              		.p2align 2,,3
 5354              		.global	nRF24_SetPayloadWithAck
ARM GAS  C:\Users\l1234\AppData\Local\Temp\ccFgEZ6h.s 			page 127


 5355              		.syntax unified
 5356              		.thumb
 5357              		.thumb_func
 5359              	nRF24_SetPayloadWithAck:
 5360              	.LVL512:
 5361              	.LFB161:
 262:Core/Src/radio/nrf24.c **** 	uint8_t reg;
 5362              		.loc 1 262 70 view -0
 5363              		.cfi_startproc
 5364              		@ args = 0, pretend = 0, frame = 8
 5365              		@ frame_needed = 0, uses_anonymous_args = 0
 263:Core/Src/radio/nrf24.c **** 	reg  = nRF24_ReadReg(nrf, nRF24_REG_FEATURE);
 5366              		.loc 1 263 2 view .LVU1488
 264:Core/Src/radio/nrf24.c **** 	if(mode) {
 5367              		.loc 1 264 2 view .LVU1489
 262:Core/Src/radio/nrf24.c **** 	uint8_t reg;
 5368              		.loc 1 262 70 is_stmt 0 view .LVU1490
 5369 0000 70B5     		push	{r4, r5, r6, lr}
 5370              	.LCFI39:
 5371              		.cfi_def_cfa_offset 16
 5372              		.cfi_offset 4, -16
 5373              		.cfi_offset 5, -12
 5374              		.cfi_offset 6, -8
 5375              		.cfi_offset 14, -4
 5376              	.LBB1283:
 5377              	.LBB1284:
 5378              	.LBB1285:
 5379              	.LBB1286:
  28:Core/Src/radio/../../Inc/radio/support.h **** }
 5380              		.loc 2 28 5 view .LVU1491
 5381 0002 0022     		movs	r2, #0
 5382              	.LBE1286:
 5383              	.LBE1285:
 5384              	.LBE1284:
 5385              	.LBE1283:
 262:Core/Src/radio/nrf24.c **** 	uint8_t reg;
 5386              		.loc 1 262 70 view .LVU1492
 5387 0004 84B0     		sub	sp, sp, #16
 5388              	.LCFI40:
 5389              		.cfi_def_cfa_offset 32
 262:Core/Src/radio/nrf24.c **** 	uint8_t reg;
 5390              		.loc 1 262 70 view .LVU1493
 5391 0006 0446     		mov	r4, r0
 5392              	.LVL513:
 5393              	.LBB1311:
 5394              	.LBI1283:
   9:Core/Src/radio/nrf24.c **** 	uint8_t value;
 5395              		.loc 1 9 9 is_stmt 1 view .LVU1494
 5396              	.LBB1307:
  10:Core/Src/radio/nrf24.c **** 
 5397              		.loc 1 10 2 view .LVU1495
  12:Core/Src/radio/nrf24.c **** 	nRF24_LL_RW(nrf, reg & nRF24_MASK_REG_MAP);
 5398              		.loc 1 12 2 view .LVU1496
 5399              	.LBB1289:
 5400              	.LBI1285:
  27:Core/Src/radio/../../Inc/radio/support.h ****     HAL_GPIO_WritePin(nrf->csPort, nrf->csPin, GPIO_PIN_RESET);
 5401              		.loc 2 27 20 view .LVU1497
ARM GAS  C:\Users\l1234\AppData\Local\Temp\ccFgEZ6h.s 			page 128


 5402              	.LBB1287:
  28:Core/Src/radio/../../Inc/radio/support.h **** }
 5403              		.loc 2 28 5 view .LVU1498
 5404              	.LBE1287:
 5405              	.LBE1289:
 5406              	.LBE1307:
 5407              	.LBE1311:
 262:Core/Src/radio/nrf24.c **** 	uint8_t reg;
 5408              		.loc 1 262 70 is_stmt 0 view .LVU1499
 5409 0008 0D46     		mov	r5, r1
 5410              	.LBB1312:
 5411              	.LBB1308:
 5412              	.LBB1290:
 5413              	.LBB1288:
  28:Core/Src/radio/../../Inc/radio/support.h **** }
 5414              		.loc 2 28 5 view .LVU1500
 5415 000a 018A     		ldrh	r1, [r0, #16]
 5416              	.LVL514:
  28:Core/Src/radio/../../Inc/radio/support.h **** }
 5417              		.loc 2 28 5 view .LVU1501
 5418 000c C068     		ldr	r0, [r0, #12]
 5419              	.LVL515:
  28:Core/Src/radio/../../Inc/radio/support.h **** }
 5420              		.loc 2 28 5 view .LVU1502
 5421 000e FFF7FEFF 		bl	HAL_GPIO_WritePin
 5422              	.LVL516:
  28:Core/Src/radio/../../Inc/radio/support.h **** }
 5423              		.loc 2 28 5 view .LVU1503
 5424              	.LBE1288:
 5425              	.LBE1290:
  13:Core/Src/radio/nrf24.c **** 	value = nRF24_LL_RW(nrf, nRF24_CMD_NOP);
 5426              		.loc 1 13 2 is_stmt 1 view .LVU1504
 5427              	.LBB1291:
 5428              	.LBB1292:
  39:Core/Src/radio/../../Inc/radio/support.h ****         Error_Handler();
 5429              		.loc 2 39 8 is_stmt 0 view .LVU1505
 5430 0012 4FF4FA62 		mov	r2, #2000
 5431 0016 1D23     		movs	r3, #29
 5432 0018 0DF10E01 		add	r1, sp, #14
 5433 001c 0092     		str	r2, [sp]
 5434 001e 0DF10F02 		add	r2, sp, #15
 5435 0022 8DF80E30 		strb	r3, [sp, #14]
 5436              	.LVL517:
  39:Core/Src/radio/../../Inc/radio/support.h ****         Error_Handler();
 5437              		.loc 2 39 8 view .LVU1506
 5438              	.LBE1292:
 5439              	.LBI1291:
  36:Core/Src/radio/../../Inc/radio/support.h ****     // Wait until TX buffer is empty
 5440              		.loc 2 36 23 is_stmt 1 view .LVU1507
 5441              	.LBB1293:
  38:Core/Src/radio/../../Inc/radio/support.h ****     if(HAL_SPI_TransmitReceive(nrf->hspi,&data,&result,1,2000)!=HAL_OK) {
 5442              		.loc 2 38 5 view .LVU1508
  39:Core/Src/radio/../../Inc/radio/support.h ****         Error_Handler();
 5443              		.loc 2 39 5 view .LVU1509
  39:Core/Src/radio/../../Inc/radio/support.h ****         Error_Handler();
 5444              		.loc 2 39 8 is_stmt 0 view .LVU1510
 5445 0026 0123     		movs	r3, #1
ARM GAS  C:\Users\l1234\AppData\Local\Temp\ccFgEZ6h.s 			page 129


 5446              	.LVL518:
  39:Core/Src/radio/../../Inc/radio/support.h ****         Error_Handler();
 5447              		.loc 2 39 8 view .LVU1511
 5448 0028 2068     		ldr	r0, [r4]
 5449 002a FFF7FEFF 		bl	HAL_SPI_TransmitReceive
 5450              	.LVL519:
  39:Core/Src/radio/../../Inc/radio/support.h ****         Error_Handler();
 5451              		.loc 2 39 7 view .LVU1512
 5452 002e 0028     		cmp	r0, #0
 5453 0030 47D1     		bne	.L417
 5454              	.L386:
  41:Core/Src/radio/../../Inc/radio/support.h ****     return result;
 5455              		.loc 2 41 6 is_stmt 1 view .LVU1513
 5456              		.loc 2 42 5 view .LVU1514
 5457              	.LVL520:
 5458              		.loc 2 42 5 is_stmt 0 view .LVU1515
 5459              	.LBE1293:
 5460              	.LBE1291:
  14:Core/Src/radio/nrf24.c **** 	nRF24_CSN_H(nrf);
 5461              		.loc 1 14 2 is_stmt 1 view .LVU1516
 5462 0032 FF23     		movs	r3, #255
 5463              	.LBB1295:
 5464              	.LBB1296:
  39:Core/Src/radio/../../Inc/radio/support.h ****         Error_Handler();
 5465              		.loc 2 39 8 is_stmt 0 view .LVU1517
 5466 0034 0DF10F02 		add	r2, sp, #15
 5467 0038 0DF10E01 		add	r1, sp, #14
 5468 003c 8DF80E30 		strb	r3, [sp, #14]
 5469              	.LVL521:
  39:Core/Src/radio/../../Inc/radio/support.h ****         Error_Handler();
 5470              		.loc 2 39 8 view .LVU1518
 5471              	.LBE1296:
 5472              	.LBI1295:
  36:Core/Src/radio/../../Inc/radio/support.h ****     // Wait until TX buffer is empty
 5473              		.loc 2 36 23 is_stmt 1 view .LVU1519
 5474              	.LBB1297:
  38:Core/Src/radio/../../Inc/radio/support.h ****     if(HAL_SPI_TransmitReceive(nrf->hspi,&data,&result,1,2000)!=HAL_OK) {
 5475              		.loc 2 38 5 view .LVU1520
  39:Core/Src/radio/../../Inc/radio/support.h ****         Error_Handler();
 5476              		.loc 2 39 5 view .LVU1521
  39:Core/Src/radio/../../Inc/radio/support.h ****         Error_Handler();
 5477              		.loc 2 39 8 is_stmt 0 view .LVU1522
 5478 0040 4FF4FA63 		mov	r3, #2000
 5479              	.LVL522:
  39:Core/Src/radio/../../Inc/radio/support.h ****         Error_Handler();
 5480              		.loc 2 39 8 view .LVU1523
 5481 0044 0093     		str	r3, [sp]
 5482 0046 0123     		movs	r3, #1
 5483 0048 2068     		ldr	r0, [r4]
 5484 004a FFF7FEFF 		bl	HAL_SPI_TransmitReceive
 5485              	.LVL523:
  39:Core/Src/radio/../../Inc/radio/support.h ****         Error_Handler();
 5486              		.loc 2 39 7 view .LVU1524
 5487 004e 0028     		cmp	r0, #0
 5488 0050 40D1     		bne	.L418
 5489              	.L387:
  41:Core/Src/radio/../../Inc/radio/support.h ****     return result;
ARM GAS  C:\Users\l1234\AppData\Local\Temp\ccFgEZ6h.s 			page 130


 5490              		.loc 2 41 6 is_stmt 1 view .LVU1525
 5491              		.loc 2 42 5 view .LVU1526
 5492              	.LBE1297:
 5493              	.LBE1295:
 5494              	.LBB1300:
 5495              	.LBB1301:
  32:Core/Src/radio/../../Inc/radio/support.h **** }
 5496              		.loc 2 32 5 is_stmt 0 view .LVU1527
 5497 0052 0122     		movs	r2, #1
 5498 0054 218A     		ldrh	r1, [r4, #16]
 5499 0056 E068     		ldr	r0, [r4, #12]
 5500              	.LBE1301:
 5501              	.LBE1300:
 5502              	.LBB1303:
 5503              	.LBB1298:
 5504              		.loc 2 42 12 view .LVU1528
 5505 0058 9DF80F60 		ldrb	r6, [sp, #15]	@ zero_extendqisi2
 5506              	.LVL524:
 5507              		.loc 2 42 12 view .LVU1529
 5508              	.LBE1298:
 5509              	.LBE1303:
  15:Core/Src/radio/nrf24.c **** 
 5510              		.loc 1 15 2 is_stmt 1 view .LVU1530
 5511              	.LBB1304:
 5512              	.LBI1300:
  31:Core/Src/radio/../../Inc/radio/support.h ****     HAL_GPIO_WritePin(nrf->csPort, nrf->csPin, GPIO_PIN_SET);
 5513              		.loc 2 31 20 view .LVU1531
 5514              	.LBB1302:
  32:Core/Src/radio/../../Inc/radio/support.h **** }
 5515              		.loc 2 32 5 view .LVU1532
 5516 005c FFF7FEFF 		bl	HAL_GPIO_WritePin
 5517              	.LVL525:
  32:Core/Src/radio/../../Inc/radio/support.h **** }
 5518              		.loc 2 32 5 is_stmt 0 view .LVU1533
 5519              	.LBE1302:
 5520              	.LBE1304:
  17:Core/Src/radio/nrf24.c **** }
 5521              		.loc 1 17 2 is_stmt 1 view .LVU1534
  17:Core/Src/radio/nrf24.c **** }
 5522              		.loc 1 17 2 is_stmt 0 view .LVU1535
 5523              	.LBE1308:
 5524              	.LBE1312:
 265:Core/Src/radio/nrf24.c **** 		nRF24_WriteReg(nrf, nRF24_REG_FEATURE, reg | nRF24_FEATURE_EN_ACK_PAY);
 5525              		.loc 1 265 2 is_stmt 1 view .LVU1536
 265:Core/Src/radio/nrf24.c **** 		nRF24_WriteReg(nrf, nRF24_REG_FEATURE, reg | nRF24_FEATURE_EN_ACK_PAY);
 5526              		.loc 1 265 4 is_stmt 0 view .LVU1537
 5527 0060 5DB3     		cbz	r5, .L388
 266:Core/Src/radio/nrf24.c **** 	} else {
 5528              		.loc 1 266 3 is_stmt 1 view .LVU1538
 5529              	.LBB1313:
 5530              	.LBB1314:
 5531              	.LBB1315:
 5532              	.LBB1316:
  28:Core/Src/radio/../../Inc/radio/support.h **** }
 5533              		.loc 2 28 5 is_stmt 0 view .LVU1539
 5534 0062 0022     		movs	r2, #0
 5535              	.LBE1316:
ARM GAS  C:\Users\l1234\AppData\Local\Temp\ccFgEZ6h.s 			page 131


 5536              	.LBE1315:
 5537              	.LBE1314:
 5538              	.LBE1313:
 266:Core/Src/radio/nrf24.c **** 	} else {
 5539              		.loc 1 266 3 view .LVU1540
 5540 0064 46F00206 		orr	r6, r6, #2
 5541              	.LVL526:
 5542              	.LBB1320:
 5543              	.LBI1313:
  24:Core/Src/radio/nrf24.c **** 	nRF24_CSN_L(nrf);
 5544              		.loc 1 24 6 is_stmt 1 view .LVU1541
 5545              	.LBB1319:
  25:Core/Src/radio/nrf24.c **** 	if (reg < nRF24_CMD_W_REGISTER) {
 5546              		.loc 1 25 2 view .LVU1542
 5547              	.LBB1318:
 5548              	.LBI1315:
  27:Core/Src/radio/../../Inc/radio/support.h ****     HAL_GPIO_WritePin(nrf->csPort, nrf->csPin, GPIO_PIN_RESET);
 5549              		.loc 2 27 20 view .LVU1543
 5550              	.LBB1317:
  28:Core/Src/radio/../../Inc/radio/support.h **** }
 5551              		.loc 2 28 5 view .LVU1544
 5552              	.L416:
  28:Core/Src/radio/../../Inc/radio/support.h **** }
 5553              		.loc 2 28 5 is_stmt 0 view .LVU1545
 5554              	.LBE1317:
 5555              	.LBE1318:
 5556              	.LBE1319:
 5557              	.LBE1320:
 5558              	.LBB1321:
 5559              	.LBI1321:
  24:Core/Src/radio/nrf24.c **** 	nRF24_CSN_L(nrf);
 5560              		.loc 1 24 6 is_stmt 1 view .LVU1546
 5561              	.LBB1322:
  25:Core/Src/radio/nrf24.c **** 	if (reg < nRF24_CMD_W_REGISTER) {
 5562              		.loc 1 25 2 view .LVU1547
 5563              	.LBB1323:
 5564              	.LBI1323:
  27:Core/Src/radio/../../Inc/radio/support.h ****     HAL_GPIO_WritePin(nrf->csPort, nrf->csPin, GPIO_PIN_RESET);
 5565              		.loc 2 27 20 view .LVU1548
 5566              	.LBB1324:
  28:Core/Src/radio/../../Inc/radio/support.h **** }
 5567              		.loc 2 28 5 view .LVU1549
 5568 0068 218A     		ldrh	r1, [r4, #16]
 5569 006a E068     		ldr	r0, [r4, #12]
 5570 006c FFF7FEFF 		bl	HAL_GPIO_WritePin
 5571              	.LVL527:
  28:Core/Src/radio/../../Inc/radio/support.h **** }
 5572              		.loc 2 28 5 is_stmt 0 view .LVU1550
 5573              	.LBE1324:
 5574              	.LBE1323:
  26:Core/Src/radio/nrf24.c **** 		// This is a register access
 5575              		.loc 1 26 2 is_stmt 1 view .LVU1551
  28:Core/Src/radio/nrf24.c **** 		nRF24_LL_RW(nrf, value);
 5576              		.loc 1 28 3 view .LVU1552
 5577 0070 3D23     		movs	r3, #61
 5578              	.LBB1326:
 5579              	.LBB1327:
ARM GAS  C:\Users\l1234\AppData\Local\Temp\ccFgEZ6h.s 			page 132


  39:Core/Src/radio/../../Inc/radio/support.h ****         Error_Handler();
 5580              		.loc 2 39 8 is_stmt 0 view .LVU1553
 5581 0072 0DF10F02 		add	r2, sp, #15
 5582 0076 0DF10E01 		add	r1, sp, #14
 5583 007a 8DF80E30 		strb	r3, [sp, #14]
 5584              	.LVL528:
  39:Core/Src/radio/../../Inc/radio/support.h ****         Error_Handler();
 5585              		.loc 2 39 8 view .LVU1554
 5586              	.LBE1327:
 5587              	.LBI1326:
  36:Core/Src/radio/../../Inc/radio/support.h ****     // Wait until TX buffer is empty
 5588              		.loc 2 36 23 is_stmt 1 view .LVU1555
 5589              	.LBB1328:
  38:Core/Src/radio/../../Inc/radio/support.h ****     if(HAL_SPI_TransmitReceive(nrf->hspi,&data,&result,1,2000)!=HAL_OK) {
 5590              		.loc 2 38 5 view .LVU1556
  39:Core/Src/radio/../../Inc/radio/support.h ****         Error_Handler();
 5591              		.loc 2 39 5 view .LVU1557
  39:Core/Src/radio/../../Inc/radio/support.h ****         Error_Handler();
 5592              		.loc 2 39 8 is_stmt 0 view .LVU1558
 5593 007e 4FF4FA63 		mov	r3, #2000
 5594              	.LVL529:
  39:Core/Src/radio/../../Inc/radio/support.h ****         Error_Handler();
 5595              		.loc 2 39 8 view .LVU1559
 5596 0082 0093     		str	r3, [sp]
 5597 0084 0123     		movs	r3, #1
 5598 0086 2068     		ldr	r0, [r4]
 5599 0088 FFF7FEFF 		bl	HAL_SPI_TransmitReceive
 5600              	.LVL530:
  39:Core/Src/radio/../../Inc/radio/support.h ****         Error_Handler();
 5601              		.loc 2 39 7 view .LVU1560
 5602 008c F8B9     		cbnz	r0, .L419
 5603              	.L391:
  41:Core/Src/radio/../../Inc/radio/support.h ****     return result;
 5604              		.loc 2 41 6 is_stmt 1 view .LVU1561
 5605              		.loc 2 42 5 view .LVU1562
 5606              	.LVL531:
 5607              		.loc 2 42 5 is_stmt 0 view .LVU1563
 5608              	.LBE1328:
 5609              	.LBE1326:
  29:Core/Src/radio/nrf24.c **** 	} else {
 5610              		.loc 1 29 3 is_stmt 1 view .LVU1564
 5611              	.LBB1330:
 5612              	.LBB1331:
  39:Core/Src/radio/../../Inc/radio/support.h ****         Error_Handler();
 5613              		.loc 2 39 8 is_stmt 0 view .LVU1565
 5614 008e 4FF4FA63 		mov	r3, #2000
 5615 0092 0DF10F02 		add	r2, sp, #15
 5616 0096 0DF10E01 		add	r1, sp, #14
 5617 009a 8DF80E60 		strb	r6, [sp, #14]
 5618              	.LVL532:
  39:Core/Src/radio/../../Inc/radio/support.h ****         Error_Handler();
 5619              		.loc 2 39 8 view .LVU1566
 5620              	.LBE1331:
 5621              	.LBI1330:
  36:Core/Src/radio/../../Inc/radio/support.h ****     // Wait until TX buffer is empty
 5622              		.loc 2 36 23 is_stmt 1 view .LVU1567
 5623              	.LBB1332:
ARM GAS  C:\Users\l1234\AppData\Local\Temp\ccFgEZ6h.s 			page 133


  38:Core/Src/radio/../../Inc/radio/support.h ****     if(HAL_SPI_TransmitReceive(nrf->hspi,&data,&result,1,2000)!=HAL_OK) {
 5624              		.loc 2 38 5 view .LVU1568
  39:Core/Src/radio/../../Inc/radio/support.h ****         Error_Handler();
 5625              		.loc 2 39 5 view .LVU1569
  39:Core/Src/radio/../../Inc/radio/support.h ****         Error_Handler();
 5626              		.loc 2 39 8 is_stmt 0 view .LVU1570
 5627 009e 0093     		str	r3, [sp]
 5628 00a0 0123     		movs	r3, #1
 5629 00a2 2068     		ldr	r0, [r4]
 5630 00a4 FFF7FEFF 		bl	HAL_SPI_TransmitReceive
 5631              	.LVL533:
  39:Core/Src/radio/../../Inc/radio/support.h ****         Error_Handler();
 5632              		.loc 2 39 7 view .LVU1571
 5633 00a8 70B9     		cbnz	r0, .L420
 5634              	.L392:
  41:Core/Src/radio/../../Inc/radio/support.h ****     return result;
 5635              		.loc 2 41 6 is_stmt 1 view .LVU1572
 5636              		.loc 2 42 5 view .LVU1573
 5637              	.LVL534:
 5638              		.loc 2 42 5 is_stmt 0 view .LVU1574
 5639              	.LBE1332:
 5640              	.LBE1330:
  39:Core/Src/radio/nrf24.c **** }
 5641              		.loc 1 39 2 is_stmt 1 view .LVU1575
 5642              	.LBB1334:
 5643              	.LBI1334:
  31:Core/Src/radio/../../Inc/radio/support.h ****     HAL_GPIO_WritePin(nrf->csPort, nrf->csPin, GPIO_PIN_SET);
 5644              		.loc 2 31 20 view .LVU1576
 5645              	.LBB1335:
  32:Core/Src/radio/../../Inc/radio/support.h **** }
 5646              		.loc 2 32 5 view .LVU1577
 5647 00aa 0122     		movs	r2, #1
 5648 00ac 218A     		ldrh	r1, [r4, #16]
 5649 00ae E068     		ldr	r0, [r4, #12]
 5650              	.LBE1335:
 5651              	.LBE1334:
 5652              	.LBE1322:
 5653              	.LBE1321:
 270:Core/Src/radio/nrf24.c **** 
 5654              		.loc 1 270 1 is_stmt 0 view .LVU1578
 5655 00b0 04B0     		add	sp, sp, #16
 5656              	.LCFI41:
 5657              		.cfi_remember_state
 5658              		.cfi_def_cfa_offset 16
 5659              		@ sp needed
 5660 00b2 BDE87040 		pop	{r4, r5, r6, lr}
 5661              	.LCFI42:
 5662              		.cfi_restore 14
 5663              		.cfi_restore 6
 5664              		.cfi_restore 5
 5665              		.cfi_restore 4
 5666              		.cfi_def_cfa_offset 0
 5667              	.LVL535:
 5668              	.LBB1344:
 5669              	.LBB1341:
 5670              	.LBB1337:
 5671              	.LBB1336:
ARM GAS  C:\Users\l1234\AppData\Local\Temp\ccFgEZ6h.s 			page 134


  32:Core/Src/radio/../../Inc/radio/support.h **** }
 5672              		.loc 2 32 5 view .LVU1579
 5673 00b6 FFF7FEBF 		b	HAL_GPIO_WritePin
 5674              	.LVL536:
 5675              	.L388:
 5676              	.LCFI43:
 5677              		.cfi_restore_state
  32:Core/Src/radio/../../Inc/radio/support.h **** }
 5678              		.loc 2 32 5 view .LVU1580
 5679              	.LBE1336:
 5680              	.LBE1337:
 5681              	.LBE1341:
 5682              	.LBE1344:
 268:Core/Src/radio/nrf24.c **** 	}
 5683              		.loc 1 268 3 is_stmt 1 view .LVU1581
 5684              	.LBB1345:
 5685              	.LBB1342:
 5686              	.LBB1338:
 5687              	.LBB1325:
  28:Core/Src/radio/../../Inc/radio/support.h **** }
 5688              		.loc 2 28 5 is_stmt 0 view .LVU1582
 5689 00ba 2A46     		mov	r2, r5
 5690              	.LBE1325:
 5691              	.LBE1338:
 5692              	.LBE1342:
 5693              	.LBE1345:
 268:Core/Src/radio/nrf24.c **** 	}
 5694              		.loc 1 268 3 view .LVU1583
 5695 00bc 06F0FD06 		and	r6, r6, #253
 5696              	.LVL537:
 268:Core/Src/radio/nrf24.c **** 	}
 5697              		.loc 1 268 3 view .LVU1584
 5698 00c0 D2E7     		b	.L416
 5699              	.LVL538:
 5700              	.L417:
 5701              	.LBB1346:
 5702              	.LBB1309:
 5703              	.LBB1305:
 5704              	.LBB1294:
  40:Core/Src/radio/../../Inc/radio/support.h ****     };
 5705              		.loc 2 40 9 is_stmt 1 view .LVU1585
 5706 00c2 FFF7FEFF 		bl	Error_Handler
 5707              	.LVL539:
 5708 00c6 B4E7     		b	.L386
 5709              	.LVL540:
 5710              	.L420:
  40:Core/Src/radio/../../Inc/radio/support.h ****     };
 5711              		.loc 2 40 9 is_stmt 0 view .LVU1586
 5712              	.LBE1294:
 5713              	.LBE1305:
 5714              	.LBE1309:
 5715              	.LBE1346:
 5716              	.LBB1347:
 5717              	.LBB1343:
 5718              	.LBB1339:
 5719              	.LBB1333:
  40:Core/Src/radio/../../Inc/radio/support.h ****     };
ARM GAS  C:\Users\l1234\AppData\Local\Temp\ccFgEZ6h.s 			page 135


 5720              		.loc 2 40 9 is_stmt 1 view .LVU1587
 5721 00c8 FFF7FEFF 		bl	Error_Handler
 5722              	.LVL541:
 5723 00cc EDE7     		b	.L392
 5724              	.LVL542:
 5725              	.L419:
  40:Core/Src/radio/../../Inc/radio/support.h ****     };
 5726              		.loc 2 40 9 is_stmt 0 view .LVU1588
 5727              	.LBE1333:
 5728              	.LBE1339:
 5729              	.LBB1340:
 5730              	.LBB1329:
  40:Core/Src/radio/../../Inc/radio/support.h ****     };
 5731              		.loc 2 40 9 is_stmt 1 view .LVU1589
 5732 00ce FFF7FEFF 		bl	Error_Handler
 5733              	.LVL543:
 5734 00d2 DCE7     		b	.L391
 5735              	.LVL544:
 5736              	.L418:
  40:Core/Src/radio/../../Inc/radio/support.h ****     };
 5737              		.loc 2 40 9 is_stmt 0 view .LVU1590
 5738              	.LBE1329:
 5739              	.LBE1340:
 5740              	.LBE1343:
 5741              	.LBE1347:
 5742              	.LBB1348:
 5743              	.LBB1310:
 5744              	.LBB1306:
 5745              	.LBB1299:
  40:Core/Src/radio/../../Inc/radio/support.h ****     };
 5746              		.loc 2 40 9 is_stmt 1 view .LVU1591
 5747 00d4 FFF7FEFF 		bl	Error_Handler
 5748              	.LVL545:
 5749 00d8 BBE7     		b	.L387
 5750              	.LBE1299:
 5751              	.LBE1306:
 5752              	.LBE1310:
 5753              	.LBE1348:
 5754              		.cfi_endproc
 5755              	.LFE161:
 5757 00da 00BF     		.section	.text.nRF24_SetCRCScheme,"ax",%progbits
 5758              		.align	1
 5759              		.p2align 2,,3
 5760              		.global	nRF24_SetCRCScheme
 5761              		.syntax unified
 5762              		.thumb
 5763              		.thumb_func
 5765              	nRF24_SetCRCScheme:
 5766              	.LVL546:
 5767              	.LFB162:
 277:Core/Src/radio/nrf24.c **** 	uint8_t reg;
 5768              		.loc 1 277 67 view -0
 5769              		.cfi_startproc
 5770              		@ args = 0, pretend = 0, frame = 8
 5771              		@ frame_needed = 0, uses_anonymous_args = 0
 278:Core/Src/radio/nrf24.c **** 
 5772              		.loc 1 278 2 view .LVU1593
ARM GAS  C:\Users\l1234\AppData\Local\Temp\ccFgEZ6h.s 			page 136


 281:Core/Src/radio/nrf24.c **** 	reg &= ~nRF24_MASK_CRC;
 5773              		.loc 1 281 2 view .LVU1594
 277:Core/Src/radio/nrf24.c **** 	uint8_t reg;
 5774              		.loc 1 277 67 is_stmt 0 view .LVU1595
 5775 0000 70B5     		push	{r4, r5, r6, lr}
 5776              	.LCFI44:
 5777              		.cfi_def_cfa_offset 16
 5778              		.cfi_offset 4, -16
 5779              		.cfi_offset 5, -12
 5780              		.cfi_offset 6, -8
 5781              		.cfi_offset 14, -4
 5782              	.LBB1373:
 5783              	.LBB1374:
 5784              	.LBB1375:
 5785              	.LBB1376:
  28:Core/Src/radio/../../Inc/radio/support.h **** }
 5786              		.loc 2 28 5 view .LVU1596
 5787 0002 0022     		movs	r2, #0
 5788              	.LBE1376:
 5789              	.LBE1375:
 5790              	.LBE1374:
 5791              	.LBE1373:
 277:Core/Src/radio/nrf24.c **** 	uint8_t reg;
 5792              		.loc 1 277 67 view .LVU1597
 5793 0004 84B0     		sub	sp, sp, #16
 5794              	.LCFI45:
 5795              		.cfi_def_cfa_offset 32
 277:Core/Src/radio/nrf24.c **** 	uint8_t reg;
 5796              		.loc 1 277 67 view .LVU1598
 5797 0006 0446     		mov	r4, r0
 5798              	.LVL547:
 5799              	.LBB1401:
 5800              	.LBI1373:
   9:Core/Src/radio/nrf24.c **** 	uint8_t value;
 5801              		.loc 1 9 9 is_stmt 1 view .LVU1599
 5802              	.LBB1397:
  10:Core/Src/radio/nrf24.c **** 
 5803              		.loc 1 10 2 view .LVU1600
  12:Core/Src/radio/nrf24.c **** 	nRF24_LL_RW(nrf, reg & nRF24_MASK_REG_MAP);
 5804              		.loc 1 12 2 view .LVU1601
 5805              	.LBB1379:
 5806              	.LBI1375:
  27:Core/Src/radio/../../Inc/radio/support.h ****     HAL_GPIO_WritePin(nrf->csPort, nrf->csPin, GPIO_PIN_RESET);
 5807              		.loc 2 27 20 view .LVU1602
 5808              	.LBB1377:
  28:Core/Src/radio/../../Inc/radio/support.h **** }
 5809              		.loc 2 28 5 view .LVU1603
 5810              	.LBE1377:
 5811              	.LBE1379:
 5812              	.LBE1397:
 5813              	.LBE1401:
 277:Core/Src/radio/nrf24.c **** 	uint8_t reg;
 5814              		.loc 1 277 67 is_stmt 0 view .LVU1604
 5815 0008 0E46     		mov	r6, r1
 5816              	.LBB1402:
 5817              	.LBB1398:
 5818              	.LBB1380:
ARM GAS  C:\Users\l1234\AppData\Local\Temp\ccFgEZ6h.s 			page 137


 5819              	.LBB1378:
  28:Core/Src/radio/../../Inc/radio/support.h **** }
 5820              		.loc 2 28 5 view .LVU1605
 5821 000a 018A     		ldrh	r1, [r0, #16]
 5822              	.LVL548:
  28:Core/Src/radio/../../Inc/radio/support.h **** }
 5823              		.loc 2 28 5 view .LVU1606
 5824 000c C068     		ldr	r0, [r0, #12]
 5825              	.LVL549:
  28:Core/Src/radio/../../Inc/radio/support.h **** }
 5826              		.loc 2 28 5 view .LVU1607
 5827 000e FFF7FEFF 		bl	HAL_GPIO_WritePin
 5828              	.LVL550:
  28:Core/Src/radio/../../Inc/radio/support.h **** }
 5829              		.loc 2 28 5 view .LVU1608
 5830              	.LBE1378:
 5831              	.LBE1380:
  13:Core/Src/radio/nrf24.c **** 	value = nRF24_LL_RW(nrf, nRF24_CMD_NOP);
 5832              		.loc 1 13 2 is_stmt 1 view .LVU1609
 5833              	.LBB1381:
 5834              	.LBB1382:
  39:Core/Src/radio/../../Inc/radio/support.h ****         Error_Handler();
 5835              		.loc 2 39 8 is_stmt 0 view .LVU1610
 5836 0012 4FF4FA62 		mov	r2, #2000
 5837 0016 0023     		movs	r3, #0
 5838 0018 0DF10E01 		add	r1, sp, #14
 5839 001c 0092     		str	r2, [sp]
 5840 001e 0DF10F02 		add	r2, sp, #15
 5841 0022 8DF80E30 		strb	r3, [sp, #14]
 5842              	.LVL551:
  39:Core/Src/radio/../../Inc/radio/support.h ****         Error_Handler();
 5843              		.loc 2 39 8 view .LVU1611
 5844              	.LBE1382:
 5845              	.LBI1381:
  36:Core/Src/radio/../../Inc/radio/support.h ****     // Wait until TX buffer is empty
 5846              		.loc 2 36 23 is_stmt 1 view .LVU1612
 5847              	.LBB1383:
  38:Core/Src/radio/../../Inc/radio/support.h ****     if(HAL_SPI_TransmitReceive(nrf->hspi,&data,&result,1,2000)!=HAL_OK) {
 5848              		.loc 2 38 5 view .LVU1613
  39:Core/Src/radio/../../Inc/radio/support.h ****         Error_Handler();
 5849              		.loc 2 39 5 view .LVU1614
  39:Core/Src/radio/../../Inc/radio/support.h ****         Error_Handler();
 5850              		.loc 2 39 8 is_stmt 0 view .LVU1615
 5851 0026 0123     		movs	r3, #1
 5852              	.LVL552:
  39:Core/Src/radio/../../Inc/radio/support.h ****         Error_Handler();
 5853              		.loc 2 39 8 view .LVU1616
 5854 0028 2068     		ldr	r0, [r4]
 5855 002a FFF7FEFF 		bl	HAL_SPI_TransmitReceive
 5856              	.LVL553:
  39:Core/Src/radio/../../Inc/radio/support.h ****         Error_Handler();
 5857              		.loc 2 39 7 view .LVU1617
 5858 002e 0028     		cmp	r0, #0
 5859 0030 45D1     		bne	.L439
 5860              	.L422:
  41:Core/Src/radio/../../Inc/radio/support.h ****     return result;
 5861              		.loc 2 41 6 is_stmt 1 view .LVU1618
ARM GAS  C:\Users\l1234\AppData\Local\Temp\ccFgEZ6h.s 			page 138


 5862              		.loc 2 42 5 view .LVU1619
 5863              	.LVL554:
 5864              		.loc 2 42 5 is_stmt 0 view .LVU1620
 5865              	.LBE1383:
 5866              	.LBE1381:
  14:Core/Src/radio/nrf24.c **** 	nRF24_CSN_H(nrf);
 5867              		.loc 1 14 2 is_stmt 1 view .LVU1621
 5868 0032 FF23     		movs	r3, #255
 5869              	.LBB1385:
 5870              	.LBB1386:
  39:Core/Src/radio/../../Inc/radio/support.h ****         Error_Handler();
 5871              		.loc 2 39 8 is_stmt 0 view .LVU1622
 5872 0034 0DF10F02 		add	r2, sp, #15
 5873 0038 0DF10E01 		add	r1, sp, #14
 5874 003c 8DF80E30 		strb	r3, [sp, #14]
 5875              	.LVL555:
  39:Core/Src/radio/../../Inc/radio/support.h ****         Error_Handler();
 5876              		.loc 2 39 8 view .LVU1623
 5877              	.LBE1386:
 5878              	.LBI1385:
  36:Core/Src/radio/../../Inc/radio/support.h ****     // Wait until TX buffer is empty
 5879              		.loc 2 36 23 is_stmt 1 view .LVU1624
 5880              	.LBB1387:
  38:Core/Src/radio/../../Inc/radio/support.h ****     if(HAL_SPI_TransmitReceive(nrf->hspi,&data,&result,1,2000)!=HAL_OK) {
 5881              		.loc 2 38 5 view .LVU1625
  39:Core/Src/radio/../../Inc/radio/support.h ****         Error_Handler();
 5882              		.loc 2 39 5 view .LVU1626
  39:Core/Src/radio/../../Inc/radio/support.h ****         Error_Handler();
 5883              		.loc 2 39 8 is_stmt 0 view .LVU1627
 5884 0040 4FF4FA63 		mov	r3, #2000
 5885              	.LVL556:
  39:Core/Src/radio/../../Inc/radio/support.h ****         Error_Handler();
 5886              		.loc 2 39 8 view .LVU1628
 5887 0044 0093     		str	r3, [sp]
 5888 0046 0123     		movs	r3, #1
 5889 0048 2068     		ldr	r0, [r4]
 5890 004a FFF7FEFF 		bl	HAL_SPI_TransmitReceive
 5891              	.LVL557:
  39:Core/Src/radio/../../Inc/radio/support.h ****         Error_Handler();
 5892              		.loc 2 39 7 view .LVU1629
 5893 004e 0028     		cmp	r0, #0
 5894 0050 3ED1     		bne	.L440
 5895              	.L423:
  41:Core/Src/radio/../../Inc/radio/support.h ****     return result;
 5896              		.loc 2 41 6 is_stmt 1 view .LVU1630
 5897              		.loc 2 42 5 view .LVU1631
 5898              	.LBE1387:
 5899              	.LBE1385:
 5900              	.LBB1390:
 5901              	.LBB1391:
  32:Core/Src/radio/../../Inc/radio/support.h **** }
 5902              		.loc 2 32 5 is_stmt 0 view .LVU1632
 5903 0052 0122     		movs	r2, #1
 5904 0054 218A     		ldrh	r1, [r4, #16]
 5905 0056 E068     		ldr	r0, [r4, #12]
 5906 0058 06F00C06 		and	r6, r6, #12
 5907              	.LBE1391:
ARM GAS  C:\Users\l1234\AppData\Local\Temp\ccFgEZ6h.s 			page 139


 5908              	.LBE1390:
 5909              	.LBB1393:
 5910              	.LBB1388:
 5911              		.loc 2 42 12 view .LVU1633
 5912 005c 9DF80F50 		ldrb	r5, [sp, #15]	@ zero_extendqisi2
 5913              	.LVL558:
 5914              		.loc 2 42 12 view .LVU1634
 5915              	.LBE1388:
 5916              	.LBE1393:
  15:Core/Src/radio/nrf24.c **** 
 5917              		.loc 1 15 2 is_stmt 1 view .LVU1635
 5918              	.LBB1394:
 5919              	.LBI1390:
  31:Core/Src/radio/../../Inc/radio/support.h ****     HAL_GPIO_WritePin(nrf->csPort, nrf->csPin, GPIO_PIN_SET);
 5920              		.loc 2 31 20 view .LVU1636
 5921              	.LBB1392:
  32:Core/Src/radio/../../Inc/radio/support.h **** }
 5922              		.loc 2 32 5 view .LVU1637
 5923 0060 FFF7FEFF 		bl	HAL_GPIO_WritePin
 5924              	.LVL559:
  32:Core/Src/radio/../../Inc/radio/support.h **** }
 5925              		.loc 2 32 5 is_stmt 0 view .LVU1638
 5926              	.LBE1392:
 5927              	.LBE1394:
  17:Core/Src/radio/nrf24.c **** }
 5928              		.loc 1 17 2 is_stmt 1 view .LVU1639
  17:Core/Src/radio/nrf24.c **** }
 5929              		.loc 1 17 2 is_stmt 0 view .LVU1640
 5930              	.LBE1398:
 5931              	.LBE1402:
 282:Core/Src/radio/nrf24.c **** 	reg |= (scheme & nRF24_MASK_CRC);
 5932              		.loc 1 282 2 is_stmt 1 view .LVU1641
 283:Core/Src/radio/nrf24.c **** 	nRF24_WriteReg(nrf, nRF24_REG_CONFIG, reg);
 5933              		.loc 1 283 2 view .LVU1642
 5934              	.LBB1403:
 5935              	.LBB1404:
 5936              	.LBB1405:
 5937              	.LBB1406:
  28:Core/Src/radio/../../Inc/radio/support.h **** }
 5938              		.loc 2 28 5 is_stmt 0 view .LVU1643
 5939 0064 0022     		movs	r2, #0
 5940 0066 218A     		ldrh	r1, [r4, #16]
 5941 0068 E068     		ldr	r0, [r4, #12]
 5942              	.LBE1406:
 5943              	.LBE1405:
 5944              	.LBE1404:
 5945              	.LBE1403:
 282:Core/Src/radio/nrf24.c **** 	reg |= (scheme & nRF24_MASK_CRC);
 5946              		.loc 1 282 6 view .LVU1644
 5947 006a 25F00C05 		bic	r5, r5, #12
 5948              	.LVL560:
 5949              	.LBB1430:
 5950              	.LBB1426:
 5951              	.LBB1409:
 5952              	.LBB1407:
  28:Core/Src/radio/../../Inc/radio/support.h **** }
 5953              		.loc 2 28 5 view .LVU1645
ARM GAS  C:\Users\l1234\AppData\Local\Temp\ccFgEZ6h.s 			page 140


 5954 006e FFF7FEFF 		bl	HAL_GPIO_WritePin
 5955              	.LVL561:
 5956 0072 2023     		movs	r3, #32
 5957              	.LBE1407:
 5958              	.LBE1409:
 5959              	.LBB1410:
 5960              	.LBB1411:
  39:Core/Src/radio/../../Inc/radio/support.h ****         Error_Handler();
 5961              		.loc 2 39 8 view .LVU1646
 5962 0074 0DF10F02 		add	r2, sp, #15
 5963 0078 0DF10E01 		add	r1, sp, #14
 5964 007c 8DF80E30 		strb	r3, [sp, #14]
 5965 0080 4FF4FA63 		mov	r3, #2000
 5966 0084 3543     		orrs	r5, r5, r6
 5967              	.LVL562:
  39:Core/Src/radio/../../Inc/radio/support.h ****         Error_Handler();
 5968              		.loc 2 39 8 view .LVU1647
 5969              	.LBE1411:
 5970              	.LBE1410:
 5971              	.LBE1426:
 5972              	.LBE1430:
 284:Core/Src/radio/nrf24.c **** }
 5973              		.loc 1 284 2 is_stmt 1 view .LVU1648
 5974              	.LBB1431:
 5975              	.LBI1403:
  24:Core/Src/radio/nrf24.c **** 	nRF24_CSN_L(nrf);
 5976              		.loc 1 24 6 view .LVU1649
 5977              	.LBB1427:
  25:Core/Src/radio/nrf24.c **** 	if (reg < nRF24_CMD_W_REGISTER) {
 5978              		.loc 1 25 2 view .LVU1650
 5979              	.LBB1414:
 5980              	.LBI1405:
  27:Core/Src/radio/../../Inc/radio/support.h ****     HAL_GPIO_WritePin(nrf->csPort, nrf->csPin, GPIO_PIN_RESET);
 5981              		.loc 2 27 20 view .LVU1651
 5982              	.LBB1408:
  28:Core/Src/radio/../../Inc/radio/support.h **** }
 5983              		.loc 2 28 5 view .LVU1652
  28:Core/Src/radio/../../Inc/radio/support.h **** }
 5984              		.loc 2 28 5 is_stmt 0 view .LVU1653
 5985              	.LBE1408:
 5986              	.LBE1414:
  26:Core/Src/radio/nrf24.c **** 		// This is a register access
 5987              		.loc 1 26 2 is_stmt 1 view .LVU1654
  28:Core/Src/radio/nrf24.c **** 		nRF24_LL_RW(nrf, value);
 5988              		.loc 1 28 3 view .LVU1655
 5989              	.LBB1415:
 5990              	.LBI1410:
  36:Core/Src/radio/../../Inc/radio/support.h ****     // Wait until TX buffer is empty
 5991              		.loc 2 36 23 view .LVU1656
 5992              	.LBB1412:
  38:Core/Src/radio/../../Inc/radio/support.h ****     if(HAL_SPI_TransmitReceive(nrf->hspi,&data,&result,1,2000)!=HAL_OK) {
 5993              		.loc 2 38 5 view .LVU1657
  39:Core/Src/radio/../../Inc/radio/support.h ****         Error_Handler();
 5994              		.loc 2 39 5 view .LVU1658
  39:Core/Src/radio/../../Inc/radio/support.h ****         Error_Handler();
 5995              		.loc 2 39 8 is_stmt 0 view .LVU1659
 5996 0086 0093     		str	r3, [sp]
ARM GAS  C:\Users\l1234\AppData\Local\Temp\ccFgEZ6h.s 			page 141


 5997 0088 0123     		movs	r3, #1
 5998 008a 2068     		ldr	r0, [r4]
 5999 008c FFF7FEFF 		bl	HAL_SPI_TransmitReceive
 6000              	.LVL563:
  39:Core/Src/radio/../../Inc/radio/support.h ****         Error_Handler();
 6001              		.loc 2 39 7 view .LVU1660
 6002 0090 D8B9     		cbnz	r0, .L441
 6003              	.L424:
  41:Core/Src/radio/../../Inc/radio/support.h ****     return result;
 6004              		.loc 2 41 6 is_stmt 1 view .LVU1661
 6005              		.loc 2 42 5 view .LVU1662
 6006              	.LVL564:
 6007              		.loc 2 42 5 is_stmt 0 view .LVU1663
 6008              	.LBE1412:
 6009              	.LBE1415:
  29:Core/Src/radio/nrf24.c **** 	} else {
 6010              		.loc 1 29 3 is_stmt 1 view .LVU1664
 6011              	.LBB1416:
 6012              	.LBB1417:
  39:Core/Src/radio/../../Inc/radio/support.h ****         Error_Handler();
 6013              		.loc 2 39 8 is_stmt 0 view .LVU1665
 6014 0092 4FF4FA63 		mov	r3, #2000
 6015 0096 0DF10F02 		add	r2, sp, #15
 6016 009a 0DF10E01 		add	r1, sp, #14
 6017 009e 8DF80E50 		strb	r5, [sp, #14]
 6018              	.LVL565:
  39:Core/Src/radio/../../Inc/radio/support.h ****         Error_Handler();
 6019              		.loc 2 39 8 view .LVU1666
 6020              	.LBE1417:
 6021              	.LBI1416:
  36:Core/Src/radio/../../Inc/radio/support.h ****     // Wait until TX buffer is empty
 6022              		.loc 2 36 23 is_stmt 1 view .LVU1667
 6023              	.LBB1418:
  38:Core/Src/radio/../../Inc/radio/support.h ****     if(HAL_SPI_TransmitReceive(nrf->hspi,&data,&result,1,2000)!=HAL_OK) {
 6024              		.loc 2 38 5 view .LVU1668
  39:Core/Src/radio/../../Inc/radio/support.h ****         Error_Handler();
 6025              		.loc 2 39 5 view .LVU1669
  39:Core/Src/radio/../../Inc/radio/support.h ****         Error_Handler();
 6026              		.loc 2 39 8 is_stmt 0 view .LVU1670
 6027 00a2 0093     		str	r3, [sp]
 6028 00a4 0123     		movs	r3, #1
 6029 00a6 2068     		ldr	r0, [r4]
 6030 00a8 FFF7FEFF 		bl	HAL_SPI_TransmitReceive
 6031              	.LVL566:
  39:Core/Src/radio/../../Inc/radio/support.h ****         Error_Handler();
 6032              		.loc 2 39 7 view .LVU1671
 6033 00ac 50B9     		cbnz	r0, .L442
 6034              	.L425:
  41:Core/Src/radio/../../Inc/radio/support.h ****     return result;
 6035              		.loc 2 41 6 is_stmt 1 view .LVU1672
 6036              		.loc 2 42 5 view .LVU1673
 6037              	.LVL567:
 6038              		.loc 2 42 5 is_stmt 0 view .LVU1674
 6039              	.LBE1418:
 6040              	.LBE1416:
  39:Core/Src/radio/nrf24.c **** }
 6041              		.loc 1 39 2 is_stmt 1 view .LVU1675
ARM GAS  C:\Users\l1234\AppData\Local\Temp\ccFgEZ6h.s 			page 142


 6042              	.LBB1420:
 6043              	.LBI1420:
  31:Core/Src/radio/../../Inc/radio/support.h ****     HAL_GPIO_WritePin(nrf->csPort, nrf->csPin, GPIO_PIN_SET);
 6044              		.loc 2 31 20 view .LVU1676
 6045              	.LBB1421:
  32:Core/Src/radio/../../Inc/radio/support.h **** }
 6046              		.loc 2 32 5 view .LVU1677
 6047 00ae 0122     		movs	r2, #1
 6048 00b0 218A     		ldrh	r1, [r4, #16]
 6049 00b2 E068     		ldr	r0, [r4, #12]
 6050              	.LBE1421:
 6051              	.LBE1420:
 6052              	.LBE1427:
 6053              	.LBE1431:
 285:Core/Src/radio/nrf24.c **** 
 6054              		.loc 1 285 1 is_stmt 0 view .LVU1678
 6055 00b4 04B0     		add	sp, sp, #16
 6056              	.LCFI46:
 6057              		.cfi_remember_state
 6058              		.cfi_def_cfa_offset 16
 6059              		@ sp needed
 6060 00b6 BDE87040 		pop	{r4, r5, r6, lr}
 6061              	.LCFI47:
 6062              		.cfi_restore 14
 6063              		.cfi_restore 6
 6064              		.cfi_restore 5
 6065              		.cfi_restore 4
 6066              		.cfi_def_cfa_offset 0
 6067              	.LVL568:
 6068              	.LBB1432:
 6069              	.LBB1428:
 6070              	.LBB1423:
 6071              	.LBB1422:
  32:Core/Src/radio/../../Inc/radio/support.h **** }
 6072              		.loc 2 32 5 view .LVU1679
 6073 00ba FFF7FEBF 		b	HAL_GPIO_WritePin
 6074              	.LVL569:
 6075              	.L439:
 6076              	.LCFI48:
 6077              		.cfi_restore_state
  32:Core/Src/radio/../../Inc/radio/support.h **** }
 6078              		.loc 2 32 5 view .LVU1680
 6079              	.LBE1422:
 6080              	.LBE1423:
 6081              	.LBE1428:
 6082              	.LBE1432:
 6083              	.LBB1433:
 6084              	.LBB1399:
 6085              	.LBB1395:
 6086              	.LBB1384:
  40:Core/Src/radio/../../Inc/radio/support.h ****     };
 6087              		.loc 2 40 9 is_stmt 1 view .LVU1681
 6088 00be FFF7FEFF 		bl	Error_Handler
 6089              	.LVL570:
 6090 00c2 B6E7     		b	.L422
 6091              	.LVL571:
 6092              	.L442:
ARM GAS  C:\Users\l1234\AppData\Local\Temp\ccFgEZ6h.s 			page 143


  40:Core/Src/radio/../../Inc/radio/support.h ****     };
 6093              		.loc 2 40 9 is_stmt 0 view .LVU1682
 6094              	.LBE1384:
 6095              	.LBE1395:
 6096              	.LBE1399:
 6097              	.LBE1433:
 6098              	.LBB1434:
 6099              	.LBB1429:
 6100              	.LBB1424:
 6101              	.LBB1419:
  40:Core/Src/radio/../../Inc/radio/support.h ****     };
 6102              		.loc 2 40 9 is_stmt 1 view .LVU1683
 6103 00c4 FFF7FEFF 		bl	Error_Handler
 6104              	.LVL572:
 6105 00c8 F1E7     		b	.L425
 6106              	.LVL573:
 6107              	.L441:
  40:Core/Src/radio/../../Inc/radio/support.h ****     };
 6108              		.loc 2 40 9 is_stmt 0 view .LVU1684
 6109              	.LBE1419:
 6110              	.LBE1424:
 6111              	.LBB1425:
 6112              	.LBB1413:
  40:Core/Src/radio/../../Inc/radio/support.h ****     };
 6113              		.loc 2 40 9 is_stmt 1 view .LVU1685
 6114 00ca FFF7FEFF 		bl	Error_Handler
 6115              	.LVL574:
 6116 00ce E0E7     		b	.L424
 6117              	.LVL575:
 6118              	.L440:
  40:Core/Src/radio/../../Inc/radio/support.h ****     };
 6119              		.loc 2 40 9 is_stmt 0 view .LVU1686
 6120              	.LBE1413:
 6121              	.LBE1425:
 6122              	.LBE1429:
 6123              	.LBE1434:
 6124              	.LBB1435:
 6125              	.LBB1400:
 6126              	.LBB1396:
 6127              	.LBB1389:
  40:Core/Src/radio/../../Inc/radio/support.h ****     };
 6128              		.loc 2 40 9 is_stmt 1 view .LVU1687
 6129 00d0 FFF7FEFF 		bl	Error_Handler
 6130              	.LVL576:
 6131 00d4 BDE7     		b	.L423
 6132              	.LBE1389:
 6133              	.LBE1396:
 6134              	.LBE1400:
 6135              	.LBE1435:
 6136              		.cfi_endproc
 6137              	.LFE162:
 6139 00d6 00BF     		.section	.text.nRF24_SetRFChannel,"ax",%progbits
 6140              		.align	1
 6141              		.p2align 2,,3
 6142              		.global	nRF24_SetRFChannel
 6143              		.syntax unified
 6144              		.thumb
ARM GAS  C:\Users\l1234\AppData\Local\Temp\ccFgEZ6h.s 			page 144


 6145              		.thumb_func
 6147              	nRF24_SetRFChannel:
 6148              	.LVL577:
 6149              	.LFB163:
 292:Core/Src/radio/nrf24.c **** 	nRF24_WriteReg(nrf, nRF24_REG_RF_CH, channel);
 6150              		.loc 1 292 68 view -0
 6151              		.cfi_startproc
 6152              		@ args = 0, pretend = 0, frame = 8
 6153              		@ frame_needed = 0, uses_anonymous_args = 0
 293:Core/Src/radio/nrf24.c **** }
 6154              		.loc 1 293 2 view .LVU1689
 292:Core/Src/radio/nrf24.c **** 	nRF24_WriteReg(nrf, nRF24_REG_RF_CH, channel);
 6155              		.loc 1 292 68 is_stmt 0 view .LVU1690
 6156 0000 30B5     		push	{r4, r5, lr}
 6157              	.LCFI49:
 6158              		.cfi_def_cfa_offset 12
 6159              		.cfi_offset 4, -12
 6160              		.cfi_offset 5, -8
 6161              		.cfi_offset 14, -4
 6162              	.LBB1450:
 6163              	.LBB1451:
 6164              	.LBB1452:
 6165              	.LBB1453:
  28:Core/Src/radio/../../Inc/radio/support.h **** }
 6166              		.loc 2 28 5 view .LVU1691
 6167 0002 0022     		movs	r2, #0
 6168              	.LBE1453:
 6169              	.LBE1452:
 6170              	.LBE1451:
 6171              	.LBE1450:
 292:Core/Src/radio/nrf24.c **** 	nRF24_WriteReg(nrf, nRF24_REG_RF_CH, channel);
 6172              		.loc 1 292 68 view .LVU1692
 6173 0004 85B0     		sub	sp, sp, #20
 6174              	.LCFI50:
 6175              		.cfi_def_cfa_offset 32
 292:Core/Src/radio/nrf24.c **** 	nRF24_WriteReg(nrf, nRF24_REG_RF_CH, channel);
 6176              		.loc 1 292 68 view .LVU1693
 6177 0006 0446     		mov	r4, r0
 6178              	.LVL578:
 292:Core/Src/radio/nrf24.c **** 	nRF24_WriteReg(nrf, nRF24_REG_RF_CH, channel);
 6179              		.loc 1 292 68 view .LVU1694
 6180 0008 0D46     		mov	r5, r1
 6181              	.LVL579:
 6182              	.LBB1472:
 6183              	.LBI1450:
  24:Core/Src/radio/nrf24.c **** 	nRF24_CSN_L(nrf);
 6184              		.loc 1 24 6 is_stmt 1 view .LVU1695
 6185              	.LBB1470:
  25:Core/Src/radio/nrf24.c **** 	if (reg < nRF24_CMD_W_REGISTER) {
 6186              		.loc 1 25 2 view .LVU1696
 6187              	.LBB1455:
 6188              	.LBI1452:
  27:Core/Src/radio/../../Inc/radio/support.h ****     HAL_GPIO_WritePin(nrf->csPort, nrf->csPin, GPIO_PIN_RESET);
 6189              		.loc 2 27 20 view .LVU1697
 6190              	.LBB1454:
  28:Core/Src/radio/../../Inc/radio/support.h **** }
 6191              		.loc 2 28 5 view .LVU1698
ARM GAS  C:\Users\l1234\AppData\Local\Temp\ccFgEZ6h.s 			page 145


 6192 000a 018A     		ldrh	r1, [r0, #16]
 6193              	.LVL580:
  28:Core/Src/radio/../../Inc/radio/support.h **** }
 6194              		.loc 2 28 5 is_stmt 0 view .LVU1699
 6195 000c C068     		ldr	r0, [r0, #12]
 6196              	.LVL581:
  28:Core/Src/radio/../../Inc/radio/support.h **** }
 6197              		.loc 2 28 5 view .LVU1700
 6198 000e FFF7FEFF 		bl	HAL_GPIO_WritePin
 6199              	.LVL582:
  28:Core/Src/radio/../../Inc/radio/support.h **** }
 6200              		.loc 2 28 5 view .LVU1701
 6201              	.LBE1454:
 6202              	.LBE1455:
  26:Core/Src/radio/nrf24.c **** 		// This is a register access
 6203              		.loc 1 26 2 is_stmt 1 view .LVU1702
  28:Core/Src/radio/nrf24.c **** 		nRF24_LL_RW(nrf, value);
 6204              		.loc 1 28 3 view .LVU1703
 6205              	.LBB1456:
 6206              	.LBB1457:
  39:Core/Src/radio/../../Inc/radio/support.h ****         Error_Handler();
 6207              		.loc 2 39 8 is_stmt 0 view .LVU1704
 6208 0012 4FF4FA62 		mov	r2, #2000
 6209 0016 2523     		movs	r3, #37
 6210 0018 0DF10E01 		add	r1, sp, #14
 6211 001c 0092     		str	r2, [sp]
 6212 001e 0DF10F02 		add	r2, sp, #15
 6213 0022 8DF80E30 		strb	r3, [sp, #14]
 6214              	.LVL583:
  39:Core/Src/radio/../../Inc/radio/support.h ****         Error_Handler();
 6215              		.loc 2 39 8 view .LVU1705
 6216              	.LBE1457:
 6217              	.LBI1456:
  36:Core/Src/radio/../../Inc/radio/support.h ****     // Wait until TX buffer is empty
 6218              		.loc 2 36 23 is_stmt 1 view .LVU1706
 6219              	.LBB1458:
  38:Core/Src/radio/../../Inc/radio/support.h ****     if(HAL_SPI_TransmitReceive(nrf->hspi,&data,&result,1,2000)!=HAL_OK) {
 6220              		.loc 2 38 5 view .LVU1707
  39:Core/Src/radio/../../Inc/radio/support.h ****         Error_Handler();
 6221              		.loc 2 39 5 view .LVU1708
  39:Core/Src/radio/../../Inc/radio/support.h ****         Error_Handler();
 6222              		.loc 2 39 8 is_stmt 0 view .LVU1709
 6223 0026 0123     		movs	r3, #1
 6224              	.LVL584:
  39:Core/Src/radio/../../Inc/radio/support.h ****         Error_Handler();
 6225              		.loc 2 39 8 view .LVU1710
 6226 0028 2068     		ldr	r0, [r4]
 6227 002a FFF7FEFF 		bl	HAL_SPI_TransmitReceive
 6228              	.LVL585:
  39:Core/Src/radio/../../Inc/radio/support.h ****         Error_Handler();
 6229              		.loc 2 39 7 view .LVU1711
 6230 002e A8B9     		cbnz	r0, .L453
 6231              	.L444:
  41:Core/Src/radio/../../Inc/radio/support.h ****     return result;
 6232              		.loc 2 41 6 is_stmt 1 view .LVU1712
 6233              		.loc 2 42 5 view .LVU1713
 6234              	.LVL586:
ARM GAS  C:\Users\l1234\AppData\Local\Temp\ccFgEZ6h.s 			page 146


 6235              		.loc 2 42 5 is_stmt 0 view .LVU1714
 6236              	.LBE1458:
 6237              	.LBE1456:
  29:Core/Src/radio/nrf24.c **** 	} else {
 6238              		.loc 1 29 3 is_stmt 1 view .LVU1715
 6239              	.LBB1460:
 6240              	.LBB1461:
  39:Core/Src/radio/../../Inc/radio/support.h ****         Error_Handler();
 6241              		.loc 2 39 8 is_stmt 0 view .LVU1716
 6242 0030 4FF4FA63 		mov	r3, #2000
 6243 0034 0DF10F02 		add	r2, sp, #15
 6244 0038 0DF10E01 		add	r1, sp, #14
 6245 003c 8DF80E50 		strb	r5, [sp, #14]
 6246              	.LVL587:
  39:Core/Src/radio/../../Inc/radio/support.h ****         Error_Handler();
 6247              		.loc 2 39 8 view .LVU1717
 6248              	.LBE1461:
 6249              	.LBI1460:
  36:Core/Src/radio/../../Inc/radio/support.h ****     // Wait until TX buffer is empty
 6250              		.loc 2 36 23 is_stmt 1 view .LVU1718
 6251              	.LBB1462:
  38:Core/Src/radio/../../Inc/radio/support.h ****     if(HAL_SPI_TransmitReceive(nrf->hspi,&data,&result,1,2000)!=HAL_OK) {
 6252              		.loc 2 38 5 view .LVU1719
  39:Core/Src/radio/../../Inc/radio/support.h ****         Error_Handler();
 6253              		.loc 2 39 5 view .LVU1720
  39:Core/Src/radio/../../Inc/radio/support.h ****         Error_Handler();
 6254              		.loc 2 39 8 is_stmt 0 view .LVU1721
 6255 0040 0093     		str	r3, [sp]
 6256 0042 0123     		movs	r3, #1
 6257 0044 2068     		ldr	r0, [r4]
 6258 0046 FFF7FEFF 		bl	HAL_SPI_TransmitReceive
 6259              	.LVL588:
  39:Core/Src/radio/../../Inc/radio/support.h ****         Error_Handler();
 6260              		.loc 2 39 7 view .LVU1722
 6261 004a 50B9     		cbnz	r0, .L454
 6262              	.L445:
  41:Core/Src/radio/../../Inc/radio/support.h ****     return result;
 6263              		.loc 2 41 6 is_stmt 1 view .LVU1723
 6264              		.loc 2 42 5 view .LVU1724
 6265              	.LVL589:
 6266              		.loc 2 42 5 is_stmt 0 view .LVU1725
 6267              	.LBE1462:
 6268              	.LBE1460:
  39:Core/Src/radio/nrf24.c **** }
 6269              		.loc 1 39 2 is_stmt 1 view .LVU1726
 6270              	.LBB1464:
 6271              	.LBI1464:
  31:Core/Src/radio/../../Inc/radio/support.h ****     HAL_GPIO_WritePin(nrf->csPort, nrf->csPin, GPIO_PIN_SET);
 6272              		.loc 2 31 20 view .LVU1727
 6273              	.LBB1465:
  32:Core/Src/radio/../../Inc/radio/support.h **** }
 6274              		.loc 2 32 5 view .LVU1728
 6275 004c 0122     		movs	r2, #1
 6276 004e 218A     		ldrh	r1, [r4, #16]
 6277 0050 E068     		ldr	r0, [r4, #12]
 6278              	.LBE1465:
 6279              	.LBE1464:
ARM GAS  C:\Users\l1234\AppData\Local\Temp\ccFgEZ6h.s 			page 147


 6280              	.LBE1470:
 6281              	.LBE1472:
 294:Core/Src/radio/nrf24.c **** 
 6282              		.loc 1 294 1 is_stmt 0 view .LVU1729
 6283 0052 05B0     		add	sp, sp, #20
 6284              	.LCFI51:
 6285              		.cfi_remember_state
 6286              		.cfi_def_cfa_offset 12
 6287              		@ sp needed
 6288 0054 BDE83040 		pop	{r4, r5, lr}
 6289              	.LCFI52:
 6290              		.cfi_restore 14
 6291              		.cfi_restore 5
 6292              		.cfi_restore 4
 6293              		.cfi_def_cfa_offset 0
 6294              	.LVL590:
 6295              	.LBB1473:
 6296              	.LBB1471:
 6297              	.LBB1467:
 6298              	.LBB1466:
  32:Core/Src/radio/../../Inc/radio/support.h **** }
 6299              		.loc 2 32 5 view .LVU1730
 6300 0058 FFF7FEBF 		b	HAL_GPIO_WritePin
 6301              	.LVL591:
 6302              	.L453:
 6303              	.LCFI53:
 6304              		.cfi_restore_state
  32:Core/Src/radio/../../Inc/radio/support.h **** }
 6305              		.loc 2 32 5 view .LVU1731
 6306              	.LBE1466:
 6307              	.LBE1467:
 6308              	.LBB1468:
 6309              	.LBB1459:
  40:Core/Src/radio/../../Inc/radio/support.h ****     };
 6310              		.loc 2 40 9 is_stmt 1 view .LVU1732
 6311 005c FFF7FEFF 		bl	Error_Handler
 6312              	.LVL592:
 6313 0060 E6E7     		b	.L444
 6314              	.LVL593:
 6315              	.L454:
  40:Core/Src/radio/../../Inc/radio/support.h ****     };
 6316              		.loc 2 40 9 is_stmt 0 view .LVU1733
 6317              	.LBE1459:
 6318              	.LBE1468:
 6319              	.LBB1469:
 6320              	.LBB1463:
  40:Core/Src/radio/../../Inc/radio/support.h ****     };
 6321              		.loc 2 40 9 is_stmt 1 view .LVU1734
 6322 0062 FFF7FEFF 		bl	Error_Handler
 6323              	.LVL594:
 6324 0066 F1E7     		b	.L445
 6325              	.LBE1463:
 6326              	.LBE1469:
 6327              	.LBE1471:
 6328              	.LBE1473:
 6329              		.cfi_endproc
 6330              	.LFE163:
ARM GAS  C:\Users\l1234\AppData\Local\Temp\ccFgEZ6h.s 			page 148


 6332              		.section	.text.nRF24_GetRFChannel,"ax",%progbits
 6333              		.align	1
 6334              		.p2align 2,,3
 6335              		.global	nRF24_GetRFChannel
 6336              		.syntax unified
 6337              		.thumb
 6338              		.thumb_func
 6340              	nRF24_GetRFChannel:
 6341              	.LVL595:
 6342              	.LFB164:
 296:Core/Src/radio/nrf24.c **** 	return nRF24_ReadReg(nrf, nRF24_REG_RF_CH);
 6343              		.loc 1 296 54 view -0
 6344              		.cfi_startproc
 6345              		@ args = 0, pretend = 0, frame = 8
 6346              		@ frame_needed = 0, uses_anonymous_args = 0
 297:Core/Src/radio/nrf24.c **** }
 6347              		.loc 1 297 2 view .LVU1736
 296:Core/Src/radio/nrf24.c **** 	return nRF24_ReadReg(nrf, nRF24_REG_RF_CH);
 6348              		.loc 1 296 54 is_stmt 0 view .LVU1737
 6349 0000 30B5     		push	{r4, r5, lr}
 6350              	.LCFI54:
 6351              		.cfi_def_cfa_offset 12
 6352              		.cfi_offset 4, -12
 6353              		.cfi_offset 5, -8
 6354              		.cfi_offset 14, -4
 6355              	.LBB1484:
 6356              	.LBB1485:
 6357              	.LBB1486:
 6358              	.LBB1487:
  28:Core/Src/radio/../../Inc/radio/support.h **** }
 6359              		.loc 2 28 5 view .LVU1738
 6360 0002 018A     		ldrh	r1, [r0, #16]
 6361              	.LBE1487:
 6362              	.LBE1486:
 6363              	.LBE1485:
 6364              	.LBE1484:
 296:Core/Src/radio/nrf24.c **** 	return nRF24_ReadReg(nrf, nRF24_REG_RF_CH);
 6365              		.loc 1 296 54 view .LVU1739
 6366 0004 85B0     		sub	sp, sp, #20
 6367              	.LCFI55:
 6368              		.cfi_def_cfa_offset 32
 6369              	.LBB1507:
 6370              	.LBB1504:
 6371              	.LBB1490:
 6372              	.LBB1488:
  28:Core/Src/radio/../../Inc/radio/support.h **** }
 6373              		.loc 2 28 5 view .LVU1740
 6374 0006 0022     		movs	r2, #0
 6375              	.LBE1488:
 6376              	.LBE1490:
 6377              	.LBE1504:
 6378              	.LBE1507:
 296:Core/Src/radio/nrf24.c **** 	return nRF24_ReadReg(nrf, nRF24_REG_RF_CH);
 6379              		.loc 1 296 54 view .LVU1741
 6380 0008 0446     		mov	r4, r0
 6381              	.LVL596:
 6382              	.LBB1508:
ARM GAS  C:\Users\l1234\AppData\Local\Temp\ccFgEZ6h.s 			page 149


 6383              	.LBI1484:
   9:Core/Src/radio/nrf24.c **** 	uint8_t value;
 6384              		.loc 1 9 9 is_stmt 1 view .LVU1742
 6385              	.LBB1505:
  10:Core/Src/radio/nrf24.c **** 
 6386              		.loc 1 10 2 view .LVU1743
  12:Core/Src/radio/nrf24.c **** 	nRF24_LL_RW(nrf, reg & nRF24_MASK_REG_MAP);
 6387              		.loc 1 12 2 view .LVU1744
 6388              	.LBB1491:
 6389              	.LBI1486:
  27:Core/Src/radio/../../Inc/radio/support.h ****     HAL_GPIO_WritePin(nrf->csPort, nrf->csPin, GPIO_PIN_RESET);
 6390              		.loc 2 27 20 view .LVU1745
 6391              	.LBB1489:
  28:Core/Src/radio/../../Inc/radio/support.h **** }
 6392              		.loc 2 28 5 view .LVU1746
 6393 000a C068     		ldr	r0, [r0, #12]
 6394              	.LVL597:
  28:Core/Src/radio/../../Inc/radio/support.h **** }
 6395              		.loc 2 28 5 is_stmt 0 view .LVU1747
 6396 000c FFF7FEFF 		bl	HAL_GPIO_WritePin
 6397              	.LVL598:
  28:Core/Src/radio/../../Inc/radio/support.h **** }
 6398              		.loc 2 28 5 view .LVU1748
 6399              	.LBE1489:
 6400              	.LBE1491:
  13:Core/Src/radio/nrf24.c **** 	value = nRF24_LL_RW(nrf, nRF24_CMD_NOP);
 6401              		.loc 1 13 2 is_stmt 1 view .LVU1749
 6402              	.LBB1492:
 6403              	.LBB1493:
  39:Core/Src/radio/../../Inc/radio/support.h ****         Error_Handler();
 6404              		.loc 2 39 8 is_stmt 0 view .LVU1750
 6405 0010 4FF4FA63 		mov	r3, #2000
 6406 0014 0522     		movs	r2, #5
 6407 0016 0DF10E01 		add	r1, sp, #14
 6408 001a 0093     		str	r3, [sp]
 6409 001c 0123     		movs	r3, #1
 6410 001e 8DF80E20 		strb	r2, [sp, #14]
 6411              	.LVL599:
  39:Core/Src/radio/../../Inc/radio/support.h ****         Error_Handler();
 6412              		.loc 2 39 8 view .LVU1751
 6413              	.LBE1493:
 6414              	.LBI1492:
  36:Core/Src/radio/../../Inc/radio/support.h ****     // Wait until TX buffer is empty
 6415              		.loc 2 36 23 is_stmt 1 view .LVU1752
 6416              	.LBB1494:
  38:Core/Src/radio/../../Inc/radio/support.h ****     if(HAL_SPI_TransmitReceive(nrf->hspi,&data,&result,1,2000)!=HAL_OK) {
 6417              		.loc 2 38 5 view .LVU1753
  39:Core/Src/radio/../../Inc/radio/support.h ****         Error_Handler();
 6418              		.loc 2 39 5 view .LVU1754
  39:Core/Src/radio/../../Inc/radio/support.h ****         Error_Handler();
 6419              		.loc 2 39 8 is_stmt 0 view .LVU1755
 6420 0022 0DF10F02 		add	r2, sp, #15
 6421              	.LVL600:
  39:Core/Src/radio/../../Inc/radio/support.h ****         Error_Handler();
 6422              		.loc 2 39 8 view .LVU1756
 6423 0026 2068     		ldr	r0, [r4]
 6424 0028 FFF7FEFF 		bl	HAL_SPI_TransmitReceive
ARM GAS  C:\Users\l1234\AppData\Local\Temp\ccFgEZ6h.s 			page 150


 6425              	.LVL601:
  39:Core/Src/radio/../../Inc/radio/support.h ****         Error_Handler();
 6426              		.loc 2 39 7 view .LVU1757
 6427 002c C0B9     		cbnz	r0, .L465
 6428              	.L456:
  41:Core/Src/radio/../../Inc/radio/support.h ****     return result;
 6429              		.loc 2 41 6 is_stmt 1 view .LVU1758
 6430              		.loc 2 42 5 view .LVU1759
 6431              	.LVL602:
 6432              		.loc 2 42 5 is_stmt 0 view .LVU1760
 6433              	.LBE1494:
 6434              	.LBE1492:
  14:Core/Src/radio/nrf24.c **** 	nRF24_CSN_H(nrf);
 6435              		.loc 1 14 2 is_stmt 1 view .LVU1761
 6436              	.LBB1496:
 6437              	.LBB1497:
  39:Core/Src/radio/../../Inc/radio/support.h ****         Error_Handler();
 6438              		.loc 2 39 8 is_stmt 0 view .LVU1762
 6439 002e 4FF4FA63 		mov	r3, #2000
 6440 0032 FF20     		movs	r0, #255
 6441 0034 0DF10F02 		add	r2, sp, #15
 6442 0038 0DF10E01 		add	r1, sp, #14
 6443 003c 0093     		str	r3, [sp]
 6444 003e 0123     		movs	r3, #1
 6445 0040 8DF80E00 		strb	r0, [sp, #14]
 6446              	.LVL603:
  39:Core/Src/radio/../../Inc/radio/support.h ****         Error_Handler();
 6447              		.loc 2 39 8 view .LVU1763
 6448              	.LBE1497:
 6449              	.LBI1496:
  36:Core/Src/radio/../../Inc/radio/support.h ****     // Wait until TX buffer is empty
 6450              		.loc 2 36 23 is_stmt 1 view .LVU1764
 6451              	.LBB1498:
  38:Core/Src/radio/../../Inc/radio/support.h ****     if(HAL_SPI_TransmitReceive(nrf->hspi,&data,&result,1,2000)!=HAL_OK) {
 6452              		.loc 2 38 5 view .LVU1765
  39:Core/Src/radio/../../Inc/radio/support.h ****         Error_Handler();
 6453              		.loc 2 39 5 view .LVU1766
  39:Core/Src/radio/../../Inc/radio/support.h ****         Error_Handler();
 6454              		.loc 2 39 8 is_stmt 0 view .LVU1767
 6455 0044 2068     		ldr	r0, [r4]
 6456              	.LVL604:
  39:Core/Src/radio/../../Inc/radio/support.h ****         Error_Handler();
 6457              		.loc 2 39 8 view .LVU1768
 6458 0046 FFF7FEFF 		bl	HAL_SPI_TransmitReceive
 6459              	.LVL605:
  39:Core/Src/radio/../../Inc/radio/support.h ****         Error_Handler();
 6460              		.loc 2 39 7 view .LVU1769
 6461 004a 60B9     		cbnz	r0, .L466
 6462              	.L457:
  41:Core/Src/radio/../../Inc/radio/support.h ****     return result;
 6463              		.loc 2 41 6 is_stmt 1 view .LVU1770
 6464              		.loc 2 42 5 view .LVU1771
 6465              		.loc 2 42 12 is_stmt 0 view .LVU1772
 6466 004c 9DF80F50 		ldrb	r5, [sp, #15]	@ zero_extendqisi2
 6467              	.LVL606:
 6468              		.loc 2 42 12 view .LVU1773
 6469              	.LBE1498:
ARM GAS  C:\Users\l1234\AppData\Local\Temp\ccFgEZ6h.s 			page 151


 6470              	.LBE1496:
  15:Core/Src/radio/nrf24.c **** 
 6471              		.loc 1 15 2 is_stmt 1 view .LVU1774
 6472              	.LBB1500:
 6473              	.LBI1500:
  31:Core/Src/radio/../../Inc/radio/support.h ****     HAL_GPIO_WritePin(nrf->csPort, nrf->csPin, GPIO_PIN_SET);
 6474              		.loc 2 31 20 view .LVU1775
 6475              	.LBB1501:
  32:Core/Src/radio/../../Inc/radio/support.h **** }
 6476              		.loc 2 32 5 view .LVU1776
 6477 0050 0122     		movs	r2, #1
 6478 0052 E068     		ldr	r0, [r4, #12]
 6479 0054 218A     		ldrh	r1, [r4, #16]
 6480 0056 FFF7FEFF 		bl	HAL_GPIO_WritePin
 6481              	.LVL607:
  32:Core/Src/radio/../../Inc/radio/support.h **** }
 6482              		.loc 2 32 5 is_stmt 0 view .LVU1777
 6483              	.LBE1501:
 6484              	.LBE1500:
  17:Core/Src/radio/nrf24.c **** }
 6485              		.loc 1 17 2 is_stmt 1 view .LVU1778
  17:Core/Src/radio/nrf24.c **** }
 6486              		.loc 1 17 2 is_stmt 0 view .LVU1779
 6487              	.LBE1505:
 6488              	.LBE1508:
 298:Core/Src/radio/nrf24.c **** 
 6489              		.loc 1 298 1 view .LVU1780
 6490 005a 2846     		mov	r0, r5
 6491 005c 05B0     		add	sp, sp, #20
 6492              	.LCFI56:
 6493              		.cfi_remember_state
 6494              		.cfi_def_cfa_offset 12
 6495              		@ sp needed
 6496 005e 30BD     		pop	{r4, r5, pc}
 6497              	.LVL608:
 6498              	.L465:
 6499              	.LCFI57:
 6500              		.cfi_restore_state
 6501              	.LBB1509:
 6502              	.LBB1506:
 6503              	.LBB1502:
 6504              	.LBB1495:
  40:Core/Src/radio/../../Inc/radio/support.h ****     };
 6505              		.loc 2 40 9 is_stmt 1 view .LVU1781
 6506 0060 FFF7FEFF 		bl	Error_Handler
 6507              	.LVL609:
 6508 0064 E3E7     		b	.L456
 6509              	.LVL610:
 6510              	.L466:
  40:Core/Src/radio/../../Inc/radio/support.h ****     };
 6511              		.loc 2 40 9 is_stmt 0 view .LVU1782
 6512              	.LBE1495:
 6513              	.LBE1502:
 6514              	.LBB1503:
 6515              	.LBB1499:
  40:Core/Src/radio/../../Inc/radio/support.h ****     };
 6516              		.loc 2 40 9 is_stmt 1 view .LVU1783
ARM GAS  C:\Users\l1234\AppData\Local\Temp\ccFgEZ6h.s 			page 152


 6517 0066 FFF7FEFF 		bl	Error_Handler
 6518              	.LVL611:
 6519 006a EFE7     		b	.L457
 6520              	.LBE1499:
 6521              	.LBE1503:
 6522              	.LBE1506:
 6523              	.LBE1509:
 6524              		.cfi_endproc
 6525              	.LFE164:
 6527              		.section	.text.nRF24_GetConfig,"ax",%progbits
 6528              		.align	1
 6529              		.p2align 2,,3
 6530              		.global	nRF24_GetConfig
 6531              		.syntax unified
 6532              		.thumb
 6533              		.thumb_func
 6535              	nRF24_GetConfig:
 6536              	.LVL612:
 6537              	.LFB165:
 300:Core/Src/radio/nrf24.c **** 	return nRF24_ReadReg(nrf, nRF24_REG_CONFIG);
 6538              		.loc 1 300 51 view -0
 6539              		.cfi_startproc
 6540              		@ args = 0, pretend = 0, frame = 8
 6541              		@ frame_needed = 0, uses_anonymous_args = 0
 301:Core/Src/radio/nrf24.c **** }
 6542              		.loc 1 301 2 view .LVU1785
 300:Core/Src/radio/nrf24.c **** 	return nRF24_ReadReg(nrf, nRF24_REG_CONFIG);
 6543              		.loc 1 300 51 is_stmt 0 view .LVU1786
 6544 0000 30B5     		push	{r4, r5, lr}
 6545              	.LCFI58:
 6546              		.cfi_def_cfa_offset 12
 6547              		.cfi_offset 4, -12
 6548              		.cfi_offset 5, -8
 6549              		.cfi_offset 14, -4
 6550              	.LBB1520:
 6551              	.LBB1521:
 6552              	.LBB1522:
 6553              	.LBB1523:
  28:Core/Src/radio/../../Inc/radio/support.h **** }
 6554              		.loc 2 28 5 view .LVU1787
 6555 0002 018A     		ldrh	r1, [r0, #16]
 6556              	.LBE1523:
 6557              	.LBE1522:
 6558              	.LBE1521:
 6559              	.LBE1520:
 300:Core/Src/radio/nrf24.c **** 	return nRF24_ReadReg(nrf, nRF24_REG_CONFIG);
 6560              		.loc 1 300 51 view .LVU1788
 6561 0004 85B0     		sub	sp, sp, #20
 6562              	.LCFI59:
 6563              		.cfi_def_cfa_offset 32
 6564              	.LBB1543:
 6565              	.LBB1540:
 6566              	.LBB1526:
 6567              	.LBB1524:
  28:Core/Src/radio/../../Inc/radio/support.h **** }
 6568              		.loc 2 28 5 view .LVU1789
 6569 0006 0022     		movs	r2, #0
ARM GAS  C:\Users\l1234\AppData\Local\Temp\ccFgEZ6h.s 			page 153


 6570              	.LBE1524:
 6571              	.LBE1526:
 6572              	.LBE1540:
 6573              	.LBE1543:
 300:Core/Src/radio/nrf24.c **** 	return nRF24_ReadReg(nrf, nRF24_REG_CONFIG);
 6574              		.loc 1 300 51 view .LVU1790
 6575 0008 0446     		mov	r4, r0
 6576              	.LVL613:
 6577              	.LBB1544:
 6578              	.LBI1520:
   9:Core/Src/radio/nrf24.c **** 	uint8_t value;
 6579              		.loc 1 9 9 is_stmt 1 view .LVU1791
 6580              	.LBB1541:
  10:Core/Src/radio/nrf24.c **** 
 6581              		.loc 1 10 2 view .LVU1792
  12:Core/Src/radio/nrf24.c **** 	nRF24_LL_RW(nrf, reg & nRF24_MASK_REG_MAP);
 6582              		.loc 1 12 2 view .LVU1793
 6583              	.LBB1527:
 6584              	.LBI1522:
  27:Core/Src/radio/../../Inc/radio/support.h ****     HAL_GPIO_WritePin(nrf->csPort, nrf->csPin, GPIO_PIN_RESET);
 6585              		.loc 2 27 20 view .LVU1794
 6586              	.LBB1525:
  28:Core/Src/radio/../../Inc/radio/support.h **** }
 6587              		.loc 2 28 5 view .LVU1795
 6588 000a C068     		ldr	r0, [r0, #12]
 6589              	.LVL614:
  28:Core/Src/radio/../../Inc/radio/support.h **** }
 6590              		.loc 2 28 5 is_stmt 0 view .LVU1796
 6591 000c FFF7FEFF 		bl	HAL_GPIO_WritePin
 6592              	.LVL615:
  28:Core/Src/radio/../../Inc/radio/support.h **** }
 6593              		.loc 2 28 5 view .LVU1797
 6594              	.LBE1525:
 6595              	.LBE1527:
  13:Core/Src/radio/nrf24.c **** 	value = nRF24_LL_RW(nrf, nRF24_CMD_NOP);
 6596              		.loc 1 13 2 is_stmt 1 view .LVU1798
 6597              	.LBB1528:
 6598              	.LBB1529:
  39:Core/Src/radio/../../Inc/radio/support.h ****         Error_Handler();
 6599              		.loc 2 39 8 is_stmt 0 view .LVU1799
 6600 0010 4FF4FA63 		mov	r3, #2000
 6601 0014 0022     		movs	r2, #0
 6602 0016 0DF10E01 		add	r1, sp, #14
 6603 001a 0093     		str	r3, [sp]
 6604 001c 0123     		movs	r3, #1
 6605 001e 8DF80E20 		strb	r2, [sp, #14]
 6606              	.LVL616:
  39:Core/Src/radio/../../Inc/radio/support.h ****         Error_Handler();
 6607              		.loc 2 39 8 view .LVU1800
 6608              	.LBE1529:
 6609              	.LBI1528:
  36:Core/Src/radio/../../Inc/radio/support.h ****     // Wait until TX buffer is empty
 6610              		.loc 2 36 23 is_stmt 1 view .LVU1801
 6611              	.LBB1530:
  38:Core/Src/radio/../../Inc/radio/support.h ****     if(HAL_SPI_TransmitReceive(nrf->hspi,&data,&result,1,2000)!=HAL_OK) {
 6612              		.loc 2 38 5 view .LVU1802
  39:Core/Src/radio/../../Inc/radio/support.h ****         Error_Handler();
ARM GAS  C:\Users\l1234\AppData\Local\Temp\ccFgEZ6h.s 			page 154


 6613              		.loc 2 39 5 view .LVU1803
  39:Core/Src/radio/../../Inc/radio/support.h ****         Error_Handler();
 6614              		.loc 2 39 8 is_stmt 0 view .LVU1804
 6615 0022 0DF10F02 		add	r2, sp, #15
 6616              	.LVL617:
  39:Core/Src/radio/../../Inc/radio/support.h ****         Error_Handler();
 6617              		.loc 2 39 8 view .LVU1805
 6618 0026 2068     		ldr	r0, [r4]
 6619 0028 FFF7FEFF 		bl	HAL_SPI_TransmitReceive
 6620              	.LVL618:
  39:Core/Src/radio/../../Inc/radio/support.h ****         Error_Handler();
 6621              		.loc 2 39 7 view .LVU1806
 6622 002c C0B9     		cbnz	r0, .L477
 6623              	.L468:
  41:Core/Src/radio/../../Inc/radio/support.h ****     return result;
 6624              		.loc 2 41 6 is_stmt 1 view .LVU1807
 6625              		.loc 2 42 5 view .LVU1808
 6626              	.LVL619:
 6627              		.loc 2 42 5 is_stmt 0 view .LVU1809
 6628              	.LBE1530:
 6629              	.LBE1528:
  14:Core/Src/radio/nrf24.c **** 	nRF24_CSN_H(nrf);
 6630              		.loc 1 14 2 is_stmt 1 view .LVU1810
 6631              	.LBB1532:
 6632              	.LBB1533:
  39:Core/Src/radio/../../Inc/radio/support.h ****         Error_Handler();
 6633              		.loc 2 39 8 is_stmt 0 view .LVU1811
 6634 002e 4FF4FA63 		mov	r3, #2000
 6635 0032 FF20     		movs	r0, #255
 6636 0034 0DF10F02 		add	r2, sp, #15
 6637 0038 0DF10E01 		add	r1, sp, #14
 6638 003c 0093     		str	r3, [sp]
 6639 003e 0123     		movs	r3, #1
 6640 0040 8DF80E00 		strb	r0, [sp, #14]
 6641              	.LVL620:
  39:Core/Src/radio/../../Inc/radio/support.h ****         Error_Handler();
 6642              		.loc 2 39 8 view .LVU1812
 6643              	.LBE1533:
 6644              	.LBI1532:
  36:Core/Src/radio/../../Inc/radio/support.h ****     // Wait until TX buffer is empty
 6645              		.loc 2 36 23 is_stmt 1 view .LVU1813
 6646              	.LBB1534:
  38:Core/Src/radio/../../Inc/radio/support.h ****     if(HAL_SPI_TransmitReceive(nrf->hspi,&data,&result,1,2000)!=HAL_OK) {
 6647              		.loc 2 38 5 view .LVU1814
  39:Core/Src/radio/../../Inc/radio/support.h ****         Error_Handler();
 6648              		.loc 2 39 5 view .LVU1815
  39:Core/Src/radio/../../Inc/radio/support.h ****         Error_Handler();
 6649              		.loc 2 39 8 is_stmt 0 view .LVU1816
 6650 0044 2068     		ldr	r0, [r4]
 6651              	.LVL621:
  39:Core/Src/radio/../../Inc/radio/support.h ****         Error_Handler();
 6652              		.loc 2 39 8 view .LVU1817
 6653 0046 FFF7FEFF 		bl	HAL_SPI_TransmitReceive
 6654              	.LVL622:
  39:Core/Src/radio/../../Inc/radio/support.h ****         Error_Handler();
 6655              		.loc 2 39 7 view .LVU1818
 6656 004a 60B9     		cbnz	r0, .L478
ARM GAS  C:\Users\l1234\AppData\Local\Temp\ccFgEZ6h.s 			page 155


 6657              	.L469:
  41:Core/Src/radio/../../Inc/radio/support.h ****     return result;
 6658              		.loc 2 41 6 is_stmt 1 view .LVU1819
 6659              		.loc 2 42 5 view .LVU1820
 6660              		.loc 2 42 12 is_stmt 0 view .LVU1821
 6661 004c 9DF80F50 		ldrb	r5, [sp, #15]	@ zero_extendqisi2
 6662              	.LVL623:
 6663              		.loc 2 42 12 view .LVU1822
 6664              	.LBE1534:
 6665              	.LBE1532:
  15:Core/Src/radio/nrf24.c **** 
 6666              		.loc 1 15 2 is_stmt 1 view .LVU1823
 6667              	.LBB1536:
 6668              	.LBI1536:
  31:Core/Src/radio/../../Inc/radio/support.h ****     HAL_GPIO_WritePin(nrf->csPort, nrf->csPin, GPIO_PIN_SET);
 6669              		.loc 2 31 20 view .LVU1824
 6670              	.LBB1537:
  32:Core/Src/radio/../../Inc/radio/support.h **** }
 6671              		.loc 2 32 5 view .LVU1825
 6672 0050 0122     		movs	r2, #1
 6673 0052 E068     		ldr	r0, [r4, #12]
 6674 0054 218A     		ldrh	r1, [r4, #16]
 6675 0056 FFF7FEFF 		bl	HAL_GPIO_WritePin
 6676              	.LVL624:
  32:Core/Src/radio/../../Inc/radio/support.h **** }
 6677              		.loc 2 32 5 is_stmt 0 view .LVU1826
 6678              	.LBE1537:
 6679              	.LBE1536:
  17:Core/Src/radio/nrf24.c **** }
 6680              		.loc 1 17 2 is_stmt 1 view .LVU1827
  17:Core/Src/radio/nrf24.c **** }
 6681              		.loc 1 17 2 is_stmt 0 view .LVU1828
 6682              	.LBE1541:
 6683              	.LBE1544:
 302:Core/Src/radio/nrf24.c **** 
 6684              		.loc 1 302 1 view .LVU1829
 6685 005a 2846     		mov	r0, r5
 6686 005c 05B0     		add	sp, sp, #20
 6687              	.LCFI60:
 6688              		.cfi_remember_state
 6689              		.cfi_def_cfa_offset 12
 6690              		@ sp needed
 6691 005e 30BD     		pop	{r4, r5, pc}
 6692              	.LVL625:
 6693              	.L477:
 6694              	.LCFI61:
 6695              		.cfi_restore_state
 6696              	.LBB1545:
 6697              	.LBB1542:
 6698              	.LBB1538:
 6699              	.LBB1531:
  40:Core/Src/radio/../../Inc/radio/support.h ****     };
 6700              		.loc 2 40 9 is_stmt 1 view .LVU1830
 6701 0060 FFF7FEFF 		bl	Error_Handler
 6702              	.LVL626:
 6703 0064 E3E7     		b	.L468
 6704              	.LVL627:
ARM GAS  C:\Users\l1234\AppData\Local\Temp\ccFgEZ6h.s 			page 156


 6705              	.L478:
  40:Core/Src/radio/../../Inc/radio/support.h ****     };
 6706              		.loc 2 40 9 is_stmt 0 view .LVU1831
 6707              	.LBE1531:
 6708              	.LBE1538:
 6709              	.LBB1539:
 6710              	.LBB1535:
  40:Core/Src/radio/../../Inc/radio/support.h ****     };
 6711              		.loc 2 40 9 is_stmt 1 view .LVU1832
 6712 0066 FFF7FEFF 		bl	Error_Handler
 6713              	.LVL628:
 6714 006a EFE7     		b	.L469
 6715              	.LBE1535:
 6716              	.LBE1539:
 6717              	.LBE1542:
 6718              	.LBE1545:
 6719              		.cfi_endproc
 6720              	.LFE165:
 6722              		.section	.text.nRF24_SetAutoRetr,"ax",%progbits
 6723              		.align	1
 6724              		.p2align 2,,3
 6725              		.global	nRF24_SetAutoRetr
 6726              		.syntax unified
 6727              		.thumb
 6728              		.thumb_func
 6730              	nRF24_SetAutoRetr:
 6731              	.LVL629:
 6732              	.LFB166:
 309:Core/Src/radio/nrf24.c **** 	// Set auto retransmit settings (SETUP_RETR register)
 6733              		.loc 1 309 76 view -0
 6734              		.cfi_startproc
 6735              		@ args = 0, pretend = 0, frame = 8
 6736              		@ frame_needed = 0, uses_anonymous_args = 0
 311:Core/Src/radio/nrf24.c **** }
 6737              		.loc 1 311 2 view .LVU1834
 309:Core/Src/radio/nrf24.c **** 	// Set auto retransmit settings (SETUP_RETR register)
 6738              		.loc 1 309 76 is_stmt 0 view .LVU1835
 6739 0000 30B5     		push	{r4, r5, lr}
 6740              	.LCFI62:
 6741              		.cfi_def_cfa_offset 12
 6742              		.cfi_offset 4, -12
 6743              		.cfi_offset 5, -8
 6744              		.cfi_offset 14, -4
 6745 0002 1546     		mov	r5, r2
 6746 0004 85B0     		sub	sp, sp, #20
 6747              	.LCFI63:
 6748              		.cfi_def_cfa_offset 32
 6749              	.LBB1560:
 6750              	.LBB1561:
 6751              	.LBB1562:
 6752              	.LBB1563:
  28:Core/Src/radio/../../Inc/radio/support.h **** }
 6753              		.loc 2 28 5 view .LVU1836
 6754 0006 0022     		movs	r2, #0
 6755              	.LVL630:
  28:Core/Src/radio/../../Inc/radio/support.h **** }
 6756              		.loc 2 28 5 view .LVU1837
ARM GAS  C:\Users\l1234\AppData\Local\Temp\ccFgEZ6h.s 			page 157


 6757              	.LBE1563:
 6758              	.LBE1562:
 6759              	.LBE1561:
 6760              	.LBE1560:
 309:Core/Src/radio/nrf24.c **** 	// Set auto retransmit settings (SETUP_RETR register)
 6761              		.loc 1 309 76 view .LVU1838
 6762 0008 0446     		mov	r4, r0
 311:Core/Src/radio/nrf24.c **** }
 6763              		.loc 1 311 2 view .LVU1839
 6764 000a 05F00F05 		and	r5, r5, #15
 6765 000e 45EA0115 		orr	r5, r5, r1, lsl #4
 6766              	.LBB1586:
 6767              	.LBB1583:
 6768              	.LBB1566:
 6769              	.LBB1564:
  28:Core/Src/radio/../../Inc/radio/support.h **** }
 6770              		.loc 2 28 5 view .LVU1840
 6771 0012 018A     		ldrh	r1, [r0, #16]
 6772              	.LVL631:
  28:Core/Src/radio/../../Inc/radio/support.h **** }
 6773              		.loc 2 28 5 view .LVU1841
 6774 0014 C068     		ldr	r0, [r0, #12]
 6775              	.LVL632:
  28:Core/Src/radio/../../Inc/radio/support.h **** }
 6776              		.loc 2 28 5 view .LVU1842
 6777 0016 FFF7FEFF 		bl	HAL_GPIO_WritePin
 6778              	.LVL633:
 6779              	.LBE1564:
 6780              	.LBE1566:
 6781              	.LBB1567:
 6782              	.LBB1568:
  39:Core/Src/radio/../../Inc/radio/support.h ****         Error_Handler();
 6783              		.loc 2 39 8 view .LVU1843
 6784 001a 4FF4FA62 		mov	r2, #2000
 6785 001e 2423     		movs	r3, #36
 6786 0020 0DF10E01 		add	r1, sp, #14
 6787 0024 0092     		str	r2, [sp]
 6788 0026 0DF10F02 		add	r2, sp, #15
 6789 002a 8DF80E30 		strb	r3, [sp, #14]
 6790 002e 0123     		movs	r3, #1
 6791 0030 2068     		ldr	r0, [r4]
 6792              	.LBE1568:
 6793              	.LBE1567:
 6794              	.LBE1583:
 6795              	.LBE1586:
 311:Core/Src/radio/nrf24.c **** }
 6796              		.loc 1 311 2 view .LVU1844
 6797 0032 EDB2     		uxtb	r5, r5
 6798              	.LVL634:
 6799              	.LBB1587:
 6800              	.LBI1560:
  24:Core/Src/radio/nrf24.c **** 	nRF24_CSN_L(nrf);
 6801              		.loc 1 24 6 is_stmt 1 view .LVU1845
 6802              	.LBB1584:
  25:Core/Src/radio/nrf24.c **** 	if (reg < nRF24_CMD_W_REGISTER) {
 6803              		.loc 1 25 2 view .LVU1846
 6804              	.LBB1571:
ARM GAS  C:\Users\l1234\AppData\Local\Temp\ccFgEZ6h.s 			page 158


 6805              	.LBI1562:
  27:Core/Src/radio/../../Inc/radio/support.h ****     HAL_GPIO_WritePin(nrf->csPort, nrf->csPin, GPIO_PIN_RESET);
 6806              		.loc 2 27 20 view .LVU1847
 6807              	.LBB1565:
  28:Core/Src/radio/../../Inc/radio/support.h **** }
 6808              		.loc 2 28 5 view .LVU1848
  28:Core/Src/radio/../../Inc/radio/support.h **** }
 6809              		.loc 2 28 5 is_stmt 0 view .LVU1849
 6810              	.LBE1565:
 6811              	.LBE1571:
  26:Core/Src/radio/nrf24.c **** 		// This is a register access
 6812              		.loc 1 26 2 is_stmt 1 view .LVU1850
  28:Core/Src/radio/nrf24.c **** 		nRF24_LL_RW(nrf, value);
 6813              		.loc 1 28 3 view .LVU1851
 6814              	.LBB1572:
 6815              	.LBI1567:
  36:Core/Src/radio/../../Inc/radio/support.h ****     // Wait until TX buffer is empty
 6816              		.loc 2 36 23 view .LVU1852
 6817              	.LBB1569:
  38:Core/Src/radio/../../Inc/radio/support.h ****     if(HAL_SPI_TransmitReceive(nrf->hspi,&data,&result,1,2000)!=HAL_OK) {
 6818              		.loc 2 38 5 view .LVU1853
  39:Core/Src/radio/../../Inc/radio/support.h ****         Error_Handler();
 6819              		.loc 2 39 5 view .LVU1854
  39:Core/Src/radio/../../Inc/radio/support.h ****         Error_Handler();
 6820              		.loc 2 39 8 is_stmt 0 view .LVU1855
 6821 0034 FFF7FEFF 		bl	HAL_SPI_TransmitReceive
 6822              	.LVL635:
  39:Core/Src/radio/../../Inc/radio/support.h ****         Error_Handler();
 6823              		.loc 2 39 7 view .LVU1856
 6824 0038 A8B9     		cbnz	r0, .L489
 6825              	.L480:
  41:Core/Src/radio/../../Inc/radio/support.h ****     return result;
 6826              		.loc 2 41 6 is_stmt 1 view .LVU1857
 6827              		.loc 2 42 5 view .LVU1858
 6828              	.LVL636:
 6829              		.loc 2 42 5 is_stmt 0 view .LVU1859
 6830              	.LBE1569:
 6831              	.LBE1572:
  29:Core/Src/radio/nrf24.c **** 	} else {
 6832              		.loc 1 29 3 is_stmt 1 view .LVU1860
 6833              	.LBB1573:
 6834              	.LBB1574:
  39:Core/Src/radio/../../Inc/radio/support.h ****         Error_Handler();
 6835              		.loc 2 39 8 is_stmt 0 view .LVU1861
 6836 003a 4FF4FA63 		mov	r3, #2000
 6837 003e 0DF10F02 		add	r2, sp, #15
 6838 0042 0DF10E01 		add	r1, sp, #14
 6839 0046 8DF80E50 		strb	r5, [sp, #14]
 6840              	.LVL637:
  39:Core/Src/radio/../../Inc/radio/support.h ****         Error_Handler();
 6841              		.loc 2 39 8 view .LVU1862
 6842              	.LBE1574:
 6843              	.LBI1573:
  36:Core/Src/radio/../../Inc/radio/support.h ****     // Wait until TX buffer is empty
 6844              		.loc 2 36 23 is_stmt 1 view .LVU1863
 6845              	.LBB1575:
  38:Core/Src/radio/../../Inc/radio/support.h ****     if(HAL_SPI_TransmitReceive(nrf->hspi,&data,&result,1,2000)!=HAL_OK) {
ARM GAS  C:\Users\l1234\AppData\Local\Temp\ccFgEZ6h.s 			page 159


 6846              		.loc 2 38 5 view .LVU1864
  39:Core/Src/radio/../../Inc/radio/support.h ****         Error_Handler();
 6847              		.loc 2 39 5 view .LVU1865
  39:Core/Src/radio/../../Inc/radio/support.h ****         Error_Handler();
 6848              		.loc 2 39 8 is_stmt 0 view .LVU1866
 6849 004a 0093     		str	r3, [sp]
 6850 004c 0123     		movs	r3, #1
 6851 004e 2068     		ldr	r0, [r4]
 6852 0050 FFF7FEFF 		bl	HAL_SPI_TransmitReceive
 6853              	.LVL638:
  39:Core/Src/radio/../../Inc/radio/support.h ****         Error_Handler();
 6854              		.loc 2 39 7 view .LVU1867
 6855 0054 50B9     		cbnz	r0, .L490
 6856              	.L481:
  41:Core/Src/radio/../../Inc/radio/support.h ****     return result;
 6857              		.loc 2 41 6 is_stmt 1 view .LVU1868
 6858              		.loc 2 42 5 view .LVU1869
 6859              	.LVL639:
 6860              		.loc 2 42 5 is_stmt 0 view .LVU1870
 6861              	.LBE1575:
 6862              	.LBE1573:
  39:Core/Src/radio/nrf24.c **** }
 6863              		.loc 1 39 2 is_stmt 1 view .LVU1871
 6864              	.LBB1577:
 6865              	.LBI1577:
  31:Core/Src/radio/../../Inc/radio/support.h ****     HAL_GPIO_WritePin(nrf->csPort, nrf->csPin, GPIO_PIN_SET);
 6866              		.loc 2 31 20 view .LVU1872
 6867              	.LBB1578:
  32:Core/Src/radio/../../Inc/radio/support.h **** }
 6868              		.loc 2 32 5 view .LVU1873
 6869 0056 0122     		movs	r2, #1
 6870 0058 218A     		ldrh	r1, [r4, #16]
 6871 005a E068     		ldr	r0, [r4, #12]
 6872              	.LBE1578:
 6873              	.LBE1577:
 6874              	.LBE1584:
 6875              	.LBE1587:
 312:Core/Src/radio/nrf24.c **** 
 6876              		.loc 1 312 1 is_stmt 0 view .LVU1874
 6877 005c 05B0     		add	sp, sp, #20
 6878              	.LCFI64:
 6879              		.cfi_remember_state
 6880              		.cfi_def_cfa_offset 12
 6881              		@ sp needed
 6882 005e BDE83040 		pop	{r4, r5, lr}
 6883              	.LCFI65:
 6884              		.cfi_restore 14
 6885              		.cfi_restore 5
 6886              		.cfi_restore 4
 6887              		.cfi_def_cfa_offset 0
 6888              	.LVL640:
 6889              	.LBB1588:
 6890              	.LBB1585:
 6891              	.LBB1580:
 6892              	.LBB1579:
  32:Core/Src/radio/../../Inc/radio/support.h **** }
 6893              		.loc 2 32 5 view .LVU1875
ARM GAS  C:\Users\l1234\AppData\Local\Temp\ccFgEZ6h.s 			page 160


 6894 0062 FFF7FEBF 		b	HAL_GPIO_WritePin
 6895              	.LVL641:
 6896              	.L489:
 6897              	.LCFI66:
 6898              		.cfi_restore_state
  32:Core/Src/radio/../../Inc/radio/support.h **** }
 6899              		.loc 2 32 5 view .LVU1876
 6900              	.LBE1579:
 6901              	.LBE1580:
 6902              	.LBB1581:
 6903              	.LBB1570:
  40:Core/Src/radio/../../Inc/radio/support.h ****     };
 6904              		.loc 2 40 9 is_stmt 1 view .LVU1877
 6905 0066 FFF7FEFF 		bl	Error_Handler
 6906              	.LVL642:
 6907 006a E6E7     		b	.L480
 6908              	.LVL643:
 6909              	.L490:
  40:Core/Src/radio/../../Inc/radio/support.h ****     };
 6910              		.loc 2 40 9 is_stmt 0 view .LVU1878
 6911              	.LBE1570:
 6912              	.LBE1581:
 6913              	.LBB1582:
 6914              	.LBB1576:
  40:Core/Src/radio/../../Inc/radio/support.h ****     };
 6915              		.loc 2 40 9 is_stmt 1 view .LVU1879
 6916 006c FFF7FEFF 		bl	Error_Handler
 6917              	.LVL644:
 6918 0070 F1E7     		b	.L481
 6919              	.LBE1576:
 6920              	.LBE1582:
 6921              	.LBE1585:
 6922              	.LBE1588:
 6923              		.cfi_endproc
 6924              	.LFE166:
 6926 0072 00BF     		.section	.text.nRF24_SetAddrWidth,"ax",%progbits
 6927              		.align	1
 6928              		.p2align 2,,3
 6929              		.global	nRF24_SetAddrWidth
 6930              		.syntax unified
 6931              		.thumb
 6932              		.thumb_func
 6934              	nRF24_SetAddrWidth:
 6935              	.LVL645:
 6936              	.LFB167:
 318:Core/Src/radio/nrf24.c **** 	nRF24_WriteReg(nrf, nRF24_REG_SETUP_AW, addr_width - 2);
 6937              		.loc 1 318 71 view -0
 6938              		.cfi_startproc
 6939              		@ args = 0, pretend = 0, frame = 8
 6940              		@ frame_needed = 0, uses_anonymous_args = 0
 319:Core/Src/radio/nrf24.c **** }
 6941              		.loc 1 319 2 view .LVU1881
 318:Core/Src/radio/nrf24.c **** 	nRF24_WriteReg(nrf, nRF24_REG_SETUP_AW, addr_width - 2);
 6942              		.loc 1 318 71 is_stmt 0 view .LVU1882
 6943 0000 30B5     		push	{r4, r5, lr}
 6944              	.LCFI67:
 6945              		.cfi_def_cfa_offset 12
ARM GAS  C:\Users\l1234\AppData\Local\Temp\ccFgEZ6h.s 			page 161


 6946              		.cfi_offset 4, -12
 6947              		.cfi_offset 5, -8
 6948              		.cfi_offset 14, -4
 6949              	.LBB1603:
 6950              	.LBB1604:
 6951              	.LBB1605:
 6952              	.LBB1606:
  28:Core/Src/radio/../../Inc/radio/support.h **** }
 6953              		.loc 2 28 5 view .LVU1883
 6954 0002 0022     		movs	r2, #0
 6955              	.LBE1606:
 6956              	.LBE1605:
 6957              	.LBE1604:
 6958              	.LBE1603:
 318:Core/Src/radio/nrf24.c **** 	nRF24_WriteReg(nrf, nRF24_REG_SETUP_AW, addr_width - 2);
 6959              		.loc 1 318 71 view .LVU1884
 6960 0004 85B0     		sub	sp, sp, #20
 6961              	.LCFI68:
 6962              		.cfi_def_cfa_offset 32
 318:Core/Src/radio/nrf24.c **** 	nRF24_WriteReg(nrf, nRF24_REG_SETUP_AW, addr_width - 2);
 6963              		.loc 1 318 71 view .LVU1885
 6964 0006 0446     		mov	r4, r0
 319:Core/Src/radio/nrf24.c **** }
 6965              		.loc 1 319 2 view .LVU1886
 6966 0008 8D1E     		subs	r5, r1, #2
 6967              	.LBB1628:
 6968              	.LBB1625:
 6969              	.LBB1609:
 6970              	.LBB1607:
  28:Core/Src/radio/../../Inc/radio/support.h **** }
 6971              		.loc 2 28 5 view .LVU1887
 6972 000a 018A     		ldrh	r1, [r0, #16]
 6973              	.LVL646:
  28:Core/Src/radio/../../Inc/radio/support.h **** }
 6974              		.loc 2 28 5 view .LVU1888
 6975 000c C068     		ldr	r0, [r0, #12]
 6976              	.LVL647:
  28:Core/Src/radio/../../Inc/radio/support.h **** }
 6977              		.loc 2 28 5 view .LVU1889
 6978              	.LBE1607:
 6979              	.LBE1609:
 6980              	.LBE1625:
 6981              	.LBE1628:
 319:Core/Src/radio/nrf24.c **** }
 6982              		.loc 1 319 2 view .LVU1890
 6983 000e EDB2     		uxtb	r5, r5
 6984              	.LVL648:
 6985              	.LBB1629:
 6986              	.LBI1603:
  24:Core/Src/radio/nrf24.c **** 	nRF24_CSN_L(nrf);
 6987              		.loc 1 24 6 is_stmt 1 view .LVU1891
 6988              	.LBB1626:
  25:Core/Src/radio/nrf24.c **** 	if (reg < nRF24_CMD_W_REGISTER) {
 6989              		.loc 1 25 2 view .LVU1892
 6990              	.LBB1610:
 6991              	.LBI1605:
  27:Core/Src/radio/../../Inc/radio/support.h ****     HAL_GPIO_WritePin(nrf->csPort, nrf->csPin, GPIO_PIN_RESET);
ARM GAS  C:\Users\l1234\AppData\Local\Temp\ccFgEZ6h.s 			page 162


 6992              		.loc 2 27 20 view .LVU1893
 6993              	.LBB1608:
  28:Core/Src/radio/../../Inc/radio/support.h **** }
 6994              		.loc 2 28 5 view .LVU1894
 6995 0010 FFF7FEFF 		bl	HAL_GPIO_WritePin
 6996              	.LVL649:
  28:Core/Src/radio/../../Inc/radio/support.h **** }
 6997              		.loc 2 28 5 is_stmt 0 view .LVU1895
 6998              	.LBE1608:
 6999              	.LBE1610:
  26:Core/Src/radio/nrf24.c **** 		// This is a register access
 7000              		.loc 1 26 2 is_stmt 1 view .LVU1896
  28:Core/Src/radio/nrf24.c **** 		nRF24_LL_RW(nrf, value);
 7001              		.loc 1 28 3 view .LVU1897
 7002              	.LBB1611:
 7003              	.LBB1612:
  39:Core/Src/radio/../../Inc/radio/support.h ****         Error_Handler();
 7004              		.loc 2 39 8 is_stmt 0 view .LVU1898
 7005 0014 4FF4FA62 		mov	r2, #2000
 7006 0018 2323     		movs	r3, #35
 7007 001a 0DF10E01 		add	r1, sp, #14
 7008 001e 0092     		str	r2, [sp]
 7009 0020 0DF10F02 		add	r2, sp, #15
 7010 0024 8DF80E30 		strb	r3, [sp, #14]
 7011              	.LVL650:
  39:Core/Src/radio/../../Inc/radio/support.h ****         Error_Handler();
 7012              		.loc 2 39 8 view .LVU1899
 7013              	.LBE1612:
 7014              	.LBI1611:
  36:Core/Src/radio/../../Inc/radio/support.h ****     // Wait until TX buffer is empty
 7015              		.loc 2 36 23 is_stmt 1 view .LVU1900
 7016              	.LBB1613:
  38:Core/Src/radio/../../Inc/radio/support.h ****     if(HAL_SPI_TransmitReceive(nrf->hspi,&data,&result,1,2000)!=HAL_OK) {
 7017              		.loc 2 38 5 view .LVU1901
  39:Core/Src/radio/../../Inc/radio/support.h ****         Error_Handler();
 7018              		.loc 2 39 5 view .LVU1902
  39:Core/Src/radio/../../Inc/radio/support.h ****         Error_Handler();
 7019              		.loc 2 39 8 is_stmt 0 view .LVU1903
 7020 0028 0123     		movs	r3, #1
 7021              	.LVL651:
  39:Core/Src/radio/../../Inc/radio/support.h ****         Error_Handler();
 7022              		.loc 2 39 8 view .LVU1904
 7023 002a 2068     		ldr	r0, [r4]
 7024 002c FFF7FEFF 		bl	HAL_SPI_TransmitReceive
 7025              	.LVL652:
  39:Core/Src/radio/../../Inc/radio/support.h ****         Error_Handler();
 7026              		.loc 2 39 7 view .LVU1905
 7027 0030 A8B9     		cbnz	r0, .L501
 7028              	.L492:
  41:Core/Src/radio/../../Inc/radio/support.h ****     return result;
 7029              		.loc 2 41 6 is_stmt 1 view .LVU1906
 7030              		.loc 2 42 5 view .LVU1907
 7031              	.LVL653:
 7032              		.loc 2 42 5 is_stmt 0 view .LVU1908
 7033              	.LBE1613:
 7034              	.LBE1611:
  29:Core/Src/radio/nrf24.c **** 	} else {
ARM GAS  C:\Users\l1234\AppData\Local\Temp\ccFgEZ6h.s 			page 163


 7035              		.loc 1 29 3 is_stmt 1 view .LVU1909
 7036              	.LBB1615:
 7037              	.LBB1616:
  39:Core/Src/radio/../../Inc/radio/support.h ****         Error_Handler();
 7038              		.loc 2 39 8 is_stmt 0 view .LVU1910
 7039 0032 4FF4FA63 		mov	r3, #2000
 7040 0036 0DF10F02 		add	r2, sp, #15
 7041 003a 0DF10E01 		add	r1, sp, #14
 7042 003e 8DF80E50 		strb	r5, [sp, #14]
 7043              	.LVL654:
  39:Core/Src/radio/../../Inc/radio/support.h ****         Error_Handler();
 7044              		.loc 2 39 8 view .LVU1911
 7045              	.LBE1616:
 7046              	.LBI1615:
  36:Core/Src/radio/../../Inc/radio/support.h ****     // Wait until TX buffer is empty
 7047              		.loc 2 36 23 is_stmt 1 view .LVU1912
 7048              	.LBB1617:
  38:Core/Src/radio/../../Inc/radio/support.h ****     if(HAL_SPI_TransmitReceive(nrf->hspi,&data,&result,1,2000)!=HAL_OK) {
 7049              		.loc 2 38 5 view .LVU1913
  39:Core/Src/radio/../../Inc/radio/support.h ****         Error_Handler();
 7050              		.loc 2 39 5 view .LVU1914
  39:Core/Src/radio/../../Inc/radio/support.h ****         Error_Handler();
 7051              		.loc 2 39 8 is_stmt 0 view .LVU1915
 7052 0042 0093     		str	r3, [sp]
 7053 0044 0123     		movs	r3, #1
 7054 0046 2068     		ldr	r0, [r4]
 7055 0048 FFF7FEFF 		bl	HAL_SPI_TransmitReceive
 7056              	.LVL655:
  39:Core/Src/radio/../../Inc/radio/support.h ****         Error_Handler();
 7057              		.loc 2 39 7 view .LVU1916
 7058 004c 50B9     		cbnz	r0, .L502
 7059              	.L493:
  41:Core/Src/radio/../../Inc/radio/support.h ****     return result;
 7060              		.loc 2 41 6 is_stmt 1 view .LVU1917
 7061              		.loc 2 42 5 view .LVU1918
 7062              	.LVL656:
 7063              		.loc 2 42 5 is_stmt 0 view .LVU1919
 7064              	.LBE1617:
 7065              	.LBE1615:
  39:Core/Src/radio/nrf24.c **** }
 7066              		.loc 1 39 2 is_stmt 1 view .LVU1920
 7067              	.LBB1619:
 7068              	.LBI1619:
  31:Core/Src/radio/../../Inc/radio/support.h ****     HAL_GPIO_WritePin(nrf->csPort, nrf->csPin, GPIO_PIN_SET);
 7069              		.loc 2 31 20 view .LVU1921
 7070              	.LBB1620:
  32:Core/Src/radio/../../Inc/radio/support.h **** }
 7071              		.loc 2 32 5 view .LVU1922
 7072 004e 0122     		movs	r2, #1
 7073 0050 218A     		ldrh	r1, [r4, #16]
 7074 0052 E068     		ldr	r0, [r4, #12]
 7075              	.LBE1620:
 7076              	.LBE1619:
 7077              	.LBE1626:
 7078              	.LBE1629:
 320:Core/Src/radio/nrf24.c **** 
 7079              		.loc 1 320 1 is_stmt 0 view .LVU1923
ARM GAS  C:\Users\l1234\AppData\Local\Temp\ccFgEZ6h.s 			page 164


 7080 0054 05B0     		add	sp, sp, #20
 7081              	.LCFI69:
 7082              		.cfi_remember_state
 7083              		.cfi_def_cfa_offset 12
 7084              		@ sp needed
 7085 0056 BDE83040 		pop	{r4, r5, lr}
 7086              	.LCFI70:
 7087              		.cfi_restore 14
 7088              		.cfi_restore 5
 7089              		.cfi_restore 4
 7090              		.cfi_def_cfa_offset 0
 7091              	.LVL657:
 7092              	.LBB1630:
 7093              	.LBB1627:
 7094              	.LBB1622:
 7095              	.LBB1621:
  32:Core/Src/radio/../../Inc/radio/support.h **** }
 7096              		.loc 2 32 5 view .LVU1924
 7097 005a FFF7FEBF 		b	HAL_GPIO_WritePin
 7098              	.LVL658:
 7099              	.L501:
 7100              	.LCFI71:
 7101              		.cfi_restore_state
  32:Core/Src/radio/../../Inc/radio/support.h **** }
 7102              		.loc 2 32 5 view .LVU1925
 7103              	.LBE1621:
 7104              	.LBE1622:
 7105              	.LBB1623:
 7106              	.LBB1614:
  40:Core/Src/radio/../../Inc/radio/support.h ****     };
 7107              		.loc 2 40 9 is_stmt 1 view .LVU1926
 7108 005e FFF7FEFF 		bl	Error_Handler
 7109              	.LVL659:
 7110 0062 E6E7     		b	.L492
 7111              	.LVL660:
 7112              	.L502:
  40:Core/Src/radio/../../Inc/radio/support.h ****     };
 7113              		.loc 2 40 9 is_stmt 0 view .LVU1927
 7114              	.LBE1614:
 7115              	.LBE1623:
 7116              	.LBB1624:
 7117              	.LBB1618:
  40:Core/Src/radio/../../Inc/radio/support.h ****     };
 7118              		.loc 2 40 9 is_stmt 1 view .LVU1928
 7119 0064 FFF7FEFF 		bl	Error_Handler
 7120              	.LVL661:
 7121 0068 F1E7     		b	.L493
 7122              	.LBE1618:
 7123              	.LBE1624:
 7124              	.LBE1627:
 7125              	.LBE1630:
 7126              		.cfi_endproc
 7127              	.LFE167:
 7129 006a 00BF     		.section	.text.nRF24_SetAddr,"ax",%progbits
 7130              		.align	1
 7131              		.p2align 2,,3
 7132              		.global	nRF24_SetAddr
ARM GAS  C:\Users\l1234\AppData\Local\Temp\ccFgEZ6h.s 			page 165


 7133              		.syntax unified
 7134              		.thumb
 7135              		.thumb_func
 7137              	nRF24_SetAddr:
 7138              	.LVL662:
 7139              	.LFB168:
 332:Core/Src/radio/nrf24.c **** 	uint8_t addr_width;
 7140              		.loc 1 332 81 view -0
 7141              		.cfi_startproc
 7142              		@ args = 0, pretend = 0, frame = 8
 7143              		@ frame_needed = 0, uses_anonymous_args = 0
 333:Core/Src/radio/nrf24.c **** 
 7144              		.loc 1 333 2 view .LVU1930
 336:Core/Src/radio/nrf24.c **** 		case nRF24_PIPETX:
 7145              		.loc 1 336 2 view .LVU1931
 7146 0000 0529     		cmp	r1, #5
 332:Core/Src/radio/nrf24.c **** 	uint8_t addr_width;
 7147              		.loc 1 332 81 is_stmt 0 view .LVU1932
 7148 0002 F0B5     		push	{r4, r5, r6, r7, lr}
 7149              	.LCFI72:
 7150              		.cfi_def_cfa_offset 20
 7151              		.cfi_offset 4, -20
 7152              		.cfi_offset 5, -16
 7153              		.cfi_offset 6, -12
 7154              		.cfi_offset 7, -8
 7155              		.cfi_offset 14, -4
 7156 0004 0E46     		mov	r6, r1
 7157 0006 85B0     		sub	sp, sp, #20
 7158              	.LCFI73:
 7159              		.cfi_def_cfa_offset 40
 332:Core/Src/radio/nrf24.c **** 	uint8_t addr_width;
 7160              		.loc 1 332 81 view .LVU1933
 7161 0008 0546     		mov	r5, r0
 7162 000a 1746     		mov	r7, r2
 336:Core/Src/radio/nrf24.c **** 		case nRF24_PIPETX:
 7163              		.loc 1 336 2 view .LVU1934
 7164 000c 62D8     		bhi	.L504
 7165 000e 0129     		cmp	r1, #1
 7166 0010 69D8     		bhi	.L525
 7167              	.L506:
 341:Core/Src/radio/nrf24.c **** 			// Write address in reverse order (LSByte first)
 7168              		.loc 1 341 4 is_stmt 1 view .LVU1935
 7169              	.LVL663:
 7170              	.LBB1649:
 7171              	.LBI1649:
   9:Core/Src/radio/nrf24.c **** 	uint8_t value;
 7172              		.loc 1 9 9 view .LVU1936
 7173              	.LBB1650:
  10:Core/Src/radio/nrf24.c **** 
 7174              		.loc 1 10 2 view .LVU1937
  12:Core/Src/radio/nrf24.c **** 	nRF24_LL_RW(nrf, reg & nRF24_MASK_REG_MAP);
 7175              		.loc 1 12 2 view .LVU1938
 7176              	.LBB1651:
 7177              	.LBI1651:
  27:Core/Src/radio/../../Inc/radio/support.h ****     HAL_GPIO_WritePin(nrf->csPort, nrf->csPin, GPIO_PIN_RESET);
 7178              		.loc 2 27 20 view .LVU1939
 7179              	.LBB1652:
ARM GAS  C:\Users\l1234\AppData\Local\Temp\ccFgEZ6h.s 			page 166


  28:Core/Src/radio/../../Inc/radio/support.h **** }
 7180              		.loc 2 28 5 view .LVU1940
 7181 0012 0022     		movs	r2, #0
 7182              	.LVL664:
  28:Core/Src/radio/../../Inc/radio/support.h **** }
 7183              		.loc 2 28 5 is_stmt 0 view .LVU1941
 7184 0014 298A     		ldrh	r1, [r5, #16]
 7185              	.LVL665:
  28:Core/Src/radio/../../Inc/radio/support.h **** }
 7186              		.loc 2 28 5 view .LVU1942
 7187 0016 E868     		ldr	r0, [r5, #12]
 7188              	.LVL666:
  28:Core/Src/radio/../../Inc/radio/support.h **** }
 7189              		.loc 2 28 5 view .LVU1943
 7190 0018 FFF7FEFF 		bl	HAL_GPIO_WritePin
 7191              	.LVL667:
  28:Core/Src/radio/../../Inc/radio/support.h **** }
 7192              		.loc 2 28 5 view .LVU1944
 7193              	.LBE1652:
 7194              	.LBE1651:
  13:Core/Src/radio/nrf24.c **** 	value = nRF24_LL_RW(nrf, nRF24_CMD_NOP);
 7195              		.loc 1 13 2 is_stmt 1 view .LVU1945
 7196 001c 0323     		movs	r3, #3
 7197              	.LBB1653:
 7198              	.LBB1654:
  39:Core/Src/radio/../../Inc/radio/support.h ****         Error_Handler();
 7199              		.loc 2 39 8 is_stmt 0 view .LVU1946
 7200 001e 0DF10F02 		add	r2, sp, #15
 7201 0022 0DF10E01 		add	r1, sp, #14
 7202 0026 8DF80E30 		strb	r3, [sp, #14]
 7203              	.LVL668:
  39:Core/Src/radio/../../Inc/radio/support.h ****         Error_Handler();
 7204              		.loc 2 39 8 view .LVU1947
 7205              	.LBE1654:
 7206              	.LBI1653:
  36:Core/Src/radio/../../Inc/radio/support.h ****     // Wait until TX buffer is empty
 7207              		.loc 2 36 23 is_stmt 1 view .LVU1948
 7208              	.LBB1655:
  38:Core/Src/radio/../../Inc/radio/support.h ****     if(HAL_SPI_TransmitReceive(nrf->hspi,&data,&result,1,2000)!=HAL_OK) {
 7209              		.loc 2 38 5 view .LVU1949
  39:Core/Src/radio/../../Inc/radio/support.h ****         Error_Handler();
 7210              		.loc 2 39 5 view .LVU1950
  39:Core/Src/radio/../../Inc/radio/support.h ****         Error_Handler();
 7211              		.loc 2 39 8 is_stmt 0 view .LVU1951
 7212 002a 4FF4FA63 		mov	r3, #2000
 7213              	.LVL669:
  39:Core/Src/radio/../../Inc/radio/support.h ****         Error_Handler();
 7214              		.loc 2 39 8 view .LVU1952
 7215 002e 0093     		str	r3, [sp]
 7216 0030 0123     		movs	r3, #1
 7217 0032 2868     		ldr	r0, [r5]
 7218 0034 FFF7FEFF 		bl	HAL_SPI_TransmitReceive
 7219              	.LVL670:
  39:Core/Src/radio/../../Inc/radio/support.h ****         Error_Handler();
 7220              		.loc 2 39 7 view .LVU1953
 7221 0038 0028     		cmp	r0, #0
 7222 003a 5CD1     		bne	.L526
ARM GAS  C:\Users\l1234\AppData\Local\Temp\ccFgEZ6h.s 			page 167


 7223              	.L508:
  41:Core/Src/radio/../../Inc/radio/support.h ****     return result;
 7224              		.loc 2 41 6 is_stmt 1 view .LVU1954
 7225              		.loc 2 42 5 view .LVU1955
 7226              	.LVL671:
 7227              		.loc 2 42 5 is_stmt 0 view .LVU1956
 7228              	.LBE1655:
 7229              	.LBE1653:
  14:Core/Src/radio/nrf24.c **** 	nRF24_CSN_H(nrf);
 7230              		.loc 1 14 2 is_stmt 1 view .LVU1957
 7231              	.LBB1657:
 7232              	.LBB1658:
  39:Core/Src/radio/../../Inc/radio/support.h ****         Error_Handler();
 7233              		.loc 2 39 8 is_stmt 0 view .LVU1958
 7234 003c 4FF4FA63 		mov	r3, #2000
 7235 0040 0DF10F02 		add	r2, sp, #15
 7236 0044 0DF10E01 		add	r1, sp, #14
 7237 0048 0093     		str	r3, [sp]
 7238 004a FF23     		movs	r3, #255
 7239 004c 2868     		ldr	r0, [r5]
 7240 004e 8DF80E30 		strb	r3, [sp, #14]
 7241              	.LVL672:
  39:Core/Src/radio/../../Inc/radio/support.h ****         Error_Handler();
 7242              		.loc 2 39 8 view .LVU1959
 7243              	.LBE1658:
 7244              	.LBI1657:
  36:Core/Src/radio/../../Inc/radio/support.h ****     // Wait until TX buffer is empty
 7245              		.loc 2 36 23 is_stmt 1 view .LVU1960
 7246              	.LBB1659:
  38:Core/Src/radio/../../Inc/radio/support.h ****     if(HAL_SPI_TransmitReceive(nrf->hspi,&data,&result,1,2000)!=HAL_OK) {
 7247              		.loc 2 38 5 view .LVU1961
  39:Core/Src/radio/../../Inc/radio/support.h ****         Error_Handler();
 7248              		.loc 2 39 5 view .LVU1962
  39:Core/Src/radio/../../Inc/radio/support.h ****         Error_Handler();
 7249              		.loc 2 39 8 is_stmt 0 view .LVU1963
 7250 0052 0123     		movs	r3, #1
 7251              	.LVL673:
  39:Core/Src/radio/../../Inc/radio/support.h ****         Error_Handler();
 7252              		.loc 2 39 8 view .LVU1964
 7253 0054 FFF7FEFF 		bl	HAL_SPI_TransmitReceive
 7254              	.LVL674:
  39:Core/Src/radio/../../Inc/radio/support.h ****         Error_Handler();
 7255              		.loc 2 39 7 view .LVU1965
 7256 0058 0028     		cmp	r0, #0
 7257 005a 52D1     		bne	.L527
 7258              	.L509:
  41:Core/Src/radio/../../Inc/radio/support.h ****     return result;
 7259              		.loc 2 41 6 is_stmt 1 view .LVU1966
 7260              		.loc 2 42 5 view .LVU1967
 7261              	.LBE1659:
 7262              	.LBE1657:
 7263              	.LBB1662:
 7264              	.LBB1663:
  32:Core/Src/radio/../../Inc/radio/support.h **** }
 7265              		.loc 2 32 5 is_stmt 0 view .LVU1968
 7266 005c 0122     		movs	r2, #1
 7267 005e 298A     		ldrh	r1, [r5, #16]
ARM GAS  C:\Users\l1234\AppData\Local\Temp\ccFgEZ6h.s 			page 168


 7268 0060 E868     		ldr	r0, [r5, #12]
 7269              	.LBE1663:
 7270              	.LBE1662:
 7271              	.LBB1665:
 7272              	.LBB1660:
 7273              		.loc 2 42 12 view .LVU1969
 7274 0062 9DF80F40 		ldrb	r4, [sp, #15]	@ zero_extendqisi2
 7275              	.LVL675:
 7276              		.loc 2 42 12 view .LVU1970
 7277              	.LBE1660:
 7278              	.LBE1665:
  15:Core/Src/radio/nrf24.c **** 
 7279              		.loc 1 15 2 is_stmt 1 view .LVU1971
 7280              	.LBB1666:
 7281              	.LBI1662:
  31:Core/Src/radio/../../Inc/radio/support.h ****     HAL_GPIO_WritePin(nrf->csPort, nrf->csPin, GPIO_PIN_SET);
 7282              		.loc 2 31 20 view .LVU1972
 7283              	.LBB1664:
  32:Core/Src/radio/../../Inc/radio/support.h **** }
 7284              		.loc 2 32 5 view .LVU1973
 7285 0066 FFF7FEFF 		bl	HAL_GPIO_WritePin
 7286              	.LVL676:
  32:Core/Src/radio/../../Inc/radio/support.h **** }
 7287              		.loc 2 32 5 is_stmt 0 view .LVU1974
 7288              	.LBE1664:
 7289              	.LBE1666:
  17:Core/Src/radio/nrf24.c **** }
 7290              		.loc 1 17 2 is_stmt 1 view .LVU1975
  17:Core/Src/radio/nrf24.c **** }
 7291              		.loc 1 17 2 is_stmt 0 view .LVU1976
 7292              	.LBE1650:
 7293              	.LBE1649:
 343:Core/Src/radio/nrf24.c **** 			nRF24_CSN_L(nrf);
 7294              		.loc 1 343 4 is_stmt 1 view .LVU1977
 7295              	.LBB1671:
 7296              	.LBB1672:
  28:Core/Src/radio/../../Inc/radio/support.h **** }
 7297              		.loc 2 28 5 is_stmt 0 view .LVU1978
 7298 006a 0022     		movs	r2, #0
 7299 006c 298A     		ldrh	r1, [r5, #16]
 7300 006e E868     		ldr	r0, [r5, #12]
 7301              	.LBE1672:
 7302              	.LBE1671:
 341:Core/Src/radio/nrf24.c **** 			// Write address in reverse order (LSByte first)
 7303              		.loc 1 341 15 view .LVU1979
 7304 0070 0134     		adds	r4, r4, #1
 7305              	.LVL677:
 7306              	.LBB1675:
 7307              	.LBB1673:
  28:Core/Src/radio/../../Inc/radio/support.h **** }
 7308              		.loc 2 28 5 view .LVU1980
 7309 0072 FFF7FEFF 		bl	HAL_GPIO_WritePin
 7310              	.LVL678:
 7311              	.LBE1673:
 7312              	.LBE1675:
 345:Core/Src/radio/nrf24.c **** 			do {
 7313              		.loc 1 345 59 view .LVU1981
ARM GAS  C:\Users\l1234\AppData\Local\Temp\ccFgEZ6h.s 			page 169


 7314 0076 244B     		ldr	r3, .L530
 7315              	.LBB1676:
 7316              	.LBB1677:
  39:Core/Src/radio/../../Inc/radio/support.h ****         Error_Handler();
 7317              		.loc 2 39 8 view .LVU1982
 7318 0078 0DF10F02 		add	r2, sp, #15
 7319 007c 0DF10E01 		add	r1, sp, #14
 7320              	.LBE1677:
 7321              	.LBE1676:
 345:Core/Src/radio/nrf24.c **** 			do {
 7322              		.loc 1 345 4 view .LVU1983
 7323 0080 9B5D     		ldrb	r3, [r3, r6]	@ zero_extendqisi2
 343:Core/Src/radio/nrf24.c **** 			nRF24_CSN_L(nrf);
 7324              		.loc 1 343 9 view .LVU1984
 7325 0082 57FA84F4 		uxtab	r4, r7, r4
 7326              	.LVL679:
 344:Core/Src/radio/nrf24.c **** 			nRF24_LL_RW(nrf, nRF24_CMD_W_REGISTER | nRF24_ADDR_REGS[pipe]);
 7327              		.loc 1 344 4 is_stmt 1 view .LVU1985
 7328              	.LBB1680:
 7329              	.LBI1671:
  27:Core/Src/radio/../../Inc/radio/support.h ****     HAL_GPIO_WritePin(nrf->csPort, nrf->csPin, GPIO_PIN_RESET);
 7330              		.loc 2 27 20 view .LVU1986
 7331              	.LBB1674:
  28:Core/Src/radio/../../Inc/radio/support.h **** }
 7332              		.loc 2 28 5 view .LVU1987
  28:Core/Src/radio/../../Inc/radio/support.h **** }
 7333              		.loc 2 28 5 is_stmt 0 view .LVU1988
 7334              	.LBE1674:
 7335              	.LBE1680:
 345:Core/Src/radio/nrf24.c **** 			do {
 7336              		.loc 1 345 4 is_stmt 1 view .LVU1989
 7337 0086 43F02003 		orr	r3, r3, #32
 7338 008a 8DF80E30 		strb	r3, [sp, #14]
 7339              	.LVL680:
 7340              	.LBB1681:
 7341              	.LBI1676:
  36:Core/Src/radio/../../Inc/radio/support.h ****     // Wait until TX buffer is empty
 7342              		.loc 2 36 23 view .LVU1990
 7343              	.LBB1678:
  38:Core/Src/radio/../../Inc/radio/support.h ****     if(HAL_SPI_TransmitReceive(nrf->hspi,&data,&result,1,2000)!=HAL_OK) {
 7344              		.loc 2 38 5 view .LVU1991
  39:Core/Src/radio/../../Inc/radio/support.h ****         Error_Handler();
 7345              		.loc 2 39 5 view .LVU1992
  39:Core/Src/radio/../../Inc/radio/support.h ****         Error_Handler();
 7346              		.loc 2 39 8 is_stmt 0 view .LVU1993
 7347 008e 4FF4FA63 		mov	r3, #2000
 7348              	.LVL681:
  39:Core/Src/radio/../../Inc/radio/support.h ****         Error_Handler();
 7349              		.loc 2 39 8 view .LVU1994
 7350 0092 0093     		str	r3, [sp]
 7351 0094 0123     		movs	r3, #1
 7352 0096 2868     		ldr	r0, [r5]
 7353 0098 FFF7FEFF 		bl	HAL_SPI_TransmitReceive
 7354              	.LVL682:
  39:Core/Src/radio/../../Inc/radio/support.h ****         Error_Handler();
 7355              		.loc 2 39 7 view .LVU1995
 7356 009c 70BB     		cbnz	r0, .L528
ARM GAS  C:\Users\l1234\AppData\Local\Temp\ccFgEZ6h.s 			page 170


 7357              	.L510:
  41:Core/Src/radio/../../Inc/radio/support.h ****     return result;
 7358              		.loc 2 41 6 is_stmt 1 view .LVU1996
 7359              		.loc 2 42 5 view .LVU1997
 7360              	.LVL683:
 7361              		.loc 2 42 5 is_stmt 0 view .LVU1998
 7362 009e 013F     		subs	r7, r7, #1
 7363              	.LBE1678:
 7364              	.LBE1681:
 7365              	.LBB1682:
 7366              	.LBB1683:
  39:Core/Src/radio/../../Inc/radio/support.h ****         Error_Handler();
 7367              		.loc 2 39 8 view .LVU1999
 7368 00a0 4FF4FA66 		mov	r6, #2000
 7369              	.LVL684:
 7370              	.L514:
  39:Core/Src/radio/../../Inc/radio/support.h ****         Error_Handler();
 7371              		.loc 2 39 8 view .LVU2000
 7372              	.LBE1683:
 7373              	.LBE1682:
 346:Core/Src/radio/nrf24.c **** 				nRF24_LL_RW(nrf, *addr--);
 7374              		.loc 1 346 4 is_stmt 1 discriminator 1 view .LVU2001
 347:Core/Src/radio/nrf24.c **** 			} while (addr_width--);
 7375              		.loc 1 347 5 discriminator 1 view .LVU2002
 347:Core/Src/radio/nrf24.c **** 			} while (addr_width--);
 7376              		.loc 1 347 5 is_stmt 0 discriminator 1 view .LVU2003
 7377 00a4 14F801C9 		ldrb	ip, [r4], #-1	@ zero_extendqisi2
 7378              	.LVL685:
 7379              	.LBB1688:
 7380              	.LBB1684:
  39:Core/Src/radio/../../Inc/radio/support.h ****         Error_Handler();
 7381              		.loc 2 39 8 discriminator 1 view .LVU2004
 7382 00a8 0123     		movs	r3, #1
 7383 00aa 2868     		ldr	r0, [r5]
 7384 00ac 0DF10F02 		add	r2, sp, #15
 7385 00b0 0DF10E01 		add	r1, sp, #14
 7386 00b4 0096     		str	r6, [sp]
 7387 00b6 8DF80EC0 		strb	ip, [sp, #14]
 7388              	.LVL686:
  39:Core/Src/radio/../../Inc/radio/support.h ****         Error_Handler();
 7389              		.loc 2 39 8 discriminator 1 view .LVU2005
 7390              	.LBE1684:
 7391              	.LBI1682:
  36:Core/Src/radio/../../Inc/radio/support.h ****     // Wait until TX buffer is empty
 7392              		.loc 2 36 23 is_stmt 1 discriminator 1 view .LVU2006
 7393              	.LBB1685:
  38:Core/Src/radio/../../Inc/radio/support.h ****     if(HAL_SPI_TransmitReceive(nrf->hspi,&data,&result,1,2000)!=HAL_OK) {
 7394              		.loc 2 38 5 discriminator 1 view .LVU2007
  39:Core/Src/radio/../../Inc/radio/support.h ****         Error_Handler();
 7395              		.loc 2 39 5 discriminator 1 view .LVU2008
  39:Core/Src/radio/../../Inc/radio/support.h ****         Error_Handler();
 7396              		.loc 2 39 8 is_stmt 0 discriminator 1 view .LVU2009
 7397 00ba FFF7FEFF 		bl	HAL_SPI_TransmitReceive
 7398              	.LVL687:
  41:Core/Src/radio/../../Inc/radio/support.h ****     return result;
 7399              		.loc 2 41 6 is_stmt 1 discriminator 1 view .LVU2010
 7400              		.loc 2 42 5 discriminator 1 view .LVU2011
ARM GAS  C:\Users\l1234\AppData\Local\Temp\ccFgEZ6h.s 			page 171


 7401              		.loc 2 42 5 is_stmt 0 discriminator 1 view .LVU2012
 7402              	.LBE1685:
 7403              	.LBE1688:
 348:Core/Src/radio/nrf24.c **** 			nRF24_CSN_H(nrf);
 7404              		.loc 1 348 13 is_stmt 1 discriminator 1 view .LVU2013
 7405              	.LBB1689:
 7406              	.LBB1686:
  39:Core/Src/radio/../../Inc/radio/support.h ****         Error_Handler();
 7407              		.loc 2 39 7 is_stmt 0 discriminator 1 view .LVU2014
 7408 00be 68B9     		cbnz	r0, .L529
 7409              	.LBE1686:
 7410              	.LBE1689:
 348:Core/Src/radio/nrf24.c **** 			nRF24_CSN_H(nrf);
 7411              		.loc 1 348 13 view .LVU2015
 7412 00c0 BC42     		cmp	r4, r7
 7413 00c2 EFD1     		bne	.L514
 7414              	.LVL688:
 7415              	.L513:
 349:Core/Src/radio/nrf24.c **** 			break;
 7416              		.loc 1 349 4 is_stmt 1 view .LVU2016
 7417              	.LBB1690:
 7418              	.LBI1690:
  31:Core/Src/radio/../../Inc/radio/support.h ****     HAL_GPIO_WritePin(nrf->csPort, nrf->csPin, GPIO_PIN_SET);
 7419              		.loc 2 31 20 view .LVU2017
 7420              	.LBB1691:
  32:Core/Src/radio/../../Inc/radio/support.h **** }
 7421              		.loc 2 32 5 view .LVU2018
 7422 00c4 0122     		movs	r2, #1
 7423 00c6 298A     		ldrh	r1, [r5, #16]
 7424 00c8 E868     		ldr	r0, [r5, #12]
 7425              	.LBE1691:
 7426              	.LBE1690:
 362:Core/Src/radio/nrf24.c **** 
 7427              		.loc 1 362 1 is_stmt 0 view .LVU2019
 7428 00ca 05B0     		add	sp, sp, #20
 7429              	.LCFI74:
 7430              		.cfi_remember_state
 7431              		.cfi_def_cfa_offset 20
 7432              		@ sp needed
 7433 00cc BDE8F040 		pop	{r4, r5, r6, r7, lr}
 7434              	.LCFI75:
 7435              		.cfi_restore 14
 7436              		.cfi_restore 7
 7437              		.cfi_restore 6
 7438              		.cfi_restore 5
 7439              		.cfi_restore 4
 7440              		.cfi_def_cfa_offset 0
 7441              	.LVL689:
 7442              	.LBB1693:
 7443              	.LBB1692:
  32:Core/Src/radio/../../Inc/radio/support.h **** }
 7444              		.loc 2 32 5 view .LVU2020
 7445 00d0 FFF7FEBF 		b	HAL_GPIO_WritePin
 7446              	.LVL690:
 7447              	.L504:
 7448              	.LCFI76:
 7449              		.cfi_restore_state
ARM GAS  C:\Users\l1234\AppData\Local\Temp\ccFgEZ6h.s 			page 172


  32:Core/Src/radio/../../Inc/radio/support.h **** }
 7450              		.loc 2 32 5 view .LVU2021
 7451              	.LBE1692:
 7452              	.LBE1693:
 336:Core/Src/radio/nrf24.c **** 		case nRF24_PIPETX:
 7453              		.loc 1 336 2 view .LVU2022
 7454 00d4 0629     		cmp	r1, #6
 7455 00d6 9CD0     		beq	.L506
 362:Core/Src/radio/nrf24.c **** 
 7456              		.loc 1 362 1 view .LVU2023
 7457 00d8 05B0     		add	sp, sp, #20
 7458              	.LCFI77:
 7459              		.cfi_remember_state
 7460              		.cfi_def_cfa_offset 20
 7461              		@ sp needed
 7462 00da F0BD     		pop	{r4, r5, r6, r7, pc}
 7463              	.LVL691:
 7464              	.L529:
 7465              	.LCFI78:
 7466              		.cfi_restore_state
 7467              	.LBB1694:
 7468              	.LBB1687:
  40:Core/Src/radio/../../Inc/radio/support.h ****     };
 7469              		.loc 2 40 9 is_stmt 1 view .LVU2024
 7470 00dc FFF7FEFF 		bl	Error_Handler
 7471              	.LVL692:
  41:Core/Src/radio/../../Inc/radio/support.h ****     return result;
 7472              		.loc 2 41 6 view .LVU2025
 7473              		.loc 2 42 5 view .LVU2026
 7474              	.LBE1687:
 7475              	.LBE1694:
 348:Core/Src/radio/nrf24.c **** 			nRF24_CSN_H(nrf);
 7476              		.loc 1 348 13 view .LVU2027
 348:Core/Src/radio/nrf24.c **** 			nRF24_CSN_H(nrf);
 7477              		.loc 1 348 13 is_stmt 0 view .LVU2028
 7478 00e0 BC42     		cmp	r4, r7
 7479 00e2 DFD1     		bne	.L514
 7480 00e4 EEE7     		b	.L513
 7481              	.LVL693:
 7482              	.L525:
 356:Core/Src/radio/nrf24.c **** 			break;
 7483              		.loc 1 356 4 is_stmt 1 view .LVU2029
 356:Core/Src/radio/nrf24.c **** 			break;
 7484              		.loc 1 356 39 is_stmt 0 view .LVU2030
 7485 00e6 084B     		ldr	r3, .L530
 356:Core/Src/radio/nrf24.c **** 			break;
 7486              		.loc 1 356 4 view .LVU2031
 7487 00e8 1278     		ldrb	r2, [r2]	@ zero_extendqisi2
 7488              	.LVL694:
 356:Core/Src/radio/nrf24.c **** 			break;
 7489              		.loc 1 356 4 view .LVU2032
 7490 00ea 595C     		ldrb	r1, [r3, r1]	@ zero_extendqisi2
 7491              	.LVL695:
 362:Core/Src/radio/nrf24.c **** 
 7492              		.loc 1 362 1 view .LVU2033
 7493 00ec 05B0     		add	sp, sp, #20
 7494              	.LCFI79:
ARM GAS  C:\Users\l1234\AppData\Local\Temp\ccFgEZ6h.s 			page 173


 7495              		.cfi_remember_state
 7496              		.cfi_def_cfa_offset 20
 7497              		@ sp needed
 7498 00ee BDE8F040 		pop	{r4, r5, r6, r7, lr}
 7499              	.LCFI80:
 7500              		.cfi_restore 14
 7501              		.cfi_restore 7
 7502              		.cfi_restore 6
 7503              		.cfi_restore 5
 7504              		.cfi_restore 4
 7505              		.cfi_def_cfa_offset 0
 7506              	.LVL696:
 356:Core/Src/radio/nrf24.c **** 			break;
 7507              		.loc 1 356 4 view .LVU2034
 7508 00f2 FFF7FEBF 		b	nRF24_WriteReg
 7509              	.LVL697:
 7510              	.L526:
 7511              	.LCFI81:
 7512              		.cfi_restore_state
 7513              	.LBB1695:
 7514              	.LBB1669:
 7515              	.LBB1667:
 7516              	.LBB1656:
  40:Core/Src/radio/../../Inc/radio/support.h ****     };
 7517              		.loc 2 40 9 is_stmt 1 view .LVU2035
 7518 00f6 FFF7FEFF 		bl	Error_Handler
 7519              	.LVL698:
 7520 00fa 9FE7     		b	.L508
 7521              	.LVL699:
 7522              	.L528:
  40:Core/Src/radio/../../Inc/radio/support.h ****     };
 7523              		.loc 2 40 9 is_stmt 0 view .LVU2036
 7524              	.LBE1656:
 7525              	.LBE1667:
 7526              	.LBE1669:
 7527              	.LBE1695:
 7528              	.LBB1696:
 7529              	.LBB1679:
  40:Core/Src/radio/../../Inc/radio/support.h ****     };
 7530              		.loc 2 40 9 is_stmt 1 view .LVU2037
 7531 00fc FFF7FEFF 		bl	Error_Handler
 7532              	.LVL700:
 7533 0100 CDE7     		b	.L510
 7534              	.LVL701:
 7535              	.L527:
  40:Core/Src/radio/../../Inc/radio/support.h ****     };
 7536              		.loc 2 40 9 is_stmt 0 view .LVU2038
 7537              	.LBE1679:
 7538              	.LBE1696:
 7539              	.LBB1697:
 7540              	.LBB1670:
 7541              	.LBB1668:
 7542              	.LBB1661:
  40:Core/Src/radio/../../Inc/radio/support.h ****     };
 7543              		.loc 2 40 9 is_stmt 1 view .LVU2039
 7544 0102 FFF7FEFF 		bl	Error_Handler
 7545              	.LVL702:
ARM GAS  C:\Users\l1234\AppData\Local\Temp\ccFgEZ6h.s 			page 174


 7546 0106 A9E7     		b	.L509
 7547              	.L531:
 7548              		.align	2
 7549              	.L530:
 7550 0108 00000000 		.word	nRF24_ADDR_REGS
 7551              	.LBE1661:
 7552              	.LBE1668:
 7553              	.LBE1670:
 7554              	.LBE1697:
 7555              		.cfi_endproc
 7556              	.LFE168:
 7558              		.section	.text.nRF24_SetTXPower,"ax",%progbits
 7559              		.align	1
 7560              		.p2align 2,,3
 7561              		.global	nRF24_SetTXPower
 7562              		.syntax unified
 7563              		.thumb
 7564              		.thumb_func
 7566              	nRF24_SetTXPower:
 7567              	.LVL703:
 7568              	.LFB169:
 367:Core/Src/radio/nrf24.c **** 	uint8_t reg;
 7569              		.loc 1 367 65 view -0
 7570              		.cfi_startproc
 7571              		@ args = 0, pretend = 0, frame = 8
 7572              		@ frame_needed = 0, uses_anonymous_args = 0
 368:Core/Src/radio/nrf24.c **** 
 7573              		.loc 1 368 2 view .LVU2041
 371:Core/Src/radio/nrf24.c **** 	reg &= ~nRF24_MASK_RF_PWR;
 7574              		.loc 1 371 2 view .LVU2042
 367:Core/Src/radio/nrf24.c **** 	uint8_t reg;
 7575              		.loc 1 367 65 is_stmt 0 view .LVU2043
 7576 0000 70B5     		push	{r4, r5, r6, lr}
 7577              	.LCFI82:
 7578              		.cfi_def_cfa_offset 16
 7579              		.cfi_offset 4, -16
 7580              		.cfi_offset 5, -12
 7581              		.cfi_offset 6, -8
 7582              		.cfi_offset 14, -4
 7583              	.LBB1722:
 7584              	.LBB1723:
 7585              	.LBB1724:
 7586              	.LBB1725:
  28:Core/Src/radio/../../Inc/radio/support.h **** }
 7587              		.loc 2 28 5 view .LVU2044
 7588 0002 0022     		movs	r2, #0
 7589              	.LBE1725:
 7590              	.LBE1724:
 7591              	.LBE1723:
 7592              	.LBE1722:
 367:Core/Src/radio/nrf24.c **** 	uint8_t reg;
 7593              		.loc 1 367 65 view .LVU2045
 7594 0004 84B0     		sub	sp, sp, #16
 7595              	.LCFI83:
 7596              		.cfi_def_cfa_offset 32
 367:Core/Src/radio/nrf24.c **** 	uint8_t reg;
 7597              		.loc 1 367 65 view .LVU2046
ARM GAS  C:\Users\l1234\AppData\Local\Temp\ccFgEZ6h.s 			page 175


 7598 0006 0446     		mov	r4, r0
 7599              	.LVL704:
 7600              	.LBB1750:
 7601              	.LBI1722:
   9:Core/Src/radio/nrf24.c **** 	uint8_t value;
 7602              		.loc 1 9 9 is_stmt 1 view .LVU2047
 7603              	.LBB1746:
  10:Core/Src/radio/nrf24.c **** 
 7604              		.loc 1 10 2 view .LVU2048
  12:Core/Src/radio/nrf24.c **** 	nRF24_LL_RW(nrf, reg & nRF24_MASK_REG_MAP);
 7605              		.loc 1 12 2 view .LVU2049
 7606              	.LBB1728:
 7607              	.LBI1724:
  27:Core/Src/radio/../../Inc/radio/support.h ****     HAL_GPIO_WritePin(nrf->csPort, nrf->csPin, GPIO_PIN_RESET);
 7608              		.loc 2 27 20 view .LVU2050
 7609              	.LBB1726:
  28:Core/Src/radio/../../Inc/radio/support.h **** }
 7610              		.loc 2 28 5 view .LVU2051
 7611              	.LBE1726:
 7612              	.LBE1728:
 7613              	.LBE1746:
 7614              	.LBE1750:
 367:Core/Src/radio/nrf24.c **** 	uint8_t reg;
 7615              		.loc 1 367 65 is_stmt 0 view .LVU2052
 7616 0008 0E46     		mov	r6, r1
 7617              	.LBB1751:
 7618              	.LBB1747:
 7619              	.LBB1729:
 7620              	.LBB1727:
  28:Core/Src/radio/../../Inc/radio/support.h **** }
 7621              		.loc 2 28 5 view .LVU2053
 7622 000a 018A     		ldrh	r1, [r0, #16]
 7623              	.LVL705:
  28:Core/Src/radio/../../Inc/radio/support.h **** }
 7624              		.loc 2 28 5 view .LVU2054
 7625 000c C068     		ldr	r0, [r0, #12]
 7626              	.LVL706:
  28:Core/Src/radio/../../Inc/radio/support.h **** }
 7627              		.loc 2 28 5 view .LVU2055
 7628 000e FFF7FEFF 		bl	HAL_GPIO_WritePin
 7629              	.LVL707:
  28:Core/Src/radio/../../Inc/radio/support.h **** }
 7630              		.loc 2 28 5 view .LVU2056
 7631              	.LBE1727:
 7632              	.LBE1729:
  13:Core/Src/radio/nrf24.c **** 	value = nRF24_LL_RW(nrf, nRF24_CMD_NOP);
 7633              		.loc 1 13 2 is_stmt 1 view .LVU2057
 7634              	.LBB1730:
 7635              	.LBB1731:
  39:Core/Src/radio/../../Inc/radio/support.h ****         Error_Handler();
 7636              		.loc 2 39 8 is_stmt 0 view .LVU2058
 7637 0012 4FF4FA62 		mov	r2, #2000
 7638 0016 0623     		movs	r3, #6
 7639 0018 0DF10E01 		add	r1, sp, #14
 7640 001c 0092     		str	r2, [sp]
 7641 001e 0DF10F02 		add	r2, sp, #15
 7642 0022 8DF80E30 		strb	r3, [sp, #14]
ARM GAS  C:\Users\l1234\AppData\Local\Temp\ccFgEZ6h.s 			page 176


 7643              	.LVL708:
  39:Core/Src/radio/../../Inc/radio/support.h ****         Error_Handler();
 7644              		.loc 2 39 8 view .LVU2059
 7645              	.LBE1731:
 7646              	.LBI1730:
  36:Core/Src/radio/../../Inc/radio/support.h ****     // Wait until TX buffer is empty
 7647              		.loc 2 36 23 is_stmt 1 view .LVU2060
 7648              	.LBB1732:
  38:Core/Src/radio/../../Inc/radio/support.h ****     if(HAL_SPI_TransmitReceive(nrf->hspi,&data,&result,1,2000)!=HAL_OK) {
 7649              		.loc 2 38 5 view .LVU2061
  39:Core/Src/radio/../../Inc/radio/support.h ****         Error_Handler();
 7650              		.loc 2 39 5 view .LVU2062
  39:Core/Src/radio/../../Inc/radio/support.h ****         Error_Handler();
 7651              		.loc 2 39 8 is_stmt 0 view .LVU2063
 7652 0026 0123     		movs	r3, #1
 7653              	.LVL709:
  39:Core/Src/radio/../../Inc/radio/support.h ****         Error_Handler();
 7654              		.loc 2 39 8 view .LVU2064
 7655 0028 2068     		ldr	r0, [r4]
 7656 002a FFF7FEFF 		bl	HAL_SPI_TransmitReceive
 7657              	.LVL710:
  39:Core/Src/radio/../../Inc/radio/support.h ****         Error_Handler();
 7658              		.loc 2 39 7 view .LVU2065
 7659 002e 0028     		cmp	r0, #0
 7660 0030 43D1     		bne	.L550
 7661              	.L533:
  41:Core/Src/radio/../../Inc/radio/support.h ****     return result;
 7662              		.loc 2 41 6 is_stmt 1 view .LVU2066
 7663              		.loc 2 42 5 view .LVU2067
 7664              	.LVL711:
 7665              		.loc 2 42 5 is_stmt 0 view .LVU2068
 7666              	.LBE1732:
 7667              	.LBE1730:
  14:Core/Src/radio/nrf24.c **** 	nRF24_CSN_H(nrf);
 7668              		.loc 1 14 2 is_stmt 1 view .LVU2069
 7669 0032 FF23     		movs	r3, #255
 7670              	.LBB1734:
 7671              	.LBB1735:
  39:Core/Src/radio/../../Inc/radio/support.h ****         Error_Handler();
 7672              		.loc 2 39 8 is_stmt 0 view .LVU2070
 7673 0034 0DF10F02 		add	r2, sp, #15
 7674 0038 0DF10E01 		add	r1, sp, #14
 7675 003c 8DF80E30 		strb	r3, [sp, #14]
 7676              	.LVL712:
  39:Core/Src/radio/../../Inc/radio/support.h ****         Error_Handler();
 7677              		.loc 2 39 8 view .LVU2071
 7678              	.LBE1735:
 7679              	.LBI1734:
  36:Core/Src/radio/../../Inc/radio/support.h ****     // Wait until TX buffer is empty
 7680              		.loc 2 36 23 is_stmt 1 view .LVU2072
 7681              	.LBB1736:
  38:Core/Src/radio/../../Inc/radio/support.h ****     if(HAL_SPI_TransmitReceive(nrf->hspi,&data,&result,1,2000)!=HAL_OK) {
 7682              		.loc 2 38 5 view .LVU2073
  39:Core/Src/radio/../../Inc/radio/support.h ****         Error_Handler();
 7683              		.loc 2 39 5 view .LVU2074
  39:Core/Src/radio/../../Inc/radio/support.h ****         Error_Handler();
 7684              		.loc 2 39 8 is_stmt 0 view .LVU2075
ARM GAS  C:\Users\l1234\AppData\Local\Temp\ccFgEZ6h.s 			page 177


 7685 0040 4FF4FA63 		mov	r3, #2000
 7686              	.LVL713:
  39:Core/Src/radio/../../Inc/radio/support.h ****         Error_Handler();
 7687              		.loc 2 39 8 view .LVU2076
 7688 0044 0093     		str	r3, [sp]
 7689 0046 0123     		movs	r3, #1
 7690 0048 2068     		ldr	r0, [r4]
 7691 004a FFF7FEFF 		bl	HAL_SPI_TransmitReceive
 7692              	.LVL714:
  39:Core/Src/radio/../../Inc/radio/support.h ****         Error_Handler();
 7693              		.loc 2 39 7 view .LVU2077
 7694 004e 0028     		cmp	r0, #0
 7695 0050 3CD1     		bne	.L551
 7696              	.L534:
  41:Core/Src/radio/../../Inc/radio/support.h ****     return result;
 7697              		.loc 2 41 6 is_stmt 1 view .LVU2078
 7698              		.loc 2 42 5 view .LVU2079
 7699              	.LBE1736:
 7700              	.LBE1734:
 7701              	.LBB1739:
 7702              	.LBB1740:
  32:Core/Src/radio/../../Inc/radio/support.h **** }
 7703              		.loc 2 32 5 is_stmt 0 view .LVU2080
 7704 0052 0122     		movs	r2, #1
 7705 0054 218A     		ldrh	r1, [r4, #16]
 7706 0056 E068     		ldr	r0, [r4, #12]
 7707              	.LBE1740:
 7708              	.LBE1739:
 7709              	.LBB1742:
 7710              	.LBB1737:
 7711              		.loc 2 42 12 view .LVU2081
 7712 0058 9DF80F50 		ldrb	r5, [sp, #15]	@ zero_extendqisi2
 7713              	.LVL715:
 7714              		.loc 2 42 12 view .LVU2082
 7715              	.LBE1737:
 7716              	.LBE1742:
  15:Core/Src/radio/nrf24.c **** 
 7717              		.loc 1 15 2 is_stmt 1 view .LVU2083
 7718              	.LBB1743:
 7719              	.LBI1739:
  31:Core/Src/radio/../../Inc/radio/support.h ****     HAL_GPIO_WritePin(nrf->csPort, nrf->csPin, GPIO_PIN_SET);
 7720              		.loc 2 31 20 view .LVU2084
 7721              	.LBB1741:
  32:Core/Src/radio/../../Inc/radio/support.h **** }
 7722              		.loc 2 32 5 view .LVU2085
 7723 005c FFF7FEFF 		bl	HAL_GPIO_WritePin
 7724              	.LVL716:
  32:Core/Src/radio/../../Inc/radio/support.h **** }
 7725              		.loc 2 32 5 is_stmt 0 view .LVU2086
 7726              	.LBE1741:
 7727              	.LBE1743:
  17:Core/Src/radio/nrf24.c **** }
 7728              		.loc 1 17 2 is_stmt 1 view .LVU2087
  17:Core/Src/radio/nrf24.c **** }
 7729              		.loc 1 17 2 is_stmt 0 view .LVU2088
 7730              	.LBE1747:
 7731              	.LBE1751:
ARM GAS  C:\Users\l1234\AppData\Local\Temp\ccFgEZ6h.s 			page 178


 372:Core/Src/radio/nrf24.c **** 	reg |= tx_pwr;
 7732              		.loc 1 372 2 is_stmt 1 view .LVU2089
 7733              	.LBB1752:
 7734              	.LBB1753:
 7735              	.LBB1754:
 7736              	.LBB1755:
  28:Core/Src/radio/../../Inc/radio/support.h **** }
 7737              		.loc 2 28 5 is_stmt 0 view .LVU2090
 7738 0060 0022     		movs	r2, #0
 7739 0062 218A     		ldrh	r1, [r4, #16]
 7740 0064 E068     		ldr	r0, [r4, #12]
 7741              	.LBE1755:
 7742              	.LBE1754:
 7743              	.LBE1753:
 7744              	.LBE1752:
 372:Core/Src/radio/nrf24.c **** 	reg |= tx_pwr;
 7745              		.loc 1 372 6 view .LVU2091
 7746 0066 05F0F905 		and	r5, r5, #249
 7747              	.LVL717:
 373:Core/Src/radio/nrf24.c **** 	nRF24_WriteReg(nrf, nRF24_REG_RF_SETUP, reg);
 7748              		.loc 1 373 2 is_stmt 1 view .LVU2092
 7749              	.LBB1779:
 7750              	.LBB1775:
 7751              	.LBB1758:
 7752              	.LBB1756:
  28:Core/Src/radio/../../Inc/radio/support.h **** }
 7753              		.loc 2 28 5 is_stmt 0 view .LVU2093
 7754 006a FFF7FEFF 		bl	HAL_GPIO_WritePin
 7755              	.LVL718:
 7756 006e 2623     		movs	r3, #38
 7757              	.LBE1756:
 7758              	.LBE1758:
 7759              	.LBB1759:
 7760              	.LBB1760:
  39:Core/Src/radio/../../Inc/radio/support.h ****         Error_Handler();
 7761              		.loc 2 39 8 view .LVU2094
 7762 0070 0DF10F02 		add	r2, sp, #15
 7763 0074 0DF10E01 		add	r1, sp, #14
 7764 0078 8DF80E30 		strb	r3, [sp, #14]
 7765 007c 4FF4FA63 		mov	r3, #2000
 7766              	.LBE1760:
 7767              	.LBE1759:
 7768              	.LBE1775:
 7769              	.LBE1779:
 373:Core/Src/radio/nrf24.c **** 	nRF24_WriteReg(nrf, nRF24_REG_RF_SETUP, reg);
 7770              		.loc 1 373 6 view .LVU2095
 7771 0080 3543     		orrs	r5, r5, r6
 7772              	.LVL719:
 374:Core/Src/radio/nrf24.c **** }
 7773              		.loc 1 374 2 is_stmt 1 view .LVU2096
 7774              	.LBB1780:
 7775              	.LBI1752:
  24:Core/Src/radio/nrf24.c **** 	nRF24_CSN_L(nrf);
 7776              		.loc 1 24 6 view .LVU2097
 7777              	.LBB1776:
  25:Core/Src/radio/nrf24.c **** 	if (reg < nRF24_CMD_W_REGISTER) {
 7778              		.loc 1 25 2 view .LVU2098
ARM GAS  C:\Users\l1234\AppData\Local\Temp\ccFgEZ6h.s 			page 179


 7779              	.LBB1763:
 7780              	.LBI1754:
  27:Core/Src/radio/../../Inc/radio/support.h ****     HAL_GPIO_WritePin(nrf->csPort, nrf->csPin, GPIO_PIN_RESET);
 7781              		.loc 2 27 20 view .LVU2099
 7782              	.LBB1757:
  28:Core/Src/radio/../../Inc/radio/support.h **** }
 7783              		.loc 2 28 5 view .LVU2100
  28:Core/Src/radio/../../Inc/radio/support.h **** }
 7784              		.loc 2 28 5 is_stmt 0 view .LVU2101
 7785              	.LBE1757:
 7786              	.LBE1763:
  26:Core/Src/radio/nrf24.c **** 		// This is a register access
 7787              		.loc 1 26 2 is_stmt 1 view .LVU2102
  28:Core/Src/radio/nrf24.c **** 		nRF24_LL_RW(nrf, value);
 7788              		.loc 1 28 3 view .LVU2103
 7789              	.LBB1764:
 7790              	.LBI1759:
  36:Core/Src/radio/../../Inc/radio/support.h ****     // Wait until TX buffer is empty
 7791              		.loc 2 36 23 view .LVU2104
 7792              	.LBB1761:
  38:Core/Src/radio/../../Inc/radio/support.h ****     if(HAL_SPI_TransmitReceive(nrf->hspi,&data,&result,1,2000)!=HAL_OK) {
 7793              		.loc 2 38 5 view .LVU2105
  39:Core/Src/radio/../../Inc/radio/support.h ****         Error_Handler();
 7794              		.loc 2 39 5 view .LVU2106
  39:Core/Src/radio/../../Inc/radio/support.h ****         Error_Handler();
 7795              		.loc 2 39 8 is_stmt 0 view .LVU2107
 7796 0082 0093     		str	r3, [sp]
 7797 0084 0123     		movs	r3, #1
 7798 0086 2068     		ldr	r0, [r4]
 7799 0088 FFF7FEFF 		bl	HAL_SPI_TransmitReceive
 7800              	.LVL720:
  39:Core/Src/radio/../../Inc/radio/support.h ****         Error_Handler();
 7801              		.loc 2 39 7 view .LVU2108
 7802 008c D8B9     		cbnz	r0, .L552
 7803              	.L535:
  41:Core/Src/radio/../../Inc/radio/support.h ****     return result;
 7804              		.loc 2 41 6 is_stmt 1 view .LVU2109
 7805              		.loc 2 42 5 view .LVU2110
 7806              	.LVL721:
 7807              		.loc 2 42 5 is_stmt 0 view .LVU2111
 7808              	.LBE1761:
 7809              	.LBE1764:
  29:Core/Src/radio/nrf24.c **** 	} else {
 7810              		.loc 1 29 3 is_stmt 1 view .LVU2112
 7811              	.LBB1765:
 7812              	.LBB1766:
  39:Core/Src/radio/../../Inc/radio/support.h ****         Error_Handler();
 7813              		.loc 2 39 8 is_stmt 0 view .LVU2113
 7814 008e 4FF4FA63 		mov	r3, #2000
 7815 0092 0DF10F02 		add	r2, sp, #15
 7816 0096 0DF10E01 		add	r1, sp, #14
 7817 009a 8DF80E50 		strb	r5, [sp, #14]
 7818              	.LVL722:
  39:Core/Src/radio/../../Inc/radio/support.h ****         Error_Handler();
 7819              		.loc 2 39 8 view .LVU2114
 7820              	.LBE1766:
 7821              	.LBI1765:
ARM GAS  C:\Users\l1234\AppData\Local\Temp\ccFgEZ6h.s 			page 180


  36:Core/Src/radio/../../Inc/radio/support.h ****     // Wait until TX buffer is empty
 7822              		.loc 2 36 23 is_stmt 1 view .LVU2115
 7823              	.LBB1767:
  38:Core/Src/radio/../../Inc/radio/support.h ****     if(HAL_SPI_TransmitReceive(nrf->hspi,&data,&result,1,2000)!=HAL_OK) {
 7824              		.loc 2 38 5 view .LVU2116
  39:Core/Src/radio/../../Inc/radio/support.h ****         Error_Handler();
 7825              		.loc 2 39 5 view .LVU2117
  39:Core/Src/radio/../../Inc/radio/support.h ****         Error_Handler();
 7826              		.loc 2 39 8 is_stmt 0 view .LVU2118
 7827 009e 0093     		str	r3, [sp]
 7828 00a0 0123     		movs	r3, #1
 7829 00a2 2068     		ldr	r0, [r4]
 7830 00a4 FFF7FEFF 		bl	HAL_SPI_TransmitReceive
 7831              	.LVL723:
  39:Core/Src/radio/../../Inc/radio/support.h ****         Error_Handler();
 7832              		.loc 2 39 7 view .LVU2119
 7833 00a8 50B9     		cbnz	r0, .L553
 7834              	.L536:
  41:Core/Src/radio/../../Inc/radio/support.h ****     return result;
 7835              		.loc 2 41 6 is_stmt 1 view .LVU2120
 7836              		.loc 2 42 5 view .LVU2121
 7837              	.LVL724:
 7838              		.loc 2 42 5 is_stmt 0 view .LVU2122
 7839              	.LBE1767:
 7840              	.LBE1765:
  39:Core/Src/radio/nrf24.c **** }
 7841              		.loc 1 39 2 is_stmt 1 view .LVU2123
 7842              	.LBB1769:
 7843              	.LBI1769:
  31:Core/Src/radio/../../Inc/radio/support.h ****     HAL_GPIO_WritePin(nrf->csPort, nrf->csPin, GPIO_PIN_SET);
 7844              		.loc 2 31 20 view .LVU2124
 7845              	.LBB1770:
  32:Core/Src/radio/../../Inc/radio/support.h **** }
 7846              		.loc 2 32 5 view .LVU2125
 7847 00aa 0122     		movs	r2, #1
 7848 00ac 218A     		ldrh	r1, [r4, #16]
 7849 00ae E068     		ldr	r0, [r4, #12]
 7850              	.LBE1770:
 7851              	.LBE1769:
 7852              	.LBE1776:
 7853              	.LBE1780:
 375:Core/Src/radio/nrf24.c **** 
 7854              		.loc 1 375 1 is_stmt 0 view .LVU2126
 7855 00b0 04B0     		add	sp, sp, #16
 7856              	.LCFI84:
 7857              		.cfi_remember_state
 7858              		.cfi_def_cfa_offset 16
 7859              		@ sp needed
 7860 00b2 BDE87040 		pop	{r4, r5, r6, lr}
 7861              	.LCFI85:
 7862              		.cfi_restore 14
 7863              		.cfi_restore 6
 7864              		.cfi_restore 5
 7865              		.cfi_restore 4
 7866              		.cfi_def_cfa_offset 0
 7867              	.LVL725:
 7868              	.LBB1781:
ARM GAS  C:\Users\l1234\AppData\Local\Temp\ccFgEZ6h.s 			page 181


 7869              	.LBB1777:
 7870              	.LBB1772:
 7871              	.LBB1771:
  32:Core/Src/radio/../../Inc/radio/support.h **** }
 7872              		.loc 2 32 5 view .LVU2127
 7873 00b6 FFF7FEBF 		b	HAL_GPIO_WritePin
 7874              	.LVL726:
 7875              	.L550:
 7876              	.LCFI86:
 7877              		.cfi_restore_state
  32:Core/Src/radio/../../Inc/radio/support.h **** }
 7878              		.loc 2 32 5 view .LVU2128
 7879              	.LBE1771:
 7880              	.LBE1772:
 7881              	.LBE1777:
 7882              	.LBE1781:
 7883              	.LBB1782:
 7884              	.LBB1748:
 7885              	.LBB1744:
 7886              	.LBB1733:
  40:Core/Src/radio/../../Inc/radio/support.h ****     };
 7887              		.loc 2 40 9 is_stmt 1 view .LVU2129
 7888 00ba FFF7FEFF 		bl	Error_Handler
 7889              	.LVL727:
 7890 00be B8E7     		b	.L533
 7891              	.LVL728:
 7892              	.L553:
  40:Core/Src/radio/../../Inc/radio/support.h ****     };
 7893              		.loc 2 40 9 is_stmt 0 view .LVU2130
 7894              	.LBE1733:
 7895              	.LBE1744:
 7896              	.LBE1748:
 7897              	.LBE1782:
 7898              	.LBB1783:
 7899              	.LBB1778:
 7900              	.LBB1773:
 7901              	.LBB1768:
  40:Core/Src/radio/../../Inc/radio/support.h ****     };
 7902              		.loc 2 40 9 is_stmt 1 view .LVU2131
 7903 00c0 FFF7FEFF 		bl	Error_Handler
 7904              	.LVL729:
 7905 00c4 F1E7     		b	.L536
 7906              	.LVL730:
 7907              	.L552:
  40:Core/Src/radio/../../Inc/radio/support.h ****     };
 7908              		.loc 2 40 9 is_stmt 0 view .LVU2132
 7909              	.LBE1768:
 7910              	.LBE1773:
 7911              	.LBB1774:
 7912              	.LBB1762:
  40:Core/Src/radio/../../Inc/radio/support.h ****     };
 7913              		.loc 2 40 9 is_stmt 1 view .LVU2133
 7914 00c6 FFF7FEFF 		bl	Error_Handler
 7915              	.LVL731:
 7916 00ca E0E7     		b	.L535
 7917              	.LVL732:
 7918              	.L551:
ARM GAS  C:\Users\l1234\AppData\Local\Temp\ccFgEZ6h.s 			page 182


  40:Core/Src/radio/../../Inc/radio/support.h ****     };
 7919              		.loc 2 40 9 is_stmt 0 view .LVU2134
 7920              	.LBE1762:
 7921              	.LBE1774:
 7922              	.LBE1778:
 7923              	.LBE1783:
 7924              	.LBB1784:
 7925              	.LBB1749:
 7926              	.LBB1745:
 7927              	.LBB1738:
  40:Core/Src/radio/../../Inc/radio/support.h ****     };
 7928              		.loc 2 40 9 is_stmt 1 view .LVU2135
 7929 00cc FFF7FEFF 		bl	Error_Handler
 7930              	.LVL733:
 7931 00d0 BFE7     		b	.L534
 7932              	.LBE1738:
 7933              	.LBE1745:
 7934              	.LBE1749:
 7935              	.LBE1784:
 7936              		.cfi_endproc
 7937              	.LFE169:
 7939 00d2 00BF     		.section	.text.nRF24_SetDataRate,"ax",%progbits
 7940              		.align	1
 7941              		.p2align 2,,3
 7942              		.global	nRF24_SetDataRate
 7943              		.syntax unified
 7944              		.thumb
 7945              		.thumb_func
 7947              	nRF24_SetDataRate:
 7948              	.LVL734:
 7949              	.LFB170:
 380:Core/Src/radio/nrf24.c **** 	uint8_t reg;
 7950              		.loc 1 380 69 view -0
 7951              		.cfi_startproc
 7952              		@ args = 0, pretend = 0, frame = 8
 7953              		@ frame_needed = 0, uses_anonymous_args = 0
 381:Core/Src/radio/nrf24.c **** 
 7954              		.loc 1 381 2 view .LVU2137
 384:Core/Src/radio/nrf24.c **** 	reg &= ~nRF24_MASK_DATARATE;
 7955              		.loc 1 384 2 view .LVU2138
 380:Core/Src/radio/nrf24.c **** 	uint8_t reg;
 7956              		.loc 1 380 69 is_stmt 0 view .LVU2139
 7957 0000 70B5     		push	{r4, r5, r6, lr}
 7958              	.LCFI87:
 7959              		.cfi_def_cfa_offset 16
 7960              		.cfi_offset 4, -16
 7961              		.cfi_offset 5, -12
 7962              		.cfi_offset 6, -8
 7963              		.cfi_offset 14, -4
 7964              	.LBB1809:
 7965              	.LBB1810:
 7966              	.LBB1811:
 7967              	.LBB1812:
  28:Core/Src/radio/../../Inc/radio/support.h **** }
 7968              		.loc 2 28 5 view .LVU2140
 7969 0002 0022     		movs	r2, #0
 7970              	.LBE1812:
ARM GAS  C:\Users\l1234\AppData\Local\Temp\ccFgEZ6h.s 			page 183


 7971              	.LBE1811:
 7972              	.LBE1810:
 7973              	.LBE1809:
 380:Core/Src/radio/nrf24.c **** 	uint8_t reg;
 7974              		.loc 1 380 69 view .LVU2141
 7975 0004 84B0     		sub	sp, sp, #16
 7976              	.LCFI88:
 7977              		.cfi_def_cfa_offset 32
 380:Core/Src/radio/nrf24.c **** 	uint8_t reg;
 7978              		.loc 1 380 69 view .LVU2142
 7979 0006 0446     		mov	r4, r0
 7980              	.LVL735:
 7981              	.LBB1837:
 7982              	.LBI1809:
   9:Core/Src/radio/nrf24.c **** 	uint8_t value;
 7983              		.loc 1 9 9 is_stmt 1 view .LVU2143
 7984              	.LBB1833:
  10:Core/Src/radio/nrf24.c **** 
 7985              		.loc 1 10 2 view .LVU2144
  12:Core/Src/radio/nrf24.c **** 	nRF24_LL_RW(nrf, reg & nRF24_MASK_REG_MAP);
 7986              		.loc 1 12 2 view .LVU2145
 7987              	.LBB1815:
 7988              	.LBI1811:
  27:Core/Src/radio/../../Inc/radio/support.h ****     HAL_GPIO_WritePin(nrf->csPort, nrf->csPin, GPIO_PIN_RESET);
 7989              		.loc 2 27 20 view .LVU2146
 7990              	.LBB1813:
  28:Core/Src/radio/../../Inc/radio/support.h **** }
 7991              		.loc 2 28 5 view .LVU2147
 7992              	.LBE1813:
 7993              	.LBE1815:
 7994              	.LBE1833:
 7995              	.LBE1837:
 380:Core/Src/radio/nrf24.c **** 	uint8_t reg;
 7996              		.loc 1 380 69 is_stmt 0 view .LVU2148
 7997 0008 0E46     		mov	r6, r1
 7998              	.LBB1838:
 7999              	.LBB1834:
 8000              	.LBB1816:
 8001              	.LBB1814:
  28:Core/Src/radio/../../Inc/radio/support.h **** }
 8002              		.loc 2 28 5 view .LVU2149
 8003 000a 018A     		ldrh	r1, [r0, #16]
 8004              	.LVL736:
  28:Core/Src/radio/../../Inc/radio/support.h **** }
 8005              		.loc 2 28 5 view .LVU2150
 8006 000c C068     		ldr	r0, [r0, #12]
 8007              	.LVL737:
  28:Core/Src/radio/../../Inc/radio/support.h **** }
 8008              		.loc 2 28 5 view .LVU2151
 8009 000e FFF7FEFF 		bl	HAL_GPIO_WritePin
 8010              	.LVL738:
  28:Core/Src/radio/../../Inc/radio/support.h **** }
 8011              		.loc 2 28 5 view .LVU2152
 8012              	.LBE1814:
 8013              	.LBE1816:
  13:Core/Src/radio/nrf24.c **** 	value = nRF24_LL_RW(nrf, nRF24_CMD_NOP);
 8014              		.loc 1 13 2 is_stmt 1 view .LVU2153
ARM GAS  C:\Users\l1234\AppData\Local\Temp\ccFgEZ6h.s 			page 184


 8015              	.LBB1817:
 8016              	.LBB1818:
  39:Core/Src/radio/../../Inc/radio/support.h ****         Error_Handler();
 8017              		.loc 2 39 8 is_stmt 0 view .LVU2154
 8018 0012 4FF4FA62 		mov	r2, #2000
 8019 0016 0623     		movs	r3, #6
 8020 0018 0DF10E01 		add	r1, sp, #14
 8021 001c 0092     		str	r2, [sp]
 8022 001e 0DF10F02 		add	r2, sp, #15
 8023 0022 8DF80E30 		strb	r3, [sp, #14]
 8024              	.LVL739:
  39:Core/Src/radio/../../Inc/radio/support.h ****         Error_Handler();
 8025              		.loc 2 39 8 view .LVU2155
 8026              	.LBE1818:
 8027              	.LBI1817:
  36:Core/Src/radio/../../Inc/radio/support.h ****     // Wait until TX buffer is empty
 8028              		.loc 2 36 23 is_stmt 1 view .LVU2156
 8029              	.LBB1819:
  38:Core/Src/radio/../../Inc/radio/support.h ****     if(HAL_SPI_TransmitReceive(nrf->hspi,&data,&result,1,2000)!=HAL_OK) {
 8030              		.loc 2 38 5 view .LVU2157
  39:Core/Src/radio/../../Inc/radio/support.h ****         Error_Handler();
 8031              		.loc 2 39 5 view .LVU2158
  39:Core/Src/radio/../../Inc/radio/support.h ****         Error_Handler();
 8032              		.loc 2 39 8 is_stmt 0 view .LVU2159
 8033 0026 0123     		movs	r3, #1
 8034              	.LVL740:
  39:Core/Src/radio/../../Inc/radio/support.h ****         Error_Handler();
 8035              		.loc 2 39 8 view .LVU2160
 8036 0028 2068     		ldr	r0, [r4]
 8037 002a FFF7FEFF 		bl	HAL_SPI_TransmitReceive
 8038              	.LVL741:
  39:Core/Src/radio/../../Inc/radio/support.h ****         Error_Handler();
 8039              		.loc 2 39 7 view .LVU2161
 8040 002e 0028     		cmp	r0, #0
 8041 0030 43D1     		bne	.L572
 8042              	.L555:
  41:Core/Src/radio/../../Inc/radio/support.h ****     return result;
 8043              		.loc 2 41 6 is_stmt 1 view .LVU2162
 8044              		.loc 2 42 5 view .LVU2163
 8045              	.LVL742:
 8046              		.loc 2 42 5 is_stmt 0 view .LVU2164
 8047              	.LBE1819:
 8048              	.LBE1817:
  14:Core/Src/radio/nrf24.c **** 	nRF24_CSN_H(nrf);
 8049              		.loc 1 14 2 is_stmt 1 view .LVU2165
 8050 0032 FF23     		movs	r3, #255
 8051              	.LBB1821:
 8052              	.LBB1822:
  39:Core/Src/radio/../../Inc/radio/support.h ****         Error_Handler();
 8053              		.loc 2 39 8 is_stmt 0 view .LVU2166
 8054 0034 0DF10F02 		add	r2, sp, #15
 8055 0038 0DF10E01 		add	r1, sp, #14
 8056 003c 8DF80E30 		strb	r3, [sp, #14]
 8057              	.LVL743:
  39:Core/Src/radio/../../Inc/radio/support.h ****         Error_Handler();
 8058              		.loc 2 39 8 view .LVU2167
 8059              	.LBE1822:
ARM GAS  C:\Users\l1234\AppData\Local\Temp\ccFgEZ6h.s 			page 185


 8060              	.LBI1821:
  36:Core/Src/radio/../../Inc/radio/support.h ****     // Wait until TX buffer is empty
 8061              		.loc 2 36 23 is_stmt 1 view .LVU2168
 8062              	.LBB1823:
  38:Core/Src/radio/../../Inc/radio/support.h ****     if(HAL_SPI_TransmitReceive(nrf->hspi,&data,&result,1,2000)!=HAL_OK) {
 8063              		.loc 2 38 5 view .LVU2169
  39:Core/Src/radio/../../Inc/radio/support.h ****         Error_Handler();
 8064              		.loc 2 39 5 view .LVU2170
  39:Core/Src/radio/../../Inc/radio/support.h ****         Error_Handler();
 8065              		.loc 2 39 8 is_stmt 0 view .LVU2171
 8066 0040 4FF4FA63 		mov	r3, #2000
 8067              	.LVL744:
  39:Core/Src/radio/../../Inc/radio/support.h ****         Error_Handler();
 8068              		.loc 2 39 8 view .LVU2172
 8069 0044 0093     		str	r3, [sp]
 8070 0046 0123     		movs	r3, #1
 8071 0048 2068     		ldr	r0, [r4]
 8072 004a FFF7FEFF 		bl	HAL_SPI_TransmitReceive
 8073              	.LVL745:
  39:Core/Src/radio/../../Inc/radio/support.h ****         Error_Handler();
 8074              		.loc 2 39 7 view .LVU2173
 8075 004e 0028     		cmp	r0, #0
 8076 0050 3CD1     		bne	.L573
 8077              	.L556:
  41:Core/Src/radio/../../Inc/radio/support.h ****     return result;
 8078              		.loc 2 41 6 is_stmt 1 view .LVU2174
 8079              		.loc 2 42 5 view .LVU2175
 8080              	.LBE1823:
 8081              	.LBE1821:
 8082              	.LBB1826:
 8083              	.LBB1827:
  32:Core/Src/radio/../../Inc/radio/support.h **** }
 8084              		.loc 2 32 5 is_stmt 0 view .LVU2176
 8085 0052 0122     		movs	r2, #1
 8086 0054 218A     		ldrh	r1, [r4, #16]
 8087 0056 E068     		ldr	r0, [r4, #12]
 8088              	.LBE1827:
 8089              	.LBE1826:
 8090              	.LBB1829:
 8091              	.LBB1824:
 8092              		.loc 2 42 12 view .LVU2177
 8093 0058 9DF80F50 		ldrb	r5, [sp, #15]	@ zero_extendqisi2
 8094              	.LVL746:
 8095              		.loc 2 42 12 view .LVU2178
 8096              	.LBE1824:
 8097              	.LBE1829:
  15:Core/Src/radio/nrf24.c **** 
 8098              		.loc 1 15 2 is_stmt 1 view .LVU2179
 8099              	.LBB1830:
 8100              	.LBI1826:
  31:Core/Src/radio/../../Inc/radio/support.h ****     HAL_GPIO_WritePin(nrf->csPort, nrf->csPin, GPIO_PIN_SET);
 8101              		.loc 2 31 20 view .LVU2180
 8102              	.LBB1828:
  32:Core/Src/radio/../../Inc/radio/support.h **** }
 8103              		.loc 2 32 5 view .LVU2181
 8104 005c FFF7FEFF 		bl	HAL_GPIO_WritePin
 8105              	.LVL747:
ARM GAS  C:\Users\l1234\AppData\Local\Temp\ccFgEZ6h.s 			page 186


  32:Core/Src/radio/../../Inc/radio/support.h **** }
 8106              		.loc 2 32 5 is_stmt 0 view .LVU2182
 8107              	.LBE1828:
 8108              	.LBE1830:
  17:Core/Src/radio/nrf24.c **** }
 8109              		.loc 1 17 2 is_stmt 1 view .LVU2183
  17:Core/Src/radio/nrf24.c **** }
 8110              		.loc 1 17 2 is_stmt 0 view .LVU2184
 8111              	.LBE1834:
 8112              	.LBE1838:
 385:Core/Src/radio/nrf24.c **** 	reg |= data_rate;
 8113              		.loc 1 385 2 is_stmt 1 view .LVU2185
 8114              	.LBB1839:
 8115              	.LBB1840:
 8116              	.LBB1841:
 8117              	.LBB1842:
  28:Core/Src/radio/../../Inc/radio/support.h **** }
 8118              		.loc 2 28 5 is_stmt 0 view .LVU2186
 8119 0060 0022     		movs	r2, #0
 8120 0062 218A     		ldrh	r1, [r4, #16]
 8121 0064 E068     		ldr	r0, [r4, #12]
 8122              	.LBE1842:
 8123              	.LBE1841:
 8124              	.LBE1840:
 8125              	.LBE1839:
 385:Core/Src/radio/nrf24.c **** 	reg |= data_rate;
 8126              		.loc 1 385 6 view .LVU2187
 8127 0066 05F0D705 		and	r5, r5, #215
 8128              	.LVL748:
 386:Core/Src/radio/nrf24.c **** 	nRF24_WriteReg(nrf, nRF24_REG_RF_SETUP, reg);
 8129              		.loc 1 386 2 is_stmt 1 view .LVU2188
 8130              	.LBB1866:
 8131              	.LBB1862:
 8132              	.LBB1845:
 8133              	.LBB1843:
  28:Core/Src/radio/../../Inc/radio/support.h **** }
 8134              		.loc 2 28 5 is_stmt 0 view .LVU2189
 8135 006a FFF7FEFF 		bl	HAL_GPIO_WritePin
 8136              	.LVL749:
 8137 006e 2623     		movs	r3, #38
 8138              	.LBE1843:
 8139              	.LBE1845:
 8140              	.LBB1846:
 8141              	.LBB1847:
  39:Core/Src/radio/../../Inc/radio/support.h ****         Error_Handler();
 8142              		.loc 2 39 8 view .LVU2190
 8143 0070 0DF10F02 		add	r2, sp, #15
 8144 0074 0DF10E01 		add	r1, sp, #14
 8145 0078 8DF80E30 		strb	r3, [sp, #14]
 8146 007c 4FF4FA63 		mov	r3, #2000
 8147              	.LBE1847:
 8148              	.LBE1846:
 8149              	.LBE1862:
 8150              	.LBE1866:
 386:Core/Src/radio/nrf24.c **** 	nRF24_WriteReg(nrf, nRF24_REG_RF_SETUP, reg);
 8151              		.loc 1 386 6 view .LVU2191
 8152 0080 3543     		orrs	r5, r5, r6
ARM GAS  C:\Users\l1234\AppData\Local\Temp\ccFgEZ6h.s 			page 187


 8153              	.LVL750:
 387:Core/Src/radio/nrf24.c **** }
 8154              		.loc 1 387 2 is_stmt 1 view .LVU2192
 8155              	.LBB1867:
 8156              	.LBI1839:
  24:Core/Src/radio/nrf24.c **** 	nRF24_CSN_L(nrf);
 8157              		.loc 1 24 6 view .LVU2193
 8158              	.LBB1863:
  25:Core/Src/radio/nrf24.c **** 	if (reg < nRF24_CMD_W_REGISTER) {
 8159              		.loc 1 25 2 view .LVU2194
 8160              	.LBB1850:
 8161              	.LBI1841:
  27:Core/Src/radio/../../Inc/radio/support.h ****     HAL_GPIO_WritePin(nrf->csPort, nrf->csPin, GPIO_PIN_RESET);
 8162              		.loc 2 27 20 view .LVU2195
 8163              	.LBB1844:
  28:Core/Src/radio/../../Inc/radio/support.h **** }
 8164              		.loc 2 28 5 view .LVU2196
  28:Core/Src/radio/../../Inc/radio/support.h **** }
 8165              		.loc 2 28 5 is_stmt 0 view .LVU2197
 8166              	.LBE1844:
 8167              	.LBE1850:
  26:Core/Src/radio/nrf24.c **** 		// This is a register access
 8168              		.loc 1 26 2 is_stmt 1 view .LVU2198
  28:Core/Src/radio/nrf24.c **** 		nRF24_LL_RW(nrf, value);
 8169              		.loc 1 28 3 view .LVU2199
 8170              	.LBB1851:
 8171              	.LBI1846:
  36:Core/Src/radio/../../Inc/radio/support.h ****     // Wait until TX buffer is empty
 8172              		.loc 2 36 23 view .LVU2200
 8173              	.LBB1848:
  38:Core/Src/radio/../../Inc/radio/support.h ****     if(HAL_SPI_TransmitReceive(nrf->hspi,&data,&result,1,2000)!=HAL_OK) {
 8174              		.loc 2 38 5 view .LVU2201
  39:Core/Src/radio/../../Inc/radio/support.h ****         Error_Handler();
 8175              		.loc 2 39 5 view .LVU2202
  39:Core/Src/radio/../../Inc/radio/support.h ****         Error_Handler();
 8176              		.loc 2 39 8 is_stmt 0 view .LVU2203
 8177 0082 0093     		str	r3, [sp]
 8178 0084 0123     		movs	r3, #1
 8179 0086 2068     		ldr	r0, [r4]
 8180 0088 FFF7FEFF 		bl	HAL_SPI_TransmitReceive
 8181              	.LVL751:
  39:Core/Src/radio/../../Inc/radio/support.h ****         Error_Handler();
 8182              		.loc 2 39 7 view .LVU2204
 8183 008c D8B9     		cbnz	r0, .L574
 8184              	.L557:
  41:Core/Src/radio/../../Inc/radio/support.h ****     return result;
 8185              		.loc 2 41 6 is_stmt 1 view .LVU2205
 8186              		.loc 2 42 5 view .LVU2206
 8187              	.LVL752:
 8188              		.loc 2 42 5 is_stmt 0 view .LVU2207
 8189              	.LBE1848:
 8190              	.LBE1851:
  29:Core/Src/radio/nrf24.c **** 	} else {
 8191              		.loc 1 29 3 is_stmt 1 view .LVU2208
 8192              	.LBB1852:
 8193              	.LBB1853:
  39:Core/Src/radio/../../Inc/radio/support.h ****         Error_Handler();
ARM GAS  C:\Users\l1234\AppData\Local\Temp\ccFgEZ6h.s 			page 188


 8194              		.loc 2 39 8 is_stmt 0 view .LVU2209
 8195 008e 4FF4FA63 		mov	r3, #2000
 8196 0092 0DF10F02 		add	r2, sp, #15
 8197 0096 0DF10E01 		add	r1, sp, #14
 8198 009a 8DF80E50 		strb	r5, [sp, #14]
 8199              	.LVL753:
  39:Core/Src/radio/../../Inc/radio/support.h ****         Error_Handler();
 8200              		.loc 2 39 8 view .LVU2210
 8201              	.LBE1853:
 8202              	.LBI1852:
  36:Core/Src/radio/../../Inc/radio/support.h ****     // Wait until TX buffer is empty
 8203              		.loc 2 36 23 is_stmt 1 view .LVU2211
 8204              	.LBB1854:
  38:Core/Src/radio/../../Inc/radio/support.h ****     if(HAL_SPI_TransmitReceive(nrf->hspi,&data,&result,1,2000)!=HAL_OK) {
 8205              		.loc 2 38 5 view .LVU2212
  39:Core/Src/radio/../../Inc/radio/support.h ****         Error_Handler();
 8206              		.loc 2 39 5 view .LVU2213
  39:Core/Src/radio/../../Inc/radio/support.h ****         Error_Handler();
 8207              		.loc 2 39 8 is_stmt 0 view .LVU2214
 8208 009e 0093     		str	r3, [sp]
 8209 00a0 0123     		movs	r3, #1
 8210 00a2 2068     		ldr	r0, [r4]
 8211 00a4 FFF7FEFF 		bl	HAL_SPI_TransmitReceive
 8212              	.LVL754:
  39:Core/Src/radio/../../Inc/radio/support.h ****         Error_Handler();
 8213              		.loc 2 39 7 view .LVU2215
 8214 00a8 50B9     		cbnz	r0, .L575
 8215              	.L558:
  41:Core/Src/radio/../../Inc/radio/support.h ****     return result;
 8216              		.loc 2 41 6 is_stmt 1 view .LVU2216
 8217              		.loc 2 42 5 view .LVU2217
 8218              	.LVL755:
 8219              		.loc 2 42 5 is_stmt 0 view .LVU2218
 8220              	.LBE1854:
 8221              	.LBE1852:
  39:Core/Src/radio/nrf24.c **** }
 8222              		.loc 1 39 2 is_stmt 1 view .LVU2219
 8223              	.LBB1856:
 8224              	.LBI1856:
  31:Core/Src/radio/../../Inc/radio/support.h ****     HAL_GPIO_WritePin(nrf->csPort, nrf->csPin, GPIO_PIN_SET);
 8225              		.loc 2 31 20 view .LVU2220
 8226              	.LBB1857:
  32:Core/Src/radio/../../Inc/radio/support.h **** }
 8227              		.loc 2 32 5 view .LVU2221
 8228 00aa 0122     		movs	r2, #1
 8229 00ac 218A     		ldrh	r1, [r4, #16]
 8230 00ae E068     		ldr	r0, [r4, #12]
 8231              	.LBE1857:
 8232              	.LBE1856:
 8233              	.LBE1863:
 8234              	.LBE1867:
 388:Core/Src/radio/nrf24.c **** 
 8235              		.loc 1 388 1 is_stmt 0 view .LVU2222
 8236 00b0 04B0     		add	sp, sp, #16
 8237              	.LCFI89:
 8238              		.cfi_remember_state
 8239              		.cfi_def_cfa_offset 16
ARM GAS  C:\Users\l1234\AppData\Local\Temp\ccFgEZ6h.s 			page 189


 8240              		@ sp needed
 8241 00b2 BDE87040 		pop	{r4, r5, r6, lr}
 8242              	.LCFI90:
 8243              		.cfi_restore 14
 8244              		.cfi_restore 6
 8245              		.cfi_restore 5
 8246              		.cfi_restore 4
 8247              		.cfi_def_cfa_offset 0
 8248              	.LVL756:
 8249              	.LBB1868:
 8250              	.LBB1864:
 8251              	.LBB1859:
 8252              	.LBB1858:
  32:Core/Src/radio/../../Inc/radio/support.h **** }
 8253              		.loc 2 32 5 view .LVU2223
 8254 00b6 FFF7FEBF 		b	HAL_GPIO_WritePin
 8255              	.LVL757:
 8256              	.L572:
 8257              	.LCFI91:
 8258              		.cfi_restore_state
  32:Core/Src/radio/../../Inc/radio/support.h **** }
 8259              		.loc 2 32 5 view .LVU2224
 8260              	.LBE1858:
 8261              	.LBE1859:
 8262              	.LBE1864:
 8263              	.LBE1868:
 8264              	.LBB1869:
 8265              	.LBB1835:
 8266              	.LBB1831:
 8267              	.LBB1820:
  40:Core/Src/radio/../../Inc/radio/support.h ****     };
 8268              		.loc 2 40 9 is_stmt 1 view .LVU2225
 8269 00ba FFF7FEFF 		bl	Error_Handler
 8270              	.LVL758:
 8271 00be B8E7     		b	.L555
 8272              	.LVL759:
 8273              	.L575:
  40:Core/Src/radio/../../Inc/radio/support.h ****     };
 8274              		.loc 2 40 9 is_stmt 0 view .LVU2226
 8275              	.LBE1820:
 8276              	.LBE1831:
 8277              	.LBE1835:
 8278              	.LBE1869:
 8279              	.LBB1870:
 8280              	.LBB1865:
 8281              	.LBB1860:
 8282              	.LBB1855:
  40:Core/Src/radio/../../Inc/radio/support.h ****     };
 8283              		.loc 2 40 9 is_stmt 1 view .LVU2227
 8284 00c0 FFF7FEFF 		bl	Error_Handler
 8285              	.LVL760:
 8286 00c4 F1E7     		b	.L558
 8287              	.LVL761:
 8288              	.L574:
  40:Core/Src/radio/../../Inc/radio/support.h ****     };
 8289              		.loc 2 40 9 is_stmt 0 view .LVU2228
 8290              	.LBE1855:
ARM GAS  C:\Users\l1234\AppData\Local\Temp\ccFgEZ6h.s 			page 190


 8291              	.LBE1860:
 8292              	.LBB1861:
 8293              	.LBB1849:
  40:Core/Src/radio/../../Inc/radio/support.h ****     };
 8294              		.loc 2 40 9 is_stmt 1 view .LVU2229
 8295 00c6 FFF7FEFF 		bl	Error_Handler
 8296              	.LVL762:
 8297 00ca E0E7     		b	.L557
 8298              	.LVL763:
 8299              	.L573:
  40:Core/Src/radio/../../Inc/radio/support.h ****     };
 8300              		.loc 2 40 9 is_stmt 0 view .LVU2230
 8301              	.LBE1849:
 8302              	.LBE1861:
 8303              	.LBE1865:
 8304              	.LBE1870:
 8305              	.LBB1871:
 8306              	.LBB1836:
 8307              	.LBB1832:
 8308              	.LBB1825:
  40:Core/Src/radio/../../Inc/radio/support.h ****     };
 8309              		.loc 2 40 9 is_stmt 1 view .LVU2231
 8310 00cc FFF7FEFF 		bl	Error_Handler
 8311              	.LVL764:
 8312 00d0 BFE7     		b	.L556
 8313              	.LBE1825:
 8314              	.LBE1832:
 8315              	.LBE1836:
 8316              	.LBE1871:
 8317              		.cfi_endproc
 8318              	.LFE170:
 8320 00d2 00BF     		.section	.text.nRF24_SetRXPipe,"ax",%progbits
 8321              		.align	1
 8322              		.p2align 2,,3
 8323              		.global	nRF24_SetRXPipe
 8324              		.syntax unified
 8325              		.thumb
 8326              		.thumb_func
 8328              	nRF24_SetRXPipe:
 8329              	.LVL765:
 8330              	.LFB171:
 395:Core/Src/radio/nrf24.c **** 	uint8_t reg;
 8331              		.loc 1 395 101 view -0
 8332              		.cfi_startproc
 8333              		@ args = 0, pretend = 0, frame = 8
 8334              		@ frame_needed = 0, uses_anonymous_args = 0
 396:Core/Src/radio/nrf24.c **** 
 8335              		.loc 1 396 2 view .LVU2233
 399:Core/Src/radio/nrf24.c **** 	nRF24_WriteReg(nrf, nRF24_REG_EN_RXADDR, reg);
 8336              		.loc 1 399 2 view .LVU2234
 395:Core/Src/radio/nrf24.c **** 	uint8_t reg;
 8337              		.loc 1 395 101 is_stmt 0 view .LVU2235
 8338 0000 2DE9F04F 		push	{r4, r5, r6, r7, r8, r9, r10, fp, lr}
 8339              	.LCFI92:
 8340              		.cfi_def_cfa_offset 36
 8341              		.cfi_offset 4, -36
 8342              		.cfi_offset 5, -32
ARM GAS  C:\Users\l1234\AppData\Local\Temp\ccFgEZ6h.s 			page 191


 8343              		.cfi_offset 6, -28
 8344              		.cfi_offset 7, -24
 8345              		.cfi_offset 8, -20
 8346              		.cfi_offset 9, -16
 8347              		.cfi_offset 10, -12
 8348              		.cfi_offset 11, -8
 8349              		.cfi_offset 14, -4
 8350 0004 0446     		mov	r4, r0
 8351              	.LVL766:
 8352              	.LBB1920:
 8353              	.LBI1920:
   9:Core/Src/radio/nrf24.c **** 	uint8_t value;
 8354              		.loc 1 9 9 is_stmt 1 view .LVU2236
 8355              	.LBB1921:
  10:Core/Src/radio/nrf24.c **** 
 8356              		.loc 1 10 2 view .LVU2237
  12:Core/Src/radio/nrf24.c **** 	nRF24_LL_RW(nrf, reg & nRF24_MASK_REG_MAP);
 8357              		.loc 1 12 2 view .LVU2238
 8358              	.LBB1922:
 8359              	.LBI1922:
  27:Core/Src/radio/../../Inc/radio/support.h ****     HAL_GPIO_WritePin(nrf->csPort, nrf->csPin, GPIO_PIN_RESET);
 8360              		.loc 2 27 20 view .LVU2239
 8361              	.LBB1923:
  28:Core/Src/radio/../../Inc/radio/support.h **** }
 8362              		.loc 2 28 5 view .LVU2240
 8363              	.LBE1923:
 8364              	.LBE1922:
 8365              	.LBE1921:
 8366              	.LBE1920:
 395:Core/Src/radio/nrf24.c **** 	uint8_t reg;
 8367              		.loc 1 395 101 is_stmt 0 view .LVU2241
 8368 0006 85B0     		sub	sp, sp, #20
 8369              	.LCFI93:
 8370              		.cfi_def_cfa_offset 56
 395:Core/Src/radio/nrf24.c **** 	uint8_t reg;
 8371              		.loc 1 395 101 view .LVU2242
 8372 0008 1746     		mov	r7, r2
 8373 000a 0E46     		mov	r6, r1
 8374              	.LBB1952:
 8375              	.LBB1946:
 8376              	.LBB1926:
 8377              	.LBB1924:
  28:Core/Src/radio/../../Inc/radio/support.h **** }
 8378              		.loc 2 28 5 view .LVU2243
 8379 000c 0022     		movs	r2, #0
 8380              	.LVL767:
  28:Core/Src/radio/../../Inc/radio/support.h **** }
 8381              		.loc 2 28 5 view .LVU2244
 8382 000e 018A     		ldrh	r1, [r0, #16]
 8383              	.LVL768:
  28:Core/Src/radio/../../Inc/radio/support.h **** }
 8384              		.loc 2 28 5 view .LVU2245
 8385 0010 C068     		ldr	r0, [r0, #12]
 8386              	.LVL769:
  28:Core/Src/radio/../../Inc/radio/support.h **** }
 8387              		.loc 2 28 5 view .LVU2246
 8388              	.LBE1924:
ARM GAS  C:\Users\l1234\AppData\Local\Temp\ccFgEZ6h.s 			page 192


 8389              	.LBE1926:
 8390              	.LBE1946:
 8391              	.LBE1952:
 395:Core/Src/radio/nrf24.c **** 	uint8_t reg;
 8392              		.loc 1 395 101 view .LVU2247
 8393 0012 9A46     		mov	r10, r3
 8394              	.LBB1953:
 8395              	.LBB1947:
 8396              	.LBB1927:
 8397              	.LBB1925:
  28:Core/Src/radio/../../Inc/radio/support.h **** }
 8398              		.loc 2 28 5 view .LVU2248
 8399 0014 FFF7FEFF 		bl	HAL_GPIO_WritePin
 8400              	.LVL770:
  28:Core/Src/radio/../../Inc/radio/support.h **** }
 8401              		.loc 2 28 5 view .LVU2249
 8402              	.LBE1925:
 8403              	.LBE1927:
  13:Core/Src/radio/nrf24.c **** 	value = nRF24_LL_RW(nrf, nRF24_CMD_NOP);
 8404              		.loc 1 13 2 is_stmt 1 view .LVU2250
 8405 0018 0223     		movs	r3, #2
 8406              	.LBB1928:
 8407              	.LBB1929:
  39:Core/Src/radio/../../Inc/radio/support.h ****         Error_Handler();
 8408              		.loc 2 39 8 is_stmt 0 view .LVU2251
 8409 001a 0DF10F02 		add	r2, sp, #15
 8410 001e 0DF10E01 		add	r1, sp, #14
 8411 0022 8DF80E30 		strb	r3, [sp, #14]
 8412              	.LVL771:
  39:Core/Src/radio/../../Inc/radio/support.h ****         Error_Handler();
 8413              		.loc 2 39 8 view .LVU2252
 8414              	.LBE1929:
 8415              	.LBI1928:
  36:Core/Src/radio/../../Inc/radio/support.h ****     // Wait until TX buffer is empty
 8416              		.loc 2 36 23 is_stmt 1 view .LVU2253
 8417              	.LBB1930:
  38:Core/Src/radio/../../Inc/radio/support.h ****     if(HAL_SPI_TransmitReceive(nrf->hspi,&data,&result,1,2000)!=HAL_OK) {
 8418              		.loc 2 38 5 view .LVU2254
  39:Core/Src/radio/../../Inc/radio/support.h ****         Error_Handler();
 8419              		.loc 2 39 5 view .LVU2255
  39:Core/Src/radio/../../Inc/radio/support.h ****         Error_Handler();
 8420              		.loc 2 39 8 is_stmt 0 view .LVU2256
 8421 0026 4FF4FA63 		mov	r3, #2000
 8422              	.LVL772:
  39:Core/Src/radio/../../Inc/radio/support.h ****         Error_Handler();
 8423              		.loc 2 39 8 view .LVU2257
 8424 002a 0093     		str	r3, [sp]
 8425 002c 0123     		movs	r3, #1
 8426 002e 2068     		ldr	r0, [r4]
 8427 0030 FFF7FEFF 		bl	HAL_SPI_TransmitReceive
 8428              	.LVL773:
  39:Core/Src/radio/../../Inc/radio/support.h ****         Error_Handler();
 8429              		.loc 2 39 7 view .LVU2258
 8430 0034 0028     		cmp	r0, #0
 8431 0036 40F0AF80 		bne	.L612
 8432              	.L577:
  41:Core/Src/radio/../../Inc/radio/support.h ****     return result;
ARM GAS  C:\Users\l1234\AppData\Local\Temp\ccFgEZ6h.s 			page 193


 8433              		.loc 2 41 6 is_stmt 1 view .LVU2259
 8434              		.loc 2 42 5 view .LVU2260
 8435              	.LVL774:
 8436              		.loc 2 42 5 is_stmt 0 view .LVU2261
 8437              	.LBE1930:
 8438              	.LBE1928:
  14:Core/Src/radio/nrf24.c **** 	nRF24_CSN_H(nrf);
 8439              		.loc 1 14 2 is_stmt 1 view .LVU2262
 8440              	.LBB1932:
 8441              	.LBB1933:
  39:Core/Src/radio/../../Inc/radio/support.h ****         Error_Handler();
 8442              		.loc 2 39 8 is_stmt 0 view .LVU2263
 8443 003a 4FF4FA63 		mov	r3, #2000
 8444 003e 0DF10F02 		add	r2, sp, #15
 8445 0042 0DF10E01 		add	r1, sp, #14
 8446 0046 0093     		str	r3, [sp]
 8447 0048 FF23     		movs	r3, #255
 8448 004a 2068     		ldr	r0, [r4]
 8449 004c 8DF80E30 		strb	r3, [sp, #14]
 8450              	.LVL775:
  39:Core/Src/radio/../../Inc/radio/support.h ****         Error_Handler();
 8451              		.loc 2 39 8 view .LVU2264
 8452              	.LBE1933:
 8453              	.LBI1932:
  36:Core/Src/radio/../../Inc/radio/support.h ****     // Wait until TX buffer is empty
 8454              		.loc 2 36 23 is_stmt 1 view .LVU2265
 8455              	.LBB1934:
  38:Core/Src/radio/../../Inc/radio/support.h ****     if(HAL_SPI_TransmitReceive(nrf->hspi,&data,&result,1,2000)!=HAL_OK) {
 8456              		.loc 2 38 5 view .LVU2266
  39:Core/Src/radio/../../Inc/radio/support.h ****         Error_Handler();
 8457              		.loc 2 39 5 view .LVU2267
  39:Core/Src/radio/../../Inc/radio/support.h ****         Error_Handler();
 8458              		.loc 2 39 8 is_stmt 0 view .LVU2268
 8459 0050 0123     		movs	r3, #1
 8460              	.LVL776:
  39:Core/Src/radio/../../Inc/radio/support.h ****         Error_Handler();
 8461              		.loc 2 39 8 view .LVU2269
 8462 0052 FFF7FEFF 		bl	HAL_SPI_TransmitReceive
 8463              	.LVL777:
  39:Core/Src/radio/../../Inc/radio/support.h ****         Error_Handler();
 8464              		.loc 2 39 7 view .LVU2270
 8465 0056 0028     		cmp	r0, #0
 8466 0058 40F0B380 		bne	.L613
 8467              	.L578:
  41:Core/Src/radio/../../Inc/radio/support.h ****     return result;
 8468              		.loc 2 41 6 is_stmt 1 view .LVU2271
 8469              		.loc 2 42 5 view .LVU2272
 8470              	.LBE1934:
 8471              	.LBE1932:
 8472              	.LBE1947:
 8473              	.LBE1953:
 399:Core/Src/radio/nrf24.c **** 	nRF24_WriteReg(nrf, nRF24_REG_EN_RXADDR, reg);
 8474              		.loc 1 399 54 is_stmt 0 view .LVU2273
 8475 005c 4FF0010B 		mov	fp, #1
 8476              	.LBB1954:
 8477              	.LBB1948:
 8478              	.LBB1937:
ARM GAS  C:\Users\l1234\AppData\Local\Temp\ccFgEZ6h.s 			page 194


 8479              	.LBB1938:
  32:Core/Src/radio/../../Inc/radio/support.h **** }
 8480              		.loc 2 32 5 view .LVU2274
 8481 0060 218A     		ldrh	r1, [r4, #16]
 8482 0062 E068     		ldr	r0, [r4, #12]
 8483 0064 5A46     		mov	r2, fp
 8484              	.LBE1938:
 8485              	.LBE1937:
 8486              	.LBB1941:
 8487              	.LBB1935:
 8488              		.loc 2 42 12 view .LVU2275
 8489 0066 9DF80F50 		ldrb	r5, [sp, #15]	@ zero_extendqisi2
 8490              	.LVL778:
 8491              		.loc 2 42 12 view .LVU2276
 8492              	.LBE1935:
 8493              	.LBE1941:
  15:Core/Src/radio/nrf24.c **** 
 8494              		.loc 1 15 2 is_stmt 1 view .LVU2277
 8495              	.LBB1942:
 8496              	.LBI1937:
  31:Core/Src/radio/../../Inc/radio/support.h ****     HAL_GPIO_WritePin(nrf->csPort, nrf->csPin, GPIO_PIN_SET);
 8497              		.loc 2 31 20 view .LVU2278
 8498              	.LBB1939:
  32:Core/Src/radio/../../Inc/radio/support.h **** }
 8499              		.loc 2 32 5 view .LVU2279
 8500              	.LBE1939:
 8501              	.LBE1942:
 8502              	.LBE1948:
 8503              	.LBE1954:
 399:Core/Src/radio/nrf24.c **** 	nRF24_WriteReg(nrf, nRF24_REG_EN_RXADDR, reg);
 8504              		.loc 1 399 54 is_stmt 0 view .LVU2280
 8505 006a 0BFA06F8 		lsl	r8, fp, r6
 8506              	.LBB1955:
 8507              	.LBB1949:
 8508              	.LBB1943:
 8509              	.LBB1940:
  32:Core/Src/radio/../../Inc/radio/support.h **** }
 8510              		.loc 2 32 5 view .LVU2281
 8511 006e FFF7FEFF 		bl	HAL_GPIO_WritePin
 8512              	.LVL779:
  32:Core/Src/radio/../../Inc/radio/support.h **** }
 8513              		.loc 2 32 5 view .LVU2282
 8514              	.LBE1940:
 8515              	.LBE1943:
  17:Core/Src/radio/nrf24.c **** }
 8516              		.loc 1 17 2 is_stmt 1 view .LVU2283
  17:Core/Src/radio/nrf24.c **** }
 8517              		.loc 1 17 2 is_stmt 0 view .LVU2284
 8518              	.LBE1949:
 8519              	.LBE1955:
 8520              	.LBB1956:
 8521              	.LBB1957:
 8522              	.LBB1958:
 8523              	.LBB1959:
  28:Core/Src/radio/../../Inc/radio/support.h **** }
 8524              		.loc 2 28 5 view .LVU2285
 8525 0072 0022     		movs	r2, #0
ARM GAS  C:\Users\l1234\AppData\Local\Temp\ccFgEZ6h.s 			page 195


 8526 0074 218A     		ldrh	r1, [r4, #16]
 8527 0076 E068     		ldr	r0, [r4, #12]
 8528 0078 5FFA88F9 		uxtb	r9, r8
 8529 007c FFF7FEFF 		bl	HAL_GPIO_WritePin
 8530              	.LVL780:
 8531              	.LBE1959:
 8532              	.LBE1958:
 8533              	.LBB1961:
 8534              	.LBB1962:
  39:Core/Src/radio/../../Inc/radio/support.h ****         Error_Handler();
 8535              		.loc 2 39 8 view .LVU2286
 8536 0080 4FF4FA62 		mov	r2, #2000
 8537              	.LBE1962:
 8538              	.LBE1961:
 8539              	.LBE1957:
 8540              	.LBE1956:
 399:Core/Src/radio/nrf24.c **** 	nRF24_WriteReg(nrf, nRF24_REG_EN_RXADDR, reg);
 8541              		.loc 1 399 64 view .LVU2287
 8542 0084 49EA0505 		orr	r5, r9, r5
 8543              	.LBB1980:
 8544              	.LBB1977:
 8545              	.LBB1966:
 8546              	.LBB1963:
  39:Core/Src/radio/../../Inc/radio/support.h ****         Error_Handler();
 8547              		.loc 2 39 8 view .LVU2288
 8548 0088 5B46     		mov	r3, fp
 8549 008a 0092     		str	r2, [sp]
 8550 008c 2222     		movs	r2, #34
 8551 008e 0DF10E01 		add	r1, sp, #14
 8552 0092 2068     		ldr	r0, [r4]
 8553 0094 8DF80E20 		strb	r2, [sp, #14]
 8554 0098 0DF10F02 		add	r2, sp, #15
 8555              	.LBE1963:
 8556              	.LBE1966:
 8557              	.LBE1977:
 8558              	.LBE1980:
 399:Core/Src/radio/nrf24.c **** 	nRF24_WriteReg(nrf, nRF24_REG_EN_RXADDR, reg);
 8559              		.loc 1 399 6 view .LVU2289
 8560 009c 05F03F05 		and	r5, r5, #63
 8561              	.LVL781:
 400:Core/Src/radio/nrf24.c **** 
 8562              		.loc 1 400 2 is_stmt 1 view .LVU2290
 8563              	.LBB1981:
 8564              	.LBI1956:
  24:Core/Src/radio/nrf24.c **** 	nRF24_CSN_L(nrf);
 8565              		.loc 1 24 6 view .LVU2291
 8566              	.LBB1978:
  25:Core/Src/radio/nrf24.c **** 	if (reg < nRF24_CMD_W_REGISTER) {
 8567              		.loc 1 25 2 view .LVU2292
 8568              	.LBB1967:
 8569              	.LBI1958:
  27:Core/Src/radio/../../Inc/radio/support.h ****     HAL_GPIO_WritePin(nrf->csPort, nrf->csPin, GPIO_PIN_RESET);
 8570              		.loc 2 27 20 view .LVU2293
 8571              	.LBB1960:
  28:Core/Src/radio/../../Inc/radio/support.h **** }
 8572              		.loc 2 28 5 view .LVU2294
  28:Core/Src/radio/../../Inc/radio/support.h **** }
ARM GAS  C:\Users\l1234\AppData\Local\Temp\ccFgEZ6h.s 			page 196


 8573              		.loc 2 28 5 is_stmt 0 view .LVU2295
 8574              	.LBE1960:
 8575              	.LBE1967:
  26:Core/Src/radio/nrf24.c **** 		// This is a register access
 8576              		.loc 1 26 2 is_stmt 1 view .LVU2296
  28:Core/Src/radio/nrf24.c **** 		nRF24_LL_RW(nrf, value);
 8577              		.loc 1 28 3 view .LVU2297
 8578              	.LBB1968:
 8579              	.LBI1961:
  36:Core/Src/radio/../../Inc/radio/support.h ****     // Wait until TX buffer is empty
 8580              		.loc 2 36 23 view .LVU2298
 8581              	.LBB1964:
  38:Core/Src/radio/../../Inc/radio/support.h ****     if(HAL_SPI_TransmitReceive(nrf->hspi,&data,&result,1,2000)!=HAL_OK) {
 8582              		.loc 2 38 5 view .LVU2299
  39:Core/Src/radio/../../Inc/radio/support.h ****         Error_Handler();
 8583              		.loc 2 39 5 view .LVU2300
  39:Core/Src/radio/../../Inc/radio/support.h ****         Error_Handler();
 8584              		.loc 2 39 8 is_stmt 0 view .LVU2301
 8585 00a0 FFF7FEFF 		bl	HAL_SPI_TransmitReceive
 8586              	.LVL782:
  39:Core/Src/radio/../../Inc/radio/support.h ****         Error_Handler();
 8587              		.loc 2 39 7 view .LVU2302
 8588 00a4 0028     		cmp	r0, #0
 8589 00a6 40F08980 		bne	.L614
 8590              	.L579:
  41:Core/Src/radio/../../Inc/radio/support.h ****     return result;
 8591              		.loc 2 41 6 is_stmt 1 view .LVU2303
 8592              		.loc 2 42 5 view .LVU2304
 8593              	.LVL783:
 8594              		.loc 2 42 5 is_stmt 0 view .LVU2305
 8595              	.LBE1964:
 8596              	.LBE1968:
  29:Core/Src/radio/nrf24.c **** 	} else {
 8597              		.loc 1 29 3 is_stmt 1 view .LVU2306
 8598              	.LBB1969:
 8599              	.LBB1970:
  39:Core/Src/radio/../../Inc/radio/support.h ****         Error_Handler();
 8600              		.loc 2 39 8 is_stmt 0 view .LVU2307
 8601 00aa 4FF4FA63 		mov	r3, #2000
 8602 00ae 0DF10F02 		add	r2, sp, #15
 8603 00b2 0DF10E01 		add	r1, sp, #14
 8604 00b6 8DF80E50 		strb	r5, [sp, #14]
 8605              	.LVL784:
  39:Core/Src/radio/../../Inc/radio/support.h ****         Error_Handler();
 8606              		.loc 2 39 8 view .LVU2308
 8607              	.LBE1970:
 8608              	.LBI1969:
  36:Core/Src/radio/../../Inc/radio/support.h ****     // Wait until TX buffer is empty
 8609              		.loc 2 36 23 is_stmt 1 view .LVU2309
 8610              	.LBB1971:
  38:Core/Src/radio/../../Inc/radio/support.h ****     if(HAL_SPI_TransmitReceive(nrf->hspi,&data,&result,1,2000)!=HAL_OK) {
 8611              		.loc 2 38 5 view .LVU2310
  39:Core/Src/radio/../../Inc/radio/support.h ****         Error_Handler();
 8612              		.loc 2 39 5 view .LVU2311
  39:Core/Src/radio/../../Inc/radio/support.h ****         Error_Handler();
 8613              		.loc 2 39 8 is_stmt 0 view .LVU2312
 8614 00ba 0093     		str	r3, [sp]
ARM GAS  C:\Users\l1234\AppData\Local\Temp\ccFgEZ6h.s 			page 197


 8615 00bc 0123     		movs	r3, #1
 8616 00be 2068     		ldr	r0, [r4]
 8617 00c0 FFF7FEFF 		bl	HAL_SPI_TransmitReceive
 8618              	.LVL785:
  39:Core/Src/radio/../../Inc/radio/support.h ****         Error_Handler();
 8619              		.loc 2 39 7 view .LVU2313
 8620 00c4 0028     		cmp	r0, #0
 8621 00c6 76D1     		bne	.L615
 8622              	.L580:
  41:Core/Src/radio/../../Inc/radio/support.h ****     return result;
 8623              		.loc 2 41 6 is_stmt 1 view .LVU2314
 8624              		.loc 2 42 5 view .LVU2315
 8625              	.LVL786:
 8626              		.loc 2 42 5 is_stmt 0 view .LVU2316
 8627              	.LBE1971:
 8628              	.LBE1969:
  39:Core/Src/radio/nrf24.c **** }
 8629              		.loc 1 39 2 is_stmt 1 view .LVU2317
 8630              	.LBB1973:
 8631              	.LBI1973:
  31:Core/Src/radio/../../Inc/radio/support.h ****     HAL_GPIO_WritePin(nrf->csPort, nrf->csPin, GPIO_PIN_SET);
 8632              		.loc 2 31 20 view .LVU2318
 8633              	.LBB1974:
  32:Core/Src/radio/../../Inc/radio/support.h **** }
 8634              		.loc 2 32 5 view .LVU2319
 8635 00c8 0122     		movs	r2, #1
 8636 00ca 218A     		ldrh	r1, [r4, #16]
 8637 00cc E068     		ldr	r0, [r4, #12]
 8638 00ce FFF7FEFF 		bl	HAL_GPIO_WritePin
 8639              	.LVL787:
  32:Core/Src/radio/../../Inc/radio/support.h **** }
 8640              		.loc 2 32 5 is_stmt 0 view .LVU2320
 8641              	.LBE1974:
 8642              	.LBE1973:
 8643              	.LBE1978:
 8644              	.LBE1981:
 403:Core/Src/radio/nrf24.c **** 
 8645              		.loc 1 403 2 is_stmt 1 view .LVU2321
 403:Core/Src/radio/nrf24.c **** 
 8646              		.loc 1 403 38 is_stmt 0 view .LVU2322
 8647 00d2 3D4B     		ldr	r3, .L620
 403:Core/Src/radio/nrf24.c **** 
 8648              		.loc 1 403 2 view .LVU2323
 8649 00d4 0AF03F02 		and	r2, r10, #63
 8650 00d8 2046     		mov	r0, r4
 8651 00da 995D     		ldrb	r1, [r3, r6]	@ zero_extendqisi2
 8652 00dc FFF7FEFF 		bl	nRF24_WriteReg
 8653              	.LVL788:
 406:Core/Src/radio/nrf24.c **** 	if (aa_state == nRF24_AA_ON) {
 8654              		.loc 1 406 2 is_stmt 1 view .LVU2324
 8655              	.LBB1982:
 8656              	.LBI1982:
   9:Core/Src/radio/nrf24.c **** 	uint8_t value;
 8657              		.loc 1 9 9 view .LVU2325
 8658              	.LBB1983:
  10:Core/Src/radio/nrf24.c **** 
 8659              		.loc 1 10 2 view .LVU2326
ARM GAS  C:\Users\l1234\AppData\Local\Temp\ccFgEZ6h.s 			page 198


  12:Core/Src/radio/nrf24.c **** 	nRF24_LL_RW(nrf, reg & nRF24_MASK_REG_MAP);
 8660              		.loc 1 12 2 view .LVU2327
 8661              	.LBB1984:
 8662              	.LBI1984:
  27:Core/Src/radio/../../Inc/radio/support.h ****     HAL_GPIO_WritePin(nrf->csPort, nrf->csPin, GPIO_PIN_RESET);
 8663              		.loc 2 27 20 view .LVU2328
 8664              	.LBB1985:
  28:Core/Src/radio/../../Inc/radio/support.h **** }
 8665              		.loc 2 28 5 view .LVU2329
 8666 00e0 0022     		movs	r2, #0
 8667 00e2 218A     		ldrh	r1, [r4, #16]
 8668 00e4 E068     		ldr	r0, [r4, #12]
 8669 00e6 FFF7FEFF 		bl	HAL_GPIO_WritePin
 8670              	.LVL789:
  28:Core/Src/radio/../../Inc/radio/support.h **** }
 8671              		.loc 2 28 5 is_stmt 0 view .LVU2330
 8672              	.LBE1985:
 8673              	.LBE1984:
  13:Core/Src/radio/nrf24.c **** 	value = nRF24_LL_RW(nrf, nRF24_CMD_NOP);
 8674              		.loc 1 13 2 is_stmt 1 view .LVU2331
 8675              	.LBB1986:
 8676              	.LBB1987:
  39:Core/Src/radio/../../Inc/radio/support.h ****         Error_Handler();
 8677              		.loc 2 39 8 is_stmt 0 view .LVU2332
 8678 00ea 4FF4FA62 		mov	r2, #2000
 8679 00ee 0123     		movs	r3, #1
 8680 00f0 0DF10E01 		add	r1, sp, #14
 8681 00f4 0092     		str	r2, [sp]
 8682 00f6 0DF10F02 		add	r2, sp, #15
 8683 00fa 2068     		ldr	r0, [r4]
 8684 00fc 8DF80E30 		strb	r3, [sp, #14]
 8685              	.LVL790:
  39:Core/Src/radio/../../Inc/radio/support.h ****         Error_Handler();
 8686              		.loc 2 39 8 view .LVU2333
 8687              	.LBE1987:
 8688              	.LBI1986:
  36:Core/Src/radio/../../Inc/radio/support.h ****     // Wait until TX buffer is empty
 8689              		.loc 2 36 23 is_stmt 1 view .LVU2334
 8690              	.LBB1988:
  38:Core/Src/radio/../../Inc/radio/support.h ****     if(HAL_SPI_TransmitReceive(nrf->hspi,&data,&result,1,2000)!=HAL_OK) {
 8691              		.loc 2 38 5 view .LVU2335
  39:Core/Src/radio/../../Inc/radio/support.h ****         Error_Handler();
 8692              		.loc 2 39 5 view .LVU2336
  39:Core/Src/radio/../../Inc/radio/support.h ****         Error_Handler();
 8693              		.loc 2 39 8 is_stmt 0 view .LVU2337
 8694 0100 FFF7FEFF 		bl	HAL_SPI_TransmitReceive
 8695              	.LVL791:
  39:Core/Src/radio/../../Inc/radio/support.h ****         Error_Handler();
 8696              		.loc 2 39 7 view .LVU2338
 8697 0104 0028     		cmp	r0, #0
 8698 0106 53D1     		bne	.L616
 8699              	.L581:
  41:Core/Src/radio/../../Inc/radio/support.h ****     return result;
 8700              		.loc 2 41 6 is_stmt 1 view .LVU2339
 8701              		.loc 2 42 5 view .LVU2340
 8702              	.LVL792:
 8703              		.loc 2 42 5 is_stmt 0 view .LVU2341
ARM GAS  C:\Users\l1234\AppData\Local\Temp\ccFgEZ6h.s 			page 199


 8704              	.LBE1988:
 8705              	.LBE1986:
  14:Core/Src/radio/nrf24.c **** 	nRF24_CSN_H(nrf);
 8706              		.loc 1 14 2 is_stmt 1 view .LVU2342
 8707              	.LBB1990:
 8708              	.LBB1991:
  39:Core/Src/radio/../../Inc/radio/support.h ****         Error_Handler();
 8709              		.loc 2 39 8 is_stmt 0 view .LVU2343
 8710 0108 4FF4FA63 		mov	r3, #2000
 8711 010c 0DF10F02 		add	r2, sp, #15
 8712 0110 0DF10E01 		add	r1, sp, #14
 8713 0114 0093     		str	r3, [sp]
 8714 0116 FF23     		movs	r3, #255
 8715 0118 2068     		ldr	r0, [r4]
 8716 011a 8DF80E30 		strb	r3, [sp, #14]
 8717              	.LVL793:
  39:Core/Src/radio/../../Inc/radio/support.h ****         Error_Handler();
 8718              		.loc 2 39 8 view .LVU2344
 8719              	.LBE1991:
 8720              	.LBI1990:
  36:Core/Src/radio/../../Inc/radio/support.h ****     // Wait until TX buffer is empty
 8721              		.loc 2 36 23 is_stmt 1 view .LVU2345
 8722              	.LBB1992:
  38:Core/Src/radio/../../Inc/radio/support.h ****     if(HAL_SPI_TransmitReceive(nrf->hspi,&data,&result,1,2000)!=HAL_OK) {
 8723              		.loc 2 38 5 view .LVU2346
  39:Core/Src/radio/../../Inc/radio/support.h ****         Error_Handler();
 8724              		.loc 2 39 5 view .LVU2347
  39:Core/Src/radio/../../Inc/radio/support.h ****         Error_Handler();
 8725              		.loc 2 39 8 is_stmt 0 view .LVU2348
 8726 011e 0123     		movs	r3, #1
 8727              	.LVL794:
  39:Core/Src/radio/../../Inc/radio/support.h ****         Error_Handler();
 8728              		.loc 2 39 8 view .LVU2349
 8729 0120 FFF7FEFF 		bl	HAL_SPI_TransmitReceive
 8730              	.LVL795:
  39:Core/Src/radio/../../Inc/radio/support.h ****         Error_Handler();
 8731              		.loc 2 39 7 view .LVU2350
 8732 0124 0028     		cmp	r0, #0
 8733 0126 40D1     		bne	.L617
 8734              	.L582:
  41:Core/Src/radio/../../Inc/radio/support.h ****     return result;
 8735              		.loc 2 41 6 is_stmt 1 view .LVU2351
 8736              		.loc 2 42 5 view .LVU2352
 8737              	.LBE1992:
 8738              	.LBE1990:
 8739              	.LBB1995:
 8740              	.LBB1996:
  32:Core/Src/radio/../../Inc/radio/support.h **** }
 8741              		.loc 2 32 5 is_stmt 0 view .LVU2353
 8742 0128 0122     		movs	r2, #1
 8743 012a 218A     		ldrh	r1, [r4, #16]
 8744 012c E068     		ldr	r0, [r4, #12]
 8745              	.LBE1996:
 8746              	.LBE1995:
 8747              	.LBB1998:
 8748              	.LBB1993:
 8749              		.loc 2 42 12 view .LVU2354
ARM GAS  C:\Users\l1234\AppData\Local\Temp\ccFgEZ6h.s 			page 200


 8750 012e 9DF80F50 		ldrb	r5, [sp, #15]	@ zero_extendqisi2
 8751              	.LVL796:
 8752              		.loc 2 42 12 view .LVU2355
 8753              	.LBE1993:
 8754              	.LBE1998:
  15:Core/Src/radio/nrf24.c **** 
 8755              		.loc 1 15 2 is_stmt 1 view .LVU2356
 8756              	.LBB1999:
 8757              	.LBI1995:
  31:Core/Src/radio/../../Inc/radio/support.h ****     HAL_GPIO_WritePin(nrf->csPort, nrf->csPin, GPIO_PIN_SET);
 8758              		.loc 2 31 20 view .LVU2357
 8759              	.LBB1997:
  32:Core/Src/radio/../../Inc/radio/support.h **** }
 8760              		.loc 2 32 5 view .LVU2358
 8761 0132 FFF7FEFF 		bl	HAL_GPIO_WritePin
 8762              	.LVL797:
  32:Core/Src/radio/../../Inc/radio/support.h **** }
 8763              		.loc 2 32 5 is_stmt 0 view .LVU2359
 8764              	.LBE1997:
 8765              	.LBE1999:
  17:Core/Src/radio/nrf24.c **** }
 8766              		.loc 1 17 2 is_stmt 1 view .LVU2360
  17:Core/Src/radio/nrf24.c **** }
 8767              		.loc 1 17 2 is_stmt 0 view .LVU2361
 8768              	.LBE1983:
 8769              	.LBE1982:
 407:Core/Src/radio/nrf24.c **** 		reg |=  (1 << pipe);
 8770              		.loc 1 407 2 is_stmt 1 view .LVU2362
 408:Core/Src/radio/nrf24.c **** 	} else {
 8771              		.loc 1 408 3 view .LVU2363
 407:Core/Src/radio/nrf24.c **** 		reg |=  (1 << pipe);
 8772              		.loc 1 407 5 is_stmt 0 view .LVU2364
 8773 0136 012F     		cmp	r7, #1
 8774              	.LBB2003:
 8775              	.LBB2004:
 8776              	.LBB2005:
 8777              	.LBB2006:
  28:Core/Src/radio/../../Inc/radio/support.h **** }
 8778              		.loc 2 28 5 view .LVU2365
 8779 0138 4FF00002 		mov	r2, #0
 8780 013c 218A     		ldrh	r1, [r4, #16]
 8781 013e E068     		ldr	r0, [r4, #12]
 8782              	.LBE2006:
 8783              	.LBE2005:
 8784              	.LBE2004:
 8785              	.LBE2003:
 408:Core/Src/radio/nrf24.c **** 	} else {
 8786              		.loc 1 408 7 view .LVU2366
 8787 0140 0CBF     		ite	eq
 8788 0142 49EA0505 		orreq	r5, r9, r5
 8789              	.LVL798:
 410:Core/Src/radio/nrf24.c **** 	}
 8790              		.loc 1 410 3 is_stmt 1 view .LVU2367
 410:Core/Src/radio/nrf24.c **** 	}
 8791              		.loc 1 410 7 is_stmt 0 view .LVU2368
 8792 0146 25EA0805 		bicne	r5, r5, r8
 8793              	.LVL799:
ARM GAS  C:\Users\l1234\AppData\Local\Temp\ccFgEZ6h.s 			page 201


 412:Core/Src/radio/nrf24.c **** }
 8794              		.loc 1 412 2 is_stmt 1 view .LVU2369
 8795              	.LBB2026:
 8796              	.LBI2003:
  24:Core/Src/radio/nrf24.c **** 	nRF24_CSN_L(nrf);
 8797              		.loc 1 24 6 view .LVU2370
 8798              	.LBB2023:
  25:Core/Src/radio/nrf24.c **** 	if (reg < nRF24_CMD_W_REGISTER) {
 8799              		.loc 1 25 2 view .LVU2371
 8800              	.LBB2008:
 8801              	.LBI2005:
  27:Core/Src/radio/../../Inc/radio/support.h ****     HAL_GPIO_WritePin(nrf->csPort, nrf->csPin, GPIO_PIN_RESET);
 8802              		.loc 2 27 20 view .LVU2372
 8803              	.LBB2007:
  28:Core/Src/radio/../../Inc/radio/support.h **** }
 8804              		.loc 2 28 5 view .LVU2373
 8805 014a FFF7FEFF 		bl	HAL_GPIO_WritePin
 8806              	.LVL800:
  28:Core/Src/radio/../../Inc/radio/support.h **** }
 8807              		.loc 2 28 5 is_stmt 0 view .LVU2374
 8808              	.LBE2007:
 8809              	.LBE2008:
  26:Core/Src/radio/nrf24.c **** 		// This is a register access
 8810              		.loc 1 26 2 is_stmt 1 view .LVU2375
  28:Core/Src/radio/nrf24.c **** 		nRF24_LL_RW(nrf, value);
 8811              		.loc 1 28 3 view .LVU2376
 8812 014e 2123     		movs	r3, #33
 8813              	.LBB2009:
 8814              	.LBB2010:
  39:Core/Src/radio/../../Inc/radio/support.h ****         Error_Handler();
 8815              		.loc 2 39 8 is_stmt 0 view .LVU2377
 8816 0150 0DF10F02 		add	r2, sp, #15
 8817 0154 0DF10E01 		add	r1, sp, #14
 8818 0158 8DF80E30 		strb	r3, [sp, #14]
 8819              	.LVL801:
  39:Core/Src/radio/../../Inc/radio/support.h ****         Error_Handler();
 8820              		.loc 2 39 8 view .LVU2378
 8821              	.LBE2010:
 8822              	.LBI2009:
  36:Core/Src/radio/../../Inc/radio/support.h ****     // Wait until TX buffer is empty
 8823              		.loc 2 36 23 is_stmt 1 view .LVU2379
 8824              	.LBB2011:
  38:Core/Src/radio/../../Inc/radio/support.h ****     if(HAL_SPI_TransmitReceive(nrf->hspi,&data,&result,1,2000)!=HAL_OK) {
 8825              		.loc 2 38 5 view .LVU2380
  39:Core/Src/radio/../../Inc/radio/support.h ****         Error_Handler();
 8826              		.loc 2 39 5 view .LVU2381
  39:Core/Src/radio/../../Inc/radio/support.h ****         Error_Handler();
 8827              		.loc 2 39 8 is_stmt 0 view .LVU2382
 8828 015c 4FF4FA63 		mov	r3, #2000
 8829              	.LVL802:
  39:Core/Src/radio/../../Inc/radio/support.h ****         Error_Handler();
 8830              		.loc 2 39 8 view .LVU2383
 8831 0160 0093     		str	r3, [sp]
 8832 0162 0123     		movs	r3, #1
 8833 0164 2068     		ldr	r0, [r4]
 8834 0166 FFF7FEFF 		bl	HAL_SPI_TransmitReceive
 8835              	.LVL803:
ARM GAS  C:\Users\l1234\AppData\Local\Temp\ccFgEZ6h.s 			page 202


  39:Core/Src/radio/../../Inc/radio/support.h ****         Error_Handler();
 8836              		.loc 2 39 7 view .LVU2384
 8837 016a D8B9     		cbnz	r0, .L618
 8838              	.L585:
  41:Core/Src/radio/../../Inc/radio/support.h ****     return result;
 8839              		.loc 2 41 6 is_stmt 1 view .LVU2385
 8840              		.loc 2 42 5 view .LVU2386
 8841              	.LVL804:
 8842              		.loc 2 42 5 is_stmt 0 view .LVU2387
 8843              	.LBE2011:
 8844              	.LBE2009:
  29:Core/Src/radio/nrf24.c **** 	} else {
 8845              		.loc 1 29 3 is_stmt 1 view .LVU2388
 8846              	.LBB2013:
 8847              	.LBB2014:
  39:Core/Src/radio/../../Inc/radio/support.h ****         Error_Handler();
 8848              		.loc 2 39 8 is_stmt 0 view .LVU2389
 8849 016c 4FF4FA63 		mov	r3, #2000
 8850 0170 0DF10F02 		add	r2, sp, #15
 8851 0174 0DF10E01 		add	r1, sp, #14
 8852 0178 8DF80E50 		strb	r5, [sp, #14]
 8853              	.LVL805:
  39:Core/Src/radio/../../Inc/radio/support.h ****         Error_Handler();
 8854              		.loc 2 39 8 view .LVU2390
 8855              	.LBE2014:
 8856              	.LBI2013:
  36:Core/Src/radio/../../Inc/radio/support.h ****     // Wait until TX buffer is empty
 8857              		.loc 2 36 23 is_stmt 1 view .LVU2391
 8858              	.LBB2015:
  38:Core/Src/radio/../../Inc/radio/support.h ****     if(HAL_SPI_TransmitReceive(nrf->hspi,&data,&result,1,2000)!=HAL_OK) {
 8859              		.loc 2 38 5 view .LVU2392
  39:Core/Src/radio/../../Inc/radio/support.h ****         Error_Handler();
 8860              		.loc 2 39 5 view .LVU2393
  39:Core/Src/radio/../../Inc/radio/support.h ****         Error_Handler();
 8861              		.loc 2 39 8 is_stmt 0 view .LVU2394
 8862 017c 0093     		str	r3, [sp]
 8863 017e 0123     		movs	r3, #1
 8864 0180 2068     		ldr	r0, [r4]
 8865 0182 FFF7FEFF 		bl	HAL_SPI_TransmitReceive
 8866              	.LVL806:
  39:Core/Src/radio/../../Inc/radio/support.h ****         Error_Handler();
 8867              		.loc 2 39 7 view .LVU2395
 8868 0186 50B9     		cbnz	r0, .L619
 8869              	.L586:
  41:Core/Src/radio/../../Inc/radio/support.h ****     return result;
 8870              		.loc 2 41 6 is_stmt 1 view .LVU2396
 8871              		.loc 2 42 5 view .LVU2397
 8872              	.LVL807:
 8873              		.loc 2 42 5 is_stmt 0 view .LVU2398
 8874              	.LBE2015:
 8875              	.LBE2013:
  39:Core/Src/radio/nrf24.c **** }
 8876              		.loc 1 39 2 is_stmt 1 view .LVU2399
 8877              	.LBB2017:
 8878              	.LBI2017:
  31:Core/Src/radio/../../Inc/radio/support.h ****     HAL_GPIO_WritePin(nrf->csPort, nrf->csPin, GPIO_PIN_SET);
 8879              		.loc 2 31 20 view .LVU2400
ARM GAS  C:\Users\l1234\AppData\Local\Temp\ccFgEZ6h.s 			page 203


 8880              	.LBB2018:
  32:Core/Src/radio/../../Inc/radio/support.h **** }
 8881              		.loc 2 32 5 view .LVU2401
 8882 0188 0122     		movs	r2, #1
 8883 018a 218A     		ldrh	r1, [r4, #16]
 8884 018c E068     		ldr	r0, [r4, #12]
 8885              	.LBE2018:
 8886              	.LBE2017:
 8887              	.LBE2023:
 8888              	.LBE2026:
 413:Core/Src/radio/nrf24.c **** 
 8889              		.loc 1 413 1 is_stmt 0 view .LVU2402
 8890 018e 05B0     		add	sp, sp, #20
 8891              	.LCFI94:
 8892              		.cfi_remember_state
 8893              		.cfi_def_cfa_offset 36
 8894              		@ sp needed
 8895 0190 BDE8F04F 		pop	{r4, r5, r6, r7, r8, r9, r10, fp, lr}
 8896              	.LCFI95:
 8897              		.cfi_restore 14
 8898              		.cfi_restore 11
 8899              		.cfi_restore 10
 8900              		.cfi_restore 9
 8901              		.cfi_restore 8
 8902              		.cfi_restore 7
 8903              		.cfi_restore 6
 8904              		.cfi_restore 5
 8905              		.cfi_restore 4
 8906              		.cfi_def_cfa_offset 0
 8907              	.LVL808:
 8908              	.LBB2027:
 8909              	.LBB2024:
 8910              	.LBB2020:
 8911              	.LBB2019:
  32:Core/Src/radio/../../Inc/radio/support.h **** }
 8912              		.loc 2 32 5 view .LVU2403
 8913 0194 FFF7FEBF 		b	HAL_GPIO_WritePin
 8914              	.LVL809:
 8915              	.L612:
 8916              	.LCFI96:
 8917              		.cfi_restore_state
  32:Core/Src/radio/../../Inc/radio/support.h **** }
 8918              		.loc 2 32 5 view .LVU2404
 8919              	.LBE2019:
 8920              	.LBE2020:
 8921              	.LBE2024:
 8922              	.LBE2027:
 8923              	.LBB2028:
 8924              	.LBB1950:
 8925              	.LBB1944:
 8926              	.LBB1931:
  40:Core/Src/radio/../../Inc/radio/support.h ****     };
 8927              		.loc 2 40 9 is_stmt 1 view .LVU2405
 8928 0198 FFF7FEFF 		bl	Error_Handler
 8929              	.LVL810:
 8930 019c 4DE7     		b	.L577
 8931              	.LVL811:
ARM GAS  C:\Users\l1234\AppData\Local\Temp\ccFgEZ6h.s 			page 204


 8932              	.L619:
  40:Core/Src/radio/../../Inc/radio/support.h ****     };
 8933              		.loc 2 40 9 is_stmt 0 view .LVU2406
 8934              	.LBE1931:
 8935              	.LBE1944:
 8936              	.LBE1950:
 8937              	.LBE2028:
 8938              	.LBB2029:
 8939              	.LBB2025:
 8940              	.LBB2021:
 8941              	.LBB2016:
  40:Core/Src/radio/../../Inc/radio/support.h ****     };
 8942              		.loc 2 40 9 is_stmt 1 view .LVU2407
 8943 019e FFF7FEFF 		bl	Error_Handler
 8944              	.LVL812:
 8945 01a2 F1E7     		b	.L586
 8946              	.LVL813:
 8947              	.L618:
  40:Core/Src/radio/../../Inc/radio/support.h ****     };
 8948              		.loc 2 40 9 is_stmt 0 view .LVU2408
 8949              	.LBE2016:
 8950              	.LBE2021:
 8951              	.LBB2022:
 8952              	.LBB2012:
  40:Core/Src/radio/../../Inc/radio/support.h ****     };
 8953              		.loc 2 40 9 is_stmt 1 view .LVU2409
 8954 01a4 FFF7FEFF 		bl	Error_Handler
 8955              	.LVL814:
 8956 01a8 E0E7     		b	.L585
 8957              	.LVL815:
 8958              	.L617:
  40:Core/Src/radio/../../Inc/radio/support.h ****     };
 8959              		.loc 2 40 9 is_stmt 0 view .LVU2410
 8960              	.LBE2012:
 8961              	.LBE2022:
 8962              	.LBE2025:
 8963              	.LBE2029:
 8964              	.LBB2030:
 8965              	.LBB2002:
 8966              	.LBB2000:
 8967              	.LBB1994:
  40:Core/Src/radio/../../Inc/radio/support.h ****     };
 8968              		.loc 2 40 9 is_stmt 1 view .LVU2411
 8969 01aa FFF7FEFF 		bl	Error_Handler
 8970              	.LVL816:
 8971 01ae BBE7     		b	.L582
 8972              	.LVL817:
 8973              	.L616:
  40:Core/Src/radio/../../Inc/radio/support.h ****     };
 8974              		.loc 2 40 9 is_stmt 0 view .LVU2412
 8975              	.LBE1994:
 8976              	.LBE2000:
 8977              	.LBB2001:
 8978              	.LBB1989:
  40:Core/Src/radio/../../Inc/radio/support.h ****     };
 8979              		.loc 2 40 9 is_stmt 1 view .LVU2413
 8980 01b0 FFF7FEFF 		bl	Error_Handler
ARM GAS  C:\Users\l1234\AppData\Local\Temp\ccFgEZ6h.s 			page 205


 8981              	.LVL818:
 8982 01b4 A8E7     		b	.L581
 8983              	.LVL819:
 8984              	.L615:
  40:Core/Src/radio/../../Inc/radio/support.h ****     };
 8985              		.loc 2 40 9 is_stmt 0 view .LVU2414
 8986              	.LBE1989:
 8987              	.LBE2001:
 8988              	.LBE2002:
 8989              	.LBE2030:
 8990              	.LBB2031:
 8991              	.LBB1979:
 8992              	.LBB1975:
 8993              	.LBB1972:
  40:Core/Src/radio/../../Inc/radio/support.h ****     };
 8994              		.loc 2 40 9 is_stmt 1 view .LVU2415
 8995 01b6 FFF7FEFF 		bl	Error_Handler
 8996              	.LVL820:
 8997 01ba 85E7     		b	.L580
 8998              	.LVL821:
 8999              	.L614:
  40:Core/Src/radio/../../Inc/radio/support.h ****     };
 9000              		.loc 2 40 9 is_stmt 0 view .LVU2416
 9001              	.LBE1972:
 9002              	.LBE1975:
 9003              	.LBB1976:
 9004              	.LBB1965:
  40:Core/Src/radio/../../Inc/radio/support.h ****     };
 9005              		.loc 2 40 9 is_stmt 1 view .LVU2417
 9006 01bc FFF7FEFF 		bl	Error_Handler
 9007              	.LVL822:
 9008 01c0 73E7     		b	.L579
 9009              	.LVL823:
 9010              	.L613:
  40:Core/Src/radio/../../Inc/radio/support.h ****     };
 9011              		.loc 2 40 9 is_stmt 0 view .LVU2418
 9012              	.LBE1965:
 9013              	.LBE1976:
 9014              	.LBE1979:
 9015              	.LBE2031:
 9016              	.LBB2032:
 9017              	.LBB1951:
 9018              	.LBB1945:
 9019              	.LBB1936:
  40:Core/Src/radio/../../Inc/radio/support.h ****     };
 9020              		.loc 2 40 9 is_stmt 1 view .LVU2419
 9021 01c2 FFF7FEFF 		bl	Error_Handler
 9022              	.LVL824:
 9023 01c6 49E7     		b	.L578
 9024              	.L621:
 9025              		.align	2
 9026              	.L620:
 9027 01c8 00000000 		.word	nRF24_RX_PW_PIPE
 9028              	.LBE1936:
 9029              	.LBE1945:
 9030              	.LBE1951:
 9031              	.LBE2032:
ARM GAS  C:\Users\l1234\AppData\Local\Temp\ccFgEZ6h.s 			page 206


 9032              		.cfi_endproc
 9033              	.LFE171:
 9035              		.section	.text.nRF24_ClosePipe,"ax",%progbits
 9036              		.align	1
 9037              		.p2align 2,,3
 9038              		.global	nRF24_ClosePipe
 9039              		.syntax unified
 9040              		.thumb
 9041              		.thumb_func
 9043              	nRF24_ClosePipe:
 9044              	.LVL825:
 9045              	.LFB172:
 418:Core/Src/radio/nrf24.c **** 	uint8_t reg;
 9046              		.loc 1 418 62 view -0
 9047              		.cfi_startproc
 9048              		@ args = 0, pretend = 0, frame = 8
 9049              		@ frame_needed = 0, uses_anonymous_args = 0
 419:Core/Src/radio/nrf24.c **** 
 9050              		.loc 1 419 2 view .LVU2421
 421:Core/Src/radio/nrf24.c **** 	reg &= ~(1 << pipe);
 9051              		.loc 1 421 2 view .LVU2422
 418:Core/Src/radio/nrf24.c **** 	uint8_t reg;
 9052              		.loc 1 418 62 is_stmt 0 view .LVU2423
 9053 0000 F0B5     		push	{r4, r5, r6, r7, lr}
 9054              	.LCFI97:
 9055              		.cfi_def_cfa_offset 20
 9056              		.cfi_offset 4, -20
 9057              		.cfi_offset 5, -16
 9058              		.cfi_offset 6, -12
 9059              		.cfi_offset 7, -8
 9060              		.cfi_offset 14, -4
 9061              	.LBB2057:
 9062              	.LBB2058:
 9063              	.LBB2059:
 9064              	.LBB2060:
  28:Core/Src/radio/../../Inc/radio/support.h **** }
 9065              		.loc 2 28 5 view .LVU2424
 9066 0002 0022     		movs	r2, #0
 9067              	.LBE2060:
 9068              	.LBE2059:
 9069              	.LBE2058:
 9070              	.LBE2057:
 418:Core/Src/radio/nrf24.c **** 	uint8_t reg;
 9071              		.loc 1 418 62 view .LVU2425
 9072 0004 85B0     		sub	sp, sp, #20
 9073              	.LCFI98:
 9074              		.cfi_def_cfa_offset 40
 418:Core/Src/radio/nrf24.c **** 	uint8_t reg;
 9075              		.loc 1 418 62 view .LVU2426
 9076 0006 0446     		mov	r4, r0
 9077              	.LVL826:
 9078              	.LBB2086:
 9079              	.LBI2057:
   9:Core/Src/radio/nrf24.c **** 	uint8_t value;
 9080              		.loc 1 9 9 is_stmt 1 view .LVU2427
 9081              	.LBB2081:
  10:Core/Src/radio/nrf24.c **** 
ARM GAS  C:\Users\l1234\AppData\Local\Temp\ccFgEZ6h.s 			page 207


 9082              		.loc 1 10 2 view .LVU2428
  12:Core/Src/radio/nrf24.c **** 	nRF24_LL_RW(nrf, reg & nRF24_MASK_REG_MAP);
 9083              		.loc 1 12 2 view .LVU2429
 9084              	.LBB2063:
 9085              	.LBI2059:
  27:Core/Src/radio/../../Inc/radio/support.h ****     HAL_GPIO_WritePin(nrf->csPort, nrf->csPin, GPIO_PIN_RESET);
 9086              		.loc 2 27 20 view .LVU2430
 9087              	.LBB2061:
  28:Core/Src/radio/../../Inc/radio/support.h **** }
 9088              		.loc 2 28 5 view .LVU2431
 9089              	.LBE2061:
 9090              	.LBE2063:
 9091              	.LBE2081:
 9092              	.LBE2086:
 418:Core/Src/radio/nrf24.c **** 	uint8_t reg;
 9093              		.loc 1 418 62 is_stmt 0 view .LVU2432
 9094 0008 0E46     		mov	r6, r1
 9095              	.LBB2087:
 9096              	.LBB2082:
 9097              	.LBB2064:
 9098              	.LBB2062:
  28:Core/Src/radio/../../Inc/radio/support.h **** }
 9099              		.loc 2 28 5 view .LVU2433
 9100 000a 018A     		ldrh	r1, [r0, #16]
 9101              	.LVL827:
  28:Core/Src/radio/../../Inc/radio/support.h **** }
 9102              		.loc 2 28 5 view .LVU2434
 9103 000c C068     		ldr	r0, [r0, #12]
 9104              	.LVL828:
  28:Core/Src/radio/../../Inc/radio/support.h **** }
 9105              		.loc 2 28 5 view .LVU2435
 9106 000e FFF7FEFF 		bl	HAL_GPIO_WritePin
 9107              	.LVL829:
  28:Core/Src/radio/../../Inc/radio/support.h **** }
 9108              		.loc 2 28 5 view .LVU2436
 9109              	.LBE2062:
 9110              	.LBE2064:
  13:Core/Src/radio/nrf24.c **** 	value = nRF24_LL_RW(nrf, nRF24_CMD_NOP);
 9111              		.loc 1 13 2 is_stmt 1 view .LVU2437
 9112              	.LBB2065:
 9113              	.LBB2066:
  39:Core/Src/radio/../../Inc/radio/support.h ****         Error_Handler();
 9114              		.loc 2 39 8 is_stmt 0 view .LVU2438
 9115 0012 4FF4FA62 		mov	r2, #2000
 9116 0016 0223     		movs	r3, #2
 9117 0018 0DF10E01 		add	r1, sp, #14
 9118 001c 0092     		str	r2, [sp]
 9119 001e 0DF10F02 		add	r2, sp, #15
 9120 0022 8DF80E30 		strb	r3, [sp, #14]
 9121              	.LVL830:
  39:Core/Src/radio/../../Inc/radio/support.h ****         Error_Handler();
 9122              		.loc 2 39 8 view .LVU2439
 9123              	.LBE2066:
 9124              	.LBI2065:
  36:Core/Src/radio/../../Inc/radio/support.h ****     // Wait until TX buffer is empty
 9125              		.loc 2 36 23 is_stmt 1 view .LVU2440
 9126              	.LBB2067:
ARM GAS  C:\Users\l1234\AppData\Local\Temp\ccFgEZ6h.s 			page 208


  38:Core/Src/radio/../../Inc/radio/support.h ****     if(HAL_SPI_TransmitReceive(nrf->hspi,&data,&result,1,2000)!=HAL_OK) {
 9127              		.loc 2 38 5 view .LVU2441
  39:Core/Src/radio/../../Inc/radio/support.h ****         Error_Handler();
 9128              		.loc 2 39 5 view .LVU2442
  39:Core/Src/radio/../../Inc/radio/support.h ****         Error_Handler();
 9129              		.loc 2 39 8 is_stmt 0 view .LVU2443
 9130 0026 0123     		movs	r3, #1
 9131              	.LVL831:
  39:Core/Src/radio/../../Inc/radio/support.h ****         Error_Handler();
 9132              		.loc 2 39 8 view .LVU2444
 9133 0028 2068     		ldr	r0, [r4]
 9134 002a FFF7FEFF 		bl	HAL_SPI_TransmitReceive
 9135              	.LVL832:
  39:Core/Src/radio/../../Inc/radio/support.h ****         Error_Handler();
 9136              		.loc 2 39 7 view .LVU2445
 9137 002e 0028     		cmp	r0, #0
 9138 0030 47D1     		bne	.L640
 9139              	.L623:
  41:Core/Src/radio/../../Inc/radio/support.h ****     return result;
 9140              		.loc 2 41 6 is_stmt 1 view .LVU2446
 9141              		.loc 2 42 5 view .LVU2447
 9142              	.LVL833:
 9143              		.loc 2 42 5 is_stmt 0 view .LVU2448
 9144              	.LBE2067:
 9145              	.LBE2065:
  14:Core/Src/radio/nrf24.c **** 	nRF24_CSN_H(nrf);
 9146              		.loc 1 14 2 is_stmt 1 view .LVU2449
 9147 0032 FF23     		movs	r3, #255
 9148              	.LBB2069:
 9149              	.LBB2070:
  39:Core/Src/radio/../../Inc/radio/support.h ****         Error_Handler();
 9150              		.loc 2 39 8 is_stmt 0 view .LVU2450
 9151 0034 0DF10F02 		add	r2, sp, #15
 9152 0038 0DF10E01 		add	r1, sp, #14
 9153 003c 8DF80E30 		strb	r3, [sp, #14]
 9154              	.LVL834:
  39:Core/Src/radio/../../Inc/radio/support.h ****         Error_Handler();
 9155              		.loc 2 39 8 view .LVU2451
 9156              	.LBE2070:
 9157              	.LBI2069:
  36:Core/Src/radio/../../Inc/radio/support.h ****     // Wait until TX buffer is empty
 9158              		.loc 2 36 23 is_stmt 1 view .LVU2452
 9159              	.LBB2071:
  38:Core/Src/radio/../../Inc/radio/support.h ****     if(HAL_SPI_TransmitReceive(nrf->hspi,&data,&result,1,2000)!=HAL_OK) {
 9160              		.loc 2 38 5 view .LVU2453
  39:Core/Src/radio/../../Inc/radio/support.h ****         Error_Handler();
 9161              		.loc 2 39 5 view .LVU2454
  39:Core/Src/radio/../../Inc/radio/support.h ****         Error_Handler();
 9162              		.loc 2 39 8 is_stmt 0 view .LVU2455
 9163 0040 4FF4FA63 		mov	r3, #2000
 9164              	.LVL835:
  39:Core/Src/radio/../../Inc/radio/support.h ****         Error_Handler();
 9165              		.loc 2 39 8 view .LVU2456
 9166 0044 0093     		str	r3, [sp]
 9167 0046 0123     		movs	r3, #1
 9168 0048 2068     		ldr	r0, [r4]
 9169 004a FFF7FEFF 		bl	HAL_SPI_TransmitReceive
ARM GAS  C:\Users\l1234\AppData\Local\Temp\ccFgEZ6h.s 			page 209


 9170              	.LVL836:
  39:Core/Src/radio/../../Inc/radio/support.h ****         Error_Handler();
 9171              		.loc 2 39 7 view .LVU2457
 9172 004e 0028     		cmp	r0, #0
 9173 0050 40D1     		bne	.L641
 9174              	.L624:
  41:Core/Src/radio/../../Inc/radio/support.h ****     return result;
 9175              		.loc 2 41 6 is_stmt 1 view .LVU2458
 9176              		.loc 2 42 5 view .LVU2459
 9177              	.LBE2071:
 9178              	.LBE2069:
 9179              	.LBE2082:
 9180              	.LBE2087:
 422:Core/Src/radio/nrf24.c **** 	reg &= nRF24_MASK_EN_RX;
 9181              		.loc 1 422 13 is_stmt 0 view .LVU2460
 9182 0052 0127     		movs	r7, #1
 9183              	.LBB2088:
 9184              	.LBB2083:
 9185              	.LBB2074:
 9186              	.LBB2075:
  32:Core/Src/radio/../../Inc/radio/support.h **** }
 9187              		.loc 2 32 5 view .LVU2461
 9188 0054 218A     		ldrh	r1, [r4, #16]
 9189 0056 E068     		ldr	r0, [r4, #12]
 9190 0058 3A46     		mov	r2, r7
 9191              	.LBE2075:
 9192              	.LBE2074:
 9193              	.LBB2077:
 9194              	.LBB2072:
 9195              		.loc 2 42 12 view .LVU2462
 9196 005a 9DF80F50 		ldrb	r5, [sp, #15]	@ zero_extendqisi2
 9197              	.LVL837:
 9198              		.loc 2 42 12 view .LVU2463
 9199              	.LBE2072:
 9200              	.LBE2077:
  15:Core/Src/radio/nrf24.c **** 
 9201              		.loc 1 15 2 is_stmt 1 view .LVU2464
 9202              	.LBB2078:
 9203              	.LBI2074:
  31:Core/Src/radio/../../Inc/radio/support.h ****     HAL_GPIO_WritePin(nrf->csPort, nrf->csPin, GPIO_PIN_SET);
 9204              		.loc 2 31 20 view .LVU2465
 9205              	.LBB2076:
  32:Core/Src/radio/../../Inc/radio/support.h **** }
 9206              		.loc 2 32 5 view .LVU2466
 9207 005e FFF7FEFF 		bl	HAL_GPIO_WritePin
 9208              	.LVL838:
  32:Core/Src/radio/../../Inc/radio/support.h **** }
 9209              		.loc 2 32 5 is_stmt 0 view .LVU2467
 9210              	.LBE2076:
 9211              	.LBE2078:
  17:Core/Src/radio/nrf24.c **** }
 9212              		.loc 1 17 2 is_stmt 1 view .LVU2468
  17:Core/Src/radio/nrf24.c **** }
 9213              		.loc 1 17 2 is_stmt 0 view .LVU2469
 9214              	.LBE2083:
 9215              	.LBE2088:
 422:Core/Src/radio/nrf24.c **** 	reg &= nRF24_MASK_EN_RX;
ARM GAS  C:\Users\l1234\AppData\Local\Temp\ccFgEZ6h.s 			page 210


 9216              		.loc 1 422 2 is_stmt 1 view .LVU2470
 9217              	.LBB2089:
 9218              	.LBB2090:
 9219              	.LBB2091:
 9220              	.LBB2092:
  28:Core/Src/radio/../../Inc/radio/support.h **** }
 9221              		.loc 2 28 5 is_stmt 0 view .LVU2471
 9222 0062 0022     		movs	r2, #0
 9223 0064 218A     		ldrh	r1, [r4, #16]
 9224              	.LBE2092:
 9225              	.LBE2091:
 9226              	.LBE2090:
 9227              	.LBE2089:
 422:Core/Src/radio/nrf24.c **** 	reg &= nRF24_MASK_EN_RX;
 9228              		.loc 1 422 13 view .LVU2472
 9229 0066 07FA06F6 		lsl	r6, r7, r6
 9230              	.LBB2119:
 9231              	.LBB2114:
 9232              	.LBB2095:
 9233              	.LBB2093:
  28:Core/Src/radio/../../Inc/radio/support.h **** }
 9234              		.loc 2 28 5 view .LVU2473
 9235 006a E068     		ldr	r0, [r4, #12]
 9236 006c FFF7FEFF 		bl	HAL_GPIO_WritePin
 9237              	.LVL839:
 9238              	.LBE2093:
 9239              	.LBE2095:
 9240              	.LBB2096:
 9241              	.LBB2097:
  39:Core/Src/radio/../../Inc/radio/support.h ****         Error_Handler();
 9242              		.loc 2 39 8 view .LVU2474
 9243 0070 4FF4FA62 		mov	r2, #2000
 9244              	.LBE2097:
 9245              	.LBE2096:
 9246              	.LBE2114:
 9247              	.LBE2119:
 422:Core/Src/radio/nrf24.c **** 	reg &= nRF24_MASK_EN_RX;
 9248              		.loc 1 422 6 view .LVU2475
 9249 0074 25EA0605 		bic	r5, r5, r6
 9250              	.LVL840:
 423:Core/Src/radio/nrf24.c **** 	nRF24_WriteReg(nrf, nRF24_REG_EN_RXADDR, reg);
 9251              		.loc 1 423 2 is_stmt 1 view .LVU2476
 9252              	.LBB2120:
 9253              	.LBB2115:
 9254              	.LBB2101:
 9255              	.LBB2098:
  39:Core/Src/radio/../../Inc/radio/support.h ****         Error_Handler();
 9256              		.loc 2 39 8 is_stmt 0 view .LVU2477
 9257 0078 3B46     		mov	r3, r7
 9258 007a 0092     		str	r2, [sp]
 9259 007c 2222     		movs	r2, #34
 9260 007e 0DF10E01 		add	r1, sp, #14
 9261 0082 2068     		ldr	r0, [r4]
 9262 0084 8DF80E20 		strb	r2, [sp, #14]
 9263 0088 0DF10F02 		add	r2, sp, #15
 9264              	.LBE2098:
 9265              	.LBE2101:
ARM GAS  C:\Users\l1234\AppData\Local\Temp\ccFgEZ6h.s 			page 211


 9266              	.LBE2115:
 9267              	.LBE2120:
 423:Core/Src/radio/nrf24.c **** 	nRF24_WriteReg(nrf, nRF24_REG_EN_RXADDR, reg);
 9268              		.loc 1 423 6 view .LVU2478
 9269 008c 05F03F05 		and	r5, r5, #63
 9270              	.LVL841:
 424:Core/Src/radio/nrf24.c **** }
 9271              		.loc 1 424 2 is_stmt 1 view .LVU2479
 9272              	.LBB2121:
 9273              	.LBI2089:
  24:Core/Src/radio/nrf24.c **** 	nRF24_CSN_L(nrf);
 9274              		.loc 1 24 6 view .LVU2480
 9275              	.LBB2116:
  25:Core/Src/radio/nrf24.c **** 	if (reg < nRF24_CMD_W_REGISTER) {
 9276              		.loc 1 25 2 view .LVU2481
 9277              	.LBB2102:
 9278              	.LBI2091:
  27:Core/Src/radio/../../Inc/radio/support.h ****     HAL_GPIO_WritePin(nrf->csPort, nrf->csPin, GPIO_PIN_RESET);
 9279              		.loc 2 27 20 view .LVU2482
 9280              	.LBB2094:
  28:Core/Src/radio/../../Inc/radio/support.h **** }
 9281              		.loc 2 28 5 view .LVU2483
  28:Core/Src/radio/../../Inc/radio/support.h **** }
 9282              		.loc 2 28 5 is_stmt 0 view .LVU2484
 9283              	.LBE2094:
 9284              	.LBE2102:
  26:Core/Src/radio/nrf24.c **** 		// This is a register access
 9285              		.loc 1 26 2 is_stmt 1 view .LVU2485
  28:Core/Src/radio/nrf24.c **** 		nRF24_LL_RW(nrf, value);
 9286              		.loc 1 28 3 view .LVU2486
 9287              	.LBB2103:
 9288              	.LBI2096:
  36:Core/Src/radio/../../Inc/radio/support.h ****     // Wait until TX buffer is empty
 9289              		.loc 2 36 23 view .LVU2487
 9290              	.LBB2099:
  38:Core/Src/radio/../../Inc/radio/support.h ****     if(HAL_SPI_TransmitReceive(nrf->hspi,&data,&result,1,2000)!=HAL_OK) {
 9291              		.loc 2 38 5 view .LVU2488
  39:Core/Src/radio/../../Inc/radio/support.h ****         Error_Handler();
 9292              		.loc 2 39 5 view .LVU2489
  39:Core/Src/radio/../../Inc/radio/support.h ****         Error_Handler();
 9293              		.loc 2 39 8 is_stmt 0 view .LVU2490
 9294 0090 FFF7FEFF 		bl	HAL_SPI_TransmitReceive
 9295              	.LVL842:
  39:Core/Src/radio/../../Inc/radio/support.h ****         Error_Handler();
 9296              		.loc 2 39 7 view .LVU2491
 9297 0094 D8B9     		cbnz	r0, .L642
 9298              	.L625:
  41:Core/Src/radio/../../Inc/radio/support.h ****     return result;
 9299              		.loc 2 41 6 is_stmt 1 view .LVU2492
 9300              		.loc 2 42 5 view .LVU2493
 9301              	.LVL843:
 9302              		.loc 2 42 5 is_stmt 0 view .LVU2494
 9303              	.LBE2099:
 9304              	.LBE2103:
  29:Core/Src/radio/nrf24.c **** 	} else {
 9305              		.loc 1 29 3 is_stmt 1 view .LVU2495
 9306              	.LBB2104:
ARM GAS  C:\Users\l1234\AppData\Local\Temp\ccFgEZ6h.s 			page 212


 9307              	.LBB2105:
  39:Core/Src/radio/../../Inc/radio/support.h ****         Error_Handler();
 9308              		.loc 2 39 8 is_stmt 0 view .LVU2496
 9309 0096 4FF4FA63 		mov	r3, #2000
 9310 009a 0DF10F02 		add	r2, sp, #15
 9311 009e 0DF10E01 		add	r1, sp, #14
 9312 00a2 8DF80E50 		strb	r5, [sp, #14]
 9313              	.LVL844:
  39:Core/Src/radio/../../Inc/radio/support.h ****         Error_Handler();
 9314              		.loc 2 39 8 view .LVU2497
 9315              	.LBE2105:
 9316              	.LBI2104:
  36:Core/Src/radio/../../Inc/radio/support.h ****     // Wait until TX buffer is empty
 9317              		.loc 2 36 23 is_stmt 1 view .LVU2498
 9318              	.LBB2106:
  38:Core/Src/radio/../../Inc/radio/support.h ****     if(HAL_SPI_TransmitReceive(nrf->hspi,&data,&result,1,2000)!=HAL_OK) {
 9319              		.loc 2 38 5 view .LVU2499
  39:Core/Src/radio/../../Inc/radio/support.h ****         Error_Handler();
 9320              		.loc 2 39 5 view .LVU2500
  39:Core/Src/radio/../../Inc/radio/support.h ****         Error_Handler();
 9321              		.loc 2 39 8 is_stmt 0 view .LVU2501
 9322 00a6 0093     		str	r3, [sp]
 9323 00a8 0123     		movs	r3, #1
 9324 00aa 2068     		ldr	r0, [r4]
 9325 00ac FFF7FEFF 		bl	HAL_SPI_TransmitReceive
 9326              	.LVL845:
  39:Core/Src/radio/../../Inc/radio/support.h ****         Error_Handler();
 9327              		.loc 2 39 7 view .LVU2502
 9328 00b0 50B9     		cbnz	r0, .L643
 9329              	.L626:
  41:Core/Src/radio/../../Inc/radio/support.h ****     return result;
 9330              		.loc 2 41 6 is_stmt 1 view .LVU2503
 9331              		.loc 2 42 5 view .LVU2504
 9332              	.LVL846:
 9333              		.loc 2 42 5 is_stmt 0 view .LVU2505
 9334              	.LBE2106:
 9335              	.LBE2104:
  39:Core/Src/radio/nrf24.c **** }
 9336              		.loc 1 39 2 is_stmt 1 view .LVU2506
 9337              	.LBB2108:
 9338              	.LBI2108:
  31:Core/Src/radio/../../Inc/radio/support.h ****     HAL_GPIO_WritePin(nrf->csPort, nrf->csPin, GPIO_PIN_SET);
 9339              		.loc 2 31 20 view .LVU2507
 9340              	.LBB2109:
  32:Core/Src/radio/../../Inc/radio/support.h **** }
 9341              		.loc 2 32 5 view .LVU2508
 9342 00b2 0122     		movs	r2, #1
 9343 00b4 218A     		ldrh	r1, [r4, #16]
 9344 00b6 E068     		ldr	r0, [r4, #12]
 9345              	.LBE2109:
 9346              	.LBE2108:
 9347              	.LBE2116:
 9348              	.LBE2121:
 425:Core/Src/radio/nrf24.c **** 
 9349              		.loc 1 425 1 is_stmt 0 view .LVU2509
 9350 00b8 05B0     		add	sp, sp, #20
 9351              	.LCFI99:
ARM GAS  C:\Users\l1234\AppData\Local\Temp\ccFgEZ6h.s 			page 213


 9352              		.cfi_remember_state
 9353              		.cfi_def_cfa_offset 20
 9354              		@ sp needed
 9355 00ba BDE8F040 		pop	{r4, r5, r6, r7, lr}
 9356              	.LCFI100:
 9357              		.cfi_restore 14
 9358              		.cfi_restore 7
 9359              		.cfi_restore 6
 9360              		.cfi_restore 5
 9361              		.cfi_restore 4
 9362              		.cfi_def_cfa_offset 0
 9363              	.LVL847:
 9364              	.LBB2122:
 9365              	.LBB2117:
 9366              	.LBB2111:
 9367              	.LBB2110:
  32:Core/Src/radio/../../Inc/radio/support.h **** }
 9368              		.loc 2 32 5 view .LVU2510
 9369 00be FFF7FEBF 		b	HAL_GPIO_WritePin
 9370              	.LVL848:
 9371              	.L640:
 9372              	.LCFI101:
 9373              		.cfi_restore_state
  32:Core/Src/radio/../../Inc/radio/support.h **** }
 9374              		.loc 2 32 5 view .LVU2511
 9375              	.LBE2110:
 9376              	.LBE2111:
 9377              	.LBE2117:
 9378              	.LBE2122:
 9379              	.LBB2123:
 9380              	.LBB2084:
 9381              	.LBB2079:
 9382              	.LBB2068:
  40:Core/Src/radio/../../Inc/radio/support.h ****     };
 9383              		.loc 2 40 9 is_stmt 1 view .LVU2512
 9384 00c2 FFF7FEFF 		bl	Error_Handler
 9385              	.LVL849:
 9386 00c6 B4E7     		b	.L623
 9387              	.LVL850:
 9388              	.L643:
  40:Core/Src/radio/../../Inc/radio/support.h ****     };
 9389              		.loc 2 40 9 is_stmt 0 view .LVU2513
 9390              	.LBE2068:
 9391              	.LBE2079:
 9392              	.LBE2084:
 9393              	.LBE2123:
 9394              	.LBB2124:
 9395              	.LBB2118:
 9396              	.LBB2112:
 9397              	.LBB2107:
  40:Core/Src/radio/../../Inc/radio/support.h ****     };
 9398              		.loc 2 40 9 is_stmt 1 view .LVU2514
 9399 00c8 FFF7FEFF 		bl	Error_Handler
 9400              	.LVL851:
 9401 00cc F1E7     		b	.L626
 9402              	.LVL852:
 9403              	.L642:
ARM GAS  C:\Users\l1234\AppData\Local\Temp\ccFgEZ6h.s 			page 214


  40:Core/Src/radio/../../Inc/radio/support.h ****     };
 9404              		.loc 2 40 9 is_stmt 0 view .LVU2515
 9405              	.LBE2107:
 9406              	.LBE2112:
 9407              	.LBB2113:
 9408              	.LBB2100:
  40:Core/Src/radio/../../Inc/radio/support.h ****     };
 9409              		.loc 2 40 9 is_stmt 1 view .LVU2516
 9410 00ce FFF7FEFF 		bl	Error_Handler
 9411              	.LVL853:
 9412 00d2 E0E7     		b	.L625
 9413              	.LVL854:
 9414              	.L641:
  40:Core/Src/radio/../../Inc/radio/support.h ****     };
 9415              		.loc 2 40 9 is_stmt 0 view .LVU2517
 9416              	.LBE2100:
 9417              	.LBE2113:
 9418              	.LBE2118:
 9419              	.LBE2124:
 9420              	.LBB2125:
 9421              	.LBB2085:
 9422              	.LBB2080:
 9423              	.LBB2073:
  40:Core/Src/radio/../../Inc/radio/support.h ****     };
 9424              		.loc 2 40 9 is_stmt 1 view .LVU2518
 9425 00d4 FFF7FEFF 		bl	Error_Handler
 9426              	.LVL855:
 9427 00d8 BBE7     		b	.L624
 9428              	.LBE2073:
 9429              	.LBE2080:
 9430              	.LBE2085:
 9431              	.LBE2125:
 9432              		.cfi_endproc
 9433              	.LFE172:
 9435 00da 00BF     		.section	.text.nRF24_EnableAA,"ax",%progbits
 9436              		.align	1
 9437              		.p2align 2,,3
 9438              		.global	nRF24_EnableAA
 9439              		.syntax unified
 9440              		.thumb
 9441              		.thumb_func
 9443              	nRF24_EnableAA:
 9444              	.LVL856:
 9445              	.LFB173:
 430:Core/Src/radio/nrf24.c **** 	uint8_t reg;
 9446              		.loc 1 430 61 view -0
 9447              		.cfi_startproc
 9448              		@ args = 0, pretend = 0, frame = 8
 9449              		@ frame_needed = 0, uses_anonymous_args = 0
 431:Core/Src/radio/nrf24.c **** 
 9450              		.loc 1 431 2 view .LVU2520
 434:Core/Src/radio/nrf24.c **** 	reg |= (1 << pipe);
 9451              		.loc 1 434 2 view .LVU2521
 430:Core/Src/radio/nrf24.c **** 	uint8_t reg;
 9452              		.loc 1 430 61 is_stmt 0 view .LVU2522
 9453 0000 F0B5     		push	{r4, r5, r6, r7, lr}
 9454              	.LCFI102:
ARM GAS  C:\Users\l1234\AppData\Local\Temp\ccFgEZ6h.s 			page 215


 9455              		.cfi_def_cfa_offset 20
 9456              		.cfi_offset 4, -20
 9457              		.cfi_offset 5, -16
 9458              		.cfi_offset 6, -12
 9459              		.cfi_offset 7, -8
 9460              		.cfi_offset 14, -4
 9461              	.LBB2150:
 9462              	.LBB2151:
 9463              	.LBB2152:
 9464              	.LBB2153:
  28:Core/Src/radio/../../Inc/radio/support.h **** }
 9465              		.loc 2 28 5 view .LVU2523
 9466 0002 0022     		movs	r2, #0
 9467              	.LBE2153:
 9468              	.LBE2152:
 9469              	.LBE2151:
 9470              	.LBE2150:
 430:Core/Src/radio/nrf24.c **** 	uint8_t reg;
 9471              		.loc 1 430 61 view .LVU2524
 9472 0004 85B0     		sub	sp, sp, #20
 9473              	.LCFI103:
 9474              		.cfi_def_cfa_offset 40
 430:Core/Src/radio/nrf24.c **** 	uint8_t reg;
 9475              		.loc 1 430 61 view .LVU2525
 9476 0006 0446     		mov	r4, r0
 9477              	.LVL857:
 9478              	.LBB2179:
 9479              	.LBI2150:
   9:Core/Src/radio/nrf24.c **** 	uint8_t value;
 9480              		.loc 1 9 9 is_stmt 1 view .LVU2526
 9481              	.LBB2174:
  10:Core/Src/radio/nrf24.c **** 
 9482              		.loc 1 10 2 view .LVU2527
  12:Core/Src/radio/nrf24.c **** 	nRF24_LL_RW(nrf, reg & nRF24_MASK_REG_MAP);
 9483              		.loc 1 12 2 view .LVU2528
 9484              	.LBB2156:
 9485              	.LBI2152:
  27:Core/Src/radio/../../Inc/radio/support.h ****     HAL_GPIO_WritePin(nrf->csPort, nrf->csPin, GPIO_PIN_RESET);
 9486              		.loc 2 27 20 view .LVU2529
 9487              	.LBB2154:
  28:Core/Src/radio/../../Inc/radio/support.h **** }
 9488              		.loc 2 28 5 view .LVU2530
 9489              	.LBE2154:
 9490              	.LBE2156:
 9491              	.LBE2174:
 9492              	.LBE2179:
 430:Core/Src/radio/nrf24.c **** 	uint8_t reg;
 9493              		.loc 1 430 61 is_stmt 0 view .LVU2531
 9494 0008 0E46     		mov	r6, r1
 9495              	.LBB2180:
 9496              	.LBB2175:
 9497              	.LBB2157:
 9498              	.LBB2155:
  28:Core/Src/radio/../../Inc/radio/support.h **** }
 9499              		.loc 2 28 5 view .LVU2532
 9500 000a 018A     		ldrh	r1, [r0, #16]
 9501              	.LVL858:
ARM GAS  C:\Users\l1234\AppData\Local\Temp\ccFgEZ6h.s 			page 216


  28:Core/Src/radio/../../Inc/radio/support.h **** }
 9502              		.loc 2 28 5 view .LVU2533
 9503 000c C068     		ldr	r0, [r0, #12]
 9504              	.LVL859:
  28:Core/Src/radio/../../Inc/radio/support.h **** }
 9505              		.loc 2 28 5 view .LVU2534
 9506 000e FFF7FEFF 		bl	HAL_GPIO_WritePin
 9507              	.LVL860:
  28:Core/Src/radio/../../Inc/radio/support.h **** }
 9508              		.loc 2 28 5 view .LVU2535
 9509              	.LBE2155:
 9510              	.LBE2157:
  13:Core/Src/radio/nrf24.c **** 	value = nRF24_LL_RW(nrf, nRF24_CMD_NOP);
 9511              		.loc 1 13 2 is_stmt 1 view .LVU2536
 9512              	.LBB2158:
 9513              	.LBB2159:
  39:Core/Src/radio/../../Inc/radio/support.h ****         Error_Handler();
 9514              		.loc 2 39 8 is_stmt 0 view .LVU2537
 9515 0012 4FF4FA62 		mov	r2, #2000
 9516 0016 0123     		movs	r3, #1
 9517 0018 0DF10E01 		add	r1, sp, #14
 9518 001c 0092     		str	r2, [sp]
 9519 001e 0DF10F02 		add	r2, sp, #15
 9520 0022 2068     		ldr	r0, [r4]
 9521 0024 8DF80E30 		strb	r3, [sp, #14]
 9522              	.LVL861:
  39:Core/Src/radio/../../Inc/radio/support.h ****         Error_Handler();
 9523              		.loc 2 39 8 view .LVU2538
 9524              	.LBE2159:
 9525              	.LBI2158:
  36:Core/Src/radio/../../Inc/radio/support.h ****     // Wait until TX buffer is empty
 9526              		.loc 2 36 23 is_stmt 1 view .LVU2539
 9527              	.LBB2160:
  38:Core/Src/radio/../../Inc/radio/support.h ****     if(HAL_SPI_TransmitReceive(nrf->hspi,&data,&result,1,2000)!=HAL_OK) {
 9528              		.loc 2 38 5 view .LVU2540
  39:Core/Src/radio/../../Inc/radio/support.h ****         Error_Handler();
 9529              		.loc 2 39 5 view .LVU2541
  39:Core/Src/radio/../../Inc/radio/support.h ****         Error_Handler();
 9530              		.loc 2 39 8 is_stmt 0 view .LVU2542
 9531 0028 FFF7FEFF 		bl	HAL_SPI_TransmitReceive
 9532              	.LVL862:
  39:Core/Src/radio/../../Inc/radio/support.h ****         Error_Handler();
 9533              		.loc 2 39 7 view .LVU2543
 9534 002c 0028     		cmp	r0, #0
 9535 002e 45D1     		bne	.L662
 9536              	.L645:
  41:Core/Src/radio/../../Inc/radio/support.h ****     return result;
 9537              		.loc 2 41 6 is_stmt 1 view .LVU2544
 9538              		.loc 2 42 5 view .LVU2545
 9539              	.LVL863:
 9540              		.loc 2 42 5 is_stmt 0 view .LVU2546
 9541              	.LBE2160:
 9542              	.LBE2158:
  14:Core/Src/radio/nrf24.c **** 	nRF24_CSN_H(nrf);
 9543              		.loc 1 14 2 is_stmt 1 view .LVU2547
 9544 0030 FF23     		movs	r3, #255
 9545              	.LBB2162:
ARM GAS  C:\Users\l1234\AppData\Local\Temp\ccFgEZ6h.s 			page 217


 9546              	.LBB2163:
  39:Core/Src/radio/../../Inc/radio/support.h ****         Error_Handler();
 9547              		.loc 2 39 8 is_stmt 0 view .LVU2548
 9548 0032 0DF10F02 		add	r2, sp, #15
 9549 0036 0DF10E01 		add	r1, sp, #14
 9550 003a 8DF80E30 		strb	r3, [sp, #14]
 9551              	.LVL864:
  39:Core/Src/radio/../../Inc/radio/support.h ****         Error_Handler();
 9552              		.loc 2 39 8 view .LVU2549
 9553              	.LBE2163:
 9554              	.LBI2162:
  36:Core/Src/radio/../../Inc/radio/support.h ****     // Wait until TX buffer is empty
 9555              		.loc 2 36 23 is_stmt 1 view .LVU2550
 9556              	.LBB2164:
  38:Core/Src/radio/../../Inc/radio/support.h ****     if(HAL_SPI_TransmitReceive(nrf->hspi,&data,&result,1,2000)!=HAL_OK) {
 9557              		.loc 2 38 5 view .LVU2551
  39:Core/Src/radio/../../Inc/radio/support.h ****         Error_Handler();
 9558              		.loc 2 39 5 view .LVU2552
  39:Core/Src/radio/../../Inc/radio/support.h ****         Error_Handler();
 9559              		.loc 2 39 8 is_stmt 0 view .LVU2553
 9560 003e 4FF4FA63 		mov	r3, #2000
 9561              	.LVL865:
  39:Core/Src/radio/../../Inc/radio/support.h ****         Error_Handler();
 9562              		.loc 2 39 8 view .LVU2554
 9563 0042 0093     		str	r3, [sp]
 9564 0044 0123     		movs	r3, #1
 9565 0046 2068     		ldr	r0, [r4]
 9566 0048 FFF7FEFF 		bl	HAL_SPI_TransmitReceive
 9567              	.LVL866:
  39:Core/Src/radio/../../Inc/radio/support.h ****         Error_Handler();
 9568              		.loc 2 39 7 view .LVU2555
 9569 004c 0028     		cmp	r0, #0
 9570 004e 3ED1     		bne	.L663
 9571              	.L646:
  41:Core/Src/radio/../../Inc/radio/support.h ****     return result;
 9572              		.loc 2 41 6 is_stmt 1 view .LVU2556
 9573              		.loc 2 42 5 view .LVU2557
 9574              	.LBE2164:
 9575              	.LBE2162:
 9576              	.LBE2175:
 9577              	.LBE2180:
 435:Core/Src/radio/nrf24.c **** 	nRF24_WriteReg(nrf, nRF24_REG_EN_AA, reg);
 9578              		.loc 1 435 12 is_stmt 0 view .LVU2558
 9579 0050 0127     		movs	r7, #1
 9580              	.LBB2181:
 9581              	.LBB2176:
 9582              	.LBB2167:
 9583              	.LBB2168:
  32:Core/Src/radio/../../Inc/radio/support.h **** }
 9584              		.loc 2 32 5 view .LVU2559
 9585 0052 218A     		ldrh	r1, [r4, #16]
 9586 0054 E068     		ldr	r0, [r4, #12]
 9587 0056 3A46     		mov	r2, r7
 9588              	.LBE2168:
 9589              	.LBE2167:
 9590              	.LBB2170:
 9591              	.LBB2165:
ARM GAS  C:\Users\l1234\AppData\Local\Temp\ccFgEZ6h.s 			page 218


 9592              		.loc 2 42 12 view .LVU2560
 9593 0058 9DF80F50 		ldrb	r5, [sp, #15]	@ zero_extendqisi2
 9594              	.LVL867:
 9595              		.loc 2 42 12 view .LVU2561
 9596              	.LBE2165:
 9597              	.LBE2170:
  15:Core/Src/radio/nrf24.c **** 
 9598              		.loc 1 15 2 is_stmt 1 view .LVU2562
 9599              	.LBB2171:
 9600              	.LBI2167:
  31:Core/Src/radio/../../Inc/radio/support.h ****     HAL_GPIO_WritePin(nrf->csPort, nrf->csPin, GPIO_PIN_SET);
 9601              		.loc 2 31 20 view .LVU2563
 9602              	.LBB2169:
  32:Core/Src/radio/../../Inc/radio/support.h **** }
 9603              		.loc 2 32 5 view .LVU2564
 9604 005c FFF7FEFF 		bl	HAL_GPIO_WritePin
 9605              	.LVL868:
  32:Core/Src/radio/../../Inc/radio/support.h **** }
 9606              		.loc 2 32 5 is_stmt 0 view .LVU2565
 9607              	.LBE2169:
 9608              	.LBE2171:
  17:Core/Src/radio/nrf24.c **** }
 9609              		.loc 1 17 2 is_stmt 1 view .LVU2566
  17:Core/Src/radio/nrf24.c **** }
 9610              		.loc 1 17 2 is_stmt 0 view .LVU2567
 9611              	.LBE2176:
 9612              	.LBE2181:
 435:Core/Src/radio/nrf24.c **** 	nRF24_WriteReg(nrf, nRF24_REG_EN_AA, reg);
 9613              		.loc 1 435 2 is_stmt 1 view .LVU2568
 9614              	.LBB2182:
 9615              	.LBB2183:
 9616              	.LBB2184:
 9617              	.LBB2185:
  28:Core/Src/radio/../../Inc/radio/support.h **** }
 9618              		.loc 2 28 5 is_stmt 0 view .LVU2569
 9619 0060 0022     		movs	r2, #0
 9620 0062 218A     		ldrh	r1, [r4, #16]
 9621              	.LBE2185:
 9622              	.LBE2184:
 9623              	.LBE2183:
 9624              	.LBE2182:
 435:Core/Src/radio/nrf24.c **** 	nRF24_WriteReg(nrf, nRF24_REG_EN_AA, reg);
 9625              		.loc 1 435 12 view .LVU2570
 9626 0064 07FA06F6 		lsl	r6, r7, r6
 9627              	.LBB2212:
 9628              	.LBB2207:
 9629              	.LBB2188:
 9630              	.LBB2186:
  28:Core/Src/radio/../../Inc/radio/support.h **** }
 9631              		.loc 2 28 5 view .LVU2571
 9632 0068 E068     		ldr	r0, [r4, #12]
 9633 006a FFF7FEFF 		bl	HAL_GPIO_WritePin
 9634              	.LVL869:
 9635              	.LBE2186:
 9636              	.LBE2188:
 9637              	.LBB2189:
 9638              	.LBB2190:
ARM GAS  C:\Users\l1234\AppData\Local\Temp\ccFgEZ6h.s 			page 219


  39:Core/Src/radio/../../Inc/radio/support.h ****         Error_Handler();
 9639              		.loc 2 39 8 view .LVU2572
 9640 006e 4FF4FA62 		mov	r2, #2000
 9641              	.LBE2190:
 9642              	.LBE2189:
 9643              	.LBE2207:
 9644              	.LBE2212:
 435:Core/Src/radio/nrf24.c **** 	nRF24_WriteReg(nrf, nRF24_REG_EN_AA, reg);
 9645              		.loc 1 435 6 view .LVU2573
 9646 0072 3543     		orrs	r5, r5, r6
 9647              	.LVL870:
 9648              	.LBB2213:
 9649              	.LBB2208:
 9650              	.LBB2194:
 9651              	.LBB2191:
  39:Core/Src/radio/../../Inc/radio/support.h ****         Error_Handler();
 9652              		.loc 2 39 8 view .LVU2574
 9653 0074 3B46     		mov	r3, r7
 9654 0076 0092     		str	r2, [sp]
 9655 0078 2122     		movs	r2, #33
 9656 007a 0DF10E01 		add	r1, sp, #14
 9657 007e 2068     		ldr	r0, [r4]
 9658 0080 8DF80E20 		strb	r2, [sp, #14]
 9659 0084 0DF10F02 		add	r2, sp, #15
 9660              	.LBE2191:
 9661              	.LBE2194:
 9662              	.LBE2208:
 9663              	.LBE2213:
 435:Core/Src/radio/nrf24.c **** 	nRF24_WriteReg(nrf, nRF24_REG_EN_AA, reg);
 9664              		.loc 1 435 6 view .LVU2575
 9665 0088 EDB2     		uxtb	r5, r5
 9666              	.LVL871:
 436:Core/Src/radio/nrf24.c **** }
 9667              		.loc 1 436 2 is_stmt 1 view .LVU2576
 9668              	.LBB2214:
 9669              	.LBI2182:
  24:Core/Src/radio/nrf24.c **** 	nRF24_CSN_L(nrf);
 9670              		.loc 1 24 6 view .LVU2577
 9671              	.LBB2209:
  25:Core/Src/radio/nrf24.c **** 	if (reg < nRF24_CMD_W_REGISTER) {
 9672              		.loc 1 25 2 view .LVU2578
 9673              	.LBB2195:
 9674              	.LBI2184:
  27:Core/Src/radio/../../Inc/radio/support.h ****     HAL_GPIO_WritePin(nrf->csPort, nrf->csPin, GPIO_PIN_RESET);
 9675              		.loc 2 27 20 view .LVU2579
 9676              	.LBB2187:
  28:Core/Src/radio/../../Inc/radio/support.h **** }
 9677              		.loc 2 28 5 view .LVU2580
  28:Core/Src/radio/../../Inc/radio/support.h **** }
 9678              		.loc 2 28 5 is_stmt 0 view .LVU2581
 9679              	.LBE2187:
 9680              	.LBE2195:
  26:Core/Src/radio/nrf24.c **** 		// This is a register access
 9681              		.loc 1 26 2 is_stmt 1 view .LVU2582
  28:Core/Src/radio/nrf24.c **** 		nRF24_LL_RW(nrf, value);
 9682              		.loc 1 28 3 view .LVU2583
 9683              	.LBB2196:
ARM GAS  C:\Users\l1234\AppData\Local\Temp\ccFgEZ6h.s 			page 220


 9684              	.LBI2189:
  36:Core/Src/radio/../../Inc/radio/support.h ****     // Wait until TX buffer is empty
 9685              		.loc 2 36 23 view .LVU2584
 9686              	.LBB2192:
  38:Core/Src/radio/../../Inc/radio/support.h ****     if(HAL_SPI_TransmitReceive(nrf->hspi,&data,&result,1,2000)!=HAL_OK) {
 9687              		.loc 2 38 5 view .LVU2585
  39:Core/Src/radio/../../Inc/radio/support.h ****         Error_Handler();
 9688              		.loc 2 39 5 view .LVU2586
  39:Core/Src/radio/../../Inc/radio/support.h ****         Error_Handler();
 9689              		.loc 2 39 8 is_stmt 0 view .LVU2587
 9690 008a FFF7FEFF 		bl	HAL_SPI_TransmitReceive
 9691              	.LVL872:
  39:Core/Src/radio/../../Inc/radio/support.h ****         Error_Handler();
 9692              		.loc 2 39 7 view .LVU2588
 9693 008e D8B9     		cbnz	r0, .L664
 9694              	.L647:
  41:Core/Src/radio/../../Inc/radio/support.h ****     return result;
 9695              		.loc 2 41 6 is_stmt 1 view .LVU2589
 9696              		.loc 2 42 5 view .LVU2590
 9697              	.LVL873:
 9698              		.loc 2 42 5 is_stmt 0 view .LVU2591
 9699              	.LBE2192:
 9700              	.LBE2196:
  29:Core/Src/radio/nrf24.c **** 	} else {
 9701              		.loc 1 29 3 is_stmt 1 view .LVU2592
 9702              	.LBB2197:
 9703              	.LBB2198:
  39:Core/Src/radio/../../Inc/radio/support.h ****         Error_Handler();
 9704              		.loc 2 39 8 is_stmt 0 view .LVU2593
 9705 0090 4FF4FA63 		mov	r3, #2000
 9706 0094 0DF10F02 		add	r2, sp, #15
 9707 0098 0DF10E01 		add	r1, sp, #14
 9708 009c 8DF80E50 		strb	r5, [sp, #14]
 9709              	.LVL874:
  39:Core/Src/radio/../../Inc/radio/support.h ****         Error_Handler();
 9710              		.loc 2 39 8 view .LVU2594
 9711              	.LBE2198:
 9712              	.LBI2197:
  36:Core/Src/radio/../../Inc/radio/support.h ****     // Wait until TX buffer is empty
 9713              		.loc 2 36 23 is_stmt 1 view .LVU2595
 9714              	.LBB2199:
  38:Core/Src/radio/../../Inc/radio/support.h ****     if(HAL_SPI_TransmitReceive(nrf->hspi,&data,&result,1,2000)!=HAL_OK) {
 9715              		.loc 2 38 5 view .LVU2596
  39:Core/Src/radio/../../Inc/radio/support.h ****         Error_Handler();
 9716              		.loc 2 39 5 view .LVU2597
  39:Core/Src/radio/../../Inc/radio/support.h ****         Error_Handler();
 9717              		.loc 2 39 8 is_stmt 0 view .LVU2598
 9718 00a0 0093     		str	r3, [sp]
 9719 00a2 0123     		movs	r3, #1
 9720 00a4 2068     		ldr	r0, [r4]
 9721 00a6 FFF7FEFF 		bl	HAL_SPI_TransmitReceive
 9722              	.LVL875:
  39:Core/Src/radio/../../Inc/radio/support.h ****         Error_Handler();
 9723              		.loc 2 39 7 view .LVU2599
 9724 00aa 50B9     		cbnz	r0, .L665
 9725              	.L648:
  41:Core/Src/radio/../../Inc/radio/support.h ****     return result;
ARM GAS  C:\Users\l1234\AppData\Local\Temp\ccFgEZ6h.s 			page 221


 9726              		.loc 2 41 6 is_stmt 1 view .LVU2600
 9727              		.loc 2 42 5 view .LVU2601
 9728              	.LVL876:
 9729              		.loc 2 42 5 is_stmt 0 view .LVU2602
 9730              	.LBE2199:
 9731              	.LBE2197:
  39:Core/Src/radio/nrf24.c **** }
 9732              		.loc 1 39 2 is_stmt 1 view .LVU2603
 9733              	.LBB2201:
 9734              	.LBI2201:
  31:Core/Src/radio/../../Inc/radio/support.h ****     HAL_GPIO_WritePin(nrf->csPort, nrf->csPin, GPIO_PIN_SET);
 9735              		.loc 2 31 20 view .LVU2604
 9736              	.LBB2202:
  32:Core/Src/radio/../../Inc/radio/support.h **** }
 9737              		.loc 2 32 5 view .LVU2605
 9738 00ac 0122     		movs	r2, #1
 9739 00ae 218A     		ldrh	r1, [r4, #16]
 9740 00b0 E068     		ldr	r0, [r4, #12]
 9741              	.LBE2202:
 9742              	.LBE2201:
 9743              	.LBE2209:
 9744              	.LBE2214:
 437:Core/Src/radio/nrf24.c **** 
 9745              		.loc 1 437 1 is_stmt 0 view .LVU2606
 9746 00b2 05B0     		add	sp, sp, #20
 9747              	.LCFI104:
 9748              		.cfi_remember_state
 9749              		.cfi_def_cfa_offset 20
 9750              		@ sp needed
 9751 00b4 BDE8F040 		pop	{r4, r5, r6, r7, lr}
 9752              	.LCFI105:
 9753              		.cfi_restore 14
 9754              		.cfi_restore 7
 9755              		.cfi_restore 6
 9756              		.cfi_restore 5
 9757              		.cfi_restore 4
 9758              		.cfi_def_cfa_offset 0
 9759              	.LVL877:
 9760              	.LBB2215:
 9761              	.LBB2210:
 9762              	.LBB2204:
 9763              	.LBB2203:
  32:Core/Src/radio/../../Inc/radio/support.h **** }
 9764              		.loc 2 32 5 view .LVU2607
 9765 00b8 FFF7FEBF 		b	HAL_GPIO_WritePin
 9766              	.LVL878:
 9767              	.L662:
 9768              	.LCFI106:
 9769              		.cfi_restore_state
  32:Core/Src/radio/../../Inc/radio/support.h **** }
 9770              		.loc 2 32 5 view .LVU2608
 9771              	.LBE2203:
 9772              	.LBE2204:
 9773              	.LBE2210:
 9774              	.LBE2215:
 9775              	.LBB2216:
 9776              	.LBB2177:
ARM GAS  C:\Users\l1234\AppData\Local\Temp\ccFgEZ6h.s 			page 222


 9777              	.LBB2172:
 9778              	.LBB2161:
  40:Core/Src/radio/../../Inc/radio/support.h ****     };
 9779              		.loc 2 40 9 is_stmt 1 view .LVU2609
 9780 00bc FFF7FEFF 		bl	Error_Handler
 9781              	.LVL879:
 9782 00c0 B6E7     		b	.L645
 9783              	.LVL880:
 9784              	.L665:
  40:Core/Src/radio/../../Inc/radio/support.h ****     };
 9785              		.loc 2 40 9 is_stmt 0 view .LVU2610
 9786              	.LBE2161:
 9787              	.LBE2172:
 9788              	.LBE2177:
 9789              	.LBE2216:
 9790              	.LBB2217:
 9791              	.LBB2211:
 9792              	.LBB2205:
 9793              	.LBB2200:
  40:Core/Src/radio/../../Inc/radio/support.h ****     };
 9794              		.loc 2 40 9 is_stmt 1 view .LVU2611
 9795 00c2 FFF7FEFF 		bl	Error_Handler
 9796              	.LVL881:
 9797 00c6 F1E7     		b	.L648
 9798              	.LVL882:
 9799              	.L664:
  40:Core/Src/radio/../../Inc/radio/support.h ****     };
 9800              		.loc 2 40 9 is_stmt 0 view .LVU2612
 9801              	.LBE2200:
 9802              	.LBE2205:
 9803              	.LBB2206:
 9804              	.LBB2193:
  40:Core/Src/radio/../../Inc/radio/support.h ****     };
 9805              		.loc 2 40 9 is_stmt 1 view .LVU2613
 9806 00c8 FFF7FEFF 		bl	Error_Handler
 9807              	.LVL883:
 9808 00cc E0E7     		b	.L647
 9809              	.LVL884:
 9810              	.L663:
  40:Core/Src/radio/../../Inc/radio/support.h ****     };
 9811              		.loc 2 40 9 is_stmt 0 view .LVU2614
 9812              	.LBE2193:
 9813              	.LBE2206:
 9814              	.LBE2211:
 9815              	.LBE2217:
 9816              	.LBB2218:
 9817              	.LBB2178:
 9818              	.LBB2173:
 9819              	.LBB2166:
  40:Core/Src/radio/../../Inc/radio/support.h ****     };
 9820              		.loc 2 40 9 is_stmt 1 view .LVU2615
 9821 00ce FFF7FEFF 		bl	Error_Handler
 9822              	.LVL885:
 9823 00d2 BDE7     		b	.L646
 9824              	.LBE2166:
 9825              	.LBE2173:
 9826              	.LBE2178:
ARM GAS  C:\Users\l1234\AppData\Local\Temp\ccFgEZ6h.s 			page 223


 9827              	.LBE2218:
 9828              		.cfi_endproc
 9829              	.LFE173:
 9831              		.section	.text.nRF24_DisableAA,"ax",%progbits
 9832              		.align	1
 9833              		.p2align 2,,3
 9834              		.global	nRF24_DisableAA
 9835              		.syntax unified
 9836              		.thumb
 9837              		.thumb_func
 9839              	nRF24_DisableAA:
 9840              	.LVL886:
 9841              	.LFB174:
 442:Core/Src/radio/nrf24.c **** 	uint8_t reg;
 9842              		.loc 1 442 62 view -0
 9843              		.cfi_startproc
 9844              		@ args = 0, pretend = 0, frame = 8
 9845              		@ frame_needed = 0, uses_anonymous_args = 0
 443:Core/Src/radio/nrf24.c **** 
 9846              		.loc 1 443 2 view .LVU2617
 445:Core/Src/radio/nrf24.c **** 		// Disable Auto-ACK for ALL pipes
 9847              		.loc 1 445 2 view .LVU2618
 442:Core/Src/radio/nrf24.c **** 	uint8_t reg;
 9848              		.loc 1 442 62 is_stmt 0 view .LVU2619
 9849 0000 2DE9F043 		push	{r4, r5, r6, r7, r8, r9, lr}
 9850              	.LCFI107:
 9851              		.cfi_def_cfa_offset 28
 9852              		.cfi_offset 4, -28
 9853              		.cfi_offset 5, -24
 9854              		.cfi_offset 6, -20
 9855              		.cfi_offset 7, -16
 9856              		.cfi_offset 8, -12
 9857              		.cfi_offset 9, -8
 9858              		.cfi_offset 14, -4
 9859 0004 0D46     		mov	r5, r1
 9860 0006 0446     		mov	r4, r0
 9861 0008 85B0     		sub	sp, sp, #20
 9862              	.LCFI108:
 9863              		.cfi_def_cfa_offset 48
 9864              	.LBB2257:
 9865              	.LBB2258:
 9866              	.LBB2259:
 9867              	.LBB2260:
  28:Core/Src/radio/../../Inc/radio/support.h **** }
 9868              		.loc 2 28 26 view .LVU2620
 9869 000a C068     		ldr	r0, [r0, #12]
 9870              	.LVL887:
  28:Core/Src/radio/../../Inc/radio/support.h **** }
 9871              		.loc 2 28 26 view .LVU2621
 9872              	.LBE2260:
 9873              	.LBE2259:
 9874              	.LBE2258:
 9875              	.LBE2257:
 445:Core/Src/radio/nrf24.c **** 		// Disable Auto-ACK for ALL pipes
 9876              		.loc 1 445 5 view .LVU2622
 9877 000c 052D     		cmp	r5, #5
 9878              	.LBB2276:
ARM GAS  C:\Users\l1234\AppData\Local\Temp\ccFgEZ6h.s 			page 224


 9879              	.LBB2273:
 9880              	.LBB2263:
 9881              	.LBB2261:
  28:Core/Src/radio/../../Inc/radio/support.h **** }
 9882              		.loc 2 28 39 view .LVU2623
 9883 000e 218A     		ldrh	r1, [r4, #16]
 9884              	.LVL888:
  28:Core/Src/radio/../../Inc/radio/support.h **** }
 9885              		.loc 2 28 5 view .LVU2624
 9886 0010 4FF00002 		mov	r2, #0
 9887              	.LBE2261:
 9888              	.LBE2263:
 9889              	.LBE2273:
 9890              	.LBE2276:
 445:Core/Src/radio/nrf24.c **** 		// Disable Auto-ACK for ALL pipes
 9891              		.loc 1 445 5 view .LVU2625
 9892 0014 29D9     		bls	.L667
 447:Core/Src/radio/nrf24.c **** 	} else {
 9893              		.loc 1 447 3 is_stmt 1 view .LVU2626
 9894              	.LVL889:
 9895              	.LBB2277:
 9896              	.LBI2257:
  24:Core/Src/radio/nrf24.c **** 	nRF24_CSN_L(nrf);
 9897              		.loc 1 24 6 view .LVU2627
 9898              	.LBB2274:
  25:Core/Src/radio/nrf24.c **** 	if (reg < nRF24_CMD_W_REGISTER) {
 9899              		.loc 1 25 2 view .LVU2628
 9900              	.LBB2264:
 9901              	.LBI2259:
  27:Core/Src/radio/../../Inc/radio/support.h ****     HAL_GPIO_WritePin(nrf->csPort, nrf->csPin, GPIO_PIN_RESET);
 9902              		.loc 2 27 20 view .LVU2629
 9903              	.LBB2262:
  28:Core/Src/radio/../../Inc/radio/support.h **** }
 9904              		.loc 2 28 5 view .LVU2630
 9905 0016 FFF7FEFF 		bl	HAL_GPIO_WritePin
 9906              	.LVL890:
  28:Core/Src/radio/../../Inc/radio/support.h **** }
 9907              		.loc 2 28 5 is_stmt 0 view .LVU2631
 9908              	.LBE2262:
 9909              	.LBE2264:
  26:Core/Src/radio/nrf24.c **** 		// This is a register access
 9910              		.loc 1 26 2 is_stmt 1 view .LVU2632
  28:Core/Src/radio/nrf24.c **** 		nRF24_LL_RW(nrf, value);
 9911              		.loc 1 28 3 view .LVU2633
 9912              	.LBB2265:
 9913              	.LBB2266:
  39:Core/Src/radio/../../Inc/radio/support.h ****         Error_Handler();
 9914              		.loc 2 39 8 is_stmt 0 view .LVU2634
 9915 001a 0DF10F07 		add	r7, sp, #15
 9916 001e 4FF4FA63 		mov	r3, #2000
 9917 0022 2122     		movs	r2, #33
 9918 0024 0DF10E06 		add	r6, sp, #14
 9919 0028 0093     		str	r3, [sp]
 9920 002a 0123     		movs	r3, #1
 9921 002c 8DF80E20 		strb	r2, [sp, #14]
 9922              	.LVL891:
  39:Core/Src/radio/../../Inc/radio/support.h ****         Error_Handler();
ARM GAS  C:\Users\l1234\AppData\Local\Temp\ccFgEZ6h.s 			page 225


 9923              		.loc 2 39 8 view .LVU2635
 9924              	.LBE2266:
 9925              	.LBI2265:
  36:Core/Src/radio/../../Inc/radio/support.h ****     // Wait until TX buffer is empty
 9926              		.loc 2 36 23 is_stmt 1 view .LVU2636
 9927              	.LBB2267:
  38:Core/Src/radio/../../Inc/radio/support.h ****     if(HAL_SPI_TransmitReceive(nrf->hspi,&data,&result,1,2000)!=HAL_OK) {
 9928              		.loc 2 38 5 view .LVU2637
  39:Core/Src/radio/../../Inc/radio/support.h ****         Error_Handler();
 9929              		.loc 2 39 5 view .LVU2638
  39:Core/Src/radio/../../Inc/radio/support.h ****         Error_Handler();
 9930              		.loc 2 39 8 is_stmt 0 view .LVU2639
 9931 0030 3146     		mov	r1, r6
 9932 0032 3A46     		mov	r2, r7
 9933              	.LVL892:
  39:Core/Src/radio/../../Inc/radio/support.h ****         Error_Handler();
 9934              		.loc 2 39 8 view .LVU2640
 9935 0034 2068     		ldr	r0, [r4]
 9936 0036 FFF7FEFF 		bl	HAL_SPI_TransmitReceive
 9937              	.LVL893:
  39:Core/Src/radio/../../Inc/radio/support.h ****         Error_Handler();
 9938              		.loc 2 39 7 view .LVU2641
 9939 003a 0028     		cmp	r0, #0
 9940 003c 64D1     		bne	.L694
 9941              	.L668:
  41:Core/Src/radio/../../Inc/radio/support.h ****     return result;
 9942              		.loc 2 41 6 is_stmt 1 view .LVU2642
 9943              		.loc 2 42 5 view .LVU2643
 9944              	.LVL894:
 9945              		.loc 2 42 5 is_stmt 0 view .LVU2644
 9946              	.LBE2267:
 9947              	.LBE2265:
  29:Core/Src/radio/nrf24.c **** 	} else {
 9948              		.loc 1 29 3 is_stmt 1 view .LVU2645
 9949              	.LBB2269:
 9950              	.LBB2270:
  39:Core/Src/radio/../../Inc/radio/support.h ****         Error_Handler();
 9951              		.loc 2 39 8 is_stmt 0 view .LVU2646
 9952 003e 4FF4FA63 		mov	r3, #2000
 9953 0042 0020     		movs	r0, #0
 9954 0044 3A46     		mov	r2, r7
 9955 0046 3146     		mov	r1, r6
 9956 0048 0093     		str	r3, [sp]
 9957 004a 0123     		movs	r3, #1
 9958 004c 8DF80E00 		strb	r0, [sp, #14]
 9959              	.LVL895:
  39:Core/Src/radio/../../Inc/radio/support.h ****         Error_Handler();
 9960              		.loc 2 39 8 view .LVU2647
 9961              	.LBE2270:
 9962              	.LBI2269:
  36:Core/Src/radio/../../Inc/radio/support.h ****     // Wait until TX buffer is empty
 9963              		.loc 2 36 23 is_stmt 1 view .LVU2648
 9964              	.LBB2271:
  38:Core/Src/radio/../../Inc/radio/support.h ****     if(HAL_SPI_TransmitReceive(nrf->hspi,&data,&result,1,2000)!=HAL_OK) {
 9965              		.loc 2 38 5 view .LVU2649
  39:Core/Src/radio/../../Inc/radio/support.h ****         Error_Handler();
 9966              		.loc 2 39 5 view .LVU2650
ARM GAS  C:\Users\l1234\AppData\Local\Temp\ccFgEZ6h.s 			page 226


  39:Core/Src/radio/../../Inc/radio/support.h ****         Error_Handler();
 9967              		.loc 2 39 8 is_stmt 0 view .LVU2651
 9968 0050 2068     		ldr	r0, [r4]
 9969              	.LVL896:
  39:Core/Src/radio/../../Inc/radio/support.h ****         Error_Handler();
 9970              		.loc 2 39 8 view .LVU2652
 9971 0052 FFF7FEFF 		bl	HAL_SPI_TransmitReceive
 9972              	.LVL897:
  39:Core/Src/radio/../../Inc/radio/support.h ****         Error_Handler();
 9973              		.loc 2 39 7 view .LVU2653
 9974 0056 0028     		cmp	r0, #0
 9975 0058 53D1     		bne	.L693
 9976              	.LVL898:
 9977              	.L673:
  39:Core/Src/radio/../../Inc/radio/support.h ****         Error_Handler();
 9978              		.loc 2 39 7 view .LVU2654
 9979              	.LBE2271:
 9980              	.LBE2269:
 9981              	.LBE2274:
 9982              	.LBE2277:
 9983              	.LBB2278:
 9984              	.LBB2279:
 9985              	.LBB2280:
 9986              	.LBB2281:
  41:Core/Src/radio/../../Inc/radio/support.h ****     return result;
 9987              		.loc 2 41 6 is_stmt 1 view .LVU2655
 9988              		.loc 2 42 5 view .LVU2656
 9989              	.LBE2281:
 9990              	.LBE2280:
  39:Core/Src/radio/nrf24.c **** }
 9991              		.loc 1 39 2 view .LVU2657
 9992              	.LBB2284:
 9993              	.LBI2284:
  31:Core/Src/radio/../../Inc/radio/support.h ****     HAL_GPIO_WritePin(nrf->csPort, nrf->csPin, GPIO_PIN_SET);
 9994              		.loc 2 31 20 view .LVU2658
 9995              	.LBB2285:
  32:Core/Src/radio/../../Inc/radio/support.h **** }
 9996              		.loc 2 32 5 view .LVU2659
 9997 005a 0122     		movs	r2, #1
 9998 005c 218A     		ldrh	r1, [r4, #16]
 9999 005e E068     		ldr	r0, [r4, #12]
 10000              	.LBE2285:
 10001              	.LBE2284:
 10002              	.LBE2279:
 10003              	.LBE2278:
 454:Core/Src/radio/nrf24.c **** 
 10004              		.loc 1 454 1 is_stmt 0 view .LVU2660
 10005 0060 05B0     		add	sp, sp, #20
 10006              	.LCFI109:
 10007              		.cfi_remember_state
 10008              		.cfi_def_cfa_offset 28
 10009              		@ sp needed
 10010 0062 BDE8F043 		pop	{r4, r5, r6, r7, r8, r9, lr}
 10011              	.LCFI110:
 10012              		.cfi_restore 14
 10013              		.cfi_restore 9
 10014              		.cfi_restore 8
ARM GAS  C:\Users\l1234\AppData\Local\Temp\ccFgEZ6h.s 			page 227


 10015              		.cfi_restore 7
 10016              		.cfi_restore 6
 10017              		.cfi_restore 5
 10018              		.cfi_restore 4
 10019              		.cfi_def_cfa_offset 0
 10020              	.LVL899:
 10021              	.LBB2306:
 10022              	.LBB2301:
 10023              	.LBB2287:
 10024              	.LBB2286:
  32:Core/Src/radio/../../Inc/radio/support.h **** }
 10025              		.loc 2 32 5 view .LVU2661
 10026 0066 FFF7FEBF 		b	HAL_GPIO_WritePin
 10027              	.LVL900:
 10028              	.L667:
 10029              	.LCFI111:
 10030              		.cfi_restore_state
  32:Core/Src/radio/../../Inc/radio/support.h **** }
 10031              		.loc 2 32 5 view .LVU2662
 10032              	.LBE2286:
 10033              	.LBE2287:
 10034              	.LBE2301:
 10035              	.LBE2306:
 450:Core/Src/radio/nrf24.c **** 		reg &= ~(1 << pipe);
 10036              		.loc 1 450 3 is_stmt 1 view .LVU2663
 10037              	.LBB2307:
 10038              	.LBI2307:
   9:Core/Src/radio/nrf24.c **** 	uint8_t value;
 10039              		.loc 1 9 9 view .LVU2664
 10040              	.LBB2308:
  10:Core/Src/radio/nrf24.c **** 
 10041              		.loc 1 10 2 view .LVU2665
  12:Core/Src/radio/nrf24.c **** 	nRF24_LL_RW(nrf, reg & nRF24_MASK_REG_MAP);
 10042              		.loc 1 12 2 view .LVU2666
 10043              	.LBB2309:
 10044              	.LBI2309:
  27:Core/Src/radio/../../Inc/radio/support.h ****     HAL_GPIO_WritePin(nrf->csPort, nrf->csPin, GPIO_PIN_RESET);
 10045              		.loc 2 27 20 view .LVU2667
 10046              	.LBB2310:
  28:Core/Src/radio/../../Inc/radio/support.h **** }
 10047              		.loc 2 28 5 view .LVU2668
 10048 006a FFF7FEFF 		bl	HAL_GPIO_WritePin
 10049              	.LVL901:
  28:Core/Src/radio/../../Inc/radio/support.h **** }
 10050              		.loc 2 28 5 is_stmt 0 view .LVU2669
 10051              	.LBE2310:
 10052              	.LBE2309:
  13:Core/Src/radio/nrf24.c **** 	value = nRF24_LL_RW(nrf, nRF24_CMD_NOP);
 10053              		.loc 1 13 2 is_stmt 1 view .LVU2670
 10054              	.LBB2311:
 10055              	.LBB2312:
  39:Core/Src/radio/../../Inc/radio/support.h ****         Error_Handler();
 10056              		.loc 2 39 8 is_stmt 0 view .LVU2671
 10057 006e 0DF10F07 		add	r7, sp, #15
 10058 0072 4FF4FA62 		mov	r2, #2000
 10059 0076 0DF10E06 		add	r6, sp, #14
 10060 007a 0123     		movs	r3, #1
ARM GAS  C:\Users\l1234\AppData\Local\Temp\ccFgEZ6h.s 			page 228


 10061 007c 0092     		str	r2, [sp]
 10062 007e 3146     		mov	r1, r6
 10063 0080 3A46     		mov	r2, r7
 10064 0082 2068     		ldr	r0, [r4]
 10065 0084 8DF80E30 		strb	r3, [sp, #14]
 10066              	.LVL902:
  39:Core/Src/radio/../../Inc/radio/support.h ****         Error_Handler();
 10067              		.loc 2 39 8 view .LVU2672
 10068              	.LBE2312:
 10069              	.LBI2311:
  36:Core/Src/radio/../../Inc/radio/support.h ****     // Wait until TX buffer is empty
 10070              		.loc 2 36 23 is_stmt 1 view .LVU2673
 10071              	.LBB2313:
  38:Core/Src/radio/../../Inc/radio/support.h ****     if(HAL_SPI_TransmitReceive(nrf->hspi,&data,&result,1,2000)!=HAL_OK) {
 10072              		.loc 2 38 5 view .LVU2674
  39:Core/Src/radio/../../Inc/radio/support.h ****         Error_Handler();
 10073              		.loc 2 39 5 view .LVU2675
  39:Core/Src/radio/../../Inc/radio/support.h ****         Error_Handler();
 10074              		.loc 2 39 8 is_stmt 0 view .LVU2676
 10075 0088 FFF7FEFF 		bl	HAL_SPI_TransmitReceive
 10076              	.LVL903:
  39:Core/Src/radio/../../Inc/radio/support.h ****         Error_Handler();
 10077              		.loc 2 39 7 view .LVU2677
 10078 008c 0028     		cmp	r0, #0
 10079 008e 3ED1     		bne	.L695
 10080              	.L670:
  41:Core/Src/radio/../../Inc/radio/support.h ****     return result;
 10081              		.loc 2 41 6 is_stmt 1 view .LVU2678
 10082              		.loc 2 42 5 view .LVU2679
 10083              	.LVL904:
 10084              		.loc 2 42 5 is_stmt 0 view .LVU2680
 10085              	.LBE2313:
 10086              	.LBE2311:
  14:Core/Src/radio/nrf24.c **** 	nRF24_CSN_H(nrf);
 10087              		.loc 1 14 2 is_stmt 1 view .LVU2681
 10088 0090 FF23     		movs	r3, #255
 10089              	.LBB2315:
 10090              	.LBB2316:
  39:Core/Src/radio/../../Inc/radio/support.h ****         Error_Handler();
 10091              		.loc 2 39 8 is_stmt 0 view .LVU2682
 10092 0092 3A46     		mov	r2, r7
 10093 0094 3146     		mov	r1, r6
 10094 0096 8DF80E30 		strb	r3, [sp, #14]
 10095              	.LVL905:
  39:Core/Src/radio/../../Inc/radio/support.h ****         Error_Handler();
 10096              		.loc 2 39 8 view .LVU2683
 10097              	.LBE2316:
 10098              	.LBI2315:
  36:Core/Src/radio/../../Inc/radio/support.h ****     // Wait until TX buffer is empty
 10099              		.loc 2 36 23 is_stmt 1 view .LVU2684
 10100              	.LBB2317:
  38:Core/Src/radio/../../Inc/radio/support.h ****     if(HAL_SPI_TransmitReceive(nrf->hspi,&data,&result,1,2000)!=HAL_OK) {
 10101              		.loc 2 38 5 view .LVU2685
  39:Core/Src/radio/../../Inc/radio/support.h ****         Error_Handler();
 10102              		.loc 2 39 5 view .LVU2686
  39:Core/Src/radio/../../Inc/radio/support.h ****         Error_Handler();
 10103              		.loc 2 39 8 is_stmt 0 view .LVU2687
ARM GAS  C:\Users\l1234\AppData\Local\Temp\ccFgEZ6h.s 			page 229


 10104 009a 4FF4FA63 		mov	r3, #2000
 10105              	.LVL906:
  39:Core/Src/radio/../../Inc/radio/support.h ****         Error_Handler();
 10106              		.loc 2 39 8 view .LVU2688
 10107 009e 0093     		str	r3, [sp]
 10108 00a0 0123     		movs	r3, #1
 10109 00a2 2068     		ldr	r0, [r4]
 10110 00a4 FFF7FEFF 		bl	HAL_SPI_TransmitReceive
 10111              	.LVL907:
  39:Core/Src/radio/../../Inc/radio/support.h ****         Error_Handler();
 10112              		.loc 2 39 7 view .LVU2689
 10113 00a8 A0BB     		cbnz	r0, .L696
 10114              	.L671:
  41:Core/Src/radio/../../Inc/radio/support.h ****     return result;
 10115              		.loc 2 41 6 is_stmt 1 view .LVU2690
 10116              		.loc 2 42 5 view .LVU2691
 10117              	.LBE2317:
 10118              	.LBE2315:
 10119              	.LBE2308:
 10120              	.LBE2307:
 451:Core/Src/radio/nrf24.c **** 		nRF24_WriteReg(nrf, nRF24_REG_EN_AA, reg);
 10121              		.loc 1 451 14 is_stmt 0 view .LVU2692
 10122 00aa 4FF00108 		mov	r8, #1
 10123              	.LBB2329:
 10124              	.LBB2327:
 10125              	.LBB2320:
 10126              	.LBB2321:
  32:Core/Src/radio/../../Inc/radio/support.h **** }
 10127              		.loc 2 32 5 view .LVU2693
 10128 00ae 218A     		ldrh	r1, [r4, #16]
 10129 00b0 E068     		ldr	r0, [r4, #12]
 10130 00b2 4246     		mov	r2, r8
 10131              	.LBE2321:
 10132              	.LBE2320:
 10133              	.LBB2323:
 10134              	.LBB2318:
 10135              		.loc 2 42 12 view .LVU2694
 10136 00b4 9DF80F90 		ldrb	r9, [sp, #15]	@ zero_extendqisi2
 10137              	.LVL908:
 10138              		.loc 2 42 12 view .LVU2695
 10139              	.LBE2318:
 10140              	.LBE2323:
  15:Core/Src/radio/nrf24.c **** 
 10141              		.loc 1 15 2 is_stmt 1 view .LVU2696
 10142              	.LBB2324:
 10143              	.LBI2320:
  31:Core/Src/radio/../../Inc/radio/support.h ****     HAL_GPIO_WritePin(nrf->csPort, nrf->csPin, GPIO_PIN_SET);
 10144              		.loc 2 31 20 view .LVU2697
 10145              	.LBB2322:
  32:Core/Src/radio/../../Inc/radio/support.h **** }
 10146              		.loc 2 32 5 view .LVU2698
 10147 00b8 FFF7FEFF 		bl	HAL_GPIO_WritePin
 10148              	.LVL909:
  32:Core/Src/radio/../../Inc/radio/support.h **** }
 10149              		.loc 2 32 5 is_stmt 0 view .LVU2699
 10150              	.LBE2322:
 10151              	.LBE2324:
ARM GAS  C:\Users\l1234\AppData\Local\Temp\ccFgEZ6h.s 			page 230


  17:Core/Src/radio/nrf24.c **** }
 10152              		.loc 1 17 2 is_stmt 1 view .LVU2700
  17:Core/Src/radio/nrf24.c **** }
 10153              		.loc 1 17 2 is_stmt 0 view .LVU2701
 10154              	.LBE2327:
 10155              	.LBE2329:
 451:Core/Src/radio/nrf24.c **** 		nRF24_WriteReg(nrf, nRF24_REG_EN_AA, reg);
 10156              		.loc 1 451 3 is_stmt 1 view .LVU2702
 10157              	.LBB2330:
 10158              	.LBB2302:
 10159              	.LBB2288:
 10160              	.LBB2289:
  28:Core/Src/radio/../../Inc/radio/support.h **** }
 10161              		.loc 2 28 5 is_stmt 0 view .LVU2703
 10162 00bc 0022     		movs	r2, #0
 10163 00be 218A     		ldrh	r1, [r4, #16]
 10164              	.LBE2289:
 10165              	.LBE2288:
 10166              	.LBE2302:
 10167              	.LBE2330:
 451:Core/Src/radio/nrf24.c **** 		nRF24_WriteReg(nrf, nRF24_REG_EN_AA, reg);
 10168              		.loc 1 451 14 view .LVU2704
 10169 00c0 08FA05F5 		lsl	r5, r8, r5
 10170              	.LBB2331:
 10171              	.LBB2303:
 10172              	.LBB2292:
 10173              	.LBB2290:
  28:Core/Src/radio/../../Inc/radio/support.h **** }
 10174              		.loc 2 28 5 view .LVU2705
 10175 00c4 E068     		ldr	r0, [r4, #12]
 10176 00c6 FFF7FEFF 		bl	HAL_GPIO_WritePin
 10177              	.LVL910:
 10178              	.LBE2290:
 10179              	.LBE2292:
 10180              	.LBB2293:
 10181              	.LBB2294:
  39:Core/Src/radio/../../Inc/radio/support.h ****         Error_Handler();
 10182              		.loc 2 39 8 view .LVU2706
 10183 00ca 4FF4FA62 		mov	r2, #2000
 10184 00ce 4346     		mov	r3, r8
 10185 00d0 3146     		mov	r1, r6
 10186 00d2 0092     		str	r2, [sp]
 10187 00d4 2122     		movs	r2, #33
 10188 00d6 2068     		ldr	r0, [r4]
 10189              	.LBE2294:
 10190              	.LBE2293:
 10191              	.LBE2303:
 10192              	.LBE2331:
 451:Core/Src/radio/nrf24.c **** 		nRF24_WriteReg(nrf, nRF24_REG_EN_AA, reg);
 10193              		.loc 1 451 7 view .LVU2707
 10194 00d8 29EA0505 		bic	r5, r9, r5
 10195              	.LVL911:
 452:Core/Src/radio/nrf24.c **** 	}
 10196              		.loc 1 452 3 is_stmt 1 view .LVU2708
 10197              	.LBB2332:
 10198              	.LBI2278:
  24:Core/Src/radio/nrf24.c **** 	nRF24_CSN_L(nrf);
ARM GAS  C:\Users\l1234\AppData\Local\Temp\ccFgEZ6h.s 			page 231


 10199              		.loc 1 24 6 view .LVU2709
 10200              	.LBB2304:
  25:Core/Src/radio/nrf24.c **** 	if (reg < nRF24_CMD_W_REGISTER) {
 10201              		.loc 1 25 2 view .LVU2710
 10202              	.LBB2297:
 10203              	.LBI2288:
  27:Core/Src/radio/../../Inc/radio/support.h ****     HAL_GPIO_WritePin(nrf->csPort, nrf->csPin, GPIO_PIN_RESET);
 10204              		.loc 2 27 20 view .LVU2711
 10205              	.LBB2291:
  28:Core/Src/radio/../../Inc/radio/support.h **** }
 10206              		.loc 2 28 5 view .LVU2712
  28:Core/Src/radio/../../Inc/radio/support.h **** }
 10207              		.loc 2 28 5 is_stmt 0 view .LVU2713
 10208              	.LBE2291:
 10209              	.LBE2297:
  26:Core/Src/radio/nrf24.c **** 		// This is a register access
 10210              		.loc 1 26 2 is_stmt 1 view .LVU2714
  28:Core/Src/radio/nrf24.c **** 		nRF24_LL_RW(nrf, value);
 10211              		.loc 1 28 3 view .LVU2715
 10212 00dc 8DF80E20 		strb	r2, [sp, #14]
 10213              	.LVL912:
 10214              	.LBB2298:
 10215              	.LBI2293:
  36:Core/Src/radio/../../Inc/radio/support.h ****     // Wait until TX buffer is empty
 10216              		.loc 2 36 23 view .LVU2716
 10217              	.LBB2295:
  38:Core/Src/radio/../../Inc/radio/support.h ****     if(HAL_SPI_TransmitReceive(nrf->hspi,&data,&result,1,2000)!=HAL_OK) {
 10218              		.loc 2 38 5 view .LVU2717
  39:Core/Src/radio/../../Inc/radio/support.h ****         Error_Handler();
 10219              		.loc 2 39 5 view .LVU2718
  39:Core/Src/radio/../../Inc/radio/support.h ****         Error_Handler();
 10220              		.loc 2 39 8 is_stmt 0 view .LVU2719
 10221 00e0 3A46     		mov	r2, r7
 10222              	.LVL913:
  39:Core/Src/radio/../../Inc/radio/support.h ****         Error_Handler();
 10223              		.loc 2 39 8 view .LVU2720
 10224 00e2 FFF7FEFF 		bl	HAL_SPI_TransmitReceive
 10225              	.LVL914:
  39:Core/Src/radio/../../Inc/radio/support.h ****         Error_Handler();
 10226              		.loc 2 39 7 view .LVU2721
 10227 00e6 C0B9     		cbnz	r0, .L697
 10228              	.L672:
  41:Core/Src/radio/../../Inc/radio/support.h ****     return result;
 10229              		.loc 2 41 6 is_stmt 1 view .LVU2722
 10230              		.loc 2 42 5 view .LVU2723
 10231              	.LVL915:
 10232              		.loc 2 42 5 is_stmt 0 view .LVU2724
 10233              	.LBE2295:
 10234              	.LBE2298:
  29:Core/Src/radio/nrf24.c **** 	} else {
 10235              		.loc 1 29 3 is_stmt 1 view .LVU2725
 10236              	.LBB2299:
 10237              	.LBB2282:
  39:Core/Src/radio/../../Inc/radio/support.h ****         Error_Handler();
 10238              		.loc 2 39 8 is_stmt 0 view .LVU2726
 10239 00e8 4FF4FA63 		mov	r3, #2000
 10240 00ec 3A46     		mov	r2, r7
ARM GAS  C:\Users\l1234\AppData\Local\Temp\ccFgEZ6h.s 			page 232


 10241 00ee 3146     		mov	r1, r6
 10242 00f0 8DF80E50 		strb	r5, [sp, #14]
 10243              	.LVL916:
  39:Core/Src/radio/../../Inc/radio/support.h ****         Error_Handler();
 10244              		.loc 2 39 8 view .LVU2727
 10245              	.LBE2282:
 10246              	.LBI2280:
  36:Core/Src/radio/../../Inc/radio/support.h ****     // Wait until TX buffer is empty
 10247              		.loc 2 36 23 is_stmt 1 view .LVU2728
 10248              	.LBB2283:
  38:Core/Src/radio/../../Inc/radio/support.h ****     if(HAL_SPI_TransmitReceive(nrf->hspi,&data,&result,1,2000)!=HAL_OK) {
 10249              		.loc 2 38 5 view .LVU2729
  39:Core/Src/radio/../../Inc/radio/support.h ****         Error_Handler();
 10250              		.loc 2 39 5 view .LVU2730
  39:Core/Src/radio/../../Inc/radio/support.h ****         Error_Handler();
 10251              		.loc 2 39 8 is_stmt 0 view .LVU2731
 10252 00f4 0093     		str	r3, [sp]
 10253 00f6 0123     		movs	r3, #1
 10254 00f8 2068     		ldr	r0, [r4]
 10255 00fa FFF7FEFF 		bl	HAL_SPI_TransmitReceive
 10256              	.LVL917:
  39:Core/Src/radio/../../Inc/radio/support.h ****         Error_Handler();
 10257              		.loc 2 39 7 view .LVU2732
 10258 00fe 0028     		cmp	r0, #0
 10259 0100 ABD0     		beq	.L673
 10260              	.LVL918:
 10261              	.L693:
  40:Core/Src/radio/../../Inc/radio/support.h ****     };
 10262              		.loc 2 40 9 is_stmt 1 view .LVU2733
 10263 0102 FFF7FEFF 		bl	Error_Handler
 10264              	.LVL919:
 10265 0106 A8E7     		b	.L673
 10266              	.LVL920:
 10267              	.L694:
  40:Core/Src/radio/../../Inc/radio/support.h ****     };
 10268              		.loc 2 40 9 is_stmt 0 view .LVU2734
 10269              	.LBE2283:
 10270              	.LBE2299:
 10271              	.LBE2304:
 10272              	.LBE2332:
 10273              	.LBB2333:
 10274              	.LBB2275:
 10275              	.LBB2272:
 10276              	.LBB2268:
  40:Core/Src/radio/../../Inc/radio/support.h ****     };
 10277              		.loc 2 40 9 is_stmt 1 view .LVU2735
 10278 0108 FFF7FEFF 		bl	Error_Handler
 10279              	.LVL921:
 10280 010c 97E7     		b	.L668
 10281              	.LVL922:
 10282              	.L695:
  40:Core/Src/radio/../../Inc/radio/support.h ****     };
 10283              		.loc 2 40 9 is_stmt 0 view .LVU2736
 10284              	.LBE2268:
 10285              	.LBE2272:
 10286              	.LBE2275:
 10287              	.LBE2333:
ARM GAS  C:\Users\l1234\AppData\Local\Temp\ccFgEZ6h.s 			page 233


 10288              	.LBB2334:
 10289              	.LBB2328:
 10290              	.LBB2325:
 10291              	.LBB2314:
  40:Core/Src/radio/../../Inc/radio/support.h ****     };
 10292              		.loc 2 40 9 is_stmt 1 view .LVU2737
 10293 010e FFF7FEFF 		bl	Error_Handler
 10294              	.LVL923:
 10295 0112 BDE7     		b	.L670
 10296              	.LVL924:
 10297              	.L696:
  40:Core/Src/radio/../../Inc/radio/support.h ****     };
 10298              		.loc 2 40 9 is_stmt 0 view .LVU2738
 10299              	.LBE2314:
 10300              	.LBE2325:
 10301              	.LBB2326:
 10302              	.LBB2319:
  40:Core/Src/radio/../../Inc/radio/support.h ****     };
 10303              		.loc 2 40 9 is_stmt 1 view .LVU2739
 10304 0114 FFF7FEFF 		bl	Error_Handler
 10305              	.LVL925:
 10306 0118 C7E7     		b	.L671
 10307              	.LVL926:
 10308              	.L697:
  40:Core/Src/radio/../../Inc/radio/support.h ****     };
 10309              		.loc 2 40 9 is_stmt 0 view .LVU2740
 10310              	.LBE2319:
 10311              	.LBE2326:
 10312              	.LBE2328:
 10313              	.LBE2334:
 10314              	.LBB2335:
 10315              	.LBB2305:
 10316              	.LBB2300:
 10317              	.LBB2296:
  40:Core/Src/radio/../../Inc/radio/support.h ****     };
 10318              		.loc 2 40 9 is_stmt 1 view .LVU2741
 10319 011a FFF7FEFF 		bl	Error_Handler
 10320              	.LVL927:
 10321 011e E3E7     		b	.L672
 10322              	.LBE2296:
 10323              	.LBE2300:
 10324              	.LBE2305:
 10325              	.LBE2335:
 10326              		.cfi_endproc
 10327              	.LFE174:
 10329              		.section	.text.nRF24_GetStatus,"ax",%progbits
 10330              		.align	1
 10331              		.p2align 2,,3
 10332              		.global	nRF24_GetStatus
 10333              		.syntax unified
 10334              		.thumb
 10335              		.thumb_func
 10337              	nRF24_GetStatus:
 10338              	.LVL928:
 10339              	.LFB175:
 458:Core/Src/radio/nrf24.c **** 	return nRF24_ReadReg(nrf, nRF24_REG_STATUS);
 10340              		.loc 1 458 51 view -0
ARM GAS  C:\Users\l1234\AppData\Local\Temp\ccFgEZ6h.s 			page 234


 10341              		.cfi_startproc
 10342              		@ args = 0, pretend = 0, frame = 8
 10343              		@ frame_needed = 0, uses_anonymous_args = 0
 459:Core/Src/radio/nrf24.c **** }
 10344              		.loc 1 459 2 view .LVU2743
 458:Core/Src/radio/nrf24.c **** 	return nRF24_ReadReg(nrf, nRF24_REG_STATUS);
 10345              		.loc 1 458 51 is_stmt 0 view .LVU2744
 10346 0000 30B5     		push	{r4, r5, lr}
 10347              	.LCFI112:
 10348              		.cfi_def_cfa_offset 12
 10349              		.cfi_offset 4, -12
 10350              		.cfi_offset 5, -8
 10351              		.cfi_offset 14, -4
 10352              	.LBB2346:
 10353              	.LBB2347:
 10354              	.LBB2348:
 10355              	.LBB2349:
  28:Core/Src/radio/../../Inc/radio/support.h **** }
 10356              		.loc 2 28 5 view .LVU2745
 10357 0002 018A     		ldrh	r1, [r0, #16]
 10358              	.LBE2349:
 10359              	.LBE2348:
 10360              	.LBE2347:
 10361              	.LBE2346:
 458:Core/Src/radio/nrf24.c **** 	return nRF24_ReadReg(nrf, nRF24_REG_STATUS);
 10362              		.loc 1 458 51 view .LVU2746
 10363 0004 85B0     		sub	sp, sp, #20
 10364              	.LCFI113:
 10365              		.cfi_def_cfa_offset 32
 10366              	.LBB2369:
 10367              	.LBB2366:
 10368              	.LBB2352:
 10369              	.LBB2350:
  28:Core/Src/radio/../../Inc/radio/support.h **** }
 10370              		.loc 2 28 5 view .LVU2747
 10371 0006 0022     		movs	r2, #0
 10372              	.LBE2350:
 10373              	.LBE2352:
 10374              	.LBE2366:
 10375              	.LBE2369:
 458:Core/Src/radio/nrf24.c **** 	return nRF24_ReadReg(nrf, nRF24_REG_STATUS);
 10376              		.loc 1 458 51 view .LVU2748
 10377 0008 0446     		mov	r4, r0
 10378              	.LVL929:
 10379              	.LBB2370:
 10380              	.LBI2346:
   9:Core/Src/radio/nrf24.c **** 	uint8_t value;
 10381              		.loc 1 9 9 is_stmt 1 view .LVU2749
 10382              	.LBB2367:
  10:Core/Src/radio/nrf24.c **** 
 10383              		.loc 1 10 2 view .LVU2750
  12:Core/Src/radio/nrf24.c **** 	nRF24_LL_RW(nrf, reg & nRF24_MASK_REG_MAP);
 10384              		.loc 1 12 2 view .LVU2751
 10385              	.LBB2353:
 10386              	.LBI2348:
  27:Core/Src/radio/../../Inc/radio/support.h ****     HAL_GPIO_WritePin(nrf->csPort, nrf->csPin, GPIO_PIN_RESET);
 10387              		.loc 2 27 20 view .LVU2752
ARM GAS  C:\Users\l1234\AppData\Local\Temp\ccFgEZ6h.s 			page 235


 10388              	.LBB2351:
  28:Core/Src/radio/../../Inc/radio/support.h **** }
 10389              		.loc 2 28 5 view .LVU2753
 10390 000a C068     		ldr	r0, [r0, #12]
 10391              	.LVL930:
  28:Core/Src/radio/../../Inc/radio/support.h **** }
 10392              		.loc 2 28 5 is_stmt 0 view .LVU2754
 10393 000c FFF7FEFF 		bl	HAL_GPIO_WritePin
 10394              	.LVL931:
  28:Core/Src/radio/../../Inc/radio/support.h **** }
 10395              		.loc 2 28 5 view .LVU2755
 10396              	.LBE2351:
 10397              	.LBE2353:
  13:Core/Src/radio/nrf24.c **** 	value = nRF24_LL_RW(nrf, nRF24_CMD_NOP);
 10398              		.loc 1 13 2 is_stmt 1 view .LVU2756
 10399              	.LBB2354:
 10400              	.LBB2355:
  39:Core/Src/radio/../../Inc/radio/support.h ****         Error_Handler();
 10401              		.loc 2 39 8 is_stmt 0 view .LVU2757
 10402 0010 4FF4FA63 		mov	r3, #2000
 10403 0014 0722     		movs	r2, #7
 10404 0016 0DF10E01 		add	r1, sp, #14
 10405 001a 0093     		str	r3, [sp]
 10406 001c 0123     		movs	r3, #1
 10407 001e 8DF80E20 		strb	r2, [sp, #14]
 10408              	.LVL932:
  39:Core/Src/radio/../../Inc/radio/support.h ****         Error_Handler();
 10409              		.loc 2 39 8 view .LVU2758
 10410              	.LBE2355:
 10411              	.LBI2354:
  36:Core/Src/radio/../../Inc/radio/support.h ****     // Wait until TX buffer is empty
 10412              		.loc 2 36 23 is_stmt 1 view .LVU2759
 10413              	.LBB2356:
  38:Core/Src/radio/../../Inc/radio/support.h ****     if(HAL_SPI_TransmitReceive(nrf->hspi,&data,&result,1,2000)!=HAL_OK) {
 10414              		.loc 2 38 5 view .LVU2760
  39:Core/Src/radio/../../Inc/radio/support.h ****         Error_Handler();
 10415              		.loc 2 39 5 view .LVU2761
  39:Core/Src/radio/../../Inc/radio/support.h ****         Error_Handler();
 10416              		.loc 2 39 8 is_stmt 0 view .LVU2762
 10417 0022 0DF10F02 		add	r2, sp, #15
 10418              	.LVL933:
  39:Core/Src/radio/../../Inc/radio/support.h ****         Error_Handler();
 10419              		.loc 2 39 8 view .LVU2763
 10420 0026 2068     		ldr	r0, [r4]
 10421 0028 FFF7FEFF 		bl	HAL_SPI_TransmitReceive
 10422              	.LVL934:
  39:Core/Src/radio/../../Inc/radio/support.h ****         Error_Handler();
 10423              		.loc 2 39 7 view .LVU2764
 10424 002c C0B9     		cbnz	r0, .L708
 10425              	.L699:
  41:Core/Src/radio/../../Inc/radio/support.h ****     return result;
 10426              		.loc 2 41 6 is_stmt 1 view .LVU2765
 10427              		.loc 2 42 5 view .LVU2766
 10428              	.LVL935:
 10429              		.loc 2 42 5 is_stmt 0 view .LVU2767
 10430              	.LBE2356:
 10431              	.LBE2354:
ARM GAS  C:\Users\l1234\AppData\Local\Temp\ccFgEZ6h.s 			page 236


  14:Core/Src/radio/nrf24.c **** 	nRF24_CSN_H(nrf);
 10432              		.loc 1 14 2 is_stmt 1 view .LVU2768
 10433              	.LBB2358:
 10434              	.LBB2359:
  39:Core/Src/radio/../../Inc/radio/support.h ****         Error_Handler();
 10435              		.loc 2 39 8 is_stmt 0 view .LVU2769
 10436 002e 4FF4FA63 		mov	r3, #2000
 10437 0032 FF20     		movs	r0, #255
 10438 0034 0DF10F02 		add	r2, sp, #15
 10439 0038 0DF10E01 		add	r1, sp, #14
 10440 003c 0093     		str	r3, [sp]
 10441 003e 0123     		movs	r3, #1
 10442 0040 8DF80E00 		strb	r0, [sp, #14]
 10443              	.LVL936:
  39:Core/Src/radio/../../Inc/radio/support.h ****         Error_Handler();
 10444              		.loc 2 39 8 view .LVU2770
 10445              	.LBE2359:
 10446              	.LBI2358:
  36:Core/Src/radio/../../Inc/radio/support.h ****     // Wait until TX buffer is empty
 10447              		.loc 2 36 23 is_stmt 1 view .LVU2771
 10448              	.LBB2360:
  38:Core/Src/radio/../../Inc/radio/support.h ****     if(HAL_SPI_TransmitReceive(nrf->hspi,&data,&result,1,2000)!=HAL_OK) {
 10449              		.loc 2 38 5 view .LVU2772
  39:Core/Src/radio/../../Inc/radio/support.h ****         Error_Handler();
 10450              		.loc 2 39 5 view .LVU2773
  39:Core/Src/radio/../../Inc/radio/support.h ****         Error_Handler();
 10451              		.loc 2 39 8 is_stmt 0 view .LVU2774
 10452 0044 2068     		ldr	r0, [r4]
 10453              	.LVL937:
  39:Core/Src/radio/../../Inc/radio/support.h ****         Error_Handler();
 10454              		.loc 2 39 8 view .LVU2775
 10455 0046 FFF7FEFF 		bl	HAL_SPI_TransmitReceive
 10456              	.LVL938:
  39:Core/Src/radio/../../Inc/radio/support.h ****         Error_Handler();
 10457              		.loc 2 39 7 view .LVU2776
 10458 004a 60B9     		cbnz	r0, .L709
 10459              	.L700:
  41:Core/Src/radio/../../Inc/radio/support.h ****     return result;
 10460              		.loc 2 41 6 is_stmt 1 view .LVU2777
 10461              		.loc 2 42 5 view .LVU2778
 10462              		.loc 2 42 12 is_stmt 0 view .LVU2779
 10463 004c 9DF80F50 		ldrb	r5, [sp, #15]	@ zero_extendqisi2
 10464              	.LVL939:
 10465              		.loc 2 42 12 view .LVU2780
 10466              	.LBE2360:
 10467              	.LBE2358:
  15:Core/Src/radio/nrf24.c **** 
 10468              		.loc 1 15 2 is_stmt 1 view .LVU2781
 10469              	.LBB2362:
 10470              	.LBI2362:
  31:Core/Src/radio/../../Inc/radio/support.h ****     HAL_GPIO_WritePin(nrf->csPort, nrf->csPin, GPIO_PIN_SET);
 10471              		.loc 2 31 20 view .LVU2782
 10472              	.LBB2363:
  32:Core/Src/radio/../../Inc/radio/support.h **** }
 10473              		.loc 2 32 5 view .LVU2783
 10474 0050 0122     		movs	r2, #1
 10475 0052 E068     		ldr	r0, [r4, #12]
ARM GAS  C:\Users\l1234\AppData\Local\Temp\ccFgEZ6h.s 			page 237


 10476 0054 218A     		ldrh	r1, [r4, #16]
 10477 0056 FFF7FEFF 		bl	HAL_GPIO_WritePin
 10478              	.LVL940:
  32:Core/Src/radio/../../Inc/radio/support.h **** }
 10479              		.loc 2 32 5 is_stmt 0 view .LVU2784
 10480              	.LBE2363:
 10481              	.LBE2362:
  17:Core/Src/radio/nrf24.c **** }
 10482              		.loc 1 17 2 is_stmt 1 view .LVU2785
  17:Core/Src/radio/nrf24.c **** }
 10483              		.loc 1 17 2 is_stmt 0 view .LVU2786
 10484              	.LBE2367:
 10485              	.LBE2370:
 460:Core/Src/radio/nrf24.c **** 
 10486              		.loc 1 460 1 view .LVU2787
 10487 005a 2846     		mov	r0, r5
 10488 005c 05B0     		add	sp, sp, #20
 10489              	.LCFI114:
 10490              		.cfi_remember_state
 10491              		.cfi_def_cfa_offset 12
 10492              		@ sp needed
 10493 005e 30BD     		pop	{r4, r5, pc}
 10494              	.LVL941:
 10495              	.L708:
 10496              	.LCFI115:
 10497              		.cfi_restore_state
 10498              	.LBB2371:
 10499              	.LBB2368:
 10500              	.LBB2364:
 10501              	.LBB2357:
  40:Core/Src/radio/../../Inc/radio/support.h ****     };
 10502              		.loc 2 40 9 is_stmt 1 view .LVU2788
 10503 0060 FFF7FEFF 		bl	Error_Handler
 10504              	.LVL942:
 10505 0064 E3E7     		b	.L699
 10506              	.LVL943:
 10507              	.L709:
  40:Core/Src/radio/../../Inc/radio/support.h ****     };
 10508              		.loc 2 40 9 is_stmt 0 view .LVU2789
 10509              	.LBE2357:
 10510              	.LBE2364:
 10511              	.LBB2365:
 10512              	.LBB2361:
  40:Core/Src/radio/../../Inc/radio/support.h ****     };
 10513              		.loc 2 40 9 is_stmt 1 view .LVU2790
 10514 0066 FFF7FEFF 		bl	Error_Handler
 10515              	.LVL944:
 10516 006a EFE7     		b	.L700
 10517              	.LBE2361:
 10518              	.LBE2365:
 10519              	.LBE2368:
 10520              	.LBE2371:
 10521              		.cfi_endproc
 10522              	.LFE175:
 10524              		.section	.text.nRF24_GetIRQFlags,"ax",%progbits
 10525              		.align	1
 10526              		.p2align 2,,3
ARM GAS  C:\Users\l1234\AppData\Local\Temp\ccFgEZ6h.s 			page 238


 10527              		.global	nRF24_GetIRQFlags
 10528              		.syntax unified
 10529              		.thumb
 10530              		.thumb_func
 10532              	nRF24_GetIRQFlags:
 10533              	.LVL945:
 10534              	.LFB176:
 464:Core/Src/radio/nrf24.c **** 	return (nRF24_ReadReg(nrf, nRF24_REG_STATUS) & nRF24_MASK_STATUS_IRQ);
 10535              		.loc 1 464 53 view -0
 10536              		.cfi_startproc
 10537              		@ args = 0, pretend = 0, frame = 8
 10538              		@ frame_needed = 0, uses_anonymous_args = 0
 465:Core/Src/radio/nrf24.c **** }
 10539              		.loc 1 465 2 view .LVU2792
 464:Core/Src/radio/nrf24.c **** 	return (nRF24_ReadReg(nrf, nRF24_REG_STATUS) & nRF24_MASK_STATUS_IRQ);
 10540              		.loc 1 464 53 is_stmt 0 view .LVU2793
 10541 0000 30B5     		push	{r4, r5, lr}
 10542              	.LCFI116:
 10543              		.cfi_def_cfa_offset 12
 10544              		.cfi_offset 4, -12
 10545              		.cfi_offset 5, -8
 10546              		.cfi_offset 14, -4
 10547              	.LBB2382:
 10548              	.LBB2383:
 10549              	.LBB2384:
 10550              	.LBB2385:
  28:Core/Src/radio/../../Inc/radio/support.h **** }
 10551              		.loc 2 28 5 view .LVU2794
 10552 0002 018A     		ldrh	r1, [r0, #16]
 10553              	.LBE2385:
 10554              	.LBE2384:
 10555              	.LBE2383:
 10556              	.LBE2382:
 464:Core/Src/radio/nrf24.c **** 	return (nRF24_ReadReg(nrf, nRF24_REG_STATUS) & nRF24_MASK_STATUS_IRQ);
 10557              		.loc 1 464 53 view .LVU2795
 10558 0004 85B0     		sub	sp, sp, #20
 10559              	.LCFI117:
 10560              		.cfi_def_cfa_offset 32
 10561              	.LBB2405:
 10562              	.LBB2402:
 10563              	.LBB2388:
 10564              	.LBB2386:
  28:Core/Src/radio/../../Inc/radio/support.h **** }
 10565              		.loc 2 28 5 view .LVU2796
 10566 0006 0022     		movs	r2, #0
 10567              	.LBE2386:
 10568              	.LBE2388:
 10569              	.LBE2402:
 10570              	.LBE2405:
 464:Core/Src/radio/nrf24.c **** 	return (nRF24_ReadReg(nrf, nRF24_REG_STATUS) & nRF24_MASK_STATUS_IRQ);
 10571              		.loc 1 464 53 view .LVU2797
 10572 0008 0446     		mov	r4, r0
 10573              	.LVL946:
 10574              	.LBB2406:
 10575              	.LBI2382:
   9:Core/Src/radio/nrf24.c **** 	uint8_t value;
 10576              		.loc 1 9 9 is_stmt 1 view .LVU2798
ARM GAS  C:\Users\l1234\AppData\Local\Temp\ccFgEZ6h.s 			page 239


 10577              	.LBB2403:
  10:Core/Src/radio/nrf24.c **** 
 10578              		.loc 1 10 2 view .LVU2799
  12:Core/Src/radio/nrf24.c **** 	nRF24_LL_RW(nrf, reg & nRF24_MASK_REG_MAP);
 10579              		.loc 1 12 2 view .LVU2800
 10580              	.LBB2389:
 10581              	.LBI2384:
  27:Core/Src/radio/../../Inc/radio/support.h ****     HAL_GPIO_WritePin(nrf->csPort, nrf->csPin, GPIO_PIN_RESET);
 10582              		.loc 2 27 20 view .LVU2801
 10583              	.LBB2387:
  28:Core/Src/radio/../../Inc/radio/support.h **** }
 10584              		.loc 2 28 5 view .LVU2802
 10585 000a C068     		ldr	r0, [r0, #12]
 10586              	.LVL947:
  28:Core/Src/radio/../../Inc/radio/support.h **** }
 10587              		.loc 2 28 5 is_stmt 0 view .LVU2803
 10588 000c FFF7FEFF 		bl	HAL_GPIO_WritePin
 10589              	.LVL948:
  28:Core/Src/radio/../../Inc/radio/support.h **** }
 10590              		.loc 2 28 5 view .LVU2804
 10591              	.LBE2387:
 10592              	.LBE2389:
  13:Core/Src/radio/nrf24.c **** 	value = nRF24_LL_RW(nrf, nRF24_CMD_NOP);
 10593              		.loc 1 13 2 is_stmt 1 view .LVU2805
 10594              	.LBB2390:
 10595              	.LBB2391:
  39:Core/Src/radio/../../Inc/radio/support.h ****         Error_Handler();
 10596              		.loc 2 39 8 is_stmt 0 view .LVU2806
 10597 0010 4FF4FA63 		mov	r3, #2000
 10598 0014 0722     		movs	r2, #7
 10599 0016 0DF10E01 		add	r1, sp, #14
 10600 001a 0093     		str	r3, [sp]
 10601 001c 0123     		movs	r3, #1
 10602 001e 8DF80E20 		strb	r2, [sp, #14]
 10603              	.LVL949:
  39:Core/Src/radio/../../Inc/radio/support.h ****         Error_Handler();
 10604              		.loc 2 39 8 view .LVU2807
 10605              	.LBE2391:
 10606              	.LBI2390:
  36:Core/Src/radio/../../Inc/radio/support.h ****     // Wait until TX buffer is empty
 10607              		.loc 2 36 23 is_stmt 1 view .LVU2808
 10608              	.LBB2392:
  38:Core/Src/radio/../../Inc/radio/support.h ****     if(HAL_SPI_TransmitReceive(nrf->hspi,&data,&result,1,2000)!=HAL_OK) {
 10609              		.loc 2 38 5 view .LVU2809
  39:Core/Src/radio/../../Inc/radio/support.h ****         Error_Handler();
 10610              		.loc 2 39 5 view .LVU2810
  39:Core/Src/radio/../../Inc/radio/support.h ****         Error_Handler();
 10611              		.loc 2 39 8 is_stmt 0 view .LVU2811
 10612 0022 0DF10F02 		add	r2, sp, #15
 10613              	.LVL950:
  39:Core/Src/radio/../../Inc/radio/support.h ****         Error_Handler();
 10614              		.loc 2 39 8 view .LVU2812
 10615 0026 2068     		ldr	r0, [r4]
 10616 0028 FFF7FEFF 		bl	HAL_SPI_TransmitReceive
 10617              	.LVL951:
  39:Core/Src/radio/../../Inc/radio/support.h ****         Error_Handler();
 10618              		.loc 2 39 7 view .LVU2813
ARM GAS  C:\Users\l1234\AppData\Local\Temp\ccFgEZ6h.s 			page 240


 10619 002c C8B9     		cbnz	r0, .L720
 10620              	.L711:
  41:Core/Src/radio/../../Inc/radio/support.h ****     return result;
 10621              		.loc 2 41 6 is_stmt 1 view .LVU2814
 10622              		.loc 2 42 5 view .LVU2815
 10623              	.LVL952:
 10624              		.loc 2 42 5 is_stmt 0 view .LVU2816
 10625              	.LBE2392:
 10626              	.LBE2390:
  14:Core/Src/radio/nrf24.c **** 	nRF24_CSN_H(nrf);
 10627              		.loc 1 14 2 is_stmt 1 view .LVU2817
 10628              	.LBB2394:
 10629              	.LBB2395:
  39:Core/Src/radio/../../Inc/radio/support.h ****         Error_Handler();
 10630              		.loc 2 39 8 is_stmt 0 view .LVU2818
 10631 002e 4FF4FA63 		mov	r3, #2000
 10632 0032 FF20     		movs	r0, #255
 10633 0034 0DF10F02 		add	r2, sp, #15
 10634 0038 0DF10E01 		add	r1, sp, #14
 10635 003c 0093     		str	r3, [sp]
 10636 003e 0123     		movs	r3, #1
 10637 0040 8DF80E00 		strb	r0, [sp, #14]
 10638              	.LVL953:
  39:Core/Src/radio/../../Inc/radio/support.h ****         Error_Handler();
 10639              		.loc 2 39 8 view .LVU2819
 10640              	.LBE2395:
 10641              	.LBI2394:
  36:Core/Src/radio/../../Inc/radio/support.h ****     // Wait until TX buffer is empty
 10642              		.loc 2 36 23 is_stmt 1 view .LVU2820
 10643              	.LBB2396:
  38:Core/Src/radio/../../Inc/radio/support.h ****     if(HAL_SPI_TransmitReceive(nrf->hspi,&data,&result,1,2000)!=HAL_OK) {
 10644              		.loc 2 38 5 view .LVU2821
  39:Core/Src/radio/../../Inc/radio/support.h ****         Error_Handler();
 10645              		.loc 2 39 5 view .LVU2822
  39:Core/Src/radio/../../Inc/radio/support.h ****         Error_Handler();
 10646              		.loc 2 39 8 is_stmt 0 view .LVU2823
 10647 0044 2068     		ldr	r0, [r4]
 10648              	.LVL954:
  39:Core/Src/radio/../../Inc/radio/support.h ****         Error_Handler();
 10649              		.loc 2 39 8 view .LVU2824
 10650 0046 FFF7FEFF 		bl	HAL_SPI_TransmitReceive
 10651              	.LVL955:
  39:Core/Src/radio/../../Inc/radio/support.h ****         Error_Handler();
 10652              		.loc 2 39 7 view .LVU2825
 10653 004a 68B9     		cbnz	r0, .L721
 10654              	.L712:
  41:Core/Src/radio/../../Inc/radio/support.h ****     return result;
 10655              		.loc 2 41 6 is_stmt 1 view .LVU2826
 10656              		.loc 2 42 5 view .LVU2827
 10657              		.loc 2 42 12 is_stmt 0 view .LVU2828
 10658 004c 9DF80F50 		ldrb	r5, [sp, #15]	@ zero_extendqisi2
 10659              	.LVL956:
 10660              		.loc 2 42 12 view .LVU2829
 10661              	.LBE2396:
 10662              	.LBE2394:
  15:Core/Src/radio/nrf24.c **** 
 10663              		.loc 1 15 2 is_stmt 1 view .LVU2830
ARM GAS  C:\Users\l1234\AppData\Local\Temp\ccFgEZ6h.s 			page 241


 10664              	.LBB2398:
 10665              	.LBI2398:
  31:Core/Src/radio/../../Inc/radio/support.h ****     HAL_GPIO_WritePin(nrf->csPort, nrf->csPin, GPIO_PIN_SET);
 10666              		.loc 2 31 20 view .LVU2831
 10667              	.LBB2399:
  32:Core/Src/radio/../../Inc/radio/support.h **** }
 10668              		.loc 2 32 5 view .LVU2832
 10669 0050 0122     		movs	r2, #1
 10670 0052 E068     		ldr	r0, [r4, #12]
 10671 0054 218A     		ldrh	r1, [r4, #16]
 10672 0056 FFF7FEFF 		bl	HAL_GPIO_WritePin
 10673              	.LVL957:
  32:Core/Src/radio/../../Inc/radio/support.h **** }
 10674              		.loc 2 32 5 is_stmt 0 view .LVU2833
 10675              	.LBE2399:
 10676              	.LBE2398:
  17:Core/Src/radio/nrf24.c **** }
 10677              		.loc 1 17 2 is_stmt 1 view .LVU2834
  17:Core/Src/radio/nrf24.c **** }
 10678              		.loc 1 17 2 is_stmt 0 view .LVU2835
 10679              	.LBE2403:
 10680              	.LBE2406:
 466:Core/Src/radio/nrf24.c **** 
 10681              		.loc 1 466 1 view .LVU2836
 10682 005a 05F07000 		and	r0, r5, #112
 10683 005e 05B0     		add	sp, sp, #20
 10684              	.LCFI118:
 10685              		.cfi_remember_state
 10686              		.cfi_def_cfa_offset 12
 10687              		@ sp needed
 10688 0060 30BD     		pop	{r4, r5, pc}
 10689              	.LVL958:
 10690              	.L720:
 10691              	.LCFI119:
 10692              		.cfi_restore_state
 10693              	.LBB2407:
 10694              	.LBB2404:
 10695              	.LBB2400:
 10696              	.LBB2393:
  40:Core/Src/radio/../../Inc/radio/support.h ****     };
 10697              		.loc 2 40 9 is_stmt 1 view .LVU2837
 10698 0062 FFF7FEFF 		bl	Error_Handler
 10699              	.LVL959:
 10700 0066 E2E7     		b	.L711
 10701              	.LVL960:
 10702              	.L721:
  40:Core/Src/radio/../../Inc/radio/support.h ****     };
 10703              		.loc 2 40 9 is_stmt 0 view .LVU2838
 10704              	.LBE2393:
 10705              	.LBE2400:
 10706              	.LBB2401:
 10707              	.LBB2397:
  40:Core/Src/radio/../../Inc/radio/support.h ****     };
 10708              		.loc 2 40 9 is_stmt 1 view .LVU2839
 10709 0068 FFF7FEFF 		bl	Error_Handler
 10710              	.LVL961:
 10711 006c EEE7     		b	.L712
ARM GAS  C:\Users\l1234\AppData\Local\Temp\ccFgEZ6h.s 			page 242


 10712              	.LBE2397:
 10713              	.LBE2401:
 10714              	.LBE2404:
 10715              	.LBE2407:
 10716              		.cfi_endproc
 10717              	.LFE176:
 10719 006e 00BF     		.section	.text.nRF24_GetStatus_RXFIFO,"ax",%progbits
 10720              		.align	1
 10721              		.p2align 2,,3
 10722              		.global	nRF24_GetStatus_RXFIFO
 10723              		.syntax unified
 10724              		.thumb
 10725              		.thumb_func
 10727              	nRF24_GetStatus_RXFIFO:
 10728              	.LVL962:
 10729              	.LFB177:
 470:Core/Src/radio/nrf24.c **** 	return (nRF24_ReadReg(nrf, nRF24_REG_FIFO_STATUS) & nRF24_MASK_RXFIFO);
 10730              		.loc 1 470 58 view -0
 10731              		.cfi_startproc
 10732              		@ args = 0, pretend = 0, frame = 8
 10733              		@ frame_needed = 0, uses_anonymous_args = 0
 471:Core/Src/radio/nrf24.c **** }
 10734              		.loc 1 471 2 view .LVU2841
 470:Core/Src/radio/nrf24.c **** 	return (nRF24_ReadReg(nrf, nRF24_REG_FIFO_STATUS) & nRF24_MASK_RXFIFO);
 10735              		.loc 1 470 58 is_stmt 0 view .LVU2842
 10736 0000 30B5     		push	{r4, r5, lr}
 10737              	.LCFI120:
 10738              		.cfi_def_cfa_offset 12
 10739              		.cfi_offset 4, -12
 10740              		.cfi_offset 5, -8
 10741              		.cfi_offset 14, -4
 10742              	.LBB2418:
 10743              	.LBB2419:
 10744              	.LBB2420:
 10745              	.LBB2421:
  28:Core/Src/radio/../../Inc/radio/support.h **** }
 10746              		.loc 2 28 5 view .LVU2843
 10747 0002 018A     		ldrh	r1, [r0, #16]
 10748              	.LBE2421:
 10749              	.LBE2420:
 10750              	.LBE2419:
 10751              	.LBE2418:
 470:Core/Src/radio/nrf24.c **** 	return (nRF24_ReadReg(nrf, nRF24_REG_FIFO_STATUS) & nRF24_MASK_RXFIFO);
 10752              		.loc 1 470 58 view .LVU2844
 10753 0004 85B0     		sub	sp, sp, #20
 10754              	.LCFI121:
 10755              		.cfi_def_cfa_offset 32
 10756              	.LBB2441:
 10757              	.LBB2438:
 10758              	.LBB2424:
 10759              	.LBB2422:
  28:Core/Src/radio/../../Inc/radio/support.h **** }
 10760              		.loc 2 28 5 view .LVU2845
 10761 0006 0022     		movs	r2, #0
 10762              	.LBE2422:
 10763              	.LBE2424:
 10764              	.LBE2438:
ARM GAS  C:\Users\l1234\AppData\Local\Temp\ccFgEZ6h.s 			page 243


 10765              	.LBE2441:
 470:Core/Src/radio/nrf24.c **** 	return (nRF24_ReadReg(nrf, nRF24_REG_FIFO_STATUS) & nRF24_MASK_RXFIFO);
 10766              		.loc 1 470 58 view .LVU2846
 10767 0008 0446     		mov	r4, r0
 10768              	.LVL963:
 10769              	.LBB2442:
 10770              	.LBI2418:
   9:Core/Src/radio/nrf24.c **** 	uint8_t value;
 10771              		.loc 1 9 9 is_stmt 1 view .LVU2847
 10772              	.LBB2439:
  10:Core/Src/radio/nrf24.c **** 
 10773              		.loc 1 10 2 view .LVU2848
  12:Core/Src/radio/nrf24.c **** 	nRF24_LL_RW(nrf, reg & nRF24_MASK_REG_MAP);
 10774              		.loc 1 12 2 view .LVU2849
 10775              	.LBB2425:
 10776              	.LBI2420:
  27:Core/Src/radio/../../Inc/radio/support.h ****     HAL_GPIO_WritePin(nrf->csPort, nrf->csPin, GPIO_PIN_RESET);
 10777              		.loc 2 27 20 view .LVU2850
 10778              	.LBB2423:
  28:Core/Src/radio/../../Inc/radio/support.h **** }
 10779              		.loc 2 28 5 view .LVU2851
 10780 000a C068     		ldr	r0, [r0, #12]
 10781              	.LVL964:
  28:Core/Src/radio/../../Inc/radio/support.h **** }
 10782              		.loc 2 28 5 is_stmt 0 view .LVU2852
 10783 000c FFF7FEFF 		bl	HAL_GPIO_WritePin
 10784              	.LVL965:
  28:Core/Src/radio/../../Inc/radio/support.h **** }
 10785              		.loc 2 28 5 view .LVU2853
 10786              	.LBE2423:
 10787              	.LBE2425:
  13:Core/Src/radio/nrf24.c **** 	value = nRF24_LL_RW(nrf, nRF24_CMD_NOP);
 10788              		.loc 1 13 2 is_stmt 1 view .LVU2854
 10789              	.LBB2426:
 10790              	.LBB2427:
  39:Core/Src/radio/../../Inc/radio/support.h ****         Error_Handler();
 10791              		.loc 2 39 8 is_stmt 0 view .LVU2855
 10792 0010 4FF4FA63 		mov	r3, #2000
 10793 0014 1722     		movs	r2, #23
 10794 0016 0DF10E01 		add	r1, sp, #14
 10795 001a 0093     		str	r3, [sp]
 10796 001c 0123     		movs	r3, #1
 10797 001e 8DF80E20 		strb	r2, [sp, #14]
 10798              	.LVL966:
  39:Core/Src/radio/../../Inc/radio/support.h ****         Error_Handler();
 10799              		.loc 2 39 8 view .LVU2856
 10800              	.LBE2427:
 10801              	.LBI2426:
  36:Core/Src/radio/../../Inc/radio/support.h ****     // Wait until TX buffer is empty
 10802              		.loc 2 36 23 is_stmt 1 view .LVU2857
 10803              	.LBB2428:
  38:Core/Src/radio/../../Inc/radio/support.h ****     if(HAL_SPI_TransmitReceive(nrf->hspi,&data,&result,1,2000)!=HAL_OK) {
 10804              		.loc 2 38 5 view .LVU2858
  39:Core/Src/radio/../../Inc/radio/support.h ****         Error_Handler();
 10805              		.loc 2 39 5 view .LVU2859
  39:Core/Src/radio/../../Inc/radio/support.h ****         Error_Handler();
 10806              		.loc 2 39 8 is_stmt 0 view .LVU2860
ARM GAS  C:\Users\l1234\AppData\Local\Temp\ccFgEZ6h.s 			page 244


 10807 0022 0DF10F02 		add	r2, sp, #15
 10808              	.LVL967:
  39:Core/Src/radio/../../Inc/radio/support.h ****         Error_Handler();
 10809              		.loc 2 39 8 view .LVU2861
 10810 0026 2068     		ldr	r0, [r4]
 10811 0028 FFF7FEFF 		bl	HAL_SPI_TransmitReceive
 10812              	.LVL968:
  39:Core/Src/radio/../../Inc/radio/support.h ****         Error_Handler();
 10813              		.loc 2 39 7 view .LVU2862
 10814 002c C8B9     		cbnz	r0, .L732
 10815              	.L723:
  41:Core/Src/radio/../../Inc/radio/support.h ****     return result;
 10816              		.loc 2 41 6 is_stmt 1 view .LVU2863
 10817              		.loc 2 42 5 view .LVU2864
 10818              	.LVL969:
 10819              		.loc 2 42 5 is_stmt 0 view .LVU2865
 10820              	.LBE2428:
 10821              	.LBE2426:
  14:Core/Src/radio/nrf24.c **** 	nRF24_CSN_H(nrf);
 10822              		.loc 1 14 2 is_stmt 1 view .LVU2866
 10823              	.LBB2430:
 10824              	.LBB2431:
  39:Core/Src/radio/../../Inc/radio/support.h ****         Error_Handler();
 10825              		.loc 2 39 8 is_stmt 0 view .LVU2867
 10826 002e 4FF4FA63 		mov	r3, #2000
 10827 0032 FF20     		movs	r0, #255
 10828 0034 0DF10F02 		add	r2, sp, #15
 10829 0038 0DF10E01 		add	r1, sp, #14
 10830 003c 0093     		str	r3, [sp]
 10831 003e 0123     		movs	r3, #1
 10832 0040 8DF80E00 		strb	r0, [sp, #14]
 10833              	.LVL970:
  39:Core/Src/radio/../../Inc/radio/support.h ****         Error_Handler();
 10834              		.loc 2 39 8 view .LVU2868
 10835              	.LBE2431:
 10836              	.LBI2430:
  36:Core/Src/radio/../../Inc/radio/support.h ****     // Wait until TX buffer is empty
 10837              		.loc 2 36 23 is_stmt 1 view .LVU2869
 10838              	.LBB2432:
  38:Core/Src/radio/../../Inc/radio/support.h ****     if(HAL_SPI_TransmitReceive(nrf->hspi,&data,&result,1,2000)!=HAL_OK) {
 10839              		.loc 2 38 5 view .LVU2870
  39:Core/Src/radio/../../Inc/radio/support.h ****         Error_Handler();
 10840              		.loc 2 39 5 view .LVU2871
  39:Core/Src/radio/../../Inc/radio/support.h ****         Error_Handler();
 10841              		.loc 2 39 8 is_stmt 0 view .LVU2872
 10842 0044 2068     		ldr	r0, [r4]
 10843              	.LVL971:
  39:Core/Src/radio/../../Inc/radio/support.h ****         Error_Handler();
 10844              		.loc 2 39 8 view .LVU2873
 10845 0046 FFF7FEFF 		bl	HAL_SPI_TransmitReceive
 10846              	.LVL972:
  39:Core/Src/radio/../../Inc/radio/support.h ****         Error_Handler();
 10847              		.loc 2 39 7 view .LVU2874
 10848 004a 68B9     		cbnz	r0, .L733
 10849              	.L724:
  41:Core/Src/radio/../../Inc/radio/support.h ****     return result;
 10850              		.loc 2 41 6 is_stmt 1 view .LVU2875
ARM GAS  C:\Users\l1234\AppData\Local\Temp\ccFgEZ6h.s 			page 245


 10851              		.loc 2 42 5 view .LVU2876
 10852              		.loc 2 42 12 is_stmt 0 view .LVU2877
 10853 004c 9DF80F50 		ldrb	r5, [sp, #15]	@ zero_extendqisi2
 10854              	.LVL973:
 10855              		.loc 2 42 12 view .LVU2878
 10856              	.LBE2432:
 10857              	.LBE2430:
  15:Core/Src/radio/nrf24.c **** 
 10858              		.loc 1 15 2 is_stmt 1 view .LVU2879
 10859              	.LBB2434:
 10860              	.LBI2434:
  31:Core/Src/radio/../../Inc/radio/support.h ****     HAL_GPIO_WritePin(nrf->csPort, nrf->csPin, GPIO_PIN_SET);
 10861              		.loc 2 31 20 view .LVU2880
 10862              	.LBB2435:
  32:Core/Src/radio/../../Inc/radio/support.h **** }
 10863              		.loc 2 32 5 view .LVU2881
 10864 0050 0122     		movs	r2, #1
 10865 0052 E068     		ldr	r0, [r4, #12]
 10866 0054 218A     		ldrh	r1, [r4, #16]
 10867 0056 FFF7FEFF 		bl	HAL_GPIO_WritePin
 10868              	.LVL974:
  32:Core/Src/radio/../../Inc/radio/support.h **** }
 10869              		.loc 2 32 5 is_stmt 0 view .LVU2882
 10870              	.LBE2435:
 10871              	.LBE2434:
  17:Core/Src/radio/nrf24.c **** }
 10872              		.loc 1 17 2 is_stmt 1 view .LVU2883
  17:Core/Src/radio/nrf24.c **** }
 10873              		.loc 1 17 2 is_stmt 0 view .LVU2884
 10874              	.LBE2439:
 10875              	.LBE2442:
 472:Core/Src/radio/nrf24.c **** 
 10876              		.loc 1 472 1 view .LVU2885
 10877 005a 05F00300 		and	r0, r5, #3
 10878 005e 05B0     		add	sp, sp, #20
 10879              	.LCFI122:
 10880              		.cfi_remember_state
 10881              		.cfi_def_cfa_offset 12
 10882              		@ sp needed
 10883 0060 30BD     		pop	{r4, r5, pc}
 10884              	.LVL975:
 10885              	.L732:
 10886              	.LCFI123:
 10887              		.cfi_restore_state
 10888              	.LBB2443:
 10889              	.LBB2440:
 10890              	.LBB2436:
 10891              	.LBB2429:
  40:Core/Src/radio/../../Inc/radio/support.h ****     };
 10892              		.loc 2 40 9 is_stmt 1 view .LVU2886
 10893 0062 FFF7FEFF 		bl	Error_Handler
 10894              	.LVL976:
 10895 0066 E2E7     		b	.L723
 10896              	.LVL977:
 10897              	.L733:
  40:Core/Src/radio/../../Inc/radio/support.h ****     };
 10898              		.loc 2 40 9 is_stmt 0 view .LVU2887
ARM GAS  C:\Users\l1234\AppData\Local\Temp\ccFgEZ6h.s 			page 246


 10899              	.LBE2429:
 10900              	.LBE2436:
 10901              	.LBB2437:
 10902              	.LBB2433:
  40:Core/Src/radio/../../Inc/radio/support.h ****     };
 10903              		.loc 2 40 9 is_stmt 1 view .LVU2888
 10904 0068 FFF7FEFF 		bl	Error_Handler
 10905              	.LVL978:
 10906 006c EEE7     		b	.L724
 10907              	.LBE2433:
 10908              	.LBE2437:
 10909              	.LBE2440:
 10910              	.LBE2443:
 10911              		.cfi_endproc
 10912              	.LFE177:
 10914 006e 00BF     		.section	.text.nRF24_GetStatus_TXFIFO,"ax",%progbits
 10915              		.align	1
 10916              		.p2align 2,,3
 10917              		.global	nRF24_GetStatus_TXFIFO
 10918              		.syntax unified
 10919              		.thumb
 10920              		.thumb_func
 10922              	nRF24_GetStatus_TXFIFO:
 10923              	.LVL979:
 10924              	.LFB178:
 477:Core/Src/radio/nrf24.c **** 	return ((nRF24_ReadReg(nrf, nRF24_REG_FIFO_STATUS) & nRF24_MASK_TXFIFO) >> 4);
 10925              		.loc 1 477 58 view -0
 10926              		.cfi_startproc
 10927              		@ args = 0, pretend = 0, frame = 8
 10928              		@ frame_needed = 0, uses_anonymous_args = 0
 478:Core/Src/radio/nrf24.c **** }
 10929              		.loc 1 478 2 view .LVU2890
 477:Core/Src/radio/nrf24.c **** 	return ((nRF24_ReadReg(nrf, nRF24_REG_FIFO_STATUS) & nRF24_MASK_TXFIFO) >> 4);
 10930              		.loc 1 477 58 is_stmt 0 view .LVU2891
 10931 0000 30B5     		push	{r4, r5, lr}
 10932              	.LCFI124:
 10933              		.cfi_def_cfa_offset 12
 10934              		.cfi_offset 4, -12
 10935              		.cfi_offset 5, -8
 10936              		.cfi_offset 14, -4
 10937              	.LBB2454:
 10938              	.LBB2455:
 10939              	.LBB2456:
 10940              	.LBB2457:
  28:Core/Src/radio/../../Inc/radio/support.h **** }
 10941              		.loc 2 28 5 view .LVU2892
 10942 0002 018A     		ldrh	r1, [r0, #16]
 10943              	.LBE2457:
 10944              	.LBE2456:
 10945              	.LBE2455:
 10946              	.LBE2454:
 477:Core/Src/radio/nrf24.c **** 	return ((nRF24_ReadReg(nrf, nRF24_REG_FIFO_STATUS) & nRF24_MASK_TXFIFO) >> 4);
 10947              		.loc 1 477 58 view .LVU2893
 10948 0004 85B0     		sub	sp, sp, #20
 10949              	.LCFI125:
 10950              		.cfi_def_cfa_offset 32
 10951              	.LBB2477:
ARM GAS  C:\Users\l1234\AppData\Local\Temp\ccFgEZ6h.s 			page 247


 10952              	.LBB2474:
 10953              	.LBB2460:
 10954              	.LBB2458:
  28:Core/Src/radio/../../Inc/radio/support.h **** }
 10955              		.loc 2 28 5 view .LVU2894
 10956 0006 0022     		movs	r2, #0
 10957              	.LBE2458:
 10958              	.LBE2460:
 10959              	.LBE2474:
 10960              	.LBE2477:
 477:Core/Src/radio/nrf24.c **** 	return ((nRF24_ReadReg(nrf, nRF24_REG_FIFO_STATUS) & nRF24_MASK_TXFIFO) >> 4);
 10961              		.loc 1 477 58 view .LVU2895
 10962 0008 0446     		mov	r4, r0
 10963              	.LVL980:
 10964              	.LBB2478:
 10965              	.LBI2454:
   9:Core/Src/radio/nrf24.c **** 	uint8_t value;
 10966              		.loc 1 9 9 is_stmt 1 view .LVU2896
 10967              	.LBB2475:
  10:Core/Src/radio/nrf24.c **** 
 10968              		.loc 1 10 2 view .LVU2897
  12:Core/Src/radio/nrf24.c **** 	nRF24_LL_RW(nrf, reg & nRF24_MASK_REG_MAP);
 10969              		.loc 1 12 2 view .LVU2898
 10970              	.LBB2461:
 10971              	.LBI2456:
  27:Core/Src/radio/../../Inc/radio/support.h ****     HAL_GPIO_WritePin(nrf->csPort, nrf->csPin, GPIO_PIN_RESET);
 10972              		.loc 2 27 20 view .LVU2899
 10973              	.LBB2459:
  28:Core/Src/radio/../../Inc/radio/support.h **** }
 10974              		.loc 2 28 5 view .LVU2900
 10975 000a C068     		ldr	r0, [r0, #12]
 10976              	.LVL981:
  28:Core/Src/radio/../../Inc/radio/support.h **** }
 10977              		.loc 2 28 5 is_stmt 0 view .LVU2901
 10978 000c FFF7FEFF 		bl	HAL_GPIO_WritePin
 10979              	.LVL982:
  28:Core/Src/radio/../../Inc/radio/support.h **** }
 10980              		.loc 2 28 5 view .LVU2902
 10981              	.LBE2459:
 10982              	.LBE2461:
  13:Core/Src/radio/nrf24.c **** 	value = nRF24_LL_RW(nrf, nRF24_CMD_NOP);
 10983              		.loc 1 13 2 is_stmt 1 view .LVU2903
 10984              	.LBB2462:
 10985              	.LBB2463:
  39:Core/Src/radio/../../Inc/radio/support.h ****         Error_Handler();
 10986              		.loc 2 39 8 is_stmt 0 view .LVU2904
 10987 0010 4FF4FA63 		mov	r3, #2000
 10988 0014 1722     		movs	r2, #23
 10989 0016 0DF10E01 		add	r1, sp, #14
 10990 001a 0093     		str	r3, [sp]
 10991 001c 0123     		movs	r3, #1
 10992 001e 8DF80E20 		strb	r2, [sp, #14]
 10993              	.LVL983:
  39:Core/Src/radio/../../Inc/radio/support.h ****         Error_Handler();
 10994              		.loc 2 39 8 view .LVU2905
 10995              	.LBE2463:
 10996              	.LBI2462:
ARM GAS  C:\Users\l1234\AppData\Local\Temp\ccFgEZ6h.s 			page 248


  36:Core/Src/radio/../../Inc/radio/support.h ****     // Wait until TX buffer is empty
 10997              		.loc 2 36 23 is_stmt 1 view .LVU2906
 10998              	.LBB2464:
  38:Core/Src/radio/../../Inc/radio/support.h ****     if(HAL_SPI_TransmitReceive(nrf->hspi,&data,&result,1,2000)!=HAL_OK) {
 10999              		.loc 2 38 5 view .LVU2907
  39:Core/Src/radio/../../Inc/radio/support.h ****         Error_Handler();
 11000              		.loc 2 39 5 view .LVU2908
  39:Core/Src/radio/../../Inc/radio/support.h ****         Error_Handler();
 11001              		.loc 2 39 8 is_stmt 0 view .LVU2909
 11002 0022 0DF10F02 		add	r2, sp, #15
 11003              	.LVL984:
  39:Core/Src/radio/../../Inc/radio/support.h ****         Error_Handler();
 11004              		.loc 2 39 8 view .LVU2910
 11005 0026 2068     		ldr	r0, [r4]
 11006 0028 FFF7FEFF 		bl	HAL_SPI_TransmitReceive
 11007              	.LVL985:
  39:Core/Src/radio/../../Inc/radio/support.h ****         Error_Handler();
 11008              		.loc 2 39 7 view .LVU2911
 11009 002c C8B9     		cbnz	r0, .L744
 11010              	.L735:
  41:Core/Src/radio/../../Inc/radio/support.h ****     return result;
 11011              		.loc 2 41 6 is_stmt 1 view .LVU2912
 11012              		.loc 2 42 5 view .LVU2913
 11013              	.LVL986:
 11014              		.loc 2 42 5 is_stmt 0 view .LVU2914
 11015              	.LBE2464:
 11016              	.LBE2462:
  14:Core/Src/radio/nrf24.c **** 	nRF24_CSN_H(nrf);
 11017              		.loc 1 14 2 is_stmt 1 view .LVU2915
 11018              	.LBB2466:
 11019              	.LBB2467:
  39:Core/Src/radio/../../Inc/radio/support.h ****         Error_Handler();
 11020              		.loc 2 39 8 is_stmt 0 view .LVU2916
 11021 002e 4FF4FA63 		mov	r3, #2000
 11022 0032 FF20     		movs	r0, #255
 11023 0034 0DF10F02 		add	r2, sp, #15
 11024 0038 0DF10E01 		add	r1, sp, #14
 11025 003c 0093     		str	r3, [sp]
 11026 003e 0123     		movs	r3, #1
 11027 0040 8DF80E00 		strb	r0, [sp, #14]
 11028              	.LVL987:
  39:Core/Src/radio/../../Inc/radio/support.h ****         Error_Handler();
 11029              		.loc 2 39 8 view .LVU2917
 11030              	.LBE2467:
 11031              	.LBI2466:
  36:Core/Src/radio/../../Inc/radio/support.h ****     // Wait until TX buffer is empty
 11032              		.loc 2 36 23 is_stmt 1 view .LVU2918
 11033              	.LBB2468:
  38:Core/Src/radio/../../Inc/radio/support.h ****     if(HAL_SPI_TransmitReceive(nrf->hspi,&data,&result,1,2000)!=HAL_OK) {
 11034              		.loc 2 38 5 view .LVU2919
  39:Core/Src/radio/../../Inc/radio/support.h ****         Error_Handler();
 11035              		.loc 2 39 5 view .LVU2920
  39:Core/Src/radio/../../Inc/radio/support.h ****         Error_Handler();
 11036              		.loc 2 39 8 is_stmt 0 view .LVU2921
 11037 0044 2068     		ldr	r0, [r4]
 11038              	.LVL988:
  39:Core/Src/radio/../../Inc/radio/support.h ****         Error_Handler();
ARM GAS  C:\Users\l1234\AppData\Local\Temp\ccFgEZ6h.s 			page 249


 11039              		.loc 2 39 8 view .LVU2922
 11040 0046 FFF7FEFF 		bl	HAL_SPI_TransmitReceive
 11041              	.LVL989:
  39:Core/Src/radio/../../Inc/radio/support.h ****         Error_Handler();
 11042              		.loc 2 39 7 view .LVU2923
 11043 004a 68B9     		cbnz	r0, .L745
 11044              	.L736:
  41:Core/Src/radio/../../Inc/radio/support.h ****     return result;
 11045              		.loc 2 41 6 is_stmt 1 view .LVU2924
 11046              		.loc 2 42 5 view .LVU2925
 11047              		.loc 2 42 12 is_stmt 0 view .LVU2926
 11048 004c 9DF80F50 		ldrb	r5, [sp, #15]	@ zero_extendqisi2
 11049              	.LVL990:
 11050              		.loc 2 42 12 view .LVU2927
 11051              	.LBE2468:
 11052              	.LBE2466:
  15:Core/Src/radio/nrf24.c **** 
 11053              		.loc 1 15 2 is_stmt 1 view .LVU2928
 11054              	.LBB2470:
 11055              	.LBI2470:
  31:Core/Src/radio/../../Inc/radio/support.h ****     HAL_GPIO_WritePin(nrf->csPort, nrf->csPin, GPIO_PIN_SET);
 11056              		.loc 2 31 20 view .LVU2929
 11057              	.LBB2471:
  32:Core/Src/radio/../../Inc/radio/support.h **** }
 11058              		.loc 2 32 5 view .LVU2930
 11059 0050 0122     		movs	r2, #1
 11060 0052 E068     		ldr	r0, [r4, #12]
 11061 0054 218A     		ldrh	r1, [r4, #16]
 11062 0056 FFF7FEFF 		bl	HAL_GPIO_WritePin
 11063              	.LVL991:
  32:Core/Src/radio/../../Inc/radio/support.h **** }
 11064              		.loc 2 32 5 is_stmt 0 view .LVU2931
 11065              	.LBE2471:
 11066              	.LBE2470:
  17:Core/Src/radio/nrf24.c **** }
 11067              		.loc 1 17 2 is_stmt 1 view .LVU2932
  17:Core/Src/radio/nrf24.c **** }
 11068              		.loc 1 17 2 is_stmt 0 view .LVU2933
 11069              	.LBE2475:
 11070              	.LBE2478:
 479:Core/Src/radio/nrf24.c **** 
 11071              		.loc 1 479 1 view .LVU2934
 11072 005a C5F30110 		ubfx	r0, r5, #4, #2
 11073 005e 05B0     		add	sp, sp, #20
 11074              	.LCFI126:
 11075              		.cfi_remember_state
 11076              		.cfi_def_cfa_offset 12
 11077              		@ sp needed
 11078 0060 30BD     		pop	{r4, r5, pc}
 11079              	.LVL992:
 11080              	.L744:
 11081              	.LCFI127:
 11082              		.cfi_restore_state
 11083              	.LBB2479:
 11084              	.LBB2476:
 11085              	.LBB2472:
 11086              	.LBB2465:
ARM GAS  C:\Users\l1234\AppData\Local\Temp\ccFgEZ6h.s 			page 250


  40:Core/Src/radio/../../Inc/radio/support.h ****     };
 11087              		.loc 2 40 9 is_stmt 1 view .LVU2935
 11088 0062 FFF7FEFF 		bl	Error_Handler
 11089              	.LVL993:
 11090 0066 E2E7     		b	.L735
 11091              	.LVL994:
 11092              	.L745:
  40:Core/Src/radio/../../Inc/radio/support.h ****     };
 11093              		.loc 2 40 9 is_stmt 0 view .LVU2936
 11094              	.LBE2465:
 11095              	.LBE2472:
 11096              	.LBB2473:
 11097              	.LBB2469:
  40:Core/Src/radio/../../Inc/radio/support.h ****     };
 11098              		.loc 2 40 9 is_stmt 1 view .LVU2937
 11099 0068 FFF7FEFF 		bl	Error_Handler
 11100              	.LVL995:
 11101 006c EEE7     		b	.L736
 11102              	.LBE2469:
 11103              	.LBE2473:
 11104              	.LBE2476:
 11105              	.LBE2479:
 11106              		.cfi_endproc
 11107              	.LFE178:
 11109 006e 00BF     		.section	.text.nRF24_GetRXSource,"ax",%progbits
 11110              		.align	1
 11111              		.p2align 2,,3
 11112              		.global	nRF24_GetRXSource
 11113              		.syntax unified
 11114              		.thumb
 11115              		.thumb_func
 11117              	nRF24_GetRXSource:
 11118              	.LVL996:
 11119              	.LFB179:
 483:Core/Src/radio/nrf24.c **** 	return ((nRF24_ReadReg(nrf, nRF24_REG_STATUS) & nRF24_MASK_RX_P_NO) >> 1);
 11120              		.loc 1 483 53 view -0
 11121              		.cfi_startproc
 11122              		@ args = 0, pretend = 0, frame = 8
 11123              		@ frame_needed = 0, uses_anonymous_args = 0
 484:Core/Src/radio/nrf24.c **** }
 11124              		.loc 1 484 2 view .LVU2939
 483:Core/Src/radio/nrf24.c **** 	return ((nRF24_ReadReg(nrf, nRF24_REG_STATUS) & nRF24_MASK_RX_P_NO) >> 1);
 11125              		.loc 1 483 53 is_stmt 0 view .LVU2940
 11126 0000 30B5     		push	{r4, r5, lr}
 11127              	.LCFI128:
 11128              		.cfi_def_cfa_offset 12
 11129              		.cfi_offset 4, -12
 11130              		.cfi_offset 5, -8
 11131              		.cfi_offset 14, -4
 11132              	.LBB2490:
 11133              	.LBB2491:
 11134              	.LBB2492:
 11135              	.LBB2493:
  28:Core/Src/radio/../../Inc/radio/support.h **** }
 11136              		.loc 2 28 5 view .LVU2941
 11137 0002 018A     		ldrh	r1, [r0, #16]
 11138              	.LBE2493:
ARM GAS  C:\Users\l1234\AppData\Local\Temp\ccFgEZ6h.s 			page 251


 11139              	.LBE2492:
 11140              	.LBE2491:
 11141              	.LBE2490:
 483:Core/Src/radio/nrf24.c **** 	return ((nRF24_ReadReg(nrf, nRF24_REG_STATUS) & nRF24_MASK_RX_P_NO) >> 1);
 11142              		.loc 1 483 53 view .LVU2942
 11143 0004 85B0     		sub	sp, sp, #20
 11144              	.LCFI129:
 11145              		.cfi_def_cfa_offset 32
 11146              	.LBB2513:
 11147              	.LBB2510:
 11148              	.LBB2496:
 11149              	.LBB2494:
  28:Core/Src/radio/../../Inc/radio/support.h **** }
 11150              		.loc 2 28 5 view .LVU2943
 11151 0006 0022     		movs	r2, #0
 11152              	.LBE2494:
 11153              	.LBE2496:
 11154              	.LBE2510:
 11155              	.LBE2513:
 483:Core/Src/radio/nrf24.c **** 	return ((nRF24_ReadReg(nrf, nRF24_REG_STATUS) & nRF24_MASK_RX_P_NO) >> 1);
 11156              		.loc 1 483 53 view .LVU2944
 11157 0008 0446     		mov	r4, r0
 11158              	.LVL997:
 11159              	.LBB2514:
 11160              	.LBI2490:
   9:Core/Src/radio/nrf24.c **** 	uint8_t value;
 11161              		.loc 1 9 9 is_stmt 1 view .LVU2945
 11162              	.LBB2511:
  10:Core/Src/radio/nrf24.c **** 
 11163              		.loc 1 10 2 view .LVU2946
  12:Core/Src/radio/nrf24.c **** 	nRF24_LL_RW(nrf, reg & nRF24_MASK_REG_MAP);
 11164              		.loc 1 12 2 view .LVU2947
 11165              	.LBB2497:
 11166              	.LBI2492:
  27:Core/Src/radio/../../Inc/radio/support.h ****     HAL_GPIO_WritePin(nrf->csPort, nrf->csPin, GPIO_PIN_RESET);
 11167              		.loc 2 27 20 view .LVU2948
 11168              	.LBB2495:
  28:Core/Src/radio/../../Inc/radio/support.h **** }
 11169              		.loc 2 28 5 view .LVU2949
 11170 000a C068     		ldr	r0, [r0, #12]
 11171              	.LVL998:
  28:Core/Src/radio/../../Inc/radio/support.h **** }
 11172              		.loc 2 28 5 is_stmt 0 view .LVU2950
 11173 000c FFF7FEFF 		bl	HAL_GPIO_WritePin
 11174              	.LVL999:
  28:Core/Src/radio/../../Inc/radio/support.h **** }
 11175              		.loc 2 28 5 view .LVU2951
 11176              	.LBE2495:
 11177              	.LBE2497:
  13:Core/Src/radio/nrf24.c **** 	value = nRF24_LL_RW(nrf, nRF24_CMD_NOP);
 11178              		.loc 1 13 2 is_stmt 1 view .LVU2952
 11179              	.LBB2498:
 11180              	.LBB2499:
  39:Core/Src/radio/../../Inc/radio/support.h ****         Error_Handler();
 11181              		.loc 2 39 8 is_stmt 0 view .LVU2953
 11182 0010 4FF4FA63 		mov	r3, #2000
 11183 0014 0722     		movs	r2, #7
ARM GAS  C:\Users\l1234\AppData\Local\Temp\ccFgEZ6h.s 			page 252


 11184 0016 0DF10E01 		add	r1, sp, #14
 11185 001a 0093     		str	r3, [sp]
 11186 001c 0123     		movs	r3, #1
 11187 001e 8DF80E20 		strb	r2, [sp, #14]
 11188              	.LVL1000:
  39:Core/Src/radio/../../Inc/radio/support.h ****         Error_Handler();
 11189              		.loc 2 39 8 view .LVU2954
 11190              	.LBE2499:
 11191              	.LBI2498:
  36:Core/Src/radio/../../Inc/radio/support.h ****     // Wait until TX buffer is empty
 11192              		.loc 2 36 23 is_stmt 1 view .LVU2955
 11193              	.LBB2500:
  38:Core/Src/radio/../../Inc/radio/support.h ****     if(HAL_SPI_TransmitReceive(nrf->hspi,&data,&result,1,2000)!=HAL_OK) {
 11194              		.loc 2 38 5 view .LVU2956
  39:Core/Src/radio/../../Inc/radio/support.h ****         Error_Handler();
 11195              		.loc 2 39 5 view .LVU2957
  39:Core/Src/radio/../../Inc/radio/support.h ****         Error_Handler();
 11196              		.loc 2 39 8 is_stmt 0 view .LVU2958
 11197 0022 0DF10F02 		add	r2, sp, #15
 11198              	.LVL1001:
  39:Core/Src/radio/../../Inc/radio/support.h ****         Error_Handler();
 11199              		.loc 2 39 8 view .LVU2959
 11200 0026 2068     		ldr	r0, [r4]
 11201 0028 FFF7FEFF 		bl	HAL_SPI_TransmitReceive
 11202              	.LVL1002:
  39:Core/Src/radio/../../Inc/radio/support.h ****         Error_Handler();
 11203              		.loc 2 39 7 view .LVU2960
 11204 002c C8B9     		cbnz	r0, .L756
 11205              	.L747:
  41:Core/Src/radio/../../Inc/radio/support.h ****     return result;
 11206              		.loc 2 41 6 is_stmt 1 view .LVU2961
 11207              		.loc 2 42 5 view .LVU2962
 11208              	.LVL1003:
 11209              		.loc 2 42 5 is_stmt 0 view .LVU2963
 11210              	.LBE2500:
 11211              	.LBE2498:
  14:Core/Src/radio/nrf24.c **** 	nRF24_CSN_H(nrf);
 11212              		.loc 1 14 2 is_stmt 1 view .LVU2964
 11213              	.LBB2502:
 11214              	.LBB2503:
  39:Core/Src/radio/../../Inc/radio/support.h ****         Error_Handler();
 11215              		.loc 2 39 8 is_stmt 0 view .LVU2965
 11216 002e 4FF4FA63 		mov	r3, #2000
 11217 0032 FF20     		movs	r0, #255
 11218 0034 0DF10F02 		add	r2, sp, #15
 11219 0038 0DF10E01 		add	r1, sp, #14
 11220 003c 0093     		str	r3, [sp]
 11221 003e 0123     		movs	r3, #1
 11222 0040 8DF80E00 		strb	r0, [sp, #14]
 11223              	.LVL1004:
  39:Core/Src/radio/../../Inc/radio/support.h ****         Error_Handler();
 11224              		.loc 2 39 8 view .LVU2966
 11225              	.LBE2503:
 11226              	.LBI2502:
  36:Core/Src/radio/../../Inc/radio/support.h ****     // Wait until TX buffer is empty
 11227              		.loc 2 36 23 is_stmt 1 view .LVU2967
 11228              	.LBB2504:
ARM GAS  C:\Users\l1234\AppData\Local\Temp\ccFgEZ6h.s 			page 253


  38:Core/Src/radio/../../Inc/radio/support.h ****     if(HAL_SPI_TransmitReceive(nrf->hspi,&data,&result,1,2000)!=HAL_OK) {
 11229              		.loc 2 38 5 view .LVU2968
  39:Core/Src/radio/../../Inc/radio/support.h ****         Error_Handler();
 11230              		.loc 2 39 5 view .LVU2969
  39:Core/Src/radio/../../Inc/radio/support.h ****         Error_Handler();
 11231              		.loc 2 39 8 is_stmt 0 view .LVU2970
 11232 0044 2068     		ldr	r0, [r4]
 11233              	.LVL1005:
  39:Core/Src/radio/../../Inc/radio/support.h ****         Error_Handler();
 11234              		.loc 2 39 8 view .LVU2971
 11235 0046 FFF7FEFF 		bl	HAL_SPI_TransmitReceive
 11236              	.LVL1006:
  39:Core/Src/radio/../../Inc/radio/support.h ****         Error_Handler();
 11237              		.loc 2 39 7 view .LVU2972
 11238 004a 68B9     		cbnz	r0, .L757
 11239              	.L748:
  41:Core/Src/radio/../../Inc/radio/support.h ****     return result;
 11240              		.loc 2 41 6 is_stmt 1 view .LVU2973
 11241              		.loc 2 42 5 view .LVU2974
 11242              		.loc 2 42 12 is_stmt 0 view .LVU2975
 11243 004c 9DF80F50 		ldrb	r5, [sp, #15]	@ zero_extendqisi2
 11244              	.LVL1007:
 11245              		.loc 2 42 12 view .LVU2976
 11246              	.LBE2504:
 11247              	.LBE2502:
  15:Core/Src/radio/nrf24.c **** 
 11248              		.loc 1 15 2 is_stmt 1 view .LVU2977
 11249              	.LBB2506:
 11250              	.LBI2506:
  31:Core/Src/radio/../../Inc/radio/support.h ****     HAL_GPIO_WritePin(nrf->csPort, nrf->csPin, GPIO_PIN_SET);
 11251              		.loc 2 31 20 view .LVU2978
 11252              	.LBB2507:
  32:Core/Src/radio/../../Inc/radio/support.h **** }
 11253              		.loc 2 32 5 view .LVU2979
 11254 0050 0122     		movs	r2, #1
 11255 0052 E068     		ldr	r0, [r4, #12]
 11256 0054 218A     		ldrh	r1, [r4, #16]
 11257 0056 FFF7FEFF 		bl	HAL_GPIO_WritePin
 11258              	.LVL1008:
  32:Core/Src/radio/../../Inc/radio/support.h **** }
 11259              		.loc 2 32 5 is_stmt 0 view .LVU2980
 11260              	.LBE2507:
 11261              	.LBE2506:
  17:Core/Src/radio/nrf24.c **** }
 11262              		.loc 1 17 2 is_stmt 1 view .LVU2981
  17:Core/Src/radio/nrf24.c **** }
 11263              		.loc 1 17 2 is_stmt 0 view .LVU2982
 11264              	.LBE2511:
 11265              	.LBE2514:
 485:Core/Src/radio/nrf24.c **** 
 11266              		.loc 1 485 1 view .LVU2983
 11267 005a C5F34200 		ubfx	r0, r5, #1, #3
 11268 005e 05B0     		add	sp, sp, #20
 11269              	.LCFI130:
 11270              		.cfi_remember_state
 11271              		.cfi_def_cfa_offset 12
 11272              		@ sp needed
ARM GAS  C:\Users\l1234\AppData\Local\Temp\ccFgEZ6h.s 			page 254


 11273 0060 30BD     		pop	{r4, r5, pc}
 11274              	.LVL1009:
 11275              	.L756:
 11276              	.LCFI131:
 11277              		.cfi_restore_state
 11278              	.LBB2515:
 11279              	.LBB2512:
 11280              	.LBB2508:
 11281              	.LBB2501:
  40:Core/Src/radio/../../Inc/radio/support.h ****     };
 11282              		.loc 2 40 9 is_stmt 1 view .LVU2984
 11283 0062 FFF7FEFF 		bl	Error_Handler
 11284              	.LVL1010:
 11285 0066 E2E7     		b	.L747
 11286              	.LVL1011:
 11287              	.L757:
  40:Core/Src/radio/../../Inc/radio/support.h ****     };
 11288              		.loc 2 40 9 is_stmt 0 view .LVU2985
 11289              	.LBE2501:
 11290              	.LBE2508:
 11291              	.LBB2509:
 11292              	.LBB2505:
  40:Core/Src/radio/../../Inc/radio/support.h ****     };
 11293              		.loc 2 40 9 is_stmt 1 view .LVU2986
 11294 0068 FFF7FEFF 		bl	Error_Handler
 11295              	.LVL1012:
 11296 006c EEE7     		b	.L748
 11297              	.LBE2505:
 11298              	.LBE2509:
 11299              	.LBE2512:
 11300              	.LBE2515:
 11301              		.cfi_endproc
 11302              	.LFE179:
 11304 006e 00BF     		.section	.text.nRF24_GetRetransmitCounters,"ax",%progbits
 11305              		.align	1
 11306              		.p2align 2,,3
 11307              		.global	nRF24_GetRetransmitCounters
 11308              		.syntax unified
 11309              		.thumb
 11310              		.thumb_func
 11312              	nRF24_GetRetransmitCounters:
 11313              	.LVL1013:
 11314              	.LFB180:
 491:Core/Src/radio/nrf24.c **** 	return (nRF24_ReadReg(nrf, nRF24_REG_OBSERVE_TX));
 11315              		.loc 1 491 63 view -0
 11316              		.cfi_startproc
 11317              		@ args = 0, pretend = 0, frame = 8
 11318              		@ frame_needed = 0, uses_anonymous_args = 0
 492:Core/Src/radio/nrf24.c **** }
 11319              		.loc 1 492 2 view .LVU2988
 491:Core/Src/radio/nrf24.c **** 	return (nRF24_ReadReg(nrf, nRF24_REG_OBSERVE_TX));
 11320              		.loc 1 491 63 is_stmt 0 view .LVU2989
 11321 0000 30B5     		push	{r4, r5, lr}
 11322              	.LCFI132:
 11323              		.cfi_def_cfa_offset 12
 11324              		.cfi_offset 4, -12
 11325              		.cfi_offset 5, -8
ARM GAS  C:\Users\l1234\AppData\Local\Temp\ccFgEZ6h.s 			page 255


 11326              		.cfi_offset 14, -4
 11327              	.LBB2526:
 11328              	.LBB2527:
 11329              	.LBB2528:
 11330              	.LBB2529:
  28:Core/Src/radio/../../Inc/radio/support.h **** }
 11331              		.loc 2 28 5 view .LVU2990
 11332 0002 018A     		ldrh	r1, [r0, #16]
 11333              	.LBE2529:
 11334              	.LBE2528:
 11335              	.LBE2527:
 11336              	.LBE2526:
 491:Core/Src/radio/nrf24.c **** 	return (nRF24_ReadReg(nrf, nRF24_REG_OBSERVE_TX));
 11337              		.loc 1 491 63 view .LVU2991
 11338 0004 85B0     		sub	sp, sp, #20
 11339              	.LCFI133:
 11340              		.cfi_def_cfa_offset 32
 11341              	.LBB2549:
 11342              	.LBB2546:
 11343              	.LBB2532:
 11344              	.LBB2530:
  28:Core/Src/radio/../../Inc/radio/support.h **** }
 11345              		.loc 2 28 5 view .LVU2992
 11346 0006 0022     		movs	r2, #0
 11347              	.LBE2530:
 11348              	.LBE2532:
 11349              	.LBE2546:
 11350              	.LBE2549:
 491:Core/Src/radio/nrf24.c **** 	return (nRF24_ReadReg(nrf, nRF24_REG_OBSERVE_TX));
 11351              		.loc 1 491 63 view .LVU2993
 11352 0008 0446     		mov	r4, r0
 11353              	.LVL1014:
 11354              	.LBB2550:
 11355              	.LBI2526:
   9:Core/Src/radio/nrf24.c **** 	uint8_t value;
 11356              		.loc 1 9 9 is_stmt 1 view .LVU2994
 11357              	.LBB2547:
  10:Core/Src/radio/nrf24.c **** 
 11358              		.loc 1 10 2 view .LVU2995
  12:Core/Src/radio/nrf24.c **** 	nRF24_LL_RW(nrf, reg & nRF24_MASK_REG_MAP);
 11359              		.loc 1 12 2 view .LVU2996
 11360              	.LBB2533:
 11361              	.LBI2528:
  27:Core/Src/radio/../../Inc/radio/support.h ****     HAL_GPIO_WritePin(nrf->csPort, nrf->csPin, GPIO_PIN_RESET);
 11362              		.loc 2 27 20 view .LVU2997
 11363              	.LBB2531:
  28:Core/Src/radio/../../Inc/radio/support.h **** }
 11364              		.loc 2 28 5 view .LVU2998
 11365 000a C068     		ldr	r0, [r0, #12]
 11366              	.LVL1015:
  28:Core/Src/radio/../../Inc/radio/support.h **** }
 11367              		.loc 2 28 5 is_stmt 0 view .LVU2999
 11368 000c FFF7FEFF 		bl	HAL_GPIO_WritePin
 11369              	.LVL1016:
  28:Core/Src/radio/../../Inc/radio/support.h **** }
 11370              		.loc 2 28 5 view .LVU3000
 11371              	.LBE2531:
ARM GAS  C:\Users\l1234\AppData\Local\Temp\ccFgEZ6h.s 			page 256


 11372              	.LBE2533:
  13:Core/Src/radio/nrf24.c **** 	value = nRF24_LL_RW(nrf, nRF24_CMD_NOP);
 11373              		.loc 1 13 2 is_stmt 1 view .LVU3001
 11374              	.LBB2534:
 11375              	.LBB2535:
  39:Core/Src/radio/../../Inc/radio/support.h ****         Error_Handler();
 11376              		.loc 2 39 8 is_stmt 0 view .LVU3002
 11377 0010 4FF4FA63 		mov	r3, #2000
 11378 0014 0822     		movs	r2, #8
 11379 0016 0DF10E01 		add	r1, sp, #14
 11380 001a 0093     		str	r3, [sp]
 11381 001c 0123     		movs	r3, #1
 11382 001e 8DF80E20 		strb	r2, [sp, #14]
 11383              	.LVL1017:
  39:Core/Src/radio/../../Inc/radio/support.h ****         Error_Handler();
 11384              		.loc 2 39 8 view .LVU3003
 11385              	.LBE2535:
 11386              	.LBI2534:
  36:Core/Src/radio/../../Inc/radio/support.h ****     // Wait until TX buffer is empty
 11387              		.loc 2 36 23 is_stmt 1 view .LVU3004
 11388              	.LBB2536:
  38:Core/Src/radio/../../Inc/radio/support.h ****     if(HAL_SPI_TransmitReceive(nrf->hspi,&data,&result,1,2000)!=HAL_OK) {
 11389              		.loc 2 38 5 view .LVU3005
  39:Core/Src/radio/../../Inc/radio/support.h ****         Error_Handler();
 11390              		.loc 2 39 5 view .LVU3006
  39:Core/Src/radio/../../Inc/radio/support.h ****         Error_Handler();
 11391              		.loc 2 39 8 is_stmt 0 view .LVU3007
 11392 0022 0DF10F02 		add	r2, sp, #15
 11393              	.LVL1018:
  39:Core/Src/radio/../../Inc/radio/support.h ****         Error_Handler();
 11394              		.loc 2 39 8 view .LVU3008
 11395 0026 2068     		ldr	r0, [r4]
 11396 0028 FFF7FEFF 		bl	HAL_SPI_TransmitReceive
 11397              	.LVL1019:
  39:Core/Src/radio/../../Inc/radio/support.h ****         Error_Handler();
 11398              		.loc 2 39 7 view .LVU3009
 11399 002c C0B9     		cbnz	r0, .L768
 11400              	.L759:
  41:Core/Src/radio/../../Inc/radio/support.h ****     return result;
 11401              		.loc 2 41 6 is_stmt 1 view .LVU3010
 11402              		.loc 2 42 5 view .LVU3011
 11403              	.LVL1020:
 11404              		.loc 2 42 5 is_stmt 0 view .LVU3012
 11405              	.LBE2536:
 11406              	.LBE2534:
  14:Core/Src/radio/nrf24.c **** 	nRF24_CSN_H(nrf);
 11407              		.loc 1 14 2 is_stmt 1 view .LVU3013
 11408              	.LBB2538:
 11409              	.LBB2539:
  39:Core/Src/radio/../../Inc/radio/support.h ****         Error_Handler();
 11410              		.loc 2 39 8 is_stmt 0 view .LVU3014
 11411 002e 4FF4FA63 		mov	r3, #2000
 11412 0032 FF20     		movs	r0, #255
 11413 0034 0DF10F02 		add	r2, sp, #15
 11414 0038 0DF10E01 		add	r1, sp, #14
 11415 003c 0093     		str	r3, [sp]
 11416 003e 0123     		movs	r3, #1
ARM GAS  C:\Users\l1234\AppData\Local\Temp\ccFgEZ6h.s 			page 257


 11417 0040 8DF80E00 		strb	r0, [sp, #14]
 11418              	.LVL1021:
  39:Core/Src/radio/../../Inc/radio/support.h ****         Error_Handler();
 11419              		.loc 2 39 8 view .LVU3015
 11420              	.LBE2539:
 11421              	.LBI2538:
  36:Core/Src/radio/../../Inc/radio/support.h ****     // Wait until TX buffer is empty
 11422              		.loc 2 36 23 is_stmt 1 view .LVU3016
 11423              	.LBB2540:
  38:Core/Src/radio/../../Inc/radio/support.h ****     if(HAL_SPI_TransmitReceive(nrf->hspi,&data,&result,1,2000)!=HAL_OK) {
 11424              		.loc 2 38 5 view .LVU3017
  39:Core/Src/radio/../../Inc/radio/support.h ****         Error_Handler();
 11425              		.loc 2 39 5 view .LVU3018
  39:Core/Src/radio/../../Inc/radio/support.h ****         Error_Handler();
 11426              		.loc 2 39 8 is_stmt 0 view .LVU3019
 11427 0044 2068     		ldr	r0, [r4]
 11428              	.LVL1022:
  39:Core/Src/radio/../../Inc/radio/support.h ****         Error_Handler();
 11429              		.loc 2 39 8 view .LVU3020
 11430 0046 FFF7FEFF 		bl	HAL_SPI_TransmitReceive
 11431              	.LVL1023:
  39:Core/Src/radio/../../Inc/radio/support.h ****         Error_Handler();
 11432              		.loc 2 39 7 view .LVU3021
 11433 004a 60B9     		cbnz	r0, .L769
 11434              	.L760:
  41:Core/Src/radio/../../Inc/radio/support.h ****     return result;
 11435              		.loc 2 41 6 is_stmt 1 view .LVU3022
 11436              		.loc 2 42 5 view .LVU3023
 11437              		.loc 2 42 12 is_stmt 0 view .LVU3024
 11438 004c 9DF80F50 		ldrb	r5, [sp, #15]	@ zero_extendqisi2
 11439              	.LVL1024:
 11440              		.loc 2 42 12 view .LVU3025
 11441              	.LBE2540:
 11442              	.LBE2538:
  15:Core/Src/radio/nrf24.c **** 
 11443              		.loc 1 15 2 is_stmt 1 view .LVU3026
 11444              	.LBB2542:
 11445              	.LBI2542:
  31:Core/Src/radio/../../Inc/radio/support.h ****     HAL_GPIO_WritePin(nrf->csPort, nrf->csPin, GPIO_PIN_SET);
 11446              		.loc 2 31 20 view .LVU3027
 11447              	.LBB2543:
  32:Core/Src/radio/../../Inc/radio/support.h **** }
 11448              		.loc 2 32 5 view .LVU3028
 11449 0050 0122     		movs	r2, #1
 11450 0052 E068     		ldr	r0, [r4, #12]
 11451 0054 218A     		ldrh	r1, [r4, #16]
 11452 0056 FFF7FEFF 		bl	HAL_GPIO_WritePin
 11453              	.LVL1025:
  32:Core/Src/radio/../../Inc/radio/support.h **** }
 11454              		.loc 2 32 5 is_stmt 0 view .LVU3029
 11455              	.LBE2543:
 11456              	.LBE2542:
  17:Core/Src/radio/nrf24.c **** }
 11457              		.loc 1 17 2 is_stmt 1 view .LVU3030
  17:Core/Src/radio/nrf24.c **** }
 11458              		.loc 1 17 2 is_stmt 0 view .LVU3031
 11459              	.LBE2547:
ARM GAS  C:\Users\l1234\AppData\Local\Temp\ccFgEZ6h.s 			page 258


 11460              	.LBE2550:
 493:Core/Src/radio/nrf24.c **** 
 11461              		.loc 1 493 1 view .LVU3032
 11462 005a 2846     		mov	r0, r5
 11463 005c 05B0     		add	sp, sp, #20
 11464              	.LCFI134:
 11465              		.cfi_remember_state
 11466              		.cfi_def_cfa_offset 12
 11467              		@ sp needed
 11468 005e 30BD     		pop	{r4, r5, pc}
 11469              	.LVL1026:
 11470              	.L768:
 11471              	.LCFI135:
 11472              		.cfi_restore_state
 11473              	.LBB2551:
 11474              	.LBB2548:
 11475              	.LBB2544:
 11476              	.LBB2537:
  40:Core/Src/radio/../../Inc/radio/support.h ****     };
 11477              		.loc 2 40 9 is_stmt 1 view .LVU3033
 11478 0060 FFF7FEFF 		bl	Error_Handler
 11479              	.LVL1027:
 11480 0064 E3E7     		b	.L759
 11481              	.LVL1028:
 11482              	.L769:
  40:Core/Src/radio/../../Inc/radio/support.h ****     };
 11483              		.loc 2 40 9 is_stmt 0 view .LVU3034
 11484              	.LBE2537:
 11485              	.LBE2544:
 11486              	.LBB2545:
 11487              	.LBB2541:
  40:Core/Src/radio/../../Inc/radio/support.h ****     };
 11488              		.loc 2 40 9 is_stmt 1 view .LVU3035
 11489 0066 FFF7FEFF 		bl	Error_Handler
 11490              	.LVL1029:
 11491 006a EFE7     		b	.L760
 11492              	.LBE2541:
 11493              	.LBE2545:
 11494              	.LBE2548:
 11495              	.LBE2551:
 11496              		.cfi_endproc
 11497              	.LFE180:
 11499              		.section	.text.nRF24_ResetPLOS,"ax",%progbits
 11500              		.align	1
 11501              		.p2align 2,,3
 11502              		.global	nRF24_ResetPLOS
 11503              		.syntax unified
 11504              		.thumb
 11505              		.thumb_func
 11507              	nRF24_ResetPLOS:
 11508              	.LVL1030:
 11509              	.LFB181:
 496:Core/Src/radio/nrf24.c **** 	uint8_t reg;
 11510              		.loc 1 496 48 view -0
 11511              		.cfi_startproc
 11512              		@ args = 0, pretend = 0, frame = 8
 11513              		@ frame_needed = 0, uses_anonymous_args = 0
ARM GAS  C:\Users\l1234\AppData\Local\Temp\ccFgEZ6h.s 			page 259


 497:Core/Src/radio/nrf24.c **** 
 11514              		.loc 1 497 2 view .LVU3037
 500:Core/Src/radio/nrf24.c **** 	nRF24_WriteReg(nrf, nRF24_REG_RF_CH, reg);
 11515              		.loc 1 500 2 view .LVU3038
 496:Core/Src/radio/nrf24.c **** 	uint8_t reg;
 11516              		.loc 1 496 48 is_stmt 0 view .LVU3039
 11517 0000 30B5     		push	{r4, r5, lr}
 11518              	.LCFI136:
 11519              		.cfi_def_cfa_offset 12
 11520              		.cfi_offset 4, -12
 11521              		.cfi_offset 5, -8
 11522              		.cfi_offset 14, -4
 11523              	.LBB2576:
 11524              	.LBB2577:
 11525              	.LBB2578:
 11526              	.LBB2579:
  28:Core/Src/radio/../../Inc/radio/support.h **** }
 11527              		.loc 2 28 5 view .LVU3040
 11528 0002 018A     		ldrh	r1, [r0, #16]
 11529              	.LBE2579:
 11530              	.LBE2578:
 11531              	.LBE2577:
 11532              	.LBE2576:
 496:Core/Src/radio/nrf24.c **** 	uint8_t reg;
 11533              		.loc 1 496 48 view .LVU3041
 11534 0004 85B0     		sub	sp, sp, #20
 11535              	.LCFI137:
 11536              		.cfi_def_cfa_offset 32
 11537              	.LBB2604:
 11538              	.LBB2600:
 11539              	.LBB2582:
 11540              	.LBB2580:
  28:Core/Src/radio/../../Inc/radio/support.h **** }
 11541              		.loc 2 28 5 view .LVU3042
 11542 0006 0022     		movs	r2, #0
 11543              	.LBE2580:
 11544              	.LBE2582:
 11545              	.LBE2600:
 11546              	.LBE2604:
 496:Core/Src/radio/nrf24.c **** 	uint8_t reg;
 11547              		.loc 1 496 48 view .LVU3043
 11548 0008 0446     		mov	r4, r0
 11549              	.LVL1031:
 11550              	.LBB2605:
 11551              	.LBI2576:
   9:Core/Src/radio/nrf24.c **** 	uint8_t value;
 11552              		.loc 1 9 9 is_stmt 1 view .LVU3044
 11553              	.LBB2601:
  10:Core/Src/radio/nrf24.c **** 
 11554              		.loc 1 10 2 view .LVU3045
  12:Core/Src/radio/nrf24.c **** 	nRF24_LL_RW(nrf, reg & nRF24_MASK_REG_MAP);
 11555              		.loc 1 12 2 view .LVU3046
 11556              	.LBB2583:
 11557              	.LBI2578:
  27:Core/Src/radio/../../Inc/radio/support.h ****     HAL_GPIO_WritePin(nrf->csPort, nrf->csPin, GPIO_PIN_RESET);
 11558              		.loc 2 27 20 view .LVU3047
 11559              	.LBB2581:
ARM GAS  C:\Users\l1234\AppData\Local\Temp\ccFgEZ6h.s 			page 260


  28:Core/Src/radio/../../Inc/radio/support.h **** }
 11560              		.loc 2 28 5 view .LVU3048
 11561 000a C068     		ldr	r0, [r0, #12]
 11562              	.LVL1032:
  28:Core/Src/radio/../../Inc/radio/support.h **** }
 11563              		.loc 2 28 5 is_stmt 0 view .LVU3049
 11564 000c FFF7FEFF 		bl	HAL_GPIO_WritePin
 11565              	.LVL1033:
  28:Core/Src/radio/../../Inc/radio/support.h **** }
 11566              		.loc 2 28 5 view .LVU3050
 11567              	.LBE2581:
 11568              	.LBE2583:
  13:Core/Src/radio/nrf24.c **** 	value = nRF24_LL_RW(nrf, nRF24_CMD_NOP);
 11569              		.loc 1 13 2 is_stmt 1 view .LVU3051
 11570              	.LBB2584:
 11571              	.LBB2585:
  39:Core/Src/radio/../../Inc/radio/support.h ****         Error_Handler();
 11572              		.loc 2 39 8 is_stmt 0 view .LVU3052
 11573 0010 4FF4FA63 		mov	r3, #2000
 11574 0014 0522     		movs	r2, #5
 11575 0016 0DF10E01 		add	r1, sp, #14
 11576 001a 0093     		str	r3, [sp]
 11577 001c 0123     		movs	r3, #1
 11578 001e 8DF80E20 		strb	r2, [sp, #14]
 11579              	.LVL1034:
  39:Core/Src/radio/../../Inc/radio/support.h ****         Error_Handler();
 11580              		.loc 2 39 8 view .LVU3053
 11581              	.LBE2585:
 11582              	.LBI2584:
  36:Core/Src/radio/../../Inc/radio/support.h ****     // Wait until TX buffer is empty
 11583              		.loc 2 36 23 is_stmt 1 view .LVU3054
 11584              	.LBB2586:
  38:Core/Src/radio/../../Inc/radio/support.h ****     if(HAL_SPI_TransmitReceive(nrf->hspi,&data,&result,1,2000)!=HAL_OK) {
 11585              		.loc 2 38 5 view .LVU3055
  39:Core/Src/radio/../../Inc/radio/support.h ****         Error_Handler();
 11586              		.loc 2 39 5 view .LVU3056
  39:Core/Src/radio/../../Inc/radio/support.h ****         Error_Handler();
 11587              		.loc 2 39 8 is_stmt 0 view .LVU3057
 11588 0022 0DF10F02 		add	r2, sp, #15
 11589              	.LVL1035:
  39:Core/Src/radio/../../Inc/radio/support.h ****         Error_Handler();
 11590              		.loc 2 39 8 view .LVU3058
 11591 0026 2068     		ldr	r0, [r4]
 11592 0028 FFF7FEFF 		bl	HAL_SPI_TransmitReceive
 11593              	.LVL1036:
  39:Core/Src/radio/../../Inc/radio/support.h ****         Error_Handler();
 11594              		.loc 2 39 7 view .LVU3059
 11595 002c 0028     		cmp	r0, #0
 11596 002e 40D1     		bne	.L788
 11597              	.L771:
  41:Core/Src/radio/../../Inc/radio/support.h ****     return result;
 11598              		.loc 2 41 6 is_stmt 1 view .LVU3060
 11599              		.loc 2 42 5 view .LVU3061
 11600              	.LVL1037:
 11601              		.loc 2 42 5 is_stmt 0 view .LVU3062
 11602              	.LBE2586:
 11603              	.LBE2584:
ARM GAS  C:\Users\l1234\AppData\Local\Temp\ccFgEZ6h.s 			page 261


  14:Core/Src/radio/nrf24.c **** 	nRF24_CSN_H(nrf);
 11604              		.loc 1 14 2 is_stmt 1 view .LVU3063
 11605              	.LBB2588:
 11606              	.LBB2589:
  39:Core/Src/radio/../../Inc/radio/support.h ****         Error_Handler();
 11607              		.loc 2 39 8 is_stmt 0 view .LVU3064
 11608 0030 4FF4FA63 		mov	r3, #2000
 11609 0034 FF22     		movs	r2, #255
 11610 0036 0DF10E01 		add	r1, sp, #14
 11611 003a 0093     		str	r3, [sp]
 11612 003c 0123     		movs	r3, #1
 11613 003e 8DF80E20 		strb	r2, [sp, #14]
 11614              	.LVL1038:
  39:Core/Src/radio/../../Inc/radio/support.h ****         Error_Handler();
 11615              		.loc 2 39 8 view .LVU3065
 11616              	.LBE2589:
 11617              	.LBI2588:
  36:Core/Src/radio/../../Inc/radio/support.h ****     // Wait until TX buffer is empty
 11618              		.loc 2 36 23 is_stmt 1 view .LVU3066
 11619              	.LBB2590:
  38:Core/Src/radio/../../Inc/radio/support.h ****     if(HAL_SPI_TransmitReceive(nrf->hspi,&data,&result,1,2000)!=HAL_OK) {
 11620              		.loc 2 38 5 view .LVU3067
  39:Core/Src/radio/../../Inc/radio/support.h ****         Error_Handler();
 11621              		.loc 2 39 5 view .LVU3068
  39:Core/Src/radio/../../Inc/radio/support.h ****         Error_Handler();
 11622              		.loc 2 39 8 is_stmt 0 view .LVU3069
 11623 0042 0DF10F02 		add	r2, sp, #15
 11624              	.LVL1039:
  39:Core/Src/radio/../../Inc/radio/support.h ****         Error_Handler();
 11625              		.loc 2 39 8 view .LVU3070
 11626 0046 2068     		ldr	r0, [r4]
 11627 0048 FFF7FEFF 		bl	HAL_SPI_TransmitReceive
 11628              	.LVL1040:
  39:Core/Src/radio/../../Inc/radio/support.h ****         Error_Handler();
 11629              		.loc 2 39 7 view .LVU3071
 11630 004c 0028     		cmp	r0, #0
 11631 004e 39D1     		bne	.L789
 11632              	.L772:
  41:Core/Src/radio/../../Inc/radio/support.h ****     return result;
 11633              		.loc 2 41 6 is_stmt 1 view .LVU3072
 11634              		.loc 2 42 5 view .LVU3073
 11635              	.LBE2590:
 11636              	.LBE2588:
 11637              	.LBB2593:
 11638              	.LBB2594:
  32:Core/Src/radio/../../Inc/radio/support.h **** }
 11639              		.loc 2 32 5 is_stmt 0 view .LVU3074
 11640 0050 0122     		movs	r2, #1
 11641 0052 218A     		ldrh	r1, [r4, #16]
 11642 0054 E068     		ldr	r0, [r4, #12]
 11643              	.LBE2594:
 11644              	.LBE2593:
 11645              	.LBB2596:
 11646              	.LBB2591:
 11647              		.loc 2 42 12 view .LVU3075
 11648 0056 9DF80F50 		ldrb	r5, [sp, #15]	@ zero_extendqisi2
 11649              	.LVL1041:
ARM GAS  C:\Users\l1234\AppData\Local\Temp\ccFgEZ6h.s 			page 262


 11650              		.loc 2 42 12 view .LVU3076
 11651              	.LBE2591:
 11652              	.LBE2596:
  15:Core/Src/radio/nrf24.c **** 
 11653              		.loc 1 15 2 is_stmt 1 view .LVU3077
 11654              	.LBB2597:
 11655              	.LBI2593:
  31:Core/Src/radio/../../Inc/radio/support.h ****     HAL_GPIO_WritePin(nrf->csPort, nrf->csPin, GPIO_PIN_SET);
 11656              		.loc 2 31 20 view .LVU3078
 11657              	.LBB2595:
  32:Core/Src/radio/../../Inc/radio/support.h **** }
 11658              		.loc 2 32 5 view .LVU3079
 11659 005a FFF7FEFF 		bl	HAL_GPIO_WritePin
 11660              	.LVL1042:
  32:Core/Src/radio/../../Inc/radio/support.h **** }
 11661              		.loc 2 32 5 is_stmt 0 view .LVU3080
 11662              	.LBE2595:
 11663              	.LBE2597:
  17:Core/Src/radio/nrf24.c **** }
 11664              		.loc 1 17 2 is_stmt 1 view .LVU3081
  17:Core/Src/radio/nrf24.c **** }
 11665              		.loc 1 17 2 is_stmt 0 view .LVU3082
 11666              	.LBE2601:
 11667              	.LBE2605:
 501:Core/Src/radio/nrf24.c **** }
 11668              		.loc 1 501 2 is_stmt 1 view .LVU3083
 11669              	.LBB2606:
 11670              	.LBI2606:
  24:Core/Src/radio/nrf24.c **** 	nRF24_CSN_L(nrf);
 11671              		.loc 1 24 6 view .LVU3084
 11672              	.LBB2607:
  25:Core/Src/radio/nrf24.c **** 	if (reg < nRF24_CMD_W_REGISTER) {
 11673              		.loc 1 25 2 view .LVU3085
 11674              	.LBB2608:
 11675              	.LBI2608:
  27:Core/Src/radio/../../Inc/radio/support.h ****     HAL_GPIO_WritePin(nrf->csPort, nrf->csPin, GPIO_PIN_RESET);
 11676              		.loc 2 27 20 view .LVU3086
 11677              	.LBB2609:
  28:Core/Src/radio/../../Inc/radio/support.h **** }
 11678              		.loc 2 28 5 view .LVU3087
 11679 005e 0022     		movs	r2, #0
 11680 0060 218A     		ldrh	r1, [r4, #16]
 11681 0062 E068     		ldr	r0, [r4, #12]
 11682 0064 FFF7FEFF 		bl	HAL_GPIO_WritePin
 11683              	.LVL1043:
  28:Core/Src/radio/../../Inc/radio/support.h **** }
 11684              		.loc 2 28 5 is_stmt 0 view .LVU3088
 11685              	.LBE2609:
 11686              	.LBE2608:
  26:Core/Src/radio/nrf24.c **** 		// This is a register access
 11687              		.loc 1 26 2 is_stmt 1 view .LVU3089
  28:Core/Src/radio/nrf24.c **** 		nRF24_LL_RW(nrf, value);
 11688              		.loc 1 28 3 view .LVU3090
 11689 0068 2523     		movs	r3, #37
 11690              	.LBB2610:
 11691              	.LBB2611:
  39:Core/Src/radio/../../Inc/radio/support.h ****         Error_Handler();
ARM GAS  C:\Users\l1234\AppData\Local\Temp\ccFgEZ6h.s 			page 263


 11692              		.loc 2 39 8 is_stmt 0 view .LVU3091
 11693 006a 0DF10F02 		add	r2, sp, #15
 11694 006e 0DF10E01 		add	r1, sp, #14
 11695 0072 8DF80E30 		strb	r3, [sp, #14]
 11696              	.LVL1044:
  39:Core/Src/radio/../../Inc/radio/support.h ****         Error_Handler();
 11697              		.loc 2 39 8 view .LVU3092
 11698              	.LBE2611:
 11699              	.LBI2610:
  36:Core/Src/radio/../../Inc/radio/support.h ****     // Wait until TX buffer is empty
 11700              		.loc 2 36 23 is_stmt 1 view .LVU3093
 11701              	.LBB2612:
  38:Core/Src/radio/../../Inc/radio/support.h ****     if(HAL_SPI_TransmitReceive(nrf->hspi,&data,&result,1,2000)!=HAL_OK) {
 11702              		.loc 2 38 5 view .LVU3094
  39:Core/Src/radio/../../Inc/radio/support.h ****         Error_Handler();
 11703              		.loc 2 39 5 view .LVU3095
  39:Core/Src/radio/../../Inc/radio/support.h ****         Error_Handler();
 11704              		.loc 2 39 8 is_stmt 0 view .LVU3096
 11705 0076 4FF4FA63 		mov	r3, #2000
 11706              	.LVL1045:
  39:Core/Src/radio/../../Inc/radio/support.h ****         Error_Handler();
 11707              		.loc 2 39 8 view .LVU3097
 11708 007a 0093     		str	r3, [sp]
 11709 007c 0123     		movs	r3, #1
 11710 007e 2068     		ldr	r0, [r4]
 11711 0080 FFF7FEFF 		bl	HAL_SPI_TransmitReceive
 11712              	.LVL1046:
  39:Core/Src/radio/../../Inc/radio/support.h ****         Error_Handler();
 11713              		.loc 2 39 7 view .LVU3098
 11714 0084 D8B9     		cbnz	r0, .L790
 11715              	.L773:
  41:Core/Src/radio/../../Inc/radio/support.h ****     return result;
 11716              		.loc 2 41 6 is_stmt 1 view .LVU3099
 11717              		.loc 2 42 5 view .LVU3100
 11718              	.LVL1047:
 11719              		.loc 2 42 5 is_stmt 0 view .LVU3101
 11720              	.LBE2612:
 11721              	.LBE2610:
  29:Core/Src/radio/nrf24.c **** 	} else {
 11722              		.loc 1 29 3 is_stmt 1 view .LVU3102
 11723              	.LBB2614:
 11724              	.LBB2615:
  39:Core/Src/radio/../../Inc/radio/support.h ****         Error_Handler();
 11725              		.loc 2 39 8 is_stmt 0 view .LVU3103
 11726 0086 4FF4FA63 		mov	r3, #2000
 11727 008a 0DF10F02 		add	r2, sp, #15
 11728 008e 0DF10E01 		add	r1, sp, #14
 11729 0092 8DF80E50 		strb	r5, [sp, #14]
 11730              	.LVL1048:
  39:Core/Src/radio/../../Inc/radio/support.h ****         Error_Handler();
 11731              		.loc 2 39 8 view .LVU3104
 11732              	.LBE2615:
 11733              	.LBI2614:
  36:Core/Src/radio/../../Inc/radio/support.h ****     // Wait until TX buffer is empty
 11734              		.loc 2 36 23 is_stmt 1 view .LVU3105
 11735              	.LBB2616:
  38:Core/Src/radio/../../Inc/radio/support.h ****     if(HAL_SPI_TransmitReceive(nrf->hspi,&data,&result,1,2000)!=HAL_OK) {
ARM GAS  C:\Users\l1234\AppData\Local\Temp\ccFgEZ6h.s 			page 264


 11736              		.loc 2 38 5 view .LVU3106
  39:Core/Src/radio/../../Inc/radio/support.h ****         Error_Handler();
 11737              		.loc 2 39 5 view .LVU3107
  39:Core/Src/radio/../../Inc/radio/support.h ****         Error_Handler();
 11738              		.loc 2 39 8 is_stmt 0 view .LVU3108
 11739 0096 0093     		str	r3, [sp]
 11740 0098 0123     		movs	r3, #1
 11741 009a 2068     		ldr	r0, [r4]
 11742 009c FFF7FEFF 		bl	HAL_SPI_TransmitReceive
 11743              	.LVL1049:
  39:Core/Src/radio/../../Inc/radio/support.h ****         Error_Handler();
 11744              		.loc 2 39 7 view .LVU3109
 11745 00a0 50B9     		cbnz	r0, .L791
 11746              	.L774:
  41:Core/Src/radio/../../Inc/radio/support.h ****     return result;
 11747              		.loc 2 41 6 is_stmt 1 view .LVU3110
 11748              		.loc 2 42 5 view .LVU3111
 11749              	.LVL1050:
 11750              		.loc 2 42 5 is_stmt 0 view .LVU3112
 11751              	.LBE2616:
 11752              	.LBE2614:
  39:Core/Src/radio/nrf24.c **** }
 11753              		.loc 1 39 2 is_stmt 1 view .LVU3113
 11754              	.LBB2618:
 11755              	.LBI2618:
  31:Core/Src/radio/../../Inc/radio/support.h ****     HAL_GPIO_WritePin(nrf->csPort, nrf->csPin, GPIO_PIN_SET);
 11756              		.loc 2 31 20 view .LVU3114
 11757              	.LBB2619:
  32:Core/Src/radio/../../Inc/radio/support.h **** }
 11758              		.loc 2 32 5 view .LVU3115
 11759 00a2 0122     		movs	r2, #1
 11760 00a4 218A     		ldrh	r1, [r4, #16]
 11761 00a6 E068     		ldr	r0, [r4, #12]
 11762              	.LBE2619:
 11763              	.LBE2618:
 11764              	.LBE2607:
 11765              	.LBE2606:
 502:Core/Src/radio/nrf24.c **** 
 11766              		.loc 1 502 1 is_stmt 0 view .LVU3116
 11767 00a8 05B0     		add	sp, sp, #20
 11768              	.LCFI138:
 11769              		.cfi_remember_state
 11770              		.cfi_def_cfa_offset 12
 11771              		@ sp needed
 11772 00aa BDE83040 		pop	{r4, r5, lr}
 11773              	.LCFI139:
 11774              		.cfi_restore 14
 11775              		.cfi_restore 5
 11776              		.cfi_restore 4
 11777              		.cfi_def_cfa_offset 0
 11778              	.LVL1051:
 11779              	.LBB2626:
 11780              	.LBB2624:
 11781              	.LBB2621:
 11782              	.LBB2620:
  32:Core/Src/radio/../../Inc/radio/support.h **** }
 11783              		.loc 2 32 5 view .LVU3117
ARM GAS  C:\Users\l1234\AppData\Local\Temp\ccFgEZ6h.s 			page 265


 11784 00ae FFF7FEBF 		b	HAL_GPIO_WritePin
 11785              	.LVL1052:
 11786              	.L788:
 11787              	.LCFI140:
 11788              		.cfi_restore_state
  32:Core/Src/radio/../../Inc/radio/support.h **** }
 11789              		.loc 2 32 5 view .LVU3118
 11790              	.LBE2620:
 11791              	.LBE2621:
 11792              	.LBE2624:
 11793              	.LBE2626:
 11794              	.LBB2627:
 11795              	.LBB2602:
 11796              	.LBB2598:
 11797              	.LBB2587:
  40:Core/Src/radio/../../Inc/radio/support.h ****     };
 11798              		.loc 2 40 9 is_stmt 1 view .LVU3119
 11799 00b2 FFF7FEFF 		bl	Error_Handler
 11800              	.LVL1053:
 11801 00b6 BBE7     		b	.L771
 11802              	.LVL1054:
 11803              	.L791:
  40:Core/Src/radio/../../Inc/radio/support.h ****     };
 11804              		.loc 2 40 9 is_stmt 0 view .LVU3120
 11805              	.LBE2587:
 11806              	.LBE2598:
 11807              	.LBE2602:
 11808              	.LBE2627:
 11809              	.LBB2628:
 11810              	.LBB2625:
 11811              	.LBB2622:
 11812              	.LBB2617:
  40:Core/Src/radio/../../Inc/radio/support.h ****     };
 11813              		.loc 2 40 9 is_stmt 1 view .LVU3121
 11814 00b8 FFF7FEFF 		bl	Error_Handler
 11815              	.LVL1055:
 11816 00bc F1E7     		b	.L774
 11817              	.LVL1056:
 11818              	.L790:
  40:Core/Src/radio/../../Inc/radio/support.h ****     };
 11819              		.loc 2 40 9 is_stmt 0 view .LVU3122
 11820              	.LBE2617:
 11821              	.LBE2622:
 11822              	.LBB2623:
 11823              	.LBB2613:
  40:Core/Src/radio/../../Inc/radio/support.h ****     };
 11824              		.loc 2 40 9 is_stmt 1 view .LVU3123
 11825 00be FFF7FEFF 		bl	Error_Handler
 11826              	.LVL1057:
 11827 00c2 E0E7     		b	.L773
 11828              	.LVL1058:
 11829              	.L789:
  40:Core/Src/radio/../../Inc/radio/support.h ****     };
 11830              		.loc 2 40 9 is_stmt 0 view .LVU3124
 11831              	.LBE2613:
 11832              	.LBE2623:
 11833              	.LBE2625:
ARM GAS  C:\Users\l1234\AppData\Local\Temp\ccFgEZ6h.s 			page 266


 11834              	.LBE2628:
 11835              	.LBB2629:
 11836              	.LBB2603:
 11837              	.LBB2599:
 11838              	.LBB2592:
  40:Core/Src/radio/../../Inc/radio/support.h ****     };
 11839              		.loc 2 40 9 is_stmt 1 view .LVU3125
 11840 00c4 FFF7FEFF 		bl	Error_Handler
 11841              	.LVL1059:
 11842 00c8 C2E7     		b	.L772
 11843              	.LBE2592:
 11844              	.LBE2599:
 11845              	.LBE2603:
 11846              	.LBE2629:
 11847              		.cfi_endproc
 11848              	.LFE181:
 11850 00ca 00BF     		.section	.text.nRF24_FlushTX,"ax",%progbits
 11851              		.align	1
 11852              		.p2align 2,,3
 11853              		.global	nRF24_FlushTX
 11854              		.syntax unified
 11855              		.thumb
 11856              		.thumb_func
 11858              	nRF24_FlushTX:
 11859              	.LVL1060:
 11860              	.LFB182:
 505:Core/Src/radio/nrf24.c **** 	nRF24_WriteReg(nrf, nRF24_CMD_FLUSH_TX, nRF24_CMD_NOP);
 11861              		.loc 1 505 46 view -0
 11862              		.cfi_startproc
 11863              		@ args = 0, pretend = 0, frame = 8
 11864              		@ frame_needed = 0, uses_anonymous_args = 0
 506:Core/Src/radio/nrf24.c **** }
 11865              		.loc 1 506 2 view .LVU3127
 505:Core/Src/radio/nrf24.c **** 	nRF24_WriteReg(nrf, nRF24_CMD_FLUSH_TX, nRF24_CMD_NOP);
 11866              		.loc 1 505 46 is_stmt 0 view .LVU3128
 11867 0000 10B5     		push	{r4, lr}
 11868              	.LCFI141:
 11869              		.cfi_def_cfa_offset 8
 11870              		.cfi_offset 4, -8
 11871              		.cfi_offset 14, -4
 11872              	.LBB2644:
 11873              	.LBB2645:
 11874              	.LBB2646:
 11875              	.LBB2647:
  28:Core/Src/radio/../../Inc/radio/support.h **** }
 11876              		.loc 2 28 5 view .LVU3129
 11877 0002 018A     		ldrh	r1, [r0, #16]
 11878              	.LBE2647:
 11879              	.LBE2646:
 11880              	.LBE2645:
 11881              	.LBE2644:
 505:Core/Src/radio/nrf24.c **** 	nRF24_WriteReg(nrf, nRF24_CMD_FLUSH_TX, nRF24_CMD_NOP);
 11882              		.loc 1 505 46 view .LVU3130
 11883 0004 84B0     		sub	sp, sp, #16
 11884              	.LCFI142:
 11885              		.cfi_def_cfa_offset 24
 11886              	.LBB2664:
ARM GAS  C:\Users\l1234\AppData\Local\Temp\ccFgEZ6h.s 			page 267


 11887              	.LBB2661:
 11888              	.LBB2650:
 11889              	.LBB2648:
  28:Core/Src/radio/../../Inc/radio/support.h **** }
 11890              		.loc 2 28 5 view .LVU3131
 11891 0006 0022     		movs	r2, #0
 11892              	.LBE2648:
 11893              	.LBE2650:
 11894              	.LBE2661:
 11895              	.LBE2664:
 505:Core/Src/radio/nrf24.c **** 	nRF24_WriteReg(nrf, nRF24_CMD_FLUSH_TX, nRF24_CMD_NOP);
 11896              		.loc 1 505 46 view .LVU3132
 11897 0008 0446     		mov	r4, r0
 11898              	.LVL1061:
 11899              	.LBB2665:
 11900              	.LBI2644:
  24:Core/Src/radio/nrf24.c **** 	nRF24_CSN_L(nrf);
 11901              		.loc 1 24 6 is_stmt 1 view .LVU3133
 11902              	.LBB2662:
  25:Core/Src/radio/nrf24.c **** 	if (reg < nRF24_CMD_W_REGISTER) {
 11903              		.loc 1 25 2 view .LVU3134
 11904              	.LBB2651:
 11905              	.LBI2646:
  27:Core/Src/radio/../../Inc/radio/support.h ****     HAL_GPIO_WritePin(nrf->csPort, nrf->csPin, GPIO_PIN_RESET);
 11906              		.loc 2 27 20 view .LVU3135
 11907              	.LBB2649:
  28:Core/Src/radio/../../Inc/radio/support.h **** }
 11908              		.loc 2 28 5 view .LVU3136
 11909 000a C068     		ldr	r0, [r0, #12]
 11910              	.LVL1062:
  28:Core/Src/radio/../../Inc/radio/support.h **** }
 11911              		.loc 2 28 5 is_stmt 0 view .LVU3137
 11912 000c FFF7FEFF 		bl	HAL_GPIO_WritePin
 11913              	.LVL1063:
  28:Core/Src/radio/../../Inc/radio/support.h **** }
 11914              		.loc 2 28 5 view .LVU3138
 11915              	.LBE2649:
 11916              	.LBE2651:
  26:Core/Src/radio/nrf24.c **** 		// This is a register access
 11917              		.loc 1 26 2 is_stmt 1 view .LVU3139
  32:Core/Src/radio/nrf24.c **** 		if ((reg != nRF24_CMD_FLUSH_TX) && (reg != nRF24_CMD_FLUSH_RX) && \
 11918              		.loc 1 32 3 view .LVU3140
 11919              	.LBB2652:
 11920              	.LBB2653:
  39:Core/Src/radio/../../Inc/radio/support.h ****         Error_Handler();
 11921              		.loc 2 39 8 is_stmt 0 view .LVU3141
 11922 0010 4FF4FA60 		mov	r0, #2000
 11923 0014 E121     		movs	r1, #225
 11924 0016 0123     		movs	r3, #1
 11925 0018 0090     		str	r0, [sp]
 11926 001a 0DF10F02 		add	r2, sp, #15
 11927 001e 8DF80E10 		strb	r1, [sp, #14]
 11928              	.LVL1064:
  39:Core/Src/radio/../../Inc/radio/support.h ****         Error_Handler();
 11929              		.loc 2 39 8 view .LVU3142
 11930              	.LBE2653:
 11931              	.LBI2652:
ARM GAS  C:\Users\l1234\AppData\Local\Temp\ccFgEZ6h.s 			page 268


  36:Core/Src/radio/../../Inc/radio/support.h ****     // Wait until TX buffer is empty
 11932              		.loc 2 36 23 is_stmt 1 view .LVU3143
 11933              	.LBB2654:
  38:Core/Src/radio/../../Inc/radio/support.h ****     if(HAL_SPI_TransmitReceive(nrf->hspi,&data,&result,1,2000)!=HAL_OK) {
 11934              		.loc 2 38 5 view .LVU3144
  39:Core/Src/radio/../../Inc/radio/support.h ****         Error_Handler();
 11935              		.loc 2 39 5 view .LVU3145
  39:Core/Src/radio/../../Inc/radio/support.h ****         Error_Handler();
 11936              		.loc 2 39 8 is_stmt 0 view .LVU3146
 11937 0022 0DF10E01 		add	r1, sp, #14
 11938              	.LVL1065:
  39:Core/Src/radio/../../Inc/radio/support.h ****         Error_Handler();
 11939              		.loc 2 39 8 view .LVU3147
 11940 0026 2068     		ldr	r0, [r4]
 11941 0028 FFF7FEFF 		bl	HAL_SPI_TransmitReceive
 11942              	.LVL1066:
  39:Core/Src/radio/../../Inc/radio/support.h ****         Error_Handler();
 11943              		.loc 2 39 7 view .LVU3148
 11944 002c 38B9     		cbnz	r0, .L798
 11945              	.L793:
  41:Core/Src/radio/../../Inc/radio/support.h ****     return result;
 11946              		.loc 2 41 6 is_stmt 1 view .LVU3149
 11947              		.loc 2 42 5 view .LVU3150
 11948              	.LVL1067:
 11949              		.loc 2 42 5 is_stmt 0 view .LVU3151
 11950              	.LBE2654:
 11951              	.LBE2652:
  33:Core/Src/radio/nrf24.c **** 				(reg != nRF24_CMD_REUSE_TX_PL) && (reg != nRF24_CMD_NOP)) {
 11952              		.loc 1 33 3 is_stmt 1 view .LVU3152
  39:Core/Src/radio/nrf24.c **** }
 11953              		.loc 1 39 2 view .LVU3153
 11954              	.LBB2656:
 11955              	.LBI2656:
  31:Core/Src/radio/../../Inc/radio/support.h ****     HAL_GPIO_WritePin(nrf->csPort, nrf->csPin, GPIO_PIN_SET);
 11956              		.loc 2 31 20 view .LVU3154
 11957              	.LBB2657:
  32:Core/Src/radio/../../Inc/radio/support.h **** }
 11958              		.loc 2 32 5 view .LVU3155
 11959 002e 0122     		movs	r2, #1
 11960 0030 218A     		ldrh	r1, [r4, #16]
 11961 0032 E068     		ldr	r0, [r4, #12]
 11962              	.LBE2657:
 11963              	.LBE2656:
 11964              	.LBE2662:
 11965              	.LBE2665:
 507:Core/Src/radio/nrf24.c **** 
 11966              		.loc 1 507 1 is_stmt 0 view .LVU3156
 11967 0034 04B0     		add	sp, sp, #16
 11968              	.LCFI143:
 11969              		.cfi_remember_state
 11970              		.cfi_def_cfa_offset 8
 11971              		@ sp needed
 11972 0036 BDE81040 		pop	{r4, lr}
 11973              	.LCFI144:
 11974              		.cfi_restore 14
 11975              		.cfi_restore 4
 11976              		.cfi_def_cfa_offset 0
ARM GAS  C:\Users\l1234\AppData\Local\Temp\ccFgEZ6h.s 			page 269


 11977              	.LVL1068:
 11978              	.LBB2666:
 11979              	.LBB2663:
 11980              	.LBB2659:
 11981              	.LBB2658:
  32:Core/Src/radio/../../Inc/radio/support.h **** }
 11982              		.loc 2 32 5 view .LVU3157
 11983 003a FFF7FEBF 		b	HAL_GPIO_WritePin
 11984              	.LVL1069:
 11985              	.L798:
 11986              	.LCFI145:
 11987              		.cfi_restore_state
  32:Core/Src/radio/../../Inc/radio/support.h **** }
 11988              		.loc 2 32 5 view .LVU3158
 11989              	.LBE2658:
 11990              	.LBE2659:
 11991              	.LBB2660:
 11992              	.LBB2655:
  40:Core/Src/radio/../../Inc/radio/support.h ****     };
 11993              		.loc 2 40 9 is_stmt 1 view .LVU3159
 11994 003e FFF7FEFF 		bl	Error_Handler
 11995              	.LVL1070:
 11996 0042 F4E7     		b	.L793
 11997              	.LBE2655:
 11998              	.LBE2660:
 11999              	.LBE2663:
 12000              	.LBE2666:
 12001              		.cfi_endproc
 12002              	.LFE182:
 12004              		.section	.text.nRF24_FlushRX,"ax",%progbits
 12005              		.align	1
 12006              		.p2align 2,,3
 12007              		.global	nRF24_FlushRX
 12008              		.syntax unified
 12009              		.thumb
 12010              		.thumb_func
 12012              	nRF24_FlushRX:
 12013              	.LVL1071:
 12014              	.LFB183:
 510:Core/Src/radio/nrf24.c **** 	nRF24_WriteReg(nrf, nRF24_CMD_FLUSH_RX, nRF24_CMD_NOP);
 12015              		.loc 1 510 46 view -0
 12016              		.cfi_startproc
 12017              		@ args = 0, pretend = 0, frame = 8
 12018              		@ frame_needed = 0, uses_anonymous_args = 0
 511:Core/Src/radio/nrf24.c **** }
 12019              		.loc 1 511 2 view .LVU3161
 510:Core/Src/radio/nrf24.c **** 	nRF24_WriteReg(nrf, nRF24_CMD_FLUSH_RX, nRF24_CMD_NOP);
 12020              		.loc 1 510 46 is_stmt 0 view .LVU3162
 12021 0000 10B5     		push	{r4, lr}
 12022              	.LCFI146:
 12023              		.cfi_def_cfa_offset 8
 12024              		.cfi_offset 4, -8
 12025              		.cfi_offset 14, -4
 12026              	.LBB2681:
 12027              	.LBB2682:
 12028              	.LBB2683:
 12029              	.LBB2684:
ARM GAS  C:\Users\l1234\AppData\Local\Temp\ccFgEZ6h.s 			page 270


  28:Core/Src/radio/../../Inc/radio/support.h **** }
 12030              		.loc 2 28 5 view .LVU3163
 12031 0002 018A     		ldrh	r1, [r0, #16]
 12032              	.LBE2684:
 12033              	.LBE2683:
 12034              	.LBE2682:
 12035              	.LBE2681:
 510:Core/Src/radio/nrf24.c **** 	nRF24_WriteReg(nrf, nRF24_CMD_FLUSH_RX, nRF24_CMD_NOP);
 12036              		.loc 1 510 46 view .LVU3164
 12037 0004 84B0     		sub	sp, sp, #16
 12038              	.LCFI147:
 12039              		.cfi_def_cfa_offset 24
 12040              	.LBB2701:
 12041              	.LBB2698:
 12042              	.LBB2687:
 12043              	.LBB2685:
  28:Core/Src/radio/../../Inc/radio/support.h **** }
 12044              		.loc 2 28 5 view .LVU3165
 12045 0006 0022     		movs	r2, #0
 12046              	.LBE2685:
 12047              	.LBE2687:
 12048              	.LBE2698:
 12049              	.LBE2701:
 510:Core/Src/radio/nrf24.c **** 	nRF24_WriteReg(nrf, nRF24_CMD_FLUSH_RX, nRF24_CMD_NOP);
 12050              		.loc 1 510 46 view .LVU3166
 12051 0008 0446     		mov	r4, r0
 12052              	.LVL1072:
 12053              	.LBB2702:
 12054              	.LBI2681:
  24:Core/Src/radio/nrf24.c **** 	nRF24_CSN_L(nrf);
 12055              		.loc 1 24 6 is_stmt 1 view .LVU3167
 12056              	.LBB2699:
  25:Core/Src/radio/nrf24.c **** 	if (reg < nRF24_CMD_W_REGISTER) {
 12057              		.loc 1 25 2 view .LVU3168
 12058              	.LBB2688:
 12059              	.LBI2683:
  27:Core/Src/radio/../../Inc/radio/support.h ****     HAL_GPIO_WritePin(nrf->csPort, nrf->csPin, GPIO_PIN_RESET);
 12060              		.loc 2 27 20 view .LVU3169
 12061              	.LBB2686:
  28:Core/Src/radio/../../Inc/radio/support.h **** }
 12062              		.loc 2 28 5 view .LVU3170
 12063 000a C068     		ldr	r0, [r0, #12]
 12064              	.LVL1073:
  28:Core/Src/radio/../../Inc/radio/support.h **** }
 12065              		.loc 2 28 5 is_stmt 0 view .LVU3171
 12066 000c FFF7FEFF 		bl	HAL_GPIO_WritePin
 12067              	.LVL1074:
  28:Core/Src/radio/../../Inc/radio/support.h **** }
 12068              		.loc 2 28 5 view .LVU3172
 12069              	.LBE2686:
 12070              	.LBE2688:
  26:Core/Src/radio/nrf24.c **** 		// This is a register access
 12071              		.loc 1 26 2 is_stmt 1 view .LVU3173
  32:Core/Src/radio/nrf24.c **** 		if ((reg != nRF24_CMD_FLUSH_TX) && (reg != nRF24_CMD_FLUSH_RX) && \
 12072              		.loc 1 32 3 view .LVU3174
 12073              	.LBB2689:
 12074              	.LBB2690:
ARM GAS  C:\Users\l1234\AppData\Local\Temp\ccFgEZ6h.s 			page 271


  39:Core/Src/radio/../../Inc/radio/support.h ****         Error_Handler();
 12075              		.loc 2 39 8 is_stmt 0 view .LVU3175
 12076 0010 4FF4FA60 		mov	r0, #2000
 12077 0014 E221     		movs	r1, #226
 12078 0016 0123     		movs	r3, #1
 12079 0018 0090     		str	r0, [sp]
 12080 001a 0DF10F02 		add	r2, sp, #15
 12081 001e 8DF80E10 		strb	r1, [sp, #14]
 12082              	.LVL1075:
  39:Core/Src/radio/../../Inc/radio/support.h ****         Error_Handler();
 12083              		.loc 2 39 8 view .LVU3176
 12084              	.LBE2690:
 12085              	.LBI2689:
  36:Core/Src/radio/../../Inc/radio/support.h ****     // Wait until TX buffer is empty
 12086              		.loc 2 36 23 is_stmt 1 view .LVU3177
 12087              	.LBB2691:
  38:Core/Src/radio/../../Inc/radio/support.h ****     if(HAL_SPI_TransmitReceive(nrf->hspi,&data,&result,1,2000)!=HAL_OK) {
 12088              		.loc 2 38 5 view .LVU3178
  39:Core/Src/radio/../../Inc/radio/support.h ****         Error_Handler();
 12089              		.loc 2 39 5 view .LVU3179
  39:Core/Src/radio/../../Inc/radio/support.h ****         Error_Handler();
 12090              		.loc 2 39 8 is_stmt 0 view .LVU3180
 12091 0022 0DF10E01 		add	r1, sp, #14
 12092              	.LVL1076:
  39:Core/Src/radio/../../Inc/radio/support.h ****         Error_Handler();
 12093              		.loc 2 39 8 view .LVU3181
 12094 0026 2068     		ldr	r0, [r4]
 12095 0028 FFF7FEFF 		bl	HAL_SPI_TransmitReceive
 12096              	.LVL1077:
  39:Core/Src/radio/../../Inc/radio/support.h ****         Error_Handler();
 12097              		.loc 2 39 7 view .LVU3182
 12098 002c 38B9     		cbnz	r0, .L805
 12099              	.L800:
  41:Core/Src/radio/../../Inc/radio/support.h ****     return result;
 12100              		.loc 2 41 6 is_stmt 1 view .LVU3183
 12101              		.loc 2 42 5 view .LVU3184
 12102              	.LVL1078:
 12103              		.loc 2 42 5 is_stmt 0 view .LVU3185
 12104              	.LBE2691:
 12105              	.LBE2689:
  33:Core/Src/radio/nrf24.c **** 				(reg != nRF24_CMD_REUSE_TX_PL) && (reg != nRF24_CMD_NOP)) {
 12106              		.loc 1 33 3 is_stmt 1 view .LVU3186
  39:Core/Src/radio/nrf24.c **** }
 12107              		.loc 1 39 2 view .LVU3187
 12108              	.LBB2693:
 12109              	.LBI2693:
  31:Core/Src/radio/../../Inc/radio/support.h ****     HAL_GPIO_WritePin(nrf->csPort, nrf->csPin, GPIO_PIN_SET);
 12110              		.loc 2 31 20 view .LVU3188
 12111              	.LBB2694:
  32:Core/Src/radio/../../Inc/radio/support.h **** }
 12112              		.loc 2 32 5 view .LVU3189
 12113 002e 0122     		movs	r2, #1
 12114 0030 218A     		ldrh	r1, [r4, #16]
 12115 0032 E068     		ldr	r0, [r4, #12]
 12116              	.LBE2694:
 12117              	.LBE2693:
 12118              	.LBE2699:
ARM GAS  C:\Users\l1234\AppData\Local\Temp\ccFgEZ6h.s 			page 272


 12119              	.LBE2702:
 512:Core/Src/radio/nrf24.c **** 
 12120              		.loc 1 512 1 is_stmt 0 view .LVU3190
 12121 0034 04B0     		add	sp, sp, #16
 12122              	.LCFI148:
 12123              		.cfi_remember_state
 12124              		.cfi_def_cfa_offset 8
 12125              		@ sp needed
 12126 0036 BDE81040 		pop	{r4, lr}
 12127              	.LCFI149:
 12128              		.cfi_restore 14
 12129              		.cfi_restore 4
 12130              		.cfi_def_cfa_offset 0
 12131              	.LVL1079:
 12132              	.LBB2703:
 12133              	.LBB2700:
 12134              	.LBB2696:
 12135              	.LBB2695:
  32:Core/Src/radio/../../Inc/radio/support.h **** }
 12136              		.loc 2 32 5 view .LVU3191
 12137 003a FFF7FEBF 		b	HAL_GPIO_WritePin
 12138              	.LVL1080:
 12139              	.L805:
 12140              	.LCFI150:
 12141              		.cfi_restore_state
  32:Core/Src/radio/../../Inc/radio/support.h **** }
 12142              		.loc 2 32 5 view .LVU3192
 12143              	.LBE2695:
 12144              	.LBE2696:
 12145              	.LBB2697:
 12146              	.LBB2692:
  40:Core/Src/radio/../../Inc/radio/support.h ****     };
 12147              		.loc 2 40 9 is_stmt 1 view .LVU3193
 12148 003e FFF7FEFF 		bl	Error_Handler
 12149              	.LVL1081:
 12150 0042 F4E7     		b	.L800
 12151              	.LBE2692:
 12152              	.LBE2697:
 12153              	.LBE2700:
 12154              	.LBE2703:
 12155              		.cfi_endproc
 12156              	.LFE183:
 12158              		.section	.text.nRF24_ClearIRQFlags,"ax",%progbits
 12159              		.align	1
 12160              		.p2align 2,,3
 12161              		.global	nRF24_ClearIRQFlags
 12162              		.syntax unified
 12163              		.thumb
 12164              		.thumb_func
 12166              	nRF24_ClearIRQFlags:
 12167              	.LVL1082:
 12168              	.LFB184:
 515:Core/Src/radio/nrf24.c **** 	uint8_t reg;
 12169              		.loc 1 515 52 view -0
 12170              		.cfi_startproc
 12171              		@ args = 0, pretend = 0, frame = 8
 12172              		@ frame_needed = 0, uses_anonymous_args = 0
ARM GAS  C:\Users\l1234\AppData\Local\Temp\ccFgEZ6h.s 			page 273


 516:Core/Src/radio/nrf24.c **** 
 12173              		.loc 1 516 2 view .LVU3195
 519:Core/Src/radio/nrf24.c **** 	reg |= nRF24_MASK_STATUS_IRQ;
 12174              		.loc 1 519 2 view .LVU3196
 515:Core/Src/radio/nrf24.c **** 	uint8_t reg;
 12175              		.loc 1 515 52 is_stmt 0 view .LVU3197
 12176 0000 30B5     		push	{r4, r5, lr}
 12177              	.LCFI151:
 12178              		.cfi_def_cfa_offset 12
 12179              		.cfi_offset 4, -12
 12180              		.cfi_offset 5, -8
 12181              		.cfi_offset 14, -4
 12182              	.LBB2728:
 12183              	.LBB2729:
 12184              	.LBB2730:
 12185              	.LBB2731:
  28:Core/Src/radio/../../Inc/radio/support.h **** }
 12186              		.loc 2 28 5 view .LVU3198
 12187 0002 018A     		ldrh	r1, [r0, #16]
 12188              	.LBE2731:
 12189              	.LBE2730:
 12190              	.LBE2729:
 12191              	.LBE2728:
 515:Core/Src/radio/nrf24.c **** 	uint8_t reg;
 12192              		.loc 1 515 52 view .LVU3199
 12193 0004 85B0     		sub	sp, sp, #20
 12194              	.LCFI152:
 12195              		.cfi_def_cfa_offset 32
 12196              	.LBB2756:
 12197              	.LBB2752:
 12198              	.LBB2734:
 12199              	.LBB2732:
  28:Core/Src/radio/../../Inc/radio/support.h **** }
 12200              		.loc 2 28 5 view .LVU3200
 12201 0006 0022     		movs	r2, #0
 12202              	.LBE2732:
 12203              	.LBE2734:
 12204              	.LBE2752:
 12205              	.LBE2756:
 515:Core/Src/radio/nrf24.c **** 	uint8_t reg;
 12206              		.loc 1 515 52 view .LVU3201
 12207 0008 0446     		mov	r4, r0
 12208              	.LVL1083:
 12209              	.LBB2757:
 12210              	.LBI2728:
   9:Core/Src/radio/nrf24.c **** 	uint8_t value;
 12211              		.loc 1 9 9 is_stmt 1 view .LVU3202
 12212              	.LBB2753:
  10:Core/Src/radio/nrf24.c **** 
 12213              		.loc 1 10 2 view .LVU3203
  12:Core/Src/radio/nrf24.c **** 	nRF24_LL_RW(nrf, reg & nRF24_MASK_REG_MAP);
 12214              		.loc 1 12 2 view .LVU3204
 12215              	.LBB2735:
 12216              	.LBI2730:
  27:Core/Src/radio/../../Inc/radio/support.h ****     HAL_GPIO_WritePin(nrf->csPort, nrf->csPin, GPIO_PIN_RESET);
 12217              		.loc 2 27 20 view .LVU3205
 12218              	.LBB2733:
ARM GAS  C:\Users\l1234\AppData\Local\Temp\ccFgEZ6h.s 			page 274


  28:Core/Src/radio/../../Inc/radio/support.h **** }
 12219              		.loc 2 28 5 view .LVU3206
 12220 000a C068     		ldr	r0, [r0, #12]
 12221              	.LVL1084:
  28:Core/Src/radio/../../Inc/radio/support.h **** }
 12222              		.loc 2 28 5 is_stmt 0 view .LVU3207
 12223 000c FFF7FEFF 		bl	HAL_GPIO_WritePin
 12224              	.LVL1085:
  28:Core/Src/radio/../../Inc/radio/support.h **** }
 12225              		.loc 2 28 5 view .LVU3208
 12226              	.LBE2733:
 12227              	.LBE2735:
  13:Core/Src/radio/nrf24.c **** 	value = nRF24_LL_RW(nrf, nRF24_CMD_NOP);
 12228              		.loc 1 13 2 is_stmt 1 view .LVU3209
 12229              	.LBB2736:
 12230              	.LBB2737:
  39:Core/Src/radio/../../Inc/radio/support.h ****         Error_Handler();
 12231              		.loc 2 39 8 is_stmt 0 view .LVU3210
 12232 0010 4FF4FA63 		mov	r3, #2000
 12233 0014 0722     		movs	r2, #7
 12234 0016 0DF10E01 		add	r1, sp, #14
 12235 001a 0093     		str	r3, [sp]
 12236 001c 0123     		movs	r3, #1
 12237 001e 8DF80E20 		strb	r2, [sp, #14]
 12238              	.LVL1086:
  39:Core/Src/radio/../../Inc/radio/support.h ****         Error_Handler();
 12239              		.loc 2 39 8 view .LVU3211
 12240              	.LBE2737:
 12241              	.LBI2736:
  36:Core/Src/radio/../../Inc/radio/support.h ****     // Wait until TX buffer is empty
 12242              		.loc 2 36 23 is_stmt 1 view .LVU3212
 12243              	.LBB2738:
  38:Core/Src/radio/../../Inc/radio/support.h ****     if(HAL_SPI_TransmitReceive(nrf->hspi,&data,&result,1,2000)!=HAL_OK) {
 12244              		.loc 2 38 5 view .LVU3213
  39:Core/Src/radio/../../Inc/radio/support.h ****         Error_Handler();
 12245              		.loc 2 39 5 view .LVU3214
  39:Core/Src/radio/../../Inc/radio/support.h ****         Error_Handler();
 12246              		.loc 2 39 8 is_stmt 0 view .LVU3215
 12247 0022 0DF10F02 		add	r2, sp, #15
 12248              	.LVL1087:
  39:Core/Src/radio/../../Inc/radio/support.h ****         Error_Handler();
 12249              		.loc 2 39 8 view .LVU3216
 12250 0026 2068     		ldr	r0, [r4]
 12251 0028 FFF7FEFF 		bl	HAL_SPI_TransmitReceive
 12252              	.LVL1088:
  39:Core/Src/radio/../../Inc/radio/support.h ****         Error_Handler();
 12253              		.loc 2 39 7 view .LVU3217
 12254 002c 0028     		cmp	r0, #0
 12255 002e 42D1     		bne	.L824
 12256              	.L807:
  41:Core/Src/radio/../../Inc/radio/support.h ****     return result;
 12257              		.loc 2 41 6 is_stmt 1 view .LVU3218
 12258              		.loc 2 42 5 view .LVU3219
 12259              	.LVL1089:
 12260              		.loc 2 42 5 is_stmt 0 view .LVU3220
 12261              	.LBE2738:
 12262              	.LBE2736:
ARM GAS  C:\Users\l1234\AppData\Local\Temp\ccFgEZ6h.s 			page 275


  14:Core/Src/radio/nrf24.c **** 	nRF24_CSN_H(nrf);
 12263              		.loc 1 14 2 is_stmt 1 view .LVU3221
 12264              	.LBB2740:
 12265              	.LBB2741:
  39:Core/Src/radio/../../Inc/radio/support.h ****         Error_Handler();
 12266              		.loc 2 39 8 is_stmt 0 view .LVU3222
 12267 0030 4FF4FA63 		mov	r3, #2000
 12268 0034 FF22     		movs	r2, #255
 12269 0036 0DF10E01 		add	r1, sp, #14
 12270 003a 0093     		str	r3, [sp]
 12271 003c 0123     		movs	r3, #1
 12272 003e 8DF80E20 		strb	r2, [sp, #14]
 12273              	.LVL1090:
  39:Core/Src/radio/../../Inc/radio/support.h ****         Error_Handler();
 12274              		.loc 2 39 8 view .LVU3223
 12275              	.LBE2741:
 12276              	.LBI2740:
  36:Core/Src/radio/../../Inc/radio/support.h ****     // Wait until TX buffer is empty
 12277              		.loc 2 36 23 is_stmt 1 view .LVU3224
 12278              	.LBB2742:
  38:Core/Src/radio/../../Inc/radio/support.h ****     if(HAL_SPI_TransmitReceive(nrf->hspi,&data,&result,1,2000)!=HAL_OK) {
 12279              		.loc 2 38 5 view .LVU3225
  39:Core/Src/radio/../../Inc/radio/support.h ****         Error_Handler();
 12280              		.loc 2 39 5 view .LVU3226
  39:Core/Src/radio/../../Inc/radio/support.h ****         Error_Handler();
 12281              		.loc 2 39 8 is_stmt 0 view .LVU3227
 12282 0042 0DF10F02 		add	r2, sp, #15
 12283              	.LVL1091:
  39:Core/Src/radio/../../Inc/radio/support.h ****         Error_Handler();
 12284              		.loc 2 39 8 view .LVU3228
 12285 0046 2068     		ldr	r0, [r4]
 12286 0048 FFF7FEFF 		bl	HAL_SPI_TransmitReceive
 12287              	.LVL1092:
  39:Core/Src/radio/../../Inc/radio/support.h ****         Error_Handler();
 12288              		.loc 2 39 7 view .LVU3229
 12289 004c 0028     		cmp	r0, #0
 12290 004e 3BD1     		bne	.L825
 12291              	.L808:
  41:Core/Src/radio/../../Inc/radio/support.h ****     return result;
 12292              		.loc 2 41 6 is_stmt 1 view .LVU3230
 12293              		.loc 2 42 5 view .LVU3231
 12294              	.LBE2742:
 12295              	.LBE2740:
 12296              	.LBB2745:
 12297              	.LBB2746:
  32:Core/Src/radio/../../Inc/radio/support.h **** }
 12298              		.loc 2 32 5 is_stmt 0 view .LVU3232
 12299 0050 0122     		movs	r2, #1
 12300 0052 218A     		ldrh	r1, [r4, #16]
 12301 0054 E068     		ldr	r0, [r4, #12]
 12302              	.LBE2746:
 12303              	.LBE2745:
 12304              	.LBB2748:
 12305              	.LBB2743:
 12306              		.loc 2 42 12 view .LVU3233
 12307 0056 9DF80F50 		ldrb	r5, [sp, #15]	@ zero_extendqisi2
 12308              	.LVL1093:
ARM GAS  C:\Users\l1234\AppData\Local\Temp\ccFgEZ6h.s 			page 276


 12309              		.loc 2 42 12 view .LVU3234
 12310              	.LBE2743:
 12311              	.LBE2748:
  15:Core/Src/radio/nrf24.c **** 
 12312              		.loc 1 15 2 is_stmt 1 view .LVU3235
 12313              	.LBB2749:
 12314              	.LBI2745:
  31:Core/Src/radio/../../Inc/radio/support.h ****     HAL_GPIO_WritePin(nrf->csPort, nrf->csPin, GPIO_PIN_SET);
 12315              		.loc 2 31 20 view .LVU3236
 12316              	.LBB2747:
  32:Core/Src/radio/../../Inc/radio/support.h **** }
 12317              		.loc 2 32 5 view .LVU3237
 12318 005a FFF7FEFF 		bl	HAL_GPIO_WritePin
 12319              	.LVL1094:
  32:Core/Src/radio/../../Inc/radio/support.h **** }
 12320              		.loc 2 32 5 is_stmt 0 view .LVU3238
 12321              	.LBE2747:
 12322              	.LBE2749:
  17:Core/Src/radio/nrf24.c **** }
 12323              		.loc 1 17 2 is_stmt 1 view .LVU3239
  17:Core/Src/radio/nrf24.c **** }
 12324              		.loc 1 17 2 is_stmt 0 view .LVU3240
 12325              	.LBE2753:
 12326              	.LBE2757:
 520:Core/Src/radio/nrf24.c **** 	nRF24_WriteReg(nrf, nRF24_REG_STATUS, reg);
 12327              		.loc 1 520 2 is_stmt 1 view .LVU3241
 12328              	.LBB2758:
 12329              	.LBB2759:
 12330              	.LBB2760:
 12331              	.LBB2761:
  28:Core/Src/radio/../../Inc/radio/support.h **** }
 12332              		.loc 2 28 5 is_stmt 0 view .LVU3242
 12333 005e 0022     		movs	r2, #0
 12334 0060 218A     		ldrh	r1, [r4, #16]
 12335 0062 E068     		ldr	r0, [r4, #12]
 12336              	.LBE2761:
 12337              	.LBE2760:
 12338              	.LBE2759:
 12339              	.LBE2758:
 520:Core/Src/radio/nrf24.c **** 	nRF24_WriteReg(nrf, nRF24_REG_STATUS, reg);
 12340              		.loc 1 520 6 view .LVU3243
 12341 0064 45F07005 		orr	r5, r5, #112
 12342              	.LVL1095:
 12343              		.loc 1 521 2 is_stmt 1 view .LVU3244
 12344              	.LBB2781:
 12345              	.LBI2758:
  24:Core/Src/radio/nrf24.c **** 	nRF24_CSN_L(nrf);
 12346              		.loc 1 24 6 view .LVU3245
 12347              	.LBB2778:
  25:Core/Src/radio/nrf24.c **** 	if (reg < nRF24_CMD_W_REGISTER) {
 12348              		.loc 1 25 2 view .LVU3246
 12349              	.LBB2763:
 12350              	.LBI2760:
  27:Core/Src/radio/../../Inc/radio/support.h ****     HAL_GPIO_WritePin(nrf->csPort, nrf->csPin, GPIO_PIN_RESET);
 12351              		.loc 2 27 20 view .LVU3247
 12352              	.LBB2762:
  28:Core/Src/radio/../../Inc/radio/support.h **** }
ARM GAS  C:\Users\l1234\AppData\Local\Temp\ccFgEZ6h.s 			page 277


 12353              		.loc 2 28 5 view .LVU3248
 12354 0068 FFF7FEFF 		bl	HAL_GPIO_WritePin
 12355              	.LVL1096:
  28:Core/Src/radio/../../Inc/radio/support.h **** }
 12356              		.loc 2 28 5 is_stmt 0 view .LVU3249
 12357              	.LBE2762:
 12358              	.LBE2763:
  26:Core/Src/radio/nrf24.c **** 		// This is a register access
 12359              		.loc 1 26 2 is_stmt 1 view .LVU3250
  28:Core/Src/radio/nrf24.c **** 		nRF24_LL_RW(nrf, value);
 12360              		.loc 1 28 3 view .LVU3251
 12361 006c 2723     		movs	r3, #39
 12362              	.LBB2764:
 12363              	.LBB2765:
  39:Core/Src/radio/../../Inc/radio/support.h ****         Error_Handler();
 12364              		.loc 2 39 8 is_stmt 0 view .LVU3252
 12365 006e 0DF10F02 		add	r2, sp, #15
 12366 0072 0DF10E01 		add	r1, sp, #14
 12367 0076 8DF80E30 		strb	r3, [sp, #14]
 12368              	.LVL1097:
  39:Core/Src/radio/../../Inc/radio/support.h ****         Error_Handler();
 12369              		.loc 2 39 8 view .LVU3253
 12370              	.LBE2765:
 12371              	.LBI2764:
  36:Core/Src/radio/../../Inc/radio/support.h ****     // Wait until TX buffer is empty
 12372              		.loc 2 36 23 is_stmt 1 view .LVU3254
 12373              	.LBB2766:
  38:Core/Src/radio/../../Inc/radio/support.h ****     if(HAL_SPI_TransmitReceive(nrf->hspi,&data,&result,1,2000)!=HAL_OK) {
 12374              		.loc 2 38 5 view .LVU3255
  39:Core/Src/radio/../../Inc/radio/support.h ****         Error_Handler();
 12375              		.loc 2 39 5 view .LVU3256
  39:Core/Src/radio/../../Inc/radio/support.h ****         Error_Handler();
 12376              		.loc 2 39 8 is_stmt 0 view .LVU3257
 12377 007a 4FF4FA63 		mov	r3, #2000
 12378              	.LVL1098:
  39:Core/Src/radio/../../Inc/radio/support.h ****         Error_Handler();
 12379              		.loc 2 39 8 view .LVU3258
 12380 007e 0093     		str	r3, [sp]
 12381 0080 0123     		movs	r3, #1
 12382 0082 2068     		ldr	r0, [r4]
 12383 0084 FFF7FEFF 		bl	HAL_SPI_TransmitReceive
 12384              	.LVL1099:
  39:Core/Src/radio/../../Inc/radio/support.h ****         Error_Handler();
 12385              		.loc 2 39 7 view .LVU3259
 12386 0088 D8B9     		cbnz	r0, .L826
 12387              	.L809:
  41:Core/Src/radio/../../Inc/radio/support.h ****     return result;
 12388              		.loc 2 41 6 is_stmt 1 view .LVU3260
 12389              		.loc 2 42 5 view .LVU3261
 12390              	.LVL1100:
 12391              		.loc 2 42 5 is_stmt 0 view .LVU3262
 12392              	.LBE2766:
 12393              	.LBE2764:
  29:Core/Src/radio/nrf24.c **** 	} else {
 12394              		.loc 1 29 3 is_stmt 1 view .LVU3263
 12395              	.LBB2768:
 12396              	.LBB2769:
ARM GAS  C:\Users\l1234\AppData\Local\Temp\ccFgEZ6h.s 			page 278


  39:Core/Src/radio/../../Inc/radio/support.h ****         Error_Handler();
 12397              		.loc 2 39 8 is_stmt 0 view .LVU3264
 12398 008a 4FF4FA63 		mov	r3, #2000
 12399 008e 0DF10F02 		add	r2, sp, #15
 12400 0092 0DF10E01 		add	r1, sp, #14
 12401 0096 8DF80E50 		strb	r5, [sp, #14]
 12402              	.LVL1101:
  39:Core/Src/radio/../../Inc/radio/support.h ****         Error_Handler();
 12403              		.loc 2 39 8 view .LVU3265
 12404              	.LBE2769:
 12405              	.LBI2768:
  36:Core/Src/radio/../../Inc/radio/support.h ****     // Wait until TX buffer is empty
 12406              		.loc 2 36 23 is_stmt 1 view .LVU3266
 12407              	.LBB2770:
  38:Core/Src/radio/../../Inc/radio/support.h ****     if(HAL_SPI_TransmitReceive(nrf->hspi,&data,&result,1,2000)!=HAL_OK) {
 12408              		.loc 2 38 5 view .LVU3267
  39:Core/Src/radio/../../Inc/radio/support.h ****         Error_Handler();
 12409              		.loc 2 39 5 view .LVU3268
  39:Core/Src/radio/../../Inc/radio/support.h ****         Error_Handler();
 12410              		.loc 2 39 8 is_stmt 0 view .LVU3269
 12411 009a 0093     		str	r3, [sp]
 12412 009c 0123     		movs	r3, #1
 12413 009e 2068     		ldr	r0, [r4]
 12414 00a0 FFF7FEFF 		bl	HAL_SPI_TransmitReceive
 12415              	.LVL1102:
  39:Core/Src/radio/../../Inc/radio/support.h ****         Error_Handler();
 12416              		.loc 2 39 7 view .LVU3270
 12417 00a4 50B9     		cbnz	r0, .L827
 12418              	.L810:
  41:Core/Src/radio/../../Inc/radio/support.h ****     return result;
 12419              		.loc 2 41 6 is_stmt 1 view .LVU3271
 12420              		.loc 2 42 5 view .LVU3272
 12421              	.LVL1103:
 12422              		.loc 2 42 5 is_stmt 0 view .LVU3273
 12423              	.LBE2770:
 12424              	.LBE2768:
  39:Core/Src/radio/nrf24.c **** }
 12425              		.loc 1 39 2 is_stmt 1 view .LVU3274
 12426              	.LBB2772:
 12427              	.LBI2772:
  31:Core/Src/radio/../../Inc/radio/support.h ****     HAL_GPIO_WritePin(nrf->csPort, nrf->csPin, GPIO_PIN_SET);
 12428              		.loc 2 31 20 view .LVU3275
 12429              	.LBB2773:
  32:Core/Src/radio/../../Inc/radio/support.h **** }
 12430              		.loc 2 32 5 view .LVU3276
 12431 00a6 0122     		movs	r2, #1
 12432 00a8 218A     		ldrh	r1, [r4, #16]
 12433 00aa E068     		ldr	r0, [r4, #12]
 12434              	.LBE2773:
 12435              	.LBE2772:
 12436              	.LBE2778:
 12437              	.LBE2781:
 522:Core/Src/radio/nrf24.c **** }
 12438              		.loc 1 522 1 is_stmt 0 view .LVU3277
 12439 00ac 05B0     		add	sp, sp, #20
 12440              	.LCFI153:
 12441              		.cfi_remember_state
ARM GAS  C:\Users\l1234\AppData\Local\Temp\ccFgEZ6h.s 			page 279


 12442              		.cfi_def_cfa_offset 12
 12443              		@ sp needed
 12444 00ae BDE83040 		pop	{r4, r5, lr}
 12445              	.LCFI154:
 12446              		.cfi_restore 14
 12447              		.cfi_restore 5
 12448              		.cfi_restore 4
 12449              		.cfi_def_cfa_offset 0
 12450              	.LVL1104:
 12451              	.LBB2782:
 12452              	.LBB2779:
 12453              	.LBB2775:
 12454              	.LBB2774:
  32:Core/Src/radio/../../Inc/radio/support.h **** }
 12455              		.loc 2 32 5 view .LVU3278
 12456 00b2 FFF7FEBF 		b	HAL_GPIO_WritePin
 12457              	.LVL1105:
 12458              	.L824:
 12459              	.LCFI155:
 12460              		.cfi_restore_state
  32:Core/Src/radio/../../Inc/radio/support.h **** }
 12461              		.loc 2 32 5 view .LVU3279
 12462              	.LBE2774:
 12463              	.LBE2775:
 12464              	.LBE2779:
 12465              	.LBE2782:
 12466              	.LBB2783:
 12467              	.LBB2754:
 12468              	.LBB2750:
 12469              	.LBB2739:
  40:Core/Src/radio/../../Inc/radio/support.h ****     };
 12470              		.loc 2 40 9 is_stmt 1 view .LVU3280
 12471 00b6 FFF7FEFF 		bl	Error_Handler
 12472              	.LVL1106:
 12473 00ba B9E7     		b	.L807
 12474              	.LVL1107:
 12475              	.L827:
  40:Core/Src/radio/../../Inc/radio/support.h ****     };
 12476              		.loc 2 40 9 is_stmt 0 view .LVU3281
 12477              	.LBE2739:
 12478              	.LBE2750:
 12479              	.LBE2754:
 12480              	.LBE2783:
 12481              	.LBB2784:
 12482              	.LBB2780:
 12483              	.LBB2776:
 12484              	.LBB2771:
  40:Core/Src/radio/../../Inc/radio/support.h ****     };
 12485              		.loc 2 40 9 is_stmt 1 view .LVU3282
 12486 00bc FFF7FEFF 		bl	Error_Handler
 12487              	.LVL1108:
 12488 00c0 F1E7     		b	.L810
 12489              	.LVL1109:
 12490              	.L826:
  40:Core/Src/radio/../../Inc/radio/support.h ****     };
 12491              		.loc 2 40 9 is_stmt 0 view .LVU3283
 12492              	.LBE2771:
ARM GAS  C:\Users\l1234\AppData\Local\Temp\ccFgEZ6h.s 			page 280


 12493              	.LBE2776:
 12494              	.LBB2777:
 12495              	.LBB2767:
  40:Core/Src/radio/../../Inc/radio/support.h ****     };
 12496              		.loc 2 40 9 is_stmt 1 view .LVU3284
 12497 00c2 FFF7FEFF 		bl	Error_Handler
 12498              	.LVL1110:
 12499 00c6 E0E7     		b	.L809
 12500              	.LVL1111:
 12501              	.L825:
  40:Core/Src/radio/../../Inc/radio/support.h ****     };
 12502              		.loc 2 40 9 is_stmt 0 view .LVU3285
 12503              	.LBE2767:
 12504              	.LBE2777:
 12505              	.LBE2780:
 12506              	.LBE2784:
 12507              	.LBB2785:
 12508              	.LBB2755:
 12509              	.LBB2751:
 12510              	.LBB2744:
  40:Core/Src/radio/../../Inc/radio/support.h ****     };
 12511              		.loc 2 40 9 is_stmt 1 view .LVU3286
 12512 00c8 FFF7FEFF 		bl	Error_Handler
 12513              	.LVL1112:
 12514 00cc C0E7     		b	.L808
 12515              	.LBE2744:
 12516              	.LBE2751:
 12517              	.LBE2755:
 12518              	.LBE2785:
 12519              		.cfi_endproc
 12520              	.LFE184:
 12522 00ce 00BF     		.section	.text.nRF24_WritePayload,"ax",%progbits
 12523              		.align	1
 12524              		.p2align 2,,3
 12525              		.global	nRF24_WritePayload
 12526              		.syntax unified
 12527              		.thumb
 12528              		.thumb_func
 12530              	nRF24_WritePayload:
 12531              	.LVL1113:
 12532              	.LFB185:
 523:Core/Src/radio/nrf24.c **** 
 524:Core/Src/radio/nrf24.c **** // Write TX payload
 525:Core/Src/radio/nrf24.c **** // input:
 526:Core/Src/radio/nrf24.c **** //   pBuf - pointer to the buffer with payload data
 527:Core/Src/radio/nrf24.c **** //   length - payload length in bytes
 528:Core/Src/radio/nrf24.c **** void nRF24_WritePayload(const NRF24_TypeDef *nrf, uint8_t *pBuf, uint8_t length) {
 12533              		.loc 1 528 82 view -0
 12534              		.cfi_startproc
 12535              		@ args = 0, pretend = 0, frame = 8
 12536              		@ frame_needed = 0, uses_anonymous_args = 0
 12537              		.loc 1 528 82 is_stmt 0 view .LVU3288
 12538 0000 F0B5     		push	{r4, r5, r6, r7, lr}
 12539              	.LCFI156:
 12540              		.cfi_def_cfa_offset 20
 12541              		.cfi_offset 4, -20
 12542              		.cfi_offset 5, -16
ARM GAS  C:\Users\l1234\AppData\Local\Temp\ccFgEZ6h.s 			page 281


 12543              		.cfi_offset 6, -12
 12544              		.cfi_offset 7, -8
 12545              		.cfi_offset 14, -4
 12546 0002 0546     		mov	r5, r0
 12547 0004 85B0     		sub	sp, sp, #20
 12548              	.LCFI157:
 12549              		.cfi_def_cfa_offset 40
 12550              		.loc 1 528 82 view .LVU3289
 12551 0006 1746     		mov	r7, r2
 12552 0008 0C46     		mov	r4, r1
 529:Core/Src/radio/nrf24.c **** 	nRF24_WriteMBReg(nrf, nRF24_CMD_W_TX_PAYLOAD, pBuf, length);
 12553              		.loc 1 529 2 is_stmt 1 view .LVU3290
 12554              	.LVL1114:
 12555              	.LBB2796:
 12556              	.LBI2796:
  61:Core/Src/radio/nrf24.c **** 	nRF24_CSN_L(nrf);
 12557              		.loc 1 61 13 view .LVU3291
 12558              	.LBB2797:
  62:Core/Src/radio/nrf24.c **** 	nRF24_LL_RW(nrf, reg);
 12559              		.loc 1 62 2 view .LVU3292
 12560              	.LBB2798:
 12561              	.LBI2798:
  27:Core/Src/radio/../../Inc/radio/support.h ****     HAL_GPIO_WritePin(nrf->csPort, nrf->csPin, GPIO_PIN_RESET);
 12562              		.loc 2 27 20 view .LVU3293
 12563              	.LBB2799:
  28:Core/Src/radio/../../Inc/radio/support.h **** }
 12564              		.loc 2 28 5 view .LVU3294
 12565 000a 0022     		movs	r2, #0
 12566              	.LVL1115:
  28:Core/Src/radio/../../Inc/radio/support.h **** }
 12567              		.loc 2 28 5 is_stmt 0 view .LVU3295
 12568 000c 018A     		ldrh	r1, [r0, #16]
 12569              	.LVL1116:
  28:Core/Src/radio/../../Inc/radio/support.h **** }
 12570              		.loc 2 28 5 view .LVU3296
 12571 000e C068     		ldr	r0, [r0, #12]
 12572              	.LVL1117:
  28:Core/Src/radio/../../Inc/radio/support.h **** }
 12573              		.loc 2 28 5 view .LVU3297
 12574 0010 FFF7FEFF 		bl	HAL_GPIO_WritePin
 12575              	.LVL1118:
  28:Core/Src/radio/../../Inc/radio/support.h **** }
 12576              		.loc 2 28 5 view .LVU3298
 12577              	.LBE2799:
 12578              	.LBE2798:
  63:Core/Src/radio/nrf24.c **** 	while (count--) {
 12579              		.loc 1 63 2 is_stmt 1 view .LVU3299
 12580 0014 A023     		movs	r3, #160
 12581              	.LBB2800:
 12582              	.LBB2801:
  39:Core/Src/radio/../../Inc/radio/support.h ****         Error_Handler();
 12583              		.loc 2 39 8 is_stmt 0 view .LVU3300
 12584 0016 0DF10F02 		add	r2, sp, #15
 12585 001a 0DF10E01 		add	r1, sp, #14
 12586 001e 8DF80E30 		strb	r3, [sp, #14]
 12587              	.LVL1119:
  39:Core/Src/radio/../../Inc/radio/support.h ****         Error_Handler();
ARM GAS  C:\Users\l1234\AppData\Local\Temp\ccFgEZ6h.s 			page 282


 12588              		.loc 2 39 8 view .LVU3301
 12589              	.LBE2801:
 12590              	.LBI2800:
  36:Core/Src/radio/../../Inc/radio/support.h ****     // Wait until TX buffer is empty
 12591              		.loc 2 36 23 is_stmt 1 view .LVU3302
 12592              	.LBB2802:
  38:Core/Src/radio/../../Inc/radio/support.h ****     if(HAL_SPI_TransmitReceive(nrf->hspi,&data,&result,1,2000)!=HAL_OK) {
 12593              		.loc 2 38 5 view .LVU3303
  39:Core/Src/radio/../../Inc/radio/support.h ****         Error_Handler();
 12594              		.loc 2 39 5 view .LVU3304
  39:Core/Src/radio/../../Inc/radio/support.h ****         Error_Handler();
 12595              		.loc 2 39 8 is_stmt 0 view .LVU3305
 12596 0022 4FF4FA63 		mov	r3, #2000
 12597              	.LVL1120:
  39:Core/Src/radio/../../Inc/radio/support.h ****         Error_Handler();
 12598              		.loc 2 39 8 view .LVU3306
 12599 0026 0093     		str	r3, [sp]
 12600 0028 0123     		movs	r3, #1
 12601 002a 2868     		ldr	r0, [r5]
 12602 002c FFF7FEFF 		bl	HAL_SPI_TransmitReceive
 12603              	.LVL1121:
  39:Core/Src/radio/../../Inc/radio/support.h ****         Error_Handler();
 12604              		.loc 2 39 7 view .LVU3307
 12605 0030 18BB     		cbnz	r0, .L841
 12606              	.L829:
  41:Core/Src/radio/../../Inc/radio/support.h ****     return result;
 12607              		.loc 2 41 6 is_stmt 1 view .LVU3308
 12608              		.loc 2 42 5 view .LVU3309
 12609              	.LVL1122:
 12610              		.loc 2 42 5 is_stmt 0 view .LVU3310
 12611              	.LBE2802:
 12612              	.LBE2800:
  64:Core/Src/radio/nrf24.c **** 		nRF24_LL_RW(nrf, *pBuf++);
 12613              		.loc 1 64 2 is_stmt 1 view .LVU3311
  64:Core/Src/radio/nrf24.c **** 		nRF24_LL_RW(nrf, *pBuf++);
 12614              		.loc 1 64 9 view .LVU3312
  64:Core/Src/radio/nrf24.c **** 		nRF24_LL_RW(nrf, *pBuf++);
 12615              		.loc 1 64 14 is_stmt 0 view .LVU3313
 12616 0032 7E1E     		subs	r6, r7, #1
 12617 0034 F6B2     		uxtb	r6, r6
 12618              	.LVL1123:
  64:Core/Src/radio/nrf24.c **** 		nRF24_LL_RW(nrf, *pBuf++);
 12619              		.loc 1 64 9 view .LVU3314
 12620 0036 9FB1     		cbz	r7, .L830
 12621 0038 0136     		adds	r6, r6, #1
 12622              	.LVL1124:
 12623              	.LBB2804:
 12624              	.LBB2805:
  39:Core/Src/radio/../../Inc/radio/support.h ****         Error_Handler();
 12625              		.loc 2 39 8 view .LVU3315
 12626 003a 4FF4FA67 		mov	r7, #2000
 12627 003e 2644     		add	r6, r6, r4
 12628              	.LVL1125:
 12629              	.L833:
  39:Core/Src/radio/../../Inc/radio/support.h ****         Error_Handler();
 12630              		.loc 2 39 8 view .LVU3316
 12631              	.LBE2805:
ARM GAS  C:\Users\l1234\AppData\Local\Temp\ccFgEZ6h.s 			page 283


 12632              	.LBE2804:
  65:Core/Src/radio/nrf24.c **** 	}
 12633              		.loc 1 65 3 is_stmt 1 view .LVU3317
  65:Core/Src/radio/nrf24.c **** 	}
 12634              		.loc 1 65 3 is_stmt 0 view .LVU3318
 12635 0040 14F801CB 		ldrb	ip, [r4], #1	@ zero_extendqisi2
 12636              	.LVL1126:
 12637              	.LBB2810:
 12638              	.LBB2806:
  39:Core/Src/radio/../../Inc/radio/support.h ****         Error_Handler();
 12639              		.loc 2 39 8 view .LVU3319
 12640 0044 0123     		movs	r3, #1
 12641 0046 2868     		ldr	r0, [r5]
 12642 0048 0DF10F02 		add	r2, sp, #15
 12643 004c 0DF10E01 		add	r1, sp, #14
 12644 0050 0097     		str	r7, [sp]
 12645 0052 8DF80EC0 		strb	ip, [sp, #14]
 12646              	.LVL1127:
  39:Core/Src/radio/../../Inc/radio/support.h ****         Error_Handler();
 12647              		.loc 2 39 8 view .LVU3320
 12648              	.LBE2806:
 12649              	.LBI2804:
  36:Core/Src/radio/../../Inc/radio/support.h ****     // Wait until TX buffer is empty
 12650              		.loc 2 36 23 is_stmt 1 view .LVU3321
 12651              	.LBB2807:
  38:Core/Src/radio/../../Inc/radio/support.h ****     if(HAL_SPI_TransmitReceive(nrf->hspi,&data,&result,1,2000)!=HAL_OK) {
 12652              		.loc 2 38 5 view .LVU3322
  39:Core/Src/radio/../../Inc/radio/support.h ****         Error_Handler();
 12653              		.loc 2 39 5 view .LVU3323
  39:Core/Src/radio/../../Inc/radio/support.h ****         Error_Handler();
 12654              		.loc 2 39 8 is_stmt 0 view .LVU3324
 12655 0056 FFF7FEFF 		bl	HAL_SPI_TransmitReceive
 12656              	.LVL1128:
  41:Core/Src/radio/../../Inc/radio/support.h ****     return result;
 12657              		.loc 2 41 6 is_stmt 1 view .LVU3325
 12658              		.loc 2 42 5 view .LVU3326
 12659              		.loc 2 42 5 is_stmt 0 view .LVU3327
 12660              	.LBE2807:
 12661              	.LBE2810:
  64:Core/Src/radio/nrf24.c **** 		nRF24_LL_RW(nrf, *pBuf++);
 12662              		.loc 1 64 9 is_stmt 1 view .LVU3328
 12663              	.LBB2811:
 12664              	.LBB2808:
  39:Core/Src/radio/../../Inc/radio/support.h ****         Error_Handler();
 12665              		.loc 2 39 7 is_stmt 0 view .LVU3329
 12666 005a 48B9     		cbnz	r0, .L842
 12667              	.LBE2808:
 12668              	.LBE2811:
  64:Core/Src/radio/nrf24.c **** 		nRF24_LL_RW(nrf, *pBuf++);
 12669              		.loc 1 64 9 view .LVU3330
 12670 005c B442     		cmp	r4, r6
 12671 005e EFD1     		bne	.L833
 12672              	.LVL1129:
 12673              	.L830:
  67:Core/Src/radio/nrf24.c **** }
 12674              		.loc 1 67 2 is_stmt 1 view .LVU3331
 12675              	.LBB2812:
ARM GAS  C:\Users\l1234\AppData\Local\Temp\ccFgEZ6h.s 			page 284


 12676              	.LBI2812:
  31:Core/Src/radio/../../Inc/radio/support.h ****     HAL_GPIO_WritePin(nrf->csPort, nrf->csPin, GPIO_PIN_SET);
 12677              		.loc 2 31 20 view .LVU3332
 12678              	.LBB2813:
  32:Core/Src/radio/../../Inc/radio/support.h **** }
 12679              		.loc 2 32 5 view .LVU3333
 12680 0060 0122     		movs	r2, #1
 12681 0062 298A     		ldrh	r1, [r5, #16]
 12682 0064 E868     		ldr	r0, [r5, #12]
 12683              	.LBE2813:
 12684              	.LBE2812:
 12685              	.LBE2797:
 12686              	.LBE2796:
 530:Core/Src/radio/nrf24.c **** }
 12687              		.loc 1 530 1 is_stmt 0 view .LVU3334
 12688 0066 05B0     		add	sp, sp, #20
 12689              	.LCFI158:
 12690              		.cfi_remember_state
 12691              		.cfi_def_cfa_offset 20
 12692              		@ sp needed
 12693 0068 BDE8F040 		pop	{r4, r5, r6, r7, lr}
 12694              	.LCFI159:
 12695              		.cfi_restore 14
 12696              		.cfi_restore 7
 12697              		.cfi_restore 6
 12698              		.cfi_restore 5
 12699              		.cfi_restore 4
 12700              		.cfi_def_cfa_offset 0
 12701              	.LVL1130:
 12702              	.LBB2819:
 12703              	.LBB2818:
 12704              	.LBB2815:
 12705              	.LBB2814:
  32:Core/Src/radio/../../Inc/radio/support.h **** }
 12706              		.loc 2 32 5 view .LVU3335
 12707 006c FFF7FEBF 		b	HAL_GPIO_WritePin
 12708              	.LVL1131:
 12709              	.L842:
 12710              	.LCFI160:
 12711              		.cfi_restore_state
  32:Core/Src/radio/../../Inc/radio/support.h **** }
 12712              		.loc 2 32 5 view .LVU3336
 12713              	.LBE2814:
 12714              	.LBE2815:
 12715              	.LBB2816:
 12716              	.LBB2809:
  40:Core/Src/radio/../../Inc/radio/support.h ****     };
 12717              		.loc 2 40 9 is_stmt 1 view .LVU3337
 12718 0070 FFF7FEFF 		bl	Error_Handler
 12719              	.LVL1132:
  41:Core/Src/radio/../../Inc/radio/support.h ****     return result;
 12720              		.loc 2 41 6 view .LVU3338
 12721              		.loc 2 42 5 view .LVU3339
 12722              		.loc 2 42 5 is_stmt 0 view .LVU3340
 12723              	.LBE2809:
 12724              	.LBE2816:
  64:Core/Src/radio/nrf24.c **** 		nRF24_LL_RW(nrf, *pBuf++);
ARM GAS  C:\Users\l1234\AppData\Local\Temp\ccFgEZ6h.s 			page 285


 12725              		.loc 1 64 9 is_stmt 1 view .LVU3341
  64:Core/Src/radio/nrf24.c **** 		nRF24_LL_RW(nrf, *pBuf++);
 12726              		.loc 1 64 9 is_stmt 0 view .LVU3342
 12727 0074 B442     		cmp	r4, r6
 12728 0076 E3D1     		bne	.L833
 12729 0078 F2E7     		b	.L830
 12730              	.LVL1133:
 12731              	.L841:
 12732              	.LBB2817:
 12733              	.LBB2803:
  40:Core/Src/radio/../../Inc/radio/support.h ****     };
 12734              		.loc 2 40 9 is_stmt 1 view .LVU3343
 12735 007a FFF7FEFF 		bl	Error_Handler
 12736              	.LVL1134:
 12737 007e D8E7     		b	.L829
 12738              	.LBE2803:
 12739              	.LBE2817:
 12740              	.LBE2818:
 12741              	.LBE2819:
 12742              		.cfi_endproc
 12743              	.LFE185:
 12745              		.section	.text.nRF24_ReadPayload,"ax",%progbits
 12746              		.align	1
 12747              		.p2align 2,,3
 12748              		.global	nRF24_ReadPayload
 12749              		.syntax unified
 12750              		.thumb
 12751              		.thumb_func
 12753              	nRF24_ReadPayload:
 12754              	.LVL1135:
 12755              	.LFB188:
 531:Core/Src/radio/nrf24.c **** 
 532:Core/Src/radio/nrf24.c **** static uint8_t nRF24_GetRxDplPayloadWidth(const NRF24_TypeDef *nrf) {
 533:Core/Src/radio/nrf24.c **** 	uint8_t value;
 534:Core/Src/radio/nrf24.c **** 
 535:Core/Src/radio/nrf24.c **** 	nRF24_CSN_L(nrf);
 536:Core/Src/radio/nrf24.c **** 	nRF24_LL_RW(nrf, nRF24_CMD_R_RX_PL_WID);
 537:Core/Src/radio/nrf24.c **** 	value = nRF24_LL_RW(nrf, nRF24_CMD_NOP);
 538:Core/Src/radio/nrf24.c **** 	nRF24_CSN_H(nrf);
 539:Core/Src/radio/nrf24.c **** 
 540:Core/Src/radio/nrf24.c **** 	return value;
 541:Core/Src/radio/nrf24.c **** 
 542:Core/Src/radio/nrf24.c **** }
 543:Core/Src/radio/nrf24.c **** 
 544:Core/Src/radio/nrf24.c **** static nRF24_RXResult nRF24_ReadPayloadGeneric(const NRF24_TypeDef *nrf, uint8_t *pBuf, uint8_t *le
 545:Core/Src/radio/nrf24.c **** 	uint8_t pipe;
 546:Core/Src/radio/nrf24.c **** 
 547:Core/Src/radio/nrf24.c **** 	// Extract a payload pipe number from the STATUS register
 548:Core/Src/radio/nrf24.c **** 	pipe = (nRF24_ReadReg(nrf, nRF24_REG_STATUS) & nRF24_MASK_RX_P_NO) >> 1;
 549:Core/Src/radio/nrf24.c **** 
 550:Core/Src/radio/nrf24.c **** 	// RX FIFO empty?
 551:Core/Src/radio/nrf24.c **** 	if (pipe < 6) {
 552:Core/Src/radio/nrf24.c **** 		// Get payload length
 553:Core/Src/radio/nrf24.c **** 		if(dpl) {
 554:Core/Src/radio/nrf24.c **** 			*length = nRF24_GetRxDplPayloadWidth(nrf);
 555:Core/Src/radio/nrf24.c **** 			if(*length>32) { //broken packet
 556:Core/Src/radio/nrf24.c **** 				*length = 0;
ARM GAS  C:\Users\l1234\AppData\Local\Temp\ccFgEZ6h.s 			page 286


 557:Core/Src/radio/nrf24.c **** 				nRF24_FlushRX(nrf);
 558:Core/Src/radio/nrf24.c **** 			}
 559:Core/Src/radio/nrf24.c **** 		} else {
 560:Core/Src/radio/nrf24.c **** 			*length = nRF24_ReadReg(nrf, nRF24_RX_PW_PIPE[pipe]);
 561:Core/Src/radio/nrf24.c **** 		}
 562:Core/Src/radio/nrf24.c **** 
 563:Core/Src/radio/nrf24.c **** 		// Read a payload from the RX FIFO
 564:Core/Src/radio/nrf24.c **** 		if (*length) {
 565:Core/Src/radio/nrf24.c **** 			nRF24_ReadMBReg(nrf, nRF24_CMD_R_RX_PAYLOAD, pBuf, *length);
 566:Core/Src/radio/nrf24.c **** 		}
 567:Core/Src/radio/nrf24.c **** 
 568:Core/Src/radio/nrf24.c **** 		return ((nRF24_RXResult)pipe);
 569:Core/Src/radio/nrf24.c **** 	}
 570:Core/Src/radio/nrf24.c **** 
 571:Core/Src/radio/nrf24.c **** 	// The RX FIFO is empty
 572:Core/Src/radio/nrf24.c **** 	*length = 0;
 573:Core/Src/radio/nrf24.c **** 
 574:Core/Src/radio/nrf24.c **** 	return nRF24_RX_EMPTY;
 575:Core/Src/radio/nrf24.c **** }
 576:Core/Src/radio/nrf24.c **** 
 577:Core/Src/radio/nrf24.c **** // Read top level payload available in the RX FIFO
 578:Core/Src/radio/nrf24.c **** // input:
 579:Core/Src/radio/nrf24.c **** //   pBuf - pointer to the buffer to store a payload data
 580:Core/Src/radio/nrf24.c **** //   length - pointer to variable to store a payload length
 581:Core/Src/radio/nrf24.c **** // return: one of nRF24_RX_xx values
 582:Core/Src/radio/nrf24.c **** //   nRF24_RX_PIPEX - packet has been received from the pipe number X
 583:Core/Src/radio/nrf24.c **** //   nRF24_RX_EMPTY - the RX FIFO is empty
 584:Core/Src/radio/nrf24.c **** nRF24_RXResult nRF24_ReadPayload(const NRF24_TypeDef *nrf, uint8_t *pBuf, uint8_t *length) {
 12756              		.loc 1 584 92 view -0
 12757              		.cfi_startproc
 12758              		@ args = 0, pretend = 0, frame = 8
 12759              		@ frame_needed = 0, uses_anonymous_args = 0
 12760              		.loc 1 584 92 is_stmt 0 view .LVU3345
 12761 0000 2DE9F043 		push	{r4, r5, r6, r7, r8, r9, lr}
 12762              	.LCFI161:
 12763              		.cfi_def_cfa_offset 28
 12764              		.cfi_offset 4, -28
 12765              		.cfi_offset 5, -24
 12766              		.cfi_offset 6, -20
 12767              		.cfi_offset 7, -16
 12768              		.cfi_offset 8, -12
 12769              		.cfi_offset 9, -8
 12770              		.cfi_offset 14, -4
 12771 0004 0446     		mov	r4, r0
 585:Core/Src/radio/nrf24.c **** 	return nRF24_ReadPayloadGeneric(nrf, pBuf, length,0);
 12772              		.loc 1 585 2 is_stmt 1 view .LVU3346
 12773              	.LVL1136:
 584:Core/Src/radio/nrf24.c **** 	return nRF24_ReadPayloadGeneric(nrf, pBuf, length,0);
 12774              		.loc 1 584 92 is_stmt 0 view .LVU3347
 12775 0006 85B0     		sub	sp, sp, #20
 12776              	.LCFI162:
 12777              		.cfi_def_cfa_offset 48
 584:Core/Src/radio/nrf24.c **** 	return nRF24_ReadPayloadGeneric(nrf, pBuf, length,0);
 12778              		.loc 1 584 92 view .LVU3348
 12779 0008 9046     		mov	r8, r2
 12780 000a 0D46     		mov	r5, r1
 12781              	.LVL1137:
ARM GAS  C:\Users\l1234\AppData\Local\Temp\ccFgEZ6h.s 			page 287


 12782              	.LBB2844:
 12783              	.LBI2844:
 544:Core/Src/radio/nrf24.c **** 	uint8_t pipe;
 12784              		.loc 1 544 23 is_stmt 1 view .LVU3349
 12785              	.LBB2845:
 545:Core/Src/radio/nrf24.c **** 
 12786              		.loc 1 545 2 view .LVU3350
 548:Core/Src/radio/nrf24.c **** 
 12787              		.loc 1 548 2 view .LVU3351
 12788              	.LBB2846:
 12789              	.LBI2846:
   9:Core/Src/radio/nrf24.c **** 	uint8_t value;
 12790              		.loc 1 9 9 view .LVU3352
 12791              	.LBB2847:
  10:Core/Src/radio/nrf24.c **** 
 12792              		.loc 1 10 2 view .LVU3353
  12:Core/Src/radio/nrf24.c **** 	nRF24_LL_RW(nrf, reg & nRF24_MASK_REG_MAP);
 12793              		.loc 1 12 2 view .LVU3354
 12794              	.LBB2848:
 12795              	.LBI2848:
  27:Core/Src/radio/../../Inc/radio/support.h ****     HAL_GPIO_WritePin(nrf->csPort, nrf->csPin, GPIO_PIN_RESET);
 12796              		.loc 2 27 20 view .LVU3355
 12797              	.LBB2849:
  28:Core/Src/radio/../../Inc/radio/support.h **** }
 12798              		.loc 2 28 5 view .LVU3356
 12799 000c 0022     		movs	r2, #0
 12800              	.LVL1138:
  28:Core/Src/radio/../../Inc/radio/support.h **** }
 12801              		.loc 2 28 5 is_stmt 0 view .LVU3357
 12802 000e 018A     		ldrh	r1, [r0, #16]
 12803              	.LVL1139:
  28:Core/Src/radio/../../Inc/radio/support.h **** }
 12804              		.loc 2 28 5 view .LVU3358
 12805 0010 C068     		ldr	r0, [r0, #12]
 12806              	.LVL1140:
  28:Core/Src/radio/../../Inc/radio/support.h **** }
 12807              		.loc 2 28 5 view .LVU3359
 12808 0012 FFF7FEFF 		bl	HAL_GPIO_WritePin
 12809              	.LVL1141:
  28:Core/Src/radio/../../Inc/radio/support.h **** }
 12810              		.loc 2 28 5 view .LVU3360
 12811              	.LBE2849:
 12812              	.LBE2848:
  13:Core/Src/radio/nrf24.c **** 	value = nRF24_LL_RW(nrf, nRF24_CMD_NOP);
 12813              		.loc 1 13 2 is_stmt 1 view .LVU3361
 12814 0016 0723     		movs	r3, #7
 12815              	.LBB2850:
 12816              	.LBB2851:
  39:Core/Src/radio/../../Inc/radio/support.h ****         Error_Handler();
 12817              		.loc 2 39 8 is_stmt 0 view .LVU3362
 12818 0018 0DF10F02 		add	r2, sp, #15
 12819 001c 0DF10E01 		add	r1, sp, #14
 12820 0020 8DF80E30 		strb	r3, [sp, #14]
 12821              	.LVL1142:
  39:Core/Src/radio/../../Inc/radio/support.h ****         Error_Handler();
 12822              		.loc 2 39 8 view .LVU3363
 12823              	.LBE2851:
ARM GAS  C:\Users\l1234\AppData\Local\Temp\ccFgEZ6h.s 			page 288


 12824              	.LBI2850:
  36:Core/Src/radio/../../Inc/radio/support.h ****     // Wait until TX buffer is empty
 12825              		.loc 2 36 23 is_stmt 1 view .LVU3364
 12826              	.LBB2852:
  38:Core/Src/radio/../../Inc/radio/support.h ****     if(HAL_SPI_TransmitReceive(nrf->hspi,&data,&result,1,2000)!=HAL_OK) {
 12827              		.loc 2 38 5 view .LVU3365
  39:Core/Src/radio/../../Inc/radio/support.h ****         Error_Handler();
 12828              		.loc 2 39 5 view .LVU3366
  39:Core/Src/radio/../../Inc/radio/support.h ****         Error_Handler();
 12829              		.loc 2 39 8 is_stmt 0 view .LVU3367
 12830 0024 4FF4FA63 		mov	r3, #2000
 12831              	.LVL1143:
  39:Core/Src/radio/../../Inc/radio/support.h ****         Error_Handler();
 12832              		.loc 2 39 8 view .LVU3368
 12833 0028 0093     		str	r3, [sp]
 12834 002a 0123     		movs	r3, #1
 12835 002c 2068     		ldr	r0, [r4]
 12836 002e FFF7FEFF 		bl	HAL_SPI_TransmitReceive
 12837              	.LVL1144:
  39:Core/Src/radio/../../Inc/radio/support.h ****         Error_Handler();
 12838              		.loc 2 39 7 view .LVU3369
 12839 0032 0028     		cmp	r0, #0
 12840 0034 67D1     		bne	.L867
 12841              	.L844:
  41:Core/Src/radio/../../Inc/radio/support.h ****     return result;
 12842              		.loc 2 41 6 is_stmt 1 view .LVU3370
 12843              		.loc 2 42 5 view .LVU3371
 12844              	.LVL1145:
 12845              		.loc 2 42 5 is_stmt 0 view .LVU3372
 12846              	.LBE2852:
 12847              	.LBE2850:
  14:Core/Src/radio/nrf24.c **** 	nRF24_CSN_H(nrf);
 12848              		.loc 1 14 2 is_stmt 1 view .LVU3373
 12849              	.LBB2854:
 12850              	.LBB2855:
  39:Core/Src/radio/../../Inc/radio/support.h ****         Error_Handler();
 12851              		.loc 2 39 8 is_stmt 0 view .LVU3374
 12852 0036 4FF4FA63 		mov	r3, #2000
 12853 003a 0DF10F02 		add	r2, sp, #15
 12854 003e 0DF10E01 		add	r1, sp, #14
 12855 0042 0093     		str	r3, [sp]
 12856 0044 FF23     		movs	r3, #255
 12857 0046 2068     		ldr	r0, [r4]
 12858 0048 8DF80E30 		strb	r3, [sp, #14]
 12859              	.LVL1146:
  39:Core/Src/radio/../../Inc/radio/support.h ****         Error_Handler();
 12860              		.loc 2 39 8 view .LVU3375
 12861              	.LBE2855:
 12862              	.LBI2854:
  36:Core/Src/radio/../../Inc/radio/support.h ****     // Wait until TX buffer is empty
 12863              		.loc 2 36 23 is_stmt 1 view .LVU3376
 12864              	.LBB2856:
  38:Core/Src/radio/../../Inc/radio/support.h ****     if(HAL_SPI_TransmitReceive(nrf->hspi,&data,&result,1,2000)!=HAL_OK) {
 12865              		.loc 2 38 5 view .LVU3377
  39:Core/Src/radio/../../Inc/radio/support.h ****         Error_Handler();
 12866              		.loc 2 39 5 view .LVU3378
  39:Core/Src/radio/../../Inc/radio/support.h ****         Error_Handler();
ARM GAS  C:\Users\l1234\AppData\Local\Temp\ccFgEZ6h.s 			page 289


 12867              		.loc 2 39 8 is_stmt 0 view .LVU3379
 12868 004c 0123     		movs	r3, #1
 12869              	.LVL1147:
  39:Core/Src/radio/../../Inc/radio/support.h ****         Error_Handler();
 12870              		.loc 2 39 8 view .LVU3380
 12871 004e FFF7FEFF 		bl	HAL_SPI_TransmitReceive
 12872              	.LVL1148:
  39:Core/Src/radio/../../Inc/radio/support.h ****         Error_Handler();
 12873              		.loc 2 39 7 view .LVU3381
 12874 0052 0028     		cmp	r0, #0
 12875 0054 54D1     		bne	.L868
 12876              	.L845:
  41:Core/Src/radio/../../Inc/radio/support.h ****     return result;
 12877              		.loc 2 41 6 is_stmt 1 view .LVU3382
 12878              		.loc 2 42 5 view .LVU3383
 12879              		.loc 2 42 12 is_stmt 0 view .LVU3384
 12880 0056 9DF80F60 		ldrb	r6, [sp, #15]	@ zero_extendqisi2
 12881              	.LVL1149:
 12882              		.loc 2 42 12 view .LVU3385
 12883              	.LBE2856:
 12884              	.LBE2854:
  15:Core/Src/radio/nrf24.c **** 
 12885              		.loc 1 15 2 is_stmt 1 view .LVU3386
 12886              	.LBB2858:
 12887              	.LBI2858:
  31:Core/Src/radio/../../Inc/radio/support.h ****     HAL_GPIO_WritePin(nrf->csPort, nrf->csPin, GPIO_PIN_SET);
 12888              		.loc 2 31 20 view .LVU3387
 12889              	.LBB2859:
  32:Core/Src/radio/../../Inc/radio/support.h **** }
 12890              		.loc 2 32 5 view .LVU3388
 12891 005a 0122     		movs	r2, #1
 12892 005c 218A     		ldrh	r1, [r4, #16]
 12893              	.LBE2859:
 12894              	.LBE2858:
 12895              	.LBE2847:
 12896              	.LBE2846:
 548:Core/Src/radio/nrf24.c **** 
 12897              		.loc 1 548 7 is_stmt 0 view .LVU3389
 12898 005e C6F34206 		ubfx	r6, r6, #1, #3
 12899              	.LBB2866:
 12900              	.LBB2864:
 12901              	.LBB2861:
 12902              	.LBB2860:
  32:Core/Src/radio/../../Inc/radio/support.h **** }
 12903              		.loc 2 32 5 view .LVU3390
 12904 0062 E068     		ldr	r0, [r4, #12]
 12905 0064 FFF7FEFF 		bl	HAL_GPIO_WritePin
 12906              	.LVL1150:
  32:Core/Src/radio/../../Inc/radio/support.h **** }
 12907              		.loc 2 32 5 view .LVU3391
 12908              	.LBE2860:
 12909              	.LBE2861:
  17:Core/Src/radio/nrf24.c **** }
 12910              		.loc 1 17 2 is_stmt 1 view .LVU3392
  17:Core/Src/radio/nrf24.c **** }
 12911              		.loc 1 17 2 is_stmt 0 view .LVU3393
 12912              	.LBE2864:
ARM GAS  C:\Users\l1234\AppData\Local\Temp\ccFgEZ6h.s 			page 290


 12913              	.LBE2866:
 551:Core/Src/radio/nrf24.c **** 		// Get payload length
 12914              		.loc 1 551 2 is_stmt 1 view .LVU3394
 551:Core/Src/radio/nrf24.c **** 		// Get payload length
 12915              		.loc 1 551 5 is_stmt 0 view .LVU3395
 12916 0068 052E     		cmp	r6, #5
 12917 006a 07D9     		bls	.L869
 572:Core/Src/radio/nrf24.c **** 
 12918              		.loc 1 572 2 is_stmt 1 view .LVU3396
 572:Core/Src/radio/nrf24.c **** 
 12919              		.loc 1 572 10 is_stmt 0 view .LVU3397
 12920 006c 0023     		movs	r3, #0
 574:Core/Src/radio/nrf24.c **** }
 12921              		.loc 1 574 9 view .LVU3398
 12922 006e FF26     		movs	r6, #255
 12923              	.LVL1151:
 572:Core/Src/radio/nrf24.c **** 
 12924              		.loc 1 572 10 view .LVU3399
 12925 0070 88F80030 		strb	r3, [r8]
 574:Core/Src/radio/nrf24.c **** }
 12926              		.loc 1 574 2 is_stmt 1 view .LVU3400
 12927              	.L853:
 12928              	.LVL1152:
 574:Core/Src/radio/nrf24.c **** }
 12929              		.loc 1 574 2 is_stmt 0 view .LVU3401
 12930              	.LBE2845:
 12931              	.LBE2844:
 586:Core/Src/radio/nrf24.c **** }
 12932              		.loc 1 586 1 view .LVU3402
 12933 0074 3046     		mov	r0, r6
 12934 0076 05B0     		add	sp, sp, #20
 12935              	.LCFI163:
 12936              		.cfi_remember_state
 12937              		.cfi_def_cfa_offset 28
 12938              		@ sp needed
 12939 0078 BDE8F083 		pop	{r4, r5, r6, r7, r8, r9, pc}
 12940              	.LVL1153:
 12941              	.L869:
 12942              	.LCFI164:
 12943              		.cfi_restore_state
 12944              	.LBB2890:
 12945              	.LBB2888:
 553:Core/Src/radio/nrf24.c **** 			*length = nRF24_GetRxDplPayloadWidth(nrf);
 12946              		.loc 1 553 3 is_stmt 1 view .LVU3403
 560:Core/Src/radio/nrf24.c **** 		}
 12947              		.loc 1 560 4 view .LVU3404
 560:Core/Src/radio/nrf24.c **** 		}
 12948              		.loc 1 560 49 is_stmt 0 view .LVU3405
 12949 007c 294B     		ldr	r3, .L872
 560:Core/Src/radio/nrf24.c **** 		}
 12950              		.loc 1 560 14 view .LVU3406
 12951 007e 2046     		mov	r0, r4
 12952 0080 995D     		ldrb	r1, [r3, r6]	@ zero_extendqisi2
 12953 0082 FFF7FEFF 		bl	nRF24_ReadReg
 12954              	.LVL1154:
 12955 0086 0746     		mov	r7, r0
 560:Core/Src/radio/nrf24.c **** 		}
ARM GAS  C:\Users\l1234\AppData\Local\Temp\ccFgEZ6h.s 			page 291


 12956              		.loc 1 560 12 view .LVU3407
 12957 0088 88F80000 		strb	r0, [r8]
 564:Core/Src/radio/nrf24.c **** 			nRF24_ReadMBReg(nrf, nRF24_CMD_R_RX_PAYLOAD, pBuf, *length);
 12958              		.loc 1 564 3 is_stmt 1 view .LVU3408
 564:Core/Src/radio/nrf24.c **** 			nRF24_ReadMBReg(nrf, nRF24_CMD_R_RX_PAYLOAD, pBuf, *length);
 12959              		.loc 1 564 6 is_stmt 0 view .LVU3409
 12960 008c 0028     		cmp	r0, #0
 12961 008e F1D0     		beq	.L853
 565:Core/Src/radio/nrf24.c **** 		}
 12962              		.loc 1 565 4 is_stmt 1 view .LVU3410
 12963              	.LVL1155:
 12964              	.LBB2867:
 12965              	.LBI2867:
  47:Core/Src/radio/nrf24.c **** 	nRF24_CSN_L(nrf);
 12966              		.loc 1 47 13 view .LVU3411
 12967              	.LBB2868:
  48:Core/Src/radio/nrf24.c **** 	nRF24_LL_RW(nrf, reg);
 12968              		.loc 1 48 2 view .LVU3412
 12969              	.LBB2869:
 12970              	.LBI2869:
  27:Core/Src/radio/../../Inc/radio/support.h ****     HAL_GPIO_WritePin(nrf->csPort, nrf->csPin, GPIO_PIN_RESET);
 12971              		.loc 2 27 20 view .LVU3413
 12972              	.LBB2870:
  28:Core/Src/radio/../../Inc/radio/support.h **** }
 12973              		.loc 2 28 5 view .LVU3414
 12974 0090 0022     		movs	r2, #0
 12975 0092 218A     		ldrh	r1, [r4, #16]
 12976 0094 E068     		ldr	r0, [r4, #12]
 12977              	.LVL1156:
  28:Core/Src/radio/../../Inc/radio/support.h **** }
 12978              		.loc 2 28 5 is_stmt 0 view .LVU3415
 12979 0096 FFF7FEFF 		bl	HAL_GPIO_WritePin
 12980              	.LVL1157:
  28:Core/Src/radio/../../Inc/radio/support.h **** }
 12981              		.loc 2 28 5 view .LVU3416
 12982              	.LBE2870:
 12983              	.LBE2869:
  49:Core/Src/radio/nrf24.c **** 	while (count--) {
 12984              		.loc 1 49 2 is_stmt 1 view .LVU3417
 12985              	.LBB2871:
 12986              	.LBB2872:
  39:Core/Src/radio/../../Inc/radio/support.h ****         Error_Handler();
 12987              		.loc 2 39 8 is_stmt 0 view .LVU3418
 12988 009a 4FF4FA63 		mov	r3, #2000
 12989 009e 0DF10F02 		add	r2, sp, #15
 12990 00a2 0DF10E01 		add	r1, sp, #14
 12991 00a6 0093     		str	r3, [sp]
 12992 00a8 6123     		movs	r3, #97
 12993 00aa 2068     		ldr	r0, [r4]
 12994 00ac 8DF80E30 		strb	r3, [sp, #14]
 12995              	.LVL1158:
  39:Core/Src/radio/../../Inc/radio/support.h ****         Error_Handler();
 12996              		.loc 2 39 8 view .LVU3419
 12997              	.LBE2872:
 12998              	.LBI2871:
  36:Core/Src/radio/../../Inc/radio/support.h ****     // Wait until TX buffer is empty
 12999              		.loc 2 36 23 is_stmt 1 view .LVU3420
ARM GAS  C:\Users\l1234\AppData\Local\Temp\ccFgEZ6h.s 			page 292


 13000              	.LBB2873:
  38:Core/Src/radio/../../Inc/radio/support.h ****     if(HAL_SPI_TransmitReceive(nrf->hspi,&data,&result,1,2000)!=HAL_OK) {
 13001              		.loc 2 38 5 view .LVU3421
  39:Core/Src/radio/../../Inc/radio/support.h ****         Error_Handler();
 13002              		.loc 2 39 5 view .LVU3422
  39:Core/Src/radio/../../Inc/radio/support.h ****         Error_Handler();
 13003              		.loc 2 39 8 is_stmt 0 view .LVU3423
 13004 00b0 0123     		movs	r3, #1
 13005              	.LVL1159:
  39:Core/Src/radio/../../Inc/radio/support.h ****         Error_Handler();
 13006              		.loc 2 39 8 view .LVU3424
 13007 00b2 FFF7FEFF 		bl	HAL_SPI_TransmitReceive
 13008              	.LVL1160:
  39:Core/Src/radio/../../Inc/radio/support.h ****         Error_Handler();
 13009              		.loc 2 39 7 view .LVU3425
 13010 00b6 90BB     		cbnz	r0, .L870
 13011              	.L848:
  41:Core/Src/radio/../../Inc/radio/support.h ****     return result;
 13012              		.loc 2 41 6 is_stmt 1 view .LVU3426
 13013              		.loc 2 42 5 view .LVU3427
 13014              	.LVL1161:
 13015              		.loc 2 42 5 is_stmt 0 view .LVU3428
 13016              	.LBE2873:
 13017              	.LBE2871:
  50:Core/Src/radio/nrf24.c **** 		*pBuf++ = nRF24_LL_RW(nrf, nRF24_CMD_NOP);
 13018              		.loc 1 50 2 is_stmt 1 view .LVU3429
  50:Core/Src/radio/nrf24.c **** 		*pBuf++ = nRF24_LL_RW(nrf, nRF24_CMD_NOP);
 13019              		.loc 1 50 9 view .LVU3430
  50:Core/Src/radio/nrf24.c **** 		*pBuf++ = nRF24_LL_RW(nrf, nRF24_CMD_NOP);
 13020              		.loc 1 50 14 is_stmt 0 view .LVU3431
 13021 00b8 013F     		subs	r7, r7, #1
 13022              	.LVL1162:
  50:Core/Src/radio/nrf24.c **** 		*pBuf++ = nRF24_LL_RW(nrf, nRF24_CMD_NOP);
 13023              		.loc 1 50 14 view .LVU3432
 13024 00ba 4FF0FF09 		mov	r9, #255
 13025              	.LBB2875:
 13026              	.LBB2876:
  39:Core/Src/radio/../../Inc/radio/support.h ****         Error_Handler();
 13027              		.loc 2 39 8 view .LVU3433
 13028 00be 4FF4FA68 		mov	r8, #2000
 13029              	.LVL1163:
  39:Core/Src/radio/../../Inc/radio/support.h ****         Error_Handler();
 13030              		.loc 2 39 8 view .LVU3434
 13031 00c2 55FA87F7 		uxtab	r7, r5, r7
 13032              	.LVL1164:
  39:Core/Src/radio/../../Inc/radio/support.h ****         Error_Handler();
 13033              		.loc 2 39 8 view .LVU3435
 13034 00c6 013D     		subs	r5, r5, #1
 13035              	.LVL1165:
 13036              	.L852:
  39:Core/Src/radio/../../Inc/radio/support.h ****         Error_Handler();
 13037              		.loc 2 39 8 view .LVU3436
 13038              	.LBE2876:
 13039              	.LBE2875:
  51:Core/Src/radio/nrf24.c **** 	}
 13040              		.loc 1 51 3 is_stmt 1 view .LVU3437
 13041              	.LBB2880:
ARM GAS  C:\Users\l1234\AppData\Local\Temp\ccFgEZ6h.s 			page 293


 13042              	.LBB2877:
  39:Core/Src/radio/../../Inc/radio/support.h ****         Error_Handler();
 13043              		.loc 2 39 8 is_stmt 0 view .LVU3438
 13044 00c8 CDF80080 		str	r8, [sp]
 13045 00cc 0123     		movs	r3, #1
 13046 00ce 0DF10F02 		add	r2, sp, #15
 13047 00d2 0DF10E01 		add	r1, sp, #14
 13048 00d6 2068     		ldr	r0, [r4]
 13049 00d8 8DF80E90 		strb	r9, [sp, #14]
 13050              	.LVL1166:
  39:Core/Src/radio/../../Inc/radio/support.h ****         Error_Handler();
 13051              		.loc 2 39 8 view .LVU3439
 13052              	.LBE2877:
 13053              	.LBI2875:
  36:Core/Src/radio/../../Inc/radio/support.h ****     // Wait until TX buffer is empty
 13054              		.loc 2 36 23 is_stmt 1 view .LVU3440
 13055              	.LBB2878:
  38:Core/Src/radio/../../Inc/radio/support.h ****     if(HAL_SPI_TransmitReceive(nrf->hspi,&data,&result,1,2000)!=HAL_OK) {
 13056              		.loc 2 38 5 view .LVU3441
  39:Core/Src/radio/../../Inc/radio/support.h ****         Error_Handler();
 13057              		.loc 2 39 5 view .LVU3442
  39:Core/Src/radio/../../Inc/radio/support.h ****         Error_Handler();
 13058              		.loc 2 39 8 is_stmt 0 view .LVU3443
 13059 00dc FFF7FEFF 		bl	HAL_SPI_TransmitReceive
 13060              	.LVL1167:
  41:Core/Src/radio/../../Inc/radio/support.h ****     return result;
 13061              		.loc 2 41 6 is_stmt 1 view .LVU3444
 13062              		.loc 2 42 5 view .LVU3445
  39:Core/Src/radio/../../Inc/radio/support.h ****         Error_Handler();
 13063              		.loc 2 39 7 is_stmt 0 view .LVU3446
 13064 00e0 A0B9     		cbnz	r0, .L871
 13065              		.loc 2 42 12 view .LVU3447
 13066 00e2 9DF80F30 		ldrb	r3, [sp, #15]	@ zero_extendqisi2
 13067              	.LVL1168:
 13068              		.loc 2 42 12 view .LVU3448
 13069              	.LBE2878:
 13070              	.LBE2880:
  51:Core/Src/radio/nrf24.c **** 	}
 13071              		.loc 1 51 11 view .LVU3449
 13072 00e6 05F8013F 		strb	r3, [r5, #1]!
 13073              	.LVL1169:
  50:Core/Src/radio/nrf24.c **** 		*pBuf++ = nRF24_LL_RW(nrf, nRF24_CMD_NOP);
 13074              		.loc 1 50 9 is_stmt 1 view .LVU3450
  50:Core/Src/radio/nrf24.c **** 		*pBuf++ = nRF24_LL_RW(nrf, nRF24_CMD_NOP);
 13075              		.loc 1 50 9 is_stmt 0 view .LVU3451
 13076 00ea AF42     		cmp	r7, r5
 13077 00ec ECD1     		bne	.L852
 13078              	.LVL1170:
 13079              	.L851:
  53:Core/Src/radio/nrf24.c **** }
 13080              		.loc 1 53 2 is_stmt 1 view .LVU3452
 13081              	.LBB2881:
 13082              	.LBI2881:
  31:Core/Src/radio/../../Inc/radio/support.h ****     HAL_GPIO_WritePin(nrf->csPort, nrf->csPin, GPIO_PIN_SET);
 13083              		.loc 2 31 20 view .LVU3453
 13084              	.LBB2882:
  32:Core/Src/radio/../../Inc/radio/support.h **** }
ARM GAS  C:\Users\l1234\AppData\Local\Temp\ccFgEZ6h.s 			page 294


 13085              		.loc 2 32 5 view .LVU3454
 13086 00ee E068     		ldr	r0, [r4, #12]
 13087 00f0 0122     		movs	r2, #1
 13088 00f2 218A     		ldrh	r1, [r4, #16]
 13089 00f4 FFF7FEFF 		bl	HAL_GPIO_WritePin
 13090              	.LVL1171:
  32:Core/Src/radio/../../Inc/radio/support.h **** }
 13091              		.loc 2 32 5 is_stmt 0 view .LVU3455
 13092              	.LBE2882:
 13093              	.LBE2881:
 13094              	.LBE2868:
 13095              	.LBE2867:
 13096              	.LBE2888:
 13097              	.LBE2890:
 13098              		.loc 1 586 1 view .LVU3456
 13099 00f8 3046     		mov	r0, r6
 13100 00fa 05B0     		add	sp, sp, #20
 13101              	.LCFI165:
 13102              		.cfi_remember_state
 13103              		.cfi_def_cfa_offset 28
 13104              		@ sp needed
 13105 00fc BDE8F083 		pop	{r4, r5, r6, r7, r8, r9, pc}
 13106              	.LVL1172:
 13107              	.L868:
 13108              	.LCFI166:
 13109              		.cfi_restore_state
 13110              	.LBB2891:
 13111              	.LBB2889:
 13112              	.LBB2886:
 13113              	.LBB2865:
 13114              	.LBB2862:
 13115              	.LBB2857:
  40:Core/Src/radio/../../Inc/radio/support.h ****     };
 13116              		.loc 2 40 9 is_stmt 1 view .LVU3457
 13117 0100 FFF7FEFF 		bl	Error_Handler
 13118              	.LVL1173:
 13119 0104 A7E7     		b	.L845
 13120              	.LVL1174:
 13121              	.L867:
  40:Core/Src/radio/../../Inc/radio/support.h ****     };
 13122              		.loc 2 40 9 is_stmt 0 view .LVU3458
 13123              	.LBE2857:
 13124              	.LBE2862:
 13125              	.LBB2863:
 13126              	.LBB2853:
  40:Core/Src/radio/../../Inc/radio/support.h ****     };
 13127              		.loc 2 40 9 is_stmt 1 view .LVU3459
 13128 0106 FFF7FEFF 		bl	Error_Handler
 13129              	.LVL1175:
 13130 010a 94E7     		b	.L844
 13131              	.LVL1176:
 13132              	.L871:
  40:Core/Src/radio/../../Inc/radio/support.h ****     };
 13133              		.loc 2 40 9 is_stmt 0 view .LVU3460
 13134              	.LBE2853:
 13135              	.LBE2863:
 13136              	.LBE2865:
ARM GAS  C:\Users\l1234\AppData\Local\Temp\ccFgEZ6h.s 			page 295


 13137              	.LBE2886:
 13138              	.LBB2887:
 13139              	.LBB2885:
 13140              	.LBB2883:
 13141              	.LBB2879:
  40:Core/Src/radio/../../Inc/radio/support.h ****     };
 13142              		.loc 2 40 9 is_stmt 1 view .LVU3461
 13143 010c FFF7FEFF 		bl	Error_Handler
 13144              	.LVL1177:
  41:Core/Src/radio/../../Inc/radio/support.h ****     return result;
 13145              		.loc 2 41 6 view .LVU3462
 13146              		.loc 2 42 5 view .LVU3463
 13147              		.loc 2 42 12 is_stmt 0 view .LVU3464
 13148 0110 9DF80F30 		ldrb	r3, [sp, #15]	@ zero_extendqisi2
 13149              	.LVL1178:
 13150              		.loc 2 42 12 view .LVU3465
 13151              	.LBE2879:
 13152              	.LBE2883:
  51:Core/Src/radio/nrf24.c **** 	}
 13153              		.loc 1 51 11 view .LVU3466
 13154 0114 05F8013F 		strb	r3, [r5, #1]!
 13155              	.LVL1179:
  50:Core/Src/radio/nrf24.c **** 		*pBuf++ = nRF24_LL_RW(nrf, nRF24_CMD_NOP);
 13156              		.loc 1 50 9 is_stmt 1 view .LVU3467
  50:Core/Src/radio/nrf24.c **** 		*pBuf++ = nRF24_LL_RW(nrf, nRF24_CMD_NOP);
 13157              		.loc 1 50 9 is_stmt 0 view .LVU3468
 13158 0118 AF42     		cmp	r7, r5
 13159 011a D5D1     		bne	.L852
 13160 011c E7E7     		b	.L851
 13161              	.LVL1180:
 13162              	.L870:
 13163              	.LBB2884:
 13164              	.LBB2874:
  40:Core/Src/radio/../../Inc/radio/support.h ****     };
 13165              		.loc 2 40 9 is_stmt 1 view .LVU3469
 13166 011e FFF7FEFF 		bl	Error_Handler
 13167              	.LVL1181:
 13168 0122 C9E7     		b	.L848
 13169              	.L873:
 13170              		.align	2
 13171              	.L872:
 13172 0124 00000000 		.word	nRF24_RX_PW_PIPE
 13173              	.LBE2874:
 13174              	.LBE2884:
 13175              	.LBE2885:
 13176              	.LBE2887:
 13177              	.LBE2889:
 13178              	.LBE2891:
 13179              		.cfi_endproc
 13180              	.LFE188:
 13182              		.section	.text.nRF24_ReadPayloadDpl,"ax",%progbits
 13183              		.align	1
 13184              		.p2align 2,,3
 13185              		.global	nRF24_ReadPayloadDpl
 13186              		.syntax unified
 13187              		.thumb
 13188              		.thumb_func
ARM GAS  C:\Users\l1234\AppData\Local\Temp\ccFgEZ6h.s 			page 296


 13190              	nRF24_ReadPayloadDpl:
 13191              	.LVL1182:
 13192              	.LFB189:
 587:Core/Src/radio/nrf24.c **** 
 588:Core/Src/radio/nrf24.c **** nRF24_RXResult nRF24_ReadPayloadDpl(const NRF24_TypeDef *nrf, uint8_t *pBuf, uint8_t *length) {
 13193              		.loc 1 588 95 view -0
 13194              		.cfi_startproc
 13195              		@ args = 0, pretend = 0, frame = 8
 13196              		@ frame_needed = 0, uses_anonymous_args = 0
 13197              		.loc 1 588 95 is_stmt 0 view .LVU3471
 13198 0000 2DE9F043 		push	{r4, r5, r6, r7, r8, r9, lr}
 13199              	.LCFI167:
 13200              		.cfi_def_cfa_offset 28
 13201              		.cfi_offset 4, -28
 13202              		.cfi_offset 5, -24
 13203              		.cfi_offset 6, -20
 13204              		.cfi_offset 7, -16
 13205              		.cfi_offset 8, -12
 13206              		.cfi_offset 9, -8
 13207              		.cfi_offset 14, -4
 13208 0004 0446     		mov	r4, r0
 13209 0006 85B0     		sub	sp, sp, #20
 13210              	.LCFI168:
 13211              		.cfi_def_cfa_offset 48
 13212              		.loc 1 588 95 view .LVU3472
 13213 0008 1546     		mov	r5, r2
 13214 000a 0E46     		mov	r6, r1
 589:Core/Src/radio/nrf24.c **** 	return nRF24_ReadPayloadGeneric(nrf, pBuf, length,1);
 13215              		.loc 1 589 2 is_stmt 1 view .LVU3473
 13216              	.LVL1183:
 13217              	.LBB2940:
 13218              	.LBI2940:
 544:Core/Src/radio/nrf24.c **** 	uint8_t pipe;
 13219              		.loc 1 544 23 view .LVU3474
 13220              	.LBB2941:
 545:Core/Src/radio/nrf24.c **** 
 13221              		.loc 1 545 2 view .LVU3475
 548:Core/Src/radio/nrf24.c **** 
 13222              		.loc 1 548 2 view .LVU3476
 13223              	.LBB2942:
 13224              	.LBI2942:
   9:Core/Src/radio/nrf24.c **** 	uint8_t value;
 13225              		.loc 1 9 9 view .LVU3477
 13226              	.LBB2943:
  10:Core/Src/radio/nrf24.c **** 
 13227              		.loc 1 10 2 view .LVU3478
  12:Core/Src/radio/nrf24.c **** 	nRF24_LL_RW(nrf, reg & nRF24_MASK_REG_MAP);
 13228              		.loc 1 12 2 view .LVU3479
 13229              	.LBB2944:
 13230              	.LBI2944:
  27:Core/Src/radio/../../Inc/radio/support.h ****     HAL_GPIO_WritePin(nrf->csPort, nrf->csPin, GPIO_PIN_RESET);
 13231              		.loc 2 27 20 view .LVU3480
 13232              	.LBB2945:
  28:Core/Src/radio/../../Inc/radio/support.h **** }
 13233              		.loc 2 28 5 view .LVU3481
 13234 000c 0022     		movs	r2, #0
 13235              	.LVL1184:
ARM GAS  C:\Users\l1234\AppData\Local\Temp\ccFgEZ6h.s 			page 297


  28:Core/Src/radio/../../Inc/radio/support.h **** }
 13236              		.loc 2 28 5 is_stmt 0 view .LVU3482
 13237 000e 018A     		ldrh	r1, [r0, #16]
 13238              	.LVL1185:
  28:Core/Src/radio/../../Inc/radio/support.h **** }
 13239              		.loc 2 28 5 view .LVU3483
 13240 0010 C068     		ldr	r0, [r0, #12]
 13241              	.LVL1186:
  28:Core/Src/radio/../../Inc/radio/support.h **** }
 13242              		.loc 2 28 5 view .LVU3484
 13243 0012 FFF7FEFF 		bl	HAL_GPIO_WritePin
 13244              	.LVL1187:
  28:Core/Src/radio/../../Inc/radio/support.h **** }
 13245              		.loc 2 28 5 view .LVU3485
 13246              	.LBE2945:
 13247              	.LBE2944:
  13:Core/Src/radio/nrf24.c **** 	value = nRF24_LL_RW(nrf, nRF24_CMD_NOP);
 13248              		.loc 1 13 2 is_stmt 1 view .LVU3486
 13249 0016 0723     		movs	r3, #7
 13250              	.LBB2946:
 13251              	.LBB2947:
  39:Core/Src/radio/../../Inc/radio/support.h ****         Error_Handler();
 13252              		.loc 2 39 8 is_stmt 0 view .LVU3487
 13253 0018 0DF10F02 		add	r2, sp, #15
 13254 001c 0DF10E01 		add	r1, sp, #14
 13255 0020 8DF80E30 		strb	r3, [sp, #14]
 13256              	.LVL1188:
  39:Core/Src/radio/../../Inc/radio/support.h ****         Error_Handler();
 13257              		.loc 2 39 8 view .LVU3488
 13258              	.LBE2947:
 13259              	.LBI2946:
  36:Core/Src/radio/../../Inc/radio/support.h ****     // Wait until TX buffer is empty
 13260              		.loc 2 36 23 is_stmt 1 view .LVU3489
 13261              	.LBB2948:
  38:Core/Src/radio/../../Inc/radio/support.h ****     if(HAL_SPI_TransmitReceive(nrf->hspi,&data,&result,1,2000)!=HAL_OK) {
 13262              		.loc 2 38 5 view .LVU3490
  39:Core/Src/radio/../../Inc/radio/support.h ****         Error_Handler();
 13263              		.loc 2 39 5 view .LVU3491
  39:Core/Src/radio/../../Inc/radio/support.h ****         Error_Handler();
 13264              		.loc 2 39 8 is_stmt 0 view .LVU3492
 13265 0024 4FF4FA63 		mov	r3, #2000
 13266              	.LVL1189:
  39:Core/Src/radio/../../Inc/radio/support.h ****         Error_Handler();
 13267              		.loc 2 39 8 view .LVU3493
 13268 0028 0093     		str	r3, [sp]
 13269 002a 0123     		movs	r3, #1
 13270 002c 2068     		ldr	r0, [r4]
 13271 002e FFF7FEFF 		bl	HAL_SPI_TransmitReceive
 13272              	.LVL1190:
  39:Core/Src/radio/../../Inc/radio/support.h ****         Error_Handler();
 13273              		.loc 2 39 7 view .LVU3494
 13274 0032 0028     		cmp	r0, #0
 13275 0034 40F09380 		bne	.L912
 13276              	.L875:
  41:Core/Src/radio/../../Inc/radio/support.h ****     return result;
 13277              		.loc 2 41 6 is_stmt 1 view .LVU3495
 13278              		.loc 2 42 5 view .LVU3496
ARM GAS  C:\Users\l1234\AppData\Local\Temp\ccFgEZ6h.s 			page 298


 13279              	.LVL1191:
 13280              		.loc 2 42 5 is_stmt 0 view .LVU3497
 13281              	.LBE2948:
 13282              	.LBE2946:
  14:Core/Src/radio/nrf24.c **** 	nRF24_CSN_H(nrf);
 13283              		.loc 1 14 2 is_stmt 1 view .LVU3498
 13284              	.LBB2950:
 13285              	.LBB2951:
  39:Core/Src/radio/../../Inc/radio/support.h ****         Error_Handler();
 13286              		.loc 2 39 8 is_stmt 0 view .LVU3499
 13287 0038 4FF4FA63 		mov	r3, #2000
 13288 003c 0DF10F02 		add	r2, sp, #15
 13289 0040 0DF10E01 		add	r1, sp, #14
 13290 0044 0093     		str	r3, [sp]
 13291 0046 FF23     		movs	r3, #255
 13292 0048 2068     		ldr	r0, [r4]
 13293 004a 8DF80E30 		strb	r3, [sp, #14]
 13294              	.LVL1192:
  39:Core/Src/radio/../../Inc/radio/support.h ****         Error_Handler();
 13295              		.loc 2 39 8 view .LVU3500
 13296              	.LBE2951:
 13297              	.LBI2950:
  36:Core/Src/radio/../../Inc/radio/support.h ****     // Wait until TX buffer is empty
 13298              		.loc 2 36 23 is_stmt 1 view .LVU3501
 13299              	.LBB2952:
  38:Core/Src/radio/../../Inc/radio/support.h ****     if(HAL_SPI_TransmitReceive(nrf->hspi,&data,&result,1,2000)!=HAL_OK) {
 13300              		.loc 2 38 5 view .LVU3502
  39:Core/Src/radio/../../Inc/radio/support.h ****         Error_Handler();
 13301              		.loc 2 39 5 view .LVU3503
  39:Core/Src/radio/../../Inc/radio/support.h ****         Error_Handler();
 13302              		.loc 2 39 8 is_stmt 0 view .LVU3504
 13303 004e 0123     		movs	r3, #1
 13304              	.LVL1193:
  39:Core/Src/radio/../../Inc/radio/support.h ****         Error_Handler();
 13305              		.loc 2 39 8 view .LVU3505
 13306 0050 FFF7FEFF 		bl	HAL_SPI_TransmitReceive
 13307              	.LVL1194:
  39:Core/Src/radio/../../Inc/radio/support.h ****         Error_Handler();
 13308              		.loc 2 39 7 view .LVU3506
 13309 0054 0028     		cmp	r0, #0
 13310 0056 7FD1     		bne	.L913
 13311              	.L876:
  41:Core/Src/radio/../../Inc/radio/support.h ****     return result;
 13312              		.loc 2 41 6 is_stmt 1 view .LVU3507
 13313              		.loc 2 42 5 view .LVU3508
 13314              		.loc 2 42 12 is_stmt 0 view .LVU3509
 13315 0058 9DF80F70 		ldrb	r7, [sp, #15]	@ zero_extendqisi2
 13316              	.LVL1195:
 13317              		.loc 2 42 12 view .LVU3510
 13318              	.LBE2952:
 13319              	.LBE2950:
  15:Core/Src/radio/nrf24.c **** 
 13320              		.loc 1 15 2 is_stmt 1 view .LVU3511
 13321              	.LBB2954:
 13322              	.LBI2954:
  31:Core/Src/radio/../../Inc/radio/support.h ****     HAL_GPIO_WritePin(nrf->csPort, nrf->csPin, GPIO_PIN_SET);
 13323              		.loc 2 31 20 view .LVU3512
ARM GAS  C:\Users\l1234\AppData\Local\Temp\ccFgEZ6h.s 			page 299


 13324              	.LBB2955:
  32:Core/Src/radio/../../Inc/radio/support.h **** }
 13325              		.loc 2 32 5 view .LVU3513
 13326 005c 0122     		movs	r2, #1
 13327 005e 218A     		ldrh	r1, [r4, #16]
 13328              	.LBE2955:
 13329              	.LBE2954:
 13330              	.LBE2943:
 13331              	.LBE2942:
 548:Core/Src/radio/nrf24.c **** 
 13332              		.loc 1 548 7 is_stmt 0 view .LVU3514
 13333 0060 C7F34207 		ubfx	r7, r7, #1, #3
 13334              	.LBB2962:
 13335              	.LBB2960:
 13336              	.LBB2957:
 13337              	.LBB2956:
  32:Core/Src/radio/../../Inc/radio/support.h **** }
 13338              		.loc 2 32 5 view .LVU3515
 13339 0064 E068     		ldr	r0, [r4, #12]
 13340 0066 FFF7FEFF 		bl	HAL_GPIO_WritePin
 13341              	.LVL1196:
  32:Core/Src/radio/../../Inc/radio/support.h **** }
 13342              		.loc 2 32 5 view .LVU3516
 13343              	.LBE2956:
 13344              	.LBE2957:
  17:Core/Src/radio/nrf24.c **** }
 13345              		.loc 1 17 2 is_stmt 1 view .LVU3517
  17:Core/Src/radio/nrf24.c **** }
 13346              		.loc 1 17 2 is_stmt 0 view .LVU3518
 13347              	.LBE2960:
 13348              	.LBE2962:
 551:Core/Src/radio/nrf24.c **** 		// Get payload length
 13349              		.loc 1 551 2 is_stmt 1 view .LVU3519
 551:Core/Src/radio/nrf24.c **** 		// Get payload length
 13350              		.loc 1 551 5 is_stmt 0 view .LVU3520
 13351 006a 052F     		cmp	r7, #5
 13352 006c 06D9     		bls	.L914
 572:Core/Src/radio/nrf24.c **** 
 13353              		.loc 1 572 2 is_stmt 1 view .LVU3521
 572:Core/Src/radio/nrf24.c **** 
 13354              		.loc 1 572 10 is_stmt 0 view .LVU3522
 13355 006e 0023     		movs	r3, #0
 574:Core/Src/radio/nrf24.c **** }
 13356              		.loc 1 574 9 view .LVU3523
 13357 0070 FF27     		movs	r7, #255
 13358              	.LVL1197:
 572:Core/Src/radio/nrf24.c **** 
 13359              		.loc 1 572 10 view .LVU3524
 13360 0072 2B70     		strb	r3, [r5]
 574:Core/Src/radio/nrf24.c **** }
 13361              		.loc 1 574 2 is_stmt 1 view .LVU3525
 13362              	.L889:
 13363              	.LVL1198:
 574:Core/Src/radio/nrf24.c **** }
 13364              		.loc 1 574 2 is_stmt 0 view .LVU3526
 13365              	.LBE2941:
 13366              	.LBE2940:
ARM GAS  C:\Users\l1234\AppData\Local\Temp\ccFgEZ6h.s 			page 300


 590:Core/Src/radio/nrf24.c **** }
 13367              		.loc 1 590 1 view .LVU3527
 13368 0074 3846     		mov	r0, r7
 13369 0076 05B0     		add	sp, sp, #20
 13370              	.LCFI169:
 13371              		.cfi_remember_state
 13372              		.cfi_def_cfa_offset 28
 13373              		@ sp needed
 13374 0078 BDE8F083 		pop	{r4, r5, r6, r7, r8, r9, pc}
 13375              	.LVL1199:
 13376              	.L914:
 13377              	.LCFI170:
 13378              		.cfi_restore_state
 13379              	.LBB3021:
 13380              	.LBB3019:
 553:Core/Src/radio/nrf24.c **** 			*length = nRF24_GetRxDplPayloadWidth(nrf);
 13381              		.loc 1 553 3 is_stmt 1 view .LVU3528
 554:Core/Src/radio/nrf24.c **** 			if(*length>32) { //broken packet
 13382              		.loc 1 554 4 view .LVU3529
 13383              	.LBB2963:
 13384              	.LBI2963:
 532:Core/Src/radio/nrf24.c **** 	uint8_t value;
 13385              		.loc 1 532 16 view .LVU3530
 13386              	.LBB2964:
 533:Core/Src/radio/nrf24.c **** 
 13387              		.loc 1 533 2 view .LVU3531
 535:Core/Src/radio/nrf24.c **** 	nRF24_LL_RW(nrf, nRF24_CMD_R_RX_PL_WID);
 13388              		.loc 1 535 2 view .LVU3532
 13389              	.LBB2965:
 13390              	.LBI2965:
  27:Core/Src/radio/../../Inc/radio/support.h ****     HAL_GPIO_WritePin(nrf->csPort, nrf->csPin, GPIO_PIN_RESET);
 13391              		.loc 2 27 20 view .LVU3533
 13392              	.LBB2966:
  28:Core/Src/radio/../../Inc/radio/support.h **** }
 13393              		.loc 2 28 5 view .LVU3534
 13394 007c 0022     		movs	r2, #0
 13395 007e 218A     		ldrh	r1, [r4, #16]
 13396 0080 E068     		ldr	r0, [r4, #12]
 13397 0082 FFF7FEFF 		bl	HAL_GPIO_WritePin
 13398              	.LVL1200:
  28:Core/Src/radio/../../Inc/radio/support.h **** }
 13399              		.loc 2 28 5 is_stmt 0 view .LVU3535
 13400              	.LBE2966:
 13401              	.LBE2965:
 536:Core/Src/radio/nrf24.c **** 	value = nRF24_LL_RW(nrf, nRF24_CMD_NOP);
 13402              		.loc 1 536 2 is_stmt 1 view .LVU3536
 13403              	.LBB2967:
 13404              	.LBB2968:
  39:Core/Src/radio/../../Inc/radio/support.h ****         Error_Handler();
 13405              		.loc 2 39 8 is_stmt 0 view .LVU3537
 13406 0086 4FF4FA63 		mov	r3, #2000
 13407 008a 0DF10F02 		add	r2, sp, #15
 13408 008e 0DF10E01 		add	r1, sp, #14
 13409 0092 0093     		str	r3, [sp]
 13410 0094 6023     		movs	r3, #96
 13411 0096 2068     		ldr	r0, [r4]
 13412 0098 8DF80E30 		strb	r3, [sp, #14]
ARM GAS  C:\Users\l1234\AppData\Local\Temp\ccFgEZ6h.s 			page 301


 13413              	.LVL1201:
  39:Core/Src/radio/../../Inc/radio/support.h ****         Error_Handler();
 13414              		.loc 2 39 8 view .LVU3538
 13415              	.LBE2968:
 13416              	.LBI2967:
  36:Core/Src/radio/../../Inc/radio/support.h ****     // Wait until TX buffer is empty
 13417              		.loc 2 36 23 is_stmt 1 view .LVU3539
 13418              	.LBB2969:
  38:Core/Src/radio/../../Inc/radio/support.h ****     if(HAL_SPI_TransmitReceive(nrf->hspi,&data,&result,1,2000)!=HAL_OK) {
 13419              		.loc 2 38 5 view .LVU3540
  39:Core/Src/radio/../../Inc/radio/support.h ****         Error_Handler();
 13420              		.loc 2 39 5 view .LVU3541
  39:Core/Src/radio/../../Inc/radio/support.h ****         Error_Handler();
 13421              		.loc 2 39 8 is_stmt 0 view .LVU3542
 13422 009c 0123     		movs	r3, #1
 13423              	.LVL1202:
  39:Core/Src/radio/../../Inc/radio/support.h ****         Error_Handler();
 13424              		.loc 2 39 8 view .LVU3543
 13425 009e FFF7FEFF 		bl	HAL_SPI_TransmitReceive
 13426              	.LVL1203:
  39:Core/Src/radio/../../Inc/radio/support.h ****         Error_Handler();
 13427              		.loc 2 39 7 view .LVU3544
 13428 00a2 0028     		cmp	r0, #0
 13429 00a4 40F08B80 		bne	.L915
 13430              	.L878:
  41:Core/Src/radio/../../Inc/radio/support.h ****     return result;
 13431              		.loc 2 41 6 is_stmt 1 view .LVU3545
 13432              		.loc 2 42 5 view .LVU3546
 13433              	.LVL1204:
 13434              		.loc 2 42 5 is_stmt 0 view .LVU3547
 13435              	.LBE2969:
 13436              	.LBE2967:
 537:Core/Src/radio/nrf24.c **** 	nRF24_CSN_H(nrf);
 13437              		.loc 1 537 2 is_stmt 1 view .LVU3548
 13438              	.LBB2971:
 13439              	.LBB2972:
  39:Core/Src/radio/../../Inc/radio/support.h ****         Error_Handler();
 13440              		.loc 2 39 8 is_stmt 0 view .LVU3549
 13441 00a8 4FF4FA63 		mov	r3, #2000
 13442 00ac 0DF10F02 		add	r2, sp, #15
 13443 00b0 0DF10E01 		add	r1, sp, #14
 13444 00b4 0093     		str	r3, [sp]
 13445 00b6 FF23     		movs	r3, #255
 13446 00b8 2068     		ldr	r0, [r4]
 13447 00ba 8DF80E30 		strb	r3, [sp, #14]
 13448              	.LVL1205:
  39:Core/Src/radio/../../Inc/radio/support.h ****         Error_Handler();
 13449              		.loc 2 39 8 view .LVU3550
 13450              	.LBE2972:
 13451              	.LBI2971:
  36:Core/Src/radio/../../Inc/radio/support.h ****     // Wait until TX buffer is empty
 13452              		.loc 2 36 23 is_stmt 1 view .LVU3551
 13453              	.LBB2973:
  38:Core/Src/radio/../../Inc/radio/support.h ****     if(HAL_SPI_TransmitReceive(nrf->hspi,&data,&result,1,2000)!=HAL_OK) {
 13454              		.loc 2 38 5 view .LVU3552
  39:Core/Src/radio/../../Inc/radio/support.h ****         Error_Handler();
 13455              		.loc 2 39 5 view .LVU3553
ARM GAS  C:\Users\l1234\AppData\Local\Temp\ccFgEZ6h.s 			page 302


  39:Core/Src/radio/../../Inc/radio/support.h ****         Error_Handler();
 13456              		.loc 2 39 8 is_stmt 0 view .LVU3554
 13457 00be 0123     		movs	r3, #1
 13458              	.LVL1206:
  39:Core/Src/radio/../../Inc/radio/support.h ****         Error_Handler();
 13459              		.loc 2 39 8 view .LVU3555
 13460 00c0 FFF7FEFF 		bl	HAL_SPI_TransmitReceive
 13461              	.LVL1207:
  39:Core/Src/radio/../../Inc/radio/support.h ****         Error_Handler();
 13462              		.loc 2 39 7 view .LVU3556
 13463 00c4 0028     		cmp	r0, #0
 13464 00c6 77D1     		bne	.L916
 13465              	.L879:
  41:Core/Src/radio/../../Inc/radio/support.h ****     return result;
 13466              		.loc 2 41 6 is_stmt 1 view .LVU3557
 13467              		.loc 2 42 5 view .LVU3558
 13468              		.loc 2 42 12 is_stmt 0 view .LVU3559
 13469 00c8 9DF80F80 		ldrb	r8, [sp, #15]	@ zero_extendqisi2
 13470              	.LVL1208:
 13471              		.loc 2 42 12 view .LVU3560
 13472              	.LBE2973:
 13473              	.LBE2971:
 538:Core/Src/radio/nrf24.c **** 
 13474              		.loc 1 538 2 is_stmt 1 view .LVU3561
 13475              	.LBB2975:
 13476              	.LBI2975:
  31:Core/Src/radio/../../Inc/radio/support.h ****     HAL_GPIO_WritePin(nrf->csPort, nrf->csPin, GPIO_PIN_SET);
 13477              		.loc 2 31 20 view .LVU3562
 13478              	.LBB2976:
  32:Core/Src/radio/../../Inc/radio/support.h **** }
 13479              		.loc 2 32 5 view .LVU3563
 13480 00cc 0122     		movs	r2, #1
 13481 00ce 218A     		ldrh	r1, [r4, #16]
 13482 00d0 E068     		ldr	r0, [r4, #12]
 13483 00d2 FFF7FEFF 		bl	HAL_GPIO_WritePin
 13484              	.LVL1209:
  32:Core/Src/radio/../../Inc/radio/support.h **** }
 13485              		.loc 2 32 5 is_stmt 0 view .LVU3564
 13486              	.LBE2976:
 13487              	.LBE2975:
 540:Core/Src/radio/nrf24.c **** 
 13488              		.loc 1 540 2 is_stmt 1 view .LVU3565
 540:Core/Src/radio/nrf24.c **** 
 13489              		.loc 1 540 2 is_stmt 0 view .LVU3566
 13490              	.LBE2964:
 13491              	.LBE2963:
 555:Core/Src/radio/nrf24.c **** 				*length = 0;
 13492              		.loc 1 555 4 is_stmt 1 view .LVU3567
 555:Core/Src/radio/nrf24.c **** 				*length = 0;
 13493              		.loc 1 555 6 is_stmt 0 view .LVU3568
 13494 00d6 B8F1200F 		cmp	r8, #32
 13495 00da 4CD8     		bhi	.L880
 564:Core/Src/radio/nrf24.c **** 			nRF24_ReadMBReg(nrf, nRF24_CMD_R_RX_PAYLOAD, pBuf, *length);
 13496              		.loc 1 564 3 is_stmt 1 view .LVU3569
 554:Core/Src/radio/nrf24.c **** 			if(*length>32) { //broken packet
 13497              		.loc 1 554 12 is_stmt 0 view .LVU3570
 13498 00dc 85F80080 		strb	r8, [r5]
ARM GAS  C:\Users\l1234\AppData\Local\Temp\ccFgEZ6h.s 			page 303


 564:Core/Src/radio/nrf24.c **** 			nRF24_ReadMBReg(nrf, nRF24_CMD_R_RX_PAYLOAD, pBuf, *length);
 13499              		.loc 1 564 6 view .LVU3571
 13500 00e0 B8F1000F 		cmp	r8, #0
 13501 00e4 C6D0     		beq	.L889
 13502              	.L920:
 565:Core/Src/radio/nrf24.c **** 		}
 13503              		.loc 1 565 4 is_stmt 1 view .LVU3572
 13504              	.LVL1210:
 13505              	.LBB2980:
 13506              	.LBI2980:
  47:Core/Src/radio/nrf24.c **** 	nRF24_CSN_L(nrf);
 13507              		.loc 1 47 13 view .LVU3573
 13508              	.LBB2981:
  48:Core/Src/radio/nrf24.c **** 	nRF24_LL_RW(nrf, reg);
 13509              		.loc 1 48 2 view .LVU3574
 13510              	.LBB2982:
 13511              	.LBI2982:
  27:Core/Src/radio/../../Inc/radio/support.h ****     HAL_GPIO_WritePin(nrf->csPort, nrf->csPin, GPIO_PIN_RESET);
 13512              		.loc 2 27 20 view .LVU3575
 13513              	.LBB2983:
  28:Core/Src/radio/../../Inc/radio/support.h **** }
 13514              		.loc 2 28 5 view .LVU3576
 13515 00e6 0022     		movs	r2, #0
 13516 00e8 218A     		ldrh	r1, [r4, #16]
 13517 00ea E068     		ldr	r0, [r4, #12]
 13518 00ec FFF7FEFF 		bl	HAL_GPIO_WritePin
 13519              	.LVL1211:
  28:Core/Src/radio/../../Inc/radio/support.h **** }
 13520              		.loc 2 28 5 is_stmt 0 view .LVU3577
 13521              	.LBE2983:
 13522              	.LBE2982:
  49:Core/Src/radio/nrf24.c **** 	while (count--) {
 13523              		.loc 1 49 2 is_stmt 1 view .LVU3578
 13524              	.LBB2984:
 13525              	.LBB2985:
  39:Core/Src/radio/../../Inc/radio/support.h ****         Error_Handler();
 13526              		.loc 2 39 8 is_stmt 0 view .LVU3579
 13527 00f0 4FF4FA63 		mov	r3, #2000
 13528 00f4 0DF10F02 		add	r2, sp, #15
 13529 00f8 0DF10E01 		add	r1, sp, #14
 13530 00fc 0093     		str	r3, [sp]
 13531 00fe 6123     		movs	r3, #97
 13532 0100 2068     		ldr	r0, [r4]
 13533 0102 8DF80E30 		strb	r3, [sp, #14]
 13534              	.LVL1212:
  39:Core/Src/radio/../../Inc/radio/support.h ****         Error_Handler();
 13535              		.loc 2 39 8 view .LVU3580
 13536              	.LBE2985:
 13537              	.LBI2984:
  36:Core/Src/radio/../../Inc/radio/support.h ****     // Wait until TX buffer is empty
 13538              		.loc 2 36 23 is_stmt 1 view .LVU3581
 13539              	.LBB2986:
  38:Core/Src/radio/../../Inc/radio/support.h ****     if(HAL_SPI_TransmitReceive(nrf->hspi,&data,&result,1,2000)!=HAL_OK) {
 13540              		.loc 2 38 5 view .LVU3582
  39:Core/Src/radio/../../Inc/radio/support.h ****         Error_Handler();
 13541              		.loc 2 39 5 view .LVU3583
  39:Core/Src/radio/../../Inc/radio/support.h ****         Error_Handler();
ARM GAS  C:\Users\l1234\AppData\Local\Temp\ccFgEZ6h.s 			page 304


 13542              		.loc 2 39 8 is_stmt 0 view .LVU3584
 13543 0106 0123     		movs	r3, #1
 13544              	.LVL1213:
  39:Core/Src/radio/../../Inc/radio/support.h ****         Error_Handler();
 13545              		.loc 2 39 8 view .LVU3585
 13546 0108 FFF7FEFF 		bl	HAL_SPI_TransmitReceive
 13547              	.LVL1214:
  39:Core/Src/radio/../../Inc/radio/support.h ****         Error_Handler();
 13548              		.loc 2 39 7 view .LVU3586
 13549 010c 0028     		cmp	r0, #0
 13550 010e 59D1     		bne	.L917
 13551              	.L884:
  41:Core/Src/radio/../../Inc/radio/support.h ****     return result;
 13552              		.loc 2 41 6 is_stmt 1 view .LVU3587
 13553              		.loc 2 42 5 view .LVU3588
 13554              	.LVL1215:
 13555              		.loc 2 42 5 is_stmt 0 view .LVU3589
 13556              	.LBE2986:
 13557              	.LBE2984:
  50:Core/Src/radio/nrf24.c **** 		*pBuf++ = nRF24_LL_RW(nrf, nRF24_CMD_NOP);
 13558              		.loc 1 50 2 is_stmt 1 view .LVU3590
  50:Core/Src/radio/nrf24.c **** 		*pBuf++ = nRF24_LL_RW(nrf, nRF24_CMD_NOP);
 13559              		.loc 1 50 9 view .LVU3591
  50:Core/Src/radio/nrf24.c **** 		*pBuf++ = nRF24_LL_RW(nrf, nRF24_CMD_NOP);
 13560              		.loc 1 50 14 is_stmt 0 view .LVU3592
 13561 0110 08F1FF38 		add	r8, r8, #-1
 13562 0114 751E     		subs	r5, r6, #1
 13563              	.LVL1216:
  50:Core/Src/radio/nrf24.c **** 		*pBuf++ = nRF24_LL_RW(nrf, nRF24_CMD_NOP);
 13564              		.loc 1 50 14 view .LVU3593
 13565 0116 4FF0FF09 		mov	r9, #255
 13566 011a 56FA88F8 		uxtab	r8, r6, r8
 13567              	.LBB2988:
 13568              	.LBB2989:
  39:Core/Src/radio/../../Inc/radio/support.h ****         Error_Handler();
 13569              		.loc 2 39 8 view .LVU3594
 13570 011e 4FF4FA66 		mov	r6, #2000
 13571              	.LVL1217:
 13572              	.L888:
  39:Core/Src/radio/../../Inc/radio/support.h ****         Error_Handler();
 13573              		.loc 2 39 8 view .LVU3595
 13574              	.LBE2989:
 13575              	.LBE2988:
  51:Core/Src/radio/nrf24.c **** 	}
 13576              		.loc 1 51 3 is_stmt 1 view .LVU3596
 13577              	.LBB2993:
 13578              	.LBB2990:
  39:Core/Src/radio/../../Inc/radio/support.h ****         Error_Handler();
 13579              		.loc 2 39 8 is_stmt 0 view .LVU3597
 13580 0122 0096     		str	r6, [sp]
 13581 0124 0123     		movs	r3, #1
 13582 0126 0DF10F02 		add	r2, sp, #15
 13583 012a 0DF10E01 		add	r1, sp, #14
 13584 012e 2068     		ldr	r0, [r4]
 13585 0130 8DF80E90 		strb	r9, [sp, #14]
 13586              	.LVL1218:
  39:Core/Src/radio/../../Inc/radio/support.h ****         Error_Handler();
ARM GAS  C:\Users\l1234\AppData\Local\Temp\ccFgEZ6h.s 			page 305


 13587              		.loc 2 39 8 view .LVU3598
 13588              	.LBE2990:
 13589              	.LBI2988:
  36:Core/Src/radio/../../Inc/radio/support.h ****     // Wait until TX buffer is empty
 13590              		.loc 2 36 23 is_stmt 1 view .LVU3599
 13591              	.LBB2991:
  38:Core/Src/radio/../../Inc/radio/support.h ****     if(HAL_SPI_TransmitReceive(nrf->hspi,&data,&result,1,2000)!=HAL_OK) {
 13592              		.loc 2 38 5 view .LVU3600
  39:Core/Src/radio/../../Inc/radio/support.h ****         Error_Handler();
 13593              		.loc 2 39 5 view .LVU3601
  39:Core/Src/radio/../../Inc/radio/support.h ****         Error_Handler();
 13594              		.loc 2 39 8 is_stmt 0 view .LVU3602
 13595 0134 FFF7FEFF 		bl	HAL_SPI_TransmitReceive
 13596              	.LVL1219:
  41:Core/Src/radio/../../Inc/radio/support.h ****     return result;
 13597              		.loc 2 41 6 is_stmt 1 view .LVU3603
 13598              		.loc 2 42 5 view .LVU3604
  39:Core/Src/radio/../../Inc/radio/support.h ****         Error_Handler();
 13599              		.loc 2 39 7 is_stmt 0 view .LVU3605
 13600 0138 A0B9     		cbnz	r0, .L918
 13601              		.loc 2 42 12 view .LVU3606
 13602 013a 9DF80F30 		ldrb	r3, [sp, #15]	@ zero_extendqisi2
 13603              	.LVL1220:
 13604              		.loc 2 42 12 view .LVU3607
 13605              	.LBE2991:
 13606              	.LBE2993:
  51:Core/Src/radio/nrf24.c **** 	}
 13607              		.loc 1 51 11 view .LVU3608
 13608 013e 05F8013F 		strb	r3, [r5, #1]!
 13609              	.LVL1221:
  50:Core/Src/radio/nrf24.c **** 		*pBuf++ = nRF24_LL_RW(nrf, nRF24_CMD_NOP);
 13610              		.loc 1 50 9 is_stmt 1 view .LVU3609
  50:Core/Src/radio/nrf24.c **** 		*pBuf++ = nRF24_LL_RW(nrf, nRF24_CMD_NOP);
 13611              		.loc 1 50 9 is_stmt 0 view .LVU3610
 13612 0142 A845     		cmp	r8, r5
 13613 0144 EDD1     		bne	.L888
 13614              	.LVL1222:
 13615              	.L887:
  53:Core/Src/radio/nrf24.c **** }
 13616              		.loc 1 53 2 is_stmt 1 view .LVU3611
 13617              	.LBB2994:
 13618              	.LBI2994:
  31:Core/Src/radio/../../Inc/radio/support.h ****     HAL_GPIO_WritePin(nrf->csPort, nrf->csPin, GPIO_PIN_SET);
 13619              		.loc 2 31 20 view .LVU3612
 13620              	.LBB2995:
  32:Core/Src/radio/../../Inc/radio/support.h **** }
 13621              		.loc 2 32 5 view .LVU3613
 13622 0146 E068     		ldr	r0, [r4, #12]
 13623 0148 0122     		movs	r2, #1
 13624 014a 218A     		ldrh	r1, [r4, #16]
 13625 014c FFF7FEFF 		bl	HAL_GPIO_WritePin
 13626              	.LVL1223:
  32:Core/Src/radio/../../Inc/radio/support.h **** }
 13627              		.loc 2 32 5 is_stmt 0 view .LVU3614
 13628              	.LBE2995:
 13629              	.LBE2994:
 13630              	.LBE2981:
ARM GAS  C:\Users\l1234\AppData\Local\Temp\ccFgEZ6h.s 			page 306


 13631              	.LBE2980:
 13632              	.LBE3019:
 13633              	.LBE3021:
 13634              		.loc 1 590 1 view .LVU3615
 13635 0150 3846     		mov	r0, r7
 13636 0152 05B0     		add	sp, sp, #20
 13637              	.LCFI171:
 13638              		.cfi_remember_state
 13639              		.cfi_def_cfa_offset 28
 13640              		@ sp needed
 13641 0154 BDE8F083 		pop	{r4, r5, r6, r7, r8, r9, pc}
 13642              	.LVL1224:
 13643              	.L913:
 13644              	.LCFI172:
 13645              		.cfi_restore_state
 13646              	.LBB3022:
 13647              	.LBB3020:
 13648              	.LBB3000:
 13649              	.LBB2961:
 13650              	.LBB2958:
 13651              	.LBB2953:
  40:Core/Src/radio/../../Inc/radio/support.h ****     };
 13652              		.loc 2 40 9 is_stmt 1 view .LVU3616
 13653 0158 FFF7FEFF 		bl	Error_Handler
 13654              	.LVL1225:
 13655 015c 7CE7     		b	.L876
 13656              	.LVL1226:
 13657              	.L912:
  40:Core/Src/radio/../../Inc/radio/support.h ****     };
 13658              		.loc 2 40 9 is_stmt 0 view .LVU3617
 13659              	.LBE2953:
 13660              	.LBE2958:
 13661              	.LBB2959:
 13662              	.LBB2949:
  40:Core/Src/radio/../../Inc/radio/support.h ****     };
 13663              		.loc 2 40 9 is_stmt 1 view .LVU3618
 13664 015e FFF7FEFF 		bl	Error_Handler
 13665              	.LVL1227:
 13666 0162 69E7     		b	.L875
 13667              	.LVL1228:
 13668              	.L918:
  40:Core/Src/radio/../../Inc/radio/support.h ****     };
 13669              		.loc 2 40 9 is_stmt 0 view .LVU3619
 13670              	.LBE2949:
 13671              	.LBE2959:
 13672              	.LBE2961:
 13673              	.LBE3000:
 13674              	.LBB3001:
 13675              	.LBB2998:
 13676              	.LBB2996:
 13677              	.LBB2992:
  40:Core/Src/radio/../../Inc/radio/support.h ****     };
 13678              		.loc 2 40 9 is_stmt 1 view .LVU3620
 13679 0164 FFF7FEFF 		bl	Error_Handler
 13680              	.LVL1229:
  41:Core/Src/radio/../../Inc/radio/support.h ****     return result;
 13681              		.loc 2 41 6 view .LVU3621
ARM GAS  C:\Users\l1234\AppData\Local\Temp\ccFgEZ6h.s 			page 307


 13682              		.loc 2 42 5 view .LVU3622
 13683              		.loc 2 42 12 is_stmt 0 view .LVU3623
 13684 0168 9DF80F30 		ldrb	r3, [sp, #15]	@ zero_extendqisi2
 13685              	.LVL1230:
 13686              		.loc 2 42 12 view .LVU3624
 13687              	.LBE2992:
 13688              	.LBE2996:
  51:Core/Src/radio/nrf24.c **** 	}
 13689              		.loc 1 51 11 view .LVU3625
 13690 016c 05F8013F 		strb	r3, [r5, #1]!
 13691              	.LVL1231:
  50:Core/Src/radio/nrf24.c **** 		*pBuf++ = nRF24_LL_RW(nrf, nRF24_CMD_NOP);
 13692              		.loc 1 50 9 is_stmt 1 view .LVU3626
  50:Core/Src/radio/nrf24.c **** 		*pBuf++ = nRF24_LL_RW(nrf, nRF24_CMD_NOP);
 13693              		.loc 1 50 9 is_stmt 0 view .LVU3627
 13694 0170 4545     		cmp	r5, r8
 13695 0172 D6D1     		bne	.L888
 13696 0174 E7E7     		b	.L887
 13697              	.LVL1232:
 13698              	.L880:
  50:Core/Src/radio/nrf24.c **** 		*pBuf++ = nRF24_LL_RW(nrf, nRF24_CMD_NOP);
 13699              		.loc 1 50 9 view .LVU3628
 13700              	.LBE2998:
 13701              	.LBE3001:
 556:Core/Src/radio/nrf24.c **** 				nRF24_FlushRX(nrf);
 13702              		.loc 1 556 5 is_stmt 1 view .LVU3629
 556:Core/Src/radio/nrf24.c **** 				nRF24_FlushRX(nrf);
 13703              		.loc 1 556 13 is_stmt 0 view .LVU3630
 13704 0176 0022     		movs	r2, #0
 13705 0178 2A70     		strb	r2, [r5]
 557:Core/Src/radio/nrf24.c **** 			}
 13706              		.loc 1 557 5 is_stmt 1 view .LVU3631
 13707              	.LVL1233:
 13708              	.LBB3002:
 13709              	.LBI3002:
 510:Core/Src/radio/nrf24.c **** 	nRF24_WriteReg(nrf, nRF24_CMD_FLUSH_RX, nRF24_CMD_NOP);
 13710              		.loc 1 510 6 view .LVU3632
 511:Core/Src/radio/nrf24.c **** }
 13711              		.loc 1 511 2 view .LVU3633
 13712              	.LBB3003:
 13713              	.LBI3003:
  24:Core/Src/radio/nrf24.c **** 	nRF24_CSN_L(nrf);
 13714              		.loc 1 24 6 view .LVU3634
 13715              	.LBB3004:
  25:Core/Src/radio/nrf24.c **** 	if (reg < nRF24_CMD_W_REGISTER) {
 13716              		.loc 1 25 2 view .LVU3635
 13717              	.LBB3005:
 13718              	.LBI3005:
  27:Core/Src/radio/../../Inc/radio/support.h ****     HAL_GPIO_WritePin(nrf->csPort, nrf->csPin, GPIO_PIN_RESET);
 13719              		.loc 2 27 20 view .LVU3636
 13720              	.LBB3006:
  28:Core/Src/radio/../../Inc/radio/support.h **** }
 13721              		.loc 2 28 5 view .LVU3637
 13722 017a 218A     		ldrh	r1, [r4, #16]
 13723 017c E068     		ldr	r0, [r4, #12]
 13724 017e FFF7FEFF 		bl	HAL_GPIO_WritePin
 13725              	.LVL1234:
ARM GAS  C:\Users\l1234\AppData\Local\Temp\ccFgEZ6h.s 			page 308


  28:Core/Src/radio/../../Inc/radio/support.h **** }
 13726              		.loc 2 28 5 is_stmt 0 view .LVU3638
 13727              	.LBE3006:
 13728              	.LBE3005:
  26:Core/Src/radio/nrf24.c **** 		// This is a register access
 13729              		.loc 1 26 2 is_stmt 1 view .LVU3639
  32:Core/Src/radio/nrf24.c **** 		if ((reg != nRF24_CMD_FLUSH_TX) && (reg != nRF24_CMD_FLUSH_RX) && \
 13730              		.loc 1 32 3 view .LVU3640
 13731              	.LBB3007:
 13732              	.LBB3008:
  39:Core/Src/radio/../../Inc/radio/support.h ****         Error_Handler();
 13733              		.loc 2 39 8 is_stmt 0 view .LVU3641
 13734 0182 4FF4FA63 		mov	r3, #2000
 13735 0186 0DF10F02 		add	r2, sp, #15
 13736 018a 0DF10E01 		add	r1, sp, #14
 13737 018e 0093     		str	r3, [sp]
 13738 0190 E223     		movs	r3, #226
 13739 0192 2068     		ldr	r0, [r4]
 13740 0194 8DF80E30 		strb	r3, [sp, #14]
 13741              	.LVL1235:
  39:Core/Src/radio/../../Inc/radio/support.h ****         Error_Handler();
 13742              		.loc 2 39 8 view .LVU3642
 13743              	.LBE3008:
 13744              	.LBI3007:
  36:Core/Src/radio/../../Inc/radio/support.h ****     // Wait until TX buffer is empty
 13745              		.loc 2 36 23 is_stmt 1 view .LVU3643
 13746              	.LBB3009:
  38:Core/Src/radio/../../Inc/radio/support.h ****     if(HAL_SPI_TransmitReceive(nrf->hspi,&data,&result,1,2000)!=HAL_OK) {
 13747              		.loc 2 38 5 view .LVU3644
  39:Core/Src/radio/../../Inc/radio/support.h ****         Error_Handler();
 13748              		.loc 2 39 5 view .LVU3645
  39:Core/Src/radio/../../Inc/radio/support.h ****         Error_Handler();
 13749              		.loc 2 39 8 is_stmt 0 view .LVU3646
 13750 0198 0123     		movs	r3, #1
 13751              	.LVL1236:
  39:Core/Src/radio/../../Inc/radio/support.h ****         Error_Handler();
 13752              		.loc 2 39 8 view .LVU3647
 13753 019a FFF7FEFF 		bl	HAL_SPI_TransmitReceive
 13754              	.LVL1237:
  39:Core/Src/radio/../../Inc/radio/support.h ****         Error_Handler();
 13755              		.loc 2 39 7 view .LVU3648
 13756 019e A0B9     		cbnz	r0, .L919
 13757              	.L882:
  41:Core/Src/radio/../../Inc/radio/support.h ****     return result;
 13758              		.loc 2 41 6 is_stmt 1 view .LVU3649
 13759              		.loc 2 42 5 view .LVU3650
 13760              	.LVL1238:
 13761              		.loc 2 42 5 is_stmt 0 view .LVU3651
 13762              	.LBE3009:
 13763              	.LBE3007:
  33:Core/Src/radio/nrf24.c **** 				(reg != nRF24_CMD_REUSE_TX_PL) && (reg != nRF24_CMD_NOP)) {
 13764              		.loc 1 33 3 is_stmt 1 view .LVU3652
  39:Core/Src/radio/nrf24.c **** }
 13765              		.loc 1 39 2 view .LVU3653
 13766              	.LBB3011:
 13767              	.LBI3011:
  31:Core/Src/radio/../../Inc/radio/support.h ****     HAL_GPIO_WritePin(nrf->csPort, nrf->csPin, GPIO_PIN_SET);
ARM GAS  C:\Users\l1234\AppData\Local\Temp\ccFgEZ6h.s 			page 309


 13768              		.loc 2 31 20 view .LVU3654
 13769              	.LBB3012:
  32:Core/Src/radio/../../Inc/radio/support.h **** }
 13770              		.loc 2 32 5 view .LVU3655
 13771 01a0 0122     		movs	r2, #1
 13772 01a2 218A     		ldrh	r1, [r4, #16]
 13773 01a4 E068     		ldr	r0, [r4, #12]
 13774 01a6 FFF7FEFF 		bl	HAL_GPIO_WritePin
 13775              	.LVL1239:
  32:Core/Src/radio/../../Inc/radio/support.h **** }
 13776              		.loc 2 32 5 is_stmt 0 view .LVU3656
 13777              	.LBE3012:
 13778              	.LBE3011:
 13779              	.LBE3004:
 13780              	.LBE3003:
 13781              	.LBE3002:
 564:Core/Src/radio/nrf24.c **** 			nRF24_ReadMBReg(nrf, nRF24_CMD_R_RX_PAYLOAD, pBuf, *length);
 13782              		.loc 1 564 7 view .LVU3657
 13783 01aa 95F80080 		ldrb	r8, [r5]	@ zero_extendqisi2
 13784              	.LVL1240:
 564:Core/Src/radio/nrf24.c **** 			nRF24_ReadMBReg(nrf, nRF24_CMD_R_RX_PAYLOAD, pBuf, *length);
 13785              		.loc 1 564 3 is_stmt 1 view .LVU3658
 564:Core/Src/radio/nrf24.c **** 			nRF24_ReadMBReg(nrf, nRF24_CMD_R_RX_PAYLOAD, pBuf, *length);
 13786              		.loc 1 564 6 is_stmt 0 view .LVU3659
 13787 01ae B8F1000F 		cmp	r8, #0
 13788 01b2 3FF45FAF 		beq	.L889
 13789 01b6 96E7     		b	.L920
 13790              	.LVL1241:
 13791              	.L916:
 13792              	.LBB3016:
 13793              	.LBB2979:
 13794              	.LBB2977:
 13795              	.LBB2974:
  40:Core/Src/radio/../../Inc/radio/support.h ****     };
 13796              		.loc 2 40 9 is_stmt 1 view .LVU3660
 13797 01b8 FFF7FEFF 		bl	Error_Handler
 13798              	.LVL1242:
 13799 01bc 84E7     		b	.L879
 13800              	.LVL1243:
 13801              	.L915:
  40:Core/Src/radio/../../Inc/radio/support.h ****     };
 13802              		.loc 2 40 9 is_stmt 0 view .LVU3661
 13803              	.LBE2974:
 13804              	.LBE2977:
 13805              	.LBB2978:
 13806              	.LBB2970:
  40:Core/Src/radio/../../Inc/radio/support.h ****     };
 13807              		.loc 2 40 9 is_stmt 1 view .LVU3662
 13808 01be FFF7FEFF 		bl	Error_Handler
 13809              	.LVL1244:
 13810 01c2 71E7     		b	.L878
 13811              	.LVL1245:
 13812              	.L917:
  40:Core/Src/radio/../../Inc/radio/support.h ****     };
 13813              		.loc 2 40 9 is_stmt 0 view .LVU3663
 13814              	.LBE2970:
 13815              	.LBE2978:
ARM GAS  C:\Users\l1234\AppData\Local\Temp\ccFgEZ6h.s 			page 310


 13816              	.LBE2979:
 13817              	.LBE3016:
 13818              	.LBB3017:
 13819              	.LBB2999:
 13820              	.LBB2997:
 13821              	.LBB2987:
  40:Core/Src/radio/../../Inc/radio/support.h ****     };
 13822              		.loc 2 40 9 is_stmt 1 view .LVU3664
 13823 01c4 FFF7FEFF 		bl	Error_Handler
 13824              	.LVL1246:
 13825 01c8 A2E7     		b	.L884
 13826              	.LVL1247:
 13827              	.L919:
  40:Core/Src/radio/../../Inc/radio/support.h ****     };
 13828              		.loc 2 40 9 is_stmt 0 view .LVU3665
 13829              	.LBE2987:
 13830              	.LBE2997:
 13831              	.LBE2999:
 13832              	.LBE3017:
 13833              	.LBB3018:
 13834              	.LBB3015:
 13835              	.LBB3014:
 13836              	.LBB3013:
 13837              	.LBB3010:
  40:Core/Src/radio/../../Inc/radio/support.h ****     };
 13838              		.loc 2 40 9 is_stmt 1 view .LVU3666
 13839 01ca FFF7FEFF 		bl	Error_Handler
 13840              	.LVL1248:
 13841 01ce E7E7     		b	.L882
 13842              	.LBE3010:
 13843              	.LBE3013:
 13844              	.LBE3014:
 13845              	.LBE3015:
 13846              	.LBE3018:
 13847              	.LBE3020:
 13848              	.LBE3022:
 13849              		.cfi_endproc
 13850              	.LFE189:
 13852              		.section	.text.nRF24_GetFeatures,"ax",%progbits
 13853              		.align	1
 13854              		.p2align 2,,3
 13855              		.global	nRF24_GetFeatures
 13856              		.syntax unified
 13857              		.thumb
 13858              		.thumb_func
 13860              	nRF24_GetFeatures:
 13861              	.LVL1249:
 13862              	.LFB190:
 591:Core/Src/radio/nrf24.c **** 
 592:Core/Src/radio/nrf24.c **** uint8_t nRF24_GetFeatures(const NRF24_TypeDef *nrf) {
 13863              		.loc 1 592 53 view -0
 13864              		.cfi_startproc
 13865              		@ args = 0, pretend = 0, frame = 8
 13866              		@ frame_needed = 0, uses_anonymous_args = 0
 593:Core/Src/radio/nrf24.c ****     return nRF24_ReadReg(nrf, nRF24_REG_FEATURE);
 13867              		.loc 1 593 5 view .LVU3668
 592:Core/Src/radio/nrf24.c ****     return nRF24_ReadReg(nrf, nRF24_REG_FEATURE);
ARM GAS  C:\Users\l1234\AppData\Local\Temp\ccFgEZ6h.s 			page 311


 13868              		.loc 1 592 53 is_stmt 0 view .LVU3669
 13869 0000 30B5     		push	{r4, r5, lr}
 13870              	.LCFI173:
 13871              		.cfi_def_cfa_offset 12
 13872              		.cfi_offset 4, -12
 13873              		.cfi_offset 5, -8
 13874              		.cfi_offset 14, -4
 13875              	.LBB3033:
 13876              	.LBB3034:
 13877              	.LBB3035:
 13878              	.LBB3036:
  28:Core/Src/radio/../../Inc/radio/support.h **** }
 13879              		.loc 2 28 5 view .LVU3670
 13880 0002 018A     		ldrh	r1, [r0, #16]
 13881              	.LBE3036:
 13882              	.LBE3035:
 13883              	.LBE3034:
 13884              	.LBE3033:
 592:Core/Src/radio/nrf24.c ****     return nRF24_ReadReg(nrf, nRF24_REG_FEATURE);
 13885              		.loc 1 592 53 view .LVU3671
 13886 0004 85B0     		sub	sp, sp, #20
 13887              	.LCFI174:
 13888              		.cfi_def_cfa_offset 32
 13889              	.LBB3056:
 13890              	.LBB3053:
 13891              	.LBB3039:
 13892              	.LBB3037:
  28:Core/Src/radio/../../Inc/radio/support.h **** }
 13893              		.loc 2 28 5 view .LVU3672
 13894 0006 0022     		movs	r2, #0
 13895              	.LBE3037:
 13896              	.LBE3039:
 13897              	.LBE3053:
 13898              	.LBE3056:
 592:Core/Src/radio/nrf24.c ****     return nRF24_ReadReg(nrf, nRF24_REG_FEATURE);
 13899              		.loc 1 592 53 view .LVU3673
 13900 0008 0446     		mov	r4, r0
 13901              	.LVL1250:
 13902              	.LBB3057:
 13903              	.LBI3033:
   9:Core/Src/radio/nrf24.c **** 	uint8_t value;
 13904              		.loc 1 9 9 is_stmt 1 view .LVU3674
 13905              	.LBB3054:
  10:Core/Src/radio/nrf24.c **** 
 13906              		.loc 1 10 2 view .LVU3675
  12:Core/Src/radio/nrf24.c **** 	nRF24_LL_RW(nrf, reg & nRF24_MASK_REG_MAP);
 13907              		.loc 1 12 2 view .LVU3676
 13908              	.LBB3040:
 13909              	.LBI3035:
  27:Core/Src/radio/../../Inc/radio/support.h ****     HAL_GPIO_WritePin(nrf->csPort, nrf->csPin, GPIO_PIN_RESET);
 13910              		.loc 2 27 20 view .LVU3677
 13911              	.LBB3038:
  28:Core/Src/radio/../../Inc/radio/support.h **** }
 13912              		.loc 2 28 5 view .LVU3678
 13913 000a C068     		ldr	r0, [r0, #12]
 13914              	.LVL1251:
  28:Core/Src/radio/../../Inc/radio/support.h **** }
ARM GAS  C:\Users\l1234\AppData\Local\Temp\ccFgEZ6h.s 			page 312


 13915              		.loc 2 28 5 is_stmt 0 view .LVU3679
 13916 000c FFF7FEFF 		bl	HAL_GPIO_WritePin
 13917              	.LVL1252:
  28:Core/Src/radio/../../Inc/radio/support.h **** }
 13918              		.loc 2 28 5 view .LVU3680
 13919              	.LBE3038:
 13920              	.LBE3040:
  13:Core/Src/radio/nrf24.c **** 	value = nRF24_LL_RW(nrf, nRF24_CMD_NOP);
 13921              		.loc 1 13 2 is_stmt 1 view .LVU3681
 13922              	.LBB3041:
 13923              	.LBB3042:
  39:Core/Src/radio/../../Inc/radio/support.h ****         Error_Handler();
 13924              		.loc 2 39 8 is_stmt 0 view .LVU3682
 13925 0010 4FF4FA63 		mov	r3, #2000
 13926 0014 1D22     		movs	r2, #29
 13927 0016 0DF10E01 		add	r1, sp, #14
 13928 001a 0093     		str	r3, [sp]
 13929 001c 0123     		movs	r3, #1
 13930 001e 8DF80E20 		strb	r2, [sp, #14]
 13931              	.LVL1253:
  39:Core/Src/radio/../../Inc/radio/support.h ****         Error_Handler();
 13932              		.loc 2 39 8 view .LVU3683
 13933              	.LBE3042:
 13934              	.LBI3041:
  36:Core/Src/radio/../../Inc/radio/support.h ****     // Wait until TX buffer is empty
 13935              		.loc 2 36 23 is_stmt 1 view .LVU3684
 13936              	.LBB3043:
  38:Core/Src/radio/../../Inc/radio/support.h ****     if(HAL_SPI_TransmitReceive(nrf->hspi,&data,&result,1,2000)!=HAL_OK) {
 13937              		.loc 2 38 5 view .LVU3685
  39:Core/Src/radio/../../Inc/radio/support.h ****         Error_Handler();
 13938              		.loc 2 39 5 view .LVU3686
  39:Core/Src/radio/../../Inc/radio/support.h ****         Error_Handler();
 13939              		.loc 2 39 8 is_stmt 0 view .LVU3687
 13940 0022 0DF10F02 		add	r2, sp, #15
 13941              	.LVL1254:
  39:Core/Src/radio/../../Inc/radio/support.h ****         Error_Handler();
 13942              		.loc 2 39 8 view .LVU3688
 13943 0026 2068     		ldr	r0, [r4]
 13944 0028 FFF7FEFF 		bl	HAL_SPI_TransmitReceive
 13945              	.LVL1255:
  39:Core/Src/radio/../../Inc/radio/support.h ****         Error_Handler();
 13946              		.loc 2 39 7 view .LVU3689
 13947 002c C0B9     		cbnz	r0, .L931
 13948              	.L922:
  41:Core/Src/radio/../../Inc/radio/support.h ****     return result;
 13949              		.loc 2 41 6 is_stmt 1 view .LVU3690
 13950              		.loc 2 42 5 view .LVU3691
 13951              	.LVL1256:
 13952              		.loc 2 42 5 is_stmt 0 view .LVU3692
 13953              	.LBE3043:
 13954              	.LBE3041:
  14:Core/Src/radio/nrf24.c **** 	nRF24_CSN_H(nrf);
 13955              		.loc 1 14 2 is_stmt 1 view .LVU3693
 13956              	.LBB3045:
 13957              	.LBB3046:
  39:Core/Src/radio/../../Inc/radio/support.h ****         Error_Handler();
 13958              		.loc 2 39 8 is_stmt 0 view .LVU3694
ARM GAS  C:\Users\l1234\AppData\Local\Temp\ccFgEZ6h.s 			page 313


 13959 002e 4FF4FA63 		mov	r3, #2000
 13960 0032 FF20     		movs	r0, #255
 13961 0034 0DF10F02 		add	r2, sp, #15
 13962 0038 0DF10E01 		add	r1, sp, #14
 13963 003c 0093     		str	r3, [sp]
 13964 003e 0123     		movs	r3, #1
 13965 0040 8DF80E00 		strb	r0, [sp, #14]
 13966              	.LVL1257:
  39:Core/Src/radio/../../Inc/radio/support.h ****         Error_Handler();
 13967              		.loc 2 39 8 view .LVU3695
 13968              	.LBE3046:
 13969              	.LBI3045:
  36:Core/Src/radio/../../Inc/radio/support.h ****     // Wait until TX buffer is empty
 13970              		.loc 2 36 23 is_stmt 1 view .LVU3696
 13971              	.LBB3047:
  38:Core/Src/radio/../../Inc/radio/support.h ****     if(HAL_SPI_TransmitReceive(nrf->hspi,&data,&result,1,2000)!=HAL_OK) {
 13972              		.loc 2 38 5 view .LVU3697
  39:Core/Src/radio/../../Inc/radio/support.h ****         Error_Handler();
 13973              		.loc 2 39 5 view .LVU3698
  39:Core/Src/radio/../../Inc/radio/support.h ****         Error_Handler();
 13974              		.loc 2 39 8 is_stmt 0 view .LVU3699
 13975 0044 2068     		ldr	r0, [r4]
 13976              	.LVL1258:
  39:Core/Src/radio/../../Inc/radio/support.h ****         Error_Handler();
 13977              		.loc 2 39 8 view .LVU3700
 13978 0046 FFF7FEFF 		bl	HAL_SPI_TransmitReceive
 13979              	.LVL1259:
  39:Core/Src/radio/../../Inc/radio/support.h ****         Error_Handler();
 13980              		.loc 2 39 7 view .LVU3701
 13981 004a 60B9     		cbnz	r0, .L932
 13982              	.L923:
  41:Core/Src/radio/../../Inc/radio/support.h ****     return result;
 13983              		.loc 2 41 6 is_stmt 1 view .LVU3702
 13984              		.loc 2 42 5 view .LVU3703
 13985              		.loc 2 42 12 is_stmt 0 view .LVU3704
 13986 004c 9DF80F50 		ldrb	r5, [sp, #15]	@ zero_extendqisi2
 13987              	.LVL1260:
 13988              		.loc 2 42 12 view .LVU3705
 13989              	.LBE3047:
 13990              	.LBE3045:
  15:Core/Src/radio/nrf24.c **** 
 13991              		.loc 1 15 2 is_stmt 1 view .LVU3706
 13992              	.LBB3049:
 13993              	.LBI3049:
  31:Core/Src/radio/../../Inc/radio/support.h ****     HAL_GPIO_WritePin(nrf->csPort, nrf->csPin, GPIO_PIN_SET);
 13994              		.loc 2 31 20 view .LVU3707
 13995              	.LBB3050:
  32:Core/Src/radio/../../Inc/radio/support.h **** }
 13996              		.loc 2 32 5 view .LVU3708
 13997 0050 0122     		movs	r2, #1
 13998 0052 E068     		ldr	r0, [r4, #12]
 13999 0054 218A     		ldrh	r1, [r4, #16]
 14000 0056 FFF7FEFF 		bl	HAL_GPIO_WritePin
 14001              	.LVL1261:
  32:Core/Src/radio/../../Inc/radio/support.h **** }
 14002              		.loc 2 32 5 is_stmt 0 view .LVU3709
 14003              	.LBE3050:
ARM GAS  C:\Users\l1234\AppData\Local\Temp\ccFgEZ6h.s 			page 314


 14004              	.LBE3049:
  17:Core/Src/radio/nrf24.c **** }
 14005              		.loc 1 17 2 is_stmt 1 view .LVU3710
  17:Core/Src/radio/nrf24.c **** }
 14006              		.loc 1 17 2 is_stmt 0 view .LVU3711
 14007              	.LBE3054:
 14008              	.LBE3057:
 594:Core/Src/radio/nrf24.c **** }
 14009              		.loc 1 594 1 view .LVU3712
 14010 005a 2846     		mov	r0, r5
 14011 005c 05B0     		add	sp, sp, #20
 14012              	.LCFI175:
 14013              		.cfi_remember_state
 14014              		.cfi_def_cfa_offset 12
 14015              		@ sp needed
 14016 005e 30BD     		pop	{r4, r5, pc}
 14017              	.LVL1262:
 14018              	.L931:
 14019              	.LCFI176:
 14020              		.cfi_restore_state
 14021              	.LBB3058:
 14022              	.LBB3055:
 14023              	.LBB3051:
 14024              	.LBB3044:
  40:Core/Src/radio/../../Inc/radio/support.h ****     };
 14025              		.loc 2 40 9 is_stmt 1 view .LVU3713
 14026 0060 FFF7FEFF 		bl	Error_Handler
 14027              	.LVL1263:
 14028 0064 E3E7     		b	.L922
 14029              	.LVL1264:
 14030              	.L932:
  40:Core/Src/radio/../../Inc/radio/support.h ****     };
 14031              		.loc 2 40 9 is_stmt 0 view .LVU3714
 14032              	.LBE3044:
 14033              	.LBE3051:
 14034              	.LBB3052:
 14035              	.LBB3048:
  40:Core/Src/radio/../../Inc/radio/support.h ****     };
 14036              		.loc 2 40 9 is_stmt 1 view .LVU3715
 14037 0066 FFF7FEFF 		bl	Error_Handler
 14038              	.LVL1265:
 14039 006a EFE7     		b	.L923
 14040              	.LBE3048:
 14041              	.LBE3052:
 14042              	.LBE3055:
 14043              	.LBE3058:
 14044              		.cfi_endproc
 14045              	.LFE190:
 14047              		.section	.text.nRF24_ActivateFeatures,"ax",%progbits
 14048              		.align	1
 14049              		.p2align 2,,3
 14050              		.global	nRF24_ActivateFeatures
 14051              		.syntax unified
 14052              		.thumb
 14053              		.thumb_func
 14055              	nRF24_ActivateFeatures:
 14056              	.LVL1266:
ARM GAS  C:\Users\l1234\AppData\Local\Temp\ccFgEZ6h.s 			page 315


 14057              	.LFB191:
 595:Core/Src/radio/nrf24.c **** void nRF24_ActivateFeatures(const NRF24_TypeDef *nrf) {
 14058              		.loc 1 595 55 view -0
 14059              		.cfi_startproc
 14060              		@ args = 0, pretend = 0, frame = 8
 14061              		@ frame_needed = 0, uses_anonymous_args = 0
 596:Core/Src/radio/nrf24.c ****     nRF24_CSN_L(nrf);
 14062              		.loc 1 596 5 view .LVU3717
 595:Core/Src/radio/nrf24.c **** void nRF24_ActivateFeatures(const NRF24_TypeDef *nrf) {
 14063              		.loc 1 595 55 is_stmt 0 view .LVU3718
 14064 0000 10B5     		push	{r4, lr}
 14065              	.LCFI177:
 14066              		.cfi_def_cfa_offset 8
 14067              		.cfi_offset 4, -8
 14068              		.cfi_offset 14, -4
 14069              	.LBB3067:
 14070              	.LBB3068:
  28:Core/Src/radio/../../Inc/radio/support.h **** }
 14071              		.loc 2 28 5 view .LVU3719
 14072 0002 018A     		ldrh	r1, [r0, #16]
 14073              	.LBE3068:
 14074              	.LBE3067:
 595:Core/Src/radio/nrf24.c **** void nRF24_ActivateFeatures(const NRF24_TypeDef *nrf) {
 14075              		.loc 1 595 55 view .LVU3720
 14076 0004 84B0     		sub	sp, sp, #16
 14077              	.LCFI178:
 14078              		.cfi_def_cfa_offset 24
 14079              	.LBB3071:
 14080              	.LBB3069:
  28:Core/Src/radio/../../Inc/radio/support.h **** }
 14081              		.loc 2 28 5 view .LVU3721
 14082 0006 0022     		movs	r2, #0
 14083              	.LBE3069:
 14084              	.LBE3071:
 595:Core/Src/radio/nrf24.c **** void nRF24_ActivateFeatures(const NRF24_TypeDef *nrf) {
 14085              		.loc 1 595 55 view .LVU3722
 14086 0008 0446     		mov	r4, r0
 14087              	.LVL1267:
 14088              	.LBB3072:
 14089              	.LBI3067:
  27:Core/Src/radio/../../Inc/radio/support.h ****     HAL_GPIO_WritePin(nrf->csPort, nrf->csPin, GPIO_PIN_RESET);
 14090              		.loc 2 27 20 is_stmt 1 view .LVU3723
 14091              	.LBB3070:
  28:Core/Src/radio/../../Inc/radio/support.h **** }
 14092              		.loc 2 28 5 view .LVU3724
 14093 000a C068     		ldr	r0, [r0, #12]
 14094              	.LVL1268:
  28:Core/Src/radio/../../Inc/radio/support.h **** }
 14095              		.loc 2 28 5 is_stmt 0 view .LVU3725
 14096 000c FFF7FEFF 		bl	HAL_GPIO_WritePin
 14097              	.LVL1269:
  28:Core/Src/radio/../../Inc/radio/support.h **** }
 14098              		.loc 2 28 5 view .LVU3726
 14099              	.LBE3070:
 14100              	.LBE3072:
 597:Core/Src/radio/nrf24.c ****     nRF24_LL_RW(nrf, nRF24_CMD_ACTIVATE);
 14101              		.loc 1 597 5 is_stmt 1 view .LVU3727
ARM GAS  C:\Users\l1234\AppData\Local\Temp\ccFgEZ6h.s 			page 316


 14102              	.LBB3073:
 14103              	.LBB3074:
  39:Core/Src/radio/../../Inc/radio/support.h ****         Error_Handler();
 14104              		.loc 2 39 8 is_stmt 0 view .LVU3728
 14105 0010 4FF4FA63 		mov	r3, #2000
 14106 0014 5022     		movs	r2, #80
 14107 0016 0DF10E01 		add	r1, sp, #14
 14108 001a 0093     		str	r3, [sp]
 14109 001c 0123     		movs	r3, #1
 14110 001e 8DF80E20 		strb	r2, [sp, #14]
 14111              	.LVL1270:
  39:Core/Src/radio/../../Inc/radio/support.h ****         Error_Handler();
 14112              		.loc 2 39 8 view .LVU3729
 14113              	.LBE3074:
 14114              	.LBI3073:
  36:Core/Src/radio/../../Inc/radio/support.h ****     // Wait until TX buffer is empty
 14115              		.loc 2 36 23 is_stmt 1 view .LVU3730
 14116              	.LBB3075:
  38:Core/Src/radio/../../Inc/radio/support.h ****     if(HAL_SPI_TransmitReceive(nrf->hspi,&data,&result,1,2000)!=HAL_OK) {
 14117              		.loc 2 38 5 view .LVU3731
  39:Core/Src/radio/../../Inc/radio/support.h ****         Error_Handler();
 14118              		.loc 2 39 5 view .LVU3732
  39:Core/Src/radio/../../Inc/radio/support.h ****         Error_Handler();
 14119              		.loc 2 39 8 is_stmt 0 view .LVU3733
 14120 0022 0DF10F02 		add	r2, sp, #15
 14121              	.LVL1271:
  39:Core/Src/radio/../../Inc/radio/support.h ****         Error_Handler();
 14122              		.loc 2 39 8 view .LVU3734
 14123 0026 2068     		ldr	r0, [r4]
 14124 0028 FFF7FEFF 		bl	HAL_SPI_TransmitReceive
 14125              	.LVL1272:
  39:Core/Src/radio/../../Inc/radio/support.h ****         Error_Handler();
 14126              		.loc 2 39 7 view .LVU3735
 14127 002c B0B9     		cbnz	r0, .L943
 14128              	.L934:
  41:Core/Src/radio/../../Inc/radio/support.h ****     return result;
 14129              		.loc 2 41 6 is_stmt 1 view .LVU3736
 14130              		.loc 2 42 5 view .LVU3737
 14131              	.LVL1273:
 14132              		.loc 2 42 5 is_stmt 0 view .LVU3738
 14133              	.LBE3075:
 14134              	.LBE3073:
 598:Core/Src/radio/nrf24.c ****     nRF24_LL_RW(nrf, 0x73);
 14135              		.loc 1 598 5 is_stmt 1 view .LVU3739
 14136              	.LBB3077:
 14137              	.LBB3078:
  39:Core/Src/radio/../../Inc/radio/support.h ****         Error_Handler();
 14138              		.loc 2 39 8 is_stmt 0 view .LVU3740
 14139 002e 4FF4FA63 		mov	r3, #2000
 14140 0032 7320     		movs	r0, #115
 14141 0034 0DF10F02 		add	r2, sp, #15
 14142 0038 0DF10E01 		add	r1, sp, #14
 14143 003c 0093     		str	r3, [sp]
 14144 003e 0123     		movs	r3, #1
 14145 0040 8DF80E00 		strb	r0, [sp, #14]
 14146              	.LVL1274:
  39:Core/Src/radio/../../Inc/radio/support.h ****         Error_Handler();
ARM GAS  C:\Users\l1234\AppData\Local\Temp\ccFgEZ6h.s 			page 317


 14147              		.loc 2 39 8 view .LVU3741
 14148              	.LBE3078:
 14149              	.LBI3077:
  36:Core/Src/radio/../../Inc/radio/support.h ****     // Wait until TX buffer is empty
 14150              		.loc 2 36 23 is_stmt 1 view .LVU3742
 14151              	.LBB3079:
  38:Core/Src/radio/../../Inc/radio/support.h ****     if(HAL_SPI_TransmitReceive(nrf->hspi,&data,&result,1,2000)!=HAL_OK) {
 14152              		.loc 2 38 5 view .LVU3743
  39:Core/Src/radio/../../Inc/radio/support.h ****         Error_Handler();
 14153              		.loc 2 39 5 view .LVU3744
  39:Core/Src/radio/../../Inc/radio/support.h ****         Error_Handler();
 14154              		.loc 2 39 8 is_stmt 0 view .LVU3745
 14155 0044 2068     		ldr	r0, [r4]
 14156              	.LVL1275:
  39:Core/Src/radio/../../Inc/radio/support.h ****         Error_Handler();
 14157              		.loc 2 39 8 view .LVU3746
 14158 0046 FFF7FEFF 		bl	HAL_SPI_TransmitReceive
 14159              	.LVL1276:
  39:Core/Src/radio/../../Inc/radio/support.h ****         Error_Handler();
 14160              		.loc 2 39 7 view .LVU3747
 14161 004a 50B9     		cbnz	r0, .L944
 14162              	.L935:
  41:Core/Src/radio/../../Inc/radio/support.h ****     return result;
 14163              		.loc 2 41 6 is_stmt 1 view .LVU3748
 14164              		.loc 2 42 5 view .LVU3749
 14165              	.LVL1277:
 14166              		.loc 2 42 5 is_stmt 0 view .LVU3750
 14167              	.LBE3079:
 14168              	.LBE3077:
 599:Core/Src/radio/nrf24.c ****     nRF24_CSN_H(nrf);
 14169              		.loc 1 599 5 is_stmt 1 view .LVU3751
 14170              	.LBB3081:
 14171              	.LBI3081:
  31:Core/Src/radio/../../Inc/radio/support.h ****     HAL_GPIO_WritePin(nrf->csPort, nrf->csPin, GPIO_PIN_SET);
 14172              		.loc 2 31 20 view .LVU3752
 14173              	.LBB3082:
  32:Core/Src/radio/../../Inc/radio/support.h **** }
 14174              		.loc 2 32 5 view .LVU3753
 14175 004c 0122     		movs	r2, #1
 14176 004e 218A     		ldrh	r1, [r4, #16]
 14177 0050 E068     		ldr	r0, [r4, #12]
 14178              	.LBE3082:
 14179              	.LBE3081:
 600:Core/Src/radio/nrf24.c **** }
 14180              		.loc 1 600 1 is_stmt 0 view .LVU3754
 14181 0052 04B0     		add	sp, sp, #16
 14182              	.LCFI179:
 14183              		.cfi_remember_state
 14184              		.cfi_def_cfa_offset 8
 14185              		@ sp needed
 14186 0054 BDE81040 		pop	{r4, lr}
 14187              	.LCFI180:
 14188              		.cfi_restore 14
 14189              		.cfi_restore 4
 14190              		.cfi_def_cfa_offset 0
 14191              	.LVL1278:
 14192              	.LBB3084:
ARM GAS  C:\Users\l1234\AppData\Local\Temp\ccFgEZ6h.s 			page 318


 14193              	.LBB3083:
  32:Core/Src/radio/../../Inc/radio/support.h **** }
 14194              		.loc 2 32 5 view .LVU3755
 14195 0058 FFF7FEBF 		b	HAL_GPIO_WritePin
 14196              	.LVL1279:
 14197              	.L943:
 14198              	.LCFI181:
 14199              		.cfi_restore_state
  32:Core/Src/radio/../../Inc/radio/support.h **** }
 14200              		.loc 2 32 5 view .LVU3756
 14201              	.LBE3083:
 14202              	.LBE3084:
 14203              	.LBB3085:
 14204              	.LBB3076:
  40:Core/Src/radio/../../Inc/radio/support.h ****     };
 14205              		.loc 2 40 9 is_stmt 1 view .LVU3757
 14206 005c FFF7FEFF 		bl	Error_Handler
 14207              	.LVL1280:
 14208 0060 E5E7     		b	.L934
 14209              	.LVL1281:
 14210              	.L944:
  40:Core/Src/radio/../../Inc/radio/support.h ****     };
 14211              		.loc 2 40 9 is_stmt 0 view .LVU3758
 14212              	.LBE3076:
 14213              	.LBE3085:
 14214              	.LBB3086:
 14215              	.LBB3080:
  40:Core/Src/radio/../../Inc/radio/support.h ****     };
 14216              		.loc 2 40 9 is_stmt 1 view .LVU3759
 14217 0062 FFF7FEFF 		bl	Error_Handler
 14218              	.LVL1282:
 14219 0066 F1E7     		b	.L935
 14220              	.LBE3080:
 14221              	.LBE3086:
 14222              		.cfi_endproc
 14223              	.LFE191:
 14225              		.section	.text.nRF24_WriteAckPayload,"ax",%progbits
 14226              		.align	1
 14227              		.p2align 2,,3
 14228              		.global	nRF24_WriteAckPayload
 14229              		.syntax unified
 14230              		.thumb
 14231              		.thumb_func
 14233              	nRF24_WriteAckPayload:
 14234              	.LVL1283:
 14235              	.LFB192:
 601:Core/Src/radio/nrf24.c **** void nRF24_WriteAckPayload(const NRF24_TypeDef *nrf, nRF24_RXResult pipe, char *payload, uint8_t le
 14236              		.loc 1 601 106 view -0
 14237              		.cfi_startproc
 14238              		@ args = 0, pretend = 0, frame = 8
 14239              		@ frame_needed = 0, uses_anonymous_args = 0
 14240              		.loc 1 601 106 is_stmt 0 view .LVU3761
 14241 0000 F0B5     		push	{r4, r5, r6, r7, lr}
 14242              	.LCFI182:
 14243              		.cfi_def_cfa_offset 20
 14244              		.cfi_offset 4, -20
 14245              		.cfi_offset 5, -16
ARM GAS  C:\Users\l1234\AppData\Local\Temp\ccFgEZ6h.s 			page 319


 14246              		.cfi_offset 6, -12
 14247              		.cfi_offset 7, -8
 14248              		.cfi_offset 14, -4
 14249 0002 0546     		mov	r5, r0
 14250 0004 85B0     		sub	sp, sp, #20
 14251              	.LCFI183:
 14252              		.cfi_def_cfa_offset 40
 14253              		.loc 1 601 106 view .LVU3762
 14254 0006 0E46     		mov	r6, r1
 14255 0008 1446     		mov	r4, r2
 14256              	.LBB3095:
 14257              	.LBB3096:
  28:Core/Src/radio/../../Inc/radio/support.h **** }
 14258              		.loc 2 28 5 view .LVU3763
 14259 000a 018A     		ldrh	r1, [r0, #16]
 14260              	.LVL1284:
  28:Core/Src/radio/../../Inc/radio/support.h **** }
 14261              		.loc 2 28 5 view .LVU3764
 14262 000c 0022     		movs	r2, #0
 14263              	.LVL1285:
  28:Core/Src/radio/../../Inc/radio/support.h **** }
 14264              		.loc 2 28 5 view .LVU3765
 14265              	.LBE3096:
 14266              	.LBE3095:
 602:Core/Src/radio/nrf24.c **** 	nRF24_CSN_L(nrf);
 14267              		.loc 1 602 2 is_stmt 1 view .LVU3766
 14268              	.LBB3099:
 14269              	.LBI3095:
  27:Core/Src/radio/../../Inc/radio/support.h ****     HAL_GPIO_WritePin(nrf->csPort, nrf->csPin, GPIO_PIN_RESET);
 14270              		.loc 2 27 20 view .LVU3767
 14271              	.LBB3097:
  28:Core/Src/radio/../../Inc/radio/support.h **** }
 14272              		.loc 2 28 5 view .LVU3768
 14273 000e C068     		ldr	r0, [r0, #12]
 14274              	.LVL1286:
  28:Core/Src/radio/../../Inc/radio/support.h **** }
 14275              		.loc 2 28 5 is_stmt 0 view .LVU3769
 14276              	.LBE3097:
 14277              	.LBE3099:
 601:Core/Src/radio/nrf24.c **** 	nRF24_CSN_L(nrf);
 14278              		.loc 1 601 106 view .LVU3770
 14279 0010 1F46     		mov	r7, r3
 14280              	.LBB3100:
 14281              	.LBB3098:
  28:Core/Src/radio/../../Inc/radio/support.h **** }
 14282              		.loc 2 28 5 view .LVU3771
 14283 0012 FFF7FEFF 		bl	HAL_GPIO_WritePin
 14284              	.LVL1287:
  28:Core/Src/radio/../../Inc/radio/support.h **** }
 14285              		.loc 2 28 5 view .LVU3772
 14286              	.LBE3098:
 14287              	.LBE3100:
 603:Core/Src/radio/nrf24.c **** 	nRF24_LL_RW(nrf, nRF24_CMD_W_ACK_PAYLOAD | pipe);
 14288              		.loc 1 603 2 is_stmt 1 view .LVU3773
 14289              	.LBB3101:
 14290              	.LBB3102:
  39:Core/Src/radio/../../Inc/radio/support.h ****         Error_Handler();
ARM GAS  C:\Users\l1234\AppData\Local\Temp\ccFgEZ6h.s 			page 320


 14291              		.loc 2 39 8 is_stmt 0 view .LVU3774
 14292 0016 4FF4FA63 		mov	r3, #2000
 14293              	.LBE3102:
 14294              	.LBE3101:
 14295              		.loc 1 603 2 view .LVU3775
 14296 001a 66F05706 		orn	r6, r6, #87
 14297              	.LBB3106:
 14298              	.LBB3103:
  39:Core/Src/radio/../../Inc/radio/support.h ****         Error_Handler();
 14299              		.loc 2 39 8 view .LVU3776
 14300 001e 0DF10F02 		add	r2, sp, #15
 14301 0022 0093     		str	r3, [sp]
 14302 0024 0DF10E01 		add	r1, sp, #14
 14303 0028 0123     		movs	r3, #1
 14304 002a 2868     		ldr	r0, [r5]
 14305 002c 8DF80E60 		strb	r6, [sp, #14]
 14306              	.LVL1288:
  39:Core/Src/radio/../../Inc/radio/support.h ****         Error_Handler();
 14307              		.loc 2 39 8 view .LVU3777
 14308              	.LBE3103:
 14309              	.LBI3101:
  36:Core/Src/radio/../../Inc/radio/support.h ****     // Wait until TX buffer is empty
 14310              		.loc 2 36 23 is_stmt 1 view .LVU3778
 14311              	.LBB3104:
  38:Core/Src/radio/../../Inc/radio/support.h ****     if(HAL_SPI_TransmitReceive(nrf->hspi,&data,&result,1,2000)!=HAL_OK) {
 14312              		.loc 2 38 5 view .LVU3779
  39:Core/Src/radio/../../Inc/radio/support.h ****         Error_Handler();
 14313              		.loc 2 39 5 view .LVU3780
  39:Core/Src/radio/../../Inc/radio/support.h ****         Error_Handler();
 14314              		.loc 2 39 8 is_stmt 0 view .LVU3781
 14315 0030 FFF7FEFF 		bl	HAL_SPI_TransmitReceive
 14316              	.LVL1289:
  39:Core/Src/radio/../../Inc/radio/support.h ****         Error_Handler();
 14317              		.loc 2 39 7 view .LVU3782
 14318 0034 18BB     		cbnz	r0, .L958
 14319              	.L946:
  41:Core/Src/radio/../../Inc/radio/support.h ****     return result;
 14320              		.loc 2 41 6 is_stmt 1 view .LVU3783
 14321              		.loc 2 42 5 view .LVU3784
 14322              	.LVL1290:
 14323              		.loc 2 42 5 is_stmt 0 view .LVU3785
 14324              	.LBE3104:
 14325              	.LBE3106:
 604:Core/Src/radio/nrf24.c **** 	while (length--) {
 14326              		.loc 1 604 2 is_stmt 1 view .LVU3786
 14327              		.loc 1 604 9 view .LVU3787
 14328              		.loc 1 604 15 is_stmt 0 view .LVU3788
 14329 0036 7E1E     		subs	r6, r7, #1
 14330 0038 F6B2     		uxtb	r6, r6
 14331              	.LVL1291:
 14332              		.loc 1 604 9 view .LVU3789
 14333 003a 9FB1     		cbz	r7, .L947
 14334 003c 0136     		adds	r6, r6, #1
 14335              	.LVL1292:
 14336              	.LBB3107:
 14337              	.LBB3108:
  39:Core/Src/radio/../../Inc/radio/support.h ****         Error_Handler();
ARM GAS  C:\Users\l1234\AppData\Local\Temp\ccFgEZ6h.s 			page 321


 14338              		.loc 2 39 8 view .LVU3790
 14339 003e 4FF4FA67 		mov	r7, #2000
 14340 0042 2644     		add	r6, r6, r4
 14341              	.LVL1293:
 14342              	.L950:
  39:Core/Src/radio/../../Inc/radio/support.h ****         Error_Handler();
 14343              		.loc 2 39 8 view .LVU3791
 14344              	.LBE3108:
 14345              	.LBE3107:
 605:Core/Src/radio/nrf24.c **** 		nRF24_LL_RW(nrf, (uint8_t) *payload++);
 14346              		.loc 1 605 3 is_stmt 1 view .LVU3792
 14347              		.loc 1 605 3 is_stmt 0 view .LVU3793
 14348 0044 14F801CB 		ldrb	ip, [r4], #1	@ zero_extendqisi2
 14349              	.LVL1294:
 14350              	.LBB3113:
 14351              	.LBB3109:
  39:Core/Src/radio/../../Inc/radio/support.h ****         Error_Handler();
 14352              		.loc 2 39 8 view .LVU3794
 14353 0048 0123     		movs	r3, #1
 14354 004a 2868     		ldr	r0, [r5]
 14355 004c 0DF10F02 		add	r2, sp, #15
 14356 0050 0DF10E01 		add	r1, sp, #14
 14357 0054 0097     		str	r7, [sp]
 14358 0056 8DF80EC0 		strb	ip, [sp, #14]
 14359              	.LVL1295:
  39:Core/Src/radio/../../Inc/radio/support.h ****         Error_Handler();
 14360              		.loc 2 39 8 view .LVU3795
 14361              	.LBE3109:
 14362              	.LBI3107:
  36:Core/Src/radio/../../Inc/radio/support.h ****     // Wait until TX buffer is empty
 14363              		.loc 2 36 23 is_stmt 1 view .LVU3796
 14364              	.LBB3110:
  38:Core/Src/radio/../../Inc/radio/support.h ****     if(HAL_SPI_TransmitReceive(nrf->hspi,&data,&result,1,2000)!=HAL_OK) {
 14365              		.loc 2 38 5 view .LVU3797
  39:Core/Src/radio/../../Inc/radio/support.h ****         Error_Handler();
 14366              		.loc 2 39 5 view .LVU3798
  39:Core/Src/radio/../../Inc/radio/support.h ****         Error_Handler();
 14367              		.loc 2 39 8 is_stmt 0 view .LVU3799
 14368 005a FFF7FEFF 		bl	HAL_SPI_TransmitReceive
 14369              	.LVL1296:
  41:Core/Src/radio/../../Inc/radio/support.h ****     return result;
 14370              		.loc 2 41 6 is_stmt 1 view .LVU3800
 14371              		.loc 2 42 5 view .LVU3801
 14372              		.loc 2 42 5 is_stmt 0 view .LVU3802
 14373              	.LBE3110:
 14374              	.LBE3113:
 604:Core/Src/radio/nrf24.c **** 		nRF24_LL_RW(nrf, (uint8_t) *payload++);
 14375              		.loc 1 604 9 is_stmt 1 view .LVU3803
 14376              	.LBB3114:
 14377              	.LBB3111:
  39:Core/Src/radio/../../Inc/radio/support.h ****         Error_Handler();
 14378              		.loc 2 39 7 is_stmt 0 view .LVU3804
 14379 005e 48B9     		cbnz	r0, .L959
 14380              	.LBE3111:
 14381              	.LBE3114:
 604:Core/Src/radio/nrf24.c **** 		nRF24_LL_RW(nrf, (uint8_t) *payload++);
 14382              		.loc 1 604 9 view .LVU3805
ARM GAS  C:\Users\l1234\AppData\Local\Temp\ccFgEZ6h.s 			page 322


 14383 0060 B442     		cmp	r4, r6
 14384 0062 EFD1     		bne	.L950
 14385              	.LVL1297:
 14386              	.L947:
 606:Core/Src/radio/nrf24.c **** 	}
 607:Core/Src/radio/nrf24.c **** 	nRF24_CSN_H(nrf);
 14387              		.loc 1 607 2 is_stmt 1 view .LVU3806
 14388              	.LBB3115:
 14389              	.LBI3115:
  31:Core/Src/radio/../../Inc/radio/support.h ****     HAL_GPIO_WritePin(nrf->csPort, nrf->csPin, GPIO_PIN_SET);
 14390              		.loc 2 31 20 view .LVU3807
 14391              	.LBB3116:
  32:Core/Src/radio/../../Inc/radio/support.h **** }
 14392              		.loc 2 32 5 view .LVU3808
 14393 0064 0122     		movs	r2, #1
 14394 0066 298A     		ldrh	r1, [r5, #16]
 14395 0068 E868     		ldr	r0, [r5, #12]
 14396              	.LBE3116:
 14397              	.LBE3115:
 608:Core/Src/radio/nrf24.c **** 
 609:Core/Src/radio/nrf24.c **** }...
 14398              		.loc 1 609 1 is_stmt 0 view .LVU3809
 14399 006a 05B0     		add	sp, sp, #20
 14400              	.LCFI184:
 14401              		.cfi_remember_state
 14402              		.cfi_def_cfa_offset 20
 14403              		@ sp needed
 14404 006c BDE8F040 		pop	{r4, r5, r6, r7, lr}
 14405              	.LCFI185:
 14406              		.cfi_restore 14
 14407              		.cfi_restore 7
 14408              		.cfi_restore 6
 14409              		.cfi_restore 5
 14410              		.cfi_restore 4
 14411              		.cfi_def_cfa_offset 0
 14412              	.LVL1298:
 14413              	.LBB3118:
 14414              	.LBB3117:
  32:Core/Src/radio/../../Inc/radio/support.h **** }
 14415              		.loc 2 32 5 view .LVU3810
 14416 0070 FFF7FEBF 		b	HAL_GPIO_WritePin
 14417              	.LVL1299:
 14418              	.L959:
 14419              	.LCFI186:
 14420              		.cfi_restore_state
  32:Core/Src/radio/../../Inc/radio/support.h **** }
 14421              		.loc 2 32 5 view .LVU3811
 14422              	.LBE3117:
 14423              	.LBE3118:
 14424              	.LBB3119:
 14425              	.LBB3112:
  40:Core/Src/radio/../../Inc/radio/support.h ****     };
 14426              		.loc 2 40 9 is_stmt 1 view .LVU3812
 14427 0074 FFF7FEFF 		bl	Error_Handler
 14428              	.LVL1300:
  41:Core/Src/radio/../../Inc/radio/support.h ****     return result;
 14429              		.loc 2 41 6 view .LVU3813
ARM GAS  C:\Users\l1234\AppData\Local\Temp\ccFgEZ6h.s 			page 323


 14430              		.loc 2 42 5 view .LVU3814
 14431              		.loc 2 42 5 is_stmt 0 view .LVU3815
 14432              	.LBE3112:
 14433              	.LBE3119:
 604:Core/Src/radio/nrf24.c **** 	while (length--) {
 14434              		.loc 1 604 9 is_stmt 1 view .LVU3816
 604:Core/Src/radio/nrf24.c **** 	while (length--) {
 14435              		.loc 1 604 9 is_stmt 0 view .LVU3817
 14436 0078 B442     		cmp	r4, r6
 14437 007a E3D1     		bne	.L950
 14438 007c F2E7     		b	.L947
 14439              	.LVL1301:
 14440              	.L958:
 14441              	.LBB3120:
 14442              	.LBB3105:
  40:Core/Src/radio/../../Inc/radio/support.h ****     };
 14443              		.loc 2 40 9 is_stmt 1 view .LVU3818
 14444 007e FFF7FEFF 		bl	Error_Handler
 14445              	.LVL1302:
 14446 0082 D8E7     		b	.L946
 14447              	.LBE3105:
 14448              	.LBE3120:
 14449              		.cfi_endproc
 14450              	.LFE192:
 14452              		.section	.rodata.nRF24_ADDR_REGS,"a"
 14453              		.align	2
 14456              	nRF24_ADDR_REGS:
 14457 0000 0A0B0C0D 		.ascii	"\012\013\014\015\016\017\020"
 14457      0E0F10
 14458              		.section	.rodata.nRF24_RX_PW_PIPE,"a"
 14459              		.align	2
 14462              	nRF24_RX_PW_PIPE:
 14463 0000 11121314 		.ascii	"\021\022\023\024\025\026"
 14463      1516
 14464              		.text
 14465              	.Letext0:
 14466              		.file 3 "c:\\msys64\\mingw64\\arm-none-eabi\\include\\machine\\_default_types.h"
 14467              		.file 4 "c:\\msys64\\mingw64\\arm-none-eabi\\include\\sys\\_stdint.h"
 14468              		.file 5 "Drivers/CMSIS/Device/ST/STM32H7xx/Include/stm32h723xx.h"
 14469              		.file 6 "Drivers/STM32H7xx_HAL_Driver/Inc/stm32h7xx_hal_def.h"
 14470              		.file 7 "Drivers/STM32H7xx_HAL_Driver/Inc/stm32h7xx_hal_gpio.h"
 14471              		.file 8 "Drivers/STM32H7xx_HAL_Driver/Inc/stm32h7xx_hal_dma.h"
 14472              		.file 9 "Drivers/STM32H7xx_HAL_Driver/Inc/stm32h7xx_hal_spi.h"
 14473              		.file 10 "Core/Src/radio/../../Inc/radio/nrf24.h"
 14474              		.file 11 "Core/Inc/main.h"
ARM GAS  C:\Users\l1234\AppData\Local\Temp\ccFgEZ6h.s 			page 324


DEFINED SYMBOLS
                            *ABS*:00000000 nrf24.c
C:\Users\l1234\AppData\Local\Temp\ccFgEZ6h.s:20     .text.nRF24_ReadReg:00000000 $t
C:\Users\l1234\AppData\Local\Temp\ccFgEZ6h.s:27     .text.nRF24_ReadReg:00000000 nRF24_ReadReg
C:\Users\l1234\AppData\Local\Temp\ccFgEZ6h.s:204    .text.nRF24_WriteReg:00000000 $t
C:\Users\l1234\AppData\Local\Temp\ccFgEZ6h.s:211    .text.nRF24_WriteReg:00000000 nRF24_WriteReg
C:\Users\l1234\AppData\Local\Temp\ccFgEZ6h.s:469    .text.nRF24_Init:00000000 $t
C:\Users\l1234\AppData\Local\Temp\ccFgEZ6h.s:476    .text.nRF24_Init:00000000 nRF24_Init
C:\Users\l1234\AppData\Local\Temp\ccFgEZ6h.s:3154   .rodata.nRF24_Check.str1.4:00000000 $d
C:\Users\l1234\AppData\Local\Temp\ccFgEZ6h.s:3155   .rodata.nRF24_Check.str1.4:00000000 .LC0
C:\Users\l1234\AppData\Local\Temp\ccFgEZ6h.s:3158   .text.nRF24_Check:00000000 $t
C:\Users\l1234\AppData\Local\Temp\ccFgEZ6h.s:3165   .text.nRF24_Check:00000000 nRF24_Check
C:\Users\l1234\AppData\Local\Temp\ccFgEZ6h.s:3601   .text.nRF24_Check:00000128 $d
C:\Users\l1234\AppData\Local\Temp\ccFgEZ6h.s:3606   .text.nRF24_SetTxAddr:00000000 $t
C:\Users\l1234\AppData\Local\Temp\ccFgEZ6h.s:3613   .text.nRF24_SetTxAddr:00000000 nRF24_SetTxAddr
C:\Users\l1234\AppData\Local\Temp\ccFgEZ6h.s:3829   .text.nRF24_PrettyPrint:00000000 $t
C:\Users\l1234\AppData\Local\Temp\ccFgEZ6h.s:3836   .text.nRF24_PrettyPrint:00000000 nRF24_PrettyPrint
C:\Users\l1234\AppData\Local\Temp\ccFgEZ6h.s:3850   .text.nRF24_SetPowerMode:00000000 $t
C:\Users\l1234\AppData\Local\Temp\ccFgEZ6h.s:3857   .text.nRF24_SetPowerMode:00000000 nRF24_SetPowerMode
C:\Users\l1234\AppData\Local\Temp\ccFgEZ6h.s:4228   .text.nRF24_SetOperationalMode:00000000 $t
C:\Users\l1234\AppData\Local\Temp\ccFgEZ6h.s:4235   .text.nRF24_SetOperationalMode:00000000 nRF24_SetOperationalMode
C:\Users\l1234\AppData\Local\Temp\ccFgEZ6h.s:4610   .text.nRF24_SetDynamicPayloadLength:00000000 $t
C:\Users\l1234\AppData\Local\Temp\ccFgEZ6h.s:4617   .text.nRF24_SetDynamicPayloadLength:00000000 nRF24_SetDynamicPayloadLength
C:\Users\l1234\AppData\Local\Temp\ccFgEZ6h.s:5352   .text.nRF24_SetPayloadWithAck:00000000 $t
C:\Users\l1234\AppData\Local\Temp\ccFgEZ6h.s:5359   .text.nRF24_SetPayloadWithAck:00000000 nRF24_SetPayloadWithAck
C:\Users\l1234\AppData\Local\Temp\ccFgEZ6h.s:5758   .text.nRF24_SetCRCScheme:00000000 $t
C:\Users\l1234\AppData\Local\Temp\ccFgEZ6h.s:5765   .text.nRF24_SetCRCScheme:00000000 nRF24_SetCRCScheme
C:\Users\l1234\AppData\Local\Temp\ccFgEZ6h.s:6140   .text.nRF24_SetRFChannel:00000000 $t
C:\Users\l1234\AppData\Local\Temp\ccFgEZ6h.s:6147   .text.nRF24_SetRFChannel:00000000 nRF24_SetRFChannel
C:\Users\l1234\AppData\Local\Temp\ccFgEZ6h.s:6333   .text.nRF24_GetRFChannel:00000000 $t
C:\Users\l1234\AppData\Local\Temp\ccFgEZ6h.s:6340   .text.nRF24_GetRFChannel:00000000 nRF24_GetRFChannel
C:\Users\l1234\AppData\Local\Temp\ccFgEZ6h.s:6528   .text.nRF24_GetConfig:00000000 $t
C:\Users\l1234\AppData\Local\Temp\ccFgEZ6h.s:6535   .text.nRF24_GetConfig:00000000 nRF24_GetConfig
C:\Users\l1234\AppData\Local\Temp\ccFgEZ6h.s:6723   .text.nRF24_SetAutoRetr:00000000 $t
C:\Users\l1234\AppData\Local\Temp\ccFgEZ6h.s:6730   .text.nRF24_SetAutoRetr:00000000 nRF24_SetAutoRetr
C:\Users\l1234\AppData\Local\Temp\ccFgEZ6h.s:6927   .text.nRF24_SetAddrWidth:00000000 $t
C:\Users\l1234\AppData\Local\Temp\ccFgEZ6h.s:6934   .text.nRF24_SetAddrWidth:00000000 nRF24_SetAddrWidth
C:\Users\l1234\AppData\Local\Temp\ccFgEZ6h.s:7130   .text.nRF24_SetAddr:00000000 $t
C:\Users\l1234\AppData\Local\Temp\ccFgEZ6h.s:7137   .text.nRF24_SetAddr:00000000 nRF24_SetAddr
C:\Users\l1234\AppData\Local\Temp\ccFgEZ6h.s:7550   .text.nRF24_SetAddr:00000108 $d
C:\Users\l1234\AppData\Local\Temp\ccFgEZ6h.s:14456  .rodata.nRF24_ADDR_REGS:00000000 nRF24_ADDR_REGS
C:\Users\l1234\AppData\Local\Temp\ccFgEZ6h.s:7559   .text.nRF24_SetTXPower:00000000 $t
C:\Users\l1234\AppData\Local\Temp\ccFgEZ6h.s:7566   .text.nRF24_SetTXPower:00000000 nRF24_SetTXPower
C:\Users\l1234\AppData\Local\Temp\ccFgEZ6h.s:7940   .text.nRF24_SetDataRate:00000000 $t
C:\Users\l1234\AppData\Local\Temp\ccFgEZ6h.s:7947   .text.nRF24_SetDataRate:00000000 nRF24_SetDataRate
C:\Users\l1234\AppData\Local\Temp\ccFgEZ6h.s:8321   .text.nRF24_SetRXPipe:00000000 $t
C:\Users\l1234\AppData\Local\Temp\ccFgEZ6h.s:8328   .text.nRF24_SetRXPipe:00000000 nRF24_SetRXPipe
C:\Users\l1234\AppData\Local\Temp\ccFgEZ6h.s:9027   .text.nRF24_SetRXPipe:000001c8 $d
C:\Users\l1234\AppData\Local\Temp\ccFgEZ6h.s:14462  .rodata.nRF24_RX_PW_PIPE:00000000 nRF24_RX_PW_PIPE
C:\Users\l1234\AppData\Local\Temp\ccFgEZ6h.s:9036   .text.nRF24_ClosePipe:00000000 $t
C:\Users\l1234\AppData\Local\Temp\ccFgEZ6h.s:9043   .text.nRF24_ClosePipe:00000000 nRF24_ClosePipe
C:\Users\l1234\AppData\Local\Temp\ccFgEZ6h.s:9436   .text.nRF24_EnableAA:00000000 $t
C:\Users\l1234\AppData\Local\Temp\ccFgEZ6h.s:9443   .text.nRF24_EnableAA:00000000 nRF24_EnableAA
C:\Users\l1234\AppData\Local\Temp\ccFgEZ6h.s:9832   .text.nRF24_DisableAA:00000000 $t
C:\Users\l1234\AppData\Local\Temp\ccFgEZ6h.s:9839   .text.nRF24_DisableAA:00000000 nRF24_DisableAA
C:\Users\l1234\AppData\Local\Temp\ccFgEZ6h.s:10330  .text.nRF24_GetStatus:00000000 $t
C:\Users\l1234\AppData\Local\Temp\ccFgEZ6h.s:10337  .text.nRF24_GetStatus:00000000 nRF24_GetStatus
ARM GAS  C:\Users\l1234\AppData\Local\Temp\ccFgEZ6h.s 			page 325


C:\Users\l1234\AppData\Local\Temp\ccFgEZ6h.s:10525  .text.nRF24_GetIRQFlags:00000000 $t
C:\Users\l1234\AppData\Local\Temp\ccFgEZ6h.s:10532  .text.nRF24_GetIRQFlags:00000000 nRF24_GetIRQFlags
C:\Users\l1234\AppData\Local\Temp\ccFgEZ6h.s:10720  .text.nRF24_GetStatus_RXFIFO:00000000 $t
C:\Users\l1234\AppData\Local\Temp\ccFgEZ6h.s:10727  .text.nRF24_GetStatus_RXFIFO:00000000 nRF24_GetStatus_RXFIFO
C:\Users\l1234\AppData\Local\Temp\ccFgEZ6h.s:10915  .text.nRF24_GetStatus_TXFIFO:00000000 $t
C:\Users\l1234\AppData\Local\Temp\ccFgEZ6h.s:10922  .text.nRF24_GetStatus_TXFIFO:00000000 nRF24_GetStatus_TXFIFO
C:\Users\l1234\AppData\Local\Temp\ccFgEZ6h.s:11110  .text.nRF24_GetRXSource:00000000 $t
C:\Users\l1234\AppData\Local\Temp\ccFgEZ6h.s:11117  .text.nRF24_GetRXSource:00000000 nRF24_GetRXSource
C:\Users\l1234\AppData\Local\Temp\ccFgEZ6h.s:11305  .text.nRF24_GetRetransmitCounters:00000000 $t
C:\Users\l1234\AppData\Local\Temp\ccFgEZ6h.s:11312  .text.nRF24_GetRetransmitCounters:00000000 nRF24_GetRetransmitCounters
C:\Users\l1234\AppData\Local\Temp\ccFgEZ6h.s:11500  .text.nRF24_ResetPLOS:00000000 $t
C:\Users\l1234\AppData\Local\Temp\ccFgEZ6h.s:11507  .text.nRF24_ResetPLOS:00000000 nRF24_ResetPLOS
C:\Users\l1234\AppData\Local\Temp\ccFgEZ6h.s:11851  .text.nRF24_FlushTX:00000000 $t
C:\Users\l1234\AppData\Local\Temp\ccFgEZ6h.s:11858  .text.nRF24_FlushTX:00000000 nRF24_FlushTX
C:\Users\l1234\AppData\Local\Temp\ccFgEZ6h.s:12005  .text.nRF24_FlushRX:00000000 $t
C:\Users\l1234\AppData\Local\Temp\ccFgEZ6h.s:12012  .text.nRF24_FlushRX:00000000 nRF24_FlushRX
C:\Users\l1234\AppData\Local\Temp\ccFgEZ6h.s:12159  .text.nRF24_ClearIRQFlags:00000000 $t
C:\Users\l1234\AppData\Local\Temp\ccFgEZ6h.s:12166  .text.nRF24_ClearIRQFlags:00000000 nRF24_ClearIRQFlags
C:\Users\l1234\AppData\Local\Temp\ccFgEZ6h.s:12523  .text.nRF24_WritePayload:00000000 $t
C:\Users\l1234\AppData\Local\Temp\ccFgEZ6h.s:12530  .text.nRF24_WritePayload:00000000 nRF24_WritePayload
C:\Users\l1234\AppData\Local\Temp\ccFgEZ6h.s:12746  .text.nRF24_ReadPayload:00000000 $t
C:\Users\l1234\AppData\Local\Temp\ccFgEZ6h.s:12753  .text.nRF24_ReadPayload:00000000 nRF24_ReadPayload
C:\Users\l1234\AppData\Local\Temp\ccFgEZ6h.s:13172  .text.nRF24_ReadPayload:00000124 $d
C:\Users\l1234\AppData\Local\Temp\ccFgEZ6h.s:13183  .text.nRF24_ReadPayloadDpl:00000000 $t
C:\Users\l1234\AppData\Local\Temp\ccFgEZ6h.s:13190  .text.nRF24_ReadPayloadDpl:00000000 nRF24_ReadPayloadDpl
C:\Users\l1234\AppData\Local\Temp\ccFgEZ6h.s:13853  .text.nRF24_GetFeatures:00000000 $t
C:\Users\l1234\AppData\Local\Temp\ccFgEZ6h.s:13860  .text.nRF24_GetFeatures:00000000 nRF24_GetFeatures
C:\Users\l1234\AppData\Local\Temp\ccFgEZ6h.s:14048  .text.nRF24_ActivateFeatures:00000000 $t
C:\Users\l1234\AppData\Local\Temp\ccFgEZ6h.s:14055  .text.nRF24_ActivateFeatures:00000000 nRF24_ActivateFeatures
C:\Users\l1234\AppData\Local\Temp\ccFgEZ6h.s:14226  .text.nRF24_WriteAckPayload:00000000 $t
C:\Users\l1234\AppData\Local\Temp\ccFgEZ6h.s:14233  .text.nRF24_WriteAckPayload:00000000 nRF24_WriteAckPayload
C:\Users\l1234\AppData\Local\Temp\ccFgEZ6h.s:14453  .rodata.nRF24_ADDR_REGS:00000000 $d
C:\Users\l1234\AppData\Local\Temp\ccFgEZ6h.s:14459  .rodata.nRF24_RX_PW_PIPE:00000000 $d

UNDEFINED SYMBOLS
HAL_GPIO_WritePin
HAL_SPI_TransmitReceive
Error_Handler
