ARM GAS  C:\Users\l1234\AppData\Local\Temp\ccwXN0d2.s 			page 1


   1              		.cpu cortex-m7
   2              		.arch armv7e-m
   3              		.fpu fpv5-d16
   4              		.eabi_attribute 28, 1
   5              		.eabi_attribute 20, 1
   6              		.eabi_attribute 21, 1
   7              		.eabi_attribute 23, 3
   8              		.eabi_attribute 24, 1
   9              		.eabi_attribute 25, 1
  10              		.eabi_attribute 26, 1
  11              		.eabi_attribute 30, 2
  12              		.eabi_attribute 34, 1
  13              		.eabi_attribute 18, 4
  14              		.file	"stm32h7xx_hal.c"
  15              		.text
  16              	.Ltext0:
  17              		.cfi_sections	.debug_frame
  18              		.file 1 "Drivers/STM32H7xx_HAL_Driver/Src/stm32h7xx_hal.c"
  19              		.section	.text.HAL_MspInit,"ax",%progbits
  20              		.align	1
  21              		.p2align 2,,3
  22              		.weak	HAL_MspInit
  23              		.syntax unified
  24              		.thumb
  25              		.thumb_func
  27              	HAL_MspInit:
  28              	.LFB146:
   1:Drivers/STM32H7xx_HAL_Driver/Src/stm32h7xx_hal.c **** /**
   2:Drivers/STM32H7xx_HAL_Driver/Src/stm32h7xx_hal.c ****   ******************************************************************************
   3:Drivers/STM32H7xx_HAL_Driver/Src/stm32h7xx_hal.c ****   * @file    stm32h7xx_hal.c
   4:Drivers/STM32H7xx_HAL_Driver/Src/stm32h7xx_hal.c ****   * @author  MCD Application Team
   5:Drivers/STM32H7xx_HAL_Driver/Src/stm32h7xx_hal.c ****   * @brief   HAL module driver.
   6:Drivers/STM32H7xx_HAL_Driver/Src/stm32h7xx_hal.c ****   *          This is the common part of the HAL initialization
   7:Drivers/STM32H7xx_HAL_Driver/Src/stm32h7xx_hal.c ****   *
   8:Drivers/STM32H7xx_HAL_Driver/Src/stm32h7xx_hal.c ****   ******************************************************************************
   9:Drivers/STM32H7xx_HAL_Driver/Src/stm32h7xx_hal.c ****   * @attention
  10:Drivers/STM32H7xx_HAL_Driver/Src/stm32h7xx_hal.c ****   *
  11:Drivers/STM32H7xx_HAL_Driver/Src/stm32h7xx_hal.c ****   * Copyright (c) 2017 STMicroelectronics.
  12:Drivers/STM32H7xx_HAL_Driver/Src/stm32h7xx_hal.c ****   * All rights reserved.
  13:Drivers/STM32H7xx_HAL_Driver/Src/stm32h7xx_hal.c ****   *
  14:Drivers/STM32H7xx_HAL_Driver/Src/stm32h7xx_hal.c ****   * This software is licensed under terms that can be found in the LICENSE file
  15:Drivers/STM32H7xx_HAL_Driver/Src/stm32h7xx_hal.c ****   * in the root directory of this software component.
  16:Drivers/STM32H7xx_HAL_Driver/Src/stm32h7xx_hal.c ****   * If no LICENSE file comes with this software, it is provided AS-IS.
  17:Drivers/STM32H7xx_HAL_Driver/Src/stm32h7xx_hal.c ****   *
  18:Drivers/STM32H7xx_HAL_Driver/Src/stm32h7xx_hal.c ****   ******************************************************************************
  19:Drivers/STM32H7xx_HAL_Driver/Src/stm32h7xx_hal.c ****   @verbatim
  20:Drivers/STM32H7xx_HAL_Driver/Src/stm32h7xx_hal.c ****   ==============================================================================
  21:Drivers/STM32H7xx_HAL_Driver/Src/stm32h7xx_hal.c ****                      ##### How to use this driver #####
  22:Drivers/STM32H7xx_HAL_Driver/Src/stm32h7xx_hal.c ****   ==============================================================================
  23:Drivers/STM32H7xx_HAL_Driver/Src/stm32h7xx_hal.c ****     [..]
  24:Drivers/STM32H7xx_HAL_Driver/Src/stm32h7xx_hal.c ****     The common HAL driver contains a set of generic and common APIs that can be
  25:Drivers/STM32H7xx_HAL_Driver/Src/stm32h7xx_hal.c ****     used by the PPP peripheral drivers and the user to start using the HAL.
  26:Drivers/STM32H7xx_HAL_Driver/Src/stm32h7xx_hal.c ****     [..]
  27:Drivers/STM32H7xx_HAL_Driver/Src/stm32h7xx_hal.c ****     The HAL contains two APIs' categories:
  28:Drivers/STM32H7xx_HAL_Driver/Src/stm32h7xx_hal.c ****          (+) Common HAL APIs
  29:Drivers/STM32H7xx_HAL_Driver/Src/stm32h7xx_hal.c ****          (+) Services HAL APIs
  30:Drivers/STM32H7xx_HAL_Driver/Src/stm32h7xx_hal.c **** 
ARM GAS  C:\Users\l1234\AppData\Local\Temp\ccwXN0d2.s 			page 2


  31:Drivers/STM32H7xx_HAL_Driver/Src/stm32h7xx_hal.c ****   @endverbatim
  32:Drivers/STM32H7xx_HAL_Driver/Src/stm32h7xx_hal.c ****   ******************************************************************************
  33:Drivers/STM32H7xx_HAL_Driver/Src/stm32h7xx_hal.c ****   */
  34:Drivers/STM32H7xx_HAL_Driver/Src/stm32h7xx_hal.c **** 
  35:Drivers/STM32H7xx_HAL_Driver/Src/stm32h7xx_hal.c **** /* Includes ------------------------------------------------------------------*/
  36:Drivers/STM32H7xx_HAL_Driver/Src/stm32h7xx_hal.c **** #include "stm32h7xx_hal.h"
  37:Drivers/STM32H7xx_HAL_Driver/Src/stm32h7xx_hal.c **** 
  38:Drivers/STM32H7xx_HAL_Driver/Src/stm32h7xx_hal.c **** /** @addtogroup STM32H7xx_HAL_Driver
  39:Drivers/STM32H7xx_HAL_Driver/Src/stm32h7xx_hal.c ****   * @{
  40:Drivers/STM32H7xx_HAL_Driver/Src/stm32h7xx_hal.c ****   */
  41:Drivers/STM32H7xx_HAL_Driver/Src/stm32h7xx_hal.c **** 
  42:Drivers/STM32H7xx_HAL_Driver/Src/stm32h7xx_hal.c **** /** @defgroup HAL  HAL
  43:Drivers/STM32H7xx_HAL_Driver/Src/stm32h7xx_hal.c ****   * @brief HAL module driver.
  44:Drivers/STM32H7xx_HAL_Driver/Src/stm32h7xx_hal.c ****   * @{
  45:Drivers/STM32H7xx_HAL_Driver/Src/stm32h7xx_hal.c ****   */
  46:Drivers/STM32H7xx_HAL_Driver/Src/stm32h7xx_hal.c **** 
  47:Drivers/STM32H7xx_HAL_Driver/Src/stm32h7xx_hal.c **** /* Private typedef -----------------------------------------------------------*/
  48:Drivers/STM32H7xx_HAL_Driver/Src/stm32h7xx_hal.c **** /* Private define ------------------------------------------------------------*/
  49:Drivers/STM32H7xx_HAL_Driver/Src/stm32h7xx_hal.c **** /**
  50:Drivers/STM32H7xx_HAL_Driver/Src/stm32h7xx_hal.c ****  * @brief STM32H7xx HAL Driver version number
  51:Drivers/STM32H7xx_HAL_Driver/Src/stm32h7xx_hal.c ****    */
  52:Drivers/STM32H7xx_HAL_Driver/Src/stm32h7xx_hal.c **** #define __STM32H7xx_HAL_VERSION_MAIN   (0x01UL) /*!< [31:24] main version */
  53:Drivers/STM32H7xx_HAL_Driver/Src/stm32h7xx_hal.c **** #define __STM32H7xx_HAL_VERSION_SUB1   (0x0BUL) /*!< [23:16] sub1 version */
  54:Drivers/STM32H7xx_HAL_Driver/Src/stm32h7xx_hal.c **** #define __STM32H7xx_HAL_VERSION_SUB2   (0x05UL) /*!< [15:8]  sub2 version */
  55:Drivers/STM32H7xx_HAL_Driver/Src/stm32h7xx_hal.c **** #define __STM32H7xx_HAL_VERSION_RC     (0x00UL) /*!< [7:0]  release candidate */
  56:Drivers/STM32H7xx_HAL_Driver/Src/stm32h7xx_hal.c **** #define __STM32H7xx_HAL_VERSION         ((__STM32H7xx_HAL_VERSION_MAIN << 24)\
  57:Drivers/STM32H7xx_HAL_Driver/Src/stm32h7xx_hal.c ****                                         |(__STM32H7xx_HAL_VERSION_SUB1 << 16)\
  58:Drivers/STM32H7xx_HAL_Driver/Src/stm32h7xx_hal.c ****                                         |(__STM32H7xx_HAL_VERSION_SUB2 << 8 )\
  59:Drivers/STM32H7xx_HAL_Driver/Src/stm32h7xx_hal.c ****                                         |(__STM32H7xx_HAL_VERSION_RC))
  60:Drivers/STM32H7xx_HAL_Driver/Src/stm32h7xx_hal.c **** 
  61:Drivers/STM32H7xx_HAL_Driver/Src/stm32h7xx_hal.c **** #define IDCODE_DEVID_MASK    ((uint32_t)0x00000FFF)
  62:Drivers/STM32H7xx_HAL_Driver/Src/stm32h7xx_hal.c **** #define VREFBUF_TIMEOUT_VALUE     (uint32_t)10   /* 10 ms  */
  63:Drivers/STM32H7xx_HAL_Driver/Src/stm32h7xx_hal.c **** 
  64:Drivers/STM32H7xx_HAL_Driver/Src/stm32h7xx_hal.c **** /* Private macro -------------------------------------------------------------*/
  65:Drivers/STM32H7xx_HAL_Driver/Src/stm32h7xx_hal.c **** /* Private variables ---------------------------------------------------------*/
  66:Drivers/STM32H7xx_HAL_Driver/Src/stm32h7xx_hal.c **** /* Exported variables --------------------------------------------------------*/
  67:Drivers/STM32H7xx_HAL_Driver/Src/stm32h7xx_hal.c **** 
  68:Drivers/STM32H7xx_HAL_Driver/Src/stm32h7xx_hal.c **** /** @defgroup HAL_Exported_Variables HAL Exported Variables
  69:Drivers/STM32H7xx_HAL_Driver/Src/stm32h7xx_hal.c ****   * @{
  70:Drivers/STM32H7xx_HAL_Driver/Src/stm32h7xx_hal.c ****   */
  71:Drivers/STM32H7xx_HAL_Driver/Src/stm32h7xx_hal.c **** __IO uint32_t uwTick;
  72:Drivers/STM32H7xx_HAL_Driver/Src/stm32h7xx_hal.c **** uint32_t uwTickPrio   = (1UL << __NVIC_PRIO_BITS); /* Invalid PRIO */
  73:Drivers/STM32H7xx_HAL_Driver/Src/stm32h7xx_hal.c **** HAL_TickFreqTypeDef uwTickFreq = HAL_TICK_FREQ_DEFAULT;  /* 1KHz */
  74:Drivers/STM32H7xx_HAL_Driver/Src/stm32h7xx_hal.c **** /**
  75:Drivers/STM32H7xx_HAL_Driver/Src/stm32h7xx_hal.c ****   * @}
  76:Drivers/STM32H7xx_HAL_Driver/Src/stm32h7xx_hal.c ****   */
  77:Drivers/STM32H7xx_HAL_Driver/Src/stm32h7xx_hal.c **** 
  78:Drivers/STM32H7xx_HAL_Driver/Src/stm32h7xx_hal.c **** /* Private function prototypes -----------------------------------------------*/
  79:Drivers/STM32H7xx_HAL_Driver/Src/stm32h7xx_hal.c **** /* Private functions ---------------------------------------------------------*/
  80:Drivers/STM32H7xx_HAL_Driver/Src/stm32h7xx_hal.c **** 
  81:Drivers/STM32H7xx_HAL_Driver/Src/stm32h7xx_hal.c **** /** @addtogroup HAL_Exported_Functions
  82:Drivers/STM32H7xx_HAL_Driver/Src/stm32h7xx_hal.c ****   * @{
  83:Drivers/STM32H7xx_HAL_Driver/Src/stm32h7xx_hal.c ****   */
  84:Drivers/STM32H7xx_HAL_Driver/Src/stm32h7xx_hal.c **** 
  85:Drivers/STM32H7xx_HAL_Driver/Src/stm32h7xx_hal.c **** /** @addtogroup HAL_Group1
  86:Drivers/STM32H7xx_HAL_Driver/Src/stm32h7xx_hal.c ****  *  @brief    Initialization and de-initialization functions
  87:Drivers/STM32H7xx_HAL_Driver/Src/stm32h7xx_hal.c ****  *
ARM GAS  C:\Users\l1234\AppData\Local\Temp\ccwXN0d2.s 			page 3


  88:Drivers/STM32H7xx_HAL_Driver/Src/stm32h7xx_hal.c **** @verbatim
  89:Drivers/STM32H7xx_HAL_Driver/Src/stm32h7xx_hal.c ****  ===============================================================================
  90:Drivers/STM32H7xx_HAL_Driver/Src/stm32h7xx_hal.c ****               ##### Initialization and de-initialization functions #####
  91:Drivers/STM32H7xx_HAL_Driver/Src/stm32h7xx_hal.c ****  ===============================================================================
  92:Drivers/STM32H7xx_HAL_Driver/Src/stm32h7xx_hal.c ****     [..]  This section provides functions allowing to:
  93:Drivers/STM32H7xx_HAL_Driver/Src/stm32h7xx_hal.c ****       (+) Initializes the Flash interface the NVIC allocation and initial clock
  94:Drivers/STM32H7xx_HAL_Driver/Src/stm32h7xx_hal.c ****           configuration. It initializes the systick also when timeout is needed
  95:Drivers/STM32H7xx_HAL_Driver/Src/stm32h7xx_hal.c ****           and the backup domain when enabled.
  96:Drivers/STM32H7xx_HAL_Driver/Src/stm32h7xx_hal.c ****       (+) De-Initializes common part of the HAL.
  97:Drivers/STM32H7xx_HAL_Driver/Src/stm32h7xx_hal.c ****       (+) Configure The time base source to have 1ms time base with a dedicated
  98:Drivers/STM32H7xx_HAL_Driver/Src/stm32h7xx_hal.c ****           Tick interrupt priority.
  99:Drivers/STM32H7xx_HAL_Driver/Src/stm32h7xx_hal.c ****         (++) SysTick timer is used by default as source of time base, but user
 100:Drivers/STM32H7xx_HAL_Driver/Src/stm32h7xx_hal.c ****              can eventually implement his proper time base source (a general purpose
 101:Drivers/STM32H7xx_HAL_Driver/Src/stm32h7xx_hal.c ****              timer for example or other time source), keeping in mind that Time base
 102:Drivers/STM32H7xx_HAL_Driver/Src/stm32h7xx_hal.c ****              duration should be kept 1ms since PPP_TIMEOUT_VALUEs are defined and
 103:Drivers/STM32H7xx_HAL_Driver/Src/stm32h7xx_hal.c ****              handled in milliseconds basis.
 104:Drivers/STM32H7xx_HAL_Driver/Src/stm32h7xx_hal.c ****         (++) Time base configuration function (HAL_InitTick ()) is called automatically
 105:Drivers/STM32H7xx_HAL_Driver/Src/stm32h7xx_hal.c ****              at the beginning of the program after reset by HAL_Init() or at any time
 106:Drivers/STM32H7xx_HAL_Driver/Src/stm32h7xx_hal.c ****              when clock is configured, by HAL_RCC_ClockConfig().
 107:Drivers/STM32H7xx_HAL_Driver/Src/stm32h7xx_hal.c ****         (++) Source of time base is configured  to generate interrupts at regular
 108:Drivers/STM32H7xx_HAL_Driver/Src/stm32h7xx_hal.c ****              time intervals. Care must be taken if HAL_Delay() is called from a
 109:Drivers/STM32H7xx_HAL_Driver/Src/stm32h7xx_hal.c ****              peripheral ISR process, the Tick interrupt line must have higher priority
 110:Drivers/STM32H7xx_HAL_Driver/Src/stm32h7xx_hal.c ****             (numerically lower) than the peripheral interrupt. Otherwise the caller
 111:Drivers/STM32H7xx_HAL_Driver/Src/stm32h7xx_hal.c ****             ISR process will be blocked.
 112:Drivers/STM32H7xx_HAL_Driver/Src/stm32h7xx_hal.c ****        (++) functions affecting time base configurations are declared as __weak
 113:Drivers/STM32H7xx_HAL_Driver/Src/stm32h7xx_hal.c ****              to make  override possible  in case of other  implementations in user file.
 114:Drivers/STM32H7xx_HAL_Driver/Src/stm32h7xx_hal.c **** @endverbatim
 115:Drivers/STM32H7xx_HAL_Driver/Src/stm32h7xx_hal.c ****   * @{
 116:Drivers/STM32H7xx_HAL_Driver/Src/stm32h7xx_hal.c ****   */
 117:Drivers/STM32H7xx_HAL_Driver/Src/stm32h7xx_hal.c **** 
 118:Drivers/STM32H7xx_HAL_Driver/Src/stm32h7xx_hal.c **** /**
 119:Drivers/STM32H7xx_HAL_Driver/Src/stm32h7xx_hal.c ****   * @brief  This function is used to initialize the HAL Library; it must be the first
 120:Drivers/STM32H7xx_HAL_Driver/Src/stm32h7xx_hal.c ****   *         instruction to be executed in the main program (before to call any other
 121:Drivers/STM32H7xx_HAL_Driver/Src/stm32h7xx_hal.c ****   *         HAL function), it performs the following:
 122:Drivers/STM32H7xx_HAL_Driver/Src/stm32h7xx_hal.c ****   *           Configures the SysTick to generate an interrupt each 1 millisecond,
 123:Drivers/STM32H7xx_HAL_Driver/Src/stm32h7xx_hal.c ****   *           which is clocked by the HSI (at this stage, the clock is not yet
 124:Drivers/STM32H7xx_HAL_Driver/Src/stm32h7xx_hal.c ****   *           configured and thus the system is running from the internal HSI at 16 MHz).
 125:Drivers/STM32H7xx_HAL_Driver/Src/stm32h7xx_hal.c ****   *           Set NVIC Group Priority to 4.
 126:Drivers/STM32H7xx_HAL_Driver/Src/stm32h7xx_hal.c ****   *           Calls the HAL_MspInit() callback function defined in user file
 127:Drivers/STM32H7xx_HAL_Driver/Src/stm32h7xx_hal.c ****   *           "stm32h7xx_hal_msp.c" to do the global low level hardware initialization
 128:Drivers/STM32H7xx_HAL_Driver/Src/stm32h7xx_hal.c ****   *
 129:Drivers/STM32H7xx_HAL_Driver/Src/stm32h7xx_hal.c ****   * @note   SysTick is used as time base for the HAL_Delay() function, the application
 130:Drivers/STM32H7xx_HAL_Driver/Src/stm32h7xx_hal.c ****   *         need to ensure that the SysTick time base is always set to 1 millisecond
 131:Drivers/STM32H7xx_HAL_Driver/Src/stm32h7xx_hal.c ****   *         to have correct HAL operation.
 132:Drivers/STM32H7xx_HAL_Driver/Src/stm32h7xx_hal.c ****   * @retval HAL status
 133:Drivers/STM32H7xx_HAL_Driver/Src/stm32h7xx_hal.c ****   */
 134:Drivers/STM32H7xx_HAL_Driver/Src/stm32h7xx_hal.c **** HAL_StatusTypeDef HAL_Init(void)
 135:Drivers/STM32H7xx_HAL_Driver/Src/stm32h7xx_hal.c **** {
 136:Drivers/STM32H7xx_HAL_Driver/Src/stm32h7xx_hal.c **** 
 137:Drivers/STM32H7xx_HAL_Driver/Src/stm32h7xx_hal.c **** uint32_t common_system_clock;
 138:Drivers/STM32H7xx_HAL_Driver/Src/stm32h7xx_hal.c **** 
 139:Drivers/STM32H7xx_HAL_Driver/Src/stm32h7xx_hal.c **** #if defined(DUAL_CORE) && defined(CORE_CM4)
 140:Drivers/STM32H7xx_HAL_Driver/Src/stm32h7xx_hal.c ****    /* Configure Cortex-M4 Instruction cache through ART accelerator */
 141:Drivers/STM32H7xx_HAL_Driver/Src/stm32h7xx_hal.c ****    __HAL_RCC_ART_CLK_ENABLE();                   /* Enable the Cortex-M4 ART Clock */
 142:Drivers/STM32H7xx_HAL_Driver/Src/stm32h7xx_hal.c ****    __HAL_ART_CONFIG_BASE_ADDRESS(0x08100000UL);  /* Configure the Cortex-M4 ART Base address to the
 143:Drivers/STM32H7xx_HAL_Driver/Src/stm32h7xx_hal.c ****    __HAL_ART_ENABLE();                           /* Enable the Cortex-M4 ART */
 144:Drivers/STM32H7xx_HAL_Driver/Src/stm32h7xx_hal.c **** #endif /* DUAL_CORE &&  CORE_CM4 */
ARM GAS  C:\Users\l1234\AppData\Local\Temp\ccwXN0d2.s 			page 4


 145:Drivers/STM32H7xx_HAL_Driver/Src/stm32h7xx_hal.c **** 
 146:Drivers/STM32H7xx_HAL_Driver/Src/stm32h7xx_hal.c ****   /* Set Interrupt Group Priority */
 147:Drivers/STM32H7xx_HAL_Driver/Src/stm32h7xx_hal.c ****   HAL_NVIC_SetPriorityGrouping(NVIC_PRIORITYGROUP_4);
 148:Drivers/STM32H7xx_HAL_Driver/Src/stm32h7xx_hal.c **** 
 149:Drivers/STM32H7xx_HAL_Driver/Src/stm32h7xx_hal.c ****   /* Update the SystemCoreClock global variable */
 150:Drivers/STM32H7xx_HAL_Driver/Src/stm32h7xx_hal.c **** #if defined(RCC_D1CFGR_D1CPRE)
 151:Drivers/STM32H7xx_HAL_Driver/Src/stm32h7xx_hal.c ****   common_system_clock = HAL_RCC_GetSysClockFreq() >> ((D1CorePrescTable[(RCC->D1CFGR & RCC_D1CFGR_D
 152:Drivers/STM32H7xx_HAL_Driver/Src/stm32h7xx_hal.c **** #else
 153:Drivers/STM32H7xx_HAL_Driver/Src/stm32h7xx_hal.c ****   common_system_clock = HAL_RCC_GetSysClockFreq() >> ((D1CorePrescTable[(RCC->CDCFGR1 & RCC_CDCFGR1
 154:Drivers/STM32H7xx_HAL_Driver/Src/stm32h7xx_hal.c **** #endif
 155:Drivers/STM32H7xx_HAL_Driver/Src/stm32h7xx_hal.c **** 
 156:Drivers/STM32H7xx_HAL_Driver/Src/stm32h7xx_hal.c ****   /* Update the SystemD2Clock global variable */
 157:Drivers/STM32H7xx_HAL_Driver/Src/stm32h7xx_hal.c **** #if defined(RCC_D1CFGR_HPRE)
 158:Drivers/STM32H7xx_HAL_Driver/Src/stm32h7xx_hal.c ****   SystemD2Clock = (common_system_clock >> ((D1CorePrescTable[(RCC->D1CFGR & RCC_D1CFGR_HPRE)>> RCC_
 159:Drivers/STM32H7xx_HAL_Driver/Src/stm32h7xx_hal.c **** #else
 160:Drivers/STM32H7xx_HAL_Driver/Src/stm32h7xx_hal.c ****   SystemD2Clock = (common_system_clock >> ((D1CorePrescTable[(RCC->CDCFGR1 & RCC_CDCFGR1_HPRE)>> RC
 161:Drivers/STM32H7xx_HAL_Driver/Src/stm32h7xx_hal.c **** #endif
 162:Drivers/STM32H7xx_HAL_Driver/Src/stm32h7xx_hal.c **** 
 163:Drivers/STM32H7xx_HAL_Driver/Src/stm32h7xx_hal.c **** #if defined(DUAL_CORE) && defined(CORE_CM4)
 164:Drivers/STM32H7xx_HAL_Driver/Src/stm32h7xx_hal.c ****   SystemCoreClock = SystemD2Clock;
 165:Drivers/STM32H7xx_HAL_Driver/Src/stm32h7xx_hal.c **** #else
 166:Drivers/STM32H7xx_HAL_Driver/Src/stm32h7xx_hal.c ****   SystemCoreClock = common_system_clock;
 167:Drivers/STM32H7xx_HAL_Driver/Src/stm32h7xx_hal.c **** #endif /* DUAL_CORE && CORE_CM4 */
 168:Drivers/STM32H7xx_HAL_Driver/Src/stm32h7xx_hal.c **** 
 169:Drivers/STM32H7xx_HAL_Driver/Src/stm32h7xx_hal.c ****   /* Use systick as time base source and configure 1ms tick (default clock after Reset is HSI) */
 170:Drivers/STM32H7xx_HAL_Driver/Src/stm32h7xx_hal.c ****   if(HAL_InitTick(TICK_INT_PRIORITY) != HAL_OK)
 171:Drivers/STM32H7xx_HAL_Driver/Src/stm32h7xx_hal.c ****   {
 172:Drivers/STM32H7xx_HAL_Driver/Src/stm32h7xx_hal.c ****     return HAL_ERROR;
 173:Drivers/STM32H7xx_HAL_Driver/Src/stm32h7xx_hal.c ****   }
 174:Drivers/STM32H7xx_HAL_Driver/Src/stm32h7xx_hal.c **** 
 175:Drivers/STM32H7xx_HAL_Driver/Src/stm32h7xx_hal.c ****   /* Init the low level hardware */
 176:Drivers/STM32H7xx_HAL_Driver/Src/stm32h7xx_hal.c ****   HAL_MspInit();
 177:Drivers/STM32H7xx_HAL_Driver/Src/stm32h7xx_hal.c **** 
 178:Drivers/STM32H7xx_HAL_Driver/Src/stm32h7xx_hal.c ****   /* Return function status */
 179:Drivers/STM32H7xx_HAL_Driver/Src/stm32h7xx_hal.c ****   return HAL_OK;
 180:Drivers/STM32H7xx_HAL_Driver/Src/stm32h7xx_hal.c **** }
 181:Drivers/STM32H7xx_HAL_Driver/Src/stm32h7xx_hal.c **** 
 182:Drivers/STM32H7xx_HAL_Driver/Src/stm32h7xx_hal.c **** /**
 183:Drivers/STM32H7xx_HAL_Driver/Src/stm32h7xx_hal.c ****   * @brief  This function de-Initializes common part of the HAL and stops the systick.
 184:Drivers/STM32H7xx_HAL_Driver/Src/stm32h7xx_hal.c ****   *         This function is optional.
 185:Drivers/STM32H7xx_HAL_Driver/Src/stm32h7xx_hal.c ****   * @retval HAL status
 186:Drivers/STM32H7xx_HAL_Driver/Src/stm32h7xx_hal.c ****   */
 187:Drivers/STM32H7xx_HAL_Driver/Src/stm32h7xx_hal.c **** HAL_StatusTypeDef HAL_DeInit(void)
 188:Drivers/STM32H7xx_HAL_Driver/Src/stm32h7xx_hal.c **** {
 189:Drivers/STM32H7xx_HAL_Driver/Src/stm32h7xx_hal.c ****   /* Reset of all peripherals */
 190:Drivers/STM32H7xx_HAL_Driver/Src/stm32h7xx_hal.c ****   __HAL_RCC_AHB3_FORCE_RESET();
 191:Drivers/STM32H7xx_HAL_Driver/Src/stm32h7xx_hal.c ****   __HAL_RCC_AHB3_RELEASE_RESET();
 192:Drivers/STM32H7xx_HAL_Driver/Src/stm32h7xx_hal.c **** 
 193:Drivers/STM32H7xx_HAL_Driver/Src/stm32h7xx_hal.c ****   __HAL_RCC_AHB1_FORCE_RESET();
 194:Drivers/STM32H7xx_HAL_Driver/Src/stm32h7xx_hal.c ****   __HAL_RCC_AHB1_RELEASE_RESET();
 195:Drivers/STM32H7xx_HAL_Driver/Src/stm32h7xx_hal.c **** 
 196:Drivers/STM32H7xx_HAL_Driver/Src/stm32h7xx_hal.c ****   __HAL_RCC_AHB2_FORCE_RESET();
 197:Drivers/STM32H7xx_HAL_Driver/Src/stm32h7xx_hal.c ****   __HAL_RCC_AHB2_RELEASE_RESET();
 198:Drivers/STM32H7xx_HAL_Driver/Src/stm32h7xx_hal.c **** 
 199:Drivers/STM32H7xx_HAL_Driver/Src/stm32h7xx_hal.c ****   __HAL_RCC_AHB4_FORCE_RESET();
 200:Drivers/STM32H7xx_HAL_Driver/Src/stm32h7xx_hal.c ****  __HAL_RCC_AHB4_RELEASE_RESET();
 201:Drivers/STM32H7xx_HAL_Driver/Src/stm32h7xx_hal.c **** 
ARM GAS  C:\Users\l1234\AppData\Local\Temp\ccwXN0d2.s 			page 5


 202:Drivers/STM32H7xx_HAL_Driver/Src/stm32h7xx_hal.c ****   __HAL_RCC_APB3_FORCE_RESET();
 203:Drivers/STM32H7xx_HAL_Driver/Src/stm32h7xx_hal.c ****   __HAL_RCC_APB3_RELEASE_RESET();
 204:Drivers/STM32H7xx_HAL_Driver/Src/stm32h7xx_hal.c **** 
 205:Drivers/STM32H7xx_HAL_Driver/Src/stm32h7xx_hal.c ****   __HAL_RCC_APB1L_FORCE_RESET();
 206:Drivers/STM32H7xx_HAL_Driver/Src/stm32h7xx_hal.c ****   __HAL_RCC_APB1L_RELEASE_RESET();
 207:Drivers/STM32H7xx_HAL_Driver/Src/stm32h7xx_hal.c **** 
 208:Drivers/STM32H7xx_HAL_Driver/Src/stm32h7xx_hal.c ****   __HAL_RCC_APB1H_FORCE_RESET();
 209:Drivers/STM32H7xx_HAL_Driver/Src/stm32h7xx_hal.c ****   __HAL_RCC_APB1H_RELEASE_RESET();
 210:Drivers/STM32H7xx_HAL_Driver/Src/stm32h7xx_hal.c **** 
 211:Drivers/STM32H7xx_HAL_Driver/Src/stm32h7xx_hal.c ****    __HAL_RCC_APB2_FORCE_RESET();
 212:Drivers/STM32H7xx_HAL_Driver/Src/stm32h7xx_hal.c ****    __HAL_RCC_APB2_RELEASE_RESET();
 213:Drivers/STM32H7xx_HAL_Driver/Src/stm32h7xx_hal.c **** 
 214:Drivers/STM32H7xx_HAL_Driver/Src/stm32h7xx_hal.c ****   __HAL_RCC_APB4_FORCE_RESET();
 215:Drivers/STM32H7xx_HAL_Driver/Src/stm32h7xx_hal.c ****   __HAL_RCC_APB4_RELEASE_RESET();
 216:Drivers/STM32H7xx_HAL_Driver/Src/stm32h7xx_hal.c **** 
 217:Drivers/STM32H7xx_HAL_Driver/Src/stm32h7xx_hal.c ****   /* De-Init the low level hardware */
 218:Drivers/STM32H7xx_HAL_Driver/Src/stm32h7xx_hal.c ****   HAL_MspDeInit();
 219:Drivers/STM32H7xx_HAL_Driver/Src/stm32h7xx_hal.c **** 
 220:Drivers/STM32H7xx_HAL_Driver/Src/stm32h7xx_hal.c ****   /* Return function status */
 221:Drivers/STM32H7xx_HAL_Driver/Src/stm32h7xx_hal.c ****   return HAL_OK;
 222:Drivers/STM32H7xx_HAL_Driver/Src/stm32h7xx_hal.c **** }
 223:Drivers/STM32H7xx_HAL_Driver/Src/stm32h7xx_hal.c **** 
 224:Drivers/STM32H7xx_HAL_Driver/Src/stm32h7xx_hal.c **** /**
 225:Drivers/STM32H7xx_HAL_Driver/Src/stm32h7xx_hal.c ****   * @brief  Initializes the MSP.
 226:Drivers/STM32H7xx_HAL_Driver/Src/stm32h7xx_hal.c ****   * @retval None
 227:Drivers/STM32H7xx_HAL_Driver/Src/stm32h7xx_hal.c ****   */
 228:Drivers/STM32H7xx_HAL_Driver/Src/stm32h7xx_hal.c **** __weak void HAL_MspInit(void)
 229:Drivers/STM32H7xx_HAL_Driver/Src/stm32h7xx_hal.c **** {
  29              		.loc 1 229 1 view -0
  30              		.cfi_startproc
  31              		@ args = 0, pretend = 0, frame = 0
  32              		@ frame_needed = 0, uses_anonymous_args = 0
  33              		@ link register save eliminated.
 230:Drivers/STM32H7xx_HAL_Driver/Src/stm32h7xx_hal.c ****   /* NOTE : This function Should not be modified, when the callback is needed,
 231:Drivers/STM32H7xx_HAL_Driver/Src/stm32h7xx_hal.c ****             the HAL_MspInit could be implemented in the user file
 232:Drivers/STM32H7xx_HAL_Driver/Src/stm32h7xx_hal.c ****    */
 233:Drivers/STM32H7xx_HAL_Driver/Src/stm32h7xx_hal.c **** }
  34              		.loc 1 233 1 view .LVU1
  35 0000 7047     		bx	lr
  36              		.cfi_endproc
  37              	.LFE146:
  39 0002 00BF     		.section	.text.HAL_MspDeInit,"ax",%progbits
  40              		.align	1
  41              		.p2align 2,,3
  42              		.weak	HAL_MspDeInit
  43              		.syntax unified
  44              		.thumb
  45              		.thumb_func
  47              	HAL_MspDeInit:
  48              	.LFB200:
  49              		.cfi_startproc
 234:Drivers/STM32H7xx_HAL_Driver/Src/stm32h7xx_hal.c **** 
 235:Drivers/STM32H7xx_HAL_Driver/Src/stm32h7xx_hal.c **** /**
 236:Drivers/STM32H7xx_HAL_Driver/Src/stm32h7xx_hal.c ****   * @brief  DeInitializes the MSP.
 237:Drivers/STM32H7xx_HAL_Driver/Src/stm32h7xx_hal.c ****   * @retval None
 238:Drivers/STM32H7xx_HAL_Driver/Src/stm32h7xx_hal.c ****   */
 239:Drivers/STM32H7xx_HAL_Driver/Src/stm32h7xx_hal.c **** __weak void HAL_MspDeInit(void)
ARM GAS  C:\Users\l1234\AppData\Local\Temp\ccwXN0d2.s 			page 6


  50              		.loc 1 239 13 view -0
  51              		@ args = 0, pretend = 0, frame = 0
  52              		@ frame_needed = 0, uses_anonymous_args = 0
  53              		@ link register save eliminated.
  54 0000 7047     		bx	lr
  55              		.cfi_endproc
  56              	.LFE200:
  58 0002 00BF     		.section	.text.HAL_DeInit,"ax",%progbits
  59              		.align	1
  60              		.p2align 2,,3
  61              		.global	HAL_DeInit
  62              		.syntax unified
  63              		.thumb
  64              		.thumb_func
  66              	HAL_DeInit:
  67              	.LFB145:
 188:Drivers/STM32H7xx_HAL_Driver/Src/stm32h7xx_hal.c ****   /* Reset of all peripherals */
  68              		.loc 1 188 1 view -0
  69              		.cfi_startproc
  70              		@ args = 0, pretend = 0, frame = 0
  71              		@ frame_needed = 0, uses_anonymous_args = 0
 190:Drivers/STM32H7xx_HAL_Driver/Src/stm32h7xx_hal.c ****   __HAL_RCC_AHB3_RELEASE_RESET();
  72              		.loc 1 190 3 view .LVU4
 188:Drivers/STM32H7xx_HAL_Driver/Src/stm32h7xx_hal.c ****   /* Reset of all peripherals */
  73              		.loc 1 188 1 is_stmt 0 view .LVU5
  74 0000 10B5     		push	{r4, lr}
  75              	.LCFI0:
  76              		.cfi_def_cfa_offset 8
  77              		.cfi_offset 4, -8
  78              		.cfi_offset 14, -4
 190:Drivers/STM32H7xx_HAL_Driver/Src/stm32h7xx_hal.c ****   __HAL_RCC_AHB3_RELEASE_RESET();
  79              		.loc 1 190 3 view .LVU6
  80 0002 184B     		ldr	r3, .L6
 191:Drivers/STM32H7xx_HAL_Driver/Src/stm32h7xx_hal.c **** 
  81              		.loc 1 191 3 view .LVU7
  82 0004 0024     		movs	r4, #0
 190:Drivers/STM32H7xx_HAL_Driver/Src/stm32h7xx_hal.c ****   __HAL_RCC_AHB3_RELEASE_RESET();
  83              		.loc 1 190 3 view .LVU8
  84 0006 1849     		ldr	r1, .L6+4
 193:Drivers/STM32H7xx_HAL_Driver/Src/stm32h7xx_hal.c ****   __HAL_RCC_AHB1_RELEASE_RESET();
  85              		.loc 1 193 3 view .LVU9
  86 0008 184A     		ldr	r2, .L6+8
 190:Drivers/STM32H7xx_HAL_Driver/Src/stm32h7xx_hal.c ****   __HAL_RCC_AHB3_RELEASE_RESET();
  87              		.loc 1 190 3 view .LVU10
  88 000a D967     		str	r1, [r3, #124]
 191:Drivers/STM32H7xx_HAL_Driver/Src/stm32h7xx_hal.c **** 
  89              		.loc 1 191 3 is_stmt 1 view .LVU11
 202:Drivers/STM32H7xx_HAL_Driver/Src/stm32h7xx_hal.c ****   __HAL_RCC_APB3_RELEASE_RESET();
  90              		.loc 1 202 3 is_stmt 0 view .LVU12
  91 000c 0821     		movs	r1, #8
 191:Drivers/STM32H7xx_HAL_Driver/Src/stm32h7xx_hal.c **** 
  92              		.loc 1 191 3 view .LVU13
  93 000e DC67     		str	r4, [r3, #124]
 193:Drivers/STM32H7xx_HAL_Driver/Src/stm32h7xx_hal.c ****   __HAL_RCC_AHB1_RELEASE_RESET();
  94              		.loc 1 193 3 is_stmt 1 view .LVU14
 196:Drivers/STM32H7xx_HAL_Driver/Src/stm32h7xx_hal.c ****   __HAL_RCC_AHB2_RELEASE_RESET();
  95              		.loc 1 196 3 is_stmt 0 view .LVU15
ARM GAS  C:\Users\l1234\AppData\Local\Temp\ccwXN0d2.s 			page 7


  96 0010 1748     		ldr	r0, .L6+12
 193:Drivers/STM32H7xx_HAL_Driver/Src/stm32h7xx_hal.c ****   __HAL_RCC_AHB1_RELEASE_RESET();
  97              		.loc 1 193 3 view .LVU16
  98 0012 C3F88020 		str	r2, [r3, #128]
 194:Drivers/STM32H7xx_HAL_Driver/Src/stm32h7xx_hal.c **** 
  99              		.loc 1 194 3 is_stmt 1 view .LVU17
 199:Drivers/STM32H7xx_HAL_Driver/Src/stm32h7xx_hal.c ****  __HAL_RCC_AHB4_RELEASE_RESET();
 100              		.loc 1 199 3 is_stmt 0 view .LVU18
 101 0016 174A     		ldr	r2, .L6+16
 194:Drivers/STM32H7xx_HAL_Driver/Src/stm32h7xx_hal.c **** 
 102              		.loc 1 194 3 view .LVU19
 103 0018 C3F88040 		str	r4, [r3, #128]
 196:Drivers/STM32H7xx_HAL_Driver/Src/stm32h7xx_hal.c ****   __HAL_RCC_AHB2_RELEASE_RESET();
 104              		.loc 1 196 3 is_stmt 1 view .LVU20
 105 001c C3F88400 		str	r0, [r3, #132]
 197:Drivers/STM32H7xx_HAL_Driver/Src/stm32h7xx_hal.c **** 
 106              		.loc 1 197 3 view .LVU21
 107 0020 C3F88440 		str	r4, [r3, #132]
 199:Drivers/STM32H7xx_HAL_Driver/Src/stm32h7xx_hal.c ****  __HAL_RCC_AHB4_RELEASE_RESET();
 108              		.loc 1 199 3 view .LVU22
 109 0024 C3F88820 		str	r2, [r3, #136]
 200:Drivers/STM32H7xx_HAL_Driver/Src/stm32h7xx_hal.c **** 
 110              		.loc 1 200 2 view .LVU23
 205:Drivers/STM32H7xx_HAL_Driver/Src/stm32h7xx_hal.c ****   __HAL_RCC_APB1L_RELEASE_RESET();
 111              		.loc 1 205 3 is_stmt 0 view .LVU24
 112 0028 134A     		ldr	r2, .L6+20
 200:Drivers/STM32H7xx_HAL_Driver/Src/stm32h7xx_hal.c **** 
 113              		.loc 1 200 2 view .LVU25
 114 002a C3F88840 		str	r4, [r3, #136]
 202:Drivers/STM32H7xx_HAL_Driver/Src/stm32h7xx_hal.c ****   __HAL_RCC_APB3_RELEASE_RESET();
 115              		.loc 1 202 3 is_stmt 1 view .LVU26
 208:Drivers/STM32H7xx_HAL_Driver/Src/stm32h7xx_hal.c ****   __HAL_RCC_APB1H_RELEASE_RESET();
 116              		.loc 1 208 3 is_stmt 0 view .LVU27
 117 002e 1348     		ldr	r0, .L6+24
 202:Drivers/STM32H7xx_HAL_Driver/Src/stm32h7xx_hal.c ****   __HAL_RCC_APB3_RELEASE_RESET();
 118              		.loc 1 202 3 view .LVU28
 119 0030 C3F88C10 		str	r1, [r3, #140]
 203:Drivers/STM32H7xx_HAL_Driver/Src/stm32h7xx_hal.c **** 
 120              		.loc 1 203 3 is_stmt 1 view .LVU29
 121 0034 C3F88C40 		str	r4, [r3, #140]
 205:Drivers/STM32H7xx_HAL_Driver/Src/stm32h7xx_hal.c ****   __HAL_RCC_APB1L_RELEASE_RESET();
 122              		.loc 1 205 3 view .LVU30
 211:Drivers/STM32H7xx_HAL_Driver/Src/stm32h7xx_hal.c ****    __HAL_RCC_APB2_RELEASE_RESET();
 123              		.loc 1 211 4 is_stmt 0 view .LVU31
 124 0038 1149     		ldr	r1, .L6+28
 205:Drivers/STM32H7xx_HAL_Driver/Src/stm32h7xx_hal.c ****   __HAL_RCC_APB1L_RELEASE_RESET();
 125              		.loc 1 205 3 view .LVU32
 126 003a C3F89020 		str	r2, [r3, #144]
 206:Drivers/STM32H7xx_HAL_Driver/Src/stm32h7xx_hal.c **** 
 127              		.loc 1 206 3 is_stmt 1 view .LVU33
 214:Drivers/STM32H7xx_HAL_Driver/Src/stm32h7xx_hal.c ****   __HAL_RCC_APB4_RELEASE_RESET();
 128              		.loc 1 214 3 is_stmt 0 view .LVU34
 129 003e 114A     		ldr	r2, .L6+32
 206:Drivers/STM32H7xx_HAL_Driver/Src/stm32h7xx_hal.c **** 
 130              		.loc 1 206 3 view .LVU35
 131 0040 C3F89040 		str	r4, [r3, #144]
 208:Drivers/STM32H7xx_HAL_Driver/Src/stm32h7xx_hal.c ****   __HAL_RCC_APB1H_RELEASE_RESET();
ARM GAS  C:\Users\l1234\AppData\Local\Temp\ccwXN0d2.s 			page 8


 132              		.loc 1 208 3 is_stmt 1 view .LVU36
 133 0044 C3F89400 		str	r0, [r3, #148]
 209:Drivers/STM32H7xx_HAL_Driver/Src/stm32h7xx_hal.c **** 
 134              		.loc 1 209 3 view .LVU37
 135 0048 C3F89440 		str	r4, [r3, #148]
 211:Drivers/STM32H7xx_HAL_Driver/Src/stm32h7xx_hal.c ****    __HAL_RCC_APB2_RELEASE_RESET();
 136              		.loc 1 211 4 view .LVU38
 137 004c C3F89810 		str	r1, [r3, #152]
 212:Drivers/STM32H7xx_HAL_Driver/Src/stm32h7xx_hal.c **** 
 138              		.loc 1 212 4 view .LVU39
 139 0050 C3F89840 		str	r4, [r3, #152]
 214:Drivers/STM32H7xx_HAL_Driver/Src/stm32h7xx_hal.c ****   __HAL_RCC_APB4_RELEASE_RESET();
 140              		.loc 1 214 3 view .LVU40
 141 0054 C3F89C20 		str	r2, [r3, #156]
 215:Drivers/STM32H7xx_HAL_Driver/Src/stm32h7xx_hal.c **** 
 142              		.loc 1 215 3 view .LVU41
 143 0058 C3F89C40 		str	r4, [r3, #156]
 218:Drivers/STM32H7xx_HAL_Driver/Src/stm32h7xx_hal.c **** 
 144              		.loc 1 218 3 view .LVU42
 145 005c FFF7FEFF 		bl	HAL_MspDeInit
 146              	.LVL0:
 221:Drivers/STM32H7xx_HAL_Driver/Src/stm32h7xx_hal.c **** }
 147              		.loc 1 221 3 view .LVU43
 222:Drivers/STM32H7xx_HAL_Driver/Src/stm32h7xx_hal.c **** 
 148              		.loc 1 222 1 is_stmt 0 view .LVU44
 149 0060 2046     		mov	r0, r4
 150 0062 10BD     		pop	{r4, pc}
 151              	.L7:
 152              		.align	2
 153              	.L6:
 154 0064 00440258 		.word	1476543488
 155 0068 1150E900 		.word	15290385
 156 006c 23800002 		.word	33587235
 157 0070 71020300 		.word	197233
 158 0074 FF062803 		.word	52954879
 159 0078 FFC3FFEA 		.word	-352336897
 160 007c 36010003 		.word	50331958
 161 0080 F3305740 		.word	1079455987
 162 0084 AADE2004 		.word	69263018
 163              		.cfi_endproc
 164              	.LFE145:
 166              		.section	.text.HAL_InitTick,"ax",%progbits
 167              		.align	1
 168              		.p2align 2,,3
 169              		.weak	HAL_InitTick
 170              		.syntax unified
 171              		.thumb
 172              		.thumb_func
 174              	HAL_InitTick:
 175              	.LVL1:
 176              	.LFB148:
 240:Drivers/STM32H7xx_HAL_Driver/Src/stm32h7xx_hal.c **** {
 241:Drivers/STM32H7xx_HAL_Driver/Src/stm32h7xx_hal.c ****   /* NOTE : This function Should not be modified, when the callback is needed,
 242:Drivers/STM32H7xx_HAL_Driver/Src/stm32h7xx_hal.c ****             the HAL_MspDeInit could be implemented in the user file
 243:Drivers/STM32H7xx_HAL_Driver/Src/stm32h7xx_hal.c ****    */
 244:Drivers/STM32H7xx_HAL_Driver/Src/stm32h7xx_hal.c **** }
 245:Drivers/STM32H7xx_HAL_Driver/Src/stm32h7xx_hal.c **** 
ARM GAS  C:\Users\l1234\AppData\Local\Temp\ccwXN0d2.s 			page 9


 246:Drivers/STM32H7xx_HAL_Driver/Src/stm32h7xx_hal.c **** /**
 247:Drivers/STM32H7xx_HAL_Driver/Src/stm32h7xx_hal.c ****   * @brief This function configures the source of the time base.
 248:Drivers/STM32H7xx_HAL_Driver/Src/stm32h7xx_hal.c ****   *        The time source is configured  to have 1ms time base with a dedicated
 249:Drivers/STM32H7xx_HAL_Driver/Src/stm32h7xx_hal.c ****   *        Tick interrupt priority.
 250:Drivers/STM32H7xx_HAL_Driver/Src/stm32h7xx_hal.c ****   * @note This function is called  automatically at the beginning of program after
 251:Drivers/STM32H7xx_HAL_Driver/Src/stm32h7xx_hal.c ****   *       reset by HAL_Init() or at any time when clock is reconfigured  by HAL_RCC_ClockConfig().
 252:Drivers/STM32H7xx_HAL_Driver/Src/stm32h7xx_hal.c ****   * @note In the default implementation, SysTick timer is the source of time base.
 253:Drivers/STM32H7xx_HAL_Driver/Src/stm32h7xx_hal.c ****   *       It is used to generate interrupts at regular time intervals.
 254:Drivers/STM32H7xx_HAL_Driver/Src/stm32h7xx_hal.c ****   *       Care must be taken if HAL_Delay() is called from a peripheral ISR process,
 255:Drivers/STM32H7xx_HAL_Driver/Src/stm32h7xx_hal.c ****   *       the SysTick interrupt must have higher priority (numerically lower)
 256:Drivers/STM32H7xx_HAL_Driver/Src/stm32h7xx_hal.c ****   *       than the peripheral interrupt. Otherwise the caller ISR process will be blocked.
 257:Drivers/STM32H7xx_HAL_Driver/Src/stm32h7xx_hal.c ****   *       The function is declared as __weak  to be overwritten  in case of other
 258:Drivers/STM32H7xx_HAL_Driver/Src/stm32h7xx_hal.c ****   *       implementation  in user file.
 259:Drivers/STM32H7xx_HAL_Driver/Src/stm32h7xx_hal.c ****   * @param TickPriority: Tick interrupt priority.
 260:Drivers/STM32H7xx_HAL_Driver/Src/stm32h7xx_hal.c ****   * @retval HAL status
 261:Drivers/STM32H7xx_HAL_Driver/Src/stm32h7xx_hal.c ****   */
 262:Drivers/STM32H7xx_HAL_Driver/Src/stm32h7xx_hal.c **** __weak HAL_StatusTypeDef HAL_InitTick(uint32_t TickPriority)
 263:Drivers/STM32H7xx_HAL_Driver/Src/stm32h7xx_hal.c **** {
 177              		.loc 1 263 1 is_stmt 1 view -0
 178              		.cfi_startproc
 179              		@ args = 0, pretend = 0, frame = 0
 180              		@ frame_needed = 0, uses_anonymous_args = 0
 264:Drivers/STM32H7xx_HAL_Driver/Src/stm32h7xx_hal.c ****   /* Check uwTickFreq for MisraC 2012 (even if uwTickFreq is a enum type that don't take the value 
 265:Drivers/STM32H7xx_HAL_Driver/Src/stm32h7xx_hal.c ****   if((uint32_t)uwTickFreq == 0UL)
 181              		.loc 1 265 3 view .LVU46
 182              		.loc 1 265 27 is_stmt 0 view .LVU47
 183 0000 0F4B     		ldr	r3, .L22
 184 0002 1B78     		ldrb	r3, [r3]	@ zero_extendqisi2
 185              		.loc 1 265 5 view .LVU48
 186 0004 0BB9     		cbnz	r3, .L9
 266:Drivers/STM32H7xx_HAL_Driver/Src/stm32h7xx_hal.c ****   {
 267:Drivers/STM32H7xx_HAL_Driver/Src/stm32h7xx_hal.c ****     return HAL_ERROR;
 187              		.loc 1 267 12 view .LVU49
 188 0006 0120     		movs	r0, #1
 189              	.LVL2:
 268:Drivers/STM32H7xx_HAL_Driver/Src/stm32h7xx_hal.c ****   }
 269:Drivers/STM32H7xx_HAL_Driver/Src/stm32h7xx_hal.c **** 
 270:Drivers/STM32H7xx_HAL_Driver/Src/stm32h7xx_hal.c ****     /* Configure the SysTick to have interrupt in 1ms time basis*/
 271:Drivers/STM32H7xx_HAL_Driver/Src/stm32h7xx_hal.c ****     if (HAL_SYSTICK_Config(SystemCoreClock / (1000UL / (uint32_t)uwTickFreq)) > 0U)
 272:Drivers/STM32H7xx_HAL_Driver/Src/stm32h7xx_hal.c ****     {
 273:Drivers/STM32H7xx_HAL_Driver/Src/stm32h7xx_hal.c ****       return HAL_ERROR;
 274:Drivers/STM32H7xx_HAL_Driver/Src/stm32h7xx_hal.c ****     }
 275:Drivers/STM32H7xx_HAL_Driver/Src/stm32h7xx_hal.c **** 
 276:Drivers/STM32H7xx_HAL_Driver/Src/stm32h7xx_hal.c ****   /* Configure the SysTick IRQ priority */
 277:Drivers/STM32H7xx_HAL_Driver/Src/stm32h7xx_hal.c ****   if (TickPriority < (1UL << __NVIC_PRIO_BITS))
 278:Drivers/STM32H7xx_HAL_Driver/Src/stm32h7xx_hal.c ****   {
 279:Drivers/STM32H7xx_HAL_Driver/Src/stm32h7xx_hal.c ****     HAL_NVIC_SetPriority(SysTick_IRQn, TickPriority, 0U);
 280:Drivers/STM32H7xx_HAL_Driver/Src/stm32h7xx_hal.c ****     uwTickPrio = TickPriority;
 281:Drivers/STM32H7xx_HAL_Driver/Src/stm32h7xx_hal.c ****   }
 282:Drivers/STM32H7xx_HAL_Driver/Src/stm32h7xx_hal.c ****   else
 283:Drivers/STM32H7xx_HAL_Driver/Src/stm32h7xx_hal.c ****   {
 284:Drivers/STM32H7xx_HAL_Driver/Src/stm32h7xx_hal.c ****     return HAL_ERROR;
 285:Drivers/STM32H7xx_HAL_Driver/Src/stm32h7xx_hal.c ****   }
 286:Drivers/STM32H7xx_HAL_Driver/Src/stm32h7xx_hal.c **** 
 287:Drivers/STM32H7xx_HAL_Driver/Src/stm32h7xx_hal.c ****   /* Return function status */
 288:Drivers/STM32H7xx_HAL_Driver/Src/stm32h7xx_hal.c ****   return HAL_OK;
 289:Drivers/STM32H7xx_HAL_Driver/Src/stm32h7xx_hal.c **** }
ARM GAS  C:\Users\l1234\AppData\Local\Temp\ccwXN0d2.s 			page 10


 190              		.loc 1 289 1 view .LVU50
 191 0008 7047     		bx	lr
 192              	.LVL3:
 193              	.L9:
 271:Drivers/STM32H7xx_HAL_Driver/Src/stm32h7xx_hal.c ****     {
 194              		.loc 1 271 5 is_stmt 1 view .LVU51
 263:Drivers/STM32H7xx_HAL_Driver/Src/stm32h7xx_hal.c ****   /* Check uwTickFreq for MisraC 2012 (even if uwTickFreq is a enum type that don't take the value 
 195              		.loc 1 263 1 is_stmt 0 view .LVU52
 196 000a 10B5     		push	{r4, lr}
 197              	.LCFI1:
 198              		.cfi_def_cfa_offset 8
 199              		.cfi_offset 4, -8
 200              		.cfi_offset 14, -4
 201 000c 0446     		mov	r4, r0
 271:Drivers/STM32H7xx_HAL_Driver/Src/stm32h7xx_hal.c ****     {
 202              		.loc 1 271 54 view .LVU53
 203 000e 4FF47A70 		mov	r0, #1000
 204              	.LVL4:
 271:Drivers/STM32H7xx_HAL_Driver/Src/stm32h7xx_hal.c ****     {
 205              		.loc 1 271 9 view .LVU54
 206 0012 0C4A     		ldr	r2, .L22+4
 271:Drivers/STM32H7xx_HAL_Driver/Src/stm32h7xx_hal.c ****     {
 207              		.loc 1 271 54 view .LVU55
 208 0014 B0FBF3F3 		udiv	r3, r0, r3
 271:Drivers/STM32H7xx_HAL_Driver/Src/stm32h7xx_hal.c ****     {
 209              		.loc 1 271 9 view .LVU56
 210 0018 1068     		ldr	r0, [r2]
 211 001a B0FBF3F0 		udiv	r0, r0, r3
 212 001e FFF7FEFF 		bl	HAL_SYSTICK_Config
 213              	.LVL5:
 277:Drivers/STM32H7xx_HAL_Driver/Src/stm32h7xx_hal.c ****   {
 214              		.loc 1 277 3 is_stmt 1 view .LVU57
 277:Drivers/STM32H7xx_HAL_Driver/Src/stm32h7xx_hal.c ****   {
 215              		.loc 1 277 6 is_stmt 0 view .LVU58
 216 0022 08B9     		cbnz	r0, .L11
 277:Drivers/STM32H7xx_HAL_Driver/Src/stm32h7xx_hal.c ****   {
 217              		.loc 1 277 6 view .LVU59
 218 0024 0F2C     		cmp	r4, #15
 219 0026 01D9     		bls	.L21
 220              	.L11:
 267:Drivers/STM32H7xx_HAL_Driver/Src/stm32h7xx_hal.c ****   }
 221              		.loc 1 267 12 view .LVU60
 222 0028 0120     		movs	r0, #1
 223              		.loc 1 289 1 view .LVU61
 224 002a 10BD     		pop	{r4, pc}
 225              	.LVL6:
 226              	.L21:
 227              	.LBB4:
 228              	.LBI4:
 262:Drivers/STM32H7xx_HAL_Driver/Src/stm32h7xx_hal.c **** {
 229              		.loc 1 262 26 is_stmt 1 view .LVU62
 230              	.LBB5:
 279:Drivers/STM32H7xx_HAL_Driver/Src/stm32h7xx_hal.c ****     uwTickPrio = TickPriority;
 231              		.loc 1 279 5 view .LVU63
 232 002c 0022     		movs	r2, #0
 233 002e 2146     		mov	r1, r4
 234 0030 4FF0FF30 		mov	r0, #-1
ARM GAS  C:\Users\l1234\AppData\Local\Temp\ccwXN0d2.s 			page 11


 235 0034 FFF7FEFF 		bl	HAL_NVIC_SetPriority
 236              	.LVL7:
 280:Drivers/STM32H7xx_HAL_Driver/Src/stm32h7xx_hal.c ****   }
 237              		.loc 1 280 5 view .LVU64
 280:Drivers/STM32H7xx_HAL_Driver/Src/stm32h7xx_hal.c ****   }
 238              		.loc 1 280 16 is_stmt 0 view .LVU65
 239 0038 034B     		ldr	r3, .L22+8
 240 003a 0020     		movs	r0, #0
 241 003c 1C60     		str	r4, [r3]
 288:Drivers/STM32H7xx_HAL_Driver/Src/stm32h7xx_hal.c **** }
 242              		.loc 1 288 3 is_stmt 1 view .LVU66
 243              	.LVL8:
 288:Drivers/STM32H7xx_HAL_Driver/Src/stm32h7xx_hal.c **** }
 244              		.loc 1 288 3 is_stmt 0 view .LVU67
 245              	.LBE5:
 246              	.LBE4:
 247              		.loc 1 289 1 view .LVU68
 248 003e 10BD     		pop	{r4, pc}
 249              	.LVL9:
 250              	.L23:
 251              		.loc 1 289 1 view .LVU69
 252              		.align	2
 253              	.L22:
 254 0040 00000000 		.word	uwTickFreq
 255 0044 00000000 		.word	SystemCoreClock
 256 0048 00000000 		.word	uwTickPrio
 257              		.cfi_endproc
 258              	.LFE148:
 260              		.section	.text.HAL_Init,"ax",%progbits
 261              		.align	1
 262              		.p2align 2,,3
 263              		.global	HAL_Init
 264              		.syntax unified
 265              		.thumb
 266              		.thumb_func
 268              	HAL_Init:
 269              	.LFB144:
 135:Drivers/STM32H7xx_HAL_Driver/Src/stm32h7xx_hal.c **** 
 270              		.loc 1 135 1 is_stmt 1 view -0
 271              		.cfi_startproc
 272              		@ args = 0, pretend = 0, frame = 0
 273              		@ frame_needed = 0, uses_anonymous_args = 0
 137:Drivers/STM32H7xx_HAL_Driver/Src/stm32h7xx_hal.c **** 
 274              		.loc 1 137 1 view .LVU71
 147:Drivers/STM32H7xx_HAL_Driver/Src/stm32h7xx_hal.c **** 
 275              		.loc 1 147 3 view .LVU72
 135:Drivers/STM32H7xx_HAL_Driver/Src/stm32h7xx_hal.c **** 
 276              		.loc 1 135 1 is_stmt 0 view .LVU73
 277 0000 10B5     		push	{r4, lr}
 278              	.LCFI2:
 279              		.cfi_def_cfa_offset 8
 280              		.cfi_offset 4, -8
 281              		.cfi_offset 14, -4
 147:Drivers/STM32H7xx_HAL_Driver/Src/stm32h7xx_hal.c **** 
 282              		.loc 1 147 3 view .LVU74
 283 0002 0320     		movs	r0, #3
 158:Drivers/STM32H7xx_HAL_Driver/Src/stm32h7xx_hal.c **** #else
ARM GAS  C:\Users\l1234\AppData\Local\Temp\ccwXN0d2.s 			page 12


 284              		.loc 1 158 17 view .LVU75
 285 0004 124C     		ldr	r4, .L29
 147:Drivers/STM32H7xx_HAL_Driver/Src/stm32h7xx_hal.c **** 
 286              		.loc 1 147 3 view .LVU76
 287 0006 FFF7FEFF 		bl	HAL_NVIC_SetPriorityGrouping
 288              	.LVL10:
 151:Drivers/STM32H7xx_HAL_Driver/Src/stm32h7xx_hal.c **** #else
 289              		.loc 1 151 3 is_stmt 1 view .LVU77
 151:Drivers/STM32H7xx_HAL_Driver/Src/stm32h7xx_hal.c **** #else
 290              		.loc 1 151 25 is_stmt 0 view .LVU78
 291 000a FFF7FEFF 		bl	HAL_RCC_GetSysClockFreq
 292              	.LVL11:
 151:Drivers/STM32H7xx_HAL_Driver/Src/stm32h7xx_hal.c **** #else
 293              		.loc 1 151 77 view .LVU79
 294 000e 114B     		ldr	r3, .L29+4
 151:Drivers/STM32H7xx_HAL_Driver/Src/stm32h7xx_hal.c **** #else
 295              		.loc 1 151 72 view .LVU80
 296 0010 1149     		ldr	r1, .L29+8
 151:Drivers/STM32H7xx_HAL_Driver/Src/stm32h7xx_hal.c **** #else
 297              		.loc 1 151 77 view .LVU81
 298 0012 9A69     		ldr	r2, [r3, #24]
 158:Drivers/STM32H7xx_HAL_Driver/Src/stm32h7xx_hal.c **** #else
 299              		.loc 1 158 66 view .LVU82
 300 0014 9B69     		ldr	r3, [r3, #24]
 151:Drivers/STM32H7xx_HAL_Driver/Src/stm32h7xx_hal.c **** #else
 301              		.loc 1 151 106 view .LVU83
 302 0016 C2F30322 		ubfx	r2, r2, #8, #4
 158:Drivers/STM32H7xx_HAL_Driver/Src/stm32h7xx_hal.c **** #else
 303              		.loc 1 158 93 view .LVU84
 304 001a 03F00F03 		and	r3, r3, #15
 151:Drivers/STM32H7xx_HAL_Driver/Src/stm32h7xx_hal.c **** #else
 305              		.loc 1 151 133 view .LVU85
 306 001e 8A5C     		ldrb	r2, [r1, r2]	@ zero_extendqisi2
 158:Drivers/STM32H7xx_HAL_Driver/Src/stm32h7xx_hal.c **** #else
 307              		.loc 1 158 118 view .LVU86
 308 0020 CB5C     		ldrb	r3, [r1, r3]	@ zero_extendqisi2
 151:Drivers/STM32H7xx_HAL_Driver/Src/stm32h7xx_hal.c **** #else
 309              		.loc 1 151 133 view .LVU87
 310 0022 02F01F02 		and	r2, r2, #31
 166:Drivers/STM32H7xx_HAL_Driver/Src/stm32h7xx_hal.c **** #endif /* DUAL_CORE && CORE_CM4 */
 311              		.loc 1 166 19 view .LVU88
 312 0026 0D49     		ldr	r1, .L29+12
 158:Drivers/STM32H7xx_HAL_Driver/Src/stm32h7xx_hal.c **** #else
 313              		.loc 1 158 118 view .LVU89
 314 0028 03F01F03 		and	r3, r3, #31
 151:Drivers/STM32H7xx_HAL_Driver/Src/stm32h7xx_hal.c **** #else
 315              		.loc 1 151 23 view .LVU90
 316 002c D040     		lsrs	r0, r0, r2
 317              	.LVL12:
 158:Drivers/STM32H7xx_HAL_Driver/Src/stm32h7xx_hal.c **** #else
 318              		.loc 1 158 3 is_stmt 1 view .LVU91
 158:Drivers/STM32H7xx_HAL_Driver/Src/stm32h7xx_hal.c **** #else
 319              		.loc 1 158 40 is_stmt 0 view .LVU92
 320 002e 20FA03F3 		lsr	r3, r0, r3
 166:Drivers/STM32H7xx_HAL_Driver/Src/stm32h7xx_hal.c **** #endif /* DUAL_CORE && CORE_CM4 */
 321              		.loc 1 166 19 view .LVU93
 322 0032 0860     		str	r0, [r1]
ARM GAS  C:\Users\l1234\AppData\Local\Temp\ccwXN0d2.s 			page 13


 170:Drivers/STM32H7xx_HAL_Driver/Src/stm32h7xx_hal.c ****   {
 323              		.loc 1 170 6 view .LVU94
 324 0034 0F20     		movs	r0, #15
 325              	.LVL13:
 158:Drivers/STM32H7xx_HAL_Driver/Src/stm32h7xx_hal.c **** #else
 326              		.loc 1 158 17 view .LVU95
 327 0036 2360     		str	r3, [r4]
 166:Drivers/STM32H7xx_HAL_Driver/Src/stm32h7xx_hal.c **** #endif /* DUAL_CORE && CORE_CM4 */
 328              		.loc 1 166 3 is_stmt 1 view .LVU96
 170:Drivers/STM32H7xx_HAL_Driver/Src/stm32h7xx_hal.c ****   {
 329              		.loc 1 170 3 view .LVU97
 170:Drivers/STM32H7xx_HAL_Driver/Src/stm32h7xx_hal.c ****   {
 330              		.loc 1 170 6 is_stmt 0 view .LVU98
 331 0038 FFF7FEFF 		bl	HAL_InitTick
 332              	.LVL14:
 170:Drivers/STM32H7xx_HAL_Driver/Src/stm32h7xx_hal.c ****   {
 333              		.loc 1 170 5 view .LVU99
 334 003c 10B1     		cbz	r0, .L28
 172:Drivers/STM32H7xx_HAL_Driver/Src/stm32h7xx_hal.c ****   }
 335              		.loc 1 172 12 view .LVU100
 336 003e 0124     		movs	r4, #1
 180:Drivers/STM32H7xx_HAL_Driver/Src/stm32h7xx_hal.c **** 
 337              		.loc 1 180 1 view .LVU101
 338 0040 2046     		mov	r0, r4
 339 0042 10BD     		pop	{r4, pc}
 340              	.L28:
 341 0044 0446     		mov	r4, r0
 176:Drivers/STM32H7xx_HAL_Driver/Src/stm32h7xx_hal.c **** 
 342              		.loc 1 176 3 is_stmt 1 view .LVU102
 343 0046 FFF7FEFF 		bl	HAL_MspInit
 344              	.LVL15:
 179:Drivers/STM32H7xx_HAL_Driver/Src/stm32h7xx_hal.c **** }
 345              		.loc 1 179 3 view .LVU103
 180:Drivers/STM32H7xx_HAL_Driver/Src/stm32h7xx_hal.c **** 
 346              		.loc 1 180 1 is_stmt 0 view .LVU104
 347 004a 2046     		mov	r0, r4
 348 004c 10BD     		pop	{r4, pc}
 349              	.L30:
 350 004e 00BF     		.align	2
 351              	.L29:
 352 0050 00000000 		.word	SystemD2Clock
 353 0054 00440258 		.word	1476543488
 354 0058 00000000 		.word	D1CorePrescTable
 355 005c 00000000 		.word	SystemCoreClock
 356              		.cfi_endproc
 357              	.LFE144:
 359              		.section	.text.HAL_IncTick,"ax",%progbits
 360              		.align	1
 361              		.p2align 2,,3
 362              		.weak	HAL_IncTick
 363              		.syntax unified
 364              		.thumb
 365              		.thumb_func
 367              	HAL_IncTick:
 368              	.LFB149:
 290:Drivers/STM32H7xx_HAL_Driver/Src/stm32h7xx_hal.c **** 
 291:Drivers/STM32H7xx_HAL_Driver/Src/stm32h7xx_hal.c **** /**
ARM GAS  C:\Users\l1234\AppData\Local\Temp\ccwXN0d2.s 			page 14


 292:Drivers/STM32H7xx_HAL_Driver/Src/stm32h7xx_hal.c ****   * @}
 293:Drivers/STM32H7xx_HAL_Driver/Src/stm32h7xx_hal.c ****   */
 294:Drivers/STM32H7xx_HAL_Driver/Src/stm32h7xx_hal.c **** 
 295:Drivers/STM32H7xx_HAL_Driver/Src/stm32h7xx_hal.c **** /** @addtogroup HAL_Group2
 296:Drivers/STM32H7xx_HAL_Driver/Src/stm32h7xx_hal.c ****  *  @brief    HAL Control functions
 297:Drivers/STM32H7xx_HAL_Driver/Src/stm32h7xx_hal.c ****  *
 298:Drivers/STM32H7xx_HAL_Driver/Src/stm32h7xx_hal.c **** @verbatim
 299:Drivers/STM32H7xx_HAL_Driver/Src/stm32h7xx_hal.c ****  ===============================================================================
 300:Drivers/STM32H7xx_HAL_Driver/Src/stm32h7xx_hal.c ****                       ##### HAL Control functions #####
 301:Drivers/STM32H7xx_HAL_Driver/Src/stm32h7xx_hal.c ****  ===============================================================================
 302:Drivers/STM32H7xx_HAL_Driver/Src/stm32h7xx_hal.c ****     [..]  This section provides functions allowing to:
 303:Drivers/STM32H7xx_HAL_Driver/Src/stm32h7xx_hal.c ****       (+) Provide a tick value in millisecond
 304:Drivers/STM32H7xx_HAL_Driver/Src/stm32h7xx_hal.c ****       (+) Provide a blocking delay in millisecond
 305:Drivers/STM32H7xx_HAL_Driver/Src/stm32h7xx_hal.c ****       (+) Suspend the time base source interrupt
 306:Drivers/STM32H7xx_HAL_Driver/Src/stm32h7xx_hal.c ****       (+) Resume the time base source interrupt
 307:Drivers/STM32H7xx_HAL_Driver/Src/stm32h7xx_hal.c ****       (+) Get the HAL API driver version
 308:Drivers/STM32H7xx_HAL_Driver/Src/stm32h7xx_hal.c ****       (+) Get the device identifier
 309:Drivers/STM32H7xx_HAL_Driver/Src/stm32h7xx_hal.c ****       (+) Get the device revision identifier
 310:Drivers/STM32H7xx_HAL_Driver/Src/stm32h7xx_hal.c ****       (+) Enable/Disable Debug module during SLEEP mode
 311:Drivers/STM32H7xx_HAL_Driver/Src/stm32h7xx_hal.c ****       (+) Enable/Disable Debug module during STOP mode
 312:Drivers/STM32H7xx_HAL_Driver/Src/stm32h7xx_hal.c ****       (+) Enable/Disable Debug module during STANDBY mode
 313:Drivers/STM32H7xx_HAL_Driver/Src/stm32h7xx_hal.c **** 
 314:Drivers/STM32H7xx_HAL_Driver/Src/stm32h7xx_hal.c **** @endverbatim
 315:Drivers/STM32H7xx_HAL_Driver/Src/stm32h7xx_hal.c ****   * @{
 316:Drivers/STM32H7xx_HAL_Driver/Src/stm32h7xx_hal.c ****   */
 317:Drivers/STM32H7xx_HAL_Driver/Src/stm32h7xx_hal.c **** 
 318:Drivers/STM32H7xx_HAL_Driver/Src/stm32h7xx_hal.c **** /**
 319:Drivers/STM32H7xx_HAL_Driver/Src/stm32h7xx_hal.c ****   * @brief This function is called to increment  a global variable "uwTick"
 320:Drivers/STM32H7xx_HAL_Driver/Src/stm32h7xx_hal.c ****   *        used as application time base.
 321:Drivers/STM32H7xx_HAL_Driver/Src/stm32h7xx_hal.c ****   * @note In the default implementation, this variable is incremented each 1ms
 322:Drivers/STM32H7xx_HAL_Driver/Src/stm32h7xx_hal.c ****   *       in Systick ISR.
 323:Drivers/STM32H7xx_HAL_Driver/Src/stm32h7xx_hal.c ****  * @note This function is declared as __weak to be overwritten in case of other
 324:Drivers/STM32H7xx_HAL_Driver/Src/stm32h7xx_hal.c ****   *      implementations in user file.
 325:Drivers/STM32H7xx_HAL_Driver/Src/stm32h7xx_hal.c ****   * @retval None
 326:Drivers/STM32H7xx_HAL_Driver/Src/stm32h7xx_hal.c ****   */
 327:Drivers/STM32H7xx_HAL_Driver/Src/stm32h7xx_hal.c **** __weak void HAL_IncTick(void)
 328:Drivers/STM32H7xx_HAL_Driver/Src/stm32h7xx_hal.c **** {
 369              		.loc 1 328 1 is_stmt 1 view -0
 370              		.cfi_startproc
 371              		@ args = 0, pretend = 0, frame = 0
 372              		@ frame_needed = 0, uses_anonymous_args = 0
 373              		@ link register save eliminated.
 329:Drivers/STM32H7xx_HAL_Driver/Src/stm32h7xx_hal.c ****   uwTick += (uint32_t)uwTickFreq;
 374              		.loc 1 329 3 view .LVU106
 375              		.loc 1 329 10 is_stmt 0 view .LVU107
 376 0000 034A     		ldr	r2, .L32
 377              		.loc 1 329 13 view .LVU108
 378 0002 044B     		ldr	r3, .L32+4
 379              		.loc 1 329 10 view .LVU109
 380 0004 1168     		ldr	r1, [r2]
 381              		.loc 1 329 13 view .LVU110
 382 0006 1B78     		ldrb	r3, [r3]	@ zero_extendqisi2
 383              		.loc 1 329 10 view .LVU111
 384 0008 0B44     		add	r3, r3, r1
 385 000a 1360     		str	r3, [r2]
 330:Drivers/STM32H7xx_HAL_Driver/Src/stm32h7xx_hal.c **** }
 386              		.loc 1 330 1 view .LVU112
ARM GAS  C:\Users\l1234\AppData\Local\Temp\ccwXN0d2.s 			page 15


 387 000c 7047     		bx	lr
 388              	.L33:
 389 000e 00BF     		.align	2
 390              	.L32:
 391 0010 00000000 		.word	uwTick
 392 0014 00000000 		.word	uwTickFreq
 393              		.cfi_endproc
 394              	.LFE149:
 396              		.section	.text.HAL_GetTick,"ax",%progbits
 397              		.align	1
 398              		.p2align 2,,3
 399              		.weak	HAL_GetTick
 400              		.syntax unified
 401              		.thumb
 402              		.thumb_func
 404              	HAL_GetTick:
 405              	.LFB150:
 331:Drivers/STM32H7xx_HAL_Driver/Src/stm32h7xx_hal.c **** 
 332:Drivers/STM32H7xx_HAL_Driver/Src/stm32h7xx_hal.c **** /**
 333:Drivers/STM32H7xx_HAL_Driver/Src/stm32h7xx_hal.c ****   * @brief Provides a tick value in millisecond.
 334:Drivers/STM32H7xx_HAL_Driver/Src/stm32h7xx_hal.c ****   * @note This function is declared as __weak to be overwritten in case of other
 335:Drivers/STM32H7xx_HAL_Driver/Src/stm32h7xx_hal.c ****   *       implementations in user file.
 336:Drivers/STM32H7xx_HAL_Driver/Src/stm32h7xx_hal.c ****   * @retval tick value
 337:Drivers/STM32H7xx_HAL_Driver/Src/stm32h7xx_hal.c ****   */
 338:Drivers/STM32H7xx_HAL_Driver/Src/stm32h7xx_hal.c **** __weak uint32_t HAL_GetTick(void)
 339:Drivers/STM32H7xx_HAL_Driver/Src/stm32h7xx_hal.c **** {
 406              		.loc 1 339 1 is_stmt 1 view -0
 407              		.cfi_startproc
 408              		@ args = 0, pretend = 0, frame = 0
 409              		@ frame_needed = 0, uses_anonymous_args = 0
 410              		@ link register save eliminated.
 340:Drivers/STM32H7xx_HAL_Driver/Src/stm32h7xx_hal.c ****   return uwTick;
 411              		.loc 1 340 3 view .LVU114
 412              		.loc 1 340 10 is_stmt 0 view .LVU115
 413 0000 014B     		ldr	r3, .L35
 414 0002 1868     		ldr	r0, [r3]
 341:Drivers/STM32H7xx_HAL_Driver/Src/stm32h7xx_hal.c **** }
 415              		.loc 1 341 1 view .LVU116
 416 0004 7047     		bx	lr
 417              	.L36:
 418 0006 00BF     		.align	2
 419              	.L35:
 420 0008 00000000 		.word	uwTick
 421              		.cfi_endproc
 422              	.LFE150:
 424              		.section	.text.HAL_GetTickPrio,"ax",%progbits
 425              		.align	1
 426              		.p2align 2,,3
 427              		.global	HAL_GetTickPrio
 428              		.syntax unified
 429              		.thumb
 430              		.thumb_func
 432              	HAL_GetTickPrio:
 433              	.LFB151:
 342:Drivers/STM32H7xx_HAL_Driver/Src/stm32h7xx_hal.c **** 
 343:Drivers/STM32H7xx_HAL_Driver/Src/stm32h7xx_hal.c **** /**
 344:Drivers/STM32H7xx_HAL_Driver/Src/stm32h7xx_hal.c ****   * @brief This function returns a tick priority.
ARM GAS  C:\Users\l1234\AppData\Local\Temp\ccwXN0d2.s 			page 16


 345:Drivers/STM32H7xx_HAL_Driver/Src/stm32h7xx_hal.c ****   * @retval tick priority
 346:Drivers/STM32H7xx_HAL_Driver/Src/stm32h7xx_hal.c ****   */
 347:Drivers/STM32H7xx_HAL_Driver/Src/stm32h7xx_hal.c **** uint32_t HAL_GetTickPrio(void)
 348:Drivers/STM32H7xx_HAL_Driver/Src/stm32h7xx_hal.c **** {
 434              		.loc 1 348 1 is_stmt 1 view -0
 435              		.cfi_startproc
 436              		@ args = 0, pretend = 0, frame = 0
 437              		@ frame_needed = 0, uses_anonymous_args = 0
 438              		@ link register save eliminated.
 349:Drivers/STM32H7xx_HAL_Driver/Src/stm32h7xx_hal.c ****   return uwTickPrio;
 439              		.loc 1 349 3 view .LVU118
 440              		.loc 1 349 10 is_stmt 0 view .LVU119
 441 0000 014B     		ldr	r3, .L38
 350:Drivers/STM32H7xx_HAL_Driver/Src/stm32h7xx_hal.c **** }
 442              		.loc 1 350 1 view .LVU120
 443 0002 1868     		ldr	r0, [r3]
 444 0004 7047     		bx	lr
 445              	.L39:
 446 0006 00BF     		.align	2
 447              	.L38:
 448 0008 00000000 		.word	uwTickPrio
 449              		.cfi_endproc
 450              	.LFE151:
 452              		.section	.text.HAL_SetTickFreq,"ax",%progbits
 453              		.align	1
 454              		.p2align 2,,3
 455              		.global	HAL_SetTickFreq
 456              		.syntax unified
 457              		.thumb
 458              		.thumb_func
 460              	HAL_SetTickFreq:
 461              	.LVL16:
 462              	.LFB152:
 351:Drivers/STM32H7xx_HAL_Driver/Src/stm32h7xx_hal.c **** 
 352:Drivers/STM32H7xx_HAL_Driver/Src/stm32h7xx_hal.c **** /**
 353:Drivers/STM32H7xx_HAL_Driver/Src/stm32h7xx_hal.c ****   * @brief Set new tick Freq.
 354:Drivers/STM32H7xx_HAL_Driver/Src/stm32h7xx_hal.c ****   * @retval Status
 355:Drivers/STM32H7xx_HAL_Driver/Src/stm32h7xx_hal.c ****   */
 356:Drivers/STM32H7xx_HAL_Driver/Src/stm32h7xx_hal.c **** HAL_StatusTypeDef HAL_SetTickFreq(HAL_TickFreqTypeDef Freq)
 357:Drivers/STM32H7xx_HAL_Driver/Src/stm32h7xx_hal.c **** {
 463              		.loc 1 357 1 is_stmt 1 view -0
 464              		.cfi_startproc
 465              		@ args = 0, pretend = 0, frame = 0
 466              		@ frame_needed = 0, uses_anonymous_args = 0
 358:Drivers/STM32H7xx_HAL_Driver/Src/stm32h7xx_hal.c ****   HAL_StatusTypeDef status  = HAL_OK;
 467              		.loc 1 358 3 view .LVU122
 359:Drivers/STM32H7xx_HAL_Driver/Src/stm32h7xx_hal.c ****   HAL_TickFreqTypeDef prevTickFreq;
 468              		.loc 1 359 3 view .LVU123
 360:Drivers/STM32H7xx_HAL_Driver/Src/stm32h7xx_hal.c **** 
 361:Drivers/STM32H7xx_HAL_Driver/Src/stm32h7xx_hal.c ****   assert_param(IS_TICKFREQ(Freq));
 469              		.loc 1 361 3 view .LVU124
 362:Drivers/STM32H7xx_HAL_Driver/Src/stm32h7xx_hal.c **** 
 363:Drivers/STM32H7xx_HAL_Driver/Src/stm32h7xx_hal.c ****   if (uwTickFreq != Freq)
 470              		.loc 1 363 3 view .LVU125
 357:Drivers/STM32H7xx_HAL_Driver/Src/stm32h7xx_hal.c ****   HAL_StatusTypeDef status  = HAL_OK;
 471              		.loc 1 357 1 is_stmt 0 view .LVU126
 472 0000 38B5     		push	{r3, r4, r5, lr}
ARM GAS  C:\Users\l1234\AppData\Local\Temp\ccwXN0d2.s 			page 17


 473              	.LCFI3:
 474              		.cfi_def_cfa_offset 16
 475              		.cfi_offset 3, -16
 476              		.cfi_offset 4, -12
 477              		.cfi_offset 5, -8
 478              		.cfi_offset 14, -4
 479              		.loc 1 363 18 view .LVU127
 480 0002 074C     		ldr	r4, .L46
 481 0004 2578     		ldrb	r5, [r4]	@ zero_extendqisi2
 482              		.loc 1 363 6 view .LVU128
 483 0006 8542     		cmp	r5, r0
 484 0008 01D1     		bne	.L45
 485              	.LVL17:
 486              	.L41:
 358:Drivers/STM32H7xx_HAL_Driver/Src/stm32h7xx_hal.c ****   HAL_TickFreqTypeDef prevTickFreq;
 487              		.loc 1 358 21 view .LVU129
 488 000a 0020     		movs	r0, #0
 489              	.LVL18:
 364:Drivers/STM32H7xx_HAL_Driver/Src/stm32h7xx_hal.c ****   {
 365:Drivers/STM32H7xx_HAL_Driver/Src/stm32h7xx_hal.c **** 
 366:Drivers/STM32H7xx_HAL_Driver/Src/stm32h7xx_hal.c ****     /* Back up uwTickFreq frequency */
 367:Drivers/STM32H7xx_HAL_Driver/Src/stm32h7xx_hal.c ****     prevTickFreq = uwTickFreq;
 368:Drivers/STM32H7xx_HAL_Driver/Src/stm32h7xx_hal.c **** 
 369:Drivers/STM32H7xx_HAL_Driver/Src/stm32h7xx_hal.c ****     /* Update uwTickFreq global variable used by HAL_InitTick() */
 370:Drivers/STM32H7xx_HAL_Driver/Src/stm32h7xx_hal.c ****     uwTickFreq = Freq;
 371:Drivers/STM32H7xx_HAL_Driver/Src/stm32h7xx_hal.c **** 
 372:Drivers/STM32H7xx_HAL_Driver/Src/stm32h7xx_hal.c ****     /* Apply the new tick Freq  */
 373:Drivers/STM32H7xx_HAL_Driver/Src/stm32h7xx_hal.c ****     status = HAL_InitTick(uwTickPrio);
 374:Drivers/STM32H7xx_HAL_Driver/Src/stm32h7xx_hal.c ****     if (status != HAL_OK)
 375:Drivers/STM32H7xx_HAL_Driver/Src/stm32h7xx_hal.c ****     {
 376:Drivers/STM32H7xx_HAL_Driver/Src/stm32h7xx_hal.c ****       /* Restore previous tick frequency */
 377:Drivers/STM32H7xx_HAL_Driver/Src/stm32h7xx_hal.c ****       uwTickFreq = prevTickFreq;
 378:Drivers/STM32H7xx_HAL_Driver/Src/stm32h7xx_hal.c ****     }
 379:Drivers/STM32H7xx_HAL_Driver/Src/stm32h7xx_hal.c ****   }
 380:Drivers/STM32H7xx_HAL_Driver/Src/stm32h7xx_hal.c **** 
 381:Drivers/STM32H7xx_HAL_Driver/Src/stm32h7xx_hal.c ****   return status;
 490              		.loc 1 381 3 is_stmt 1 view .LVU130
 382:Drivers/STM32H7xx_HAL_Driver/Src/stm32h7xx_hal.c **** }
 491              		.loc 1 382 1 is_stmt 0 view .LVU131
 492 000c 38BD     		pop	{r3, r4, r5, pc}
 493              	.LVL19:
 494              	.L45:
 367:Drivers/STM32H7xx_HAL_Driver/Src/stm32h7xx_hal.c **** 
 495              		.loc 1 367 5 is_stmt 1 view .LVU132
 370:Drivers/STM32H7xx_HAL_Driver/Src/stm32h7xx_hal.c **** 
 496              		.loc 1 370 5 view .LVU133
 373:Drivers/STM32H7xx_HAL_Driver/Src/stm32h7xx_hal.c ****     if (status != HAL_OK)
 497              		.loc 1 373 14 is_stmt 0 view .LVU134
 498 000e 054B     		ldr	r3, .L46+4
 370:Drivers/STM32H7xx_HAL_Driver/Src/stm32h7xx_hal.c **** 
 499              		.loc 1 370 16 view .LVU135
 500 0010 2070     		strb	r0, [r4]
 373:Drivers/STM32H7xx_HAL_Driver/Src/stm32h7xx_hal.c ****     if (status != HAL_OK)
 501              		.loc 1 373 5 is_stmt 1 view .LVU136
 373:Drivers/STM32H7xx_HAL_Driver/Src/stm32h7xx_hal.c ****     if (status != HAL_OK)
 502              		.loc 1 373 14 is_stmt 0 view .LVU137
 503 0012 1868     		ldr	r0, [r3]
ARM GAS  C:\Users\l1234\AppData\Local\Temp\ccwXN0d2.s 			page 18


 504              	.LVL20:
 373:Drivers/STM32H7xx_HAL_Driver/Src/stm32h7xx_hal.c ****     if (status != HAL_OK)
 505              		.loc 1 373 14 view .LVU138
 506 0014 FFF7FEFF 		bl	HAL_InitTick
 507              	.LVL21:
 374:Drivers/STM32H7xx_HAL_Driver/Src/stm32h7xx_hal.c ****     {
 508              		.loc 1 374 5 is_stmt 1 view .LVU139
 374:Drivers/STM32H7xx_HAL_Driver/Src/stm32h7xx_hal.c ****     {
 509              		.loc 1 374 8 is_stmt 0 view .LVU140
 510 0018 0028     		cmp	r0, #0
 511 001a F6D0     		beq	.L41
 377:Drivers/STM32H7xx_HAL_Driver/Src/stm32h7xx_hal.c ****     }
 512              		.loc 1 377 7 is_stmt 1 view .LVU141
 377:Drivers/STM32H7xx_HAL_Driver/Src/stm32h7xx_hal.c ****     }
 513              		.loc 1 377 18 is_stmt 0 view .LVU142
 514 001c 2570     		strb	r5, [r4]
 381:Drivers/STM32H7xx_HAL_Driver/Src/stm32h7xx_hal.c **** }
 515              		.loc 1 381 3 is_stmt 1 view .LVU143
 516              		.loc 1 382 1 is_stmt 0 view .LVU144
 517 001e 38BD     		pop	{r3, r4, r5, pc}
 518              	.LVL22:
 519              	.L47:
 520              		.loc 1 382 1 view .LVU145
 521              		.align	2
 522              	.L46:
 523 0020 00000000 		.word	uwTickFreq
 524 0024 00000000 		.word	uwTickPrio
 525              		.cfi_endproc
 526              	.LFE152:
 528              		.section	.text.HAL_GetTickFreq,"ax",%progbits
 529              		.align	1
 530              		.p2align 2,,3
 531              		.global	HAL_GetTickFreq
 532              		.syntax unified
 533              		.thumb
 534              		.thumb_func
 536              	HAL_GetTickFreq:
 537              	.LFB153:
 383:Drivers/STM32H7xx_HAL_Driver/Src/stm32h7xx_hal.c **** 
 384:Drivers/STM32H7xx_HAL_Driver/Src/stm32h7xx_hal.c **** /**
 385:Drivers/STM32H7xx_HAL_Driver/Src/stm32h7xx_hal.c ****   * @brief Return tick frequency.
 386:Drivers/STM32H7xx_HAL_Driver/Src/stm32h7xx_hal.c ****   * @retval Tick frequency.
 387:Drivers/STM32H7xx_HAL_Driver/Src/stm32h7xx_hal.c ****   *         Value of @ref HAL_TickFreqTypeDef.
 388:Drivers/STM32H7xx_HAL_Driver/Src/stm32h7xx_hal.c ****   */
 389:Drivers/STM32H7xx_HAL_Driver/Src/stm32h7xx_hal.c **** HAL_TickFreqTypeDef HAL_GetTickFreq(void)
 390:Drivers/STM32H7xx_HAL_Driver/Src/stm32h7xx_hal.c **** {
 538              		.loc 1 390 1 is_stmt 1 view -0
 539              		.cfi_startproc
 540              		@ args = 0, pretend = 0, frame = 0
 541              		@ frame_needed = 0, uses_anonymous_args = 0
 542              		@ link register save eliminated.
 391:Drivers/STM32H7xx_HAL_Driver/Src/stm32h7xx_hal.c ****   return uwTickFreq;
 543              		.loc 1 391 3 view .LVU147
 544              		.loc 1 391 10 is_stmt 0 view .LVU148
 545 0000 014B     		ldr	r3, .L49
 392:Drivers/STM32H7xx_HAL_Driver/Src/stm32h7xx_hal.c **** }
 546              		.loc 1 392 1 view .LVU149
ARM GAS  C:\Users\l1234\AppData\Local\Temp\ccwXN0d2.s 			page 19


 547 0002 1878     		ldrb	r0, [r3]	@ zero_extendqisi2
 548 0004 7047     		bx	lr
 549              	.L50:
 550 0006 00BF     		.align	2
 551              	.L49:
 552 0008 00000000 		.word	uwTickFreq
 553              		.cfi_endproc
 554              	.LFE153:
 556              		.section	.text.HAL_Delay,"ax",%progbits
 557              		.align	1
 558              		.p2align 2,,3
 559              		.weak	HAL_Delay
 560              		.syntax unified
 561              		.thumb
 562              		.thumb_func
 564              	HAL_Delay:
 565              	.LVL23:
 566              	.LFB154:
 393:Drivers/STM32H7xx_HAL_Driver/Src/stm32h7xx_hal.c **** 
 394:Drivers/STM32H7xx_HAL_Driver/Src/stm32h7xx_hal.c **** /**
 395:Drivers/STM32H7xx_HAL_Driver/Src/stm32h7xx_hal.c ****   * @brief This function provides minimum delay (in milliseconds) based
 396:Drivers/STM32H7xx_HAL_Driver/Src/stm32h7xx_hal.c ****   *        on variable incremented.
 397:Drivers/STM32H7xx_HAL_Driver/Src/stm32h7xx_hal.c ****   * @note In the default implementation , SysTick timer is the source of time base.
 398:Drivers/STM32H7xx_HAL_Driver/Src/stm32h7xx_hal.c ****   *       It is used to generate interrupts at regular time intervals where uwTick
 399:Drivers/STM32H7xx_HAL_Driver/Src/stm32h7xx_hal.c ****   *       is incremented.
 400:Drivers/STM32H7xx_HAL_Driver/Src/stm32h7xx_hal.c ****   * @note This function is declared as __weak to be overwritten in case of other
 401:Drivers/STM32H7xx_HAL_Driver/Src/stm32h7xx_hal.c ****   *       implementations in user file.
 402:Drivers/STM32H7xx_HAL_Driver/Src/stm32h7xx_hal.c ****   * @param Delay  specifies the delay time length, in milliseconds.
 403:Drivers/STM32H7xx_HAL_Driver/Src/stm32h7xx_hal.c ****   * @retval None
 404:Drivers/STM32H7xx_HAL_Driver/Src/stm32h7xx_hal.c ****   */
 405:Drivers/STM32H7xx_HAL_Driver/Src/stm32h7xx_hal.c **** __weak void HAL_Delay(uint32_t Delay)
 406:Drivers/STM32H7xx_HAL_Driver/Src/stm32h7xx_hal.c **** {
 567              		.loc 1 406 1 is_stmt 1 view -0
 568              		.cfi_startproc
 569              		@ args = 0, pretend = 0, frame = 0
 570              		@ frame_needed = 0, uses_anonymous_args = 0
 407:Drivers/STM32H7xx_HAL_Driver/Src/stm32h7xx_hal.c ****   uint32_t tickstart = HAL_GetTick();
 571              		.loc 1 407 3 view .LVU151
 406:Drivers/STM32H7xx_HAL_Driver/Src/stm32h7xx_hal.c ****   uint32_t tickstart = HAL_GetTick();
 572              		.loc 1 406 1 is_stmt 0 view .LVU152
 573 0000 38B5     		push	{r3, r4, r5, lr}
 574              	.LCFI4:
 575              		.cfi_def_cfa_offset 16
 576              		.cfi_offset 3, -16
 577              		.cfi_offset 4, -12
 578              		.cfi_offset 5, -8
 579              		.cfi_offset 14, -4
 406:Drivers/STM32H7xx_HAL_Driver/Src/stm32h7xx_hal.c ****   uint32_t tickstart = HAL_GetTick();
 580              		.loc 1 406 1 view .LVU153
 581 0002 0446     		mov	r4, r0
 582              		.loc 1 407 24 view .LVU154
 583 0004 FFF7FEFF 		bl	HAL_GetTick
 584              	.LVL24:
 585              		.loc 1 407 24 view .LVU155
 586 0008 0546     		mov	r5, r0
 587              	.LVL25:
 408:Drivers/STM32H7xx_HAL_Driver/Src/stm32h7xx_hal.c ****   uint32_t wait = Delay;
ARM GAS  C:\Users\l1234\AppData\Local\Temp\ccwXN0d2.s 			page 20


 588              		.loc 1 408 3 is_stmt 1 view .LVU156
 409:Drivers/STM32H7xx_HAL_Driver/Src/stm32h7xx_hal.c **** 
 410:Drivers/STM32H7xx_HAL_Driver/Src/stm32h7xx_hal.c ****   /* Add a freq to guarantee minimum wait */
 411:Drivers/STM32H7xx_HAL_Driver/Src/stm32h7xx_hal.c ****   if (wait < HAL_MAX_DELAY)
 589              		.loc 1 411 3 view .LVU157
 590              		.loc 1 411 6 is_stmt 0 view .LVU158
 591 000a 631C     		adds	r3, r4, #1
 592 000c 02D0     		beq	.L53
 412:Drivers/STM32H7xx_HAL_Driver/Src/stm32h7xx_hal.c ****   {
 413:Drivers/STM32H7xx_HAL_Driver/Src/stm32h7xx_hal.c ****     wait += (uint32_t)(uwTickFreq);
 593              		.loc 1 413 5 is_stmt 1 view .LVU159
 594              		.loc 1 413 13 is_stmt 0 view .LVU160
 595 000e 044B     		ldr	r3, .L59
 596 0010 1B78     		ldrb	r3, [r3]	@ zero_extendqisi2
 597              		.loc 1 413 10 view .LVU161
 598 0012 1C44     		add	r4, r4, r3
 599              	.LVL26:
 600              	.L53:
 414:Drivers/STM32H7xx_HAL_Driver/Src/stm32h7xx_hal.c ****   }
 415:Drivers/STM32H7xx_HAL_Driver/Src/stm32h7xx_hal.c **** 
 416:Drivers/STM32H7xx_HAL_Driver/Src/stm32h7xx_hal.c ****   while ((HAL_GetTick() - tickstart) < wait)
 417:Drivers/STM32H7xx_HAL_Driver/Src/stm32h7xx_hal.c ****   {
 418:Drivers/STM32H7xx_HAL_Driver/Src/stm32h7xx_hal.c ****   }
 601              		.loc 1 418 3 is_stmt 1 discriminator 1 view .LVU162
 416:Drivers/STM32H7xx_HAL_Driver/Src/stm32h7xx_hal.c ****   {
 602              		.loc 1 416 38 discriminator 1 view .LVU163
 416:Drivers/STM32H7xx_HAL_Driver/Src/stm32h7xx_hal.c ****   {
 603              		.loc 1 416 11 is_stmt 0 discriminator 1 view .LVU164
 604 0014 FFF7FEFF 		bl	HAL_GetTick
 605              	.LVL27:
 416:Drivers/STM32H7xx_HAL_Driver/Src/stm32h7xx_hal.c ****   {
 606              		.loc 1 416 25 discriminator 1 view .LVU165
 607 0018 401B     		subs	r0, r0, r5
 416:Drivers/STM32H7xx_HAL_Driver/Src/stm32h7xx_hal.c ****   {
 608              		.loc 1 416 38 discriminator 1 view .LVU166
 609 001a A042     		cmp	r0, r4
 610 001c FAD3     		bcc	.L53
 419:Drivers/STM32H7xx_HAL_Driver/Src/stm32h7xx_hal.c **** }
 611              		.loc 1 419 1 view .LVU167
 612 001e 38BD     		pop	{r3, r4, r5, pc}
 613              	.LVL28:
 614              	.L60:
 615              		.loc 1 419 1 view .LVU168
 616              		.align	2
 617              	.L59:
 618 0020 00000000 		.word	uwTickFreq
 619              		.cfi_endproc
 620              	.LFE154:
 622              		.section	.text.HAL_SuspendTick,"ax",%progbits
 623              		.align	1
 624              		.p2align 2,,3
 625              		.weak	HAL_SuspendTick
 626              		.syntax unified
 627              		.thumb
 628              		.thumb_func
 630              	HAL_SuspendTick:
 631              	.LFB155:
ARM GAS  C:\Users\l1234\AppData\Local\Temp\ccwXN0d2.s 			page 21


 420:Drivers/STM32H7xx_HAL_Driver/Src/stm32h7xx_hal.c **** 
 421:Drivers/STM32H7xx_HAL_Driver/Src/stm32h7xx_hal.c **** /**
 422:Drivers/STM32H7xx_HAL_Driver/Src/stm32h7xx_hal.c ****   * @brief Suspend Tick increment.
 423:Drivers/STM32H7xx_HAL_Driver/Src/stm32h7xx_hal.c ****   * @note In the default implementation , SysTick timer is the source of time base. It is
 424:Drivers/STM32H7xx_HAL_Driver/Src/stm32h7xx_hal.c ****   *       used to generate interrupts at regular time intervals. Once HAL_SuspendTick()
 425:Drivers/STM32H7xx_HAL_Driver/Src/stm32h7xx_hal.c ****   *       is called, the SysTick interrupt will be disabled and so Tick increment
 426:Drivers/STM32H7xx_HAL_Driver/Src/stm32h7xx_hal.c ****   *       is suspended.
 427:Drivers/STM32H7xx_HAL_Driver/Src/stm32h7xx_hal.c ****   * @note This function is declared as __weak to be overwritten in case of other
 428:Drivers/STM32H7xx_HAL_Driver/Src/stm32h7xx_hal.c ****   *       implementations in user file.
 429:Drivers/STM32H7xx_HAL_Driver/Src/stm32h7xx_hal.c ****   * @retval None
 430:Drivers/STM32H7xx_HAL_Driver/Src/stm32h7xx_hal.c ****   */
 431:Drivers/STM32H7xx_HAL_Driver/Src/stm32h7xx_hal.c **** __weak void HAL_SuspendTick(void)
 432:Drivers/STM32H7xx_HAL_Driver/Src/stm32h7xx_hal.c **** {
 632              		.loc 1 432 1 is_stmt 1 view -0
 633              		.cfi_startproc
 634              		@ args = 0, pretend = 0, frame = 0
 635              		@ frame_needed = 0, uses_anonymous_args = 0
 636              		@ link register save eliminated.
 433:Drivers/STM32H7xx_HAL_Driver/Src/stm32h7xx_hal.c ****   /* Disable SysTick Interrupt */
 434:Drivers/STM32H7xx_HAL_Driver/Src/stm32h7xx_hal.c ****   SysTick->CTRL &= ~SysTick_CTRL_TICKINT_Msk;
 637              		.loc 1 434 3 view .LVU170
 638              		.loc 1 434 10 is_stmt 0 view .LVU171
 639 0000 4FF0E022 		mov	r2, #-536813568
 640 0004 1369     		ldr	r3, [r2, #16]
 641              		.loc 1 434 17 view .LVU172
 642 0006 23F00203 		bic	r3, r3, #2
 643 000a 1361     		str	r3, [r2, #16]
 435:Drivers/STM32H7xx_HAL_Driver/Src/stm32h7xx_hal.c **** }
 644              		.loc 1 435 1 view .LVU173
 645 000c 7047     		bx	lr
 646              		.cfi_endproc
 647              	.LFE155:
 649 000e 00BF     		.section	.text.HAL_ResumeTick,"ax",%progbits
 650              		.align	1
 651              		.p2align 2,,3
 652              		.weak	HAL_ResumeTick
 653              		.syntax unified
 654              		.thumb
 655              		.thumb_func
 657              	HAL_ResumeTick:
 658              	.LFB156:
 436:Drivers/STM32H7xx_HAL_Driver/Src/stm32h7xx_hal.c **** 
 437:Drivers/STM32H7xx_HAL_Driver/Src/stm32h7xx_hal.c **** /**
 438:Drivers/STM32H7xx_HAL_Driver/Src/stm32h7xx_hal.c ****   * @brief Resume Tick increment.
 439:Drivers/STM32H7xx_HAL_Driver/Src/stm32h7xx_hal.c ****   * @note In the default implementation , SysTick timer is the source of time base. It is
 440:Drivers/STM32H7xx_HAL_Driver/Src/stm32h7xx_hal.c ****   *       used to generate interrupts at regular time intervals. Once HAL_ResumeTick()
 441:Drivers/STM32H7xx_HAL_Driver/Src/stm32h7xx_hal.c ****   *       is called, the SysTick interrupt will be enabled and so Tick increment
 442:Drivers/STM32H7xx_HAL_Driver/Src/stm32h7xx_hal.c ****   *       is resumed.
 443:Drivers/STM32H7xx_HAL_Driver/Src/stm32h7xx_hal.c ****   * @note This function is declared as __weak to be overwritten in case of other
 444:Drivers/STM32H7xx_HAL_Driver/Src/stm32h7xx_hal.c ****   *       implementations in user file.
 445:Drivers/STM32H7xx_HAL_Driver/Src/stm32h7xx_hal.c ****   * @retval None
 446:Drivers/STM32H7xx_HAL_Driver/Src/stm32h7xx_hal.c ****   */
 447:Drivers/STM32H7xx_HAL_Driver/Src/stm32h7xx_hal.c **** __weak void HAL_ResumeTick(void)
 448:Drivers/STM32H7xx_HAL_Driver/Src/stm32h7xx_hal.c **** {
 659              		.loc 1 448 1 is_stmt 1 view -0
 660              		.cfi_startproc
 661              		@ args = 0, pretend = 0, frame = 0
ARM GAS  C:\Users\l1234\AppData\Local\Temp\ccwXN0d2.s 			page 22


 662              		@ frame_needed = 0, uses_anonymous_args = 0
 663              		@ link register save eliminated.
 449:Drivers/STM32H7xx_HAL_Driver/Src/stm32h7xx_hal.c ****   /* Enable SysTick Interrupt */
 450:Drivers/STM32H7xx_HAL_Driver/Src/stm32h7xx_hal.c ****   SysTick->CTRL  |= SysTick_CTRL_TICKINT_Msk;
 664              		.loc 1 450 3 view .LVU175
 665              		.loc 1 450 10 is_stmt 0 view .LVU176
 666 0000 4FF0E022 		mov	r2, #-536813568
 667 0004 1369     		ldr	r3, [r2, #16]
 668              		.loc 1 450 18 view .LVU177
 669 0006 43F00203 		orr	r3, r3, #2
 670 000a 1361     		str	r3, [r2, #16]
 451:Drivers/STM32H7xx_HAL_Driver/Src/stm32h7xx_hal.c **** }
 671              		.loc 1 451 1 view .LVU178
 672 000c 7047     		bx	lr
 673              		.cfi_endproc
 674              	.LFE156:
 676 000e 00BF     		.section	.text.HAL_GetHalVersion,"ax",%progbits
 677              		.align	1
 678              		.p2align 2,,3
 679              		.global	HAL_GetHalVersion
 680              		.syntax unified
 681              		.thumb
 682              		.thumb_func
 684              	HAL_GetHalVersion:
 685              	.LFB157:
 452:Drivers/STM32H7xx_HAL_Driver/Src/stm32h7xx_hal.c **** 
 453:Drivers/STM32H7xx_HAL_Driver/Src/stm32h7xx_hal.c **** /**
 454:Drivers/STM32H7xx_HAL_Driver/Src/stm32h7xx_hal.c ****   * @brief  Returns the HAL revision
 455:Drivers/STM32H7xx_HAL_Driver/Src/stm32h7xx_hal.c ****   * @retval version : 0xXYZR (8bits for each decimal, R for RC)
 456:Drivers/STM32H7xx_HAL_Driver/Src/stm32h7xx_hal.c ****   */
 457:Drivers/STM32H7xx_HAL_Driver/Src/stm32h7xx_hal.c **** uint32_t HAL_GetHalVersion(void)
 458:Drivers/STM32H7xx_HAL_Driver/Src/stm32h7xx_hal.c **** {
 686              		.loc 1 458 1 is_stmt 1 view -0
 687              		.cfi_startproc
 688              		@ args = 0, pretend = 0, frame = 0
 689              		@ frame_needed = 0, uses_anonymous_args = 0
 690              		@ link register save eliminated.
 459:Drivers/STM32H7xx_HAL_Driver/Src/stm32h7xx_hal.c ****  return __STM32H7xx_HAL_VERSION;
 691              		.loc 1 459 2 view .LVU180
 460:Drivers/STM32H7xx_HAL_Driver/Src/stm32h7xx_hal.c **** }
 692              		.loc 1 460 1 is_stmt 0 view .LVU181
 693 0000 0048     		ldr	r0, .L64
 694 0002 7047     		bx	lr
 695              	.L65:
 696              		.align	2
 697              	.L64:
 698 0004 00050B01 		.word	17499392
 699              		.cfi_endproc
 700              	.LFE157:
 702              		.section	.text.HAL_GetREVID,"ax",%progbits
 703              		.align	1
 704              		.p2align 2,,3
 705              		.global	HAL_GetREVID
 706              		.syntax unified
 707              		.thumb
 708              		.thumb_func
 710              	HAL_GetREVID:
ARM GAS  C:\Users\l1234\AppData\Local\Temp\ccwXN0d2.s 			page 23


 711              	.LFB158:
 461:Drivers/STM32H7xx_HAL_Driver/Src/stm32h7xx_hal.c **** 
 462:Drivers/STM32H7xx_HAL_Driver/Src/stm32h7xx_hal.c **** /**
 463:Drivers/STM32H7xx_HAL_Driver/Src/stm32h7xx_hal.c ****   * @brief  Returns the device revision identifier.
 464:Drivers/STM32H7xx_HAL_Driver/Src/stm32h7xx_hal.c ****   * @retval Device revision identifier
 465:Drivers/STM32H7xx_HAL_Driver/Src/stm32h7xx_hal.c ****   */
 466:Drivers/STM32H7xx_HAL_Driver/Src/stm32h7xx_hal.c **** uint32_t HAL_GetREVID(void)
 467:Drivers/STM32H7xx_HAL_Driver/Src/stm32h7xx_hal.c **** {
 712              		.loc 1 467 1 is_stmt 1 view -0
 713              		.cfi_startproc
 714              		@ args = 0, pretend = 0, frame = 0
 715              		@ frame_needed = 0, uses_anonymous_args = 0
 716              		@ link register save eliminated.
 468:Drivers/STM32H7xx_HAL_Driver/Src/stm32h7xx_hal.c ****    return((DBGMCU->IDCODE) >> 16);
 717              		.loc 1 468 4 view .LVU183
 718              		.loc 1 468 18 is_stmt 0 view .LVU184
 719 0000 014B     		ldr	r3, .L67
 720 0002 1868     		ldr	r0, [r3]
 469:Drivers/STM32H7xx_HAL_Driver/Src/stm32h7xx_hal.c **** }
 721              		.loc 1 469 1 view .LVU185
 722 0004 000C     		lsrs	r0, r0, #16
 723 0006 7047     		bx	lr
 724              	.L68:
 725              		.align	2
 726              	.L67:
 727 0008 0010005C 		.word	1543507968
 728              		.cfi_endproc
 729              	.LFE158:
 731              		.section	.text.HAL_GetDEVID,"ax",%progbits
 732              		.align	1
 733              		.p2align 2,,3
 734              		.global	HAL_GetDEVID
 735              		.syntax unified
 736              		.thumb
 737              		.thumb_func
 739              	HAL_GetDEVID:
 740              	.LFB159:
 470:Drivers/STM32H7xx_HAL_Driver/Src/stm32h7xx_hal.c **** 
 471:Drivers/STM32H7xx_HAL_Driver/Src/stm32h7xx_hal.c **** /**
 472:Drivers/STM32H7xx_HAL_Driver/Src/stm32h7xx_hal.c ****   * @brief  Returns the device identifier.
 473:Drivers/STM32H7xx_HAL_Driver/Src/stm32h7xx_hal.c ****   * @retval Device identifier
 474:Drivers/STM32H7xx_HAL_Driver/Src/stm32h7xx_hal.c ****   */
 475:Drivers/STM32H7xx_HAL_Driver/Src/stm32h7xx_hal.c **** uint32_t HAL_GetDEVID(void)
 476:Drivers/STM32H7xx_HAL_Driver/Src/stm32h7xx_hal.c **** {
 741              		.loc 1 476 1 is_stmt 1 view -0
 742              		.cfi_startproc
 743              		@ args = 0, pretend = 0, frame = 0
 744              		@ frame_needed = 0, uses_anonymous_args = 0
 745              		@ link register save eliminated.
 477:Drivers/STM32H7xx_HAL_Driver/Src/stm32h7xx_hal.c ****    return((DBGMCU->IDCODE) & IDCODE_DEVID_MASK);
 746              		.loc 1 477 4 view .LVU187
 747              		.loc 1 477 18 is_stmt 0 view .LVU188
 748 0000 024B     		ldr	r3, .L70
 749 0002 1868     		ldr	r0, [r3]
 478:Drivers/STM32H7xx_HAL_Driver/Src/stm32h7xx_hal.c **** }
 750              		.loc 1 478 1 view .LVU189
 751 0004 C0F30B00 		ubfx	r0, r0, #0, #12
ARM GAS  C:\Users\l1234\AppData\Local\Temp\ccwXN0d2.s 			page 24


 752 0008 7047     		bx	lr
 753              	.L71:
 754 000a 00BF     		.align	2
 755              	.L70:
 756 000c 0010005C 		.word	1543507968
 757              		.cfi_endproc
 758              	.LFE159:
 760              		.section	.text.HAL_GetUIDw0,"ax",%progbits
 761              		.align	1
 762              		.p2align 2,,3
 763              		.global	HAL_GetUIDw0
 764              		.syntax unified
 765              		.thumb
 766              		.thumb_func
 768              	HAL_GetUIDw0:
 769              	.LFB160:
 479:Drivers/STM32H7xx_HAL_Driver/Src/stm32h7xx_hal.c **** 
 480:Drivers/STM32H7xx_HAL_Driver/Src/stm32h7xx_hal.c **** /**
 481:Drivers/STM32H7xx_HAL_Driver/Src/stm32h7xx_hal.c ****   * @brief  Return the first word of the unique device identifier (UID based on 96 bits)
 482:Drivers/STM32H7xx_HAL_Driver/Src/stm32h7xx_hal.c ****   * @retval Device identifier
 483:Drivers/STM32H7xx_HAL_Driver/Src/stm32h7xx_hal.c ****   */
 484:Drivers/STM32H7xx_HAL_Driver/Src/stm32h7xx_hal.c **** uint32_t HAL_GetUIDw0(void)
 485:Drivers/STM32H7xx_HAL_Driver/Src/stm32h7xx_hal.c **** {
 770              		.loc 1 485 1 is_stmt 1 view -0
 771              		.cfi_startproc
 772              		@ args = 0, pretend = 0, frame = 0
 773              		@ frame_needed = 0, uses_anonymous_args = 0
 774              		@ link register save eliminated.
 486:Drivers/STM32H7xx_HAL_Driver/Src/stm32h7xx_hal.c ****   return(READ_REG(*((uint32_t *)UID_BASE)));
 775              		.loc 1 486 3 view .LVU191
 776              		.loc 1 486 10 is_stmt 0 view .LVU192
 777 0000 014B     		ldr	r3, .L73
 487:Drivers/STM32H7xx_HAL_Driver/Src/stm32h7xx_hal.c **** }
 778              		.loc 1 487 1 view .LVU193
 779 0002 D3F80008 		ldr	r0, [r3, #2048]
 780 0006 7047     		bx	lr
 781              	.L74:
 782              		.align	2
 783              	.L73:
 784 0008 00E0F11F 		.word	535945216
 785              		.cfi_endproc
 786              	.LFE160:
 788              		.section	.text.HAL_GetUIDw1,"ax",%progbits
 789              		.align	1
 790              		.p2align 2,,3
 791              		.global	HAL_GetUIDw1
 792              		.syntax unified
 793              		.thumb
 794              		.thumb_func
 796              	HAL_GetUIDw1:
 797              	.LFB161:
 488:Drivers/STM32H7xx_HAL_Driver/Src/stm32h7xx_hal.c **** 
 489:Drivers/STM32H7xx_HAL_Driver/Src/stm32h7xx_hal.c **** /**
 490:Drivers/STM32H7xx_HAL_Driver/Src/stm32h7xx_hal.c ****   * @brief  Return the second word of the unique device identifier (UID based on 96 bits)
 491:Drivers/STM32H7xx_HAL_Driver/Src/stm32h7xx_hal.c ****   * @retval Device identifier
 492:Drivers/STM32H7xx_HAL_Driver/Src/stm32h7xx_hal.c ****   */
 493:Drivers/STM32H7xx_HAL_Driver/Src/stm32h7xx_hal.c **** uint32_t HAL_GetUIDw1(void)
ARM GAS  C:\Users\l1234\AppData\Local\Temp\ccwXN0d2.s 			page 25


 494:Drivers/STM32H7xx_HAL_Driver/Src/stm32h7xx_hal.c **** {
 798              		.loc 1 494 1 is_stmt 1 view -0
 799              		.cfi_startproc
 800              		@ args = 0, pretend = 0, frame = 0
 801              		@ frame_needed = 0, uses_anonymous_args = 0
 802              		@ link register save eliminated.
 495:Drivers/STM32H7xx_HAL_Driver/Src/stm32h7xx_hal.c ****   return(READ_REG(*((uint32_t *)(UID_BASE + 4U))));
 803              		.loc 1 495 3 view .LVU195
 804              		.loc 1 495 10 is_stmt 0 view .LVU196
 805 0000 014B     		ldr	r3, .L76
 496:Drivers/STM32H7xx_HAL_Driver/Src/stm32h7xx_hal.c **** }
 806              		.loc 1 496 1 view .LVU197
 807 0002 D3F80408 		ldr	r0, [r3, #2052]
 808 0006 7047     		bx	lr
 809              	.L77:
 810              		.align	2
 811              	.L76:
 812 0008 00E0F11F 		.word	535945216
 813              		.cfi_endproc
 814              	.LFE161:
 816              		.section	.text.HAL_GetUIDw2,"ax",%progbits
 817              		.align	1
 818              		.p2align 2,,3
 819              		.global	HAL_GetUIDw2
 820              		.syntax unified
 821              		.thumb
 822              		.thumb_func
 824              	HAL_GetUIDw2:
 825              	.LFB162:
 497:Drivers/STM32H7xx_HAL_Driver/Src/stm32h7xx_hal.c **** 
 498:Drivers/STM32H7xx_HAL_Driver/Src/stm32h7xx_hal.c **** /**
 499:Drivers/STM32H7xx_HAL_Driver/Src/stm32h7xx_hal.c ****   * @brief  Return the third word of the unique device identifier (UID based on 96 bits)
 500:Drivers/STM32H7xx_HAL_Driver/Src/stm32h7xx_hal.c ****   * @retval Device identifier
 501:Drivers/STM32H7xx_HAL_Driver/Src/stm32h7xx_hal.c ****   */
 502:Drivers/STM32H7xx_HAL_Driver/Src/stm32h7xx_hal.c **** uint32_t HAL_GetUIDw2(void)
 503:Drivers/STM32H7xx_HAL_Driver/Src/stm32h7xx_hal.c **** {
 826              		.loc 1 503 1 is_stmt 1 view -0
 827              		.cfi_startproc
 828              		@ args = 0, pretend = 0, frame = 0
 829              		@ frame_needed = 0, uses_anonymous_args = 0
 830              		@ link register save eliminated.
 504:Drivers/STM32H7xx_HAL_Driver/Src/stm32h7xx_hal.c ****   return(READ_REG(*((uint32_t *)(UID_BASE + 8U))));
 831              		.loc 1 504 3 view .LVU199
 832              		.loc 1 504 10 is_stmt 0 view .LVU200
 833 0000 014B     		ldr	r3, .L79
 505:Drivers/STM32H7xx_HAL_Driver/Src/stm32h7xx_hal.c **** }
 834              		.loc 1 505 1 view .LVU201
 835 0002 D3F80808 		ldr	r0, [r3, #2056]
 836 0006 7047     		bx	lr
 837              	.L80:
 838              		.align	2
 839              	.L79:
 840 0008 00E0F11F 		.word	535945216
 841              		.cfi_endproc
 842              	.LFE162:
 844              		.section	.text.HAL_SYSCFG_VREFBUF_VoltageScalingConfig,"ax",%progbits
 845              		.align	1
ARM GAS  C:\Users\l1234\AppData\Local\Temp\ccwXN0d2.s 			page 26


 846              		.p2align 2,,3
 847              		.global	HAL_SYSCFG_VREFBUF_VoltageScalingConfig
 848              		.syntax unified
 849              		.thumb
 850              		.thumb_func
 852              	HAL_SYSCFG_VREFBUF_VoltageScalingConfig:
 853              	.LVL29:
 854              	.LFB163:
 506:Drivers/STM32H7xx_HAL_Driver/Src/stm32h7xx_hal.c **** 
 507:Drivers/STM32H7xx_HAL_Driver/Src/stm32h7xx_hal.c **** /**
 508:Drivers/STM32H7xx_HAL_Driver/Src/stm32h7xx_hal.c ****   * @brief Configure the internal voltage reference buffer voltage scale.
 509:Drivers/STM32H7xx_HAL_Driver/Src/stm32h7xx_hal.c ****   * @param VoltageScaling  specifies the output voltage to achieve
 510:Drivers/STM32H7xx_HAL_Driver/Src/stm32h7xx_hal.c ****   *          This parameter can be one of the following values:
 511:Drivers/STM32H7xx_HAL_Driver/Src/stm32h7xx_hal.c ****   *            @arg SYSCFG_VREFBUF_VOLTAGE_SCALE0: VREF_OUT1 around 2.5 V.
 512:Drivers/STM32H7xx_HAL_Driver/Src/stm32h7xx_hal.c ****   *                                                This requires VDDA equal to or higher than 2.8 V
 513:Drivers/STM32H7xx_HAL_Driver/Src/stm32h7xx_hal.c ****   *            @arg SYSCFG_VREFBUF_VOLTAGE_SCALE1: VREF_OUT2 around 2.048 V.
 514:Drivers/STM32H7xx_HAL_Driver/Src/stm32h7xx_hal.c ****   *                                                This requires VDDA equal to or higher than 2.4 V
 515:Drivers/STM32H7xx_HAL_Driver/Src/stm32h7xx_hal.c ****   *            @arg SYSCFG_VREFBUF_VOLTAGE_SCALE2: VREF_OUT3 around 1.8 V.
 516:Drivers/STM32H7xx_HAL_Driver/Src/stm32h7xx_hal.c ****   *                                                This requires VDDA equal to or higher than 2.1 V
 517:Drivers/STM32H7xx_HAL_Driver/Src/stm32h7xx_hal.c ****   *            @arg SYSCFG_VREFBUF_VOLTAGE_SCALE3: VREF_OUT4 around 1.5 V.
 518:Drivers/STM32H7xx_HAL_Driver/Src/stm32h7xx_hal.c ****   *                                                This requires VDDA equal to or higher than 1.8 V
 519:Drivers/STM32H7xx_HAL_Driver/Src/stm32h7xx_hal.c ****   * @retval None
 520:Drivers/STM32H7xx_HAL_Driver/Src/stm32h7xx_hal.c ****   */
 521:Drivers/STM32H7xx_HAL_Driver/Src/stm32h7xx_hal.c **** void HAL_SYSCFG_VREFBUF_VoltageScalingConfig(uint32_t VoltageScaling)
 522:Drivers/STM32H7xx_HAL_Driver/Src/stm32h7xx_hal.c **** {
 855              		.loc 1 522 1 is_stmt 1 view -0
 856              		.cfi_startproc
 857              		@ args = 0, pretend = 0, frame = 0
 858              		@ frame_needed = 0, uses_anonymous_args = 0
 859              		@ link register save eliminated.
 523:Drivers/STM32H7xx_HAL_Driver/Src/stm32h7xx_hal.c ****   /* Check the parameters */
 524:Drivers/STM32H7xx_HAL_Driver/Src/stm32h7xx_hal.c ****   assert_param(IS_SYSCFG_VREFBUF_VOLTAGE_SCALE(VoltageScaling));
 860              		.loc 1 524 3 view .LVU203
 525:Drivers/STM32H7xx_HAL_Driver/Src/stm32h7xx_hal.c **** 
 526:Drivers/STM32H7xx_HAL_Driver/Src/stm32h7xx_hal.c ****   MODIFY_REG(VREFBUF->CSR, VREFBUF_CSR_VRS, VoltageScaling);
 861              		.loc 1 526 3 view .LVU204
 862 0000 034A     		ldr	r2, .L82
 863 0002 1368     		ldr	r3, [r2]
 864 0004 23F07003 		bic	r3, r3, #112
 865 0008 0343     		orrs	r3, r3, r0
 866 000a 1360     		str	r3, [r2]
 527:Drivers/STM32H7xx_HAL_Driver/Src/stm32h7xx_hal.c **** }
 867              		.loc 1 527 1 is_stmt 0 view .LVU205
 868 000c 7047     		bx	lr
 869              	.L83:
 870 000e 00BF     		.align	2
 871              	.L82:
 872 0010 003C0058 		.word	1476410368
 873              		.cfi_endproc
 874              	.LFE163:
 876              		.section	.text.HAL_SYSCFG_VREFBUF_HighImpedanceConfig,"ax",%progbits
 877              		.align	1
 878              		.p2align 2,,3
 879              		.global	HAL_SYSCFG_VREFBUF_HighImpedanceConfig
 880              		.syntax unified
 881              		.thumb
 882              		.thumb_func
ARM GAS  C:\Users\l1234\AppData\Local\Temp\ccwXN0d2.s 			page 27


 884              	HAL_SYSCFG_VREFBUF_HighImpedanceConfig:
 885              	.LVL30:
 886              	.LFB164:
 528:Drivers/STM32H7xx_HAL_Driver/Src/stm32h7xx_hal.c **** 
 529:Drivers/STM32H7xx_HAL_Driver/Src/stm32h7xx_hal.c **** /**
 530:Drivers/STM32H7xx_HAL_Driver/Src/stm32h7xx_hal.c ****   * @brief Configure the internal voltage reference buffer high impedance mode.
 531:Drivers/STM32H7xx_HAL_Driver/Src/stm32h7xx_hal.c ****   * @param Mode  specifies the high impedance mode
 532:Drivers/STM32H7xx_HAL_Driver/Src/stm32h7xx_hal.c ****   *          This parameter can be one of the following values:
 533:Drivers/STM32H7xx_HAL_Driver/Src/stm32h7xx_hal.c ****   *            @arg SYSCFG_VREFBUF_HIGH_IMPEDANCE_DISABLE: VREF+ pin is internally connect to VREFI
 534:Drivers/STM32H7xx_HAL_Driver/Src/stm32h7xx_hal.c ****   *            @arg SYSCFG_VREFBUF_HIGH_IMPEDANCE_ENABLE: VREF+ pin is high impedance.
 535:Drivers/STM32H7xx_HAL_Driver/Src/stm32h7xx_hal.c ****   * @retval None
 536:Drivers/STM32H7xx_HAL_Driver/Src/stm32h7xx_hal.c ****   */
 537:Drivers/STM32H7xx_HAL_Driver/Src/stm32h7xx_hal.c **** void HAL_SYSCFG_VREFBUF_HighImpedanceConfig(uint32_t Mode)
 538:Drivers/STM32H7xx_HAL_Driver/Src/stm32h7xx_hal.c **** {
 887              		.loc 1 538 1 is_stmt 1 view -0
 888              		.cfi_startproc
 889              		@ args = 0, pretend = 0, frame = 0
 890              		@ frame_needed = 0, uses_anonymous_args = 0
 891              		@ link register save eliminated.
 539:Drivers/STM32H7xx_HAL_Driver/Src/stm32h7xx_hal.c ****   /* Check the parameters */
 540:Drivers/STM32H7xx_HAL_Driver/Src/stm32h7xx_hal.c ****   assert_param(IS_SYSCFG_VREFBUF_HIGH_IMPEDANCE(Mode));
 892              		.loc 1 540 3 view .LVU207
 541:Drivers/STM32H7xx_HAL_Driver/Src/stm32h7xx_hal.c **** 
 542:Drivers/STM32H7xx_HAL_Driver/Src/stm32h7xx_hal.c ****   MODIFY_REG(VREFBUF->CSR, VREFBUF_CSR_HIZ, Mode);
 893              		.loc 1 542 3 view .LVU208
 894 0000 034A     		ldr	r2, .L85
 895 0002 1368     		ldr	r3, [r2]
 896 0004 23F00203 		bic	r3, r3, #2
 897 0008 0343     		orrs	r3, r3, r0
 898 000a 1360     		str	r3, [r2]
 543:Drivers/STM32H7xx_HAL_Driver/Src/stm32h7xx_hal.c **** }
 899              		.loc 1 543 1 is_stmt 0 view .LVU209
 900 000c 7047     		bx	lr
 901              	.L86:
 902 000e 00BF     		.align	2
 903              	.L85:
 904 0010 003C0058 		.word	1476410368
 905              		.cfi_endproc
 906              	.LFE164:
 908              		.section	.text.HAL_SYSCFG_VREFBUF_TrimmingConfig,"ax",%progbits
 909              		.align	1
 910              		.p2align 2,,3
 911              		.global	HAL_SYSCFG_VREFBUF_TrimmingConfig
 912              		.syntax unified
 913              		.thumb
 914              		.thumb_func
 916              	HAL_SYSCFG_VREFBUF_TrimmingConfig:
 917              	.LVL31:
 918              	.LFB165:
 544:Drivers/STM32H7xx_HAL_Driver/Src/stm32h7xx_hal.c **** 
 545:Drivers/STM32H7xx_HAL_Driver/Src/stm32h7xx_hal.c **** /**
 546:Drivers/STM32H7xx_HAL_Driver/Src/stm32h7xx_hal.c ****   * @brief  Tune the Internal Voltage Reference buffer (VREFBUF).
 547:Drivers/STM32H7xx_HAL_Driver/Src/stm32h7xx_hal.c ****   * @retval None
 548:Drivers/STM32H7xx_HAL_Driver/Src/stm32h7xx_hal.c ****   */
 549:Drivers/STM32H7xx_HAL_Driver/Src/stm32h7xx_hal.c **** void HAL_SYSCFG_VREFBUF_TrimmingConfig(uint32_t TrimmingValue)
 550:Drivers/STM32H7xx_HAL_Driver/Src/stm32h7xx_hal.c **** {
 919              		.loc 1 550 1 is_stmt 1 view -0
ARM GAS  C:\Users\l1234\AppData\Local\Temp\ccwXN0d2.s 			page 28


 920              		.cfi_startproc
 921              		@ args = 0, pretend = 0, frame = 0
 922              		@ frame_needed = 0, uses_anonymous_args = 0
 923              		@ link register save eliminated.
 551:Drivers/STM32H7xx_HAL_Driver/Src/stm32h7xx_hal.c ****   /* Check the parameters */
 552:Drivers/STM32H7xx_HAL_Driver/Src/stm32h7xx_hal.c ****   assert_param(IS_SYSCFG_VREFBUF_TRIMMING(TrimmingValue));
 924              		.loc 1 552 3 view .LVU211
 553:Drivers/STM32H7xx_HAL_Driver/Src/stm32h7xx_hal.c **** 
 554:Drivers/STM32H7xx_HAL_Driver/Src/stm32h7xx_hal.c ****   MODIFY_REG(VREFBUF->CCR, VREFBUF_CCR_TRIM, TrimmingValue);
 925              		.loc 1 554 3 view .LVU212
 926 0000 034A     		ldr	r2, .L88
 927 0002 5368     		ldr	r3, [r2, #4]
 928 0004 23F03F03 		bic	r3, r3, #63
 929 0008 0343     		orrs	r3, r3, r0
 930 000a 5360     		str	r3, [r2, #4]
 555:Drivers/STM32H7xx_HAL_Driver/Src/stm32h7xx_hal.c **** }
 931              		.loc 1 555 1 is_stmt 0 view .LVU213
 932 000c 7047     		bx	lr
 933              	.L89:
 934 000e 00BF     		.align	2
 935              	.L88:
 936 0010 003C0058 		.word	1476410368
 937              		.cfi_endproc
 938              	.LFE165:
 940              		.section	.text.HAL_SYSCFG_EnableVREFBUF,"ax",%progbits
 941              		.align	1
 942              		.p2align 2,,3
 943              		.global	HAL_SYSCFG_EnableVREFBUF
 944              		.syntax unified
 945              		.thumb
 946              		.thumb_func
 948              	HAL_SYSCFG_EnableVREFBUF:
 949              	.LFB166:
 556:Drivers/STM32H7xx_HAL_Driver/Src/stm32h7xx_hal.c **** 
 557:Drivers/STM32H7xx_HAL_Driver/Src/stm32h7xx_hal.c **** /**
 558:Drivers/STM32H7xx_HAL_Driver/Src/stm32h7xx_hal.c ****   * @brief  Enable the Internal Voltage Reference buffer (VREFBUF).
 559:Drivers/STM32H7xx_HAL_Driver/Src/stm32h7xx_hal.c ****   * @retval HAL_OK/HAL_TIMEOUT
 560:Drivers/STM32H7xx_HAL_Driver/Src/stm32h7xx_hal.c ****   */
 561:Drivers/STM32H7xx_HAL_Driver/Src/stm32h7xx_hal.c **** HAL_StatusTypeDef HAL_SYSCFG_EnableVREFBUF(void)
 562:Drivers/STM32H7xx_HAL_Driver/Src/stm32h7xx_hal.c **** {
 950              		.loc 1 562 1 is_stmt 1 view -0
 951              		.cfi_startproc
 952              		@ args = 0, pretend = 0, frame = 0
 953              		@ frame_needed = 0, uses_anonymous_args = 0
 563:Drivers/STM32H7xx_HAL_Driver/Src/stm32h7xx_hal.c ****   uint32_t  tickstart;
 954              		.loc 1 563 3 view .LVU215
 564:Drivers/STM32H7xx_HAL_Driver/Src/stm32h7xx_hal.c **** 
 565:Drivers/STM32H7xx_HAL_Driver/Src/stm32h7xx_hal.c ****   SET_BIT(VREFBUF->CSR, VREFBUF_CSR_ENVR);
 955              		.loc 1 565 3 view .LVU216
 562:Drivers/STM32H7xx_HAL_Driver/Src/stm32h7xx_hal.c ****   uint32_t  tickstart;
 956              		.loc 1 562 1 is_stmt 0 view .LVU217
 957 0000 38B5     		push	{r3, r4, r5, lr}
 958              	.LCFI5:
 959              		.cfi_def_cfa_offset 16
 960              		.cfi_offset 3, -16
 961              		.cfi_offset 4, -12
 962              		.cfi_offset 5, -8
ARM GAS  C:\Users\l1234\AppData\Local\Temp\ccwXN0d2.s 			page 29


 963              		.cfi_offset 14, -4
 964              		.loc 1 565 3 view .LVU218
 965 0002 0A4C     		ldr	r4, .L96
 966 0004 2368     		ldr	r3, [r4]
 967 0006 43F00103 		orr	r3, r3, #1
 968 000a 2360     		str	r3, [r4]
 566:Drivers/STM32H7xx_HAL_Driver/Src/stm32h7xx_hal.c **** 
 567:Drivers/STM32H7xx_HAL_Driver/Src/stm32h7xx_hal.c ****   /* Get Start Tick*/
 568:Drivers/STM32H7xx_HAL_Driver/Src/stm32h7xx_hal.c ****   tickstart = HAL_GetTick();
 969              		.loc 1 568 3 is_stmt 1 view .LVU219
 970              		.loc 1 568 15 is_stmt 0 view .LVU220
 971 000c FFF7FEFF 		bl	HAL_GetTick
 972              	.LVL32:
 973 0010 0546     		mov	r5, r0
 974              	.LVL33:
 569:Drivers/STM32H7xx_HAL_Driver/Src/stm32h7xx_hal.c **** 
 570:Drivers/STM32H7xx_HAL_Driver/Src/stm32h7xx_hal.c ****   /* Wait for VRR bit  */
 571:Drivers/STM32H7xx_HAL_Driver/Src/stm32h7xx_hal.c ****   while(READ_BIT(VREFBUF->CSR, VREFBUF_CSR_VRR) == 0UL)
 975              		.loc 1 571 3 is_stmt 1 view .LVU221
 976              		.loc 1 571 8 is_stmt 0 view .LVU222
 977 0012 04E0     		b	.L91
 978              	.LVL34:
 979              	.L93:
 572:Drivers/STM32H7xx_HAL_Driver/Src/stm32h7xx_hal.c ****   {
 573:Drivers/STM32H7xx_HAL_Driver/Src/stm32h7xx_hal.c ****     if((HAL_GetTick() - tickstart) > VREFBUF_TIMEOUT_VALUE)
 980              		.loc 1 573 9 view .LVU223
 981 0014 FFF7FEFF 		bl	HAL_GetTick
 982              	.LVL35:
 983              		.loc 1 573 23 view .LVU224
 984 0018 401B     		subs	r0, r0, r5
 985              		.loc 1 573 7 view .LVU225
 986 001a 0A28     		cmp	r0, #10
 987 001c 04D8     		bhi	.L94
 988              	.L91:
 989              		.loc 1 573 5 is_stmt 1 view .LVU226
 571:Drivers/STM32H7xx_HAL_Driver/Src/stm32h7xx_hal.c ****   {
 990              		.loc 1 571 49 view .LVU227
 571:Drivers/STM32H7xx_HAL_Driver/Src/stm32h7xx_hal.c ****   {
 991              		.loc 1 571 9 is_stmt 0 view .LVU228
 992 001e 2368     		ldr	r3, [r4]
 571:Drivers/STM32H7xx_HAL_Driver/Src/stm32h7xx_hal.c ****   {
 993              		.loc 1 571 49 view .LVU229
 994 0020 1B07     		lsls	r3, r3, #28
 995 0022 F7D5     		bpl	.L93
 574:Drivers/STM32H7xx_HAL_Driver/Src/stm32h7xx_hal.c ****     {
 575:Drivers/STM32H7xx_HAL_Driver/Src/stm32h7xx_hal.c ****       return HAL_TIMEOUT;
 576:Drivers/STM32H7xx_HAL_Driver/Src/stm32h7xx_hal.c ****     }
 577:Drivers/STM32H7xx_HAL_Driver/Src/stm32h7xx_hal.c ****   }
 578:Drivers/STM32H7xx_HAL_Driver/Src/stm32h7xx_hal.c **** 
 579:Drivers/STM32H7xx_HAL_Driver/Src/stm32h7xx_hal.c ****   return HAL_OK;
 996              		.loc 1 579 10 view .LVU230
 997 0024 0020     		movs	r0, #0
 580:Drivers/STM32H7xx_HAL_Driver/Src/stm32h7xx_hal.c **** }
 998              		.loc 1 580 1 view .LVU231
 999 0026 38BD     		pop	{r3, r4, r5, pc}
 1000              	.LVL36:
 1001              	.L94:
ARM GAS  C:\Users\l1234\AppData\Local\Temp\ccwXN0d2.s 			page 30


 575:Drivers/STM32H7xx_HAL_Driver/Src/stm32h7xx_hal.c ****     }
 1002              		.loc 1 575 14 view .LVU232
 1003 0028 0320     		movs	r0, #3
 1004              		.loc 1 580 1 view .LVU233
 1005 002a 38BD     		pop	{r3, r4, r5, pc}
 1006              	.LVL37:
 1007              	.L97:
 1008              		.loc 1 580 1 view .LVU234
 1009              		.align	2
 1010              	.L96:
 1011 002c 003C0058 		.word	1476410368
 1012              		.cfi_endproc
 1013              	.LFE166:
 1015              		.section	.text.HAL_SYSCFG_DisableVREFBUF,"ax",%progbits
 1016              		.align	1
 1017              		.p2align 2,,3
 1018              		.global	HAL_SYSCFG_DisableVREFBUF
 1019              		.syntax unified
 1020              		.thumb
 1021              		.thumb_func
 1023              	HAL_SYSCFG_DisableVREFBUF:
 1024              	.LFB167:
 581:Drivers/STM32H7xx_HAL_Driver/Src/stm32h7xx_hal.c **** 
 582:Drivers/STM32H7xx_HAL_Driver/Src/stm32h7xx_hal.c **** /**
 583:Drivers/STM32H7xx_HAL_Driver/Src/stm32h7xx_hal.c ****   * @brief  Disable the Internal Voltage Reference buffer (VREFBUF).
 584:Drivers/STM32H7xx_HAL_Driver/Src/stm32h7xx_hal.c ****   *
 585:Drivers/STM32H7xx_HAL_Driver/Src/stm32h7xx_hal.c ****   * @retval None
 586:Drivers/STM32H7xx_HAL_Driver/Src/stm32h7xx_hal.c ****   */
 587:Drivers/STM32H7xx_HAL_Driver/Src/stm32h7xx_hal.c **** void HAL_SYSCFG_DisableVREFBUF(void)
 588:Drivers/STM32H7xx_HAL_Driver/Src/stm32h7xx_hal.c **** {
 1025              		.loc 1 588 1 is_stmt 1 view -0
 1026              		.cfi_startproc
 1027              		@ args = 0, pretend = 0, frame = 0
 1028              		@ frame_needed = 0, uses_anonymous_args = 0
 1029              		@ link register save eliminated.
 589:Drivers/STM32H7xx_HAL_Driver/Src/stm32h7xx_hal.c ****   CLEAR_BIT(VREFBUF->CSR, VREFBUF_CSR_ENVR);
 1030              		.loc 1 589 3 view .LVU236
 1031 0000 024A     		ldr	r2, .L99
 1032 0002 1368     		ldr	r3, [r2]
 1033 0004 23F00103 		bic	r3, r3, #1
 1034 0008 1360     		str	r3, [r2]
 590:Drivers/STM32H7xx_HAL_Driver/Src/stm32h7xx_hal.c **** }
 1035              		.loc 1 590 1 is_stmt 0 view .LVU237
 1036 000a 7047     		bx	lr
 1037              	.L100:
 1038              		.align	2
 1039              	.L99:
 1040 000c 003C0058 		.word	1476410368
 1041              		.cfi_endproc
 1042              	.LFE167:
 1044              		.section	.text.HAL_SYSCFG_ETHInterfaceSelect,"ax",%progbits
 1045              		.align	1
 1046              		.p2align 2,,3
 1047              		.global	HAL_SYSCFG_ETHInterfaceSelect
 1048              		.syntax unified
 1049              		.thumb
 1050              		.thumb_func
ARM GAS  C:\Users\l1234\AppData\Local\Temp\ccwXN0d2.s 			page 31


 1052              	HAL_SYSCFG_ETHInterfaceSelect:
 1053              	.LVL38:
 1054              	.LFB168:
 591:Drivers/STM32H7xx_HAL_Driver/Src/stm32h7xx_hal.c **** 
 592:Drivers/STM32H7xx_HAL_Driver/Src/stm32h7xx_hal.c **** #if defined(SYSCFG_PMCR_EPIS_SEL)
 593:Drivers/STM32H7xx_HAL_Driver/Src/stm32h7xx_hal.c **** /**
 594:Drivers/STM32H7xx_HAL_Driver/Src/stm32h7xx_hal.c ****   * @brief  Ethernet PHY Interface Selection either MII or RMII
 595:Drivers/STM32H7xx_HAL_Driver/Src/stm32h7xx_hal.c ****   * @param  SYSCFG_ETHInterface: Selects the Ethernet PHY interface
 596:Drivers/STM32H7xx_HAL_Driver/Src/stm32h7xx_hal.c ****   *   This parameter can be one of the following values:
 597:Drivers/STM32H7xx_HAL_Driver/Src/stm32h7xx_hal.c ****   *   @arg SYSCFG_ETH_MII : Select the Media Independent Interface
 598:Drivers/STM32H7xx_HAL_Driver/Src/stm32h7xx_hal.c ****   *   @arg SYSCFG_ETH_RMII: Select the Reduced Media Independent Interface
 599:Drivers/STM32H7xx_HAL_Driver/Src/stm32h7xx_hal.c ****   * @retval None
 600:Drivers/STM32H7xx_HAL_Driver/Src/stm32h7xx_hal.c ****   */
 601:Drivers/STM32H7xx_HAL_Driver/Src/stm32h7xx_hal.c **** void HAL_SYSCFG_ETHInterfaceSelect(uint32_t SYSCFG_ETHInterface)
 602:Drivers/STM32H7xx_HAL_Driver/Src/stm32h7xx_hal.c **** {
 1055              		.loc 1 602 1 is_stmt 1 view -0
 1056              		.cfi_startproc
 1057              		@ args = 0, pretend = 0, frame = 0
 1058              		@ frame_needed = 0, uses_anonymous_args = 0
 1059              		@ link register save eliminated.
 603:Drivers/STM32H7xx_HAL_Driver/Src/stm32h7xx_hal.c ****   /* Check the parameter */
 604:Drivers/STM32H7xx_HAL_Driver/Src/stm32h7xx_hal.c ****   assert_param(IS_SYSCFG_ETHERNET_CONFIG(SYSCFG_ETHInterface));
 1060              		.loc 1 604 3 view .LVU239
 605:Drivers/STM32H7xx_HAL_Driver/Src/stm32h7xx_hal.c **** 
 606:Drivers/STM32H7xx_HAL_Driver/Src/stm32h7xx_hal.c ****   MODIFY_REG(SYSCFG->PMCR, SYSCFG_PMCR_EPIS_SEL, (uint32_t)(SYSCFG_ETHInterface));
 1061              		.loc 1 606 3 view .LVU240
 1062 0000 034A     		ldr	r2, .L102
 1063 0002 5368     		ldr	r3, [r2, #4]
 1064 0004 23F46003 		bic	r3, r3, #14680064
 1065 0008 0343     		orrs	r3, r3, r0
 1066 000a 5360     		str	r3, [r2, #4]
 607:Drivers/STM32H7xx_HAL_Driver/Src/stm32h7xx_hal.c **** }
 1067              		.loc 1 607 1 is_stmt 0 view .LVU241
 1068 000c 7047     		bx	lr
 1069              	.L103:
 1070 000e 00BF     		.align	2
 1071              	.L102:
 1072 0010 00040058 		.word	1476396032
 1073              		.cfi_endproc
 1074              	.LFE168:
 1076              		.section	.text.HAL_SYSCFG_AnalogSwitchConfig,"ax",%progbits
 1077              		.align	1
 1078              		.p2align 2,,3
 1079              		.global	HAL_SYSCFG_AnalogSwitchConfig
 1080              		.syntax unified
 1081              		.thumb
 1082              		.thumb_func
 1084              	HAL_SYSCFG_AnalogSwitchConfig:
 1085              	.LVL39:
 1086              	.LFB169:
 608:Drivers/STM32H7xx_HAL_Driver/Src/stm32h7xx_hal.c **** #endif /* SYSCFG_PMCR_EPIS_SEL */
 609:Drivers/STM32H7xx_HAL_Driver/Src/stm32h7xx_hal.c **** 
 610:Drivers/STM32H7xx_HAL_Driver/Src/stm32h7xx_hal.c **** /**
 611:Drivers/STM32H7xx_HAL_Driver/Src/stm32h7xx_hal.c ****   * @brief  Analog Switch control for dual analog pads.
 612:Drivers/STM32H7xx_HAL_Driver/Src/stm32h7xx_hal.c ****   * @param  SYSCFG_AnalogSwitch: Selects the analog pad
 613:Drivers/STM32H7xx_HAL_Driver/Src/stm32h7xx_hal.c ****   *   This parameter can be one or a combination of the following values:
 614:Drivers/STM32H7xx_HAL_Driver/Src/stm32h7xx_hal.c ****   *   @arg SYSCFG_SWITCH_PA0 : Select PA0 analog switch
ARM GAS  C:\Users\l1234\AppData\Local\Temp\ccwXN0d2.s 			page 32


 615:Drivers/STM32H7xx_HAL_Driver/Src/stm32h7xx_hal.c ****   *   @arg SYSCFG_SWITCH_PA1:  Select PA1 analog switch
 616:Drivers/STM32H7xx_HAL_Driver/Src/stm32h7xx_hal.c ****   *   @arg SYSCFG_SWITCH_PC2 : Select PC2 analog switch
 617:Drivers/STM32H7xx_HAL_Driver/Src/stm32h7xx_hal.c ****   *   @arg SYSCFG_SWITCH_PC3:  Select PC3 analog switch
 618:Drivers/STM32H7xx_HAL_Driver/Src/stm32h7xx_hal.c ****   * @param  SYSCFG_SwitchState: Open or Close the analog switch between dual pads (PXn and PXn_C)
 619:Drivers/STM32H7xx_HAL_Driver/Src/stm32h7xx_hal.c ****   *   This parameter can be one or a combination of the following values:
 620:Drivers/STM32H7xx_HAL_Driver/Src/stm32h7xx_hal.c ****   *   @arg SYSCFG_SWITCH_PA0_OPEN
 621:Drivers/STM32H7xx_HAL_Driver/Src/stm32h7xx_hal.c ****   *   @arg SYSCFG_SWITCH_PA0_CLOSE
 622:Drivers/STM32H7xx_HAL_Driver/Src/stm32h7xx_hal.c ****   *   @arg SYSCFG_SWITCH_PA1_OPEN
 623:Drivers/STM32H7xx_HAL_Driver/Src/stm32h7xx_hal.c ****   *   @arg SYSCFG_SWITCH_PA1_CLOSE
 624:Drivers/STM32H7xx_HAL_Driver/Src/stm32h7xx_hal.c ****   *   @arg SYSCFG_SWITCH_PC2_OPEN
 625:Drivers/STM32H7xx_HAL_Driver/Src/stm32h7xx_hal.c ****   *   @arg SYSCFG_SWITCH_PC2_CLOSE
 626:Drivers/STM32H7xx_HAL_Driver/Src/stm32h7xx_hal.c ****   *   @arg SYSCFG_SWITCH_PC3_OPEN
 627:Drivers/STM32H7xx_HAL_Driver/Src/stm32h7xx_hal.c ****   *   @arg SYSCFG_SWITCH_PC3_CLOSE
 628:Drivers/STM32H7xx_HAL_Driver/Src/stm32h7xx_hal.c ****   * @retval None
 629:Drivers/STM32H7xx_HAL_Driver/Src/stm32h7xx_hal.c ****   */
 630:Drivers/STM32H7xx_HAL_Driver/Src/stm32h7xx_hal.c **** 
 631:Drivers/STM32H7xx_HAL_Driver/Src/stm32h7xx_hal.c **** void HAL_SYSCFG_AnalogSwitchConfig(uint32_t SYSCFG_AnalogSwitch , uint32_t SYSCFG_SwitchState )
 632:Drivers/STM32H7xx_HAL_Driver/Src/stm32h7xx_hal.c **** {
 1087              		.loc 1 632 1 is_stmt 1 view -0
 1088              		.cfi_startproc
 1089              		@ args = 0, pretend = 0, frame = 0
 1090              		@ frame_needed = 0, uses_anonymous_args = 0
 1091              		@ link register save eliminated.
 633:Drivers/STM32H7xx_HAL_Driver/Src/stm32h7xx_hal.c ****   /* Check the parameter */
 634:Drivers/STM32H7xx_HAL_Driver/Src/stm32h7xx_hal.c ****   assert_param(IS_SYSCFG_ANALOG_SWITCH(SYSCFG_AnalogSwitch));
 1092              		.loc 1 634 3 view .LVU243
 635:Drivers/STM32H7xx_HAL_Driver/Src/stm32h7xx_hal.c ****   assert_param(IS_SYSCFG_SWITCH_STATE(SYSCFG_SwitchState));
 1093              		.loc 1 635 3 view .LVU244
 636:Drivers/STM32H7xx_HAL_Driver/Src/stm32h7xx_hal.c **** 
 637:Drivers/STM32H7xx_HAL_Driver/Src/stm32h7xx_hal.c ****   MODIFY_REG(SYSCFG->PMCR, (uint32_t) SYSCFG_AnalogSwitch, (uint32_t)(SYSCFG_SwitchState));
 1094              		.loc 1 637 3 view .LVU245
 1095 0000 034A     		ldr	r2, .L105
 1096 0002 5368     		ldr	r3, [r2, #4]
 1097 0004 23EA0003 		bic	r3, r3, r0
 1098 0008 0B43     		orrs	r3, r3, r1
 1099 000a 5360     		str	r3, [r2, #4]
 638:Drivers/STM32H7xx_HAL_Driver/Src/stm32h7xx_hal.c **** }
 1100              		.loc 1 638 1 is_stmt 0 view .LVU246
 1101 000c 7047     		bx	lr
 1102              	.L106:
 1103 000e 00BF     		.align	2
 1104              	.L105:
 1105 0010 00040058 		.word	1476396032
 1106              		.cfi_endproc
 1107              	.LFE169:
 1109              		.section	.text.HAL_SYSCFG_EnableBOOST,"ax",%progbits
 1110              		.align	1
 1111              		.p2align 2,,3
 1112              		.global	HAL_SYSCFG_EnableBOOST
 1113              		.syntax unified
 1114              		.thumb
 1115              		.thumb_func
 1117              	HAL_SYSCFG_EnableBOOST:
 1118              	.LFB170:
 639:Drivers/STM32H7xx_HAL_Driver/Src/stm32h7xx_hal.c **** 
 640:Drivers/STM32H7xx_HAL_Driver/Src/stm32h7xx_hal.c **** #if defined(SYSCFG_PMCR_BOOSTEN)
 641:Drivers/STM32H7xx_HAL_Driver/Src/stm32h7xx_hal.c **** /**
ARM GAS  C:\Users\l1234\AppData\Local\Temp\ccwXN0d2.s 			page 33


 642:Drivers/STM32H7xx_HAL_Driver/Src/stm32h7xx_hal.c ****   * @brief  Enables the booster to reduce the total harmonic distortion of the analog
 643:Drivers/STM32H7xx_HAL_Driver/Src/stm32h7xx_hal.c ****   *         switch when the supply voltage is lower than 2.7 V.
 644:Drivers/STM32H7xx_HAL_Driver/Src/stm32h7xx_hal.c ****   * @note   Activating the booster allows to guaranty the analog switch AC performance
 645:Drivers/STM32H7xx_HAL_Driver/Src/stm32h7xx_hal.c ****   *         when the supply voltage is below 2.7 V: in this case, the analog switch
 646:Drivers/STM32H7xx_HAL_Driver/Src/stm32h7xx_hal.c ****   *         performance is the same on the full voltage range
 647:Drivers/STM32H7xx_HAL_Driver/Src/stm32h7xx_hal.c ****   * @retval None
 648:Drivers/STM32H7xx_HAL_Driver/Src/stm32h7xx_hal.c ****   */
 649:Drivers/STM32H7xx_HAL_Driver/Src/stm32h7xx_hal.c **** void HAL_SYSCFG_EnableBOOST(void)
 650:Drivers/STM32H7xx_HAL_Driver/Src/stm32h7xx_hal.c **** {
 1119              		.loc 1 650 1 is_stmt 1 view -0
 1120              		.cfi_startproc
 1121              		@ args = 0, pretend = 0, frame = 0
 1122              		@ frame_needed = 0, uses_anonymous_args = 0
 1123              		@ link register save eliminated.
 651:Drivers/STM32H7xx_HAL_Driver/Src/stm32h7xx_hal.c ****  SET_BIT(SYSCFG->PMCR, SYSCFG_PMCR_BOOSTEN) ;
 1124              		.loc 1 651 2 view .LVU248
 1125 0000 024A     		ldr	r2, .L108
 1126 0002 5368     		ldr	r3, [r2, #4]
 1127 0004 43F48073 		orr	r3, r3, #256
 1128 0008 5360     		str	r3, [r2, #4]
 652:Drivers/STM32H7xx_HAL_Driver/Src/stm32h7xx_hal.c **** }
 1129              		.loc 1 652 1 is_stmt 0 view .LVU249
 1130 000a 7047     		bx	lr
 1131              	.L109:
 1132              		.align	2
 1133              	.L108:
 1134 000c 00040058 		.word	1476396032
 1135              		.cfi_endproc
 1136              	.LFE170:
 1138              		.section	.text.HAL_SYSCFG_DisableBOOST,"ax",%progbits
 1139              		.align	1
 1140              		.p2align 2,,3
 1141              		.global	HAL_SYSCFG_DisableBOOST
 1142              		.syntax unified
 1143              		.thumb
 1144              		.thumb_func
 1146              	HAL_SYSCFG_DisableBOOST:
 1147              	.LFB171:
 653:Drivers/STM32H7xx_HAL_Driver/Src/stm32h7xx_hal.c **** 
 654:Drivers/STM32H7xx_HAL_Driver/Src/stm32h7xx_hal.c **** /**
 655:Drivers/STM32H7xx_HAL_Driver/Src/stm32h7xx_hal.c ****   * @brief  Disables the booster
 656:Drivers/STM32H7xx_HAL_Driver/Src/stm32h7xx_hal.c ****   * @note   Activating the booster allows to guaranty the analog switch AC performance
 657:Drivers/STM32H7xx_HAL_Driver/Src/stm32h7xx_hal.c ****   *         when the supply voltage is below 2.7 V: in this case, the analog switch
 658:Drivers/STM32H7xx_HAL_Driver/Src/stm32h7xx_hal.c ****   *         performance is the same on the full voltage range
 659:Drivers/STM32H7xx_HAL_Driver/Src/stm32h7xx_hal.c ****   * @retval None
 660:Drivers/STM32H7xx_HAL_Driver/Src/stm32h7xx_hal.c ****   */
 661:Drivers/STM32H7xx_HAL_Driver/Src/stm32h7xx_hal.c **** void HAL_SYSCFG_DisableBOOST(void)
 662:Drivers/STM32H7xx_HAL_Driver/Src/stm32h7xx_hal.c **** {
 1148              		.loc 1 662 1 is_stmt 1 view -0
 1149              		.cfi_startproc
 1150              		@ args = 0, pretend = 0, frame = 0
 1151              		@ frame_needed = 0, uses_anonymous_args = 0
 1152              		@ link register save eliminated.
 663:Drivers/STM32H7xx_HAL_Driver/Src/stm32h7xx_hal.c ****  CLEAR_BIT(SYSCFG->PMCR, SYSCFG_PMCR_BOOSTEN) ;
 1153              		.loc 1 663 2 view .LVU251
 1154 0000 024A     		ldr	r2, .L111
 1155 0002 5368     		ldr	r3, [r2, #4]
ARM GAS  C:\Users\l1234\AppData\Local\Temp\ccwXN0d2.s 			page 34


 1156 0004 23F48073 		bic	r3, r3, #256
 1157 0008 5360     		str	r3, [r2, #4]
 664:Drivers/STM32H7xx_HAL_Driver/Src/stm32h7xx_hal.c **** }
 1158              		.loc 1 664 1 is_stmt 0 view .LVU252
 1159 000a 7047     		bx	lr
 1160              	.L112:
 1161              		.align	2
 1162              	.L111:
 1163 000c 00040058 		.word	1476396032
 1164              		.cfi_endproc
 1165              	.LFE171:
 1167              		.section	.text.HAL_SYSCFG_CM7BootAddConfig,"ax",%progbits
 1168              		.align	1
 1169              		.p2align 2,,3
 1170              		.global	HAL_SYSCFG_CM7BootAddConfig
 1171              		.syntax unified
 1172              		.thumb
 1173              		.thumb_func
 1175              	HAL_SYSCFG_CM7BootAddConfig:
 1176              	.LVL40:
 1177              	.LFB172:
 665:Drivers/STM32H7xx_HAL_Driver/Src/stm32h7xx_hal.c **** #endif /* SYSCFG_PMCR_BOOSTEN */
 666:Drivers/STM32H7xx_HAL_Driver/Src/stm32h7xx_hal.c **** 
 667:Drivers/STM32H7xx_HAL_Driver/Src/stm32h7xx_hal.c **** #if defined (SYSCFG_UR2_BOOT_ADD0) ||  defined (SYSCFG_UR2_BCM7_ADD0)
 668:Drivers/STM32H7xx_HAL_Driver/Src/stm32h7xx_hal.c **** /**
 669:Drivers/STM32H7xx_HAL_Driver/Src/stm32h7xx_hal.c ****   * @brief  BootCM7 address 0 configuration
 670:Drivers/STM32H7xx_HAL_Driver/Src/stm32h7xx_hal.c ****   * @param  BootRegister :Specifies the Boot Address register (Address0 or Address1)
 671:Drivers/STM32H7xx_HAL_Driver/Src/stm32h7xx_hal.c ****   *   This parameter can be one of the following values:
 672:Drivers/STM32H7xx_HAL_Driver/Src/stm32h7xx_hal.c ****   *   @arg SYSCFG_BOOT_ADDR0 : Select the boot address0
 673:Drivers/STM32H7xx_HAL_Driver/Src/stm32h7xx_hal.c ****   *   @arg SYSCFG_BOOT_ADDR1:  Select the boot address1
 674:Drivers/STM32H7xx_HAL_Driver/Src/stm32h7xx_hal.c ****   * @param  BootAddress :Specifies the CM7 Boot Address to be loaded in Address0 or Address1
 675:Drivers/STM32H7xx_HAL_Driver/Src/stm32h7xx_hal.c ****   * @retval None
 676:Drivers/STM32H7xx_HAL_Driver/Src/stm32h7xx_hal.c ****   */
 677:Drivers/STM32H7xx_HAL_Driver/Src/stm32h7xx_hal.c **** void HAL_SYSCFG_CM7BootAddConfig(uint32_t BootRegister, uint32_t BootAddress)
 678:Drivers/STM32H7xx_HAL_Driver/Src/stm32h7xx_hal.c **** {
 1178              		.loc 1 678 1 is_stmt 1 view -0
 1179              		.cfi_startproc
 1180              		@ args = 0, pretend = 0, frame = 0
 1181              		@ frame_needed = 0, uses_anonymous_args = 0
 1182              		@ link register save eliminated.
 679:Drivers/STM32H7xx_HAL_Driver/Src/stm32h7xx_hal.c ****   /* Check the parameters */
 680:Drivers/STM32H7xx_HAL_Driver/Src/stm32h7xx_hal.c ****   assert_param(IS_SYSCFG_BOOT_REGISTER(BootRegister));
 1183              		.loc 1 680 3 view .LVU254
 681:Drivers/STM32H7xx_HAL_Driver/Src/stm32h7xx_hal.c ****   assert_param(IS_SYSCFG_BOOT_ADDRESS(BootAddress));
 1184              		.loc 1 681 3 view .LVU255
 682:Drivers/STM32H7xx_HAL_Driver/Src/stm32h7xx_hal.c ****   if ( BootRegister == SYSCFG_BOOT_ADDR0 )
 1185              		.loc 1 682 3 view .LVU256
 683:Drivers/STM32H7xx_HAL_Driver/Src/stm32h7xx_hal.c ****   {
 684:Drivers/STM32H7xx_HAL_Driver/Src/stm32h7xx_hal.c ****     /* Configure CM7 BOOT ADD0 */
 685:Drivers/STM32H7xx_HAL_Driver/Src/stm32h7xx_hal.c **** #if defined(DUAL_CORE)
 686:Drivers/STM32H7xx_HAL_Driver/Src/stm32h7xx_hal.c ****     MODIFY_REG(SYSCFG->UR2, SYSCFG_UR2_BCM7_ADD0, ((BootAddress >> 16) << SYSCFG_UR2_BCM7_ADD0_Pos)
 687:Drivers/STM32H7xx_HAL_Driver/Src/stm32h7xx_hal.c **** #else
 688:Drivers/STM32H7xx_HAL_Driver/Src/stm32h7xx_hal.c ****     MODIFY_REG(SYSCFG->UR2, SYSCFG_UR2_BOOT_ADD0, ((BootAddress >> 16) << SYSCFG_UR2_BOOT_ADD0_Pos)
 1186              		.loc 1 688 5 is_stmt 0 view .LVU257
 1187 0000 090C     		lsrs	r1, r1, #16
 1188              	.LVL41:
 1189              		.loc 1 688 5 view .LVU258
ARM GAS  C:\Users\l1234\AppData\Local\Temp\ccwXN0d2.s 			page 35


 1190 0002 094A     		ldr	r2, .L116
 682:Drivers/STM32H7xx_HAL_Driver/Src/stm32h7xx_hal.c ****   if ( BootRegister == SYSCFG_BOOT_ADDR0 )
 1191              		.loc 1 682 6 view .LVU259
 1192 0004 38B9     		cbnz	r0, .L114
 1193              		.loc 1 688 5 is_stmt 1 view .LVU260
 1194 0006 D2F80833 		ldr	r3, [r2, #776]
 1195 000a 9BB2     		uxth	r3, r3
 1196 000c 43EA0143 		orr	r3, r3, r1, lsl #16
 1197 0010 C2F80833 		str	r3, [r2, #776]
 1198 0014 7047     		bx	lr
 1199              	.L114:
 689:Drivers/STM32H7xx_HAL_Driver/Src/stm32h7xx_hal.c **** #endif /*DUAL_CORE*/
 690:Drivers/STM32H7xx_HAL_Driver/Src/stm32h7xx_hal.c ****   }
 691:Drivers/STM32H7xx_HAL_Driver/Src/stm32h7xx_hal.c ****   else
 692:Drivers/STM32H7xx_HAL_Driver/Src/stm32h7xx_hal.c ****   {
 693:Drivers/STM32H7xx_HAL_Driver/Src/stm32h7xx_hal.c ****     /* Configure CM7 BOOT ADD1 */
 694:Drivers/STM32H7xx_HAL_Driver/Src/stm32h7xx_hal.c **** #if defined(DUAL_CORE)
 695:Drivers/STM32H7xx_HAL_Driver/Src/stm32h7xx_hal.c ****     MODIFY_REG(SYSCFG->UR3, SYSCFG_UR3_BCM7_ADD1, (BootAddress >> 16));
 696:Drivers/STM32H7xx_HAL_Driver/Src/stm32h7xx_hal.c **** #else
 697:Drivers/STM32H7xx_HAL_Driver/Src/stm32h7xx_hal.c ****     MODIFY_REG(SYSCFG->UR3, SYSCFG_UR3_BOOT_ADD1, (BootAddress >> 16));
 1200              		.loc 1 697 5 view .LVU261
 1201 0016 D2F80C03 		ldr	r0, [r2, #780]
 1202              	.LVL42:
 1203              		.loc 1 697 5 is_stmt 0 view .LVU262
 1204 001a 044B     		ldr	r3, .L116+4
 1205 001c 0340     		ands	r3, r3, r0
 1206 001e 0B43     		orrs	r3, r3, r1
 1207 0020 C2F80C33 		str	r3, [r2, #780]
 698:Drivers/STM32H7xx_HAL_Driver/Src/stm32h7xx_hal.c **** #endif /*DUAL_CORE*/
 699:Drivers/STM32H7xx_HAL_Driver/Src/stm32h7xx_hal.c ****   }
 700:Drivers/STM32H7xx_HAL_Driver/Src/stm32h7xx_hal.c **** }
 1208              		.loc 1 700 1 view .LVU263
 1209 0024 7047     		bx	lr
 1210              	.L117:
 1211 0026 00BF     		.align	2
 1212              	.L116:
 1213 0028 00040058 		.word	1476396032
 1214 002c 0000FFFF 		.word	-65536
 1215              		.cfi_endproc
 1216              	.LFE172:
 1218              		.section	.text.HAL_EnableCompensationCell,"ax",%progbits
 1219              		.align	1
 1220              		.p2align 2,,3
 1221              		.global	HAL_EnableCompensationCell
 1222              		.syntax unified
 1223              		.thumb
 1224              		.thumb_func
 1226              	HAL_EnableCompensationCell:
 1227              	.LFB173:
 701:Drivers/STM32H7xx_HAL_Driver/Src/stm32h7xx_hal.c **** #endif /* SYSCFG_UR2_BOOT_ADD0 || SYSCFG_UR2_BCM7_ADD0 */
 702:Drivers/STM32H7xx_HAL_Driver/Src/stm32h7xx_hal.c **** 
 703:Drivers/STM32H7xx_HAL_Driver/Src/stm32h7xx_hal.c **** #if defined(DUAL_CORE)
 704:Drivers/STM32H7xx_HAL_Driver/Src/stm32h7xx_hal.c **** /**
 705:Drivers/STM32H7xx_HAL_Driver/Src/stm32h7xx_hal.c ****   * @brief  BootCM4 address 0 configuration
 706:Drivers/STM32H7xx_HAL_Driver/Src/stm32h7xx_hal.c ****   * @param  BootRegister :Specifies the Boot Address register (Address0 or Address1)
 707:Drivers/STM32H7xx_HAL_Driver/Src/stm32h7xx_hal.c ****   *   This parameter can be one of the following values:
 708:Drivers/STM32H7xx_HAL_Driver/Src/stm32h7xx_hal.c ****   *   @arg SYSCFG_BOOT_ADDR0 : Select the boot address0
ARM GAS  C:\Users\l1234\AppData\Local\Temp\ccwXN0d2.s 			page 36


 709:Drivers/STM32H7xx_HAL_Driver/Src/stm32h7xx_hal.c ****   *   @arg SYSCFG_BOOT_ADDR1:  Select the boot address1
 710:Drivers/STM32H7xx_HAL_Driver/Src/stm32h7xx_hal.c ****   * @param  BootAddress :Specifies the CM4 Boot Address to be loaded in Address0 or Address1
 711:Drivers/STM32H7xx_HAL_Driver/Src/stm32h7xx_hal.c ****   * @retval None
 712:Drivers/STM32H7xx_HAL_Driver/Src/stm32h7xx_hal.c ****   */
 713:Drivers/STM32H7xx_HAL_Driver/Src/stm32h7xx_hal.c **** void HAL_SYSCFG_CM4BootAddConfig(uint32_t BootRegister, uint32_t BootAddress)
 714:Drivers/STM32H7xx_HAL_Driver/Src/stm32h7xx_hal.c **** {
 715:Drivers/STM32H7xx_HAL_Driver/Src/stm32h7xx_hal.c ****   /* Check the parameters */
 716:Drivers/STM32H7xx_HAL_Driver/Src/stm32h7xx_hal.c ****   assert_param(IS_SYSCFG_BOOT_REGISTER(BootRegister));
 717:Drivers/STM32H7xx_HAL_Driver/Src/stm32h7xx_hal.c ****   assert_param(IS_SYSCFG_BOOT_ADDRESS(BootAddress));
 718:Drivers/STM32H7xx_HAL_Driver/Src/stm32h7xx_hal.c **** 
 719:Drivers/STM32H7xx_HAL_Driver/Src/stm32h7xx_hal.c ****   if ( BootRegister == SYSCFG_BOOT_ADDR0 )
 720:Drivers/STM32H7xx_HAL_Driver/Src/stm32h7xx_hal.c ****   {
 721:Drivers/STM32H7xx_HAL_Driver/Src/stm32h7xx_hal.c ****     /* Configure CM4 BOOT ADD0 */
 722:Drivers/STM32H7xx_HAL_Driver/Src/stm32h7xx_hal.c ****     MODIFY_REG(SYSCFG->UR3, SYSCFG_UR3_BCM4_ADD0, ((BootAddress >> 16)<< SYSCFG_UR3_BCM4_ADD0_Pos))
 723:Drivers/STM32H7xx_HAL_Driver/Src/stm32h7xx_hal.c ****   }
 724:Drivers/STM32H7xx_HAL_Driver/Src/stm32h7xx_hal.c **** 
 725:Drivers/STM32H7xx_HAL_Driver/Src/stm32h7xx_hal.c ****   else
 726:Drivers/STM32H7xx_HAL_Driver/Src/stm32h7xx_hal.c ****   {
 727:Drivers/STM32H7xx_HAL_Driver/Src/stm32h7xx_hal.c ****     /* Configure CM4 BOOT ADD1 */
 728:Drivers/STM32H7xx_HAL_Driver/Src/stm32h7xx_hal.c ****     MODIFY_REG(SYSCFG->UR4, SYSCFG_UR4_BCM4_ADD1, (BootAddress >> 16));
 729:Drivers/STM32H7xx_HAL_Driver/Src/stm32h7xx_hal.c ****   }
 730:Drivers/STM32H7xx_HAL_Driver/Src/stm32h7xx_hal.c **** }
 731:Drivers/STM32H7xx_HAL_Driver/Src/stm32h7xx_hal.c **** 
 732:Drivers/STM32H7xx_HAL_Driver/Src/stm32h7xx_hal.c **** /**
 733:Drivers/STM32H7xx_HAL_Driver/Src/stm32h7xx_hal.c ****   * @brief  Enables the Cortex-M7 boot
 734:Drivers/STM32H7xx_HAL_Driver/Src/stm32h7xx_hal.c ****   * @retval None
 735:Drivers/STM32H7xx_HAL_Driver/Src/stm32h7xx_hal.c ****   */
 736:Drivers/STM32H7xx_HAL_Driver/Src/stm32h7xx_hal.c **** void HAL_SYSCFG_EnableCM7BOOT(void)
 737:Drivers/STM32H7xx_HAL_Driver/Src/stm32h7xx_hal.c **** {
 738:Drivers/STM32H7xx_HAL_Driver/Src/stm32h7xx_hal.c ****  SET_BIT(SYSCFG->UR1, SYSCFG_UR1_BCM7);
 739:Drivers/STM32H7xx_HAL_Driver/Src/stm32h7xx_hal.c **** }
 740:Drivers/STM32H7xx_HAL_Driver/Src/stm32h7xx_hal.c **** 
 741:Drivers/STM32H7xx_HAL_Driver/Src/stm32h7xx_hal.c **** /**
 742:Drivers/STM32H7xx_HAL_Driver/Src/stm32h7xx_hal.c ****   * @brief  Disables the Cortex-M7 boot
 743:Drivers/STM32H7xx_HAL_Driver/Src/stm32h7xx_hal.c ****   * @note   Disabling the boot will gate the CPU clock
 744:Drivers/STM32H7xx_HAL_Driver/Src/stm32h7xx_hal.c ****   * @retval None
 745:Drivers/STM32H7xx_HAL_Driver/Src/stm32h7xx_hal.c ****   */
 746:Drivers/STM32H7xx_HAL_Driver/Src/stm32h7xx_hal.c **** void HAL_SYSCFG_DisableCM7BOOT(void)
 747:Drivers/STM32H7xx_HAL_Driver/Src/stm32h7xx_hal.c **** {
 748:Drivers/STM32H7xx_HAL_Driver/Src/stm32h7xx_hal.c ****  CLEAR_BIT(SYSCFG->UR1, SYSCFG_UR1_BCM7) ;
 749:Drivers/STM32H7xx_HAL_Driver/Src/stm32h7xx_hal.c **** }
 750:Drivers/STM32H7xx_HAL_Driver/Src/stm32h7xx_hal.c **** 
 751:Drivers/STM32H7xx_HAL_Driver/Src/stm32h7xx_hal.c **** /**
 752:Drivers/STM32H7xx_HAL_Driver/Src/stm32h7xx_hal.c ****   * @brief  Enables the Cortex-M4 boot
 753:Drivers/STM32H7xx_HAL_Driver/Src/stm32h7xx_hal.c ****   * @retval None
 754:Drivers/STM32H7xx_HAL_Driver/Src/stm32h7xx_hal.c ****   */
 755:Drivers/STM32H7xx_HAL_Driver/Src/stm32h7xx_hal.c **** void HAL_SYSCFG_EnableCM4BOOT(void)
 756:Drivers/STM32H7xx_HAL_Driver/Src/stm32h7xx_hal.c **** {
 757:Drivers/STM32H7xx_HAL_Driver/Src/stm32h7xx_hal.c ****  SET_BIT(SYSCFG->UR1, SYSCFG_UR1_BCM4);
 758:Drivers/STM32H7xx_HAL_Driver/Src/stm32h7xx_hal.c **** }
 759:Drivers/STM32H7xx_HAL_Driver/Src/stm32h7xx_hal.c **** 
 760:Drivers/STM32H7xx_HAL_Driver/Src/stm32h7xx_hal.c **** /**
 761:Drivers/STM32H7xx_HAL_Driver/Src/stm32h7xx_hal.c ****   * @brief  Disables the Cortex-M4 boot
 762:Drivers/STM32H7xx_HAL_Driver/Src/stm32h7xx_hal.c ****   * @note   Disabling the boot will gate the CPU clock
 763:Drivers/STM32H7xx_HAL_Driver/Src/stm32h7xx_hal.c ****   * @retval None
 764:Drivers/STM32H7xx_HAL_Driver/Src/stm32h7xx_hal.c ****   */
 765:Drivers/STM32H7xx_HAL_Driver/Src/stm32h7xx_hal.c **** void HAL_SYSCFG_DisableCM4BOOT(void)
ARM GAS  C:\Users\l1234\AppData\Local\Temp\ccwXN0d2.s 			page 37


 766:Drivers/STM32H7xx_HAL_Driver/Src/stm32h7xx_hal.c **** {
 767:Drivers/STM32H7xx_HAL_Driver/Src/stm32h7xx_hal.c ****   CLEAR_BIT(SYSCFG->UR1, SYSCFG_UR1_BCM4);
 768:Drivers/STM32H7xx_HAL_Driver/Src/stm32h7xx_hal.c **** }
 769:Drivers/STM32H7xx_HAL_Driver/Src/stm32h7xx_hal.c **** #endif /*DUAL_CORE*/
 770:Drivers/STM32H7xx_HAL_Driver/Src/stm32h7xx_hal.c **** /**
 771:Drivers/STM32H7xx_HAL_Driver/Src/stm32h7xx_hal.c ****   * @brief  Enables the I/O Compensation Cell.
 772:Drivers/STM32H7xx_HAL_Driver/Src/stm32h7xx_hal.c ****   * @note   The I/O compensation cell can be used only when the device supply
 773:Drivers/STM32H7xx_HAL_Driver/Src/stm32h7xx_hal.c ****   *         voltage ranges from 1.62 to 2.0 V and from 2.7 to 3.6 V.
 774:Drivers/STM32H7xx_HAL_Driver/Src/stm32h7xx_hal.c ****   * @retval None
 775:Drivers/STM32H7xx_HAL_Driver/Src/stm32h7xx_hal.c ****   */
 776:Drivers/STM32H7xx_HAL_Driver/Src/stm32h7xx_hal.c **** void HAL_EnableCompensationCell(void)
 777:Drivers/STM32H7xx_HAL_Driver/Src/stm32h7xx_hal.c **** {
 1228              		.loc 1 777 1 is_stmt 1 view -0
 1229              		.cfi_startproc
 1230              		@ args = 0, pretend = 0, frame = 0
 1231              		@ frame_needed = 0, uses_anonymous_args = 0
 1232              		@ link register save eliminated.
 778:Drivers/STM32H7xx_HAL_Driver/Src/stm32h7xx_hal.c ****   SET_BIT(SYSCFG->CCCSR, SYSCFG_CCCSR_EN) ;
 1233              		.loc 1 778 3 view .LVU265
 1234 0000 024A     		ldr	r2, .L119
 1235 0002 136A     		ldr	r3, [r2, #32]
 1236 0004 43F00103 		orr	r3, r3, #1
 1237 0008 1362     		str	r3, [r2, #32]
 779:Drivers/STM32H7xx_HAL_Driver/Src/stm32h7xx_hal.c **** }
 1238              		.loc 1 779 1 is_stmt 0 view .LVU266
 1239 000a 7047     		bx	lr
 1240              	.L120:
 1241              		.align	2
 1242              	.L119:
 1243 000c 00040058 		.word	1476396032
 1244              		.cfi_endproc
 1245              	.LFE173:
 1247              		.section	.text.HAL_DisableCompensationCell,"ax",%progbits
 1248              		.align	1
 1249              		.p2align 2,,3
 1250              		.global	HAL_DisableCompensationCell
 1251              		.syntax unified
 1252              		.thumb
 1253              		.thumb_func
 1255              	HAL_DisableCompensationCell:
 1256              	.LFB174:
 780:Drivers/STM32H7xx_HAL_Driver/Src/stm32h7xx_hal.c **** 
 781:Drivers/STM32H7xx_HAL_Driver/Src/stm32h7xx_hal.c **** /**
 782:Drivers/STM32H7xx_HAL_Driver/Src/stm32h7xx_hal.c ****   * @brief  Power-down the I/O Compensation Cell.
 783:Drivers/STM32H7xx_HAL_Driver/Src/stm32h7xx_hal.c ****   * @note   The I/O compensation cell can be used only when the device supply
 784:Drivers/STM32H7xx_HAL_Driver/Src/stm32h7xx_hal.c ****   *         voltage ranges from 1.62 to 2.0 V and from 2.7 to 3.6 V.
 785:Drivers/STM32H7xx_HAL_Driver/Src/stm32h7xx_hal.c ****   * @retval None
 786:Drivers/STM32H7xx_HAL_Driver/Src/stm32h7xx_hal.c ****   */
 787:Drivers/STM32H7xx_HAL_Driver/Src/stm32h7xx_hal.c **** void HAL_DisableCompensationCell(void)
 788:Drivers/STM32H7xx_HAL_Driver/Src/stm32h7xx_hal.c **** {
 1257              		.loc 1 788 1 is_stmt 1 view -0
 1258              		.cfi_startproc
 1259              		@ args = 0, pretend = 0, frame = 0
 1260              		@ frame_needed = 0, uses_anonymous_args = 0
 1261              		@ link register save eliminated.
 789:Drivers/STM32H7xx_HAL_Driver/Src/stm32h7xx_hal.c ****   CLEAR_BIT(SYSCFG->CCCSR, SYSCFG_CCCSR_EN);
 1262              		.loc 1 789 3 view .LVU268
ARM GAS  C:\Users\l1234\AppData\Local\Temp\ccwXN0d2.s 			page 38


 1263 0000 024A     		ldr	r2, .L122
 1264 0002 136A     		ldr	r3, [r2, #32]
 1265 0004 23F00103 		bic	r3, r3, #1
 1266 0008 1362     		str	r3, [r2, #32]
 790:Drivers/STM32H7xx_HAL_Driver/Src/stm32h7xx_hal.c **** }
 1267              		.loc 1 790 1 is_stmt 0 view .LVU269
 1268 000a 7047     		bx	lr
 1269              	.L123:
 1270              		.align	2
 1271              	.L122:
 1272 000c 00040058 		.word	1476396032
 1273              		.cfi_endproc
 1274              	.LFE174:
 1276              		.section	.text.HAL_SYSCFG_EnableIOSpeedOptimize,"ax",%progbits
 1277              		.align	1
 1278              		.p2align 2,,3
 1279              		.global	HAL_SYSCFG_EnableIOSpeedOptimize
 1280              		.syntax unified
 1281              		.thumb
 1282              		.thumb_func
 1284              	HAL_SYSCFG_EnableIOSpeedOptimize:
 1285              	.LFB175:
 791:Drivers/STM32H7xx_HAL_Driver/Src/stm32h7xx_hal.c **** 
 792:Drivers/STM32H7xx_HAL_Driver/Src/stm32h7xx_hal.c **** 
 793:Drivers/STM32H7xx_HAL_Driver/Src/stm32h7xx_hal.c **** /**
 794:Drivers/STM32H7xx_HAL_Driver/Src/stm32h7xx_hal.c ****   * @brief  To Enable optimize the I/O speed when the product voltage is low.
 795:Drivers/STM32H7xx_HAL_Driver/Src/stm32h7xx_hal.c ****   * @note   This bit is active only if PRODUCT_BELOW_25V user option bit is set. It must be
 796:Drivers/STM32H7xx_HAL_Driver/Src/stm32h7xx_hal.c ****   *         used only if the product supply voltage is below 2.5 V. Setting this bit when VDD is
 797:Drivers/STM32H7xx_HAL_Driver/Src/stm32h7xx_hal.c ****   *         higher than 2.5 V might be destructive.
 798:Drivers/STM32H7xx_HAL_Driver/Src/stm32h7xx_hal.c ****   * @retval None
 799:Drivers/STM32H7xx_HAL_Driver/Src/stm32h7xx_hal.c ****   */
 800:Drivers/STM32H7xx_HAL_Driver/Src/stm32h7xx_hal.c **** void HAL_SYSCFG_EnableIOSpeedOptimize(void)
 801:Drivers/STM32H7xx_HAL_Driver/Src/stm32h7xx_hal.c **** {
 1286              		.loc 1 801 1 is_stmt 1 view -0
 1287              		.cfi_startproc
 1288              		@ args = 0, pretend = 0, frame = 0
 1289              		@ frame_needed = 0, uses_anonymous_args = 0
 1290              		@ link register save eliminated.
 802:Drivers/STM32H7xx_HAL_Driver/Src/stm32h7xx_hal.c **** #if defined(SYSCFG_CCCSR_HSLV)
 803:Drivers/STM32H7xx_HAL_Driver/Src/stm32h7xx_hal.c ****   SET_BIT(SYSCFG->CCCSR, SYSCFG_CCCSR_HSLV);
 1291              		.loc 1 803 3 view .LVU271
 1292 0000 024A     		ldr	r2, .L125
 1293 0002 136A     		ldr	r3, [r2, #32]
 1294 0004 43F48033 		orr	r3, r3, #65536
 1295 0008 1362     		str	r3, [r2, #32]
 804:Drivers/STM32H7xx_HAL_Driver/Src/stm32h7xx_hal.c **** #else
 805:Drivers/STM32H7xx_HAL_Driver/Src/stm32h7xx_hal.c ****   SET_BIT(SYSCFG->CCCSR, (SYSCFG_CCCSR_HSLV0| SYSCFG_CCCSR_HSLV1 | SYSCFG_CCCSR_HSLV2  | SYSCFG_CCC
 806:Drivers/STM32H7xx_HAL_Driver/Src/stm32h7xx_hal.c **** #endif   /* SYSCFG_CCCSR_HSLV */
 807:Drivers/STM32H7xx_HAL_Driver/Src/stm32h7xx_hal.c **** }
 1296              		.loc 1 807 1 is_stmt 0 view .LVU272
 1297 000a 7047     		bx	lr
 1298              	.L126:
 1299              		.align	2
 1300              	.L125:
 1301 000c 00040058 		.word	1476396032
 1302              		.cfi_endproc
 1303              	.LFE175:
ARM GAS  C:\Users\l1234\AppData\Local\Temp\ccwXN0d2.s 			page 39


 1305              		.section	.text.HAL_SYSCFG_DisableIOSpeedOptimize,"ax",%progbits
 1306              		.align	1
 1307              		.p2align 2,,3
 1308              		.global	HAL_SYSCFG_DisableIOSpeedOptimize
 1309              		.syntax unified
 1310              		.thumb
 1311              		.thumb_func
 1313              	HAL_SYSCFG_DisableIOSpeedOptimize:
 1314              	.LFB176:
 808:Drivers/STM32H7xx_HAL_Driver/Src/stm32h7xx_hal.c **** 
 809:Drivers/STM32H7xx_HAL_Driver/Src/stm32h7xx_hal.c **** /**
 810:Drivers/STM32H7xx_HAL_Driver/Src/stm32h7xx_hal.c ****   * @brief  To Disable optimize the I/O speed when the product voltage is low.
 811:Drivers/STM32H7xx_HAL_Driver/Src/stm32h7xx_hal.c ****   * @note   This bit is active only if PRODUCT_BELOW_25V user option bit is set. It must be
 812:Drivers/STM32H7xx_HAL_Driver/Src/stm32h7xx_hal.c ****   *         used only if the product supply voltage is below 2.5 V. Setting this bit when VDD is
 813:Drivers/STM32H7xx_HAL_Driver/Src/stm32h7xx_hal.c ****   *         higher than 2.5 V might be destructive.
 814:Drivers/STM32H7xx_HAL_Driver/Src/stm32h7xx_hal.c ****   * @retval None
 815:Drivers/STM32H7xx_HAL_Driver/Src/stm32h7xx_hal.c ****   */
 816:Drivers/STM32H7xx_HAL_Driver/Src/stm32h7xx_hal.c **** void HAL_SYSCFG_DisableIOSpeedOptimize(void)
 817:Drivers/STM32H7xx_HAL_Driver/Src/stm32h7xx_hal.c **** {
 1315              		.loc 1 817 1 is_stmt 1 view -0
 1316              		.cfi_startproc
 1317              		@ args = 0, pretend = 0, frame = 0
 1318              		@ frame_needed = 0, uses_anonymous_args = 0
 1319              		@ link register save eliminated.
 818:Drivers/STM32H7xx_HAL_Driver/Src/stm32h7xx_hal.c **** #if defined(SYSCFG_CCCSR_HSLV)
 819:Drivers/STM32H7xx_HAL_Driver/Src/stm32h7xx_hal.c ****   CLEAR_BIT(SYSCFG->CCCSR, SYSCFG_CCCSR_HSLV);
 1320              		.loc 1 819 3 view .LVU274
 1321 0000 024A     		ldr	r2, .L128
 1322 0002 136A     		ldr	r3, [r2, #32]
 1323 0004 23F48033 		bic	r3, r3, #65536
 1324 0008 1362     		str	r3, [r2, #32]
 820:Drivers/STM32H7xx_HAL_Driver/Src/stm32h7xx_hal.c **** #else
 821:Drivers/STM32H7xx_HAL_Driver/Src/stm32h7xx_hal.c ****   CLEAR_BIT(SYSCFG->CCCSR, (SYSCFG_CCCSR_HSLV0| SYSCFG_CCCSR_HSLV1 | SYSCFG_CCCSR_HSLV2  | SYSCFG_C
 822:Drivers/STM32H7xx_HAL_Driver/Src/stm32h7xx_hal.c **** #endif   /* SYSCFG_CCCSR_HSLV */
 823:Drivers/STM32H7xx_HAL_Driver/Src/stm32h7xx_hal.c **** }
 1325              		.loc 1 823 1 is_stmt 0 view .LVU275
 1326 000a 7047     		bx	lr
 1327              	.L129:
 1328              		.align	2
 1329              	.L128:
 1330 000c 00040058 		.word	1476396032
 1331              		.cfi_endproc
 1332              	.LFE176:
 1334              		.section	.text.HAL_SYSCFG_CompensationCodeSelect,"ax",%progbits
 1335              		.align	1
 1336              		.p2align 2,,3
 1337              		.global	HAL_SYSCFG_CompensationCodeSelect
 1338              		.syntax unified
 1339              		.thumb
 1340              		.thumb_func
 1342              	HAL_SYSCFG_CompensationCodeSelect:
 1343              	.LVL43:
 1344              	.LFB177:
 824:Drivers/STM32H7xx_HAL_Driver/Src/stm32h7xx_hal.c **** 
 825:Drivers/STM32H7xx_HAL_Driver/Src/stm32h7xx_hal.c **** /**
 826:Drivers/STM32H7xx_HAL_Driver/Src/stm32h7xx_hal.c ****   * @brief  Code selection for the I/O Compensation cell
 827:Drivers/STM32H7xx_HAL_Driver/Src/stm32h7xx_hal.c ****   * @param  SYSCFG_CompCode: Selects the code to be applied for the I/O compensation cell
ARM GAS  C:\Users\l1234\AppData\Local\Temp\ccwXN0d2.s 			page 40


 828:Drivers/STM32H7xx_HAL_Driver/Src/stm32h7xx_hal.c ****   *   This parameter can be one of the following values:
 829:Drivers/STM32H7xx_HAL_Driver/Src/stm32h7xx_hal.c ****   *   @arg SYSCFG_CELL_CODE : Select Code from the cell (available in the SYSCFG_CCVR)
 830:Drivers/STM32H7xx_HAL_Driver/Src/stm32h7xx_hal.c ****   *   @arg SYSCFG_REGISTER_CODE: Select Code from the SYSCFG compensation cell code register (SYSCF
 831:Drivers/STM32H7xx_HAL_Driver/Src/stm32h7xx_hal.c ****   * @retval None
 832:Drivers/STM32H7xx_HAL_Driver/Src/stm32h7xx_hal.c ****   */
 833:Drivers/STM32H7xx_HAL_Driver/Src/stm32h7xx_hal.c **** void HAL_SYSCFG_CompensationCodeSelect(uint32_t SYSCFG_CompCode)
 834:Drivers/STM32H7xx_HAL_Driver/Src/stm32h7xx_hal.c **** {
 1345              		.loc 1 834 1 is_stmt 1 view -0
 1346              		.cfi_startproc
 1347              		@ args = 0, pretend = 0, frame = 0
 1348              		@ frame_needed = 0, uses_anonymous_args = 0
 1349              		@ link register save eliminated.
 835:Drivers/STM32H7xx_HAL_Driver/Src/stm32h7xx_hal.c ****   /* Check the parameter */
 836:Drivers/STM32H7xx_HAL_Driver/Src/stm32h7xx_hal.c ****   assert_param(IS_SYSCFG_CODE_SELECT(SYSCFG_CompCode));
 1350              		.loc 1 836 3 view .LVU277
 837:Drivers/STM32H7xx_HAL_Driver/Src/stm32h7xx_hal.c ****   MODIFY_REG(SYSCFG->CCCSR, SYSCFG_CCCSR_CS, (uint32_t)(SYSCFG_CompCode));
 1351              		.loc 1 837 3 view .LVU278
 1352 0000 034A     		ldr	r2, .L131
 1353 0002 136A     		ldr	r3, [r2, #32]
 1354 0004 23F00203 		bic	r3, r3, #2
 1355 0008 0343     		orrs	r3, r3, r0
 1356 000a 1362     		str	r3, [r2, #32]
 838:Drivers/STM32H7xx_HAL_Driver/Src/stm32h7xx_hal.c **** }
 1357              		.loc 1 838 1 is_stmt 0 view .LVU279
 1358 000c 7047     		bx	lr
 1359              	.L132:
 1360 000e 00BF     		.align	2
 1361              	.L131:
 1362 0010 00040058 		.word	1476396032
 1363              		.cfi_endproc
 1364              	.LFE177:
 1366              		.section	.text.HAL_SYSCFG_CompensationCodeConfig,"ax",%progbits
 1367              		.align	1
 1368              		.p2align 2,,3
 1369              		.global	HAL_SYSCFG_CompensationCodeConfig
 1370              		.syntax unified
 1371              		.thumb
 1372              		.thumb_func
 1374              	HAL_SYSCFG_CompensationCodeConfig:
 1375              	.LVL44:
 1376              	.LFB178:
 839:Drivers/STM32H7xx_HAL_Driver/Src/stm32h7xx_hal.c **** 
 840:Drivers/STM32H7xx_HAL_Driver/Src/stm32h7xx_hal.c **** /**
 841:Drivers/STM32H7xx_HAL_Driver/Src/stm32h7xx_hal.c ****   * @brief  Code selection for the I/O Compensation cell
 842:Drivers/STM32H7xx_HAL_Driver/Src/stm32h7xx_hal.c ****   * @param  SYSCFG_PMOSCode: PMOS compensation code
 843:Drivers/STM32H7xx_HAL_Driver/Src/stm32h7xx_hal.c ****   *         This code is applied to the I/O compensation cell when the CS bit of the
 844:Drivers/STM32H7xx_HAL_Driver/Src/stm32h7xx_hal.c ****   *          SYSCFG_CMPCR is set
 845:Drivers/STM32H7xx_HAL_Driver/Src/stm32h7xx_hal.c ****   * @param  SYSCFG_NMOSCode: NMOS compensation code
 846:Drivers/STM32H7xx_HAL_Driver/Src/stm32h7xx_hal.c ****   *         This code is applied to the I/O compensation cell when the CS bit of the
 847:Drivers/STM32H7xx_HAL_Driver/Src/stm32h7xx_hal.c ****   *          SYSCFG_CMPCR is set
 848:Drivers/STM32H7xx_HAL_Driver/Src/stm32h7xx_hal.c ****   * @retval None
 849:Drivers/STM32H7xx_HAL_Driver/Src/stm32h7xx_hal.c ****   */
 850:Drivers/STM32H7xx_HAL_Driver/Src/stm32h7xx_hal.c **** void HAL_SYSCFG_CompensationCodeConfig(uint32_t SYSCFG_PMOSCode, uint32_t SYSCFG_NMOSCode )
 851:Drivers/STM32H7xx_HAL_Driver/Src/stm32h7xx_hal.c **** {
 1377              		.loc 1 851 1 is_stmt 1 view -0
 1378              		.cfi_startproc
 1379              		@ args = 0, pretend = 0, frame = 0
ARM GAS  C:\Users\l1234\AppData\Local\Temp\ccwXN0d2.s 			page 41


 1380              		@ frame_needed = 0, uses_anonymous_args = 0
 1381              		@ link register save eliminated.
 852:Drivers/STM32H7xx_HAL_Driver/Src/stm32h7xx_hal.c ****   /* Check the parameter */
 853:Drivers/STM32H7xx_HAL_Driver/Src/stm32h7xx_hal.c ****   assert_param(IS_SYSCFG_CODE_CONFIG(SYSCFG_PMOSCode));
 1382              		.loc 1 853 3 view .LVU281
 854:Drivers/STM32H7xx_HAL_Driver/Src/stm32h7xx_hal.c ****   assert_param(IS_SYSCFG_CODE_CONFIG(SYSCFG_NMOSCode));
 1383              		.loc 1 854 3 view .LVU282
 855:Drivers/STM32H7xx_HAL_Driver/Src/stm32h7xx_hal.c ****   MODIFY_REG(SYSCFG->CCCR, SYSCFG_CCCR_NCC|SYSCFG_CCCR_PCC, (((uint32_t)(SYSCFG_PMOSCode)<< 4)|(uin
 1384              		.loc 1 855 3 view .LVU283
 1385 0000 044A     		ldr	r2, .L134
 1386 0002 936A     		ldr	r3, [r2, #40]
 1387 0004 23F0FF03 		bic	r3, r3, #255
 1388 0008 0B43     		orrs	r3, r3, r1
 1389 000a 43EA0013 		orr	r3, r3, r0, lsl #4
 1390 000e 9362     		str	r3, [r2, #40]
 856:Drivers/STM32H7xx_HAL_Driver/Src/stm32h7xx_hal.c **** }
 1391              		.loc 1 856 1 is_stmt 0 view .LVU284
 1392 0010 7047     		bx	lr
 1393              	.L135:
 1394 0012 00BF     		.align	2
 1395              	.L134:
 1396 0014 00040058 		.word	1476396032
 1397              		.cfi_endproc
 1398              	.LFE178:
 1400              		.section	.text.HAL_SYSCFG_ADC2ALT_Rout0Config,"ax",%progbits
 1401              		.align	1
 1402              		.p2align 2,,3
 1403              		.global	HAL_SYSCFG_ADC2ALT_Rout0Config
 1404              		.syntax unified
 1405              		.thumb
 1406              		.thumb_func
 1408              	HAL_SYSCFG_ADC2ALT_Rout0Config:
 1409              	.LVL45:
 1410              	.LFB179:
 857:Drivers/STM32H7xx_HAL_Driver/Src/stm32h7xx_hal.c **** 
 858:Drivers/STM32H7xx_HAL_Driver/Src/stm32h7xx_hal.c **** #if defined(SYSCFG_CCCR_NCC_MMC)
 859:Drivers/STM32H7xx_HAL_Driver/Src/stm32h7xx_hal.c **** /**
 860:Drivers/STM32H7xx_HAL_Driver/Src/stm32h7xx_hal.c ****   * @brief  Code selection for the I/O Compensation cell
 861:Drivers/STM32H7xx_HAL_Driver/Src/stm32h7xx_hal.c ****   * @param  SYSCFG_PMOSCode: VDDMMC PMOS compensation code
 862:Drivers/STM32H7xx_HAL_Driver/Src/stm32h7xx_hal.c ****   *         This code is applied to the I/O compensation cell when the CS bit of the
 863:Drivers/STM32H7xx_HAL_Driver/Src/stm32h7xx_hal.c ****   *          SYSCFG_CMPCR is set
 864:Drivers/STM32H7xx_HAL_Driver/Src/stm32h7xx_hal.c ****   * @param  SYSCFG_NMOSCode: VDDMMC NMOS compensation code
 865:Drivers/STM32H7xx_HAL_Driver/Src/stm32h7xx_hal.c ****   *         This code is applied to the I/O compensation cell when the CS bit of the
 866:Drivers/STM32H7xx_HAL_Driver/Src/stm32h7xx_hal.c ****   *          SYSCFG_CMPCR is set
 867:Drivers/STM32H7xx_HAL_Driver/Src/stm32h7xx_hal.c ****   * @retval None
 868:Drivers/STM32H7xx_HAL_Driver/Src/stm32h7xx_hal.c ****   */
 869:Drivers/STM32H7xx_HAL_Driver/Src/stm32h7xx_hal.c **** void HAL_SYSCFG_VDDMMC_CompensationCodeConfig(uint32_t SYSCFG_PMOSCode, uint32_t SYSCFG_NMOSCode )
 870:Drivers/STM32H7xx_HAL_Driver/Src/stm32h7xx_hal.c **** {
 871:Drivers/STM32H7xx_HAL_Driver/Src/stm32h7xx_hal.c ****   /* Check the parameter */
 872:Drivers/STM32H7xx_HAL_Driver/Src/stm32h7xx_hal.c ****   assert_param(IS_SYSCFG_CODE_CONFIG(SYSCFG_PMOSCode));
 873:Drivers/STM32H7xx_HAL_Driver/Src/stm32h7xx_hal.c ****   assert_param(IS_SYSCFG_CODE_CONFIG(SYSCFG_NMOSCode));
 874:Drivers/STM32H7xx_HAL_Driver/Src/stm32h7xx_hal.c ****   MODIFY_REG(SYSCFG->CCCR, (SYSCFG_CCCR_NCC_MMC | SYSCFG_CCCR_PCC_MMC), (((uint32_t)(SYSCFG_PMOSCod
 875:Drivers/STM32H7xx_HAL_Driver/Src/stm32h7xx_hal.c **** }
 876:Drivers/STM32H7xx_HAL_Driver/Src/stm32h7xx_hal.c **** #endif /* SYSCFG_CCCR_NCC_MMC */
 877:Drivers/STM32H7xx_HAL_Driver/Src/stm32h7xx_hal.c **** 
 878:Drivers/STM32H7xx_HAL_Driver/Src/stm32h7xx_hal.c **** #if defined(SYSCFG_ADC2ALT_ADC2_ROUT0)
 879:Drivers/STM32H7xx_HAL_Driver/Src/stm32h7xx_hal.c **** /** @brief  SYSCFG ADC2 internal input alternate connection macros
ARM GAS  C:\Users\l1234\AppData\Local\Temp\ccwXN0d2.s 			page 42


 880:Drivers/STM32H7xx_HAL_Driver/Src/stm32h7xx_hal.c ****   * @param Adc2AltRout0 This parameter can be a value of :
 881:Drivers/STM32H7xx_HAL_Driver/Src/stm32h7xx_hal.c ****   *     @arg @ref SYSCFG_ADC2_ROUT0_DAC1_1   DAC1_out1 connected to ADC2 VINP[16]
 882:Drivers/STM32H7xx_HAL_Driver/Src/stm32h7xx_hal.c ****   *     @arg @ref SYSCFG_ADC2_ROUT0_VBAT4    VBAT/4 connected to ADC2 VINP[16]
 883:Drivers/STM32H7xx_HAL_Driver/Src/stm32h7xx_hal.c ****   */
 884:Drivers/STM32H7xx_HAL_Driver/Src/stm32h7xx_hal.c **** void HAL_SYSCFG_ADC2ALT_Rout0Config(uint32_t Adc2AltRout0)
 885:Drivers/STM32H7xx_HAL_Driver/Src/stm32h7xx_hal.c **** {
 1411              		.loc 1 885 1 is_stmt 1 view -0
 1412              		.cfi_startproc
 1413              		@ args = 0, pretend = 0, frame = 0
 1414              		@ frame_needed = 0, uses_anonymous_args = 0
 1415              		@ link register save eliminated.
 886:Drivers/STM32H7xx_HAL_Driver/Src/stm32h7xx_hal.c ****   /* Check the parameters */
 887:Drivers/STM32H7xx_HAL_Driver/Src/stm32h7xx_hal.c ****   assert_param(IS_SYSCFG_ADC2ALT_ROUT0(Adc2AltRout0));
 1416              		.loc 1 887 3 view .LVU286
 888:Drivers/STM32H7xx_HAL_Driver/Src/stm32h7xx_hal.c **** 
 889:Drivers/STM32H7xx_HAL_Driver/Src/stm32h7xx_hal.c ****   MODIFY_REG(SYSCFG->ADC2ALT, SYSCFG_ADC2ALT_ADC2_ROUT0, Adc2AltRout0);
 1417              		.loc 1 889 3 view .LVU287
 1418 0000 034A     		ldr	r2, .L137
 1419 0002 136B     		ldr	r3, [r2, #48]
 1420 0004 23F00103 		bic	r3, r3, #1
 1421 0008 0343     		orrs	r3, r3, r0
 1422 000a 1363     		str	r3, [r2, #48]
 890:Drivers/STM32H7xx_HAL_Driver/Src/stm32h7xx_hal.c **** }
 1423              		.loc 1 890 1 is_stmt 0 view .LVU288
 1424 000c 7047     		bx	lr
 1425              	.L138:
 1426 000e 00BF     		.align	2
 1427              	.L137:
 1428 0010 00040058 		.word	1476396032
 1429              		.cfi_endproc
 1430              	.LFE179:
 1432              		.section	.text.HAL_SYSCFG_ADC2ALT_Rout1Config,"ax",%progbits
 1433              		.align	1
 1434              		.p2align 2,,3
 1435              		.global	HAL_SYSCFG_ADC2ALT_Rout1Config
 1436              		.syntax unified
 1437              		.thumb
 1438              		.thumb_func
 1440              	HAL_SYSCFG_ADC2ALT_Rout1Config:
 1441              	.LVL46:
 1442              	.LFB180:
 891:Drivers/STM32H7xx_HAL_Driver/Src/stm32h7xx_hal.c **** #endif /*SYSCFG_ADC2ALT_ADC2_ROUT0*/
 892:Drivers/STM32H7xx_HAL_Driver/Src/stm32h7xx_hal.c **** 
 893:Drivers/STM32H7xx_HAL_Driver/Src/stm32h7xx_hal.c **** #if defined(SYSCFG_ADC2ALT_ADC2_ROUT1)
 894:Drivers/STM32H7xx_HAL_Driver/Src/stm32h7xx_hal.c **** /** @brief  SYSCFG ADC2 internal input alternate connection macros
 895:Drivers/STM32H7xx_HAL_Driver/Src/stm32h7xx_hal.c ****   * @param Adc2AltRout1  This parameter can be a value of :
 896:Drivers/STM32H7xx_HAL_Driver/Src/stm32h7xx_hal.c ****   *     @arg @ref SYSCFG_ADC2_ROUT1_DAC1_2   DAC1_out2 connected to ADC2 VINP[17]
 897:Drivers/STM32H7xx_HAL_Driver/Src/stm32h7xx_hal.c ****   *     @arg @ref SYSCFG_ADC2_ROUT1_VREFINT  VREFINT connected to ADC2 VINP[17]
 898:Drivers/STM32H7xx_HAL_Driver/Src/stm32h7xx_hal.c ****   */
 899:Drivers/STM32H7xx_HAL_Driver/Src/stm32h7xx_hal.c **** void HAL_SYSCFG_ADC2ALT_Rout1Config(uint32_t Adc2AltRout1)
 900:Drivers/STM32H7xx_HAL_Driver/Src/stm32h7xx_hal.c **** {
 1443              		.loc 1 900 1 is_stmt 1 view -0
 1444              		.cfi_startproc
 1445              		@ args = 0, pretend = 0, frame = 0
 1446              		@ frame_needed = 0, uses_anonymous_args = 0
 1447              		@ link register save eliminated.
 901:Drivers/STM32H7xx_HAL_Driver/Src/stm32h7xx_hal.c ****   /* Check the parameters */
ARM GAS  C:\Users\l1234\AppData\Local\Temp\ccwXN0d2.s 			page 43


 902:Drivers/STM32H7xx_HAL_Driver/Src/stm32h7xx_hal.c ****   assert_param(IS_SYSCFG_ADC2ALT_ROUT1(Adc2AltRout1));
 1448              		.loc 1 902 3 view .LVU290
 903:Drivers/STM32H7xx_HAL_Driver/Src/stm32h7xx_hal.c **** 
 904:Drivers/STM32H7xx_HAL_Driver/Src/stm32h7xx_hal.c ****   MODIFY_REG(SYSCFG->ADC2ALT, SYSCFG_ADC2ALT_ADC2_ROUT1, Adc2AltRout1);
 1449              		.loc 1 904 3 view .LVU291
 1450 0000 034A     		ldr	r2, .L140
 1451 0002 136B     		ldr	r3, [r2, #48]
 1452 0004 23F00203 		bic	r3, r3, #2
 1453 0008 0343     		orrs	r3, r3, r0
 1454 000a 1363     		str	r3, [r2, #48]
 905:Drivers/STM32H7xx_HAL_Driver/Src/stm32h7xx_hal.c **** }
 1455              		.loc 1 905 1 is_stmt 0 view .LVU292
 1456 000c 7047     		bx	lr
 1457              	.L141:
 1458 000e 00BF     		.align	2
 1459              	.L140:
 1460 0010 00040058 		.word	1476396032
 1461              		.cfi_endproc
 1462              	.LFE180:
 1464              		.section	.text.HAL_DBGMCU_EnableDBGSleepMode,"ax",%progbits
 1465              		.align	1
 1466              		.p2align 2,,3
 1467              		.global	HAL_DBGMCU_EnableDBGSleepMode
 1468              		.syntax unified
 1469              		.thumb
 1470              		.thumb_func
 1472              	HAL_DBGMCU_EnableDBGSleepMode:
 1473              	.LFB181:
 906:Drivers/STM32H7xx_HAL_Driver/Src/stm32h7xx_hal.c **** #endif /*SYSCFG_ADC2ALT_ADC2_ROUT1*/
 907:Drivers/STM32H7xx_HAL_Driver/Src/stm32h7xx_hal.c **** 
 908:Drivers/STM32H7xx_HAL_Driver/Src/stm32h7xx_hal.c **** /**
 909:Drivers/STM32H7xx_HAL_Driver/Src/stm32h7xx_hal.c ****   * @brief  Enable the Debug Module during Domain1/CDomain SLEEP mode
 910:Drivers/STM32H7xx_HAL_Driver/Src/stm32h7xx_hal.c ****   * @retval None
 911:Drivers/STM32H7xx_HAL_Driver/Src/stm32h7xx_hal.c ****   */
 912:Drivers/STM32H7xx_HAL_Driver/Src/stm32h7xx_hal.c **** void HAL_DBGMCU_EnableDBGSleepMode(void)
 913:Drivers/STM32H7xx_HAL_Driver/Src/stm32h7xx_hal.c **** {
 1474              		.loc 1 913 1 is_stmt 1 view -0
 1475              		.cfi_startproc
 1476              		@ args = 0, pretend = 0, frame = 0
 1477              		@ frame_needed = 0, uses_anonymous_args = 0
 1478              		@ link register save eliminated.
 914:Drivers/STM32H7xx_HAL_Driver/Src/stm32h7xx_hal.c ****   SET_BIT(DBGMCU->CR, DBGMCU_CR_DBG_SLEEPD1);
 1479              		.loc 1 914 3 view .LVU294
 1480 0000 024A     		ldr	r2, .L143
 1481 0002 5368     		ldr	r3, [r2, #4]
 1482 0004 43F00103 		orr	r3, r3, #1
 1483 0008 5360     		str	r3, [r2, #4]
 915:Drivers/STM32H7xx_HAL_Driver/Src/stm32h7xx_hal.c **** }
 1484              		.loc 1 915 1 is_stmt 0 view .LVU295
 1485 000a 7047     		bx	lr
 1486              	.L144:
 1487              		.align	2
 1488              	.L143:
 1489 000c 0010005C 		.word	1543507968
 1490              		.cfi_endproc
 1491              	.LFE181:
 1493              		.section	.text.HAL_DBGMCU_DisableDBGSleepMode,"ax",%progbits
ARM GAS  C:\Users\l1234\AppData\Local\Temp\ccwXN0d2.s 			page 44


 1494              		.align	1
 1495              		.p2align 2,,3
 1496              		.global	HAL_DBGMCU_DisableDBGSleepMode
 1497              		.syntax unified
 1498              		.thumb
 1499              		.thumb_func
 1501              	HAL_DBGMCU_DisableDBGSleepMode:
 1502              	.LFB182:
 916:Drivers/STM32H7xx_HAL_Driver/Src/stm32h7xx_hal.c **** 
 917:Drivers/STM32H7xx_HAL_Driver/Src/stm32h7xx_hal.c **** /**
 918:Drivers/STM32H7xx_HAL_Driver/Src/stm32h7xx_hal.c ****   * @brief  Disable the Debug Module during Domain1/CDomain SLEEP mode
 919:Drivers/STM32H7xx_HAL_Driver/Src/stm32h7xx_hal.c ****   * @retval None
 920:Drivers/STM32H7xx_HAL_Driver/Src/stm32h7xx_hal.c ****   */
 921:Drivers/STM32H7xx_HAL_Driver/Src/stm32h7xx_hal.c **** void HAL_DBGMCU_DisableDBGSleepMode(void)
 922:Drivers/STM32H7xx_HAL_Driver/Src/stm32h7xx_hal.c **** {
 1503              		.loc 1 922 1 is_stmt 1 view -0
 1504              		.cfi_startproc
 1505              		@ args = 0, pretend = 0, frame = 0
 1506              		@ frame_needed = 0, uses_anonymous_args = 0
 1507              		@ link register save eliminated.
 923:Drivers/STM32H7xx_HAL_Driver/Src/stm32h7xx_hal.c ****   CLEAR_BIT(DBGMCU->CR, DBGMCU_CR_DBG_SLEEPD1);
 1508              		.loc 1 923 3 view .LVU297
 1509 0000 024A     		ldr	r2, .L146
 1510 0002 5368     		ldr	r3, [r2, #4]
 1511 0004 23F00103 		bic	r3, r3, #1
 1512 0008 5360     		str	r3, [r2, #4]
 924:Drivers/STM32H7xx_HAL_Driver/Src/stm32h7xx_hal.c **** }
 1513              		.loc 1 924 1 is_stmt 0 view .LVU298
 1514 000a 7047     		bx	lr
 1515              	.L147:
 1516              		.align	2
 1517              	.L146:
 1518 000c 0010005C 		.word	1543507968
 1519              		.cfi_endproc
 1520              	.LFE182:
 1522              		.section	.text.HAL_DBGMCU_EnableDBGStopMode,"ax",%progbits
 1523              		.align	1
 1524              		.p2align 2,,3
 1525              		.global	HAL_DBGMCU_EnableDBGStopMode
 1526              		.syntax unified
 1527              		.thumb
 1528              		.thumb_func
 1530              	HAL_DBGMCU_EnableDBGStopMode:
 1531              	.LFB183:
 925:Drivers/STM32H7xx_HAL_Driver/Src/stm32h7xx_hal.c **** 
 926:Drivers/STM32H7xx_HAL_Driver/Src/stm32h7xx_hal.c **** 
 927:Drivers/STM32H7xx_HAL_Driver/Src/stm32h7xx_hal.c **** /**
 928:Drivers/STM32H7xx_HAL_Driver/Src/stm32h7xx_hal.c ****   * @brief  Enable the Debug Module during Domain1/CDomain STOP mode
 929:Drivers/STM32H7xx_HAL_Driver/Src/stm32h7xx_hal.c ****   * @retval None
 930:Drivers/STM32H7xx_HAL_Driver/Src/stm32h7xx_hal.c ****   */
 931:Drivers/STM32H7xx_HAL_Driver/Src/stm32h7xx_hal.c **** void HAL_DBGMCU_EnableDBGStopMode(void)
 932:Drivers/STM32H7xx_HAL_Driver/Src/stm32h7xx_hal.c **** {
 1532              		.loc 1 932 1 is_stmt 1 view -0
 1533              		.cfi_startproc
 1534              		@ args = 0, pretend = 0, frame = 0
 1535              		@ frame_needed = 0, uses_anonymous_args = 0
 1536              		@ link register save eliminated.
ARM GAS  C:\Users\l1234\AppData\Local\Temp\ccwXN0d2.s 			page 45


 933:Drivers/STM32H7xx_HAL_Driver/Src/stm32h7xx_hal.c ****   SET_BIT(DBGMCU->CR, DBGMCU_CR_DBG_STOPD1);
 1537              		.loc 1 933 3 view .LVU300
 1538 0000 024A     		ldr	r2, .L149
 1539 0002 5368     		ldr	r3, [r2, #4]
 1540 0004 43F00203 		orr	r3, r3, #2
 1541 0008 5360     		str	r3, [r2, #4]
 934:Drivers/STM32H7xx_HAL_Driver/Src/stm32h7xx_hal.c **** }
 1542              		.loc 1 934 1 is_stmt 0 view .LVU301
 1543 000a 7047     		bx	lr
 1544              	.L150:
 1545              		.align	2
 1546              	.L149:
 1547 000c 0010005C 		.word	1543507968
 1548              		.cfi_endproc
 1549              	.LFE183:
 1551              		.section	.text.HAL_DBGMCU_DisableDBGStopMode,"ax",%progbits
 1552              		.align	1
 1553              		.p2align 2,,3
 1554              		.global	HAL_DBGMCU_DisableDBGStopMode
 1555              		.syntax unified
 1556              		.thumb
 1557              		.thumb_func
 1559              	HAL_DBGMCU_DisableDBGStopMode:
 1560              	.LFB184:
 935:Drivers/STM32H7xx_HAL_Driver/Src/stm32h7xx_hal.c **** 
 936:Drivers/STM32H7xx_HAL_Driver/Src/stm32h7xx_hal.c **** /**
 937:Drivers/STM32H7xx_HAL_Driver/Src/stm32h7xx_hal.c ****   * @brief  Disable the Debug Module during Domain1/CDomain STOP mode
 938:Drivers/STM32H7xx_HAL_Driver/Src/stm32h7xx_hal.c ****   * @retval None
 939:Drivers/STM32H7xx_HAL_Driver/Src/stm32h7xx_hal.c ****   */
 940:Drivers/STM32H7xx_HAL_Driver/Src/stm32h7xx_hal.c **** void HAL_DBGMCU_DisableDBGStopMode(void)
 941:Drivers/STM32H7xx_HAL_Driver/Src/stm32h7xx_hal.c **** {
 1561              		.loc 1 941 1 is_stmt 1 view -0
 1562              		.cfi_startproc
 1563              		@ args = 0, pretend = 0, frame = 0
 1564              		@ frame_needed = 0, uses_anonymous_args = 0
 1565              		@ link register save eliminated.
 942:Drivers/STM32H7xx_HAL_Driver/Src/stm32h7xx_hal.c ****   CLEAR_BIT(DBGMCU->CR, DBGMCU_CR_DBG_STOPD1);
 1566              		.loc 1 942 3 view .LVU303
 1567 0000 024A     		ldr	r2, .L152
 1568 0002 5368     		ldr	r3, [r2, #4]
 1569 0004 23F00203 		bic	r3, r3, #2
 1570 0008 5360     		str	r3, [r2, #4]
 943:Drivers/STM32H7xx_HAL_Driver/Src/stm32h7xx_hal.c **** }
 1571              		.loc 1 943 1 is_stmt 0 view .LVU304
 1572 000a 7047     		bx	lr
 1573              	.L153:
 1574              		.align	2
 1575              	.L152:
 1576 000c 0010005C 		.word	1543507968
 1577              		.cfi_endproc
 1578              	.LFE184:
 1580              		.section	.text.HAL_DBGMCU_EnableDBGStandbyMode,"ax",%progbits
 1581              		.align	1
 1582              		.p2align 2,,3
 1583              		.global	HAL_DBGMCU_EnableDBGStandbyMode
 1584              		.syntax unified
 1585              		.thumb
ARM GAS  C:\Users\l1234\AppData\Local\Temp\ccwXN0d2.s 			page 46


 1586              		.thumb_func
 1588              	HAL_DBGMCU_EnableDBGStandbyMode:
 1589              	.LFB185:
 944:Drivers/STM32H7xx_HAL_Driver/Src/stm32h7xx_hal.c **** 
 945:Drivers/STM32H7xx_HAL_Driver/Src/stm32h7xx_hal.c **** /**
 946:Drivers/STM32H7xx_HAL_Driver/Src/stm32h7xx_hal.c ****   * @brief  Enable the Debug Module during Domain1/CDomain STANDBY mode
 947:Drivers/STM32H7xx_HAL_Driver/Src/stm32h7xx_hal.c ****   * @retval None
 948:Drivers/STM32H7xx_HAL_Driver/Src/stm32h7xx_hal.c ****   */
 949:Drivers/STM32H7xx_HAL_Driver/Src/stm32h7xx_hal.c **** void HAL_DBGMCU_EnableDBGStandbyMode(void)
 950:Drivers/STM32H7xx_HAL_Driver/Src/stm32h7xx_hal.c **** {
 1590              		.loc 1 950 1 is_stmt 1 view -0
 1591              		.cfi_startproc
 1592              		@ args = 0, pretend = 0, frame = 0
 1593              		@ frame_needed = 0, uses_anonymous_args = 0
 1594              		@ link register save eliminated.
 951:Drivers/STM32H7xx_HAL_Driver/Src/stm32h7xx_hal.c ****   SET_BIT(DBGMCU->CR, DBGMCU_CR_DBG_STANDBYD1);
 1595              		.loc 1 951 3 view .LVU306
 1596 0000 024A     		ldr	r2, .L155
 1597 0002 5368     		ldr	r3, [r2, #4]
 1598 0004 43F00403 		orr	r3, r3, #4
 1599 0008 5360     		str	r3, [r2, #4]
 952:Drivers/STM32H7xx_HAL_Driver/Src/stm32h7xx_hal.c **** }
 1600              		.loc 1 952 1 is_stmt 0 view .LVU307
 1601 000a 7047     		bx	lr
 1602              	.L156:
 1603              		.align	2
 1604              	.L155:
 1605 000c 0010005C 		.word	1543507968
 1606              		.cfi_endproc
 1607              	.LFE185:
 1609              		.section	.text.HAL_DBGMCU_DisableDBGStandbyMode,"ax",%progbits
 1610              		.align	1
 1611              		.p2align 2,,3
 1612              		.global	HAL_DBGMCU_DisableDBGStandbyMode
 1613              		.syntax unified
 1614              		.thumb
 1615              		.thumb_func
 1617              	HAL_DBGMCU_DisableDBGStandbyMode:
 1618              	.LFB186:
 953:Drivers/STM32H7xx_HAL_Driver/Src/stm32h7xx_hal.c **** 
 954:Drivers/STM32H7xx_HAL_Driver/Src/stm32h7xx_hal.c **** /**
 955:Drivers/STM32H7xx_HAL_Driver/Src/stm32h7xx_hal.c ****   * @brief  Disable the Debug Module during Domain1/CDomain STANDBY mode
 956:Drivers/STM32H7xx_HAL_Driver/Src/stm32h7xx_hal.c ****   * @retval None
 957:Drivers/STM32H7xx_HAL_Driver/Src/stm32h7xx_hal.c ****   */
 958:Drivers/STM32H7xx_HAL_Driver/Src/stm32h7xx_hal.c **** void HAL_DBGMCU_DisableDBGStandbyMode(void)
 959:Drivers/STM32H7xx_HAL_Driver/Src/stm32h7xx_hal.c **** {
 1619              		.loc 1 959 1 is_stmt 1 view -0
 1620              		.cfi_startproc
 1621              		@ args = 0, pretend = 0, frame = 0
 1622              		@ frame_needed = 0, uses_anonymous_args = 0
 1623              		@ link register save eliminated.
 960:Drivers/STM32H7xx_HAL_Driver/Src/stm32h7xx_hal.c ****   CLEAR_BIT(DBGMCU->CR, DBGMCU_CR_DBG_STANDBYD1);
 1624              		.loc 1 960 3 view .LVU309
 1625 0000 024A     		ldr	r2, .L158
 1626 0002 5368     		ldr	r3, [r2, #4]
 1627 0004 23F00403 		bic	r3, r3, #4
 1628 0008 5360     		str	r3, [r2, #4]
ARM GAS  C:\Users\l1234\AppData\Local\Temp\ccwXN0d2.s 			page 47


 961:Drivers/STM32H7xx_HAL_Driver/Src/stm32h7xx_hal.c **** }
 1629              		.loc 1 961 1 is_stmt 0 view .LVU310
 1630 000a 7047     		bx	lr
 1631              	.L159:
 1632              		.align	2
 1633              	.L158:
 1634 000c 0010005C 		.word	1543507968
 1635              		.cfi_endproc
 1636              	.LFE186:
 1638              		.section	.text.HAL_EnableDomain3DBGStopMode,"ax",%progbits
 1639              		.align	1
 1640              		.p2align 2,,3
 1641              		.global	HAL_EnableDomain3DBGStopMode
 1642              		.syntax unified
 1643              		.thumb
 1644              		.thumb_func
 1646              	HAL_EnableDomain3DBGStopMode:
 1647              	.LFB187:
 962:Drivers/STM32H7xx_HAL_Driver/Src/stm32h7xx_hal.c **** 
 963:Drivers/STM32H7xx_HAL_Driver/Src/stm32h7xx_hal.c **** #if defined(DUAL_CORE)
 964:Drivers/STM32H7xx_HAL_Driver/Src/stm32h7xx_hal.c **** /**
 965:Drivers/STM32H7xx_HAL_Driver/Src/stm32h7xx_hal.c ****   * @brief  Enable the Debug Module during Domain1 SLEEP mode
 966:Drivers/STM32H7xx_HAL_Driver/Src/stm32h7xx_hal.c ****   * @retval None
 967:Drivers/STM32H7xx_HAL_Driver/Src/stm32h7xx_hal.c ****   */
 968:Drivers/STM32H7xx_HAL_Driver/Src/stm32h7xx_hal.c **** void HAL_EnableDomain2DBGSleepMode(void)
 969:Drivers/STM32H7xx_HAL_Driver/Src/stm32h7xx_hal.c **** {
 970:Drivers/STM32H7xx_HAL_Driver/Src/stm32h7xx_hal.c ****   SET_BIT(DBGMCU->CR, DBGMCU_CR_DBG_SLEEPD2);
 971:Drivers/STM32H7xx_HAL_Driver/Src/stm32h7xx_hal.c **** }
 972:Drivers/STM32H7xx_HAL_Driver/Src/stm32h7xx_hal.c **** 
 973:Drivers/STM32H7xx_HAL_Driver/Src/stm32h7xx_hal.c **** /**
 974:Drivers/STM32H7xx_HAL_Driver/Src/stm32h7xx_hal.c ****   * @brief  Disable the Debug Module during Domain2 SLEEP mode
 975:Drivers/STM32H7xx_HAL_Driver/Src/stm32h7xx_hal.c ****   * @retval None
 976:Drivers/STM32H7xx_HAL_Driver/Src/stm32h7xx_hal.c ****   */
 977:Drivers/STM32H7xx_HAL_Driver/Src/stm32h7xx_hal.c **** void HAL_DisableDomain2DBGSleepMode(void)
 978:Drivers/STM32H7xx_HAL_Driver/Src/stm32h7xx_hal.c **** {
 979:Drivers/STM32H7xx_HAL_Driver/Src/stm32h7xx_hal.c ****   CLEAR_BIT(DBGMCU->CR, DBGMCU_CR_DBG_SLEEPD2);
 980:Drivers/STM32H7xx_HAL_Driver/Src/stm32h7xx_hal.c **** }
 981:Drivers/STM32H7xx_HAL_Driver/Src/stm32h7xx_hal.c **** 
 982:Drivers/STM32H7xx_HAL_Driver/Src/stm32h7xx_hal.c **** /**
 983:Drivers/STM32H7xx_HAL_Driver/Src/stm32h7xx_hal.c ****   * @brief  Enable the Debug Module during Domain2 STOP mode
 984:Drivers/STM32H7xx_HAL_Driver/Src/stm32h7xx_hal.c ****   * @retval None
 985:Drivers/STM32H7xx_HAL_Driver/Src/stm32h7xx_hal.c ****   */
 986:Drivers/STM32H7xx_HAL_Driver/Src/stm32h7xx_hal.c **** void HAL_EnableDomain2DBGStopMode(void)
 987:Drivers/STM32H7xx_HAL_Driver/Src/stm32h7xx_hal.c **** {
 988:Drivers/STM32H7xx_HAL_Driver/Src/stm32h7xx_hal.c ****   SET_BIT(DBGMCU->CR, DBGMCU_CR_DBG_STOPD2);
 989:Drivers/STM32H7xx_HAL_Driver/Src/stm32h7xx_hal.c **** }
 990:Drivers/STM32H7xx_HAL_Driver/Src/stm32h7xx_hal.c **** 
 991:Drivers/STM32H7xx_HAL_Driver/Src/stm32h7xx_hal.c **** /**
 992:Drivers/STM32H7xx_HAL_Driver/Src/stm32h7xx_hal.c ****   * @brief  Disable the Debug Module during Domain2 STOP mode
 993:Drivers/STM32H7xx_HAL_Driver/Src/stm32h7xx_hal.c ****   * @retval None
 994:Drivers/STM32H7xx_HAL_Driver/Src/stm32h7xx_hal.c ****   */
 995:Drivers/STM32H7xx_HAL_Driver/Src/stm32h7xx_hal.c **** void HAL_DisableDomain2DBGStopMode(void)
 996:Drivers/STM32H7xx_HAL_Driver/Src/stm32h7xx_hal.c **** {
 997:Drivers/STM32H7xx_HAL_Driver/Src/stm32h7xx_hal.c ****   CLEAR_BIT(DBGMCU->CR, DBGMCU_CR_DBG_STOPD2);
 998:Drivers/STM32H7xx_HAL_Driver/Src/stm32h7xx_hal.c **** }
 999:Drivers/STM32H7xx_HAL_Driver/Src/stm32h7xx_hal.c **** 
1000:Drivers/STM32H7xx_HAL_Driver/Src/stm32h7xx_hal.c **** /**
ARM GAS  C:\Users\l1234\AppData\Local\Temp\ccwXN0d2.s 			page 48


1001:Drivers/STM32H7xx_HAL_Driver/Src/stm32h7xx_hal.c ****   * @brief  Enable the Debug Module during Domain2 STANDBY mode
1002:Drivers/STM32H7xx_HAL_Driver/Src/stm32h7xx_hal.c ****   * @retval None
1003:Drivers/STM32H7xx_HAL_Driver/Src/stm32h7xx_hal.c ****   */
1004:Drivers/STM32H7xx_HAL_Driver/Src/stm32h7xx_hal.c **** void HAL_EnableDomain2DBGStandbyMode(void)
1005:Drivers/STM32H7xx_HAL_Driver/Src/stm32h7xx_hal.c **** {
1006:Drivers/STM32H7xx_HAL_Driver/Src/stm32h7xx_hal.c ****   SET_BIT(DBGMCU->CR, DBGMCU_CR_DBG_STANDBYD2);
1007:Drivers/STM32H7xx_HAL_Driver/Src/stm32h7xx_hal.c **** }
1008:Drivers/STM32H7xx_HAL_Driver/Src/stm32h7xx_hal.c **** 
1009:Drivers/STM32H7xx_HAL_Driver/Src/stm32h7xx_hal.c **** /**
1010:Drivers/STM32H7xx_HAL_Driver/Src/stm32h7xx_hal.c ****   * @brief  Disable the Debug Module during Domain2 STANDBY mode
1011:Drivers/STM32H7xx_HAL_Driver/Src/stm32h7xx_hal.c ****   * @retval None
1012:Drivers/STM32H7xx_HAL_Driver/Src/stm32h7xx_hal.c ****   */
1013:Drivers/STM32H7xx_HAL_Driver/Src/stm32h7xx_hal.c **** void HAL_DisableDomain2DBGStandbyMode(void)
1014:Drivers/STM32H7xx_HAL_Driver/Src/stm32h7xx_hal.c **** {
1015:Drivers/STM32H7xx_HAL_Driver/Src/stm32h7xx_hal.c ****   CLEAR_BIT(DBGMCU->CR, DBGMCU_CR_DBG_STANDBYD2);
1016:Drivers/STM32H7xx_HAL_Driver/Src/stm32h7xx_hal.c **** }
1017:Drivers/STM32H7xx_HAL_Driver/Src/stm32h7xx_hal.c **** #endif /*DUAL_CORE*/
1018:Drivers/STM32H7xx_HAL_Driver/Src/stm32h7xx_hal.c **** 
1019:Drivers/STM32H7xx_HAL_Driver/Src/stm32h7xx_hal.c **** #if defined(DBGMCU_CR_DBG_STOPD3)
1020:Drivers/STM32H7xx_HAL_Driver/Src/stm32h7xx_hal.c **** /**
1021:Drivers/STM32H7xx_HAL_Driver/Src/stm32h7xx_hal.c ****   * @brief  Enable the Debug Module during Domain3/SRDomain STOP mode
1022:Drivers/STM32H7xx_HAL_Driver/Src/stm32h7xx_hal.c ****   * @retval None
1023:Drivers/STM32H7xx_HAL_Driver/Src/stm32h7xx_hal.c ****   */
1024:Drivers/STM32H7xx_HAL_Driver/Src/stm32h7xx_hal.c **** void HAL_EnableDomain3DBGStopMode(void)
1025:Drivers/STM32H7xx_HAL_Driver/Src/stm32h7xx_hal.c **** {
 1648              		.loc 1 1025 1 is_stmt 1 view -0
 1649              		.cfi_startproc
 1650              		@ args = 0, pretend = 0, frame = 0
 1651              		@ frame_needed = 0, uses_anonymous_args = 0
 1652              		@ link register save eliminated.
1026:Drivers/STM32H7xx_HAL_Driver/Src/stm32h7xx_hal.c ****   SET_BIT(DBGMCU->CR, DBGMCU_CR_DBG_STOPD3);
 1653              		.loc 1 1026 3 view .LVU312
 1654 0000 024A     		ldr	r2, .L161
 1655 0002 5368     		ldr	r3, [r2, #4]
 1656 0004 43F08003 		orr	r3, r3, #128
 1657 0008 5360     		str	r3, [r2, #4]
1027:Drivers/STM32H7xx_HAL_Driver/Src/stm32h7xx_hal.c **** }
 1658              		.loc 1 1027 1 is_stmt 0 view .LVU313
 1659 000a 7047     		bx	lr
 1660              	.L162:
 1661              		.align	2
 1662              	.L161:
 1663 000c 0010005C 		.word	1543507968
 1664              		.cfi_endproc
 1665              	.LFE187:
 1667              		.section	.text.HAL_DisableDomain3DBGStopMode,"ax",%progbits
 1668              		.align	1
 1669              		.p2align 2,,3
 1670              		.global	HAL_DisableDomain3DBGStopMode
 1671              		.syntax unified
 1672              		.thumb
 1673              		.thumb_func
 1675              	HAL_DisableDomain3DBGStopMode:
 1676              	.LFB188:
1028:Drivers/STM32H7xx_HAL_Driver/Src/stm32h7xx_hal.c **** 
1029:Drivers/STM32H7xx_HAL_Driver/Src/stm32h7xx_hal.c **** /**
1030:Drivers/STM32H7xx_HAL_Driver/Src/stm32h7xx_hal.c ****   * @brief  Disable the Debug Module during Domain3/SRDomain STOP mode
ARM GAS  C:\Users\l1234\AppData\Local\Temp\ccwXN0d2.s 			page 49


1031:Drivers/STM32H7xx_HAL_Driver/Src/stm32h7xx_hal.c ****   * @retval None
1032:Drivers/STM32H7xx_HAL_Driver/Src/stm32h7xx_hal.c ****   */
1033:Drivers/STM32H7xx_HAL_Driver/Src/stm32h7xx_hal.c **** void HAL_DisableDomain3DBGStopMode(void)
1034:Drivers/STM32H7xx_HAL_Driver/Src/stm32h7xx_hal.c **** {
 1677              		.loc 1 1034 1 is_stmt 1 view -0
 1678              		.cfi_startproc
 1679              		@ args = 0, pretend = 0, frame = 0
 1680              		@ frame_needed = 0, uses_anonymous_args = 0
 1681              		@ link register save eliminated.
1035:Drivers/STM32H7xx_HAL_Driver/Src/stm32h7xx_hal.c ****   CLEAR_BIT(DBGMCU->CR, DBGMCU_CR_DBG_STOPD3);
 1682              		.loc 1 1035 3 view .LVU315
 1683 0000 024A     		ldr	r2, .L164
 1684 0002 5368     		ldr	r3, [r2, #4]
 1685 0004 23F08003 		bic	r3, r3, #128
 1686 0008 5360     		str	r3, [r2, #4]
1036:Drivers/STM32H7xx_HAL_Driver/Src/stm32h7xx_hal.c **** }
 1687              		.loc 1 1036 1 is_stmt 0 view .LVU316
 1688 000a 7047     		bx	lr
 1689              	.L165:
 1690              		.align	2
 1691              	.L164:
 1692 000c 0010005C 		.word	1543507968
 1693              		.cfi_endproc
 1694              	.LFE188:
 1696              		.section	.text.HAL_EnableDomain3DBGStandbyMode,"ax",%progbits
 1697              		.align	1
 1698              		.p2align 2,,3
 1699              		.global	HAL_EnableDomain3DBGStandbyMode
 1700              		.syntax unified
 1701              		.thumb
 1702              		.thumb_func
 1704              	HAL_EnableDomain3DBGStandbyMode:
 1705              	.LFB189:
1037:Drivers/STM32H7xx_HAL_Driver/Src/stm32h7xx_hal.c **** #endif /*DBGMCU_CR_DBG_STOPD3*/
1038:Drivers/STM32H7xx_HAL_Driver/Src/stm32h7xx_hal.c **** 
1039:Drivers/STM32H7xx_HAL_Driver/Src/stm32h7xx_hal.c **** #if defined(DBGMCU_CR_DBG_STANDBYD3)
1040:Drivers/STM32H7xx_HAL_Driver/Src/stm32h7xx_hal.c **** /**
1041:Drivers/STM32H7xx_HAL_Driver/Src/stm32h7xx_hal.c ****   * @brief  Enable the Debug Module during Domain3/SRDomain STANDBY mode
1042:Drivers/STM32H7xx_HAL_Driver/Src/stm32h7xx_hal.c ****   * @retval None
1043:Drivers/STM32H7xx_HAL_Driver/Src/stm32h7xx_hal.c ****   */
1044:Drivers/STM32H7xx_HAL_Driver/Src/stm32h7xx_hal.c **** void HAL_EnableDomain3DBGStandbyMode(void)
1045:Drivers/STM32H7xx_HAL_Driver/Src/stm32h7xx_hal.c **** {
 1706              		.loc 1 1045 1 is_stmt 1 view -0
 1707              		.cfi_startproc
 1708              		@ args = 0, pretend = 0, frame = 0
 1709              		@ frame_needed = 0, uses_anonymous_args = 0
 1710              		@ link register save eliminated.
1046:Drivers/STM32H7xx_HAL_Driver/Src/stm32h7xx_hal.c ****   SET_BIT(DBGMCU->CR, DBGMCU_CR_DBG_STANDBYD3);
 1711              		.loc 1 1046 3 view .LVU318
 1712 0000 024A     		ldr	r2, .L167
 1713 0002 5368     		ldr	r3, [r2, #4]
 1714 0004 43F48073 		orr	r3, r3, #256
 1715 0008 5360     		str	r3, [r2, #4]
1047:Drivers/STM32H7xx_HAL_Driver/Src/stm32h7xx_hal.c **** }
 1716              		.loc 1 1047 1 is_stmt 0 view .LVU319
 1717 000a 7047     		bx	lr
 1718              	.L168:
ARM GAS  C:\Users\l1234\AppData\Local\Temp\ccwXN0d2.s 			page 50


 1719              		.align	2
 1720              	.L167:
 1721 000c 0010005C 		.word	1543507968
 1722              		.cfi_endproc
 1723              	.LFE189:
 1725              		.section	.text.HAL_DisableDomain3DBGStandbyMode,"ax",%progbits
 1726              		.align	1
 1727              		.p2align 2,,3
 1728              		.global	HAL_DisableDomain3DBGStandbyMode
 1729              		.syntax unified
 1730              		.thumb
 1731              		.thumb_func
 1733              	HAL_DisableDomain3DBGStandbyMode:
 1734              	.LFB190:
1048:Drivers/STM32H7xx_HAL_Driver/Src/stm32h7xx_hal.c **** 
1049:Drivers/STM32H7xx_HAL_Driver/Src/stm32h7xx_hal.c **** /**
1050:Drivers/STM32H7xx_HAL_Driver/Src/stm32h7xx_hal.c ****   * @brief  Disable the Debug Module during Domain3/SRDomain STANDBY mode
1051:Drivers/STM32H7xx_HAL_Driver/Src/stm32h7xx_hal.c ****   * @retval None
1052:Drivers/STM32H7xx_HAL_Driver/Src/stm32h7xx_hal.c ****   */
1053:Drivers/STM32H7xx_HAL_Driver/Src/stm32h7xx_hal.c **** void HAL_DisableDomain3DBGStandbyMode(void)
1054:Drivers/STM32H7xx_HAL_Driver/Src/stm32h7xx_hal.c **** {
 1735              		.loc 1 1054 1 is_stmt 1 view -0
 1736              		.cfi_startproc
 1737              		@ args = 0, pretend = 0, frame = 0
 1738              		@ frame_needed = 0, uses_anonymous_args = 0
 1739              		@ link register save eliminated.
1055:Drivers/STM32H7xx_HAL_Driver/Src/stm32h7xx_hal.c ****   CLEAR_BIT(DBGMCU->CR, DBGMCU_CR_DBG_STANDBYD3);
 1740              		.loc 1 1055 3 view .LVU321
 1741 0000 024A     		ldr	r2, .L170
 1742 0002 5368     		ldr	r3, [r2, #4]
 1743 0004 23F48073 		bic	r3, r3, #256
 1744 0008 5360     		str	r3, [r2, #4]
1056:Drivers/STM32H7xx_HAL_Driver/Src/stm32h7xx_hal.c **** }
 1745              		.loc 1 1056 1 is_stmt 0 view .LVU322
 1746 000a 7047     		bx	lr
 1747              	.L171:
 1748              		.align	2
 1749              	.L170:
 1750 000c 0010005C 		.word	1543507968
 1751              		.cfi_endproc
 1752              	.LFE190:
 1754              		.section	.text.HAL_SetFMCMemorySwappingConfig,"ax",%progbits
 1755              		.align	1
 1756              		.p2align 2,,3
 1757              		.global	HAL_SetFMCMemorySwappingConfig
 1758              		.syntax unified
 1759              		.thumb
 1760              		.thumb_func
 1762              	HAL_SetFMCMemorySwappingConfig:
 1763              	.LVL47:
 1764              	.LFB191:
1057:Drivers/STM32H7xx_HAL_Driver/Src/stm32h7xx_hal.c **** #endif /*DBGMCU_CR_DBG_STANDBYD3*/
1058:Drivers/STM32H7xx_HAL_Driver/Src/stm32h7xx_hal.c **** 
1059:Drivers/STM32H7xx_HAL_Driver/Src/stm32h7xx_hal.c **** /**
1060:Drivers/STM32H7xx_HAL_Driver/Src/stm32h7xx_hal.c ****   * @brief  Set the FMC Memory Mapping Swapping config.
1061:Drivers/STM32H7xx_HAL_Driver/Src/stm32h7xx_hal.c ****   * @param  BankMapConfig: Defines the FMC Bank mapping configuration. This parameter can be
1062:Drivers/STM32H7xx_HAL_Driver/Src/stm32h7xx_hal.c ****             FMC_SWAPBMAP_DISABLE, FMC_SWAPBMAP_SDRAM_SRAM, FMC_SWAPBMAP_SDRAMB2
ARM GAS  C:\Users\l1234\AppData\Local\Temp\ccwXN0d2.s 			page 51


1063:Drivers/STM32H7xx_HAL_Driver/Src/stm32h7xx_hal.c ****   * @retval HAL state
1064:Drivers/STM32H7xx_HAL_Driver/Src/stm32h7xx_hal.c ****   */
1065:Drivers/STM32H7xx_HAL_Driver/Src/stm32h7xx_hal.c **** void HAL_SetFMCMemorySwappingConfig(uint32_t BankMapConfig)
1066:Drivers/STM32H7xx_HAL_Driver/Src/stm32h7xx_hal.c **** {
 1765              		.loc 1 1066 1 is_stmt 1 view -0
 1766              		.cfi_startproc
 1767              		@ args = 0, pretend = 0, frame = 0
 1768              		@ frame_needed = 0, uses_anonymous_args = 0
 1769              		@ link register save eliminated.
1067:Drivers/STM32H7xx_HAL_Driver/Src/stm32h7xx_hal.c ****   /* Check the parameter */
1068:Drivers/STM32H7xx_HAL_Driver/Src/stm32h7xx_hal.c ****   assert_param(IS_FMC_SWAPBMAP_MODE(BankMapConfig));
 1770              		.loc 1 1068 3 view .LVU324
1069:Drivers/STM32H7xx_HAL_Driver/Src/stm32h7xx_hal.c ****   MODIFY_REG(FMC_Bank1_R->BTCR[0], FMC_BCR1_BMAP, BankMapConfig);
 1771              		.loc 1 1069 3 view .LVU325
 1772 0000 034A     		ldr	r2, .L173
 1773 0002 1368     		ldr	r3, [r2]
 1774 0004 23F04073 		bic	r3, r3, #50331648
 1775 0008 0343     		orrs	r3, r3, r0
 1776 000a 1360     		str	r3, [r2]
1070:Drivers/STM32H7xx_HAL_Driver/Src/stm32h7xx_hal.c **** }
 1777              		.loc 1 1070 1 is_stmt 0 view .LVU326
 1778 000c 7047     		bx	lr
 1779              	.L174:
 1780 000e 00BF     		.align	2
 1781              	.L173:
 1782 0010 00400052 		.word	1375748096
 1783              		.cfi_endproc
 1784              	.LFE191:
 1786              		.section	.text.HAL_GetFMCMemorySwappingConfig,"ax",%progbits
 1787              		.align	1
 1788              		.p2align 2,,3
 1789              		.global	HAL_GetFMCMemorySwappingConfig
 1790              		.syntax unified
 1791              		.thumb
 1792              		.thumb_func
 1794              	HAL_GetFMCMemorySwappingConfig:
 1795              	.LFB192:
1071:Drivers/STM32H7xx_HAL_Driver/Src/stm32h7xx_hal.c **** 
1072:Drivers/STM32H7xx_HAL_Driver/Src/stm32h7xx_hal.c **** /**
1073:Drivers/STM32H7xx_HAL_Driver/Src/stm32h7xx_hal.c ****   * @brief  Get FMC Bank mapping mode.
1074:Drivers/STM32H7xx_HAL_Driver/Src/stm32h7xx_hal.c ****   * @retval The FMC Bank mapping mode. This parameter can be
1075:Drivers/STM32H7xx_HAL_Driver/Src/stm32h7xx_hal.c ****             FMC_SWAPBMAP_DISABLE, FMC_SWAPBMAP_SDRAM_SRAM, FMC_SWAPBMAP_SDRAMB2
1076:Drivers/STM32H7xx_HAL_Driver/Src/stm32h7xx_hal.c **** */
1077:Drivers/STM32H7xx_HAL_Driver/Src/stm32h7xx_hal.c **** uint32_t HAL_GetFMCMemorySwappingConfig(void)
1078:Drivers/STM32H7xx_HAL_Driver/Src/stm32h7xx_hal.c **** {
 1796              		.loc 1 1078 1 is_stmt 1 view -0
 1797              		.cfi_startproc
 1798              		@ args = 0, pretend = 0, frame = 0
 1799              		@ frame_needed = 0, uses_anonymous_args = 0
 1800              		@ link register save eliminated.
1079:Drivers/STM32H7xx_HAL_Driver/Src/stm32h7xx_hal.c ****   return READ_BIT(FMC_Bank1_R->BTCR[0], FMC_BCR1_BMAP);
 1801              		.loc 1 1079 3 view .LVU328
 1802              		.loc 1 1079 10 is_stmt 0 view .LVU329
 1803 0000 024B     		ldr	r3, .L176
 1804 0002 1868     		ldr	r0, [r3]
1080:Drivers/STM32H7xx_HAL_Driver/Src/stm32h7xx_hal.c **** }
 1805              		.loc 1 1080 1 view .LVU330
ARM GAS  C:\Users\l1234\AppData\Local\Temp\ccwXN0d2.s 			page 52


 1806 0004 00F04070 		and	r0, r0, #50331648
 1807 0008 7047     		bx	lr
 1808              	.L177:
 1809 000a 00BF     		.align	2
 1810              	.L176:
 1811 000c 00400052 		.word	1375748096
 1812              		.cfi_endproc
 1813              	.LFE192:
 1815              		.section	.text.HAL_EXTI_EdgeConfig,"ax",%progbits
 1816              		.align	1
 1817              		.p2align 2,,3
 1818              		.global	HAL_EXTI_EdgeConfig
 1819              		.syntax unified
 1820              		.thumb
 1821              		.thumb_func
 1823              	HAL_EXTI_EdgeConfig:
 1824              	.LVL48:
 1825              	.LFB193:
1081:Drivers/STM32H7xx_HAL_Driver/Src/stm32h7xx_hal.c **** 
1082:Drivers/STM32H7xx_HAL_Driver/Src/stm32h7xx_hal.c **** /**
1083:Drivers/STM32H7xx_HAL_Driver/Src/stm32h7xx_hal.c ****   * @brief  Configure the EXTI input event line edge
1084:Drivers/STM32H7xx_HAL_Driver/Src/stm32h7xx_hal.c ****   * @note    No edge configuration for direct lines but for configurable lines:(EXTI_LINE0..EXTI_LI
1085:Drivers/STM32H7xx_HAL_Driver/Src/stm32h7xx_hal.c ****   *          EXTI_LINE49,EXTI_LINE51,EXTI_LINE82,EXTI_LINE84,EXTI_LINE85 and EXTI_LINE86.
1086:Drivers/STM32H7xx_HAL_Driver/Src/stm32h7xx_hal.c ****   * @param   EXTI_Line: Specifies the EXTI LINE, it can be one of the following values,
1087:Drivers/STM32H7xx_HAL_Driver/Src/stm32h7xx_hal.c ****   *         (EXTI_LINE0....EXTI_LINE87)excluding :line45, line81,line83 which are reserved
1088:Drivers/STM32H7xx_HAL_Driver/Src/stm32h7xx_hal.c ****   * @param   EXTI_Edge: Specifies  EXTI line Edge used.
1089:Drivers/STM32H7xx_HAL_Driver/Src/stm32h7xx_hal.c ****   *          This parameter can be one of the following values :
1090:Drivers/STM32H7xx_HAL_Driver/Src/stm32h7xx_hal.c ****   *   @arg EXTI_RISING_EDGE : Configurable line, with Rising edge trigger detection
1091:Drivers/STM32H7xx_HAL_Driver/Src/stm32h7xx_hal.c ****   *   @arg EXTI_FALLING_EDGE: Configurable line, with Falling edge trigger detection
1092:Drivers/STM32H7xx_HAL_Driver/Src/stm32h7xx_hal.c ****   * @retval None
1093:Drivers/STM32H7xx_HAL_Driver/Src/stm32h7xx_hal.c ****   */
1094:Drivers/STM32H7xx_HAL_Driver/Src/stm32h7xx_hal.c **** void HAL_EXTI_EdgeConfig(uint32_t EXTI_Line , uint32_t EXTI_Edge )
1095:Drivers/STM32H7xx_HAL_Driver/Src/stm32h7xx_hal.c **** {
 1826              		.loc 1 1095 1 is_stmt 1 view -0
 1827              		.cfi_startproc
 1828              		@ args = 0, pretend = 0, frame = 0
 1829              		@ frame_needed = 0, uses_anonymous_args = 0
 1830              		@ link register save eliminated.
1096:Drivers/STM32H7xx_HAL_Driver/Src/stm32h7xx_hal.c ****   /* Check the parameter */
1097:Drivers/STM32H7xx_HAL_Driver/Src/stm32h7xx_hal.c ****   assert_param(IS_HAL_EXTI_CONFIG_LINE(EXTI_Line));
 1831              		.loc 1 1097 3 view .LVU332
1098:Drivers/STM32H7xx_HAL_Driver/Src/stm32h7xx_hal.c ****   assert_param(IS_EXTI_EDGE_LINE(EXTI_Edge));
 1832              		.loc 1 1098 3 view .LVU333
1099:Drivers/STM32H7xx_HAL_Driver/Src/stm32h7xx_hal.c **** 
1100:Drivers/STM32H7xx_HAL_Driver/Src/stm32h7xx_hal.c ****   /* Clear Rising Falling edge configuration */
1101:Drivers/STM32H7xx_HAL_Driver/Src/stm32h7xx_hal.c ****   CLEAR_BIT(*(__IO uint32_t *) (((uint32_t) &(EXTI->FTSR1)) + ((EXTI_Line >> 5 ) * 0x20UL)), (uint3
 1833              		.loc 1 1101 3 view .LVU334
 1834 0000 20F01F02 		bic	r2, r0, #31
 1835 0004 0123     		movs	r3, #1
 1836 0006 00F01F00 		and	r0, r0, #31
 1837              	.LVL49:
1095:Drivers/STM32H7xx_HAL_Driver/Src/stm32h7xx_hal.c ****   /* Check the parameter */
 1838              		.loc 1 1095 1 is_stmt 0 view .LVU335
 1839 000a 30B4     		push	{r4, r5}
 1840              	.LCFI6:
 1841              		.cfi_def_cfa_offset 8
 1842              		.cfi_offset 4, -8
ARM GAS  C:\Users\l1234\AppData\Local\Temp\ccwXN0d2.s 			page 53


 1843              		.cfi_offset 5, -4
 1844              		.loc 1 1101 3 view .LVU336
 1845 000c 0B4C     		ldr	r4, .L188
 1846 000e 8340     		lsls	r3, r3, r0
1102:Drivers/STM32H7xx_HAL_Driver/Src/stm32h7xx_hal.c ****   CLEAR_BIT( *(__IO uint32_t *) (((uint32_t) &(EXTI->RTSR1)) + ((EXTI_Line >> 5 ) * 0x20UL)), (uint
 1847              		.loc 1 1102 3 view .LVU337
 1848 0010 02F1B040 		add	r0, r2, #1476395008
1101:Drivers/STM32H7xx_HAL_Driver/Src/stm32h7xx_hal.c ****   CLEAR_BIT( *(__IO uint32_t *) (((uint32_t) &(EXTI->RTSR1)) + ((EXTI_Line >> 5 ) * 0x20UL)), (uint
 1849              		.loc 1 1101 3 view .LVU338
 1850 0014 1559     		ldr	r5, [r2, r4]
 1851 0016 25EA0305 		bic	r5, r5, r3
 1852 001a 1551     		str	r5, [r2, r4]
 1853              		.loc 1 1102 3 is_stmt 1 view .LVU339
 1854 001c 0568     		ldr	r5, [r0]
 1855 001e 25EA0305 		bic	r5, r5, r3
 1856 0022 0560     		str	r5, [r0]
1103:Drivers/STM32H7xx_HAL_Driver/Src/stm32h7xx_hal.c **** 
1104:Drivers/STM32H7xx_HAL_Driver/Src/stm32h7xx_hal.c ****   if( (EXTI_Edge & EXTI_RISING_EDGE) == EXTI_RISING_EDGE)
 1857              		.loc 1 1104 3 view .LVU340
 1858              		.loc 1 1104 5 is_stmt 0 view .LVU341
 1859 0024 CD02     		lsls	r5, r1, #11
 1860 0026 02D5     		bpl	.L179
1105:Drivers/STM32H7xx_HAL_Driver/Src/stm32h7xx_hal.c ****   {
1106:Drivers/STM32H7xx_HAL_Driver/Src/stm32h7xx_hal.c ****    SET_BIT( *(__IO uint32_t *) (((uint32_t) &(EXTI->RTSR1)) + ((EXTI_Line >> 5 ) * 0x20UL)), (uint3
 1861              		.loc 1 1106 4 is_stmt 1 view .LVU342
 1862 0028 0568     		ldr	r5, [r0]
 1863 002a 1D43     		orrs	r5, r5, r3
 1864 002c 0560     		str	r5, [r0]
 1865              	.L179:
1107:Drivers/STM32H7xx_HAL_Driver/Src/stm32h7xx_hal.c ****   }
1108:Drivers/STM32H7xx_HAL_Driver/Src/stm32h7xx_hal.c ****   if( (EXTI_Edge & EXTI_FALLING_EDGE) == EXTI_FALLING_EDGE)
 1866              		.loc 1 1108 3 view .LVU343
 1867              		.loc 1 1108 5 is_stmt 0 view .LVU344
 1868 002e 8902     		lsls	r1, r1, #10
 1869              	.LVL50:
 1870              		.loc 1 1108 5 view .LVU345
 1871 0030 02D5     		bpl	.L178
1109:Drivers/STM32H7xx_HAL_Driver/Src/stm32h7xx_hal.c ****   {
1110:Drivers/STM32H7xx_HAL_Driver/Src/stm32h7xx_hal.c ****    SET_BIT(*(__IO uint32_t *) (((uint32_t) &(EXTI->FTSR1)) + ((EXTI_Line >> 5 ) * 0x20UL)), (uint32
 1872              		.loc 1 1110 4 is_stmt 1 view .LVU346
 1873 0032 1159     		ldr	r1, [r2, r4]
 1874 0034 0B43     		orrs	r3, r3, r1
 1875 0036 1351     		str	r3, [r2, r4]
 1876              	.L178:
1111:Drivers/STM32H7xx_HAL_Driver/Src/stm32h7xx_hal.c ****   }
1112:Drivers/STM32H7xx_HAL_Driver/Src/stm32h7xx_hal.c **** }
 1877              		.loc 1 1112 1 is_stmt 0 view .LVU347
 1878 0038 30BC     		pop	{r4, r5}
 1879              	.LCFI7:
 1880              		.cfi_restore 5
 1881              		.cfi_restore 4
 1882              		.cfi_def_cfa_offset 0
 1883 003a 7047     		bx	lr
 1884              	.L189:
 1885              		.align	2
 1886              	.L188:
 1887 003c 04000058 		.word	1476395012
ARM GAS  C:\Users\l1234\AppData\Local\Temp\ccwXN0d2.s 			page 54


 1888              		.cfi_endproc
 1889              	.LFE193:
 1891              		.section	.text.HAL_EXTI_GenerateSWInterrupt,"ax",%progbits
 1892              		.align	1
 1893              		.p2align 2,,3
 1894              		.global	HAL_EXTI_GenerateSWInterrupt
 1895              		.syntax unified
 1896              		.thumb
 1897              		.thumb_func
 1899              	HAL_EXTI_GenerateSWInterrupt:
 1900              	.LVL51:
 1901              	.LFB194:
1113:Drivers/STM32H7xx_HAL_Driver/Src/stm32h7xx_hal.c **** 
1114:Drivers/STM32H7xx_HAL_Driver/Src/stm32h7xx_hal.c **** /**
1115:Drivers/STM32H7xx_HAL_Driver/Src/stm32h7xx_hal.c ****   * @brief  Generates a Software interrupt on selected EXTI line.
1116:Drivers/STM32H7xx_HAL_Driver/Src/stm32h7xx_hal.c ****   * @param   EXTI_Line: Specifies the EXTI LINE, it can be one of the following values,
1117:Drivers/STM32H7xx_HAL_Driver/Src/stm32h7xx_hal.c ****   *          (EXTI_LINE0..EXTI_LINE21),EXTI_LINE49,EXTI_LINE51,EXTI_LINE82,EXTI_LINE84,EXTI_LINE85 
1118:Drivers/STM32H7xx_HAL_Driver/Src/stm32h7xx_hal.c ****   * @retval None
1119:Drivers/STM32H7xx_HAL_Driver/Src/stm32h7xx_hal.c ****   */
1120:Drivers/STM32H7xx_HAL_Driver/Src/stm32h7xx_hal.c **** void HAL_EXTI_GenerateSWInterrupt(uint32_t EXTI_Line)
1121:Drivers/STM32H7xx_HAL_Driver/Src/stm32h7xx_hal.c **** {
 1902              		.loc 1 1121 1 is_stmt 1 view -0
 1903              		.cfi_startproc
 1904              		@ args = 0, pretend = 0, frame = 0
 1905              		@ frame_needed = 0, uses_anonymous_args = 0
 1906              		@ link register save eliminated.
1122:Drivers/STM32H7xx_HAL_Driver/Src/stm32h7xx_hal.c ****   /* Check the parameters */
1123:Drivers/STM32H7xx_HAL_Driver/Src/stm32h7xx_hal.c ****   assert_param(IS_HAL_EXTI_CONFIG_LINE(EXTI_Line));
 1907              		.loc 1 1123 3 view .LVU349
1124:Drivers/STM32H7xx_HAL_Driver/Src/stm32h7xx_hal.c **** 
1125:Drivers/STM32H7xx_HAL_Driver/Src/stm32h7xx_hal.c ****   SET_BIT(*(__IO uint32_t *) (((uint32_t) &(EXTI->SWIER1)) + ((EXTI_Line >> 5 ) * 0x20UL)), (uint32
 1908              		.loc 1 1125 3 view .LVU350
 1909 0000 20F01F01 		bic	r1, r0, #31
 1910 0004 044A     		ldr	r2, .L191
 1911 0006 00F01F00 		and	r0, r0, #31
 1912              	.LVL52:
 1913              		.loc 1 1125 3 is_stmt 0 view .LVU351
 1914 000a 0123     		movs	r3, #1
 1915 000c 8340     		lsls	r3, r3, r0
 1916 000e 8858     		ldr	r0, [r1, r2]
 1917 0010 0343     		orrs	r3, r3, r0
 1918 0012 8B50     		str	r3, [r1, r2]
1126:Drivers/STM32H7xx_HAL_Driver/Src/stm32h7xx_hal.c **** }
 1919              		.loc 1 1126 1 view .LVU352
 1920 0014 7047     		bx	lr
 1921              	.L192:
 1922 0016 00BF     		.align	2
 1923              	.L191:
 1924 0018 08000058 		.word	1476395016
 1925              		.cfi_endproc
 1926              	.LFE194:
 1928              		.section	.text.HAL_EXTI_D1_ClearFlag,"ax",%progbits
 1929              		.align	1
 1930              		.p2align 2,,3
 1931              		.global	HAL_EXTI_D1_ClearFlag
 1932              		.syntax unified
 1933              		.thumb
ARM GAS  C:\Users\l1234\AppData\Local\Temp\ccwXN0d2.s 			page 55


 1934              		.thumb_func
 1936              	HAL_EXTI_D1_ClearFlag:
 1937              	.LVL53:
 1938              	.LFB195:
1127:Drivers/STM32H7xx_HAL_Driver/Src/stm32h7xx_hal.c **** 
1128:Drivers/STM32H7xx_HAL_Driver/Src/stm32h7xx_hal.c **** 
1129:Drivers/STM32H7xx_HAL_Driver/Src/stm32h7xx_hal.c **** /**
1130:Drivers/STM32H7xx_HAL_Driver/Src/stm32h7xx_hal.c ****   * @brief  Clears the EXTI's line pending flags for Domain D1
1131:Drivers/STM32H7xx_HAL_Driver/Src/stm32h7xx_hal.c ****   * @param   EXTI_Line: Specifies the EXTI LINE, it can be one of the following values,
1132:Drivers/STM32H7xx_HAL_Driver/Src/stm32h7xx_hal.c ****   *         (EXTI_LINE0....EXTI_LINE87)excluding :line45, line81,line83 which are reserved
1133:Drivers/STM32H7xx_HAL_Driver/Src/stm32h7xx_hal.c ****   * @retval None
1134:Drivers/STM32H7xx_HAL_Driver/Src/stm32h7xx_hal.c ****   */
1135:Drivers/STM32H7xx_HAL_Driver/Src/stm32h7xx_hal.c **** void HAL_EXTI_D1_ClearFlag(uint32_t EXTI_Line)
1136:Drivers/STM32H7xx_HAL_Driver/Src/stm32h7xx_hal.c **** {
 1939              		.loc 1 1136 1 is_stmt 1 view -0
 1940              		.cfi_startproc
 1941              		@ args = 0, pretend = 0, frame = 0
 1942              		@ frame_needed = 0, uses_anonymous_args = 0
 1943              		@ link register save eliminated.
1137:Drivers/STM32H7xx_HAL_Driver/Src/stm32h7xx_hal.c ****   /* Check the parameters */
1138:Drivers/STM32H7xx_HAL_Driver/Src/stm32h7xx_hal.c ****  assert_param(IS_EXTI_D1_LINE(EXTI_Line));
 1944              		.loc 1 1138 2 view .LVU354
1139:Drivers/STM32H7xx_HAL_Driver/Src/stm32h7xx_hal.c ****  WRITE_REG(*(__IO uint32_t *) (((uint32_t) &(EXTI_D1->PR1)) + ((EXTI_Line >> 5 ) * 0x10UL)), (uint3
 1945              		.loc 1 1139 2 view .LVU355
 1946 0000 4309     		lsrs	r3, r0, #5
 1947 0002 0122     		movs	r2, #1
 1948 0004 00F01F00 		and	r0, r0, #31
 1949              	.LVL54:
 1950              		.loc 1 1139 2 is_stmt 0 view .LVU356
 1951 0008 0249     		ldr	r1, .L194
 1952 000a 1B01     		lsls	r3, r3, #4
 1953 000c 8240     		lsls	r2, r2, r0
 1954 000e 5A50     		str	r2, [r3, r1]
1140:Drivers/STM32H7xx_HAL_Driver/Src/stm32h7xx_hal.c **** 
1141:Drivers/STM32H7xx_HAL_Driver/Src/stm32h7xx_hal.c **** }
 1955              		.loc 1 1141 1 view .LVU357
 1956 0010 7047     		bx	lr
 1957              	.L195:
 1958 0012 00BF     		.align	2
 1959              	.L194:
 1960 0014 88000058 		.word	1476395144
 1961              		.cfi_endproc
 1962              	.LFE195:
 1964              		.section	.text.HAL_EXTI_D1_EventInputConfig,"ax",%progbits
 1965              		.align	1
 1966              		.p2align 2,,3
 1967              		.global	HAL_EXTI_D1_EventInputConfig
 1968              		.syntax unified
 1969              		.thumb
 1970              		.thumb_func
 1972              	HAL_EXTI_D1_EventInputConfig:
 1973              	.LVL55:
 1974              	.LFB196:
1142:Drivers/STM32H7xx_HAL_Driver/Src/stm32h7xx_hal.c **** 
1143:Drivers/STM32H7xx_HAL_Driver/Src/stm32h7xx_hal.c **** #if defined(DUAL_CORE)
1144:Drivers/STM32H7xx_HAL_Driver/Src/stm32h7xx_hal.c **** /**
1145:Drivers/STM32H7xx_HAL_Driver/Src/stm32h7xx_hal.c ****   * @brief  Clears the EXTI's line pending flags for Domain D2
ARM GAS  C:\Users\l1234\AppData\Local\Temp\ccwXN0d2.s 			page 56


1146:Drivers/STM32H7xx_HAL_Driver/Src/stm32h7xx_hal.c ****   * @param   EXTI_Line: Specifies the EXTI LINE, it can be one of the following values,
1147:Drivers/STM32H7xx_HAL_Driver/Src/stm32h7xx_hal.c ****   *         (EXTI_LINE0....EXTI_LINE87)excluding :line45, line81,line83 which are reserved
1148:Drivers/STM32H7xx_HAL_Driver/Src/stm32h7xx_hal.c ****   * @retval None
1149:Drivers/STM32H7xx_HAL_Driver/Src/stm32h7xx_hal.c ****   */
1150:Drivers/STM32H7xx_HAL_Driver/Src/stm32h7xx_hal.c **** void HAL_EXTI_D2_ClearFlag(uint32_t EXTI_Line)
1151:Drivers/STM32H7xx_HAL_Driver/Src/stm32h7xx_hal.c **** {
1152:Drivers/STM32H7xx_HAL_Driver/Src/stm32h7xx_hal.c ****   /* Check the parameters */
1153:Drivers/STM32H7xx_HAL_Driver/Src/stm32h7xx_hal.c ****  assert_param(IS_EXTI_D2_LINE(EXTI_Line));
1154:Drivers/STM32H7xx_HAL_Driver/Src/stm32h7xx_hal.c ****  WRITE_REG(*(__IO uint32_t *) (((uint32_t) &(EXTI_D2->PR1)) + ((EXTI_Line >> 5 ) * 0x10UL)), (uint3
1155:Drivers/STM32H7xx_HAL_Driver/Src/stm32h7xx_hal.c **** }
1156:Drivers/STM32H7xx_HAL_Driver/Src/stm32h7xx_hal.c **** 
1157:Drivers/STM32H7xx_HAL_Driver/Src/stm32h7xx_hal.c **** #endif /*DUAL_CORE*/
1158:Drivers/STM32H7xx_HAL_Driver/Src/stm32h7xx_hal.c **** /**
1159:Drivers/STM32H7xx_HAL_Driver/Src/stm32h7xx_hal.c ****   * @brief  Configure the EXTI input event line for Domain D1
1160:Drivers/STM32H7xx_HAL_Driver/Src/stm32h7xx_hal.c ****   * @param   EXTI_Line: Specifies the EXTI LINE, it can be one of the following values,
1161:Drivers/STM32H7xx_HAL_Driver/Src/stm32h7xx_hal.c ****   *         (EXTI_LINE0....EXTI_LINE87)excluding :line45, line81,line83 which are reserved
1162:Drivers/STM32H7xx_HAL_Driver/Src/stm32h7xx_hal.c ****   * @param   EXTI_Mode: Specifies which EXTI line is used as interrupt or an event.
1163:Drivers/STM32H7xx_HAL_Driver/Src/stm32h7xx_hal.c ****   *          This parameter can be one or a combination of the following values :
1164:Drivers/STM32H7xx_HAL_Driver/Src/stm32h7xx_hal.c ****   *   @arg EXTI_MODE_IT :  Interrupt Mode selected
1165:Drivers/STM32H7xx_HAL_Driver/Src/stm32h7xx_hal.c ****   *   @arg EXTI_MODE_EVT : Event Mode selected
1166:Drivers/STM32H7xx_HAL_Driver/Src/stm32h7xx_hal.c ****   * @param   EXTI_LineCmd controls (Enable/Disable) the EXTI line.
1167:Drivers/STM32H7xx_HAL_Driver/Src/stm32h7xx_hal.c **** 
1168:Drivers/STM32H7xx_HAL_Driver/Src/stm32h7xx_hal.c ****   * @retval None
1169:Drivers/STM32H7xx_HAL_Driver/Src/stm32h7xx_hal.c ****   */
1170:Drivers/STM32H7xx_HAL_Driver/Src/stm32h7xx_hal.c **** void HAL_EXTI_D1_EventInputConfig(uint32_t EXTI_Line , uint32_t EXTI_Mode,  uint32_t EXTI_LineCmd )
1171:Drivers/STM32H7xx_HAL_Driver/Src/stm32h7xx_hal.c **** {
 1975              		.loc 1 1171 1 is_stmt 1 view -0
 1976              		.cfi_startproc
 1977              		@ args = 0, pretend = 0, frame = 0
 1978              		@ frame_needed = 0, uses_anonymous_args = 0
1172:Drivers/STM32H7xx_HAL_Driver/Src/stm32h7xx_hal.c ****   /* Check the parameter */
1173:Drivers/STM32H7xx_HAL_Driver/Src/stm32h7xx_hal.c ****   assert_param(IS_EXTI_D1_LINE(EXTI_Line));
 1979              		.loc 1 1173 3 view .LVU359
1174:Drivers/STM32H7xx_HAL_Driver/Src/stm32h7xx_hal.c ****   assert_param(IS_EXTI_MODE_LINE(EXTI_Mode));
 1980              		.loc 1 1174 3 view .LVU360
1175:Drivers/STM32H7xx_HAL_Driver/Src/stm32h7xx_hal.c **** 
1176:Drivers/STM32H7xx_HAL_Driver/Src/stm32h7xx_hal.c ****   if( (EXTI_Mode & EXTI_MODE_IT) == EXTI_MODE_IT)
 1981              		.loc 1 1176 3 view .LVU361
 1982              		.loc 1 1176 5 is_stmt 0 view .LVU362
 1983 0000 CB03     		lsls	r3, r1, #15
1171:Drivers/STM32H7xx_HAL_Driver/Src/stm32h7xx_hal.c ****   /* Check the parameter */
 1984              		.loc 1 1171 1 view .LVU363
 1985 0002 10B5     		push	{r4, lr}
 1986              	.LCFI8:
 1987              		.cfi_def_cfa_offset 8
 1988              		.cfi_offset 4, -8
 1989              		.cfi_offset 14, -4
1177:Drivers/STM32H7xx_HAL_Driver/Src/stm32h7xx_hal.c ****   {
1178:Drivers/STM32H7xx_HAL_Driver/Src/stm32h7xx_hal.c ****      if( EXTI_LineCmd == 0UL)
1179:Drivers/STM32H7xx_HAL_Driver/Src/stm32h7xx_hal.c ****      {
1180:Drivers/STM32H7xx_HAL_Driver/Src/stm32h7xx_hal.c ****        /* Clear EXTI line configuration */
1181:Drivers/STM32H7xx_HAL_Driver/Src/stm32h7xx_hal.c ****         CLEAR_BIT(*(__IO uint32_t *) (((uint32_t) &(EXTI_D1->IMR1)) + ((EXTI_Line >> 5 ) * 0x10UL))
1182:Drivers/STM32H7xx_HAL_Driver/Src/stm32h7xx_hal.c ****      }
1183:Drivers/STM32H7xx_HAL_Driver/Src/stm32h7xx_hal.c ****      else
1184:Drivers/STM32H7xx_HAL_Driver/Src/stm32h7xx_hal.c ****      {
1185:Drivers/STM32H7xx_HAL_Driver/Src/stm32h7xx_hal.c ****         SET_BIT(*(__IO uint32_t *) (((uint32_t) &(EXTI_D1->IMR1)) + ((EXTI_Line >> 5 ) * 0x10UL)), 
1186:Drivers/STM32H7xx_HAL_Driver/Src/stm32h7xx_hal.c ****      }
ARM GAS  C:\Users\l1234\AppData\Local\Temp\ccwXN0d2.s 			page 57


1187:Drivers/STM32H7xx_HAL_Driver/Src/stm32h7xx_hal.c ****   }
1188:Drivers/STM32H7xx_HAL_Driver/Src/stm32h7xx_hal.c **** 
1189:Drivers/STM32H7xx_HAL_Driver/Src/stm32h7xx_hal.c ****   if( (EXTI_Mode & EXTI_MODE_EVT) == EXTI_MODE_EVT)
 1990              		.loc 1 1189 18 view .LVU364
 1991 0004 01F40034 		and	r4, r1, #131072
1176:Drivers/STM32H7xx_HAL_Driver/Src/stm32h7xx_hal.c ****   {
 1992              		.loc 1 1176 5 view .LVU365
 1993 0008 1AD5     		bpl	.L197
1178:Drivers/STM32H7xx_HAL_Driver/Src/stm32h7xx_hal.c ****      {
 1994              		.loc 1 1178 6 is_stmt 1 view .LVU366
1181:Drivers/STM32H7xx_HAL_Driver/Src/stm32h7xx_hal.c ****      }
 1995              		.loc 1 1181 9 is_stmt 0 view .LVU367
 1996 000a 1A49     		ldr	r1, .L207
 1997              	.LVL56:
1181:Drivers/STM32H7xx_HAL_Driver/Src/stm32h7xx_hal.c ****      }
 1998              		.loc 1 1181 9 view .LVU368
 1999 000c 00F01F0E 		and	lr, r0, #31
 2000 0010 0123     		movs	r3, #1
 2001 0012 4FEA501C 		lsr	ip, r0, #5
 2002 0016 01EB5011 		add	r1, r1, r0, lsr #5
 2003 001a 03FA0EF3 		lsl	r3, r3, lr
 2004 001e 0901     		lsls	r1, r1, #4
1178:Drivers/STM32H7xx_HAL_Driver/Src/stm32h7xx_hal.c ****      {
 2005              		.loc 1 1178 8 view .LVU369
 2006 0020 CAB9     		cbnz	r2, .L198
1181:Drivers/STM32H7xx_HAL_Driver/Src/stm32h7xx_hal.c ****      }
 2007              		.loc 1 1181 9 is_stmt 1 view .LVU370
 2008 0022 0A68     		ldr	r2, [r1]
 2009              	.LVL57:
1181:Drivers/STM32H7xx_HAL_Driver/Src/stm32h7xx_hal.c ****      }
 2010              		.loc 1 1181 9 is_stmt 0 view .LVU371
 2011 0024 22EA0302 		bic	r2, r2, r3
 2012 0028 DB43     		mvns	r3, r3
 2013 002a 0A60     		str	r2, [r1]
 2014              		.loc 1 1189 3 is_stmt 1 view .LVU372
 2015              		.loc 1 1189 5 is_stmt 0 view .LVU373
 2016 002c 3CB1     		cbz	r4, .L196
 2017              	.L199:
1190:Drivers/STM32H7xx_HAL_Driver/Src/stm32h7xx_hal.c ****   {
1191:Drivers/STM32H7xx_HAL_Driver/Src/stm32h7xx_hal.c ****     if( EXTI_LineCmd == 0UL)
1192:Drivers/STM32H7xx_HAL_Driver/Src/stm32h7xx_hal.c ****     {
1193:Drivers/STM32H7xx_HAL_Driver/Src/stm32h7xx_hal.c ****       /* Clear EXTI line configuration */
1194:Drivers/STM32H7xx_HAL_Driver/Src/stm32h7xx_hal.c ****       CLEAR_BIT(  *(__IO uint32_t *) (((uint32_t) &(EXTI_D1->EMR1)) + ((EXTI_Line >> 5 ) * 0x10UL))
 2018              		.loc 1 1194 7 is_stmt 1 view .LVU374
 2019 002e 4FEA0C1C 		lsl	ip, ip, #4
 2020 0032 1149     		ldr	r1, .L207+4
 2021 0034 5CF80120 		ldr	r2, [ip, r1]
 2022 0038 1340     		ands	r3, r3, r2
 2023 003a 4CF80130 		str	r3, [ip, r1]
 2024              	.L196:
1195:Drivers/STM32H7xx_HAL_Driver/Src/stm32h7xx_hal.c ****     }
1196:Drivers/STM32H7xx_HAL_Driver/Src/stm32h7xx_hal.c ****     else
1197:Drivers/STM32H7xx_HAL_Driver/Src/stm32h7xx_hal.c ****     {
1198:Drivers/STM32H7xx_HAL_Driver/Src/stm32h7xx_hal.c ****       SET_BIT(  *(__IO uint32_t *) (((uint32_t) &(EXTI_D1->EMR1)) + ((EXTI_Line >> 5 ) * 0x10UL)), 
1199:Drivers/STM32H7xx_HAL_Driver/Src/stm32h7xx_hal.c ****     }
1200:Drivers/STM32H7xx_HAL_Driver/Src/stm32h7xx_hal.c ****   }
1201:Drivers/STM32H7xx_HAL_Driver/Src/stm32h7xx_hal.c **** }
ARM GAS  C:\Users\l1234\AppData\Local\Temp\ccwXN0d2.s 			page 58


 2025              		.loc 1 1201 1 is_stmt 0 view .LVU375
 2026 003e 10BD     		pop	{r4, pc}
 2027              	.LVL58:
 2028              	.L197:
1189:Drivers/STM32H7xx_HAL_Driver/Src/stm32h7xx_hal.c ****   {
 2029              		.loc 1 1189 3 is_stmt 1 view .LVU376
1189:Drivers/STM32H7xx_HAL_Driver/Src/stm32h7xx_hal.c ****   {
 2030              		.loc 1 1189 5 is_stmt 0 view .LVU377
 2031 0040 002C     		cmp	r4, #0
 2032 0042 FCD0     		beq	.L196
1191:Drivers/STM32H7xx_HAL_Driver/Src/stm32h7xx_hal.c ****     {
 2033              		.loc 1 1191 5 is_stmt 1 view .LVU378
1181:Drivers/STM32H7xx_HAL_Driver/Src/stm32h7xx_hal.c ****      }
 2034              		.loc 1 1181 9 is_stmt 0 view .LVU379
 2035 0044 00F01F01 		and	r1, r0, #31
 2036              	.LVL59:
1194:Drivers/STM32H7xx_HAL_Driver/Src/stm32h7xx_hal.c ****     }
 2037              		.loc 1 1194 7 view .LVU380
 2038 0048 0123     		movs	r3, #1
1181:Drivers/STM32H7xx_HAL_Driver/Src/stm32h7xx_hal.c ****      }
 2039              		.loc 1 1181 9 view .LVU381
 2040 004a 4FEA501C 		lsr	ip, r0, #5
1194:Drivers/STM32H7xx_HAL_Driver/Src/stm32h7xx_hal.c ****     }
 2041              		.loc 1 1194 7 view .LVU382
 2042 004e 8B40     		lsls	r3, r3, r1
1191:Drivers/STM32H7xx_HAL_Driver/Src/stm32h7xx_hal.c ****     {
 2043              		.loc 1 1191 7 view .LVU383
 2044 0050 32B9     		cbnz	r2, .L201
1194:Drivers/STM32H7xx_HAL_Driver/Src/stm32h7xx_hal.c ****     }
 2045              		.loc 1 1194 7 view .LVU384
 2046 0052 DB43     		mvns	r3, r3
 2047 0054 EBE7     		b	.L199
 2048              	.L198:
1185:Drivers/STM32H7xx_HAL_Driver/Src/stm32h7xx_hal.c ****      }
 2049              		.loc 1 1185 9 is_stmt 1 view .LVU385
 2050 0056 0A68     		ldr	r2, [r1]
 2051              	.LVL60:
1185:Drivers/STM32H7xx_HAL_Driver/Src/stm32h7xx_hal.c ****      }
 2052              		.loc 1 1185 9 is_stmt 0 view .LVU386
 2053 0058 1A43     		orrs	r2, r2, r3
 2054 005a 0A60     		str	r2, [r1]
1189:Drivers/STM32H7xx_HAL_Driver/Src/stm32h7xx_hal.c ****   {
 2055              		.loc 1 1189 3 is_stmt 1 view .LVU387
1189:Drivers/STM32H7xx_HAL_Driver/Src/stm32h7xx_hal.c ****   {
 2056              		.loc 1 1189 5 is_stmt 0 view .LVU388
 2057 005c 002C     		cmp	r4, #0
 2058 005e EED0     		beq	.L196
 2059              	.L201:
1198:Drivers/STM32H7xx_HAL_Driver/Src/stm32h7xx_hal.c ****     }
 2060              		.loc 1 1198 7 is_stmt 1 view .LVU389
 2061 0060 4FEA0C1C 		lsl	ip, ip, #4
 2062 0064 0449     		ldr	r1, .L207+4
 2063 0066 5CF80120 		ldr	r2, [ip, r1]
 2064 006a 1343     		orrs	r3, r3, r2
 2065 006c 4CF80130 		str	r3, [ip, r1]
 2066              		.loc 1 1201 1 is_stmt 0 view .LVU390
 2067 0070 10BD     		pop	{r4, pc}
ARM GAS  C:\Users\l1234\AppData\Local\Temp\ccwXN0d2.s 			page 59


 2068              	.L208:
 2069 0072 00BF     		.align	2
 2070              	.L207:
 2071 0074 08008005 		.word	92274696
 2072 0078 84000058 		.word	1476395140
 2073              		.cfi_endproc
 2074              	.LFE196:
 2076              		.section	.text.HAL_EXTI_D3_EventInputConfig,"ax",%progbits
 2077              		.align	1
 2078              		.p2align 2,,3
 2079              		.global	HAL_EXTI_D3_EventInputConfig
 2080              		.syntax unified
 2081              		.thumb
 2082              		.thumb_func
 2084              	HAL_EXTI_D3_EventInputConfig:
 2085              	.LVL61:
 2086              	.LFB197:
1202:Drivers/STM32H7xx_HAL_Driver/Src/stm32h7xx_hal.c **** 
1203:Drivers/STM32H7xx_HAL_Driver/Src/stm32h7xx_hal.c **** #if defined(DUAL_CORE)
1204:Drivers/STM32H7xx_HAL_Driver/Src/stm32h7xx_hal.c **** /**
1205:Drivers/STM32H7xx_HAL_Driver/Src/stm32h7xx_hal.c ****   * @brief  Configure the EXTI input event line for Domain D2
1206:Drivers/STM32H7xx_HAL_Driver/Src/stm32h7xx_hal.c ****   * @param   EXTI_Line: Specifies the EXTI LINE, it can be one of the following values,
1207:Drivers/STM32H7xx_HAL_Driver/Src/stm32h7xx_hal.c ****   *         (EXTI_LINE0....EXTI_LINE87)excluding :line45, line81,line83 which are reserved
1208:Drivers/STM32H7xx_HAL_Driver/Src/stm32h7xx_hal.c ****   * @param   EXTI_Mode: Specifies which EXTI line is used as interrupt or an event.
1209:Drivers/STM32H7xx_HAL_Driver/Src/stm32h7xx_hal.c ****   *          This parameter can be one or a combination of the following values :
1210:Drivers/STM32H7xx_HAL_Driver/Src/stm32h7xx_hal.c ****   *   @arg EXTI_MODE_IT :  Interrupt Mode selected
1211:Drivers/STM32H7xx_HAL_Driver/Src/stm32h7xx_hal.c ****   *   @arg EXTI_MODE_EVT : Event Mode selected
1212:Drivers/STM32H7xx_HAL_Driver/Src/stm32h7xx_hal.c ****   * @param   EXTI_LineCmd controls (Enable/Disable) the EXTI line.
1213:Drivers/STM32H7xx_HAL_Driver/Src/stm32h7xx_hal.c **** 
1214:Drivers/STM32H7xx_HAL_Driver/Src/stm32h7xx_hal.c ****   * @retval None
1215:Drivers/STM32H7xx_HAL_Driver/Src/stm32h7xx_hal.c ****   */
1216:Drivers/STM32H7xx_HAL_Driver/Src/stm32h7xx_hal.c **** void HAL_EXTI_D2_EventInputConfig(uint32_t EXTI_Line , uint32_t EXTI_Mode,  uint32_t EXTI_LineCmd )
1217:Drivers/STM32H7xx_HAL_Driver/Src/stm32h7xx_hal.c **** {
1218:Drivers/STM32H7xx_HAL_Driver/Src/stm32h7xx_hal.c ****   /* Check the parameter */
1219:Drivers/STM32H7xx_HAL_Driver/Src/stm32h7xx_hal.c ****   assert_param(IS_EXTI_D2_LINE(EXTI_Line));
1220:Drivers/STM32H7xx_HAL_Driver/Src/stm32h7xx_hal.c ****   assert_param(IS_EXTI_MODE_LINE(EXTI_Mode));
1221:Drivers/STM32H7xx_HAL_Driver/Src/stm32h7xx_hal.c **** 
1222:Drivers/STM32H7xx_HAL_Driver/Src/stm32h7xx_hal.c ****   if( (EXTI_Mode & EXTI_MODE_IT) == EXTI_MODE_IT)
1223:Drivers/STM32H7xx_HAL_Driver/Src/stm32h7xx_hal.c ****   {
1224:Drivers/STM32H7xx_HAL_Driver/Src/stm32h7xx_hal.c ****     if( EXTI_LineCmd == 0UL)
1225:Drivers/STM32H7xx_HAL_Driver/Src/stm32h7xx_hal.c ****     {
1226:Drivers/STM32H7xx_HAL_Driver/Src/stm32h7xx_hal.c ****     /* Clear EXTI line configuration */
1227:Drivers/STM32H7xx_HAL_Driver/Src/stm32h7xx_hal.c ****      CLEAR_BIT(*(__IO uint32_t *) (((uint32_t) &(EXTI_D2->IMR1)) + ((EXTI_Line >> 5 ) * 0x10UL)),(u
1228:Drivers/STM32H7xx_HAL_Driver/Src/stm32h7xx_hal.c ****     }
1229:Drivers/STM32H7xx_HAL_Driver/Src/stm32h7xx_hal.c ****     else
1230:Drivers/STM32H7xx_HAL_Driver/Src/stm32h7xx_hal.c ****     {
1231:Drivers/STM32H7xx_HAL_Driver/Src/stm32h7xx_hal.c ****      SET_BIT(*(__IO uint32_t *) (((uint32_t) &(EXTI_D2->IMR1)) + ((EXTI_Line >> 5 ) * 0x10UL)), (ui
1232:Drivers/STM32H7xx_HAL_Driver/Src/stm32h7xx_hal.c ****     }
1233:Drivers/STM32H7xx_HAL_Driver/Src/stm32h7xx_hal.c ****   }
1234:Drivers/STM32H7xx_HAL_Driver/Src/stm32h7xx_hal.c **** 
1235:Drivers/STM32H7xx_HAL_Driver/Src/stm32h7xx_hal.c ****   if( (EXTI_Mode & EXTI_MODE_EVT) == EXTI_MODE_EVT)
1236:Drivers/STM32H7xx_HAL_Driver/Src/stm32h7xx_hal.c ****   {
1237:Drivers/STM32H7xx_HAL_Driver/Src/stm32h7xx_hal.c ****     if( EXTI_LineCmd == 0UL)
1238:Drivers/STM32H7xx_HAL_Driver/Src/stm32h7xx_hal.c ****     {
1239:Drivers/STM32H7xx_HAL_Driver/Src/stm32h7xx_hal.c ****       /* Clear EXTI line configuration */
1240:Drivers/STM32H7xx_HAL_Driver/Src/stm32h7xx_hal.c ****       CLEAR_BIT(  *(__IO uint32_t *) (((uint32_t) &(EXTI_D2->EMR1)) + ((EXTI_Line >> 5 ) * 0x10UL))
1241:Drivers/STM32H7xx_HAL_Driver/Src/stm32h7xx_hal.c ****     }
ARM GAS  C:\Users\l1234\AppData\Local\Temp\ccwXN0d2.s 			page 60


1242:Drivers/STM32H7xx_HAL_Driver/Src/stm32h7xx_hal.c ****     else
1243:Drivers/STM32H7xx_HAL_Driver/Src/stm32h7xx_hal.c ****     {
1244:Drivers/STM32H7xx_HAL_Driver/Src/stm32h7xx_hal.c ****       SET_BIT(  *(__IO uint32_t *) (((uint32_t) &(EXTI_D2->EMR1)) + ((EXTI_Line >> 5 ) * 0x10UL)), 
1245:Drivers/STM32H7xx_HAL_Driver/Src/stm32h7xx_hal.c ****     }
1246:Drivers/STM32H7xx_HAL_Driver/Src/stm32h7xx_hal.c ****   }
1247:Drivers/STM32H7xx_HAL_Driver/Src/stm32h7xx_hal.c **** }
1248:Drivers/STM32H7xx_HAL_Driver/Src/stm32h7xx_hal.c **** #endif /*DUAL_CORE*/
1249:Drivers/STM32H7xx_HAL_Driver/Src/stm32h7xx_hal.c **** 
1250:Drivers/STM32H7xx_HAL_Driver/Src/stm32h7xx_hal.c **** /**
1251:Drivers/STM32H7xx_HAL_Driver/Src/stm32h7xx_hal.c ****   * @brief  Configure the EXTI input event line for Domain D3
1252:Drivers/STM32H7xx_HAL_Driver/Src/stm32h7xx_hal.c ****   * @param   EXTI_Line: Specifies the EXTI LINE, it can be one of the following values,
1253:Drivers/STM32H7xx_HAL_Driver/Src/stm32h7xx_hal.c ****   *         (EXTI_LINE0...EXTI_LINE15),(EXTI_LINE19...EXTI_LINE21),EXTI_LINE25, EXTI_LINE34,
1254:Drivers/STM32H7xx_HAL_Driver/Src/stm32h7xx_hal.c ****   *          EXTI_LINE35,EXTI_LINE41,(EXTI_LINE48...EXTI_LINE53)
1255:Drivers/STM32H7xx_HAL_Driver/Src/stm32h7xx_hal.c ****   * @param   EXTI_LineCmd controls (Enable/Disable) the EXTI line.
1256:Drivers/STM32H7xx_HAL_Driver/Src/stm32h7xx_hal.c ****   * @param   EXTI_ClearSrc: Specifies the clear source of D3 pending event.
1257:Drivers/STM32H7xx_HAL_Driver/Src/stm32h7xx_hal.c ****   *          This parameter can be one of the following values :
1258:Drivers/STM32H7xx_HAL_Driver/Src/stm32h7xx_hal.c ****   *   @arg BDMA_CH6_CLEAR : BDMA ch6 event selected as D3 domain pendclear source
1259:Drivers/STM32H7xx_HAL_Driver/Src/stm32h7xx_hal.c ****   *   @arg BDMA_CH7_CLEAR : BDMA ch7 event selected as D3 domain pendclear source
1260:Drivers/STM32H7xx_HAL_Driver/Src/stm32h7xx_hal.c ****   *   @arg LPTIM4_OUT_CLEAR : LPTIM4 out selected as D3 domain pendclear source
1261:Drivers/STM32H7xx_HAL_Driver/Src/stm32h7xx_hal.c ****   *   @arg LPTIM5_OUT_CLEAR : LPTIM5 out selected as D3 domain pendclear source
1262:Drivers/STM32H7xx_HAL_Driver/Src/stm32h7xx_hal.c ****   * @retval None
1263:Drivers/STM32H7xx_HAL_Driver/Src/stm32h7xx_hal.c ****   */
1264:Drivers/STM32H7xx_HAL_Driver/Src/stm32h7xx_hal.c **** void HAL_EXTI_D3_EventInputConfig(uint32_t EXTI_Line, uint32_t EXTI_LineCmd , uint32_t EXTI_ClearSr
1265:Drivers/STM32H7xx_HAL_Driver/Src/stm32h7xx_hal.c **** {
 2087              		.loc 1 1265 1 is_stmt 1 view -0
 2088              		.cfi_startproc
 2089              		@ args = 0, pretend = 0, frame = 0
 2090              		@ frame_needed = 0, uses_anonymous_args = 0
1266:Drivers/STM32H7xx_HAL_Driver/Src/stm32h7xx_hal.c ****   __IO uint32_t *pRegv;
 2091              		.loc 1 1266 3 view .LVU392
1267:Drivers/STM32H7xx_HAL_Driver/Src/stm32h7xx_hal.c **** 
1268:Drivers/STM32H7xx_HAL_Driver/Src/stm32h7xx_hal.c ****   /* Check the parameter */
1269:Drivers/STM32H7xx_HAL_Driver/Src/stm32h7xx_hal.c ****   assert_param(IS_EXTI_D3_LINE(EXTI_Line));
 2092              		.loc 1 1269 3 view .LVU393
1270:Drivers/STM32H7xx_HAL_Driver/Src/stm32h7xx_hal.c ****   assert_param(IS_EXTI_D3_CLEAR(EXTI_ClearSrc));
 2093              		.loc 1 1270 3 view .LVU394
1271:Drivers/STM32H7xx_HAL_Driver/Src/stm32h7xx_hal.c **** 
1272:Drivers/STM32H7xx_HAL_Driver/Src/stm32h7xx_hal.c ****   if( EXTI_LineCmd == 0UL)
 2094              		.loc 1 1272 3 view .LVU395
1265:Drivers/STM32H7xx_HAL_Driver/Src/stm32h7xx_hal.c ****   __IO uint32_t *pRegv;
 2095              		.loc 1 1265 1 is_stmt 0 view .LVU396
 2096 0000 10B5     		push	{r4, lr}
 2097              	.LCFI9:
 2098              		.cfi_def_cfa_offset 8
 2099              		.cfi_offset 4, -8
 2100              		.cfi_offset 14, -4
1273:Drivers/STM32H7xx_HAL_Driver/Src/stm32h7xx_hal.c ****   {
1274:Drivers/STM32H7xx_HAL_Driver/Src/stm32h7xx_hal.c ****     /* Clear EXTI line configuration */
1275:Drivers/STM32H7xx_HAL_Driver/Src/stm32h7xx_hal.c ****     CLEAR_BIT(*(__IO uint32_t *) (((uint32_t) &(EXTI->D3PMR1)) + ((EXTI_Line >> 5 ) * 0x20UL)),(uin
 2101              		.loc 1 1275 5 view .LVU397
 2102 0002 0123     		movs	r3, #1
 2103 0004 00F01F0E 		and	lr, r0, #31
1265:Drivers/STM32H7xx_HAL_Driver/Src/stm32h7xx_hal.c ****   __IO uint32_t *pRegv;
 2104              		.loc 1 1265 1 view .LVU398
 2105 0008 9446     		mov	ip, r2
 2106              		.loc 1 1275 5 view .LVU399
 2107 000a 124C     		ldr	r4, .L215
ARM GAS  C:\Users\l1234\AppData\Local\Temp\ccwXN0d2.s 			page 61


 2108 000c 20F01F02 		bic	r2, r0, #31
 2109              	.LVL62:
 2110              		.loc 1 1275 5 view .LVU400
 2111 0010 03FA0EF3 		lsl	r3, r3, lr
1272:Drivers/STM32H7xx_HAL_Driver/Src/stm32h7xx_hal.c ****   {
 2112              		.loc 1 1272 5 view .LVU401
 2113 0014 C9B9     		cbnz	r1, .L210
 2114              		.loc 1 1275 5 is_stmt 1 view .LVU402
 2115 0016 1159     		ldr	r1, [r2, r4]
 2116              	.LVL63:
 2117              		.loc 1 1275 5 is_stmt 0 view .LVU403
 2118 0018 21EA0303 		bic	r3, r1, r3
 2119 001c 1351     		str	r3, [r2, r4]
 2120              	.L211:
1276:Drivers/STM32H7xx_HAL_Driver/Src/stm32h7xx_hal.c ****   }
1277:Drivers/STM32H7xx_HAL_Driver/Src/stm32h7xx_hal.c ****   else
1278:Drivers/STM32H7xx_HAL_Driver/Src/stm32h7xx_hal.c ****   {
1279:Drivers/STM32H7xx_HAL_Driver/Src/stm32h7xx_hal.c ****     SET_BIT(*(__IO uint32_t *) (((uint32_t) &(EXTI->D3PMR1)) +((EXTI_Line >> 5 ) * 0x20UL)), (uint3
1280:Drivers/STM32H7xx_HAL_Driver/Src/stm32h7xx_hal.c ****   }
1281:Drivers/STM32H7xx_HAL_Driver/Src/stm32h7xx_hal.c **** 
1282:Drivers/STM32H7xx_HAL_Driver/Src/stm32h7xx_hal.c ****   if(((EXTI_Line>>4)%2UL) == 0UL)
 2121              		.loc 1 1282 3 is_stmt 1 view .LVU404
1283:Drivers/STM32H7xx_HAL_Driver/Src/stm32h7xx_hal.c ****   {
1284:Drivers/STM32H7xx_HAL_Driver/Src/stm32h7xx_hal.c ****     pRegv = (__IO uint32_t *) (((uint32_t) &(EXTI->D3PCR1L)) + ((EXTI_Line >> 5 ) * 0x20UL));
 2122              		.loc 1 1284 5 view .LVU405
1285:Drivers/STM32H7xx_HAL_Driver/Src/stm32h7xx_hal.c ****   }
1286:Drivers/STM32H7xx_HAL_Driver/Src/stm32h7xx_hal.c ****   else
1287:Drivers/STM32H7xx_HAL_Driver/Src/stm32h7xx_hal.c ****   {
1288:Drivers/STM32H7xx_HAL_Driver/Src/stm32h7xx_hal.c ****     pRegv = (__IO uint32_t *) (((uint32_t) &(EXTI->D3PCR1H)) + ((EXTI_Line >> 5 ) * 0x20UL));
 2123              		.loc 1 1288 5 view .LVU406
1282:Drivers/STM32H7xx_HAL_Driver/Src/stm32h7xx_hal.c ****   {
 2124              		.loc 1 1282 5 is_stmt 0 view .LVU407
 2125 001e C306     		lsls	r3, r0, #27
1289:Drivers/STM32H7xx_HAL_Driver/Src/stm32h7xx_hal.c ****   }
1290:Drivers/STM32H7xx_HAL_Driver/Src/stm32h7xx_hal.c ****   MODIFY_REG(*pRegv, (uint32_t)(3UL << ((EXTI_Line*2UL) & 0x1FUL)), (uint32_t)(EXTI_ClearSrc << ((E
 2126              		.loc 1 1290 3 view .LVU408
 2127 0020 4FEA4000 		lsl	r0, r0, #1
 2128              	.LVL64:
 2129              		.loc 1 1290 3 view .LVU409
 2130 0024 4FF0030E 		mov	lr, #3
1284:Drivers/STM32H7xx_HAL_Driver/Src/stm32h7xx_hal.c ****   }
 2131              		.loc 1 1284 62 view .LVU410
 2132 0028 58BF     		it	pl
 2133 002a 0B4B     		ldrpl	r3, .L215+4
 2134              		.loc 1 1290 3 view .LVU411
 2135 002c 00F01E00 		and	r0, r0, #30
1288:Drivers/STM32H7xx_HAL_Driver/Src/stm32h7xx_hal.c ****   }
 2136              		.loc 1 1288 62 view .LVU412
 2137 0030 48BF     		it	mi
 2138 0032 0A4B     		ldrmi	r3, .L215+8
 2139              		.loc 1 1290 3 view .LVU413
 2140 0034 0EFA00FE 		lsl	lr, lr, r0
 2141 0038 0CFA00F1 		lsl	r1, ip, r0
1288:Drivers/STM32H7xx_HAL_Driver/Src/stm32h7xx_hal.c ****   }
 2142              		.loc 1 1288 62 view .LVU414
 2143 003c 1344     		add	r3, r3, r2
 2144              	.LVL65:
ARM GAS  C:\Users\l1234\AppData\Local\Temp\ccwXN0d2.s 			page 62


 2145              		.loc 1 1290 3 is_stmt 1 view .LVU415
 2146 003e 1A68     		ldr	r2, [r3]
 2147 0040 22EA0E02 		bic	r2, r2, lr
 2148 0044 0A43     		orrs	r2, r2, r1
 2149 0046 1A60     		str	r2, [r3]
1291:Drivers/STM32H7xx_HAL_Driver/Src/stm32h7xx_hal.c **** 
1292:Drivers/STM32H7xx_HAL_Driver/Src/stm32h7xx_hal.c **** }
 2150              		.loc 1 1292 1 is_stmt 0 view .LVU416
 2151 0048 10BD     		pop	{r4, pc}
 2152              	.LVL66:
 2153              	.L210:
1279:Drivers/STM32H7xx_HAL_Driver/Src/stm32h7xx_hal.c ****   }
 2154              		.loc 1 1279 5 is_stmt 1 view .LVU417
 2155 004a 1159     		ldr	r1, [r2, r4]
 2156              	.LVL67:
1279:Drivers/STM32H7xx_HAL_Driver/Src/stm32h7xx_hal.c ****   }
 2157              		.loc 1 1279 5 is_stmt 0 view .LVU418
 2158 004c 0B43     		orrs	r3, r3, r1
 2159 004e 1351     		str	r3, [r2, r4]
 2160 0050 E5E7     		b	.L211
 2161              	.L216:
 2162 0052 00BF     		.align	2
 2163              	.L215:
 2164 0054 0C000058 		.word	1476395020
 2165 0058 10000058 		.word	1476395024
 2166 005c 14000058 		.word	1476395028
 2167              		.cfi_endproc
 2168              	.LFE197:
 2170              		.global	uwTickFreq
 2171              		.section	.data.uwTickFreq,"aw"
 2174              	uwTickFreq:
 2175 0000 01       		.byte	1
 2176              		.global	uwTickPrio
 2177              		.section	.data.uwTickPrio,"aw"
 2178              		.align	2
 2181              	uwTickPrio:
 2182 0000 10000000 		.word	16
 2183              		.global	uwTick
 2184              		.section	.bss.uwTick,"aw",%nobits
 2185              		.align	2
 2188              	uwTick:
 2189 0000 00000000 		.space	4
 2190              		.text
 2191              	.Letext0:
 2192              		.file 2 "Drivers/CMSIS/Device/ST/STM32H7xx/Include/stm32h723xx.h"
 2193              		.file 3 "c:\\msys64\\mingw64\\arm-none-eabi\\include\\machine\\_default_types.h"
 2194              		.file 4 "c:\\msys64\\mingw64\\arm-none-eabi\\include\\sys\\_stdint.h"
 2195              		.file 5 "Drivers/CMSIS/Include/core_cm7.h"
 2196              		.file 6 "Drivers/CMSIS/Device/ST/STM32H7xx/Include/system_stm32h7xx.h"
 2197              		.file 7 "Drivers/STM32H7xx_HAL_Driver/Inc/stm32h7xx_hal_def.h"
 2198              		.file 8 "Drivers/STM32H7xx_HAL_Driver/Inc/stm32h7xx_hal.h"
 2199              		.file 9 "Drivers/STM32H7xx_HAL_Driver/Inc/stm32h7xx_hal_cortex.h"
 2200              		.file 10 "Drivers/STM32H7xx_HAL_Driver/Inc/stm32h7xx_hal_rcc.h"
ARM GAS  C:\Users\l1234\AppData\Local\Temp\ccwXN0d2.s 			page 63


DEFINED SYMBOLS
                            *ABS*:00000000 stm32h7xx_hal.c
C:\Users\l1234\AppData\Local\Temp\ccwXN0d2.s:20     .text.HAL_MspInit:00000000 $t
C:\Users\l1234\AppData\Local\Temp\ccwXN0d2.s:27     .text.HAL_MspInit:00000000 HAL_MspInit
C:\Users\l1234\AppData\Local\Temp\ccwXN0d2.s:40     .text.HAL_MspDeInit:00000000 $t
C:\Users\l1234\AppData\Local\Temp\ccwXN0d2.s:47     .text.HAL_MspDeInit:00000000 HAL_MspDeInit
C:\Users\l1234\AppData\Local\Temp\ccwXN0d2.s:59     .text.HAL_DeInit:00000000 $t
C:\Users\l1234\AppData\Local\Temp\ccwXN0d2.s:66     .text.HAL_DeInit:00000000 HAL_DeInit
C:\Users\l1234\AppData\Local\Temp\ccwXN0d2.s:154    .text.HAL_DeInit:00000064 $d
C:\Users\l1234\AppData\Local\Temp\ccwXN0d2.s:167    .text.HAL_InitTick:00000000 $t
C:\Users\l1234\AppData\Local\Temp\ccwXN0d2.s:174    .text.HAL_InitTick:00000000 HAL_InitTick
C:\Users\l1234\AppData\Local\Temp\ccwXN0d2.s:254    .text.HAL_InitTick:00000040 $d
C:\Users\l1234\AppData\Local\Temp\ccwXN0d2.s:2174   .data.uwTickFreq:00000000 uwTickFreq
C:\Users\l1234\AppData\Local\Temp\ccwXN0d2.s:2181   .data.uwTickPrio:00000000 uwTickPrio
C:\Users\l1234\AppData\Local\Temp\ccwXN0d2.s:261    .text.HAL_Init:00000000 $t
C:\Users\l1234\AppData\Local\Temp\ccwXN0d2.s:268    .text.HAL_Init:00000000 HAL_Init
C:\Users\l1234\AppData\Local\Temp\ccwXN0d2.s:352    .text.HAL_Init:00000050 $d
C:\Users\l1234\AppData\Local\Temp\ccwXN0d2.s:360    .text.HAL_IncTick:00000000 $t
C:\Users\l1234\AppData\Local\Temp\ccwXN0d2.s:367    .text.HAL_IncTick:00000000 HAL_IncTick
C:\Users\l1234\AppData\Local\Temp\ccwXN0d2.s:391    .text.HAL_IncTick:00000010 $d
C:\Users\l1234\AppData\Local\Temp\ccwXN0d2.s:2188   .bss.uwTick:00000000 uwTick
C:\Users\l1234\AppData\Local\Temp\ccwXN0d2.s:397    .text.HAL_GetTick:00000000 $t
C:\Users\l1234\AppData\Local\Temp\ccwXN0d2.s:404    .text.HAL_GetTick:00000000 HAL_GetTick
C:\Users\l1234\AppData\Local\Temp\ccwXN0d2.s:420    .text.HAL_GetTick:00000008 $d
C:\Users\l1234\AppData\Local\Temp\ccwXN0d2.s:425    .text.HAL_GetTickPrio:00000000 $t
C:\Users\l1234\AppData\Local\Temp\ccwXN0d2.s:432    .text.HAL_GetTickPrio:00000000 HAL_GetTickPrio
C:\Users\l1234\AppData\Local\Temp\ccwXN0d2.s:448    .text.HAL_GetTickPrio:00000008 $d
C:\Users\l1234\AppData\Local\Temp\ccwXN0d2.s:453    .text.HAL_SetTickFreq:00000000 $t
C:\Users\l1234\AppData\Local\Temp\ccwXN0d2.s:460    .text.HAL_SetTickFreq:00000000 HAL_SetTickFreq
C:\Users\l1234\AppData\Local\Temp\ccwXN0d2.s:523    .text.HAL_SetTickFreq:00000020 $d
C:\Users\l1234\AppData\Local\Temp\ccwXN0d2.s:529    .text.HAL_GetTickFreq:00000000 $t
C:\Users\l1234\AppData\Local\Temp\ccwXN0d2.s:536    .text.HAL_GetTickFreq:00000000 HAL_GetTickFreq
C:\Users\l1234\AppData\Local\Temp\ccwXN0d2.s:552    .text.HAL_GetTickFreq:00000008 $d
C:\Users\l1234\AppData\Local\Temp\ccwXN0d2.s:557    .text.HAL_Delay:00000000 $t
C:\Users\l1234\AppData\Local\Temp\ccwXN0d2.s:564    .text.HAL_Delay:00000000 HAL_Delay
C:\Users\l1234\AppData\Local\Temp\ccwXN0d2.s:618    .text.HAL_Delay:00000020 $d
C:\Users\l1234\AppData\Local\Temp\ccwXN0d2.s:623    .text.HAL_SuspendTick:00000000 $t
C:\Users\l1234\AppData\Local\Temp\ccwXN0d2.s:630    .text.HAL_SuspendTick:00000000 HAL_SuspendTick
C:\Users\l1234\AppData\Local\Temp\ccwXN0d2.s:650    .text.HAL_ResumeTick:00000000 $t
C:\Users\l1234\AppData\Local\Temp\ccwXN0d2.s:657    .text.HAL_ResumeTick:00000000 HAL_ResumeTick
C:\Users\l1234\AppData\Local\Temp\ccwXN0d2.s:677    .text.HAL_GetHalVersion:00000000 $t
C:\Users\l1234\AppData\Local\Temp\ccwXN0d2.s:684    .text.HAL_GetHalVersion:00000000 HAL_GetHalVersion
C:\Users\l1234\AppData\Local\Temp\ccwXN0d2.s:698    .text.HAL_GetHalVersion:00000004 $d
C:\Users\l1234\AppData\Local\Temp\ccwXN0d2.s:703    .text.HAL_GetREVID:00000000 $t
C:\Users\l1234\AppData\Local\Temp\ccwXN0d2.s:710    .text.HAL_GetREVID:00000000 HAL_GetREVID
C:\Users\l1234\AppData\Local\Temp\ccwXN0d2.s:727    .text.HAL_GetREVID:00000008 $d
C:\Users\l1234\AppData\Local\Temp\ccwXN0d2.s:732    .text.HAL_GetDEVID:00000000 $t
C:\Users\l1234\AppData\Local\Temp\ccwXN0d2.s:739    .text.HAL_GetDEVID:00000000 HAL_GetDEVID
C:\Users\l1234\AppData\Local\Temp\ccwXN0d2.s:756    .text.HAL_GetDEVID:0000000c $d
C:\Users\l1234\AppData\Local\Temp\ccwXN0d2.s:761    .text.HAL_GetUIDw0:00000000 $t
C:\Users\l1234\AppData\Local\Temp\ccwXN0d2.s:768    .text.HAL_GetUIDw0:00000000 HAL_GetUIDw0
C:\Users\l1234\AppData\Local\Temp\ccwXN0d2.s:784    .text.HAL_GetUIDw0:00000008 $d
C:\Users\l1234\AppData\Local\Temp\ccwXN0d2.s:789    .text.HAL_GetUIDw1:00000000 $t
C:\Users\l1234\AppData\Local\Temp\ccwXN0d2.s:796    .text.HAL_GetUIDw1:00000000 HAL_GetUIDw1
C:\Users\l1234\AppData\Local\Temp\ccwXN0d2.s:812    .text.HAL_GetUIDw1:00000008 $d
C:\Users\l1234\AppData\Local\Temp\ccwXN0d2.s:817    .text.HAL_GetUIDw2:00000000 $t
C:\Users\l1234\AppData\Local\Temp\ccwXN0d2.s:824    .text.HAL_GetUIDw2:00000000 HAL_GetUIDw2
ARM GAS  C:\Users\l1234\AppData\Local\Temp\ccwXN0d2.s 			page 64


C:\Users\l1234\AppData\Local\Temp\ccwXN0d2.s:840    .text.HAL_GetUIDw2:00000008 $d
C:\Users\l1234\AppData\Local\Temp\ccwXN0d2.s:845    .text.HAL_SYSCFG_VREFBUF_VoltageScalingConfig:00000000 $t
C:\Users\l1234\AppData\Local\Temp\ccwXN0d2.s:852    .text.HAL_SYSCFG_VREFBUF_VoltageScalingConfig:00000000 HAL_SYSCFG_VREFBUF_VoltageScalingConfig
C:\Users\l1234\AppData\Local\Temp\ccwXN0d2.s:872    .text.HAL_SYSCFG_VREFBUF_VoltageScalingConfig:00000010 $d
C:\Users\l1234\AppData\Local\Temp\ccwXN0d2.s:877    .text.HAL_SYSCFG_VREFBUF_HighImpedanceConfig:00000000 $t
C:\Users\l1234\AppData\Local\Temp\ccwXN0d2.s:884    .text.HAL_SYSCFG_VREFBUF_HighImpedanceConfig:00000000 HAL_SYSCFG_VREFBUF_HighImpedanceConfig
C:\Users\l1234\AppData\Local\Temp\ccwXN0d2.s:904    .text.HAL_SYSCFG_VREFBUF_HighImpedanceConfig:00000010 $d
C:\Users\l1234\AppData\Local\Temp\ccwXN0d2.s:909    .text.HAL_SYSCFG_VREFBUF_TrimmingConfig:00000000 $t
C:\Users\l1234\AppData\Local\Temp\ccwXN0d2.s:916    .text.HAL_SYSCFG_VREFBUF_TrimmingConfig:00000000 HAL_SYSCFG_VREFBUF_TrimmingConfig
C:\Users\l1234\AppData\Local\Temp\ccwXN0d2.s:936    .text.HAL_SYSCFG_VREFBUF_TrimmingConfig:00000010 $d
C:\Users\l1234\AppData\Local\Temp\ccwXN0d2.s:941    .text.HAL_SYSCFG_EnableVREFBUF:00000000 $t
C:\Users\l1234\AppData\Local\Temp\ccwXN0d2.s:948    .text.HAL_SYSCFG_EnableVREFBUF:00000000 HAL_SYSCFG_EnableVREFBUF
C:\Users\l1234\AppData\Local\Temp\ccwXN0d2.s:1011   .text.HAL_SYSCFG_EnableVREFBUF:0000002c $d
C:\Users\l1234\AppData\Local\Temp\ccwXN0d2.s:1016   .text.HAL_SYSCFG_DisableVREFBUF:00000000 $t
C:\Users\l1234\AppData\Local\Temp\ccwXN0d2.s:1023   .text.HAL_SYSCFG_DisableVREFBUF:00000000 HAL_SYSCFG_DisableVREFBUF
C:\Users\l1234\AppData\Local\Temp\ccwXN0d2.s:1040   .text.HAL_SYSCFG_DisableVREFBUF:0000000c $d
C:\Users\l1234\AppData\Local\Temp\ccwXN0d2.s:1045   .text.HAL_SYSCFG_ETHInterfaceSelect:00000000 $t
C:\Users\l1234\AppData\Local\Temp\ccwXN0d2.s:1052   .text.HAL_SYSCFG_ETHInterfaceSelect:00000000 HAL_SYSCFG_ETHInterfaceSelect
C:\Users\l1234\AppData\Local\Temp\ccwXN0d2.s:1072   .text.HAL_SYSCFG_ETHInterfaceSelect:00000010 $d
C:\Users\l1234\AppData\Local\Temp\ccwXN0d2.s:1077   .text.HAL_SYSCFG_AnalogSwitchConfig:00000000 $t
C:\Users\l1234\AppData\Local\Temp\ccwXN0d2.s:1084   .text.HAL_SYSCFG_AnalogSwitchConfig:00000000 HAL_SYSCFG_AnalogSwitchConfig
C:\Users\l1234\AppData\Local\Temp\ccwXN0d2.s:1105   .text.HAL_SYSCFG_AnalogSwitchConfig:00000010 $d
C:\Users\l1234\AppData\Local\Temp\ccwXN0d2.s:1110   .text.HAL_SYSCFG_EnableBOOST:00000000 $t
C:\Users\l1234\AppData\Local\Temp\ccwXN0d2.s:1117   .text.HAL_SYSCFG_EnableBOOST:00000000 HAL_SYSCFG_EnableBOOST
C:\Users\l1234\AppData\Local\Temp\ccwXN0d2.s:1134   .text.HAL_SYSCFG_EnableBOOST:0000000c $d
C:\Users\l1234\AppData\Local\Temp\ccwXN0d2.s:1139   .text.HAL_SYSCFG_DisableBOOST:00000000 $t
C:\Users\l1234\AppData\Local\Temp\ccwXN0d2.s:1146   .text.HAL_SYSCFG_DisableBOOST:00000000 HAL_SYSCFG_DisableBOOST
C:\Users\l1234\AppData\Local\Temp\ccwXN0d2.s:1163   .text.HAL_SYSCFG_DisableBOOST:0000000c $d
C:\Users\l1234\AppData\Local\Temp\ccwXN0d2.s:1168   .text.HAL_SYSCFG_CM7BootAddConfig:00000000 $t
C:\Users\l1234\AppData\Local\Temp\ccwXN0d2.s:1175   .text.HAL_SYSCFG_CM7BootAddConfig:00000000 HAL_SYSCFG_CM7BootAddConfig
C:\Users\l1234\AppData\Local\Temp\ccwXN0d2.s:1213   .text.HAL_SYSCFG_CM7BootAddConfig:00000028 $d
C:\Users\l1234\AppData\Local\Temp\ccwXN0d2.s:1219   .text.HAL_EnableCompensationCell:00000000 $t
C:\Users\l1234\AppData\Local\Temp\ccwXN0d2.s:1226   .text.HAL_EnableCompensationCell:00000000 HAL_EnableCompensationCell
C:\Users\l1234\AppData\Local\Temp\ccwXN0d2.s:1243   .text.HAL_EnableCompensationCell:0000000c $d
C:\Users\l1234\AppData\Local\Temp\ccwXN0d2.s:1248   .text.HAL_DisableCompensationCell:00000000 $t
C:\Users\l1234\AppData\Local\Temp\ccwXN0d2.s:1255   .text.HAL_DisableCompensationCell:00000000 HAL_DisableCompensationCell
C:\Users\l1234\AppData\Local\Temp\ccwXN0d2.s:1272   .text.HAL_DisableCompensationCell:0000000c $d
C:\Users\l1234\AppData\Local\Temp\ccwXN0d2.s:1277   .text.HAL_SYSCFG_EnableIOSpeedOptimize:00000000 $t
C:\Users\l1234\AppData\Local\Temp\ccwXN0d2.s:1284   .text.HAL_SYSCFG_EnableIOSpeedOptimize:00000000 HAL_SYSCFG_EnableIOSpeedOptimize
C:\Users\l1234\AppData\Local\Temp\ccwXN0d2.s:1301   .text.HAL_SYSCFG_EnableIOSpeedOptimize:0000000c $d
C:\Users\l1234\AppData\Local\Temp\ccwXN0d2.s:1306   .text.HAL_SYSCFG_DisableIOSpeedOptimize:00000000 $t
C:\Users\l1234\AppData\Local\Temp\ccwXN0d2.s:1313   .text.HAL_SYSCFG_DisableIOSpeedOptimize:00000000 HAL_SYSCFG_DisableIOSpeedOptimize
C:\Users\l1234\AppData\Local\Temp\ccwXN0d2.s:1330   .text.HAL_SYSCFG_DisableIOSpeedOptimize:0000000c $d
C:\Users\l1234\AppData\Local\Temp\ccwXN0d2.s:1335   .text.HAL_SYSCFG_CompensationCodeSelect:00000000 $t
C:\Users\l1234\AppData\Local\Temp\ccwXN0d2.s:1342   .text.HAL_SYSCFG_CompensationCodeSelect:00000000 HAL_SYSCFG_CompensationCodeSelect
C:\Users\l1234\AppData\Local\Temp\ccwXN0d2.s:1362   .text.HAL_SYSCFG_CompensationCodeSelect:00000010 $d
C:\Users\l1234\AppData\Local\Temp\ccwXN0d2.s:1367   .text.HAL_SYSCFG_CompensationCodeConfig:00000000 $t
C:\Users\l1234\AppData\Local\Temp\ccwXN0d2.s:1374   .text.HAL_SYSCFG_CompensationCodeConfig:00000000 HAL_SYSCFG_CompensationCodeConfig
C:\Users\l1234\AppData\Local\Temp\ccwXN0d2.s:1396   .text.HAL_SYSCFG_CompensationCodeConfig:00000014 $d
C:\Users\l1234\AppData\Local\Temp\ccwXN0d2.s:1401   .text.HAL_SYSCFG_ADC2ALT_Rout0Config:00000000 $t
C:\Users\l1234\AppData\Local\Temp\ccwXN0d2.s:1408   .text.HAL_SYSCFG_ADC2ALT_Rout0Config:00000000 HAL_SYSCFG_ADC2ALT_Rout0Config
C:\Users\l1234\AppData\Local\Temp\ccwXN0d2.s:1428   .text.HAL_SYSCFG_ADC2ALT_Rout0Config:00000010 $d
C:\Users\l1234\AppData\Local\Temp\ccwXN0d2.s:1433   .text.HAL_SYSCFG_ADC2ALT_Rout1Config:00000000 $t
C:\Users\l1234\AppData\Local\Temp\ccwXN0d2.s:1440   .text.HAL_SYSCFG_ADC2ALT_Rout1Config:00000000 HAL_SYSCFG_ADC2ALT_Rout1Config
C:\Users\l1234\AppData\Local\Temp\ccwXN0d2.s:1460   .text.HAL_SYSCFG_ADC2ALT_Rout1Config:00000010 $d
C:\Users\l1234\AppData\Local\Temp\ccwXN0d2.s:1465   .text.HAL_DBGMCU_EnableDBGSleepMode:00000000 $t
C:\Users\l1234\AppData\Local\Temp\ccwXN0d2.s:1472   .text.HAL_DBGMCU_EnableDBGSleepMode:00000000 HAL_DBGMCU_EnableDBGSleepMode
ARM GAS  C:\Users\l1234\AppData\Local\Temp\ccwXN0d2.s 			page 65


C:\Users\l1234\AppData\Local\Temp\ccwXN0d2.s:1489   .text.HAL_DBGMCU_EnableDBGSleepMode:0000000c $d
C:\Users\l1234\AppData\Local\Temp\ccwXN0d2.s:1494   .text.HAL_DBGMCU_DisableDBGSleepMode:00000000 $t
C:\Users\l1234\AppData\Local\Temp\ccwXN0d2.s:1501   .text.HAL_DBGMCU_DisableDBGSleepMode:00000000 HAL_DBGMCU_DisableDBGSleepMode
C:\Users\l1234\AppData\Local\Temp\ccwXN0d2.s:1518   .text.HAL_DBGMCU_DisableDBGSleepMode:0000000c $d
C:\Users\l1234\AppData\Local\Temp\ccwXN0d2.s:1523   .text.HAL_DBGMCU_EnableDBGStopMode:00000000 $t
C:\Users\l1234\AppData\Local\Temp\ccwXN0d2.s:1530   .text.HAL_DBGMCU_EnableDBGStopMode:00000000 HAL_DBGMCU_EnableDBGStopMode
C:\Users\l1234\AppData\Local\Temp\ccwXN0d2.s:1547   .text.HAL_DBGMCU_EnableDBGStopMode:0000000c $d
C:\Users\l1234\AppData\Local\Temp\ccwXN0d2.s:1552   .text.HAL_DBGMCU_DisableDBGStopMode:00000000 $t
C:\Users\l1234\AppData\Local\Temp\ccwXN0d2.s:1559   .text.HAL_DBGMCU_DisableDBGStopMode:00000000 HAL_DBGMCU_DisableDBGStopMode
C:\Users\l1234\AppData\Local\Temp\ccwXN0d2.s:1576   .text.HAL_DBGMCU_DisableDBGStopMode:0000000c $d
C:\Users\l1234\AppData\Local\Temp\ccwXN0d2.s:1581   .text.HAL_DBGMCU_EnableDBGStandbyMode:00000000 $t
C:\Users\l1234\AppData\Local\Temp\ccwXN0d2.s:1588   .text.HAL_DBGMCU_EnableDBGStandbyMode:00000000 HAL_DBGMCU_EnableDBGStandbyMode
C:\Users\l1234\AppData\Local\Temp\ccwXN0d2.s:1605   .text.HAL_DBGMCU_EnableDBGStandbyMode:0000000c $d
C:\Users\l1234\AppData\Local\Temp\ccwXN0d2.s:1610   .text.HAL_DBGMCU_DisableDBGStandbyMode:00000000 $t
C:\Users\l1234\AppData\Local\Temp\ccwXN0d2.s:1617   .text.HAL_DBGMCU_DisableDBGStandbyMode:00000000 HAL_DBGMCU_DisableDBGStandbyMode
C:\Users\l1234\AppData\Local\Temp\ccwXN0d2.s:1634   .text.HAL_DBGMCU_DisableDBGStandbyMode:0000000c $d
C:\Users\l1234\AppData\Local\Temp\ccwXN0d2.s:1639   .text.HAL_EnableDomain3DBGStopMode:00000000 $t
C:\Users\l1234\AppData\Local\Temp\ccwXN0d2.s:1646   .text.HAL_EnableDomain3DBGStopMode:00000000 HAL_EnableDomain3DBGStopMode
C:\Users\l1234\AppData\Local\Temp\ccwXN0d2.s:1663   .text.HAL_EnableDomain3DBGStopMode:0000000c $d
C:\Users\l1234\AppData\Local\Temp\ccwXN0d2.s:1668   .text.HAL_DisableDomain3DBGStopMode:00000000 $t
C:\Users\l1234\AppData\Local\Temp\ccwXN0d2.s:1675   .text.HAL_DisableDomain3DBGStopMode:00000000 HAL_DisableDomain3DBGStopMode
C:\Users\l1234\AppData\Local\Temp\ccwXN0d2.s:1692   .text.HAL_DisableDomain3DBGStopMode:0000000c $d
C:\Users\l1234\AppData\Local\Temp\ccwXN0d2.s:1697   .text.HAL_EnableDomain3DBGStandbyMode:00000000 $t
C:\Users\l1234\AppData\Local\Temp\ccwXN0d2.s:1704   .text.HAL_EnableDomain3DBGStandbyMode:00000000 HAL_EnableDomain3DBGStandbyMode
C:\Users\l1234\AppData\Local\Temp\ccwXN0d2.s:1721   .text.HAL_EnableDomain3DBGStandbyMode:0000000c $d
C:\Users\l1234\AppData\Local\Temp\ccwXN0d2.s:1726   .text.HAL_DisableDomain3DBGStandbyMode:00000000 $t
C:\Users\l1234\AppData\Local\Temp\ccwXN0d2.s:1733   .text.HAL_DisableDomain3DBGStandbyMode:00000000 HAL_DisableDomain3DBGStandbyMode
C:\Users\l1234\AppData\Local\Temp\ccwXN0d2.s:1750   .text.HAL_DisableDomain3DBGStandbyMode:0000000c $d
C:\Users\l1234\AppData\Local\Temp\ccwXN0d2.s:1755   .text.HAL_SetFMCMemorySwappingConfig:00000000 $t
C:\Users\l1234\AppData\Local\Temp\ccwXN0d2.s:1762   .text.HAL_SetFMCMemorySwappingConfig:00000000 HAL_SetFMCMemorySwappingConfig
C:\Users\l1234\AppData\Local\Temp\ccwXN0d2.s:1782   .text.HAL_SetFMCMemorySwappingConfig:00000010 $d
C:\Users\l1234\AppData\Local\Temp\ccwXN0d2.s:1787   .text.HAL_GetFMCMemorySwappingConfig:00000000 $t
C:\Users\l1234\AppData\Local\Temp\ccwXN0d2.s:1794   .text.HAL_GetFMCMemorySwappingConfig:00000000 HAL_GetFMCMemorySwappingConfig
C:\Users\l1234\AppData\Local\Temp\ccwXN0d2.s:1811   .text.HAL_GetFMCMemorySwappingConfig:0000000c $d
C:\Users\l1234\AppData\Local\Temp\ccwXN0d2.s:1816   .text.HAL_EXTI_EdgeConfig:00000000 $t
C:\Users\l1234\AppData\Local\Temp\ccwXN0d2.s:1823   .text.HAL_EXTI_EdgeConfig:00000000 HAL_EXTI_EdgeConfig
C:\Users\l1234\AppData\Local\Temp\ccwXN0d2.s:1887   .text.HAL_EXTI_EdgeConfig:0000003c $d
C:\Users\l1234\AppData\Local\Temp\ccwXN0d2.s:1892   .text.HAL_EXTI_GenerateSWInterrupt:00000000 $t
C:\Users\l1234\AppData\Local\Temp\ccwXN0d2.s:1899   .text.HAL_EXTI_GenerateSWInterrupt:00000000 HAL_EXTI_GenerateSWInterrupt
C:\Users\l1234\AppData\Local\Temp\ccwXN0d2.s:1924   .text.HAL_EXTI_GenerateSWInterrupt:00000018 $d
C:\Users\l1234\AppData\Local\Temp\ccwXN0d2.s:1929   .text.HAL_EXTI_D1_ClearFlag:00000000 $t
C:\Users\l1234\AppData\Local\Temp\ccwXN0d2.s:1936   .text.HAL_EXTI_D1_ClearFlag:00000000 HAL_EXTI_D1_ClearFlag
C:\Users\l1234\AppData\Local\Temp\ccwXN0d2.s:1960   .text.HAL_EXTI_D1_ClearFlag:00000014 $d
C:\Users\l1234\AppData\Local\Temp\ccwXN0d2.s:1965   .text.HAL_EXTI_D1_EventInputConfig:00000000 $t
C:\Users\l1234\AppData\Local\Temp\ccwXN0d2.s:1972   .text.HAL_EXTI_D1_EventInputConfig:00000000 HAL_EXTI_D1_EventInputConfig
C:\Users\l1234\AppData\Local\Temp\ccwXN0d2.s:2071   .text.HAL_EXTI_D1_EventInputConfig:00000074 $d
C:\Users\l1234\AppData\Local\Temp\ccwXN0d2.s:2077   .text.HAL_EXTI_D3_EventInputConfig:00000000 $t
C:\Users\l1234\AppData\Local\Temp\ccwXN0d2.s:2084   .text.HAL_EXTI_D3_EventInputConfig:00000000 HAL_EXTI_D3_EventInputConfig
C:\Users\l1234\AppData\Local\Temp\ccwXN0d2.s:2164   .text.HAL_EXTI_D3_EventInputConfig:00000054 $d
C:\Users\l1234\AppData\Local\Temp\ccwXN0d2.s:2178   .data.uwTickPrio:00000000 $d
C:\Users\l1234\AppData\Local\Temp\ccwXN0d2.s:2185   .bss.uwTick:00000000 $d

UNDEFINED SYMBOLS
HAL_SYSTICK_Config
HAL_NVIC_SetPriority
SystemCoreClock
HAL_NVIC_SetPriorityGrouping
ARM GAS  C:\Users\l1234\AppData\Local\Temp\ccwXN0d2.s 			page 66


HAL_RCC_GetSysClockFreq
SystemD2Clock
D1CorePrescTable
