ARM GAS  C:\Users\l1234\AppData\Local\Temp\ccOguE8V.s 			page 1


   1              		.cpu cortex-m7
   2              		.arch armv7e-m
   3              		.fpu fpv5-d16
   4              		.eabi_attribute 28, 1
   5              		.eabi_attribute 20, 1
   6              		.eabi_attribute 21, 1
   7              		.eabi_attribute 23, 3
   8              		.eabi_attribute 24, 1
   9              		.eabi_attribute 25, 1
  10              		.eabi_attribute 26, 1
  11              		.eabi_attribute 30, 2
  12              		.eabi_attribute 34, 1
  13              		.eabi_attribute 18, 4
  14              		.file	"stm32h7xx_hal_gpio.c"
  15              		.text
  16              	.Ltext0:
  17              		.cfi_sections	.debug_frame
  18              		.file 1 "Drivers/STM32H7xx_HAL_Driver/Src/stm32h7xx_hal_gpio.c"
  19              		.section	.text.HAL_GPIO_Init,"ax",%progbits
  20              		.align	1
  21              		.p2align 2,,3
  22              		.global	HAL_GPIO_Init
  23              		.syntax unified
  24              		.thumb
  25              		.thumb_func
  27              	HAL_GPIO_Init:
  28              	.LVL0:
  29              	.LFB144:
   1:Drivers/STM32H7xx_HAL_Driver/Src/stm32h7xx_hal_gpio.c **** /**
   2:Drivers/STM32H7xx_HAL_Driver/Src/stm32h7xx_hal_gpio.c ****   ******************************************************************************
   3:Drivers/STM32H7xx_HAL_Driver/Src/stm32h7xx_hal_gpio.c ****   * @file    stm32h7xx_hal_gpio.c
   4:Drivers/STM32H7xx_HAL_Driver/Src/stm32h7xx_hal_gpio.c ****   * @author  MCD Application Team
   5:Drivers/STM32H7xx_HAL_Driver/Src/stm32h7xx_hal_gpio.c ****   * @brief   GPIO HAL module driver.
   6:Drivers/STM32H7xx_HAL_Driver/Src/stm32h7xx_hal_gpio.c ****   *          This file provides firmware functions to manage the following
   7:Drivers/STM32H7xx_HAL_Driver/Src/stm32h7xx_hal_gpio.c ****   *          functionalities of the General Purpose Input/Output (GPIO) peripheral:
   8:Drivers/STM32H7xx_HAL_Driver/Src/stm32h7xx_hal_gpio.c ****   *           + Initialization and de-initialization functions
   9:Drivers/STM32H7xx_HAL_Driver/Src/stm32h7xx_hal_gpio.c ****   *           + IO operation functions
  10:Drivers/STM32H7xx_HAL_Driver/Src/stm32h7xx_hal_gpio.c ****   *
  11:Drivers/STM32H7xx_HAL_Driver/Src/stm32h7xx_hal_gpio.c ****   ******************************************************************************
  12:Drivers/STM32H7xx_HAL_Driver/Src/stm32h7xx_hal_gpio.c ****   * @attention
  13:Drivers/STM32H7xx_HAL_Driver/Src/stm32h7xx_hal_gpio.c ****   *
  14:Drivers/STM32H7xx_HAL_Driver/Src/stm32h7xx_hal_gpio.c ****   * Copyright (c) 2017 STMicroelectronics.
  15:Drivers/STM32H7xx_HAL_Driver/Src/stm32h7xx_hal_gpio.c ****   * All rights reserved.
  16:Drivers/STM32H7xx_HAL_Driver/Src/stm32h7xx_hal_gpio.c ****   *
  17:Drivers/STM32H7xx_HAL_Driver/Src/stm32h7xx_hal_gpio.c ****   * This software is licensed under terms that can be found in the LICENSE file
  18:Drivers/STM32H7xx_HAL_Driver/Src/stm32h7xx_hal_gpio.c ****   * in the root directory of this software component.
  19:Drivers/STM32H7xx_HAL_Driver/Src/stm32h7xx_hal_gpio.c ****   * If no LICENSE file comes with this software, it is provided AS-IS.
  20:Drivers/STM32H7xx_HAL_Driver/Src/stm32h7xx_hal_gpio.c ****   *
  21:Drivers/STM32H7xx_HAL_Driver/Src/stm32h7xx_hal_gpio.c ****   ******************************************************************************
  22:Drivers/STM32H7xx_HAL_Driver/Src/stm32h7xx_hal_gpio.c ****   @verbatim
  23:Drivers/STM32H7xx_HAL_Driver/Src/stm32h7xx_hal_gpio.c ****   ==============================================================================
  24:Drivers/STM32H7xx_HAL_Driver/Src/stm32h7xx_hal_gpio.c ****                     ##### GPIO Peripheral features #####
  25:Drivers/STM32H7xx_HAL_Driver/Src/stm32h7xx_hal_gpio.c ****   ==============================================================================
  26:Drivers/STM32H7xx_HAL_Driver/Src/stm32h7xx_hal_gpio.c ****   [..]
  27:Drivers/STM32H7xx_HAL_Driver/Src/stm32h7xx_hal_gpio.c ****     (+) Each port bit of the general-purpose I/O (GPIO) ports can be individually
  28:Drivers/STM32H7xx_HAL_Driver/Src/stm32h7xx_hal_gpio.c ****         configured by software in several modes:
  29:Drivers/STM32H7xx_HAL_Driver/Src/stm32h7xx_hal_gpio.c ****         (++) Input mode
ARM GAS  C:\Users\l1234\AppData\Local\Temp\ccOguE8V.s 			page 2


  30:Drivers/STM32H7xx_HAL_Driver/Src/stm32h7xx_hal_gpio.c ****         (++) Analog mode
  31:Drivers/STM32H7xx_HAL_Driver/Src/stm32h7xx_hal_gpio.c ****         (++) Output mode
  32:Drivers/STM32H7xx_HAL_Driver/Src/stm32h7xx_hal_gpio.c ****         (++) Alternate function mode
  33:Drivers/STM32H7xx_HAL_Driver/Src/stm32h7xx_hal_gpio.c ****         (++) External interrupt/event lines
  34:Drivers/STM32H7xx_HAL_Driver/Src/stm32h7xx_hal_gpio.c **** 
  35:Drivers/STM32H7xx_HAL_Driver/Src/stm32h7xx_hal_gpio.c ****     (+) During and just after reset, the alternate functions and external interrupt
  36:Drivers/STM32H7xx_HAL_Driver/Src/stm32h7xx_hal_gpio.c ****         lines are not active and the I/O ports are configured in input floating mode.
  37:Drivers/STM32H7xx_HAL_Driver/Src/stm32h7xx_hal_gpio.c **** 
  38:Drivers/STM32H7xx_HAL_Driver/Src/stm32h7xx_hal_gpio.c ****     (+) All GPIO pins have weak internal pull-up and pull-down resistors, which can be
  39:Drivers/STM32H7xx_HAL_Driver/Src/stm32h7xx_hal_gpio.c ****         activated or not.
  40:Drivers/STM32H7xx_HAL_Driver/Src/stm32h7xx_hal_gpio.c **** 
  41:Drivers/STM32H7xx_HAL_Driver/Src/stm32h7xx_hal_gpio.c ****     (+) In Output or Alternate mode, each IO can be configured on open-drain or push-pull
  42:Drivers/STM32H7xx_HAL_Driver/Src/stm32h7xx_hal_gpio.c ****         type and the IO speed can be selected depending on the VDD value.
  43:Drivers/STM32H7xx_HAL_Driver/Src/stm32h7xx_hal_gpio.c **** 
  44:Drivers/STM32H7xx_HAL_Driver/Src/stm32h7xx_hal_gpio.c ****     (+) The microcontroller IO pins are connected to onboard peripherals/modules through a
  45:Drivers/STM32H7xx_HAL_Driver/Src/stm32h7xx_hal_gpio.c ****         multiplexer that allows only one peripheral alternate function (AF) connected
  46:Drivers/STM32H7xx_HAL_Driver/Src/stm32h7xx_hal_gpio.c ****        to an IO pin at a time. In this way, there can be no conflict between peripherals
  47:Drivers/STM32H7xx_HAL_Driver/Src/stm32h7xx_hal_gpio.c ****        sharing the same IO pin.
  48:Drivers/STM32H7xx_HAL_Driver/Src/stm32h7xx_hal_gpio.c **** 
  49:Drivers/STM32H7xx_HAL_Driver/Src/stm32h7xx_hal_gpio.c ****     (+) All ports have external interrupt/event capability. To use external interrupt
  50:Drivers/STM32H7xx_HAL_Driver/Src/stm32h7xx_hal_gpio.c ****         lines, the port must be configured in input mode. All available GPIO pins are
  51:Drivers/STM32H7xx_HAL_Driver/Src/stm32h7xx_hal_gpio.c ****         connected to the 16 external interrupt/event lines from EXTI0 to EXTI15.
  52:Drivers/STM32H7xx_HAL_Driver/Src/stm32h7xx_hal_gpio.c **** 
  53:Drivers/STM32H7xx_HAL_Driver/Src/stm32h7xx_hal_gpio.c ****   The external interrupt/event controller consists of up to 23 edge detectors
  54:Drivers/STM32H7xx_HAL_Driver/Src/stm32h7xx_hal_gpio.c ****         (16 lines are connected to GPIO) for generating event/interrupt requests (each
  55:Drivers/STM32H7xx_HAL_Driver/Src/stm32h7xx_hal_gpio.c ****         input line can be independently configured to select the type (interrupt or event)
  56:Drivers/STM32H7xx_HAL_Driver/Src/stm32h7xx_hal_gpio.c ****         and the corresponding trigger event (rising or falling or both). Each line can
  57:Drivers/STM32H7xx_HAL_Driver/Src/stm32h7xx_hal_gpio.c ****         also be masked independently.
  58:Drivers/STM32H7xx_HAL_Driver/Src/stm32h7xx_hal_gpio.c **** 
  59:Drivers/STM32H7xx_HAL_Driver/Src/stm32h7xx_hal_gpio.c ****                      ##### How to use this driver #####
  60:Drivers/STM32H7xx_HAL_Driver/Src/stm32h7xx_hal_gpio.c ****   ==============================================================================
  61:Drivers/STM32H7xx_HAL_Driver/Src/stm32h7xx_hal_gpio.c ****   [..]
  62:Drivers/STM32H7xx_HAL_Driver/Src/stm32h7xx_hal_gpio.c ****     (#) Enable the GPIO AHB clock using the following function: __HAL_RCC_GPIOx_CLK_ENABLE().
  63:Drivers/STM32H7xx_HAL_Driver/Src/stm32h7xx_hal_gpio.c **** 
  64:Drivers/STM32H7xx_HAL_Driver/Src/stm32h7xx_hal_gpio.c ****     (#) Configure the GPIO pin(s) using HAL_GPIO_Init().
  65:Drivers/STM32H7xx_HAL_Driver/Src/stm32h7xx_hal_gpio.c ****         (++) Configure the IO mode using "Mode" member from GPIO_InitTypeDef structure
  66:Drivers/STM32H7xx_HAL_Driver/Src/stm32h7xx_hal_gpio.c ****         (++) Activate Pull-up, Pull-down resistor using "Pull" member from GPIO_InitTypeDef
  67:Drivers/STM32H7xx_HAL_Driver/Src/stm32h7xx_hal_gpio.c ****              structure.
  68:Drivers/STM32H7xx_HAL_Driver/Src/stm32h7xx_hal_gpio.c ****         (++) In case of Output or alternate function mode selection: the speed is
  69:Drivers/STM32H7xx_HAL_Driver/Src/stm32h7xx_hal_gpio.c ****              configured through "Speed" member from GPIO_InitTypeDef structure.
  70:Drivers/STM32H7xx_HAL_Driver/Src/stm32h7xx_hal_gpio.c ****         (++) In alternate mode is selection, the alternate function connected to the IO
  71:Drivers/STM32H7xx_HAL_Driver/Src/stm32h7xx_hal_gpio.c ****              is configured through "Alternate" member from GPIO_InitTypeDef structure.
  72:Drivers/STM32H7xx_HAL_Driver/Src/stm32h7xx_hal_gpio.c ****         (++) Analog mode is required when a pin is to be used as ADC channel
  73:Drivers/STM32H7xx_HAL_Driver/Src/stm32h7xx_hal_gpio.c ****              or DAC output.
  74:Drivers/STM32H7xx_HAL_Driver/Src/stm32h7xx_hal_gpio.c ****         (++) In case of external interrupt/event selection the "Mode" member from
  75:Drivers/STM32H7xx_HAL_Driver/Src/stm32h7xx_hal_gpio.c ****              GPIO_InitTypeDef structure select the type (interrupt or event) and
  76:Drivers/STM32H7xx_HAL_Driver/Src/stm32h7xx_hal_gpio.c ****              the corresponding trigger event (rising or falling or both).
  77:Drivers/STM32H7xx_HAL_Driver/Src/stm32h7xx_hal_gpio.c **** 
  78:Drivers/STM32H7xx_HAL_Driver/Src/stm32h7xx_hal_gpio.c ****     (#) In case of external interrupt/event mode selection, configure NVIC IRQ priority
  79:Drivers/STM32H7xx_HAL_Driver/Src/stm32h7xx_hal_gpio.c ****         mapped to the EXTI line using HAL_NVIC_SetPriority() and enable it using
  80:Drivers/STM32H7xx_HAL_Driver/Src/stm32h7xx_hal_gpio.c ****         HAL_NVIC_EnableIRQ().
  81:Drivers/STM32H7xx_HAL_Driver/Src/stm32h7xx_hal_gpio.c **** 
  82:Drivers/STM32H7xx_HAL_Driver/Src/stm32h7xx_hal_gpio.c ****     (#) To get the level of a pin configured in input mode use HAL_GPIO_ReadPin().
  83:Drivers/STM32H7xx_HAL_Driver/Src/stm32h7xx_hal_gpio.c **** 
  84:Drivers/STM32H7xx_HAL_Driver/Src/stm32h7xx_hal_gpio.c ****     (#) To set/reset the level of a pin configured in output mode use
  85:Drivers/STM32H7xx_HAL_Driver/Src/stm32h7xx_hal_gpio.c ****         HAL_GPIO_WritePin()/HAL_GPIO_TogglePin().
  86:Drivers/STM32H7xx_HAL_Driver/Src/stm32h7xx_hal_gpio.c **** 
ARM GAS  C:\Users\l1234\AppData\Local\Temp\ccOguE8V.s 			page 3


  87:Drivers/STM32H7xx_HAL_Driver/Src/stm32h7xx_hal_gpio.c ****    (#) To lock pin configuration until next reset use HAL_GPIO_LockPin().
  88:Drivers/STM32H7xx_HAL_Driver/Src/stm32h7xx_hal_gpio.c **** 
  89:Drivers/STM32H7xx_HAL_Driver/Src/stm32h7xx_hal_gpio.c **** 
  90:Drivers/STM32H7xx_HAL_Driver/Src/stm32h7xx_hal_gpio.c ****     (#) During and just after reset, the alternate functions are not
  91:Drivers/STM32H7xx_HAL_Driver/Src/stm32h7xx_hal_gpio.c ****         active and the GPIO pins are configured in input floating mode (except JTAG
  92:Drivers/STM32H7xx_HAL_Driver/Src/stm32h7xx_hal_gpio.c ****         pins).
  93:Drivers/STM32H7xx_HAL_Driver/Src/stm32h7xx_hal_gpio.c **** 
  94:Drivers/STM32H7xx_HAL_Driver/Src/stm32h7xx_hal_gpio.c ****     (#) The LSE oscillator pins OSC32_IN and OSC32_OUT can be used as general purpose
  95:Drivers/STM32H7xx_HAL_Driver/Src/stm32h7xx_hal_gpio.c ****         (PC14 and PC15, respectively) when the LSE oscillator is off. The LSE has
  96:Drivers/STM32H7xx_HAL_Driver/Src/stm32h7xx_hal_gpio.c ****         priority over the GPIO function.
  97:Drivers/STM32H7xx_HAL_Driver/Src/stm32h7xx_hal_gpio.c **** 
  98:Drivers/STM32H7xx_HAL_Driver/Src/stm32h7xx_hal_gpio.c ****     (#) The HSE oscillator pins OSC_IN/OSC_OUT can be used as
  99:Drivers/STM32H7xx_HAL_Driver/Src/stm32h7xx_hal_gpio.c ****         general purpose PH0 and PH1, respectively, when the HSE oscillator is off.
 100:Drivers/STM32H7xx_HAL_Driver/Src/stm32h7xx_hal_gpio.c ****         The HSE has priority over the GPIO function.
 101:Drivers/STM32H7xx_HAL_Driver/Src/stm32h7xx_hal_gpio.c **** 
 102:Drivers/STM32H7xx_HAL_Driver/Src/stm32h7xx_hal_gpio.c ****   @endverbatim
 103:Drivers/STM32H7xx_HAL_Driver/Src/stm32h7xx_hal_gpio.c ****   ******************************************************************************
 104:Drivers/STM32H7xx_HAL_Driver/Src/stm32h7xx_hal_gpio.c ****   */
 105:Drivers/STM32H7xx_HAL_Driver/Src/stm32h7xx_hal_gpio.c **** 
 106:Drivers/STM32H7xx_HAL_Driver/Src/stm32h7xx_hal_gpio.c **** /* Includes ------------------------------------------------------------------*/
 107:Drivers/STM32H7xx_HAL_Driver/Src/stm32h7xx_hal_gpio.c **** #include "stm32h7xx_hal.h"
 108:Drivers/STM32H7xx_HAL_Driver/Src/stm32h7xx_hal_gpio.c **** 
 109:Drivers/STM32H7xx_HAL_Driver/Src/stm32h7xx_hal_gpio.c **** /** @addtogroup STM32H7xx_HAL_Driver
 110:Drivers/STM32H7xx_HAL_Driver/Src/stm32h7xx_hal_gpio.c ****   * @{
 111:Drivers/STM32H7xx_HAL_Driver/Src/stm32h7xx_hal_gpio.c ****   */
 112:Drivers/STM32H7xx_HAL_Driver/Src/stm32h7xx_hal_gpio.c **** 
 113:Drivers/STM32H7xx_HAL_Driver/Src/stm32h7xx_hal_gpio.c **** /** @defgroup GPIO  GPIO
 114:Drivers/STM32H7xx_HAL_Driver/Src/stm32h7xx_hal_gpio.c ****   * @brief GPIO HAL module driver
 115:Drivers/STM32H7xx_HAL_Driver/Src/stm32h7xx_hal_gpio.c ****   * @{
 116:Drivers/STM32H7xx_HAL_Driver/Src/stm32h7xx_hal_gpio.c ****   */
 117:Drivers/STM32H7xx_HAL_Driver/Src/stm32h7xx_hal_gpio.c **** 
 118:Drivers/STM32H7xx_HAL_Driver/Src/stm32h7xx_hal_gpio.c **** #ifdef HAL_GPIO_MODULE_ENABLED
 119:Drivers/STM32H7xx_HAL_Driver/Src/stm32h7xx_hal_gpio.c **** 
 120:Drivers/STM32H7xx_HAL_Driver/Src/stm32h7xx_hal_gpio.c **** /* Private typedef -----------------------------------------------------------*/
 121:Drivers/STM32H7xx_HAL_Driver/Src/stm32h7xx_hal_gpio.c **** /* Private defines ------------------------------------------------------------*/
 122:Drivers/STM32H7xx_HAL_Driver/Src/stm32h7xx_hal_gpio.c **** /** @addtogroup GPIO_Private_Constants GPIO Private Constants
 123:Drivers/STM32H7xx_HAL_Driver/Src/stm32h7xx_hal_gpio.c ****   * @{
 124:Drivers/STM32H7xx_HAL_Driver/Src/stm32h7xx_hal_gpio.c ****   */
 125:Drivers/STM32H7xx_HAL_Driver/Src/stm32h7xx_hal_gpio.c **** 
 126:Drivers/STM32H7xx_HAL_Driver/Src/stm32h7xx_hal_gpio.c **** #if defined(DUAL_CORE)
 127:Drivers/STM32H7xx_HAL_Driver/Src/stm32h7xx_hal_gpio.c **** #define EXTI_CPU1             (0x01000000U)
 128:Drivers/STM32H7xx_HAL_Driver/Src/stm32h7xx_hal_gpio.c **** #define EXTI_CPU2             (0x02000000U)
 129:Drivers/STM32H7xx_HAL_Driver/Src/stm32h7xx_hal_gpio.c **** #endif /*DUAL_CORE*/
 130:Drivers/STM32H7xx_HAL_Driver/Src/stm32h7xx_hal_gpio.c **** #define GPIO_NUMBER           (16U)
 131:Drivers/STM32H7xx_HAL_Driver/Src/stm32h7xx_hal_gpio.c **** /**
 132:Drivers/STM32H7xx_HAL_Driver/Src/stm32h7xx_hal_gpio.c ****   * @}
 133:Drivers/STM32H7xx_HAL_Driver/Src/stm32h7xx_hal_gpio.c ****   */
 134:Drivers/STM32H7xx_HAL_Driver/Src/stm32h7xx_hal_gpio.c **** /* Private macro -------------------------------------------------------------*/
 135:Drivers/STM32H7xx_HAL_Driver/Src/stm32h7xx_hal_gpio.c **** /* Private variables ---------------------------------------------------------*/
 136:Drivers/STM32H7xx_HAL_Driver/Src/stm32h7xx_hal_gpio.c **** /* Private function prototypes -----------------------------------------------*/
 137:Drivers/STM32H7xx_HAL_Driver/Src/stm32h7xx_hal_gpio.c **** /* Private functions ---------------------------------------------------------*/
 138:Drivers/STM32H7xx_HAL_Driver/Src/stm32h7xx_hal_gpio.c **** /* Exported functions --------------------------------------------------------*/
 139:Drivers/STM32H7xx_HAL_Driver/Src/stm32h7xx_hal_gpio.c **** /** @defgroup GPIO_Exported_Functions GPIO Exported Functions
 140:Drivers/STM32H7xx_HAL_Driver/Src/stm32h7xx_hal_gpio.c ****   * @{
 141:Drivers/STM32H7xx_HAL_Driver/Src/stm32h7xx_hal_gpio.c ****   */
 142:Drivers/STM32H7xx_HAL_Driver/Src/stm32h7xx_hal_gpio.c **** 
 143:Drivers/STM32H7xx_HAL_Driver/Src/stm32h7xx_hal_gpio.c **** /** @defgroup GPIO_Exported_Functions_Group1 Initialization and de-initialization functions
ARM GAS  C:\Users\l1234\AppData\Local\Temp\ccOguE8V.s 			page 4


 144:Drivers/STM32H7xx_HAL_Driver/Src/stm32h7xx_hal_gpio.c ****  *  @brief    Initialization and Configuration functions
 145:Drivers/STM32H7xx_HAL_Driver/Src/stm32h7xx_hal_gpio.c ****  *
 146:Drivers/STM32H7xx_HAL_Driver/Src/stm32h7xx_hal_gpio.c **** @verbatim
 147:Drivers/STM32H7xx_HAL_Driver/Src/stm32h7xx_hal_gpio.c ****  ===============================================================================
 148:Drivers/STM32H7xx_HAL_Driver/Src/stm32h7xx_hal_gpio.c ****               ##### Initialization and de-initialization functions #####
 149:Drivers/STM32H7xx_HAL_Driver/Src/stm32h7xx_hal_gpio.c ****  ===============================================================================
 150:Drivers/STM32H7xx_HAL_Driver/Src/stm32h7xx_hal_gpio.c ****   [..]
 151:Drivers/STM32H7xx_HAL_Driver/Src/stm32h7xx_hal_gpio.c ****     This section provides functions allowing to initialize and de-initialize the GPIOs
 152:Drivers/STM32H7xx_HAL_Driver/Src/stm32h7xx_hal_gpio.c ****     to be ready for use.
 153:Drivers/STM32H7xx_HAL_Driver/Src/stm32h7xx_hal_gpio.c **** 
 154:Drivers/STM32H7xx_HAL_Driver/Src/stm32h7xx_hal_gpio.c **** @endverbatim
 155:Drivers/STM32H7xx_HAL_Driver/Src/stm32h7xx_hal_gpio.c ****   * @{
 156:Drivers/STM32H7xx_HAL_Driver/Src/stm32h7xx_hal_gpio.c ****   */
 157:Drivers/STM32H7xx_HAL_Driver/Src/stm32h7xx_hal_gpio.c **** 
 158:Drivers/STM32H7xx_HAL_Driver/Src/stm32h7xx_hal_gpio.c **** /**
 159:Drivers/STM32H7xx_HAL_Driver/Src/stm32h7xx_hal_gpio.c ****   * @brief  Initializes the GPIOx peripheral according to the specified parameters in the GPIO_Init
 160:Drivers/STM32H7xx_HAL_Driver/Src/stm32h7xx_hal_gpio.c ****   * @param  GPIOx: where x can be (A..K) to select the GPIO peripheral.
 161:Drivers/STM32H7xx_HAL_Driver/Src/stm32h7xx_hal_gpio.c ****   * @param  GPIO_Init: pointer to a GPIO_InitTypeDef structure that contains
 162:Drivers/STM32H7xx_HAL_Driver/Src/stm32h7xx_hal_gpio.c ****   *         the configuration information for the specified GPIO peripheral.
 163:Drivers/STM32H7xx_HAL_Driver/Src/stm32h7xx_hal_gpio.c ****   * @retval None
 164:Drivers/STM32H7xx_HAL_Driver/Src/stm32h7xx_hal_gpio.c ****   */
 165:Drivers/STM32H7xx_HAL_Driver/Src/stm32h7xx_hal_gpio.c **** void HAL_GPIO_Init(GPIO_TypeDef  *GPIOx, const GPIO_InitTypeDef *GPIO_Init)
 166:Drivers/STM32H7xx_HAL_Driver/Src/stm32h7xx_hal_gpio.c **** {
  30              		.loc 1 166 1 view -0
  31              		.cfi_startproc
  32              		@ args = 0, pretend = 0, frame = 16
  33              		@ frame_needed = 0, uses_anonymous_args = 0
 167:Drivers/STM32H7xx_HAL_Driver/Src/stm32h7xx_hal_gpio.c ****   uint32_t position = 0x00U;
  34              		.loc 1 167 3 view .LVU1
 168:Drivers/STM32H7xx_HAL_Driver/Src/stm32h7xx_hal_gpio.c ****   uint32_t iocurrent;
  35              		.loc 1 168 3 view .LVU2
 169:Drivers/STM32H7xx_HAL_Driver/Src/stm32h7xx_hal_gpio.c ****   uint32_t temp;
  36              		.loc 1 169 3 view .LVU3
 170:Drivers/STM32H7xx_HAL_Driver/Src/stm32h7xx_hal_gpio.c ****   EXTI_Core_TypeDef *EXTI_CurrentCPU;
  37              		.loc 1 170 3 view .LVU4
 171:Drivers/STM32H7xx_HAL_Driver/Src/stm32h7xx_hal_gpio.c **** 
 172:Drivers/STM32H7xx_HAL_Driver/Src/stm32h7xx_hal_gpio.c **** #if defined(DUAL_CORE) && defined(CORE_CM4)
 173:Drivers/STM32H7xx_HAL_Driver/Src/stm32h7xx_hal_gpio.c ****   EXTI_CurrentCPU = EXTI_D2; /* EXTI for CM4 CPU */
 174:Drivers/STM32H7xx_HAL_Driver/Src/stm32h7xx_hal_gpio.c **** #else
 175:Drivers/STM32H7xx_HAL_Driver/Src/stm32h7xx_hal_gpio.c ****   EXTI_CurrentCPU = EXTI_D1; /* EXTI for CM7 CPU */
  38              		.loc 1 175 3 view .LVU5
 176:Drivers/STM32H7xx_HAL_Driver/Src/stm32h7xx_hal_gpio.c **** #endif
 177:Drivers/STM32H7xx_HAL_Driver/Src/stm32h7xx_hal_gpio.c **** 
 178:Drivers/STM32H7xx_HAL_Driver/Src/stm32h7xx_hal_gpio.c ****   /* Check the parameters */
 179:Drivers/STM32H7xx_HAL_Driver/Src/stm32h7xx_hal_gpio.c ****   assert_param(IS_GPIO_ALL_INSTANCE(GPIOx));
  39              		.loc 1 179 3 view .LVU6
 180:Drivers/STM32H7xx_HAL_Driver/Src/stm32h7xx_hal_gpio.c ****   assert_param(IS_GPIO_PIN(GPIO_Init->Pin));
  40              		.loc 1 180 3 view .LVU7
 181:Drivers/STM32H7xx_HAL_Driver/Src/stm32h7xx_hal_gpio.c ****   assert_param(IS_GPIO_MODE(GPIO_Init->Mode));
  41              		.loc 1 181 3 view .LVU8
 182:Drivers/STM32H7xx_HAL_Driver/Src/stm32h7xx_hal_gpio.c **** 
 183:Drivers/STM32H7xx_HAL_Driver/Src/stm32h7xx_hal_gpio.c ****   /* Configure the port pins */
 184:Drivers/STM32H7xx_HAL_Driver/Src/stm32h7xx_hal_gpio.c ****   while (((GPIO_Init->Pin) >> position) != 0x00U)
  42              		.loc 1 184 3 view .LVU9
  43              		.loc 1 184 41 view .LVU10
 166:Drivers/STM32H7xx_HAL_Driver/Src/stm32h7xx_hal_gpio.c ****   uint32_t position = 0x00U;
  44              		.loc 1 166 1 is_stmt 0 view .LVU11
ARM GAS  C:\Users\l1234\AppData\Local\Temp\ccOguE8V.s 			page 5


  45 0000 2DE9F04F 		push	{r4, r5, r6, r7, r8, r9, r10, fp, lr}
  46              	.LCFI0:
  47              		.cfi_def_cfa_offset 36
  48              		.cfi_offset 4, -36
  49              		.cfi_offset 5, -32
  50              		.cfi_offset 6, -28
  51              		.cfi_offset 7, -24
  52              		.cfi_offset 8, -20
  53              		.cfi_offset 9, -16
  54              		.cfi_offset 10, -12
  55              		.cfi_offset 11, -8
  56              		.cfi_offset 14, -4
  57              		.loc 1 184 21 view .LVU12
  58 0004 0C68     		ldr	r4, [r1]
 166:Drivers/STM32H7xx_HAL_Driver/Src/stm32h7xx_hal_gpio.c ****   uint32_t position = 0x00U;
  59              		.loc 1 166 1 view .LVU13
  60 0006 85B0     		sub	sp, sp, #20
  61              	.LCFI1:
  62              		.cfi_def_cfa_offset 56
  63              		.loc 1 184 41 view .LVU14
  64 0008 002C     		cmp	r4, #0
  65 000a 00F0A080 		beq	.L1
 167:Drivers/STM32H7xx_HAL_Driver/Src/stm32h7xx_hal_gpio.c ****   uint32_t iocurrent;
  66              		.loc 1 167 12 view .LVU15
  67 000e 0023     		movs	r3, #0
 185:Drivers/STM32H7xx_HAL_Driver/Src/stm32h7xx_hal_gpio.c ****   {
 186:Drivers/STM32H7xx_HAL_Driver/Src/stm32h7xx_hal_gpio.c ****     /* Get current io position */
 187:Drivers/STM32H7xx_HAL_Driver/Src/stm32h7xx_hal_gpio.c ****     iocurrent = (GPIO_Init->Pin) & (1UL << position);
  68              		.loc 1 187 41 view .LVU16
  69 0010 4FF0010B 		mov	fp, #1
 188:Drivers/STM32H7xx_HAL_Driver/Src/stm32h7xx_hal_gpio.c **** 
 189:Drivers/STM32H7xx_HAL_Driver/Src/stm32h7xx_hal_gpio.c ****     if (iocurrent != 0x00U)
 190:Drivers/STM32H7xx_HAL_Driver/Src/stm32h7xx_hal_gpio.c ****     {
 191:Drivers/STM32H7xx_HAL_Driver/Src/stm32h7xx_hal_gpio.c ****       /*--------------------- GPIO Mode Configuration ------------------------*/
 192:Drivers/STM32H7xx_HAL_Driver/Src/stm32h7xx_hal_gpio.c ****       /* In case of Output or Alternate function mode selection */
 193:Drivers/STM32H7xx_HAL_Driver/Src/stm32h7xx_hal_gpio.c ****       if (((GPIO_Init->Mode & GPIO_MODE) == MODE_OUTPUT) || ((GPIO_Init->Mode & GPIO_MODE) == MODE_
 194:Drivers/STM32H7xx_HAL_Driver/Src/stm32h7xx_hal_gpio.c ****       {
 195:Drivers/STM32H7xx_HAL_Driver/Src/stm32h7xx_hal_gpio.c ****         /* Check the Speed parameter */
 196:Drivers/STM32H7xx_HAL_Driver/Src/stm32h7xx_hal_gpio.c ****         assert_param(IS_GPIO_SPEED(GPIO_Init->Speed));
 197:Drivers/STM32H7xx_HAL_Driver/Src/stm32h7xx_hal_gpio.c **** 
 198:Drivers/STM32H7xx_HAL_Driver/Src/stm32h7xx_hal_gpio.c ****         /* Configure the IO Speed */
 199:Drivers/STM32H7xx_HAL_Driver/Src/stm32h7xx_hal_gpio.c ****         temp = GPIOx->OSPEEDR;
 200:Drivers/STM32H7xx_HAL_Driver/Src/stm32h7xx_hal_gpio.c ****         temp &= ~(GPIO_OSPEEDR_OSPEED0 << (position * 2U));
 201:Drivers/STM32H7xx_HAL_Driver/Src/stm32h7xx_hal_gpio.c ****         temp |= (GPIO_Init->Speed << (position * 2U));
 202:Drivers/STM32H7xx_HAL_Driver/Src/stm32h7xx_hal_gpio.c ****         GPIOx->OSPEEDR = temp;
 203:Drivers/STM32H7xx_HAL_Driver/Src/stm32h7xx_hal_gpio.c **** 
 204:Drivers/STM32H7xx_HAL_Driver/Src/stm32h7xx_hal_gpio.c ****         /* Configure the IO Output Type */
 205:Drivers/STM32H7xx_HAL_Driver/Src/stm32h7xx_hal_gpio.c ****         temp = GPIOx->OTYPER;
 206:Drivers/STM32H7xx_HAL_Driver/Src/stm32h7xx_hal_gpio.c ****         temp &= ~(GPIO_OTYPER_OT0 << position) ;
 207:Drivers/STM32H7xx_HAL_Driver/Src/stm32h7xx_hal_gpio.c ****         temp |= (((GPIO_Init->Mode & OUTPUT_TYPE) >> OUTPUT_TYPE_Pos) << position);
 208:Drivers/STM32H7xx_HAL_Driver/Src/stm32h7xx_hal_gpio.c ****         GPIOx->OTYPER = temp;
 209:Drivers/STM32H7xx_HAL_Driver/Src/stm32h7xx_hal_gpio.c ****       }
 210:Drivers/STM32H7xx_HAL_Driver/Src/stm32h7xx_hal_gpio.c **** 
 211:Drivers/STM32H7xx_HAL_Driver/Src/stm32h7xx_hal_gpio.c ****       if ((GPIO_Init->Mode & GPIO_MODE) != MODE_ANALOG)
 212:Drivers/STM32H7xx_HAL_Driver/Src/stm32h7xx_hal_gpio.c ****       {
 213:Drivers/STM32H7xx_HAL_Driver/Src/stm32h7xx_hal_gpio.c ****        /* Check the Pull parameter */
 214:Drivers/STM32H7xx_HAL_Driver/Src/stm32h7xx_hal_gpio.c ****        assert_param(IS_GPIO_PULL(GPIO_Init->Pull));
ARM GAS  C:\Users\l1234\AppData\Local\Temp\ccOguE8V.s 			page 6


 215:Drivers/STM32H7xx_HAL_Driver/Src/stm32h7xx_hal_gpio.c **** 
 216:Drivers/STM32H7xx_HAL_Driver/Src/stm32h7xx_hal_gpio.c ****       /* Activate the Pull-up or Pull down resistor for the current IO */
 217:Drivers/STM32H7xx_HAL_Driver/Src/stm32h7xx_hal_gpio.c ****       temp = GPIOx->PUPDR;
 218:Drivers/STM32H7xx_HAL_Driver/Src/stm32h7xx_hal_gpio.c ****       temp &= ~(GPIO_PUPDR_PUPD0 << (position * 2U));
 219:Drivers/STM32H7xx_HAL_Driver/Src/stm32h7xx_hal_gpio.c ****       temp |= ((GPIO_Init->Pull) << (position * 2U));
 220:Drivers/STM32H7xx_HAL_Driver/Src/stm32h7xx_hal_gpio.c ****       GPIOx->PUPDR = temp;
 221:Drivers/STM32H7xx_HAL_Driver/Src/stm32h7xx_hal_gpio.c ****       }
 222:Drivers/STM32H7xx_HAL_Driver/Src/stm32h7xx_hal_gpio.c **** 
 223:Drivers/STM32H7xx_HAL_Driver/Src/stm32h7xx_hal_gpio.c ****       /* In case of Alternate function mode selection */
 224:Drivers/STM32H7xx_HAL_Driver/Src/stm32h7xx_hal_gpio.c ****       if ((GPIO_Init->Mode & GPIO_MODE) == MODE_AF)
 225:Drivers/STM32H7xx_HAL_Driver/Src/stm32h7xx_hal_gpio.c ****       {
 226:Drivers/STM32H7xx_HAL_Driver/Src/stm32h7xx_hal_gpio.c ****         /* Check the Alternate function parameters */
 227:Drivers/STM32H7xx_HAL_Driver/Src/stm32h7xx_hal_gpio.c ****         assert_param(IS_GPIO_AF_INSTANCE(GPIOx));
 228:Drivers/STM32H7xx_HAL_Driver/Src/stm32h7xx_hal_gpio.c ****         assert_param(IS_GPIO_AF(GPIO_Init->Alternate));
 229:Drivers/STM32H7xx_HAL_Driver/Src/stm32h7xx_hal_gpio.c **** 
 230:Drivers/STM32H7xx_HAL_Driver/Src/stm32h7xx_hal_gpio.c ****         /* Configure Alternate function mapped with the current IO */
 231:Drivers/STM32H7xx_HAL_Driver/Src/stm32h7xx_hal_gpio.c ****         temp = GPIOx->AFR[position >> 3U];
 232:Drivers/STM32H7xx_HAL_Driver/Src/stm32h7xx_hal_gpio.c ****         temp &= ~(0xFU << ((position & 0x07U) * 4U));
 233:Drivers/STM32H7xx_HAL_Driver/Src/stm32h7xx_hal_gpio.c ****         temp |= ((GPIO_Init->Alternate) << ((position & 0x07U) * 4U));
 234:Drivers/STM32H7xx_HAL_Driver/Src/stm32h7xx_hal_gpio.c ****         GPIOx->AFR[position >> 3U] = temp;
 235:Drivers/STM32H7xx_HAL_Driver/Src/stm32h7xx_hal_gpio.c ****       }
 236:Drivers/STM32H7xx_HAL_Driver/Src/stm32h7xx_hal_gpio.c **** 
 237:Drivers/STM32H7xx_HAL_Driver/Src/stm32h7xx_hal_gpio.c ****       /* Configure IO Direction mode (Input, Output, Alternate or Analog) */
 238:Drivers/STM32H7xx_HAL_Driver/Src/stm32h7xx_hal_gpio.c ****       temp = GPIOx->MODER;
 239:Drivers/STM32H7xx_HAL_Driver/Src/stm32h7xx_hal_gpio.c ****       temp &= ~(GPIO_MODER_MODE0 << (position * 2U));
 240:Drivers/STM32H7xx_HAL_Driver/Src/stm32h7xx_hal_gpio.c ****       temp |= ((GPIO_Init->Mode & GPIO_MODE) << (position * 2U));
 241:Drivers/STM32H7xx_HAL_Driver/Src/stm32h7xx_hal_gpio.c ****       GPIOx->MODER = temp;
 242:Drivers/STM32H7xx_HAL_Driver/Src/stm32h7xx_hal_gpio.c **** 
 243:Drivers/STM32H7xx_HAL_Driver/Src/stm32h7xx_hal_gpio.c ****       /*--------------------- EXTI Mode Configuration ------------------------*/
 244:Drivers/STM32H7xx_HAL_Driver/Src/stm32h7xx_hal_gpio.c ****       /* Configure the External Interrupt or event for the current IO */
 245:Drivers/STM32H7xx_HAL_Driver/Src/stm32h7xx_hal_gpio.c ****       if ((GPIO_Init->Mode & EXTI_MODE) != 0x00U)
 246:Drivers/STM32H7xx_HAL_Driver/Src/stm32h7xx_hal_gpio.c ****       {
 247:Drivers/STM32H7xx_HAL_Driver/Src/stm32h7xx_hal_gpio.c ****         /* Enable SYSCFG Clock */
 248:Drivers/STM32H7xx_HAL_Driver/Src/stm32h7xx_hal_gpio.c ****         __HAL_RCC_SYSCFG_CLK_ENABLE();
 249:Drivers/STM32H7xx_HAL_Driver/Src/stm32h7xx_hal_gpio.c **** 
 250:Drivers/STM32H7xx_HAL_Driver/Src/stm32h7xx_hal_gpio.c ****         temp = SYSCFG->EXTICR[position >> 2U];
 251:Drivers/STM32H7xx_HAL_Driver/Src/stm32h7xx_hal_gpio.c ****         temp &= ~(0x0FUL << (4U * (position & 0x03U)));
 252:Drivers/STM32H7xx_HAL_Driver/Src/stm32h7xx_hal_gpio.c ****         temp |= (GPIO_GET_INDEX(GPIOx) << (4U * (position & 0x03U)));
 253:Drivers/STM32H7xx_HAL_Driver/Src/stm32h7xx_hal_gpio.c ****         SYSCFG->EXTICR[position >> 2U] = temp;
 254:Drivers/STM32H7xx_HAL_Driver/Src/stm32h7xx_hal_gpio.c **** 
 255:Drivers/STM32H7xx_HAL_Driver/Src/stm32h7xx_hal_gpio.c ****         /* Clear Rising Falling edge configuration */
 256:Drivers/STM32H7xx_HAL_Driver/Src/stm32h7xx_hal_gpio.c ****         temp = EXTI->RTSR1;
  70              		.loc 1 256 14 view .LVU17
  71 0014 4FF0B04E 		mov	lr, #1476395008
 252:Drivers/STM32H7xx_HAL_Driver/Src/stm32h7xx_hal_gpio.c ****         SYSCFG->EXTICR[position >> 2U] = temp;
  72              		.loc 1 252 18 view .LVU18
  73 0018 0091     		str	r1, [sp]
  74              	.LVL1:
  75              	.L2:
 187:Drivers/STM32H7xx_HAL_Driver/Src/stm32h7xx_hal_gpio.c **** 
  76              		.loc 1 187 5 is_stmt 1 view .LVU19
 187:Drivers/STM32H7xx_HAL_Driver/Src/stm32h7xx_hal_gpio.c **** 
  77              		.loc 1 187 41 is_stmt 0 view .LVU20
  78 001a 0BFA03FC 		lsl	ip, fp, r3
  79              	.LVL2:
 189:Drivers/STM32H7xx_HAL_Driver/Src/stm32h7xx_hal_gpio.c ****     {
  80              		.loc 1 189 5 is_stmt 1 view .LVU21
ARM GAS  C:\Users\l1234\AppData\Local\Temp\ccOguE8V.s 			page 7


 189:Drivers/STM32H7xx_HAL_Driver/Src/stm32h7xx_hal_gpio.c ****     {
  81              		.loc 1 189 8 is_stmt 0 view .LVU22
  82 001e 1CEA040A 		ands	r10, ip, r4
  83              	.LVL3:
 189:Drivers/STM32H7xx_HAL_Driver/Src/stm32h7xx_hal_gpio.c ****     {
  84              		.loc 1 189 8 view .LVU23
  85 0022 00F08F80 		beq	.L4
 193:Drivers/STM32H7xx_HAL_Driver/Src/stm32h7xx_hal_gpio.c ****       {
  86              		.loc 1 193 7 is_stmt 1 view .LVU24
 193:Drivers/STM32H7xx_HAL_Driver/Src/stm32h7xx_hal_gpio.c ****       {
  87              		.loc 1 193 22 is_stmt 0 view .LVU25
  88 0026 0099     		ldr	r1, [sp]
  89 0028 5F00     		lsls	r7, r3, #1
  90 002a 4D68     		ldr	r5, [r1, #4]
 200:Drivers/STM32H7xx_HAL_Driver/Src/stm32h7xx_hal_gpio.c ****         temp |= (GPIO_Init->Speed << (position * 2U));
  91              		.loc 1 200 40 view .LVU26
  92 002c 0321     		movs	r1, #3
 193:Drivers/STM32H7xx_HAL_Driver/Src/stm32h7xx_hal_gpio.c ****       {
  93              		.loc 1 193 29 view .LVU27
  94 002e 05F00302 		and	r2, r5, #3
 200:Drivers/STM32H7xx_HAL_Driver/Src/stm32h7xx_hal_gpio.c ****         temp |= (GPIO_Init->Speed << (position * 2U));
  95              		.loc 1 200 40 view .LVU28
  96 0032 01FA07F6 		lsl	r6, r1, r7
 193:Drivers/STM32H7xx_HAL_Driver/Src/stm32h7xx_hal_gpio.c ****       {
  97              		.loc 1 193 58 view .LVU29
  98 0036 02F1FF38 		add	r8, r2, #-1
 200:Drivers/STM32H7xx_HAL_Driver/Src/stm32h7xx_hal_gpio.c ****         temp |= (GPIO_Init->Speed << (position * 2U));
  99              		.loc 1 200 17 view .LVU30
 100 003a F643     		mvns	r6, r6
 193:Drivers/STM32H7xx_HAL_Driver/Src/stm32h7xx_hal_gpio.c ****       {
 101              		.loc 1 193 10 view .LVU31
 102 003c B8F1010F 		cmp	r8, #1
 103 0040 40F28880 		bls	.L36
 211:Drivers/STM32H7xx_HAL_Driver/Src/stm32h7xx_hal_gpio.c ****       {
 104              		.loc 1 211 7 is_stmt 1 view .LVU32
 211:Drivers/STM32H7xx_HAL_Driver/Src/stm32h7xx_hal_gpio.c ****       {
 105              		.loc 1 211 10 is_stmt 0 view .LVU33
 106 0044 032A     		cmp	r2, #3
 107 0046 40F0C680 		bne	.L37
 108              	.L9:
 238:Drivers/STM32H7xx_HAL_Driver/Src/stm32h7xx_hal_gpio.c ****       temp &= ~(GPIO_MODER_MODE0 << (position * 2U));
 109              		.loc 1 238 7 is_stmt 1 view .LVU34
 240:Drivers/STM32H7xx_HAL_Driver/Src/stm32h7xx_hal_gpio.c ****       GPIOx->MODER = temp;
 110              		.loc 1 240 46 is_stmt 0 view .LVU35
 111 004a BA40     		lsls	r2, r2, r7
 238:Drivers/STM32H7xx_HAL_Driver/Src/stm32h7xx_hal_gpio.c ****       temp &= ~(GPIO_MODER_MODE0 << (position * 2U));
 112              		.loc 1 238 12 view .LVU36
 113 004c 0768     		ldr	r7, [r0]
 114              	.LVL4:
 239:Drivers/STM32H7xx_HAL_Driver/Src/stm32h7xx_hal_gpio.c ****       temp |= ((GPIO_Init->Mode & GPIO_MODE) << (position * 2U));
 115              		.loc 1 239 7 is_stmt 1 view .LVU37
 245:Drivers/STM32H7xx_HAL_Driver/Src/stm32h7xx_hal_gpio.c ****       {
 116              		.loc 1 245 10 is_stmt 0 view .LVU38
 117 004e 15F4403F 		tst	r5, #196608
 239:Drivers/STM32H7xx_HAL_Driver/Src/stm32h7xx_hal_gpio.c ****       temp |= ((GPIO_Init->Mode & GPIO_MODE) << (position * 2U));
 118              		.loc 1 239 12 view .LVU39
 119 0052 06EA0706 		and	r6, r6, r7
ARM GAS  C:\Users\l1234\AppData\Local\Temp\ccOguE8V.s 			page 8


 120              	.LVL5:
 240:Drivers/STM32H7xx_HAL_Driver/Src/stm32h7xx_hal_gpio.c ****       GPIOx->MODER = temp;
 121              		.loc 1 240 7 is_stmt 1 view .LVU40
 240:Drivers/STM32H7xx_HAL_Driver/Src/stm32h7xx_hal_gpio.c ****       GPIOx->MODER = temp;
 122              		.loc 1 240 12 is_stmt 0 view .LVU41
 123 0056 42EA0602 		orr	r2, r2, r6
 124              	.LVL6:
 241:Drivers/STM32H7xx_HAL_Driver/Src/stm32h7xx_hal_gpio.c **** 
 125              		.loc 1 241 7 is_stmt 1 view .LVU42
 241:Drivers/STM32H7xx_HAL_Driver/Src/stm32h7xx_hal_gpio.c **** 
 126              		.loc 1 241 20 is_stmt 0 view .LVU43
 127 005a 0260     		str	r2, [r0]
 245:Drivers/STM32H7xx_HAL_Driver/Src/stm32h7xx_hal_gpio.c ****       {
 128              		.loc 1 245 7 is_stmt 1 view .LVU44
 245:Drivers/STM32H7xx_HAL_Driver/Src/stm32h7xx_hal_gpio.c ****       {
 129              		.loc 1 245 10 is_stmt 0 view .LVU45
 130 005c 72D0     		beq	.L4
 248:Drivers/STM32H7xx_HAL_Driver/Src/stm32h7xx_hal_gpio.c **** 
 131              		.loc 1 248 9 is_stmt 1 view .LVU46
 132              	.LBB2:
 248:Drivers/STM32H7xx_HAL_Driver/Src/stm32h7xx_hal_gpio.c **** 
 133              		.loc 1 248 9 view .LVU47
 248:Drivers/STM32H7xx_HAL_Driver/Src/stm32h7xx_hal_gpio.c **** 
 134              		.loc 1 248 9 view .LVU48
 135 005e 794E     		ldr	r6, .L45
 136              	.LBE2:
 251:Drivers/STM32H7xx_HAL_Driver/Src/stm32h7xx_hal_gpio.c ****         temp |= (GPIO_GET_INDEX(GPIOx) << (4U * (position & 0x03U)));
 137              		.loc 1 251 45 is_stmt 0 view .LVU49
 138 0060 03F00307 		and	r7, r3, #3
 251:Drivers/STM32H7xx_HAL_Driver/Src/stm32h7xx_hal_gpio.c ****         temp |= (GPIO_GET_INDEX(GPIOx) << (4U * (position & 0x03U)));
 139              		.loc 1 251 26 view .LVU50
 140 0064 0F21     		movs	r1, #15
 141              	.LBB3:
 248:Drivers/STM32H7xx_HAL_Driver/Src/stm32h7xx_hal_gpio.c **** 
 142              		.loc 1 248 9 view .LVU51
 143 0066 D6F8F420 		ldr	r2, [r6, #244]
 144              	.LVL7:
 248:Drivers/STM32H7xx_HAL_Driver/Src/stm32h7xx_hal_gpio.c **** 
 145              		.loc 1 248 9 view .LVU52
 146              	.LBE3:
 251:Drivers/STM32H7xx_HAL_Driver/Src/stm32h7xx_hal_gpio.c ****         temp |= (GPIO_GET_INDEX(GPIOx) << (4U * (position & 0x03U)));
 147              		.loc 1 251 33 view .LVU53
 148 006a BF00     		lsls	r7, r7, #2
 149              	.LBB4:
 248:Drivers/STM32H7xx_HAL_Driver/Src/stm32h7xx_hal_gpio.c **** 
 150              		.loc 1 248 9 view .LVU54
 151 006c 42F00202 		orr	r2, r2, #2
 152              	.LBE4:
 251:Drivers/STM32H7xx_HAL_Driver/Src/stm32h7xx_hal_gpio.c ****         temp |= (GPIO_GET_INDEX(GPIOx) << (4U * (position & 0x03U)));
 153              		.loc 1 251 26 view .LVU55
 154 0070 01FA07FC 		lsl	ip, r1, r7
 252:Drivers/STM32H7xx_HAL_Driver/Src/stm32h7xx_hal_gpio.c ****         SYSCFG->EXTICR[position >> 2U] = temp;
 155              		.loc 1 252 18 view .LVU56
 156 0074 7449     		ldr	r1, .L45+4
 157              	.LBB5:
 248:Drivers/STM32H7xx_HAL_Driver/Src/stm32h7xx_hal_gpio.c **** 
 158              		.loc 1 248 9 view .LVU57
ARM GAS  C:\Users\l1234\AppData\Local\Temp\ccOguE8V.s 			page 9


 159 0076 C6F8F420 		str	r2, [r6, #244]
 160              	.LVL8:
 248:Drivers/STM32H7xx_HAL_Driver/Src/stm32h7xx_hal_gpio.c **** 
 161              		.loc 1 248 9 is_stmt 1 view .LVU58
 162 007a D6F8F420 		ldr	r2, [r6, #244]
 163 007e 23F00306 		bic	r6, r3, #3
 164              	.LBE5:
 252:Drivers/STM32H7xx_HAL_Driver/Src/stm32h7xx_hal_gpio.c ****         SYSCFG->EXTICR[position >> 2U] = temp;
 165              		.loc 1 252 18 is_stmt 0 view .LVU59
 166 0082 8842     		cmp	r0, r1
 167 0084 06F1B046 		add	r6, r6, #1476395008
 168              	.LBB6:
 248:Drivers/STM32H7xx_HAL_Driver/Src/stm32h7xx_hal_gpio.c **** 
 169              		.loc 1 248 9 view .LVU60
 170 0088 02F00202 		and	r2, r2, #2
 171 008c 06F58066 		add	r6, r6, #1024
 172 0090 0392     		str	r2, [sp, #12]
 248:Drivers/STM32H7xx_HAL_Driver/Src/stm32h7xx_hal_gpio.c **** 
 173              		.loc 1 248 9 is_stmt 1 view .LVU61
 174 0092 039A     		ldr	r2, [sp, #12]
 175              	.LBE6:
 248:Drivers/STM32H7xx_HAL_Driver/Src/stm32h7xx_hal_gpio.c **** 
 176              		.loc 1 248 9 view .LVU62
 250:Drivers/STM32H7xx_HAL_Driver/Src/stm32h7xx_hal_gpio.c ****         temp &= ~(0x0FUL << (4U * (position & 0x03U)));
 177              		.loc 1 250 9 view .LVU63
 250:Drivers/STM32H7xx_HAL_Driver/Src/stm32h7xx_hal_gpio.c ****         temp &= ~(0x0FUL << (4U * (position & 0x03U)));
 178              		.loc 1 250 14 is_stmt 0 view .LVU64
 179 0094 B268     		ldr	r2, [r6, #8]
 180              	.LVL9:
 251:Drivers/STM32H7xx_HAL_Driver/Src/stm32h7xx_hal_gpio.c ****         temp |= (GPIO_GET_INDEX(GPIOx) << (4U * (position & 0x03U)));
 181              		.loc 1 251 9 is_stmt 1 view .LVU65
 251:Drivers/STM32H7xx_HAL_Driver/Src/stm32h7xx_hal_gpio.c ****         temp |= (GPIO_GET_INDEX(GPIOx) << (4U * (position & 0x03U)));
 182              		.loc 1 251 14 is_stmt 0 view .LVU66
 183 0096 22EA0C02 		bic	r2, r2, ip
 184              	.LVL10:
 252:Drivers/STM32H7xx_HAL_Driver/Src/stm32h7xx_hal_gpio.c ****         SYSCFG->EXTICR[position >> 2U] = temp;
 185              		.loc 1 252 9 is_stmt 1 view .LVU67
 252:Drivers/STM32H7xx_HAL_Driver/Src/stm32h7xx_hal_gpio.c ****         SYSCFG->EXTICR[position >> 2U] = temp;
 186              		.loc 1 252 18 is_stmt 0 view .LVU68
 187 009a 2CD0     		beq	.L11
 252:Drivers/STM32H7xx_HAL_Driver/Src/stm32h7xx_hal_gpio.c ****         SYSCFG->EXTICR[position >> 2U] = temp;
 188              		.loc 1 252 18 discriminator 1 view .LVU69
 189 009c 01F58061 		add	r1, r1, #1024
 190 00a0 8842     		cmp	r0, r1
 191 00a2 00F0AB80 		beq	.L38
 252:Drivers/STM32H7xx_HAL_Driver/Src/stm32h7xx_hal_gpio.c ****         SYSCFG->EXTICR[position >> 2U] = temp;
 192              		.loc 1 252 18 discriminator 3 view .LVU70
 193 00a6 6949     		ldr	r1, .L45+8
 194 00a8 8842     		cmp	r0, r1
 195 00aa 00F0AD80 		beq	.L39
 252:Drivers/STM32H7xx_HAL_Driver/Src/stm32h7xx_hal_gpio.c ****         SYSCFG->EXTICR[position >> 2U] = temp;
 196              		.loc 1 252 18 discriminator 5 view .LVU71
 197 00ae DFF8A0C1 		ldr	ip, .L45+12
 198 00b2 6045     		cmp	r0, ip
 199 00b4 00F09C80 		beq	.L40
 252:Drivers/STM32H7xx_HAL_Driver/Src/stm32h7xx_hal_gpio.c ****         SYSCFG->EXTICR[position >> 2U] = temp;
 200              		.loc 1 252 18 discriminator 7 view .LVU72
ARM GAS  C:\Users\l1234\AppData\Local\Temp\ccOguE8V.s 			page 10


 201 00b8 DFF898C1 		ldr	ip, .L45+16
 202 00bc 6045     		cmp	r0, ip
 203 00be 00F0AF80 		beq	.L41
 252:Drivers/STM32H7xx_HAL_Driver/Src/stm32h7xx_hal_gpio.c ****         SYSCFG->EXTICR[position >> 2U] = temp;
 204              		.loc 1 252 18 discriminator 9 view .LVU73
 205 00c2 DFF894C1 		ldr	ip, .L45+20
 206 00c6 6045     		cmp	r0, ip
 207 00c8 00F0B080 		beq	.L42
 252:Drivers/STM32H7xx_HAL_Driver/Src/stm32h7xx_hal_gpio.c ****         SYSCFG->EXTICR[position >> 2U] = temp;
 208              		.loc 1 252 18 discriminator 11 view .LVU74
 209 00cc DFF88CC1 		ldr	ip, .L45+24
 210 00d0 6045     		cmp	r0, ip
 211 00d2 00F09F80 		beq	.L43
 252:Drivers/STM32H7xx_HAL_Driver/Src/stm32h7xx_hal_gpio.c ****         SYSCFG->EXTICR[position >> 2U] = temp;
 212              		.loc 1 252 18 discriminator 13 view .LVU75
 213 00d6 DFF888C1 		ldr	ip, .L45+28
 214 00da 6045     		cmp	r0, ip
 215 00dc 00F0AC80 		beq	.L44
 252:Drivers/STM32H7xx_HAL_Driver/Src/stm32h7xx_hal_gpio.c ****         SYSCFG->EXTICR[position >> 2U] = temp;
 216              		.loc 1 252 18 discriminator 15 view .LVU76
 217 00e0 DFF880C1 		ldr	ip, .L45+32
 218 00e4 6045     		cmp	r0, ip
 252:Drivers/STM32H7xx_HAL_Driver/Src/stm32h7xx_hal_gpio.c ****         SYSCFG->EXTICR[position >> 2U] = temp;
 219              		.loc 1 252 40 discriminator 15 view .LVU77
 220 00e6 0CBF     		ite	eq
 221 00e8 4FF0090C 		moveq	ip, #9
 222 00ec 4FF00A0C 		movne	ip, #10
 223 00f0 0CFA07F7 		lsl	r7, ip, r7
 252:Drivers/STM32H7xx_HAL_Driver/Src/stm32h7xx_hal_gpio.c ****         SYSCFG->EXTICR[position >> 2U] = temp;
 224              		.loc 1 252 14 discriminator 15 view .LVU78
 225 00f4 3A43     		orrs	r2, r2, r7
 226              	.LVL11:
 227              	.L11:
 253:Drivers/STM32H7xx_HAL_Driver/Src/stm32h7xx_hal_gpio.c **** 
 228              		.loc 1 253 9 is_stmt 1 discriminator 36 view .LVU79
 253:Drivers/STM32H7xx_HAL_Driver/Src/stm32h7xx_hal_gpio.c **** 
 229              		.loc 1 253 40 is_stmt 0 discriminator 36 view .LVU80
 230 00f6 B260     		str	r2, [r6, #8]
 231              		.loc 1 256 9 is_stmt 1 discriminator 36 view .LVU81
 257:Drivers/STM32H7xx_HAL_Driver/Src/stm32h7xx_hal_gpio.c ****         temp &= ~(iocurrent);
 258:Drivers/STM32H7xx_HAL_Driver/Src/stm32h7xx_hal_gpio.c ****         if ((GPIO_Init->Mode & TRIGGER_RISING) != 0x00U)
 232              		.loc 1 258 12 is_stmt 0 discriminator 36 view .LVU82
 233 00f8 EF02     		lsls	r7, r5, #11
 256:Drivers/STM32H7xx_HAL_Driver/Src/stm32h7xx_hal_gpio.c ****         temp &= ~(iocurrent);
 234              		.loc 1 256 14 discriminator 36 view .LVU83
 235 00fa DEF80020 		ldr	r2, [lr]
 236              	.LVL12:
 257:Drivers/STM32H7xx_HAL_Driver/Src/stm32h7xx_hal_gpio.c ****         temp &= ~(iocurrent);
 237              		.loc 1 257 9 is_stmt 1 discriminator 36 view .LVU84
 257:Drivers/STM32H7xx_HAL_Driver/Src/stm32h7xx_hal_gpio.c ****         temp &= ~(iocurrent);
 238              		.loc 1 257 17 is_stmt 0 discriminator 36 view .LVU85
 239 00fe 6FEA0A06 		mvn	r6, r10
 240              	.LVL13:
 241              		.loc 1 258 9 is_stmt 1 discriminator 36 view .LVU86
 259:Drivers/STM32H7xx_HAL_Driver/Src/stm32h7xx_hal_gpio.c ****         {
 260:Drivers/STM32H7xx_HAL_Driver/Src/stm32h7xx_hal_gpio.c ****           temp |= iocurrent;
 242              		.loc 1 260 16 is_stmt 0 discriminator 36 view .LVU87
ARM GAS  C:\Users\l1234\AppData\Local\Temp\ccOguE8V.s 			page 11


 243 0102 4CBF     		ite	mi
 244 0104 4AEA0202 		orrmi	r2, r10, r2
 245              	.LVL14:
 257:Drivers/STM32H7xx_HAL_Driver/Src/stm32h7xx_hal_gpio.c ****         if ((GPIO_Init->Mode & TRIGGER_RISING) != 0x00U)
 246              		.loc 1 257 14 discriminator 36 view .LVU88
 247 0108 3240     		andpl	r2, r2, r6
 248              		.loc 1 260 11 is_stmt 1 discriminator 36 view .LVU89
 249              	.LVL15:
 261:Drivers/STM32H7xx_HAL_Driver/Src/stm32h7xx_hal_gpio.c ****         }
 262:Drivers/STM32H7xx_HAL_Driver/Src/stm32h7xx_hal_gpio.c ****         EXTI->RTSR1 = temp;
 250              		.loc 1 262 9 discriminator 36 view .LVU90
 263:Drivers/STM32H7xx_HAL_Driver/Src/stm32h7xx_hal_gpio.c **** 
 264:Drivers/STM32H7xx_HAL_Driver/Src/stm32h7xx_hal_gpio.c ****         temp = EXTI->FTSR1;
 265:Drivers/STM32H7xx_HAL_Driver/Src/stm32h7xx_hal_gpio.c ****         temp &= ~(iocurrent);
 266:Drivers/STM32H7xx_HAL_Driver/Src/stm32h7xx_hal_gpio.c ****         if ((GPIO_Init->Mode & TRIGGER_FALLING) != 0x00U)
 251              		.loc 1 266 12 is_stmt 0 discriminator 36 view .LVU91
 252 010a A902     		lsls	r1, r5, #10
 262:Drivers/STM32H7xx_HAL_Driver/Src/stm32h7xx_hal_gpio.c **** 
 253              		.loc 1 262 21 discriminator 36 view .LVU92
 254 010c CEF80020 		str	r2, [lr]
 264:Drivers/STM32H7xx_HAL_Driver/Src/stm32h7xx_hal_gpio.c ****         temp &= ~(iocurrent);
 255              		.loc 1 264 9 is_stmt 1 discriminator 36 view .LVU93
 264:Drivers/STM32H7xx_HAL_Driver/Src/stm32h7xx_hal_gpio.c ****         temp &= ~(iocurrent);
 256              		.loc 1 264 14 is_stmt 0 discriminator 36 view .LVU94
 257 0110 DEF80420 		ldr	r2, [lr, #4]
 258              	.LVL16:
 265:Drivers/STM32H7xx_HAL_Driver/Src/stm32h7xx_hal_gpio.c ****         if ((GPIO_Init->Mode & TRIGGER_FALLING) != 0x00U)
 259              		.loc 1 265 9 is_stmt 1 discriminator 36 view .LVU95
 260              		.loc 1 266 9 discriminator 36 view .LVU96
 265:Drivers/STM32H7xx_HAL_Driver/Src/stm32h7xx_hal_gpio.c ****         if ((GPIO_Init->Mode & TRIGGER_FALLING) != 0x00U)
 261              		.loc 1 265 14 is_stmt 0 discriminator 36 view .LVU97
 262 0114 54BF     		ite	pl
 263 0116 3240     		andpl	r2, r2, r6
 264              	.LVL17:
 267:Drivers/STM32H7xx_HAL_Driver/Src/stm32h7xx_hal_gpio.c ****         {
 268:Drivers/STM32H7xx_HAL_Driver/Src/stm32h7xx_hal_gpio.c ****           temp |= iocurrent;
 265              		.loc 1 268 11 is_stmt 1 discriminator 36 view .LVU98
 266              		.loc 1 268 16 is_stmt 0 discriminator 36 view .LVU99
 267 0118 4AEA0202 		orrmi	r2, r10, r2
 268              	.LVL18:
 269:Drivers/STM32H7xx_HAL_Driver/Src/stm32h7xx_hal_gpio.c ****         }
 270:Drivers/STM32H7xx_HAL_Driver/Src/stm32h7xx_hal_gpio.c ****         EXTI->FTSR1 = temp;
 269              		.loc 1 270 9 is_stmt 1 discriminator 36 view .LVU100
 271:Drivers/STM32H7xx_HAL_Driver/Src/stm32h7xx_hal_gpio.c **** 
 272:Drivers/STM32H7xx_HAL_Driver/Src/stm32h7xx_hal_gpio.c ****         temp = EXTI_CurrentCPU->EMR1;
 273:Drivers/STM32H7xx_HAL_Driver/Src/stm32h7xx_hal_gpio.c ****         temp &= ~(iocurrent);
 274:Drivers/STM32H7xx_HAL_Driver/Src/stm32h7xx_hal_gpio.c ****         if ((GPIO_Init->Mode & EXTI_EVT) != 0x00U)
 270              		.loc 1 274 12 is_stmt 0 discriminator 36 view .LVU101
 271 011c AF03     		lsls	r7, r5, #14
 270:Drivers/STM32H7xx_HAL_Driver/Src/stm32h7xx_hal_gpio.c **** 
 272              		.loc 1 270 21 discriminator 36 view .LVU102
 273 011e CEF80420 		str	r2, [lr, #4]
 272:Drivers/STM32H7xx_HAL_Driver/Src/stm32h7xx_hal_gpio.c ****         temp &= ~(iocurrent);
 274              		.loc 1 272 9 is_stmt 1 discriminator 36 view .LVU103
 272:Drivers/STM32H7xx_HAL_Driver/Src/stm32h7xx_hal_gpio.c ****         temp &= ~(iocurrent);
 275              		.loc 1 272 14 is_stmt 0 discriminator 36 view .LVU104
 276 0122 DEF88420 		ldr	r2, [lr, #132]
ARM GAS  C:\Users\l1234\AppData\Local\Temp\ccOguE8V.s 			page 12


 277              	.LVL19:
 273:Drivers/STM32H7xx_HAL_Driver/Src/stm32h7xx_hal_gpio.c ****         if ((GPIO_Init->Mode & EXTI_EVT) != 0x00U)
 278              		.loc 1 273 9 is_stmt 1 discriminator 36 view .LVU105
 279              		.loc 1 274 9 discriminator 36 view .LVU106
 273:Drivers/STM32H7xx_HAL_Driver/Src/stm32h7xx_hal_gpio.c ****         if ((GPIO_Init->Mode & EXTI_EVT) != 0x00U)
 280              		.loc 1 273 14 is_stmt 0 discriminator 36 view .LVU107
 281 0126 54BF     		ite	pl
 282 0128 3240     		andpl	r2, r2, r6
 283              	.LVL20:
 275:Drivers/STM32H7xx_HAL_Driver/Src/stm32h7xx_hal_gpio.c ****         {
 276:Drivers/STM32H7xx_HAL_Driver/Src/stm32h7xx_hal_gpio.c ****           temp |= iocurrent;
 284              		.loc 1 276 11 is_stmt 1 discriminator 36 view .LVU108
 285              		.loc 1 276 16 is_stmt 0 discriminator 36 view .LVU109
 286 012a 4AEA0202 		orrmi	r2, r10, r2
 287              	.LVL21:
 277:Drivers/STM32H7xx_HAL_Driver/Src/stm32h7xx_hal_gpio.c ****         }
 278:Drivers/STM32H7xx_HAL_Driver/Src/stm32h7xx_hal_gpio.c ****         EXTI_CurrentCPU->EMR1 = temp;
 288              		.loc 1 278 9 is_stmt 1 discriminator 36 view .LVU110
 279:Drivers/STM32H7xx_HAL_Driver/Src/stm32h7xx_hal_gpio.c **** 
 280:Drivers/STM32H7xx_HAL_Driver/Src/stm32h7xx_hal_gpio.c ****         /* Clear EXTI line configuration */
 281:Drivers/STM32H7xx_HAL_Driver/Src/stm32h7xx_hal_gpio.c ****         temp = EXTI_CurrentCPU->IMR1;
 282:Drivers/STM32H7xx_HAL_Driver/Src/stm32h7xx_hal_gpio.c ****         temp &= ~(iocurrent);
 283:Drivers/STM32H7xx_HAL_Driver/Src/stm32h7xx_hal_gpio.c ****         if ((GPIO_Init->Mode & EXTI_IT) != 0x00U)
 289              		.loc 1 283 12 is_stmt 0 discriminator 36 view .LVU111
 290 012e E903     		lsls	r1, r5, #15
 278:Drivers/STM32H7xx_HAL_Driver/Src/stm32h7xx_hal_gpio.c **** 
 291              		.loc 1 278 31 discriminator 36 view .LVU112
 292 0130 CEF88420 		str	r2, [lr, #132]
 281:Drivers/STM32H7xx_HAL_Driver/Src/stm32h7xx_hal_gpio.c ****         temp &= ~(iocurrent);
 293              		.loc 1 281 9 is_stmt 1 discriminator 36 view .LVU113
 281:Drivers/STM32H7xx_HAL_Driver/Src/stm32h7xx_hal_gpio.c ****         temp &= ~(iocurrent);
 294              		.loc 1 281 14 is_stmt 0 discriminator 36 view .LVU114
 295 0134 DEF88020 		ldr	r2, [lr, #128]
 296              	.LVL22:
 282:Drivers/STM32H7xx_HAL_Driver/Src/stm32h7xx_hal_gpio.c ****         if ((GPIO_Init->Mode & EXTI_IT) != 0x00U)
 297              		.loc 1 282 9 is_stmt 1 discriminator 36 view .LVU115
 298              		.loc 1 283 9 discriminator 36 view .LVU116
 282:Drivers/STM32H7xx_HAL_Driver/Src/stm32h7xx_hal_gpio.c ****         if ((GPIO_Init->Mode & EXTI_IT) != 0x00U)
 299              		.loc 1 282 14 is_stmt 0 discriminator 36 view .LVU117
 300 0138 54BF     		ite	pl
 301 013a 3240     		andpl	r2, r2, r6
 302              	.LVL23:
 284:Drivers/STM32H7xx_HAL_Driver/Src/stm32h7xx_hal_gpio.c ****         {
 285:Drivers/STM32H7xx_HAL_Driver/Src/stm32h7xx_hal_gpio.c ****           temp |= iocurrent;
 303              		.loc 1 285 11 is_stmt 1 discriminator 36 view .LVU118
 304              		.loc 1 285 16 is_stmt 0 discriminator 36 view .LVU119
 305 013c 4AEA0202 		orrmi	r2, r10, r2
 306              	.LVL24:
 286:Drivers/STM32H7xx_HAL_Driver/Src/stm32h7xx_hal_gpio.c ****         }
 287:Drivers/STM32H7xx_HAL_Driver/Src/stm32h7xx_hal_gpio.c ****         EXTI_CurrentCPU->IMR1 = temp;
 307              		.loc 1 287 9 is_stmt 1 discriminator 36 view .LVU120
 308              		.loc 1 287 31 is_stmt 0 discriminator 36 view .LVU121
 309 0140 CEF88020 		str	r2, [lr, #128]
 310              	.LVL25:
 311              	.L4:
 288:Drivers/STM32H7xx_HAL_Driver/Src/stm32h7xx_hal_gpio.c ****       }
 289:Drivers/STM32H7xx_HAL_Driver/Src/stm32h7xx_hal_gpio.c ****     }
ARM GAS  C:\Users\l1234\AppData\Local\Temp\ccOguE8V.s 			page 13


 290:Drivers/STM32H7xx_HAL_Driver/Src/stm32h7xx_hal_gpio.c **** 
 291:Drivers/STM32H7xx_HAL_Driver/Src/stm32h7xx_hal_gpio.c ****     position++;
 312              		.loc 1 291 5 is_stmt 1 view .LVU122
 313              		.loc 1 291 13 is_stmt 0 view .LVU123
 314 0144 0133     		adds	r3, r3, #1
 315              	.LVL26:
 184:Drivers/STM32H7xx_HAL_Driver/Src/stm32h7xx_hal_gpio.c ****   {
 316              		.loc 1 184 41 is_stmt 1 view .LVU124
 317 0146 34FA03F2 		lsrs	r2, r4, r3
 318 014a 7FF466AF 		bne	.L2
 319              	.LVL27:
 320              	.L1:
 292:Drivers/STM32H7xx_HAL_Driver/Src/stm32h7xx_hal_gpio.c ****   }
 293:Drivers/STM32H7xx_HAL_Driver/Src/stm32h7xx_hal_gpio.c **** }
 321              		.loc 1 293 1 is_stmt 0 view .LVU125
 322 014e 05B0     		add	sp, sp, #20
 323              	.LCFI2:
 324              		.cfi_remember_state
 325              		.cfi_def_cfa_offset 36
 326              		@ sp needed
 327 0150 BDE8F08F 		pop	{r4, r5, r6, r7, r8, r9, r10, fp, pc}
 328              	.LVL28:
 329              	.L36:
 330              	.LCFI3:
 331              		.cfi_restore_state
 196:Drivers/STM32H7xx_HAL_Driver/Src/stm32h7xx_hal_gpio.c **** 
 332              		.loc 1 196 9 is_stmt 1 view .LVU126
 199:Drivers/STM32H7xx_HAL_Driver/Src/stm32h7xx_hal_gpio.c ****         temp &= ~(GPIO_OSPEEDR_OSPEED0 << (position * 2U));
 333              		.loc 1 199 9 view .LVU127
 201:Drivers/STM32H7xx_HAL_Driver/Src/stm32h7xx_hal_gpio.c ****         GPIOx->OSPEEDR = temp;
 334              		.loc 1 201 35 is_stmt 0 view .LVU128
 335 0154 0099     		ldr	r1, [sp]
 224:Drivers/STM32H7xx_HAL_Driver/Src/stm32h7xx_hal_gpio.c ****       {
 336              		.loc 1 224 10 view .LVU129
 337 0156 022A     		cmp	r2, #2
 199:Drivers/STM32H7xx_HAL_Driver/Src/stm32h7xx_hal_gpio.c ****         temp &= ~(GPIO_OSPEEDR_OSPEED0 << (position * 2U));
 338              		.loc 1 199 14 view .LVU130
 339 0158 D0F80890 		ldr	r9, [r0, #8]
 340              	.LVL29:
 200:Drivers/STM32H7xx_HAL_Driver/Src/stm32h7xx_hal_gpio.c ****         temp |= (GPIO_Init->Speed << (position * 2U));
 341              		.loc 1 200 9 is_stmt 1 view .LVU131
 201:Drivers/STM32H7xx_HAL_Driver/Src/stm32h7xx_hal_gpio.c ****         GPIOx->OSPEEDR = temp;
 342              		.loc 1 201 35 is_stmt 0 view .LVU132
 343 015c C968     		ldr	r1, [r1, #12]
 200:Drivers/STM32H7xx_HAL_Driver/Src/stm32h7xx_hal_gpio.c ****         temp |= (GPIO_Init->Speed << (position * 2U));
 344              		.loc 1 200 14 view .LVU133
 345 015e 09EA0609 		and	r9, r9, r6
 346              	.LVL30:
 201:Drivers/STM32H7xx_HAL_Driver/Src/stm32h7xx_hal_gpio.c ****         GPIOx->OSPEEDR = temp;
 347              		.loc 1 201 9 is_stmt 1 view .LVU134
 201:Drivers/STM32H7xx_HAL_Driver/Src/stm32h7xx_hal_gpio.c ****         GPIOx->OSPEEDR = temp;
 348              		.loc 1 201 35 is_stmt 0 view .LVU135
 349 0162 01FA07F8 		lsl	r8, r1, r7
 219:Drivers/STM32H7xx_HAL_Driver/Src/stm32h7xx_hal_gpio.c ****       GPIOx->PUPDR = temp;
 350              		.loc 1 219 34 view .LVU136
 351 0166 0099     		ldr	r1, [sp]
 201:Drivers/STM32H7xx_HAL_Driver/Src/stm32h7xx_hal_gpio.c ****         GPIOx->OSPEEDR = temp;
ARM GAS  C:\Users\l1234\AppData\Local\Temp\ccOguE8V.s 			page 14


 352              		.loc 1 201 14 view .LVU137
 353 0168 48EA0908 		orr	r8, r8, r9
 354              	.LVL31:
 202:Drivers/STM32H7xx_HAL_Driver/Src/stm32h7xx_hal_gpio.c **** 
 355              		.loc 1 202 9 is_stmt 1 view .LVU138
 219:Drivers/STM32H7xx_HAL_Driver/Src/stm32h7xx_hal_gpio.c ****       GPIOx->PUPDR = temp;
 356              		.loc 1 219 34 is_stmt 0 view .LVU139
 357 016c 8968     		ldr	r1, [r1, #8]
 202:Drivers/STM32H7xx_HAL_Driver/Src/stm32h7xx_hal_gpio.c **** 
 358              		.loc 1 202 24 view .LVU140
 359 016e C0F80880 		str	r8, [r0, #8]
 205:Drivers/STM32H7xx_HAL_Driver/Src/stm32h7xx_hal_gpio.c ****         temp &= ~(GPIO_OTYPER_OT0 << position) ;
 360              		.loc 1 205 9 is_stmt 1 view .LVU141
 207:Drivers/STM32H7xx_HAL_Driver/Src/stm32h7xx_hal_gpio.c ****         GPIOx->OTYPER = temp;
 361              		.loc 1 207 51 is_stmt 0 view .LVU142
 362 0172 C5F30018 		ubfx	r8, r5, #4, #1
 363              	.LVL32:
 205:Drivers/STM32H7xx_HAL_Driver/Src/stm32h7xx_hal_gpio.c ****         temp &= ~(GPIO_OTYPER_OT0 << position) ;
 364              		.loc 1 205 14 view .LVU143
 365 0176 D0F80490 		ldr	r9, [r0, #4]
 366              	.LVL33:
 206:Drivers/STM32H7xx_HAL_Driver/Src/stm32h7xx_hal_gpio.c ****         temp |= (((GPIO_Init->Mode & OUTPUT_TYPE) >> OUTPUT_TYPE_Pos) << position);
 367              		.loc 1 206 9 is_stmt 1 view .LVU144
 207:Drivers/STM32H7xx_HAL_Driver/Src/stm32h7xx_hal_gpio.c ****         GPIOx->OTYPER = temp;
 368              		.loc 1 207 71 is_stmt 0 view .LVU145
 369 017a 08FA03F8 		lsl	r8, r8, r3
 206:Drivers/STM32H7xx_HAL_Driver/Src/stm32h7xx_hal_gpio.c ****         temp |= (((GPIO_Init->Mode & OUTPUT_TYPE) >> OUTPUT_TYPE_Pos) << position);
 370              		.loc 1 206 14 view .LVU146
 371 017e 29EA0C0C 		bic	ip, r9, ip
 372              	.LVL34:
 207:Drivers/STM32H7xx_HAL_Driver/Src/stm32h7xx_hal_gpio.c ****         GPIOx->OTYPER = temp;
 373              		.loc 1 207 9 is_stmt 1 view .LVU147
 207:Drivers/STM32H7xx_HAL_Driver/Src/stm32h7xx_hal_gpio.c ****         GPIOx->OTYPER = temp;
 374              		.loc 1 207 14 is_stmt 0 view .LVU148
 375 0182 48EA0C0C 		orr	ip, r8, ip
 376              	.LVL35:
 208:Drivers/STM32H7xx_HAL_Driver/Src/stm32h7xx_hal_gpio.c ****       }
 377              		.loc 1 208 9 is_stmt 1 view .LVU149
 208:Drivers/STM32H7xx_HAL_Driver/Src/stm32h7xx_hal_gpio.c ****       }
 378              		.loc 1 208 23 is_stmt 0 view .LVU150
 379 0186 C0F804C0 		str	ip, [r0, #4]
 211:Drivers/STM32H7xx_HAL_Driver/Src/stm32h7xx_hal_gpio.c ****       {
 380              		.loc 1 211 7 is_stmt 1 view .LVU151
 214:Drivers/STM32H7xx_HAL_Driver/Src/stm32h7xx_hal_gpio.c **** 
 381              		.loc 1 214 8 view .LVU152
 217:Drivers/STM32H7xx_HAL_Driver/Src/stm32h7xx_hal_gpio.c ****       temp &= ~(GPIO_PUPDR_PUPD0 << (position * 2U));
 382              		.loc 1 217 7 view .LVU153
 219:Drivers/STM32H7xx_HAL_Driver/Src/stm32h7xx_hal_gpio.c ****       GPIOx->PUPDR = temp;
 383              		.loc 1 219 34 is_stmt 0 view .LVU154
 384 018a 01FA07FC 		lsl	ip, r1, r7
 385              	.LVL36:
 217:Drivers/STM32H7xx_HAL_Driver/Src/stm32h7xx_hal_gpio.c ****       temp &= ~(GPIO_PUPDR_PUPD0 << (position * 2U));
 386              		.loc 1 217 12 view .LVU155
 387 018e D0F80C80 		ldr	r8, [r0, #12]
 388              	.LVL37:
 218:Drivers/STM32H7xx_HAL_Driver/Src/stm32h7xx_hal_gpio.c ****       temp |= ((GPIO_Init->Pull) << (position * 2U));
 389              		.loc 1 218 7 is_stmt 1 view .LVU156
ARM GAS  C:\Users\l1234\AppData\Local\Temp\ccOguE8V.s 			page 15


 218:Drivers/STM32H7xx_HAL_Driver/Src/stm32h7xx_hal_gpio.c ****       temp |= ((GPIO_Init->Pull) << (position * 2U));
 390              		.loc 1 218 12 is_stmt 0 view .LVU157
 391 0192 08EA0608 		and	r8, r8, r6
 392              	.LVL38:
 219:Drivers/STM32H7xx_HAL_Driver/Src/stm32h7xx_hal_gpio.c ****       GPIOx->PUPDR = temp;
 393              		.loc 1 219 7 is_stmt 1 view .LVU158
 219:Drivers/STM32H7xx_HAL_Driver/Src/stm32h7xx_hal_gpio.c ****       GPIOx->PUPDR = temp;
 394              		.loc 1 219 12 is_stmt 0 view .LVU159
 395 0196 4CEA080C 		orr	ip, ip, r8
 396              	.LVL39:
 220:Drivers/STM32H7xx_HAL_Driver/Src/stm32h7xx_hal_gpio.c ****       }
 397              		.loc 1 220 7 is_stmt 1 view .LVU160
 220:Drivers/STM32H7xx_HAL_Driver/Src/stm32h7xx_hal_gpio.c ****       }
 398              		.loc 1 220 20 is_stmt 0 view .LVU161
 399 019a C0F80CC0 		str	ip, [r0, #12]
 224:Drivers/STM32H7xx_HAL_Driver/Src/stm32h7xx_hal_gpio.c ****       {
 400              		.loc 1 224 7 is_stmt 1 view .LVU162
 224:Drivers/STM32H7xx_HAL_Driver/Src/stm32h7xx_hal_gpio.c ****       {
 401              		.loc 1 224 10 is_stmt 0 view .LVU163
 402 019e 7FF454AF 		bne	.L9
 227:Drivers/STM32H7xx_HAL_Driver/Src/stm32h7xx_hal_gpio.c ****         assert_param(IS_GPIO_AF(GPIO_Init->Alternate));
 403              		.loc 1 227 9 is_stmt 1 view .LVU164
 228:Drivers/STM32H7xx_HAL_Driver/Src/stm32h7xx_hal_gpio.c **** 
 404              		.loc 1 228 9 view .LVU165
 231:Drivers/STM32H7xx_HAL_Driver/Src/stm32h7xx_hal_gpio.c ****         temp &= ~(0xFU << ((position & 0x07U) * 4U));
 405              		.loc 1 231 9 view .LVU166
 232:Drivers/STM32H7xx_HAL_Driver/Src/stm32h7xx_hal_gpio.c ****         temp |= ((GPIO_Init->Alternate) << ((position & 0x07U) * 4U));
 406              		.loc 1 232 38 is_stmt 0 view .LVU167
 407 01a2 03F0070C 		and	ip, r3, #7
 408              	.LVL40:
 233:Drivers/STM32H7xx_HAL_Driver/Src/stm32h7xx_hal_gpio.c ****         GPIOx->AFR[position >> 3U] = temp;
 409              		.loc 1 233 41 view .LVU168
 410 01a6 0099     		ldr	r1, [sp]
 231:Drivers/STM32H7xx_HAL_Driver/Src/stm32h7xx_hal_gpio.c ****         temp &= ~(0xFU << ((position & 0x07U) * 4U));
 411              		.loc 1 231 36 view .LVU169
 412 01a8 4FEAD308 		lsr	r8, r3, #3
 232:Drivers/STM32H7xx_HAL_Driver/Src/stm32h7xx_hal_gpio.c ****         temp |= ((GPIO_Init->Alternate) << ((position & 0x07U) * 4U));
 413              		.loc 1 232 47 view .LVU170
 414 01ac 4FEA8C0C 		lsl	ip, ip, #2
 233:Drivers/STM32H7xx_HAL_Driver/Src/stm32h7xx_hal_gpio.c ****         GPIOx->AFR[position >> 3U] = temp;
 415              		.loc 1 233 41 view .LVU171
 416 01b0 0969     		ldr	r1, [r1, #16]
 417 01b2 00EB8808 		add	r8, r0, r8, lsl #2
 418 01b6 01FA0CF1 		lsl	r1, r1, ip
 231:Drivers/STM32H7xx_HAL_Driver/Src/stm32h7xx_hal_gpio.c ****         temp &= ~(0xFU << ((position & 0x07U) * 4U));
 419              		.loc 1 231 14 view .LVU172
 420 01ba D8F82090 		ldr	r9, [r8, #32]
 421              	.LVL41:
 232:Drivers/STM32H7xx_HAL_Driver/Src/stm32h7xx_hal_gpio.c ****         temp |= ((GPIO_Init->Alternate) << ((position & 0x07U) * 4U));
 422              		.loc 1 232 9 is_stmt 1 view .LVU173
 233:Drivers/STM32H7xx_HAL_Driver/Src/stm32h7xx_hal_gpio.c ****         GPIOx->AFR[position >> 3U] = temp;
 423              		.loc 1 233 41 is_stmt 0 view .LVU174
 424 01be 0191     		str	r1, [sp, #4]
 232:Drivers/STM32H7xx_HAL_Driver/Src/stm32h7xx_hal_gpio.c ****         temp |= ((GPIO_Init->Alternate) << ((position & 0x07U) * 4U));
 425              		.loc 1 232 24 view .LVU175
 426 01c0 0F21     		movs	r1, #15
 427 01c2 01FA0CFC 		lsl	ip, r1, ip
ARM GAS  C:\Users\l1234\AppData\Local\Temp\ccOguE8V.s 			page 16


 233:Drivers/STM32H7xx_HAL_Driver/Src/stm32h7xx_hal_gpio.c ****         GPIOx->AFR[position >> 3U] = temp;
 428              		.loc 1 233 14 view .LVU176
 429 01c6 0199     		ldr	r1, [sp, #4]
 232:Drivers/STM32H7xx_HAL_Driver/Src/stm32h7xx_hal_gpio.c ****         temp |= ((GPIO_Init->Alternate) << ((position & 0x07U) * 4U));
 430              		.loc 1 232 14 view .LVU177
 431 01c8 29EA0C09 		bic	r9, r9, ip
 432              	.LVL42:
 233:Drivers/STM32H7xx_HAL_Driver/Src/stm32h7xx_hal_gpio.c ****         GPIOx->AFR[position >> 3U] = temp;
 433              		.loc 1 233 9 is_stmt 1 view .LVU178
 233:Drivers/STM32H7xx_HAL_Driver/Src/stm32h7xx_hal_gpio.c ****         GPIOx->AFR[position >> 3U] = temp;
 434              		.loc 1 233 14 is_stmt 0 view .LVU179
 435 01cc 41EA090C 		orr	ip, r1, r9
 436              	.LVL43:
 234:Drivers/STM32H7xx_HAL_Driver/Src/stm32h7xx_hal_gpio.c ****       }
 437              		.loc 1 234 9 is_stmt 1 view .LVU180
 234:Drivers/STM32H7xx_HAL_Driver/Src/stm32h7xx_hal_gpio.c ****       }
 438              		.loc 1 234 36 is_stmt 0 view .LVU181
 439 01d0 C8F820C0 		str	ip, [r8, #32]
 440 01d4 39E7     		b	.L9
 441              	.LVL44:
 442              	.L37:
 214:Drivers/STM32H7xx_HAL_Driver/Src/stm32h7xx_hal_gpio.c **** 
 443              		.loc 1 214 8 is_stmt 1 view .LVU182
 217:Drivers/STM32H7xx_HAL_Driver/Src/stm32h7xx_hal_gpio.c ****       temp &= ~(GPIO_PUPDR_PUPD0 << (position * 2U));
 444              		.loc 1 217 7 view .LVU183
 219:Drivers/STM32H7xx_HAL_Driver/Src/stm32h7xx_hal_gpio.c ****       GPIOx->PUPDR = temp;
 445              		.loc 1 219 34 is_stmt 0 view .LVU184
 446 01d6 0099     		ldr	r1, [sp]
 217:Drivers/STM32H7xx_HAL_Driver/Src/stm32h7xx_hal_gpio.c ****       temp &= ~(GPIO_PUPDR_PUPD0 << (position * 2U));
 447              		.loc 1 217 12 view .LVU185
 448 01d8 D0F80C80 		ldr	r8, [r0, #12]
 449              	.LVL45:
 218:Drivers/STM32H7xx_HAL_Driver/Src/stm32h7xx_hal_gpio.c ****       temp |= ((GPIO_Init->Pull) << (position * 2U));
 450              		.loc 1 218 7 is_stmt 1 view .LVU186
 219:Drivers/STM32H7xx_HAL_Driver/Src/stm32h7xx_hal_gpio.c ****       GPIOx->PUPDR = temp;
 451              		.loc 1 219 34 is_stmt 0 view .LVU187
 452 01dc 8968     		ldr	r1, [r1, #8]
 218:Drivers/STM32H7xx_HAL_Driver/Src/stm32h7xx_hal_gpio.c ****       temp |= ((GPIO_Init->Pull) << (position * 2U));
 453              		.loc 1 218 12 view .LVU188
 454 01de 08EA0608 		and	r8, r8, r6
 455              	.LVL46:
 219:Drivers/STM32H7xx_HAL_Driver/Src/stm32h7xx_hal_gpio.c ****       GPIOx->PUPDR = temp;
 456              		.loc 1 219 7 is_stmt 1 view .LVU189
 219:Drivers/STM32H7xx_HAL_Driver/Src/stm32h7xx_hal_gpio.c ****       GPIOx->PUPDR = temp;
 457              		.loc 1 219 34 is_stmt 0 view .LVU190
 458 01e2 01FA07FC 		lsl	ip, r1, r7
 219:Drivers/STM32H7xx_HAL_Driver/Src/stm32h7xx_hal_gpio.c ****       GPIOx->PUPDR = temp;
 459              		.loc 1 219 12 view .LVU191
 460 01e6 4CEA080C 		orr	ip, ip, r8
 461              	.LVL47:
 220:Drivers/STM32H7xx_HAL_Driver/Src/stm32h7xx_hal_gpio.c ****       }
 462              		.loc 1 220 7 is_stmt 1 view .LVU192
 220:Drivers/STM32H7xx_HAL_Driver/Src/stm32h7xx_hal_gpio.c ****       }
 463              		.loc 1 220 20 is_stmt 0 view .LVU193
 464 01ea C0F80CC0 		str	ip, [r0, #12]
 224:Drivers/STM32H7xx_HAL_Driver/Src/stm32h7xx_hal_gpio.c ****       {
 465              		.loc 1 224 7 is_stmt 1 view .LVU194
ARM GAS  C:\Users\l1234\AppData\Local\Temp\ccOguE8V.s 			page 17


 466 01ee 2CE7     		b	.L9
 467              	.LVL48:
 468              	.L40:
 252:Drivers/STM32H7xx_HAL_Driver/Src/stm32h7xx_hal_gpio.c ****         SYSCFG->EXTICR[position >> 2U] = temp;
 469              		.loc 1 252 40 is_stmt 0 view .LVU195
 470 01f0 4FF0030C 		mov	ip, #3
 471 01f4 0CFA07F7 		lsl	r7, ip, r7
 252:Drivers/STM32H7xx_HAL_Driver/Src/stm32h7xx_hal_gpio.c ****         SYSCFG->EXTICR[position >> 2U] = temp;
 472              		.loc 1 252 14 view .LVU196
 473 01f8 3A43     		orrs	r2, r2, r7
 474              	.LVL49:
 252:Drivers/STM32H7xx_HAL_Driver/Src/stm32h7xx_hal_gpio.c ****         SYSCFG->EXTICR[position >> 2U] = temp;
 475              		.loc 1 252 14 view .LVU197
 476 01fa 7CE7     		b	.L11
 477              	.LVL50:
 478              	.L38:
 252:Drivers/STM32H7xx_HAL_Driver/Src/stm32h7xx_hal_gpio.c ****         SYSCFG->EXTICR[position >> 2U] = temp;
 479              		.loc 1 252 40 view .LVU198
 480 01fc 4FF0010C 		mov	ip, #1
 481 0200 0CFA07F7 		lsl	r7, ip, r7
 252:Drivers/STM32H7xx_HAL_Driver/Src/stm32h7xx_hal_gpio.c ****         SYSCFG->EXTICR[position >> 2U] = temp;
 482              		.loc 1 252 14 view .LVU199
 483 0204 3A43     		orrs	r2, r2, r7
 484              	.LVL51:
 252:Drivers/STM32H7xx_HAL_Driver/Src/stm32h7xx_hal_gpio.c ****         SYSCFG->EXTICR[position >> 2U] = temp;
 485              		.loc 1 252 14 view .LVU200
 486 0206 76E7     		b	.L11
 487              	.LVL52:
 488              	.L39:
 252:Drivers/STM32H7xx_HAL_Driver/Src/stm32h7xx_hal_gpio.c ****         SYSCFG->EXTICR[position >> 2U] = temp;
 489              		.loc 1 252 40 view .LVU201
 490 0208 4FF0020C 		mov	ip, #2
 491 020c 0CFA07F7 		lsl	r7, ip, r7
 252:Drivers/STM32H7xx_HAL_Driver/Src/stm32h7xx_hal_gpio.c ****         SYSCFG->EXTICR[position >> 2U] = temp;
 492              		.loc 1 252 14 view .LVU202
 493 0210 3A43     		orrs	r2, r2, r7
 494              	.LVL53:
 252:Drivers/STM32H7xx_HAL_Driver/Src/stm32h7xx_hal_gpio.c ****         SYSCFG->EXTICR[position >> 2U] = temp;
 495              		.loc 1 252 14 view .LVU203
 496 0212 70E7     		b	.L11
 497              	.LVL54:
 498              	.L43:
 252:Drivers/STM32H7xx_HAL_Driver/Src/stm32h7xx_hal_gpio.c ****         SYSCFG->EXTICR[position >> 2U] = temp;
 499              		.loc 1 252 40 view .LVU204
 500 0214 4FF0060C 		mov	ip, #6
 501 0218 0CFA07F7 		lsl	r7, ip, r7
 252:Drivers/STM32H7xx_HAL_Driver/Src/stm32h7xx_hal_gpio.c ****         SYSCFG->EXTICR[position >> 2U] = temp;
 502              		.loc 1 252 14 view .LVU205
 503 021c 3A43     		orrs	r2, r2, r7
 504              	.LVL55:
 252:Drivers/STM32H7xx_HAL_Driver/Src/stm32h7xx_hal_gpio.c ****         SYSCFG->EXTICR[position >> 2U] = temp;
 505              		.loc 1 252 14 view .LVU206
 506 021e 6AE7     		b	.L11
 507              	.LVL56:
 508              	.L41:
 252:Drivers/STM32H7xx_HAL_Driver/Src/stm32h7xx_hal_gpio.c ****         SYSCFG->EXTICR[position >> 2U] = temp;
 509              		.loc 1 252 40 view .LVU207
ARM GAS  C:\Users\l1234\AppData\Local\Temp\ccOguE8V.s 			page 18


 510 0220 4FF0040C 		mov	ip, #4
 511 0224 0CFA07F7 		lsl	r7, ip, r7
 252:Drivers/STM32H7xx_HAL_Driver/Src/stm32h7xx_hal_gpio.c ****         SYSCFG->EXTICR[position >> 2U] = temp;
 512              		.loc 1 252 14 view .LVU208
 513 0228 3A43     		orrs	r2, r2, r7
 514              	.LVL57:
 252:Drivers/STM32H7xx_HAL_Driver/Src/stm32h7xx_hal_gpio.c ****         SYSCFG->EXTICR[position >> 2U] = temp;
 515              		.loc 1 252 14 view .LVU209
 516 022a 64E7     		b	.L11
 517              	.LVL58:
 518              	.L42:
 252:Drivers/STM32H7xx_HAL_Driver/Src/stm32h7xx_hal_gpio.c ****         SYSCFG->EXTICR[position >> 2U] = temp;
 519              		.loc 1 252 40 view .LVU210
 520 022c 4FF0050C 		mov	ip, #5
 521 0230 0CFA07F7 		lsl	r7, ip, r7
 252:Drivers/STM32H7xx_HAL_Driver/Src/stm32h7xx_hal_gpio.c ****         SYSCFG->EXTICR[position >> 2U] = temp;
 522              		.loc 1 252 14 view .LVU211
 523 0234 3A43     		orrs	r2, r2, r7
 524              	.LVL59:
 252:Drivers/STM32H7xx_HAL_Driver/Src/stm32h7xx_hal_gpio.c ****         SYSCFG->EXTICR[position >> 2U] = temp;
 525              		.loc 1 252 14 view .LVU212
 526 0236 5EE7     		b	.L11
 527              	.LVL60:
 528              	.L44:
 252:Drivers/STM32H7xx_HAL_Driver/Src/stm32h7xx_hal_gpio.c ****         SYSCFG->EXTICR[position >> 2U] = temp;
 529              		.loc 1 252 40 view .LVU213
 530 0238 4FF0070C 		mov	ip, #7
 531 023c 0CFA07F7 		lsl	r7, ip, r7
 252:Drivers/STM32H7xx_HAL_Driver/Src/stm32h7xx_hal_gpio.c ****         SYSCFG->EXTICR[position >> 2U] = temp;
 532              		.loc 1 252 14 view .LVU214
 533 0240 3A43     		orrs	r2, r2, r7
 534              	.LVL61:
 252:Drivers/STM32H7xx_HAL_Driver/Src/stm32h7xx_hal_gpio.c ****         SYSCFG->EXTICR[position >> 2U] = temp;
 535              		.loc 1 252 14 view .LVU215
 536 0242 58E7     		b	.L11
 537              	.L46:
 538              		.align	2
 539              	.L45:
 540 0244 00440258 		.word	1476543488
 541 0248 00000258 		.word	1476526080
 542 024c 00080258 		.word	1476528128
 543 0250 000C0258 		.word	1476529152
 544 0254 00100258 		.word	1476530176
 545 0258 00140258 		.word	1476531200
 546 025c 00180258 		.word	1476532224
 547 0260 001C0258 		.word	1476533248
 548 0264 00240258 		.word	1476535296
 549              		.cfi_endproc
 550              	.LFE144:
 552              		.section	.text.HAL_GPIO_DeInit,"ax",%progbits
 553              		.align	1
 554              		.p2align 2,,3
 555              		.global	HAL_GPIO_DeInit
 556              		.syntax unified
 557              		.thumb
 558              		.thumb_func
 560              	HAL_GPIO_DeInit:
ARM GAS  C:\Users\l1234\AppData\Local\Temp\ccOguE8V.s 			page 19


 561              	.LVL62:
 562              	.LFB145:
 294:Drivers/STM32H7xx_HAL_Driver/Src/stm32h7xx_hal_gpio.c **** 
 295:Drivers/STM32H7xx_HAL_Driver/Src/stm32h7xx_hal_gpio.c **** /**
 296:Drivers/STM32H7xx_HAL_Driver/Src/stm32h7xx_hal_gpio.c ****   * @brief  De-initializes the GPIOx peripheral registers to their default reset values.
 297:Drivers/STM32H7xx_HAL_Driver/Src/stm32h7xx_hal_gpio.c ****   * @param  GPIOx: where x can be (A..K) to select the GPIO peripheral.
 298:Drivers/STM32H7xx_HAL_Driver/Src/stm32h7xx_hal_gpio.c ****   * @param  GPIO_Pin: specifies the port bit to be written.
 299:Drivers/STM32H7xx_HAL_Driver/Src/stm32h7xx_hal_gpio.c ****   *          This parameter can be one of GPIO_PIN_x where x can be (0..15).
 300:Drivers/STM32H7xx_HAL_Driver/Src/stm32h7xx_hal_gpio.c ****   * @retval None
 301:Drivers/STM32H7xx_HAL_Driver/Src/stm32h7xx_hal_gpio.c ****   */
 302:Drivers/STM32H7xx_HAL_Driver/Src/stm32h7xx_hal_gpio.c **** void HAL_GPIO_DeInit(GPIO_TypeDef  *GPIOx, uint32_t GPIO_Pin)
 303:Drivers/STM32H7xx_HAL_Driver/Src/stm32h7xx_hal_gpio.c **** {
 563              		.loc 1 303 1 is_stmt 1 view -0
 564              		.cfi_startproc
 565              		@ args = 0, pretend = 0, frame = 8
 566              		@ frame_needed = 0, uses_anonymous_args = 0
 304:Drivers/STM32H7xx_HAL_Driver/Src/stm32h7xx_hal_gpio.c ****   uint32_t position = 0x00U;
 567              		.loc 1 304 3 view .LVU217
 305:Drivers/STM32H7xx_HAL_Driver/Src/stm32h7xx_hal_gpio.c ****   uint32_t iocurrent;
 568              		.loc 1 305 3 view .LVU218
 306:Drivers/STM32H7xx_HAL_Driver/Src/stm32h7xx_hal_gpio.c ****   uint32_t tmp;
 569              		.loc 1 306 3 view .LVU219
 307:Drivers/STM32H7xx_HAL_Driver/Src/stm32h7xx_hal_gpio.c ****   EXTI_Core_TypeDef *EXTI_CurrentCPU;
 570              		.loc 1 307 3 view .LVU220
 308:Drivers/STM32H7xx_HAL_Driver/Src/stm32h7xx_hal_gpio.c **** 
 309:Drivers/STM32H7xx_HAL_Driver/Src/stm32h7xx_hal_gpio.c **** #if defined(DUAL_CORE) && defined(CORE_CM4)
 310:Drivers/STM32H7xx_HAL_Driver/Src/stm32h7xx_hal_gpio.c ****   EXTI_CurrentCPU = EXTI_D2; /* EXTI for CM4 CPU */
 311:Drivers/STM32H7xx_HAL_Driver/Src/stm32h7xx_hal_gpio.c **** #else
 312:Drivers/STM32H7xx_HAL_Driver/Src/stm32h7xx_hal_gpio.c ****   EXTI_CurrentCPU = EXTI_D1; /* EXTI for CM7 CPU */
 571              		.loc 1 312 3 view .LVU221
 313:Drivers/STM32H7xx_HAL_Driver/Src/stm32h7xx_hal_gpio.c **** #endif
 314:Drivers/STM32H7xx_HAL_Driver/Src/stm32h7xx_hal_gpio.c **** 
 315:Drivers/STM32H7xx_HAL_Driver/Src/stm32h7xx_hal_gpio.c ****   /* Check the parameters */
 316:Drivers/STM32H7xx_HAL_Driver/Src/stm32h7xx_hal_gpio.c ****   assert_param(IS_GPIO_ALL_INSTANCE(GPIOx));
 572              		.loc 1 316 3 view .LVU222
 317:Drivers/STM32H7xx_HAL_Driver/Src/stm32h7xx_hal_gpio.c ****   assert_param(IS_GPIO_PIN(GPIO_Pin));
 573              		.loc 1 317 3 view .LVU223
 318:Drivers/STM32H7xx_HAL_Driver/Src/stm32h7xx_hal_gpio.c **** 
 319:Drivers/STM32H7xx_HAL_Driver/Src/stm32h7xx_hal_gpio.c ****   /* Configure the port pins */
 320:Drivers/STM32H7xx_HAL_Driver/Src/stm32h7xx_hal_gpio.c ****   while ((GPIO_Pin >> position) != 0x00U)
 574              		.loc 1 320 3 view .LVU224
 575              		.loc 1 320 33 view .LVU225
 576 0000 0029     		cmp	r1, #0
 577 0002 00F0A380 		beq	.L68
 304:Drivers/STM32H7xx_HAL_Driver/Src/stm32h7xx_hal_gpio.c ****   uint32_t iocurrent;
 578              		.loc 1 304 12 is_stmt 0 view .LVU226
 579 0006 0023     		movs	r3, #0
 303:Drivers/STM32H7xx_HAL_Driver/Src/stm32h7xx_hal_gpio.c ****   uint32_t position = 0x00U;
 580              		.loc 1 303 1 view .LVU227
 581 0008 2DE9F04F 		push	{r4, r5, r6, r7, r8, r9, r10, fp, lr}
 582              	.LCFI4:
 583              		.cfi_def_cfa_offset 36
 584              		.cfi_offset 4, -36
 585              		.cfi_offset 5, -32
 586              		.cfi_offset 6, -28
 587              		.cfi_offset 7, -24
 588              		.cfi_offset 8, -20
ARM GAS  C:\Users\l1234\AppData\Local\Temp\ccOguE8V.s 			page 20


 589              		.cfi_offset 9, -16
 590              		.cfi_offset 10, -12
 591              		.cfi_offset 11, -8
 592              		.cfi_offset 14, -4
 321:Drivers/STM32H7xx_HAL_Driver/Src/stm32h7xx_hal_gpio.c ****   {
 322:Drivers/STM32H7xx_HAL_Driver/Src/stm32h7xx_hal_gpio.c ****     /* Get current io position */
 323:Drivers/STM32H7xx_HAL_Driver/Src/stm32h7xx_hal_gpio.c ****     iocurrent = GPIO_Pin & (1UL << position) ;
 593              		.loc 1 323 33 view .LVU228
 594 000c 0126     		movs	r6, #1
 303:Drivers/STM32H7xx_HAL_Driver/Src/stm32h7xx_hal_gpio.c ****   uint32_t position = 0x00U;
 595              		.loc 1 303 1 view .LVU229
 596 000e 83B0     		sub	sp, sp, #12
 597              	.LCFI5:
 598              		.cfi_def_cfa_offset 48
 599 0010 DFF854A1 		ldr	r10, .L78+16
 324:Drivers/STM32H7xx_HAL_Driver/Src/stm32h7xx_hal_gpio.c **** 
 325:Drivers/STM32H7xx_HAL_Driver/Src/stm32h7xx_hal_gpio.c ****     if (iocurrent != 0x00U)
 326:Drivers/STM32H7xx_HAL_Driver/Src/stm32h7xx_hal_gpio.c ****     {
 327:Drivers/STM32H7xx_HAL_Driver/Src/stm32h7xx_hal_gpio.c ****       /*------------------------- EXTI Mode Configuration --------------------*/
 328:Drivers/STM32H7xx_HAL_Driver/Src/stm32h7xx_hal_gpio.c ****       /* Clear the External Interrupt or Event for the current IO */
 329:Drivers/STM32H7xx_HAL_Driver/Src/stm32h7xx_hal_gpio.c ****       tmp = SYSCFG->EXTICR[position >> 2U];
 330:Drivers/STM32H7xx_HAL_Driver/Src/stm32h7xx_hal_gpio.c ****       tmp &= (0x0FUL << (4U * (position & 0x03U)));
 600              		.loc 1 330 22 view .LVU230
 601 0014 4FF00F08 		mov	r8, #15
 331:Drivers/STM32H7xx_HAL_Driver/Src/stm32h7xx_hal_gpio.c ****       if (tmp == (GPIO_GET_INDEX(GPIOx) << (4U * (position & 0x03U))))
 332:Drivers/STM32H7xx_HAL_Driver/Src/stm32h7xx_hal_gpio.c ****       {
 333:Drivers/STM32H7xx_HAL_Driver/Src/stm32h7xx_hal_gpio.c ****         /* Clear EXTI line configuration for Current CPU */
 334:Drivers/STM32H7xx_HAL_Driver/Src/stm32h7xx_hal_gpio.c ****         EXTI_CurrentCPU->IMR1 &= ~(iocurrent);
 335:Drivers/STM32H7xx_HAL_Driver/Src/stm32h7xx_hal_gpio.c ****         EXTI_CurrentCPU->EMR1 &= ~(iocurrent);
 336:Drivers/STM32H7xx_HAL_Driver/Src/stm32h7xx_hal_gpio.c **** 
 337:Drivers/STM32H7xx_HAL_Driver/Src/stm32h7xx_hal_gpio.c ****         /* Clear Rising Falling edge configuration */
 338:Drivers/STM32H7xx_HAL_Driver/Src/stm32h7xx_hal_gpio.c ****         EXTI->FTSR1 &= ~(iocurrent);
 339:Drivers/STM32H7xx_HAL_Driver/Src/stm32h7xx_hal_gpio.c ****         EXTI->RTSR1 &= ~(iocurrent);
 340:Drivers/STM32H7xx_HAL_Driver/Src/stm32h7xx_hal_gpio.c **** 
 341:Drivers/STM32H7xx_HAL_Driver/Src/stm32h7xx_hal_gpio.c ****         tmp = 0x0FUL << (4U * (position & 0x03U));
 342:Drivers/STM32H7xx_HAL_Driver/Src/stm32h7xx_hal_gpio.c ****         SYSCFG->EXTICR[position >> 2U] &= ~tmp;
 343:Drivers/STM32H7xx_HAL_Driver/Src/stm32h7xx_hal_gpio.c ****       }
 344:Drivers/STM32H7xx_HAL_Driver/Src/stm32h7xx_hal_gpio.c **** 
 345:Drivers/STM32H7xx_HAL_Driver/Src/stm32h7xx_hal_gpio.c ****       /*------------------------- GPIO Mode Configuration --------------------*/
 346:Drivers/STM32H7xx_HAL_Driver/Src/stm32h7xx_hal_gpio.c ****       /* Configure IO in Analog Mode */
 347:Drivers/STM32H7xx_HAL_Driver/Src/stm32h7xx_hal_gpio.c ****       GPIOx->MODER |= (GPIO_MODER_MODE0 << (position * 2U));
 602              		.loc 1 347 41 view .LVU231
 603 0018 4FF00309 		mov	r9, #3
 604              	.LVL63:
 605              	.L48:
 323:Drivers/STM32H7xx_HAL_Driver/Src/stm32h7xx_hal_gpio.c **** 
 606              		.loc 1 323 5 is_stmt 1 view .LVU232
 323:Drivers/STM32H7xx_HAL_Driver/Src/stm32h7xx_hal_gpio.c **** 
 607              		.loc 1 323 33 is_stmt 0 view .LVU233
 608 001c 06FA03F2 		lsl	r2, r6, r3
 609              	.LVL64:
 325:Drivers/STM32H7xx_HAL_Driver/Src/stm32h7xx_hal_gpio.c ****     {
 610              		.loc 1 325 5 is_stmt 1 view .LVU234
 325:Drivers/STM32H7xx_HAL_Driver/Src/stm32h7xx_hal_gpio.c ****     {
 611              		.loc 1 325 8 is_stmt 0 view .LVU235
 612 0020 12EA010C 		ands	ip, r2, r1
 613              	.LVL65:
ARM GAS  C:\Users\l1234\AppData\Local\Temp\ccOguE8V.s 			page 21


 325:Drivers/STM32H7xx_HAL_Driver/Src/stm32h7xx_hal_gpio.c ****     {
 614              		.loc 1 325 8 view .LVU236
 615 0024 6FD0     		beq	.L49
 329:Drivers/STM32H7xx_HAL_Driver/Src/stm32h7xx_hal_gpio.c ****       tmp &= (0x0FUL << (4U * (position & 0x03U)));
 616              		.loc 1 329 7 is_stmt 1 view .LVU237
 617 0026 23F00305 		bic	r5, r3, #3
 330:Drivers/STM32H7xx_HAL_Driver/Src/stm32h7xx_hal_gpio.c ****       if (tmp == (GPIO_GET_INDEX(GPIOx) << (4U * (position & 0x03U))))
 618              		.loc 1 330 41 is_stmt 0 view .LVU238
 619 002a 03F00304 		and	r4, r3, #3
 620 002e 5544     		add	r5, r5, r10
 330:Drivers/STM32H7xx_HAL_Driver/Src/stm32h7xx_hal_gpio.c ****       if (tmp == (GPIO_GET_INDEX(GPIOx) << (4U * (position & 0x03U))))
 621              		.loc 1 330 29 view .LVU239
 622 0030 A400     		lsls	r4, r4, #2
 329:Drivers/STM32H7xx_HAL_Driver/Src/stm32h7xx_hal_gpio.c ****       tmp &= (0x0FUL << (4U * (position & 0x03U)));
 623              		.loc 1 329 11 view .LVU240
 624 0032 AF68     		ldr	r7, [r5, #8]
 625              	.LVL66:
 330:Drivers/STM32H7xx_HAL_Driver/Src/stm32h7xx_hal_gpio.c ****       if (tmp == (GPIO_GET_INDEX(GPIOx) << (4U * (position & 0x03U))))
 626              		.loc 1 330 7 is_stmt 1 view .LVU241
 330:Drivers/STM32H7xx_HAL_Driver/Src/stm32h7xx_hal_gpio.c ****       if (tmp == (GPIO_GET_INDEX(GPIOx) << (4U * (position & 0x03U))))
 627              		.loc 1 330 22 is_stmt 0 view .LVU242
 628 0034 08FA04FE 		lsl	lr, r8, r4
 330:Drivers/STM32H7xx_HAL_Driver/Src/stm32h7xx_hal_gpio.c ****       if (tmp == (GPIO_GET_INDEX(GPIOx) << (4U * (position & 0x03U))))
 629              		.loc 1 330 11 view .LVU243
 630 0038 0EEA0707 		and	r7, lr, r7
 631              	.LVL67:
 330:Drivers/STM32H7xx_HAL_Driver/Src/stm32h7xx_hal_gpio.c ****       if (tmp == (GPIO_GET_INDEX(GPIOx) << (4U * (position & 0x03U))))
 632              		.loc 1 330 11 view .LVU244
 633 003c 0197     		str	r7, [sp, #4]
 634              	.LVL68:
 331:Drivers/STM32H7xx_HAL_Driver/Src/stm32h7xx_hal_gpio.c ****       {
 635              		.loc 1 331 7 is_stmt 1 view .LVU245
 331:Drivers/STM32H7xx_HAL_Driver/Src/stm32h7xx_hal_gpio.c ****       {
 636              		.loc 1 331 19 is_stmt 0 view .LVU246
 637 003e 464F     		ldr	r7, .L78
 638              	.LVL69:
 331:Drivers/STM32H7xx_HAL_Driver/Src/stm32h7xx_hal_gpio.c ****       {
 639              		.loc 1 331 19 view .LVU247
 640 0040 B842     		cmp	r0, r7
 641 0042 23D0     		beq	.L62
 331:Drivers/STM32H7xx_HAL_Driver/Src/stm32h7xx_hal_gpio.c ****       {
 642              		.loc 1 331 19 discriminator 1 view .LVU248
 643 0044 07F58067 		add	r7, r7, #1024
 644 0048 B842     		cmp	r0, r7
 645 004a 63D0     		beq	.L71
 331:Drivers/STM32H7xx_HAL_Driver/Src/stm32h7xx_hal_gpio.c ****       {
 646              		.loc 1 331 19 discriminator 3 view .LVU249
 647 004c 434F     		ldr	r7, .L78+4
 648 004e B842     		cmp	r0, r7
 649 0050 63D0     		beq	.L72
 331:Drivers/STM32H7xx_HAL_Driver/Src/stm32h7xx_hal_gpio.c ****       {
 650              		.loc 1 331 19 discriminator 5 view .LVU250
 651 0052 434F     		ldr	r7, .L78+8
 652 0054 B842     		cmp	r0, r7
 653 0056 6AD0     		beq	.L73
 331:Drivers/STM32H7xx_HAL_Driver/Src/stm32h7xx_hal_gpio.c ****       {
 654              		.loc 1 331 19 discriminator 7 view .LVU251
ARM GAS  C:\Users\l1234\AppData\Local\Temp\ccOguE8V.s 			page 22


 655 0058 424F     		ldr	r7, .L78+12
 656 005a B842     		cmp	r0, r7
 657 005c 6CD0     		beq	.L74
 331:Drivers/STM32H7xx_HAL_Driver/Src/stm32h7xx_hal_gpio.c ****       {
 658              		.loc 1 331 19 discriminator 9 view .LVU252
 659 005e DFF80CB1 		ldr	fp, .L78+20
 660 0062 5845     		cmp	r0, fp
 661 0064 5ED0     		beq	.L75
 331:Drivers/STM32H7xx_HAL_Driver/Src/stm32h7xx_hal_gpio.c ****       {
 662              		.loc 1 331 19 discriminator 11 view .LVU253
 663 0066 DFF808B1 		ldr	fp, .L78+24
 664 006a 5845     		cmp	r0, fp
 665 006c 69D0     		beq	.L76
 331:Drivers/STM32H7xx_HAL_Driver/Src/stm32h7xx_hal_gpio.c ****       {
 666              		.loc 1 331 19 discriminator 13 view .LVU254
 667 006e DFF804B1 		ldr	fp, .L78+28
 668 0072 5845     		cmp	r0, fp
 669 0074 6BD0     		beq	.L77
 331:Drivers/STM32H7xx_HAL_Driver/Src/stm32h7xx_hal_gpio.c ****       {
 670              		.loc 1 331 19 discriminator 15 view .LVU255
 671 0076 DFF800B1 		ldr	fp, .L78+32
 672 007a 5845     		cmp	r0, fp
 331:Drivers/STM32H7xx_HAL_Driver/Src/stm32h7xx_hal_gpio.c ****       {
 673              		.loc 1 331 41 discriminator 15 view .LVU256
 674 007c 14BF     		ite	ne
 675 007e 4FF00A0B 		movne	fp, #10
 676 0082 4FF0090B 		moveq	fp, #9
 677 0086 0BFA04F4 		lsl	r4, fp, r4
 678 008a 00E0     		b	.L50
 679              	.L62:
 680 008c 0024     		movs	r4, #0
 681              	.L50:
 331:Drivers/STM32H7xx_HAL_Driver/Src/stm32h7xx_hal_gpio.c ****       {
 682              		.loc 1 331 10 discriminator 36 view .LVU257
 683 008e 019F     		ldr	r7, [sp, #4]
 684 0090 A742     		cmp	r7, r4
 685 0092 19D1     		bne	.L59
 334:Drivers/STM32H7xx_HAL_Driver/Src/stm32h7xx_hal_gpio.c ****         EXTI_CurrentCPU->EMR1 &= ~(iocurrent);
 686              		.loc 1 334 9 is_stmt 1 view .LVU258
 334:Drivers/STM32H7xx_HAL_Driver/Src/stm32h7xx_hal_gpio.c ****         EXTI_CurrentCPU->EMR1 &= ~(iocurrent);
 687              		.loc 1 334 24 is_stmt 0 view .LVU259
 688 0094 4FF0B044 		mov	r4, #1476395008
 689 0098 D4F88070 		ldr	r7, [r4, #128]
 334:Drivers/STM32H7xx_HAL_Driver/Src/stm32h7xx_hal_gpio.c ****         EXTI_CurrentCPU->EMR1 &= ~(iocurrent);
 690              		.loc 1 334 31 view .LVU260
 691 009c 27EA0C07 		bic	r7, r7, ip
 692 00a0 C4F88070 		str	r7, [r4, #128]
 335:Drivers/STM32H7xx_HAL_Driver/Src/stm32h7xx_hal_gpio.c **** 
 693              		.loc 1 335 9 is_stmt 1 view .LVU261
 335:Drivers/STM32H7xx_HAL_Driver/Src/stm32h7xx_hal_gpio.c **** 
 694              		.loc 1 335 24 is_stmt 0 view .LVU262
 695 00a4 D4F88470 		ldr	r7, [r4, #132]
 335:Drivers/STM32H7xx_HAL_Driver/Src/stm32h7xx_hal_gpio.c **** 
 696              		.loc 1 335 31 view .LVU263
 697 00a8 27EA0C07 		bic	r7, r7, ip
 698 00ac C4F88470 		str	r7, [r4, #132]
 338:Drivers/STM32H7xx_HAL_Driver/Src/stm32h7xx_hal_gpio.c ****         EXTI->RTSR1 &= ~(iocurrent);
ARM GAS  C:\Users\l1234\AppData\Local\Temp\ccOguE8V.s 			page 23


 699              		.loc 1 338 9 is_stmt 1 view .LVU264
 338:Drivers/STM32H7xx_HAL_Driver/Src/stm32h7xx_hal_gpio.c ****         EXTI->RTSR1 &= ~(iocurrent);
 700              		.loc 1 338 13 is_stmt 0 view .LVU265
 701 00b0 6768     		ldr	r7, [r4, #4]
 338:Drivers/STM32H7xx_HAL_Driver/Src/stm32h7xx_hal_gpio.c ****         EXTI->RTSR1 &= ~(iocurrent);
 702              		.loc 1 338 21 view .LVU266
 703 00b2 27EA0C07 		bic	r7, r7, ip
 704 00b6 6760     		str	r7, [r4, #4]
 339:Drivers/STM32H7xx_HAL_Driver/Src/stm32h7xx_hal_gpio.c **** 
 705              		.loc 1 339 9 is_stmt 1 view .LVU267
 339:Drivers/STM32H7xx_HAL_Driver/Src/stm32h7xx_hal_gpio.c **** 
 706              		.loc 1 339 13 is_stmt 0 view .LVU268
 707 00b8 2768     		ldr	r7, [r4]
 339:Drivers/STM32H7xx_HAL_Driver/Src/stm32h7xx_hal_gpio.c **** 
 708              		.loc 1 339 21 view .LVU269
 709 00ba 27EA0C07 		bic	r7, r7, ip
 710 00be 2760     		str	r7, [r4]
 341:Drivers/STM32H7xx_HAL_Driver/Src/stm32h7xx_hal_gpio.c ****         SYSCFG->EXTICR[position >> 2U] &= ~tmp;
 711              		.loc 1 341 9 is_stmt 1 view .LVU270
 712              	.LVL70:
 342:Drivers/STM32H7xx_HAL_Driver/Src/stm32h7xx_hal_gpio.c ****       }
 713              		.loc 1 342 9 view .LVU271
 342:Drivers/STM32H7xx_HAL_Driver/Src/stm32h7xx_hal_gpio.c ****       }
 714              		.loc 1 342 23 is_stmt 0 view .LVU272
 715 00c0 AC68     		ldr	r4, [r5, #8]
 342:Drivers/STM32H7xx_HAL_Driver/Src/stm32h7xx_hal_gpio.c ****       }
 716              		.loc 1 342 40 view .LVU273
 717 00c2 24EA0E04 		bic	r4, r4, lr
 718 00c6 AC60     		str	r4, [r5, #8]
 719              	.LVL71:
 720              	.L59:
 721              		.loc 1 347 7 is_stmt 1 view .LVU274
 722              		.loc 1 347 41 is_stmt 0 view .LVU275
 723 00c8 5D00     		lsls	r5, r3, #1
 724              		.loc 1 347 12 view .LVU276
 725 00ca 0468     		ldr	r4, [r0]
 348:Drivers/STM32H7xx_HAL_Driver/Src/stm32h7xx_hal_gpio.c **** 
 349:Drivers/STM32H7xx_HAL_Driver/Src/stm32h7xx_hal_gpio.c ****       /* Configure the default Alternate Function in current IO */
 350:Drivers/STM32H7xx_HAL_Driver/Src/stm32h7xx_hal_gpio.c ****       GPIOx->AFR[position >> 3U] &= ~(0xFU << ((position & 0x07U) * 4U)) ;
 726              		.loc 1 350 17 view .LVU277
 727 00cc DF08     		lsrs	r7, r3, #3
 347:Drivers/STM32H7xx_HAL_Driver/Src/stm32h7xx_hal_gpio.c **** 
 728              		.loc 1 347 41 view .LVU278
 729 00ce 09FA05F5 		lsl	r5, r9, r5
 730 00d2 00EB8707 		add	r7, r0, r7, lsl #2
 347:Drivers/STM32H7xx_HAL_Driver/Src/stm32h7xx_hal_gpio.c **** 
 731              		.loc 1 347 20 view .LVU279
 732 00d6 2C43     		orrs	r4, r4, r5
 733 00d8 0460     		str	r4, [r0]
 734              		.loc 1 350 7 is_stmt 1 view .LVU280
 735              		.loc 1 350 58 is_stmt 0 view .LVU281
 736 00da 03F00704 		and	r4, r3, #7
 737              		.loc 1 350 17 view .LVU282
 738 00de D7F820C0 		ldr	ip, [r7, #32]
 739              	.LVL72:
 740              		.loc 1 350 67 view .LVU283
 741 00e2 A400     		lsls	r4, r4, #2
ARM GAS  C:\Users\l1234\AppData\Local\Temp\ccOguE8V.s 			page 24


 742              		.loc 1 350 44 view .LVU284
 743 00e4 08FA04F4 		lsl	r4, r8, r4
 744              		.loc 1 350 34 view .LVU285
 745 00e8 2CEA0404 		bic	r4, ip, r4
 746 00ec 3C62     		str	r4, [r7, #32]
 351:Drivers/STM32H7xx_HAL_Driver/Src/stm32h7xx_hal_gpio.c **** 
 352:Drivers/STM32H7xx_HAL_Driver/Src/stm32h7xx_hal_gpio.c ****       /* Deactivate the Pull-up and Pull-down resistor for the current IO */
 353:Drivers/STM32H7xx_HAL_Driver/Src/stm32h7xx_hal_gpio.c ****       GPIOx->PUPDR &= ~(GPIO_PUPDR_PUPD0 << (position * 2U));
 747              		.loc 1 353 7 is_stmt 1 view .LVU286
 748              		.loc 1 353 12 is_stmt 0 view .LVU287
 749 00ee C468     		ldr	r4, [r0, #12]
 750              		.loc 1 353 20 view .LVU288
 751 00f0 24EA0504 		bic	r4, r4, r5
 752 00f4 C460     		str	r4, [r0, #12]
 354:Drivers/STM32H7xx_HAL_Driver/Src/stm32h7xx_hal_gpio.c **** 
 355:Drivers/STM32H7xx_HAL_Driver/Src/stm32h7xx_hal_gpio.c ****       /* Configure the default value IO Output Type */
 356:Drivers/STM32H7xx_HAL_Driver/Src/stm32h7xx_hal_gpio.c ****       GPIOx->OTYPER  &= ~(GPIO_OTYPER_OT0 << position) ;
 753              		.loc 1 356 7 is_stmt 1 view .LVU289
 754              		.loc 1 356 12 is_stmt 0 view .LVU290
 755 00f6 4468     		ldr	r4, [r0, #4]
 756              		.loc 1 356 22 view .LVU291
 757 00f8 24EA0202 		bic	r2, r4, r2
 758              	.LVL73:
 759              		.loc 1 356 22 view .LVU292
 760 00fc 4260     		str	r2, [r0, #4]
 357:Drivers/STM32H7xx_HAL_Driver/Src/stm32h7xx_hal_gpio.c **** 
 358:Drivers/STM32H7xx_HAL_Driver/Src/stm32h7xx_hal_gpio.c ****       /* Configure the default value for IO Speed */
 359:Drivers/STM32H7xx_HAL_Driver/Src/stm32h7xx_hal_gpio.c ****       GPIOx->OSPEEDR &= ~(GPIO_OSPEEDR_OSPEED0 << (position * 2U));
 761              		.loc 1 359 7 is_stmt 1 view .LVU293
 762              		.loc 1 359 12 is_stmt 0 view .LVU294
 763 00fe 8268     		ldr	r2, [r0, #8]
 764              		.loc 1 359 22 view .LVU295
 765 0100 22EA0502 		bic	r2, r2, r5
 766 0104 8260     		str	r2, [r0, #8]
 767              	.L49:
 360:Drivers/STM32H7xx_HAL_Driver/Src/stm32h7xx_hal_gpio.c ****     }
 361:Drivers/STM32H7xx_HAL_Driver/Src/stm32h7xx_hal_gpio.c **** 
 362:Drivers/STM32H7xx_HAL_Driver/Src/stm32h7xx_hal_gpio.c ****     position++;
 768              		.loc 1 362 5 is_stmt 1 view .LVU296
 769              		.loc 1 362 13 is_stmt 0 view .LVU297
 770 0106 0133     		adds	r3, r3, #1
 771              	.LVL74:
 320:Drivers/STM32H7xx_HAL_Driver/Src/stm32h7xx_hal_gpio.c ****   {
 772              		.loc 1 320 33 is_stmt 1 view .LVU298
 773 0108 31FA03F2 		lsrs	r2, r1, r3
 774 010c 86D1     		bne	.L48
 363:Drivers/STM32H7xx_HAL_Driver/Src/stm32h7xx_hal_gpio.c ****   }
 364:Drivers/STM32H7xx_HAL_Driver/Src/stm32h7xx_hal_gpio.c **** }
 775              		.loc 1 364 1 is_stmt 0 view .LVU299
 776 010e 03B0     		add	sp, sp, #12
 777              	.LCFI6:
 778              		.cfi_remember_state
 779              		.cfi_def_cfa_offset 36
 780              		@ sp needed
 781 0110 BDE8F08F 		pop	{r4, r5, r6, r7, r8, r9, r10, fp, pc}
 782              	.LVL75:
 783              	.L71:
ARM GAS  C:\Users\l1234\AppData\Local\Temp\ccOguE8V.s 			page 25


 784              	.LCFI7:
 785              		.cfi_restore_state
 331:Drivers/STM32H7xx_HAL_Driver/Src/stm32h7xx_hal_gpio.c ****       {
 786              		.loc 1 331 41 view .LVU300
 787 0114 06FA04F4 		lsl	r4, r6, r4
 788 0118 B9E7     		b	.L50
 789              	.L72:
 790 011a 4FF0020B 		mov	fp, #2
 791 011e 0BFA04F4 		lsl	r4, fp, r4
 792 0122 B4E7     		b	.L50
 793              	.L75:
 794 0124 4FF0050B 		mov	fp, #5
 795 0128 0BFA04F4 		lsl	r4, fp, r4
 796 012c AFE7     		b	.L50
 797              	.L73:
 798 012e 4FF0030B 		mov	fp, #3
 799 0132 0BFA04F4 		lsl	r4, fp, r4
 800 0136 AAE7     		b	.L50
 801              	.L74:
 802 0138 4FF0040B 		mov	fp, #4
 803 013c 0BFA04F4 		lsl	r4, fp, r4
 804 0140 A5E7     		b	.L50
 805              	.L76:
 806 0142 4FF0060B 		mov	fp, #6
 807 0146 0BFA04F4 		lsl	r4, fp, r4
 808 014a A0E7     		b	.L50
 809              	.LVL76:
 810              	.L68:
 811              	.LCFI8:
 812              		.cfi_def_cfa_offset 0
 813              		.cfi_restore 4
 814              		.cfi_restore 5
 815              		.cfi_restore 6
 816              		.cfi_restore 7
 817              		.cfi_restore 8
 818              		.cfi_restore 9
 819              		.cfi_restore 10
 820              		.cfi_restore 11
 821              		.cfi_restore 14
 331:Drivers/STM32H7xx_HAL_Driver/Src/stm32h7xx_hal_gpio.c ****       {
 822              		.loc 1 331 41 view .LVU301
 823 014c 7047     		bx	lr
 824              	.LVL77:
 825              	.L77:
 826              	.LCFI9:
 827              		.cfi_def_cfa_offset 48
 828              		.cfi_offset 4, -36
 829              		.cfi_offset 5, -32
 830              		.cfi_offset 6, -28
 831              		.cfi_offset 7, -24
 832              		.cfi_offset 8, -20
 833              		.cfi_offset 9, -16
 834              		.cfi_offset 10, -12
 835              		.cfi_offset 11, -8
 836              		.cfi_offset 14, -4
 331:Drivers/STM32H7xx_HAL_Driver/Src/stm32h7xx_hal_gpio.c ****       {
 837              		.loc 1 331 41 view .LVU302
ARM GAS  C:\Users\l1234\AppData\Local\Temp\ccOguE8V.s 			page 26


 838 014e 4FF0070B 		mov	fp, #7
 839 0152 0BFA04F4 		lsl	r4, fp, r4
 840 0156 9AE7     		b	.L50
 841              	.L79:
 842              		.align	2
 843              	.L78:
 844 0158 00000258 		.word	1476526080
 845 015c 00080258 		.word	1476528128
 846 0160 000C0258 		.word	1476529152
 847 0164 00100258 		.word	1476530176
 848 0168 00040058 		.word	1476396032
 849 016c 00140258 		.word	1476531200
 850 0170 00180258 		.word	1476532224
 851 0174 001C0258 		.word	1476533248
 852 0178 00240258 		.word	1476535296
 853              		.cfi_endproc
 854              	.LFE145:
 856              		.section	.text.HAL_GPIO_ReadPin,"ax",%progbits
 857              		.align	1
 858              		.p2align 2,,3
 859              		.global	HAL_GPIO_ReadPin
 860              		.syntax unified
 861              		.thumb
 862              		.thumb_func
 864              	HAL_GPIO_ReadPin:
 865              	.LVL78:
 866              	.LFB146:
 365:Drivers/STM32H7xx_HAL_Driver/Src/stm32h7xx_hal_gpio.c **** 
 366:Drivers/STM32H7xx_HAL_Driver/Src/stm32h7xx_hal_gpio.c **** /**
 367:Drivers/STM32H7xx_HAL_Driver/Src/stm32h7xx_hal_gpio.c ****   * @}
 368:Drivers/STM32H7xx_HAL_Driver/Src/stm32h7xx_hal_gpio.c ****   */
 369:Drivers/STM32H7xx_HAL_Driver/Src/stm32h7xx_hal_gpio.c **** 
 370:Drivers/STM32H7xx_HAL_Driver/Src/stm32h7xx_hal_gpio.c **** /** @defgroup GPIO_Exported_Functions_Group2 IO operation functions
 371:Drivers/STM32H7xx_HAL_Driver/Src/stm32h7xx_hal_gpio.c ****  *  @brief GPIO Read, Write, Toggle, Lock and EXTI management functions.
 372:Drivers/STM32H7xx_HAL_Driver/Src/stm32h7xx_hal_gpio.c ****  *
 373:Drivers/STM32H7xx_HAL_Driver/Src/stm32h7xx_hal_gpio.c **** @verbatim
 374:Drivers/STM32H7xx_HAL_Driver/Src/stm32h7xx_hal_gpio.c ****  ===============================================================================
 375:Drivers/STM32H7xx_HAL_Driver/Src/stm32h7xx_hal_gpio.c ****                        ##### IO operation functions #####
 376:Drivers/STM32H7xx_HAL_Driver/Src/stm32h7xx_hal_gpio.c ****  ===============================================================================
 377:Drivers/STM32H7xx_HAL_Driver/Src/stm32h7xx_hal_gpio.c **** 
 378:Drivers/STM32H7xx_HAL_Driver/Src/stm32h7xx_hal_gpio.c **** @endverbatim
 379:Drivers/STM32H7xx_HAL_Driver/Src/stm32h7xx_hal_gpio.c ****   * @{
 380:Drivers/STM32H7xx_HAL_Driver/Src/stm32h7xx_hal_gpio.c ****   */
 381:Drivers/STM32H7xx_HAL_Driver/Src/stm32h7xx_hal_gpio.c **** 
 382:Drivers/STM32H7xx_HAL_Driver/Src/stm32h7xx_hal_gpio.c **** /**
 383:Drivers/STM32H7xx_HAL_Driver/Src/stm32h7xx_hal_gpio.c ****   * @brief  Reads the specified input port pin.
 384:Drivers/STM32H7xx_HAL_Driver/Src/stm32h7xx_hal_gpio.c ****   * @param  GPIOx: where x can be (A..K) to select the GPIO peripheral.
 385:Drivers/STM32H7xx_HAL_Driver/Src/stm32h7xx_hal_gpio.c ****   * @param  GPIO_Pin: specifies the port bit to read.
 386:Drivers/STM32H7xx_HAL_Driver/Src/stm32h7xx_hal_gpio.c ****   *         This parameter can be GPIO_PIN_x where x can be (0..15).
 387:Drivers/STM32H7xx_HAL_Driver/Src/stm32h7xx_hal_gpio.c ****   * @retval The input port pin value.
 388:Drivers/STM32H7xx_HAL_Driver/Src/stm32h7xx_hal_gpio.c ****   */
 389:Drivers/STM32H7xx_HAL_Driver/Src/stm32h7xx_hal_gpio.c **** GPIO_PinState HAL_GPIO_ReadPin(const GPIO_TypeDef *GPIOx, uint16_t GPIO_Pin)
 390:Drivers/STM32H7xx_HAL_Driver/Src/stm32h7xx_hal_gpio.c **** {
 867              		.loc 1 390 1 is_stmt 1 view -0
 868              		.cfi_startproc
 869              		@ args = 0, pretend = 0, frame = 0
 870              		@ frame_needed = 0, uses_anonymous_args = 0
ARM GAS  C:\Users\l1234\AppData\Local\Temp\ccOguE8V.s 			page 27


 871              		@ link register save eliminated.
 391:Drivers/STM32H7xx_HAL_Driver/Src/stm32h7xx_hal_gpio.c ****   GPIO_PinState bitstatus;
 872              		.loc 1 391 3 view .LVU304
 392:Drivers/STM32H7xx_HAL_Driver/Src/stm32h7xx_hal_gpio.c **** 
 393:Drivers/STM32H7xx_HAL_Driver/Src/stm32h7xx_hal_gpio.c ****   /* Check the parameters */
 394:Drivers/STM32H7xx_HAL_Driver/Src/stm32h7xx_hal_gpio.c ****   assert_param(IS_GPIO_PIN(GPIO_Pin));
 873              		.loc 1 394 3 view .LVU305
 395:Drivers/STM32H7xx_HAL_Driver/Src/stm32h7xx_hal_gpio.c **** 
 396:Drivers/STM32H7xx_HAL_Driver/Src/stm32h7xx_hal_gpio.c ****   if ((GPIOx->IDR & GPIO_Pin) != 0x00U)
 874              		.loc 1 396 3 view .LVU306
 875              		.loc 1 396 13 is_stmt 0 view .LVU307
 876 0000 0369     		ldr	r3, [r0, #16]
 877              	.LVL79:
 397:Drivers/STM32H7xx_HAL_Driver/Src/stm32h7xx_hal_gpio.c ****   {
 398:Drivers/STM32H7xx_HAL_Driver/Src/stm32h7xx_hal_gpio.c ****     bitstatus = GPIO_PIN_SET;
 399:Drivers/STM32H7xx_HAL_Driver/Src/stm32h7xx_hal_gpio.c ****   }
 400:Drivers/STM32H7xx_HAL_Driver/Src/stm32h7xx_hal_gpio.c ****   else
 401:Drivers/STM32H7xx_HAL_Driver/Src/stm32h7xx_hal_gpio.c ****   {
 402:Drivers/STM32H7xx_HAL_Driver/Src/stm32h7xx_hal_gpio.c ****     bitstatus = GPIO_PIN_RESET;
 403:Drivers/STM32H7xx_HAL_Driver/Src/stm32h7xx_hal_gpio.c ****   }
 404:Drivers/STM32H7xx_HAL_Driver/Src/stm32h7xx_hal_gpio.c ****   return bitstatus;
 878              		.loc 1 404 3 is_stmt 1 view .LVU308
 396:Drivers/STM32H7xx_HAL_Driver/Src/stm32h7xx_hal_gpio.c ****   {
 879              		.loc 1 396 6 is_stmt 0 view .LVU309
 880 0002 1942     		tst	r1, r3
 405:Drivers/STM32H7xx_HAL_Driver/Src/stm32h7xx_hal_gpio.c **** }
 881              		.loc 1 405 1 view .LVU310
 882 0004 14BF     		ite	ne
 883 0006 0120     		movne	r0, #1
 884              	.LVL80:
 885              		.loc 1 405 1 view .LVU311
 886 0008 0020     		moveq	r0, #0
 887 000a 7047     		bx	lr
 888              		.cfi_endproc
 889              	.LFE146:
 891              		.section	.text.HAL_GPIO_WritePin,"ax",%progbits
 892              		.align	1
 893              		.p2align 2,,3
 894              		.global	HAL_GPIO_WritePin
 895              		.syntax unified
 896              		.thumb
 897              		.thumb_func
 899              	HAL_GPIO_WritePin:
 900              	.LVL81:
 901              	.LFB147:
 406:Drivers/STM32H7xx_HAL_Driver/Src/stm32h7xx_hal_gpio.c **** 
 407:Drivers/STM32H7xx_HAL_Driver/Src/stm32h7xx_hal_gpio.c **** /**
 408:Drivers/STM32H7xx_HAL_Driver/Src/stm32h7xx_hal_gpio.c ****   * @brief  Sets or clears the selected data port bit.
 409:Drivers/STM32H7xx_HAL_Driver/Src/stm32h7xx_hal_gpio.c ****   *
 410:Drivers/STM32H7xx_HAL_Driver/Src/stm32h7xx_hal_gpio.c ****   * @note   This function uses GPIOx_BSRR register to allow atomic read/modify
 411:Drivers/STM32H7xx_HAL_Driver/Src/stm32h7xx_hal_gpio.c ****   *         accesses. In this way, there is no risk of an IRQ occurring between
 412:Drivers/STM32H7xx_HAL_Driver/Src/stm32h7xx_hal_gpio.c ****   *         the read and the modify access.
 413:Drivers/STM32H7xx_HAL_Driver/Src/stm32h7xx_hal_gpio.c ****   *
 414:Drivers/STM32H7xx_HAL_Driver/Src/stm32h7xx_hal_gpio.c ****   * @param  GPIOx: where x can be (A..K) to select the GPIO peripheral.
 415:Drivers/STM32H7xx_HAL_Driver/Src/stm32h7xx_hal_gpio.c ****   * @param  GPIO_Pin: specifies the port bit to be written.
 416:Drivers/STM32H7xx_HAL_Driver/Src/stm32h7xx_hal_gpio.c ****   *          This parameter can be one of GPIO_PIN_x where x can be (0..15).
 417:Drivers/STM32H7xx_HAL_Driver/Src/stm32h7xx_hal_gpio.c ****   * @param  PinState: specifies the value to be written to the selected bit.
ARM GAS  C:\Users\l1234\AppData\Local\Temp\ccOguE8V.s 			page 28


 418:Drivers/STM32H7xx_HAL_Driver/Src/stm32h7xx_hal_gpio.c ****   *          This parameter can be one of the GPIO_PinState enum values:
 419:Drivers/STM32H7xx_HAL_Driver/Src/stm32h7xx_hal_gpio.c ****   *            @arg GPIO_PIN_RESET: to clear the port pin
 420:Drivers/STM32H7xx_HAL_Driver/Src/stm32h7xx_hal_gpio.c ****   *            @arg GPIO_PIN_SET: to set the port pin
 421:Drivers/STM32H7xx_HAL_Driver/Src/stm32h7xx_hal_gpio.c ****   * @retval None
 422:Drivers/STM32H7xx_HAL_Driver/Src/stm32h7xx_hal_gpio.c ****   */
 423:Drivers/STM32H7xx_HAL_Driver/Src/stm32h7xx_hal_gpio.c **** void HAL_GPIO_WritePin(GPIO_TypeDef *GPIOx, uint16_t GPIO_Pin, GPIO_PinState PinState)
 424:Drivers/STM32H7xx_HAL_Driver/Src/stm32h7xx_hal_gpio.c **** {
 902              		.loc 1 424 1 is_stmt 1 view -0
 903              		.cfi_startproc
 904              		@ args = 0, pretend = 0, frame = 0
 905              		@ frame_needed = 0, uses_anonymous_args = 0
 906              		@ link register save eliminated.
 425:Drivers/STM32H7xx_HAL_Driver/Src/stm32h7xx_hal_gpio.c ****   /* Check the parameters */
 426:Drivers/STM32H7xx_HAL_Driver/Src/stm32h7xx_hal_gpio.c ****   assert_param(IS_GPIO_PIN(GPIO_Pin));
 907              		.loc 1 426 3 view .LVU313
 427:Drivers/STM32H7xx_HAL_Driver/Src/stm32h7xx_hal_gpio.c ****   assert_param(IS_GPIO_PIN_ACTION(PinState));
 908              		.loc 1 427 3 view .LVU314
 428:Drivers/STM32H7xx_HAL_Driver/Src/stm32h7xx_hal_gpio.c **** 
 429:Drivers/STM32H7xx_HAL_Driver/Src/stm32h7xx_hal_gpio.c ****   if (PinState != GPIO_PIN_RESET)
 909              		.loc 1 429 3 view .LVU315
 910              		.loc 1 429 6 is_stmt 0 view .LVU316
 911 0000 02B9     		cbnz	r2, .L84
 430:Drivers/STM32H7xx_HAL_Driver/Src/stm32h7xx_hal_gpio.c ****   {
 431:Drivers/STM32H7xx_HAL_Driver/Src/stm32h7xx_hal_gpio.c ****     GPIOx->BSRR = GPIO_Pin;
 432:Drivers/STM32H7xx_HAL_Driver/Src/stm32h7xx_hal_gpio.c ****   }
 433:Drivers/STM32H7xx_HAL_Driver/Src/stm32h7xx_hal_gpio.c ****   else
 434:Drivers/STM32H7xx_HAL_Driver/Src/stm32h7xx_hal_gpio.c ****   {
 435:Drivers/STM32H7xx_HAL_Driver/Src/stm32h7xx_hal_gpio.c ****     GPIOx->BSRR = (uint32_t)GPIO_Pin << GPIO_NUMBER;
 912              		.loc 1 435 5 is_stmt 1 view .LVU317
 913              		.loc 1 435 38 is_stmt 0 view .LVU318
 914 0002 0904     		lsls	r1, r1, #16
 915              	.LVL82:
 916              	.L84:
 917              		.loc 1 435 17 view .LVU319
 918 0004 8161     		str	r1, [r0, #24]
 436:Drivers/STM32H7xx_HAL_Driver/Src/stm32h7xx_hal_gpio.c ****   }
 437:Drivers/STM32H7xx_HAL_Driver/Src/stm32h7xx_hal_gpio.c **** }
 919              		.loc 1 437 1 view .LVU320
 920 0006 7047     		bx	lr
 921              		.cfi_endproc
 922              	.LFE147:
 924              		.section	.text.HAL_GPIO_TogglePin,"ax",%progbits
 925              		.align	1
 926              		.p2align 2,,3
 927              		.global	HAL_GPIO_TogglePin
 928              		.syntax unified
 929              		.thumb
 930              		.thumb_func
 932              	HAL_GPIO_TogglePin:
 933              	.LVL83:
 934              	.LFB148:
 438:Drivers/STM32H7xx_HAL_Driver/Src/stm32h7xx_hal_gpio.c **** 
 439:Drivers/STM32H7xx_HAL_Driver/Src/stm32h7xx_hal_gpio.c **** /**
 440:Drivers/STM32H7xx_HAL_Driver/Src/stm32h7xx_hal_gpio.c ****   * @brief  Toggles the specified GPIO pins.
 441:Drivers/STM32H7xx_HAL_Driver/Src/stm32h7xx_hal_gpio.c ****   * @param  GPIOx: Where x can be (A..K) to select the GPIO peripheral.
 442:Drivers/STM32H7xx_HAL_Driver/Src/stm32h7xx_hal_gpio.c ****   * @param  GPIO_Pin: Specifies the pins to be toggled.
 443:Drivers/STM32H7xx_HAL_Driver/Src/stm32h7xx_hal_gpio.c ****   * @retval None
ARM GAS  C:\Users\l1234\AppData\Local\Temp\ccOguE8V.s 			page 29


 444:Drivers/STM32H7xx_HAL_Driver/Src/stm32h7xx_hal_gpio.c ****   */
 445:Drivers/STM32H7xx_HAL_Driver/Src/stm32h7xx_hal_gpio.c **** void HAL_GPIO_TogglePin(GPIO_TypeDef *GPIOx, uint16_t GPIO_Pin)
 446:Drivers/STM32H7xx_HAL_Driver/Src/stm32h7xx_hal_gpio.c **** {
 935              		.loc 1 446 1 is_stmt 1 view -0
 936              		.cfi_startproc
 937              		@ args = 0, pretend = 0, frame = 0
 938              		@ frame_needed = 0, uses_anonymous_args = 0
 939              		@ link register save eliminated.
 447:Drivers/STM32H7xx_HAL_Driver/Src/stm32h7xx_hal_gpio.c ****   uint32_t odr;
 940              		.loc 1 447 3 view .LVU322
 448:Drivers/STM32H7xx_HAL_Driver/Src/stm32h7xx_hal_gpio.c **** 
 449:Drivers/STM32H7xx_HAL_Driver/Src/stm32h7xx_hal_gpio.c ****   /* Check the parameters */
 450:Drivers/STM32H7xx_HAL_Driver/Src/stm32h7xx_hal_gpio.c ****   assert_param(IS_GPIO_PIN(GPIO_Pin));
 941              		.loc 1 450 3 view .LVU323
 451:Drivers/STM32H7xx_HAL_Driver/Src/stm32h7xx_hal_gpio.c **** 
 452:Drivers/STM32H7xx_HAL_Driver/Src/stm32h7xx_hal_gpio.c ****   /* get current Output Data Register value */
 453:Drivers/STM32H7xx_HAL_Driver/Src/stm32h7xx_hal_gpio.c ****   odr = GPIOx->ODR;
 942              		.loc 1 453 3 view .LVU324
 943              		.loc 1 453 7 is_stmt 0 view .LVU325
 944 0000 4369     		ldr	r3, [r0, #20]
 945              	.LVL84:
 454:Drivers/STM32H7xx_HAL_Driver/Src/stm32h7xx_hal_gpio.c **** 
 455:Drivers/STM32H7xx_HAL_Driver/Src/stm32h7xx_hal_gpio.c ****   /* Set selected pins that were at low level, and reset ones that were high */
 456:Drivers/STM32H7xx_HAL_Driver/Src/stm32h7xx_hal_gpio.c ****   GPIOx->BSRR = ((odr & GPIO_Pin) << GPIO_NUMBER) | (~odr & GPIO_Pin);
 946              		.loc 1 456 3 is_stmt 1 view .LVU326
 947              		.loc 1 456 23 is_stmt 0 view .LVU327
 948 0002 01EA0302 		and	r2, r1, r3
 949              		.loc 1 456 59 view .LVU328
 950 0006 21EA0301 		bic	r1, r1, r3
 951              	.LVL85:
 952              		.loc 1 456 51 view .LVU329
 953 000a 41EA0241 		orr	r1, r1, r2, lsl #16
 954              		.loc 1 456 15 view .LVU330
 955 000e 8161     		str	r1, [r0, #24]
 457:Drivers/STM32H7xx_HAL_Driver/Src/stm32h7xx_hal_gpio.c **** }
 956              		.loc 1 457 1 view .LVU331
 957 0010 7047     		bx	lr
 958              		.cfi_endproc
 959              	.LFE148:
 961 0012 00BF     		.section	.text.HAL_GPIO_LockPin,"ax",%progbits
 962              		.align	1
 963              		.p2align 2,,3
 964              		.global	HAL_GPIO_LockPin
 965              		.syntax unified
 966              		.thumb
 967              		.thumb_func
 969              	HAL_GPIO_LockPin:
 970              	.LVL86:
 971              	.LFB149:
 458:Drivers/STM32H7xx_HAL_Driver/Src/stm32h7xx_hal_gpio.c **** 
 459:Drivers/STM32H7xx_HAL_Driver/Src/stm32h7xx_hal_gpio.c **** /**
 460:Drivers/STM32H7xx_HAL_Driver/Src/stm32h7xx_hal_gpio.c ****   * @brief  Locks GPIO Pins configuration registers.
 461:Drivers/STM32H7xx_HAL_Driver/Src/stm32h7xx_hal_gpio.c ****   * @note   The locked registers are GPIOx_MODER, GPIOx_OTYPER, GPIOx_OSPEEDR,
 462:Drivers/STM32H7xx_HAL_Driver/Src/stm32h7xx_hal_gpio.c ****   *         GPIOx_PUPDR, GPIOx_AFRL and GPIOx_AFRH.
 463:Drivers/STM32H7xx_HAL_Driver/Src/stm32h7xx_hal_gpio.c ****   * @note   The configuration of the locked GPIO pins can no longer be modified
 464:Drivers/STM32H7xx_HAL_Driver/Src/stm32h7xx_hal_gpio.c ****   *         until the next reset.
 465:Drivers/STM32H7xx_HAL_Driver/Src/stm32h7xx_hal_gpio.c ****   * @param  GPIOx: where x can be (A..K) to select the GPIO peripheral for STM32H7 family
ARM GAS  C:\Users\l1234\AppData\Local\Temp\ccOguE8V.s 			page 30


 466:Drivers/STM32H7xx_HAL_Driver/Src/stm32h7xx_hal_gpio.c ****   * @param  GPIO_Pin: specifies the port bit to be locked.
 467:Drivers/STM32H7xx_HAL_Driver/Src/stm32h7xx_hal_gpio.c ****   *         This parameter can be any combination of GPIO_PIN_x where x can be (0..15).
 468:Drivers/STM32H7xx_HAL_Driver/Src/stm32h7xx_hal_gpio.c ****   * @retval None
 469:Drivers/STM32H7xx_HAL_Driver/Src/stm32h7xx_hal_gpio.c ****   */
 470:Drivers/STM32H7xx_HAL_Driver/Src/stm32h7xx_hal_gpio.c **** HAL_StatusTypeDef HAL_GPIO_LockPin(GPIO_TypeDef *GPIOx, uint16_t GPIO_Pin)
 471:Drivers/STM32H7xx_HAL_Driver/Src/stm32h7xx_hal_gpio.c **** {
 972              		.loc 1 471 1 is_stmt 1 view -0
 973              		.cfi_startproc
 974              		@ args = 0, pretend = 0, frame = 8
 975              		@ frame_needed = 0, uses_anonymous_args = 0
 976              		@ link register save eliminated.
 472:Drivers/STM32H7xx_HAL_Driver/Src/stm32h7xx_hal_gpio.c ****   __IO uint32_t tmp = GPIO_LCKR_LCKK;
 977              		.loc 1 472 3 view .LVU333
 471:Drivers/STM32H7xx_HAL_Driver/Src/stm32h7xx_hal_gpio.c ****   __IO uint32_t tmp = GPIO_LCKR_LCKK;
 978              		.loc 1 471 1 is_stmt 0 view .LVU334
 979 0000 82B0     		sub	sp, sp, #8
 980              	.LCFI10:
 981              		.cfi_def_cfa_offset 8
 982              		.loc 1 472 17 view .LVU335
 983 0002 4FF48033 		mov	r3, #65536
 984 0006 0193     		str	r3, [sp, #4]
 473:Drivers/STM32H7xx_HAL_Driver/Src/stm32h7xx_hal_gpio.c **** 
 474:Drivers/STM32H7xx_HAL_Driver/Src/stm32h7xx_hal_gpio.c ****   /* Check the parameters */
 475:Drivers/STM32H7xx_HAL_Driver/Src/stm32h7xx_hal_gpio.c ****   assert_param(IS_GPIO_LOCK_INSTANCE(GPIOx));
 985              		.loc 1 475 3 is_stmt 1 view .LVU336
 476:Drivers/STM32H7xx_HAL_Driver/Src/stm32h7xx_hal_gpio.c ****   assert_param(IS_GPIO_PIN(GPIO_Pin));
 986              		.loc 1 476 3 view .LVU337
 477:Drivers/STM32H7xx_HAL_Driver/Src/stm32h7xx_hal_gpio.c **** 
 478:Drivers/STM32H7xx_HAL_Driver/Src/stm32h7xx_hal_gpio.c ****   /* Apply lock key write sequence */
 479:Drivers/STM32H7xx_HAL_Driver/Src/stm32h7xx_hal_gpio.c ****   tmp |= GPIO_Pin;
 987              		.loc 1 479 3 view .LVU338
 988              		.loc 1 479 7 is_stmt 0 view .LVU339
 989 0008 019B     		ldr	r3, [sp, #4]
 990 000a 0B43     		orrs	r3, r3, r1
 991 000c 0193     		str	r3, [sp, #4]
 480:Drivers/STM32H7xx_HAL_Driver/Src/stm32h7xx_hal_gpio.c ****   /* Set LCKx bit(s): LCKK='1' + LCK[15-0] */
 481:Drivers/STM32H7xx_HAL_Driver/Src/stm32h7xx_hal_gpio.c ****   GPIOx->LCKR = tmp;
 992              		.loc 1 481 3 is_stmt 1 view .LVU340
 993              		.loc 1 481 15 is_stmt 0 view .LVU341
 994 000e 019B     		ldr	r3, [sp, #4]
 995 0010 C361     		str	r3, [r0, #28]
 482:Drivers/STM32H7xx_HAL_Driver/Src/stm32h7xx_hal_gpio.c ****   /* Reset LCKx bit(s): LCKK='0' + LCK[15-0] */
 483:Drivers/STM32H7xx_HAL_Driver/Src/stm32h7xx_hal_gpio.c ****   GPIOx->LCKR = GPIO_Pin;
 996              		.loc 1 483 3 is_stmt 1 view .LVU342
 997              		.loc 1 483 15 is_stmt 0 view .LVU343
 998 0012 C161     		str	r1, [r0, #28]
 484:Drivers/STM32H7xx_HAL_Driver/Src/stm32h7xx_hal_gpio.c ****   /* Set LCKx bit(s): LCKK='1' + LCK[15-0] */
 485:Drivers/STM32H7xx_HAL_Driver/Src/stm32h7xx_hal_gpio.c ****   GPIOx->LCKR = tmp;
 999              		.loc 1 485 3 is_stmt 1 view .LVU344
 1000              		.loc 1 485 15 is_stmt 0 view .LVU345
 1001 0014 019B     		ldr	r3, [sp, #4]
 1002 0016 C361     		str	r3, [r0, #28]
 486:Drivers/STM32H7xx_HAL_Driver/Src/stm32h7xx_hal_gpio.c ****   /* Read LCKK register. This read is mandatory to complete key lock sequence*/
 487:Drivers/STM32H7xx_HAL_Driver/Src/stm32h7xx_hal_gpio.c ****   tmp = GPIOx->LCKR;
 1003              		.loc 1 487 3 is_stmt 1 view .LVU346
 1004              		.loc 1 487 14 is_stmt 0 view .LVU347
 1005 0018 C369     		ldr	r3, [r0, #28]
ARM GAS  C:\Users\l1234\AppData\Local\Temp\ccOguE8V.s 			page 31


 1006              		.loc 1 487 7 view .LVU348
 1007 001a 0193     		str	r3, [sp, #4]
 488:Drivers/STM32H7xx_HAL_Driver/Src/stm32h7xx_hal_gpio.c **** 
 489:Drivers/STM32H7xx_HAL_Driver/Src/stm32h7xx_hal_gpio.c ****   /* read again in order to confirm lock is active */
 490:Drivers/STM32H7xx_HAL_Driver/Src/stm32h7xx_hal_gpio.c ****   if ((GPIOx->LCKR & GPIO_LCKR_LCKK) != 0x00U)
 1008              		.loc 1 490 3 is_stmt 1 view .LVU349
 1009              		.loc 1 490 13 is_stmt 0 view .LVU350
 1010 001c C069     		ldr	r0, [r0, #28]
 1011              	.LVL87:
 1012              		.loc 1 490 6 view .LVU351
 1013 001e 80F48030 		eor	r0, r0, #65536
 491:Drivers/STM32H7xx_HAL_Driver/Src/stm32h7xx_hal_gpio.c ****   {
 492:Drivers/STM32H7xx_HAL_Driver/Src/stm32h7xx_hal_gpio.c ****     return HAL_OK;
 493:Drivers/STM32H7xx_HAL_Driver/Src/stm32h7xx_hal_gpio.c ****   }
 494:Drivers/STM32H7xx_HAL_Driver/Src/stm32h7xx_hal_gpio.c ****   else
 495:Drivers/STM32H7xx_HAL_Driver/Src/stm32h7xx_hal_gpio.c ****   {
 496:Drivers/STM32H7xx_HAL_Driver/Src/stm32h7xx_hal_gpio.c ****     return HAL_ERROR;
 497:Drivers/STM32H7xx_HAL_Driver/Src/stm32h7xx_hal_gpio.c ****   }
 498:Drivers/STM32H7xx_HAL_Driver/Src/stm32h7xx_hal_gpio.c **** }
 1014              		.loc 1 498 1 view .LVU352
 1015 0022 C0F30040 		ubfx	r0, r0, #16, #1
 1016 0026 02B0     		add	sp, sp, #8
 1017              	.LCFI11:
 1018              		.cfi_def_cfa_offset 0
 1019              		@ sp needed
 1020 0028 7047     		bx	lr
 1021              		.cfi_endproc
 1022              	.LFE149:
 1024 002a 00BF     		.section	.text.HAL_GPIO_EXTI_Callback,"ax",%progbits
 1025              		.align	1
 1026              		.p2align 2,,3
 1027              		.weak	HAL_GPIO_EXTI_Callback
 1028              		.syntax unified
 1029              		.thumb
 1030              		.thumb_func
 1032              	HAL_GPIO_EXTI_Callback:
 1033              	.LVL88:
 1034              	.LFB151:
 499:Drivers/STM32H7xx_HAL_Driver/Src/stm32h7xx_hal_gpio.c **** 
 500:Drivers/STM32H7xx_HAL_Driver/Src/stm32h7xx_hal_gpio.c **** /**
 501:Drivers/STM32H7xx_HAL_Driver/Src/stm32h7xx_hal_gpio.c ****   * @brief  Handle EXTI interrupt request.
 502:Drivers/STM32H7xx_HAL_Driver/Src/stm32h7xx_hal_gpio.c ****   * @param  GPIO_Pin: Specifies the port pin connected to corresponding EXTI line.
 503:Drivers/STM32H7xx_HAL_Driver/Src/stm32h7xx_hal_gpio.c ****   * @retval None
 504:Drivers/STM32H7xx_HAL_Driver/Src/stm32h7xx_hal_gpio.c ****   */
 505:Drivers/STM32H7xx_HAL_Driver/Src/stm32h7xx_hal_gpio.c **** void HAL_GPIO_EXTI_IRQHandler(uint16_t GPIO_Pin)
 506:Drivers/STM32H7xx_HAL_Driver/Src/stm32h7xx_hal_gpio.c **** {
 507:Drivers/STM32H7xx_HAL_Driver/Src/stm32h7xx_hal_gpio.c **** #if defined(DUAL_CORE) && defined(CORE_CM4)
 508:Drivers/STM32H7xx_HAL_Driver/Src/stm32h7xx_hal_gpio.c ****   if (__HAL_GPIO_EXTID2_GET_IT(GPIO_Pin) != 0x00U)
 509:Drivers/STM32H7xx_HAL_Driver/Src/stm32h7xx_hal_gpio.c ****   {
 510:Drivers/STM32H7xx_HAL_Driver/Src/stm32h7xx_hal_gpio.c ****     __HAL_GPIO_EXTID2_CLEAR_IT(GPIO_Pin);
 511:Drivers/STM32H7xx_HAL_Driver/Src/stm32h7xx_hal_gpio.c ****     HAL_GPIO_EXTI_Callback(GPIO_Pin);
 512:Drivers/STM32H7xx_HAL_Driver/Src/stm32h7xx_hal_gpio.c ****   }
 513:Drivers/STM32H7xx_HAL_Driver/Src/stm32h7xx_hal_gpio.c **** #else
 514:Drivers/STM32H7xx_HAL_Driver/Src/stm32h7xx_hal_gpio.c ****   /* EXTI line interrupt detected */
 515:Drivers/STM32H7xx_HAL_Driver/Src/stm32h7xx_hal_gpio.c ****   if (__HAL_GPIO_EXTI_GET_IT(GPIO_Pin) != 0x00U)
 516:Drivers/STM32H7xx_HAL_Driver/Src/stm32h7xx_hal_gpio.c ****   {
 517:Drivers/STM32H7xx_HAL_Driver/Src/stm32h7xx_hal_gpio.c ****     __HAL_GPIO_EXTI_CLEAR_IT(GPIO_Pin);
ARM GAS  C:\Users\l1234\AppData\Local\Temp\ccOguE8V.s 			page 32


 518:Drivers/STM32H7xx_HAL_Driver/Src/stm32h7xx_hal_gpio.c ****     HAL_GPIO_EXTI_Callback(GPIO_Pin);
 519:Drivers/STM32H7xx_HAL_Driver/Src/stm32h7xx_hal_gpio.c ****   }
 520:Drivers/STM32H7xx_HAL_Driver/Src/stm32h7xx_hal_gpio.c **** #endif
 521:Drivers/STM32H7xx_HAL_Driver/Src/stm32h7xx_hal_gpio.c **** }
 522:Drivers/STM32H7xx_HAL_Driver/Src/stm32h7xx_hal_gpio.c **** 
 523:Drivers/STM32H7xx_HAL_Driver/Src/stm32h7xx_hal_gpio.c **** /**
 524:Drivers/STM32H7xx_HAL_Driver/Src/stm32h7xx_hal_gpio.c ****   * @brief  EXTI line detection callback.
 525:Drivers/STM32H7xx_HAL_Driver/Src/stm32h7xx_hal_gpio.c ****   * @param  GPIO_Pin: Specifies the port pin connected to corresponding EXTI line.
 526:Drivers/STM32H7xx_HAL_Driver/Src/stm32h7xx_hal_gpio.c ****   * @retval None
 527:Drivers/STM32H7xx_HAL_Driver/Src/stm32h7xx_hal_gpio.c ****   */
 528:Drivers/STM32H7xx_HAL_Driver/Src/stm32h7xx_hal_gpio.c **** __weak void HAL_GPIO_EXTI_Callback(uint16_t GPIO_Pin)
 529:Drivers/STM32H7xx_HAL_Driver/Src/stm32h7xx_hal_gpio.c **** {
 1035              		.loc 1 529 1 is_stmt 1 view -0
 1036              		.cfi_startproc
 1037              		@ args = 0, pretend = 0, frame = 0
 1038              		@ frame_needed = 0, uses_anonymous_args = 0
 1039              		@ link register save eliminated.
 530:Drivers/STM32H7xx_HAL_Driver/Src/stm32h7xx_hal_gpio.c ****   /* Prevent unused argument(s) compilation warning */
 531:Drivers/STM32H7xx_HAL_Driver/Src/stm32h7xx_hal_gpio.c ****   UNUSED(GPIO_Pin);
 1040              		.loc 1 531 3 view .LVU354
 532:Drivers/STM32H7xx_HAL_Driver/Src/stm32h7xx_hal_gpio.c **** 
 533:Drivers/STM32H7xx_HAL_Driver/Src/stm32h7xx_hal_gpio.c ****   /* NOTE: This function Should not be modified, when the callback is needed,
 534:Drivers/STM32H7xx_HAL_Driver/Src/stm32h7xx_hal_gpio.c ****            the HAL_GPIO_EXTI_Callback could be implemented in the user file
 535:Drivers/STM32H7xx_HAL_Driver/Src/stm32h7xx_hal_gpio.c ****    */
 536:Drivers/STM32H7xx_HAL_Driver/Src/stm32h7xx_hal_gpio.c **** }
 1041              		.loc 1 536 1 is_stmt 0 view .LVU355
 1042 0000 7047     		bx	lr
 1043              		.cfi_endproc
 1044              	.LFE151:
 1046 0002 00BF     		.section	.text.HAL_GPIO_EXTI_IRQHandler,"ax",%progbits
 1047              		.align	1
 1048              		.p2align 2,,3
 1049              		.global	HAL_GPIO_EXTI_IRQHandler
 1050              		.syntax unified
 1051              		.thumb
 1052              		.thumb_func
 1054              	HAL_GPIO_EXTI_IRQHandler:
 1055              	.LVL89:
 1056              	.LFB150:
 506:Drivers/STM32H7xx_HAL_Driver/Src/stm32h7xx_hal_gpio.c **** #if defined(DUAL_CORE) && defined(CORE_CM4)
 1057              		.loc 1 506 1 is_stmt 1 view -0
 1058              		.cfi_startproc
 1059              		@ args = 0, pretend = 0, frame = 0
 1060              		@ frame_needed = 0, uses_anonymous_args = 0
 515:Drivers/STM32H7xx_HAL_Driver/Src/stm32h7xx_hal_gpio.c ****   {
 1061              		.loc 1 515 3 view .LVU357
 515:Drivers/STM32H7xx_HAL_Driver/Src/stm32h7xx_hal_gpio.c ****   {
 1062              		.loc 1 515 7 is_stmt 0 view .LVU358
 1063 0000 4FF0B042 		mov	r2, #1476395008
 1064 0004 D2F88810 		ldr	r1, [r2, #136]
 515:Drivers/STM32H7xx_HAL_Driver/Src/stm32h7xx_hal_gpio.c ****   {
 1065              		.loc 1 515 6 view .LVU359
 1066 0008 0142     		tst	r1, r0
 1067 000a 00D1     		bne	.L98
 1068 000c 7047     		bx	lr
 1069              	.L98:
 517:Drivers/STM32H7xx_HAL_Driver/Src/stm32h7xx_hal_gpio.c ****     HAL_GPIO_EXTI_Callback(GPIO_Pin);
ARM GAS  C:\Users\l1234\AppData\Local\Temp\ccOguE8V.s 			page 33


 1070              		.loc 1 517 5 is_stmt 1 view .LVU360
 506:Drivers/STM32H7xx_HAL_Driver/Src/stm32h7xx_hal_gpio.c **** #if defined(DUAL_CORE) && defined(CORE_CM4)
 1071              		.loc 1 506 1 is_stmt 0 view .LVU361
 1072 000e 08B5     		push	{r3, lr}
 1073              	.LCFI12:
 1074              		.cfi_def_cfa_offset 8
 1075              		.cfi_offset 3, -8
 1076              		.cfi_offset 14, -4
 517:Drivers/STM32H7xx_HAL_Driver/Src/stm32h7xx_hal_gpio.c ****     HAL_GPIO_EXTI_Callback(GPIO_Pin);
 1077              		.loc 1 517 5 view .LVU362
 1078 0010 C2F88800 		str	r0, [r2, #136]
 518:Drivers/STM32H7xx_HAL_Driver/Src/stm32h7xx_hal_gpio.c ****   }
 1079              		.loc 1 518 5 is_stmt 1 view .LVU363
 1080 0014 FFF7FEFF 		bl	HAL_GPIO_EXTI_Callback
 1081              	.LVL90:
 521:Drivers/STM32H7xx_HAL_Driver/Src/stm32h7xx_hal_gpio.c **** 
 1082              		.loc 1 521 1 is_stmt 0 view .LVU364
 1083 0018 08BD     		pop	{r3, pc}
 1084              		.cfi_endproc
 1085              	.LFE150:
 1087 001a 00BF     		.text
 1088              	.Letext0:
 1089              		.file 2 "c:\\msys64\\mingw64\\arm-none-eabi\\include\\machine\\_default_types.h"
 1090              		.file 3 "c:\\msys64\\mingw64\\arm-none-eabi\\include\\sys\\_stdint.h"
 1091              		.file 4 "Drivers/CMSIS/Device/ST/STM32H7xx/Include/stm32h723xx.h"
 1092              		.file 5 "Drivers/STM32H7xx_HAL_Driver/Inc/stm32h7xx_hal_def.h"
 1093              		.file 6 "Drivers/STM32H7xx_HAL_Driver/Inc/stm32h7xx_hal_gpio.h"
ARM GAS  C:\Users\l1234\AppData\Local\Temp\ccOguE8V.s 			page 34


DEFINED SYMBOLS
                            *ABS*:00000000 stm32h7xx_hal_gpio.c
C:\Users\l1234\AppData\Local\Temp\ccOguE8V.s:20     .text.HAL_GPIO_Init:00000000 $t
C:\Users\l1234\AppData\Local\Temp\ccOguE8V.s:27     .text.HAL_GPIO_Init:00000000 HAL_GPIO_Init
C:\Users\l1234\AppData\Local\Temp\ccOguE8V.s:540    .text.HAL_GPIO_Init:00000244 $d
C:\Users\l1234\AppData\Local\Temp\ccOguE8V.s:553    .text.HAL_GPIO_DeInit:00000000 $t
C:\Users\l1234\AppData\Local\Temp\ccOguE8V.s:560    .text.HAL_GPIO_DeInit:00000000 HAL_GPIO_DeInit
C:\Users\l1234\AppData\Local\Temp\ccOguE8V.s:844    .text.HAL_GPIO_DeInit:00000158 $d
C:\Users\l1234\AppData\Local\Temp\ccOguE8V.s:857    .text.HAL_GPIO_ReadPin:00000000 $t
C:\Users\l1234\AppData\Local\Temp\ccOguE8V.s:864    .text.HAL_GPIO_ReadPin:00000000 HAL_GPIO_ReadPin
C:\Users\l1234\AppData\Local\Temp\ccOguE8V.s:892    .text.HAL_GPIO_WritePin:00000000 $t
C:\Users\l1234\AppData\Local\Temp\ccOguE8V.s:899    .text.HAL_GPIO_WritePin:00000000 HAL_GPIO_WritePin
C:\Users\l1234\AppData\Local\Temp\ccOguE8V.s:925    .text.HAL_GPIO_TogglePin:00000000 $t
C:\Users\l1234\AppData\Local\Temp\ccOguE8V.s:932    .text.HAL_GPIO_TogglePin:00000000 HAL_GPIO_TogglePin
C:\Users\l1234\AppData\Local\Temp\ccOguE8V.s:962    .text.HAL_GPIO_LockPin:00000000 $t
C:\Users\l1234\AppData\Local\Temp\ccOguE8V.s:969    .text.HAL_GPIO_LockPin:00000000 HAL_GPIO_LockPin
C:\Users\l1234\AppData\Local\Temp\ccOguE8V.s:1025   .text.HAL_GPIO_EXTI_Callback:00000000 $t
C:\Users\l1234\AppData\Local\Temp\ccOguE8V.s:1032   .text.HAL_GPIO_EXTI_Callback:00000000 HAL_GPIO_EXTI_Callback
C:\Users\l1234\AppData\Local\Temp\ccOguE8V.s:1047   .text.HAL_GPIO_EXTI_IRQHandler:00000000 $t
C:\Users\l1234\AppData\Local\Temp\ccOguE8V.s:1054   .text.HAL_GPIO_EXTI_IRQHandler:00000000 HAL_GPIO_EXTI_IRQHandler

NO UNDEFINED SYMBOLS
