ARM GAS  C:\Users\l1234\AppData\Local\Temp\ccA9JKn0.s 			page 1


   1              		.cpu cortex-m7
   2              		.arch armv7e-m
   3              		.fpu fpv5-d16
   4              		.eabi_attribute 28, 1
   5              		.eabi_attribute 20, 1
   6              		.eabi_attribute 21, 1
   7              		.eabi_attribute 23, 3
   8              		.eabi_attribute 24, 1
   9              		.eabi_attribute 25, 1
  10              		.eabi_attribute 26, 1
  11              		.eabi_attribute 30, 2
  12              		.eabi_attribute 34, 1
  13              		.eabi_attribute 18, 4
  14              		.file	"stm32h7xx_hal_dma_ex.c"
  15              		.text
  16              	.Ltext0:
  17              		.cfi_sections	.debug_frame
  18              		.file 1 "Drivers/STM32H7xx_HAL_Driver/Src/stm32h7xx_hal_dma_ex.c"
  19              		.section	.text.DMA_MultiBufferSetConfig,"ax",%progbits
  20              		.align	1
  21              		.p2align 2,,3
  22              		.syntax unified
  23              		.thumb
  24              		.thumb_func
  26              	DMA_MultiBufferSetConfig:
  27              	.LVL0:
  28              	.LFB152:
   1:Drivers/STM32H7xx_HAL_Driver/Src/stm32h7xx_hal_dma_ex.c **** /**
   2:Drivers/STM32H7xx_HAL_Driver/Src/stm32h7xx_hal_dma_ex.c ****   ******************************************************************************
   3:Drivers/STM32H7xx_HAL_Driver/Src/stm32h7xx_hal_dma_ex.c ****   * @file    stm32h7xx_hal_dma_ex.c
   4:Drivers/STM32H7xx_HAL_Driver/Src/stm32h7xx_hal_dma_ex.c ****   * @author  MCD Application Team
   5:Drivers/STM32H7xx_HAL_Driver/Src/stm32h7xx_hal_dma_ex.c ****   * @brief   DMA Extension HAL module driver
   6:Drivers/STM32H7xx_HAL_Driver/Src/stm32h7xx_hal_dma_ex.c ****   *          This file provides firmware functions to manage the following
   7:Drivers/STM32H7xx_HAL_Driver/Src/stm32h7xx_hal_dma_ex.c ****   *          functionalities of the DMA Extension peripheral:
   8:Drivers/STM32H7xx_HAL_Driver/Src/stm32h7xx_hal_dma_ex.c ****   *           + Extended features functions
   9:Drivers/STM32H7xx_HAL_Driver/Src/stm32h7xx_hal_dma_ex.c ****   *
  10:Drivers/STM32H7xx_HAL_Driver/Src/stm32h7xx_hal_dma_ex.c ****   @verbatim
  11:Drivers/STM32H7xx_HAL_Driver/Src/stm32h7xx_hal_dma_ex.c ****   ==============================================================================
  12:Drivers/STM32H7xx_HAL_Driver/Src/stm32h7xx_hal_dma_ex.c ****                         ##### How to use this driver #####
  13:Drivers/STM32H7xx_HAL_Driver/Src/stm32h7xx_hal_dma_ex.c ****   ==============================================================================
  14:Drivers/STM32H7xx_HAL_Driver/Src/stm32h7xx_hal_dma_ex.c ****   [..]
  15:Drivers/STM32H7xx_HAL_Driver/Src/stm32h7xx_hal_dma_ex.c ****   The DMA Extension HAL driver can be used as follows:
  16:Drivers/STM32H7xx_HAL_Driver/Src/stm32h7xx_hal_dma_ex.c ****    (+) Start a multi buffer transfer using the HAL_DMA_MultiBufferStart() function
  17:Drivers/STM32H7xx_HAL_Driver/Src/stm32h7xx_hal_dma_ex.c ****        for polling mode or HAL_DMA_MultiBufferStart_IT() for interrupt mode.
  18:Drivers/STM32H7xx_HAL_Driver/Src/stm32h7xx_hal_dma_ex.c **** 
  19:Drivers/STM32H7xx_HAL_Driver/Src/stm32h7xx_hal_dma_ex.c ****    (+) Configure the DMA_MUX Synchronization Block using HAL_DMAEx_ConfigMuxSync function.
  20:Drivers/STM32H7xx_HAL_Driver/Src/stm32h7xx_hal_dma_ex.c ****    (+) Configure the DMA_MUX Request Generator Block using HAL_DMAEx_ConfigMuxRequestGenerator func
  21:Drivers/STM32H7xx_HAL_Driver/Src/stm32h7xx_hal_dma_ex.c ****        Functions HAL_DMAEx_EnableMuxRequestGenerator and HAL_DMAEx_DisableMuxRequestGenerator can t
  22:Drivers/STM32H7xx_HAL_Driver/Src/stm32h7xx_hal_dma_ex.c ****        to respectively enable/disable the request generator.
  23:Drivers/STM32H7xx_HAL_Driver/Src/stm32h7xx_hal_dma_ex.c **** 
  24:Drivers/STM32H7xx_HAL_Driver/Src/stm32h7xx_hal_dma_ex.c ****    (+) To handle the DMAMUX Interrupts, the function  HAL_DMAEx_MUX_IRQHandler should be called fro
  25:Drivers/STM32H7xx_HAL_Driver/Src/stm32h7xx_hal_dma_ex.c ****        the DMAMUX IRQ handler i.e DMAMUX1_OVR_IRQHandler or DMAMUX2_OVR_IRQHandler .
  26:Drivers/STM32H7xx_HAL_Driver/Src/stm32h7xx_hal_dma_ex.c ****        As only one interrupt line is available for all DMAMUX channels and request generators , HAL
  27:Drivers/STM32H7xx_HAL_Driver/Src/stm32h7xx_hal_dma_ex.c ****        called with, as parameter, the appropriate DMA handle as many as used DMAs in the user proje
  28:Drivers/STM32H7xx_HAL_Driver/Src/stm32h7xx_hal_dma_ex.c ****       (exception done if a given DMA is not using the DMAMUX SYNC block neither a request generator
  29:Drivers/STM32H7xx_HAL_Driver/Src/stm32h7xx_hal_dma_ex.c **** 
  30:Drivers/STM32H7xx_HAL_Driver/Src/stm32h7xx_hal_dma_ex.c ****      -@-  In Memory-to-Memory transfer mode, Multi (Double) Buffer mode is not allowed.
ARM GAS  C:\Users\l1234\AppData\Local\Temp\ccA9JKn0.s 			page 2


  31:Drivers/STM32H7xx_HAL_Driver/Src/stm32h7xx_hal_dma_ex.c ****      -@-  When Multi (Double) Buffer mode is enabled, the transfer is circular by default.
  32:Drivers/STM32H7xx_HAL_Driver/Src/stm32h7xx_hal_dma_ex.c ****      -@-  In Multi (Double) buffer mode, it is possible to update the base address for
  33:Drivers/STM32H7xx_HAL_Driver/Src/stm32h7xx_hal_dma_ex.c ****           the AHB memory port on the fly (DMA_SxM0AR or DMA_SxM1AR) when the stream is enabled.
  34:Drivers/STM32H7xx_HAL_Driver/Src/stm32h7xx_hal_dma_ex.c ****      -@-  Multi (Double) buffer mode is possible with DMA and BDMA instances.
  35:Drivers/STM32H7xx_HAL_Driver/Src/stm32h7xx_hal_dma_ex.c **** 
  36:Drivers/STM32H7xx_HAL_Driver/Src/stm32h7xx_hal_dma_ex.c ****   @endverbatim
  37:Drivers/STM32H7xx_HAL_Driver/Src/stm32h7xx_hal_dma_ex.c ****   ******************************************************************************
  38:Drivers/STM32H7xx_HAL_Driver/Src/stm32h7xx_hal_dma_ex.c ****   * @attention
  39:Drivers/STM32H7xx_HAL_Driver/Src/stm32h7xx_hal_dma_ex.c ****   *
  40:Drivers/STM32H7xx_HAL_Driver/Src/stm32h7xx_hal_dma_ex.c ****   * Copyright (c) 2017 STMicroelectronics.
  41:Drivers/STM32H7xx_HAL_Driver/Src/stm32h7xx_hal_dma_ex.c ****   * All rights reserved.
  42:Drivers/STM32H7xx_HAL_Driver/Src/stm32h7xx_hal_dma_ex.c ****   *
  43:Drivers/STM32H7xx_HAL_Driver/Src/stm32h7xx_hal_dma_ex.c ****   * This software is licensed under terms that can be found in the LICENSE file
  44:Drivers/STM32H7xx_HAL_Driver/Src/stm32h7xx_hal_dma_ex.c ****   * in the root directory of this software component.
  45:Drivers/STM32H7xx_HAL_Driver/Src/stm32h7xx_hal_dma_ex.c ****   * If no LICENSE file comes with this software, it is provided AS-IS.
  46:Drivers/STM32H7xx_HAL_Driver/Src/stm32h7xx_hal_dma_ex.c ****   *
  47:Drivers/STM32H7xx_HAL_Driver/Src/stm32h7xx_hal_dma_ex.c ****   ******************************************************************************
  48:Drivers/STM32H7xx_HAL_Driver/Src/stm32h7xx_hal_dma_ex.c ****   */
  49:Drivers/STM32H7xx_HAL_Driver/Src/stm32h7xx_hal_dma_ex.c **** 
  50:Drivers/STM32H7xx_HAL_Driver/Src/stm32h7xx_hal_dma_ex.c **** /* Includes ------------------------------------------------------------------*/
  51:Drivers/STM32H7xx_HAL_Driver/Src/stm32h7xx_hal_dma_ex.c **** #include "stm32h7xx_hal.h"
  52:Drivers/STM32H7xx_HAL_Driver/Src/stm32h7xx_hal_dma_ex.c **** 
  53:Drivers/STM32H7xx_HAL_Driver/Src/stm32h7xx_hal_dma_ex.c **** /** @addtogroup STM32H7xx_HAL_Driver
  54:Drivers/STM32H7xx_HAL_Driver/Src/stm32h7xx_hal_dma_ex.c ****   * @{
  55:Drivers/STM32H7xx_HAL_Driver/Src/stm32h7xx_hal_dma_ex.c ****   */
  56:Drivers/STM32H7xx_HAL_Driver/Src/stm32h7xx_hal_dma_ex.c **** 
  57:Drivers/STM32H7xx_HAL_Driver/Src/stm32h7xx_hal_dma_ex.c **** /** @defgroup DMAEx DMAEx
  58:Drivers/STM32H7xx_HAL_Driver/Src/stm32h7xx_hal_dma_ex.c ****   * @brief DMA Extended HAL module driver
  59:Drivers/STM32H7xx_HAL_Driver/Src/stm32h7xx_hal_dma_ex.c ****   * @{
  60:Drivers/STM32H7xx_HAL_Driver/Src/stm32h7xx_hal_dma_ex.c ****   */
  61:Drivers/STM32H7xx_HAL_Driver/Src/stm32h7xx_hal_dma_ex.c **** 
  62:Drivers/STM32H7xx_HAL_Driver/Src/stm32h7xx_hal_dma_ex.c **** #ifdef HAL_DMA_MODULE_ENABLED
  63:Drivers/STM32H7xx_HAL_Driver/Src/stm32h7xx_hal_dma_ex.c **** 
  64:Drivers/STM32H7xx_HAL_Driver/Src/stm32h7xx_hal_dma_ex.c **** /* Private types -------------------------------------------------------------*/
  65:Drivers/STM32H7xx_HAL_Driver/Src/stm32h7xx_hal_dma_ex.c **** /* Private variables ---------------------------------------------------------*/
  66:Drivers/STM32H7xx_HAL_Driver/Src/stm32h7xx_hal_dma_ex.c **** /* Private Constants ---------------------------------------------------------*/
  67:Drivers/STM32H7xx_HAL_Driver/Src/stm32h7xx_hal_dma_ex.c **** /* Private macros ------------------------------------------------------------*/
  68:Drivers/STM32H7xx_HAL_Driver/Src/stm32h7xx_hal_dma_ex.c **** /* Private functions ---------------------------------------------------------*/
  69:Drivers/STM32H7xx_HAL_Driver/Src/stm32h7xx_hal_dma_ex.c **** /** @addtogroup DMAEx_Private_Functions
  70:Drivers/STM32H7xx_HAL_Driver/Src/stm32h7xx_hal_dma_ex.c ****   * @{
  71:Drivers/STM32H7xx_HAL_Driver/Src/stm32h7xx_hal_dma_ex.c ****   */
  72:Drivers/STM32H7xx_HAL_Driver/Src/stm32h7xx_hal_dma_ex.c **** 
  73:Drivers/STM32H7xx_HAL_Driver/Src/stm32h7xx_hal_dma_ex.c **** static void DMA_MultiBufferSetConfig(DMA_HandleTypeDef *hdma, uint32_t SrcAddress, uint32_t DstAddr
  74:Drivers/STM32H7xx_HAL_Driver/Src/stm32h7xx_hal_dma_ex.c **** 
  75:Drivers/STM32H7xx_HAL_Driver/Src/stm32h7xx_hal_dma_ex.c **** /**
  76:Drivers/STM32H7xx_HAL_Driver/Src/stm32h7xx_hal_dma_ex.c ****   * @}
  77:Drivers/STM32H7xx_HAL_Driver/Src/stm32h7xx_hal_dma_ex.c ****   */
  78:Drivers/STM32H7xx_HAL_Driver/Src/stm32h7xx_hal_dma_ex.c **** 
  79:Drivers/STM32H7xx_HAL_Driver/Src/stm32h7xx_hal_dma_ex.c **** /* Exported functions ---------------------------------------------------------*/
  80:Drivers/STM32H7xx_HAL_Driver/Src/stm32h7xx_hal_dma_ex.c **** 
  81:Drivers/STM32H7xx_HAL_Driver/Src/stm32h7xx_hal_dma_ex.c **** /** @addtogroup DMAEx_Exported_Functions
  82:Drivers/STM32H7xx_HAL_Driver/Src/stm32h7xx_hal_dma_ex.c ****   * @{
  83:Drivers/STM32H7xx_HAL_Driver/Src/stm32h7xx_hal_dma_ex.c ****   */
  84:Drivers/STM32H7xx_HAL_Driver/Src/stm32h7xx_hal_dma_ex.c **** 
  85:Drivers/STM32H7xx_HAL_Driver/Src/stm32h7xx_hal_dma_ex.c **** 
  86:Drivers/STM32H7xx_HAL_Driver/Src/stm32h7xx_hal_dma_ex.c **** /** @addtogroup DMAEx_Exported_Functions_Group1
  87:Drivers/STM32H7xx_HAL_Driver/Src/stm32h7xx_hal_dma_ex.c ****   *
ARM GAS  C:\Users\l1234\AppData\Local\Temp\ccA9JKn0.s 			page 3


  88:Drivers/STM32H7xx_HAL_Driver/Src/stm32h7xx_hal_dma_ex.c **** @verbatim
  89:Drivers/STM32H7xx_HAL_Driver/Src/stm32h7xx_hal_dma_ex.c ****  ===============================================================================
  90:Drivers/STM32H7xx_HAL_Driver/Src/stm32h7xx_hal_dma_ex.c ****                 #####  Extended features functions  #####
  91:Drivers/STM32H7xx_HAL_Driver/Src/stm32h7xx_hal_dma_ex.c ****  ===============================================================================
  92:Drivers/STM32H7xx_HAL_Driver/Src/stm32h7xx_hal_dma_ex.c ****     [..]  This section provides functions allowing to:
  93:Drivers/STM32H7xx_HAL_Driver/Src/stm32h7xx_hal_dma_ex.c ****       (+) Configure the source, destination address and data length and
  94:Drivers/STM32H7xx_HAL_Driver/Src/stm32h7xx_hal_dma_ex.c ****           Start MultiBuffer DMA transfer
  95:Drivers/STM32H7xx_HAL_Driver/Src/stm32h7xx_hal_dma_ex.c ****       (+) Configure the source, destination address and data length and
  96:Drivers/STM32H7xx_HAL_Driver/Src/stm32h7xx_hal_dma_ex.c ****           Start MultiBuffer DMA transfer with interrupt
  97:Drivers/STM32H7xx_HAL_Driver/Src/stm32h7xx_hal_dma_ex.c ****       (+) Change on the fly the memory0 or memory1 address.
  98:Drivers/STM32H7xx_HAL_Driver/Src/stm32h7xx_hal_dma_ex.c ****       (+) Configure the DMA_MUX Synchronization Block using HAL_DMAEx_ConfigMuxSync function.
  99:Drivers/STM32H7xx_HAL_Driver/Src/stm32h7xx_hal_dma_ex.c ****       (+) Configure the DMA_MUX Request Generator Block using HAL_DMAEx_ConfigMuxRequestGenerator f
 100:Drivers/STM32H7xx_HAL_Driver/Src/stm32h7xx_hal_dma_ex.c ****       (+) Functions HAL_DMAEx_EnableMuxRequestGenerator and HAL_DMAEx_DisableMuxRequestGenerator ca
 101:Drivers/STM32H7xx_HAL_Driver/Src/stm32h7xx_hal_dma_ex.c ****           to respectively enable/disable the request generator.
 102:Drivers/STM32H7xx_HAL_Driver/Src/stm32h7xx_hal_dma_ex.c ****       (+) Handle DMAMUX interrupts using HAL_DMAEx_MUX_IRQHandler : should be called from
 103:Drivers/STM32H7xx_HAL_Driver/Src/stm32h7xx_hal_dma_ex.c ****           the DMAMUX IRQ handler i.e DMAMUX1_OVR_IRQHandler or DMAMUX2_OVR_IRQHandler
 104:Drivers/STM32H7xx_HAL_Driver/Src/stm32h7xx_hal_dma_ex.c **** 
 105:Drivers/STM32H7xx_HAL_Driver/Src/stm32h7xx_hal_dma_ex.c **** @endverbatim
 106:Drivers/STM32H7xx_HAL_Driver/Src/stm32h7xx_hal_dma_ex.c ****   * @{
 107:Drivers/STM32H7xx_HAL_Driver/Src/stm32h7xx_hal_dma_ex.c ****   */
 108:Drivers/STM32H7xx_HAL_Driver/Src/stm32h7xx_hal_dma_ex.c **** 
 109:Drivers/STM32H7xx_HAL_Driver/Src/stm32h7xx_hal_dma_ex.c **** 
 110:Drivers/STM32H7xx_HAL_Driver/Src/stm32h7xx_hal_dma_ex.c **** /**
 111:Drivers/STM32H7xx_HAL_Driver/Src/stm32h7xx_hal_dma_ex.c ****   * @brief  Starts the multi_buffer DMA Transfer.
 112:Drivers/STM32H7xx_HAL_Driver/Src/stm32h7xx_hal_dma_ex.c ****   * @param  hdma      : pointer to a DMA_HandleTypeDef structure that contains
 113:Drivers/STM32H7xx_HAL_Driver/Src/stm32h7xx_hal_dma_ex.c ****   *                     the configuration information for the specified DMA Stream.
 114:Drivers/STM32H7xx_HAL_Driver/Src/stm32h7xx_hal_dma_ex.c ****   * @param  SrcAddress: The source memory Buffer address
 115:Drivers/STM32H7xx_HAL_Driver/Src/stm32h7xx_hal_dma_ex.c ****   * @param  DstAddress: The destination memory Buffer address
 116:Drivers/STM32H7xx_HAL_Driver/Src/stm32h7xx_hal_dma_ex.c ****   * @param  SecondMemAddress: The second memory Buffer address in case of multi buffer Transfer
 117:Drivers/STM32H7xx_HAL_Driver/Src/stm32h7xx_hal_dma_ex.c ****   * @param  DataLength: The length of data to be transferred from source to destination
 118:Drivers/STM32H7xx_HAL_Driver/Src/stm32h7xx_hal_dma_ex.c ****   * @retval HAL status
 119:Drivers/STM32H7xx_HAL_Driver/Src/stm32h7xx_hal_dma_ex.c ****   */
 120:Drivers/STM32H7xx_HAL_Driver/Src/stm32h7xx_hal_dma_ex.c **** HAL_StatusTypeDef HAL_DMAEx_MultiBufferStart(DMA_HandleTypeDef *hdma, uint32_t SrcAddress, uint32_t
 121:Drivers/STM32H7xx_HAL_Driver/Src/stm32h7xx_hal_dma_ex.c **** {
 122:Drivers/STM32H7xx_HAL_Driver/Src/stm32h7xx_hal_dma_ex.c ****   HAL_StatusTypeDef status = HAL_OK;
 123:Drivers/STM32H7xx_HAL_Driver/Src/stm32h7xx_hal_dma_ex.c ****   __IO uint32_t *ifcRegister_Base; /* DMA Stream Interrupt Clear register */
 124:Drivers/STM32H7xx_HAL_Driver/Src/stm32h7xx_hal_dma_ex.c **** 
 125:Drivers/STM32H7xx_HAL_Driver/Src/stm32h7xx_hal_dma_ex.c ****   /* Check the parameters */
 126:Drivers/STM32H7xx_HAL_Driver/Src/stm32h7xx_hal_dma_ex.c ****   assert_param(IS_DMA_BUFFER_SIZE(DataLength));
 127:Drivers/STM32H7xx_HAL_Driver/Src/stm32h7xx_hal_dma_ex.c ****   assert_param(IS_DMA_ALL_INSTANCE(hdma->Instance));
 128:Drivers/STM32H7xx_HAL_Driver/Src/stm32h7xx_hal_dma_ex.c **** 
 129:Drivers/STM32H7xx_HAL_Driver/Src/stm32h7xx_hal_dma_ex.c ****   /* Memory-to-memory transfer not supported in double buffering mode */
 130:Drivers/STM32H7xx_HAL_Driver/Src/stm32h7xx_hal_dma_ex.c ****   if (hdma->Init.Direction == DMA_MEMORY_TO_MEMORY)
 131:Drivers/STM32H7xx_HAL_Driver/Src/stm32h7xx_hal_dma_ex.c ****   {
 132:Drivers/STM32H7xx_HAL_Driver/Src/stm32h7xx_hal_dma_ex.c ****     hdma->ErrorCode = HAL_DMA_ERROR_NOT_SUPPORTED;
 133:Drivers/STM32H7xx_HAL_Driver/Src/stm32h7xx_hal_dma_ex.c ****     status = HAL_ERROR;
 134:Drivers/STM32H7xx_HAL_Driver/Src/stm32h7xx_hal_dma_ex.c ****   }
 135:Drivers/STM32H7xx_HAL_Driver/Src/stm32h7xx_hal_dma_ex.c ****   else
 136:Drivers/STM32H7xx_HAL_Driver/Src/stm32h7xx_hal_dma_ex.c ****   {
 137:Drivers/STM32H7xx_HAL_Driver/Src/stm32h7xx_hal_dma_ex.c ****     /* Process Locked */
 138:Drivers/STM32H7xx_HAL_Driver/Src/stm32h7xx_hal_dma_ex.c ****     __HAL_LOCK(hdma);
 139:Drivers/STM32H7xx_HAL_Driver/Src/stm32h7xx_hal_dma_ex.c **** 
 140:Drivers/STM32H7xx_HAL_Driver/Src/stm32h7xx_hal_dma_ex.c ****     if(HAL_DMA_STATE_READY == hdma->State)
 141:Drivers/STM32H7xx_HAL_Driver/Src/stm32h7xx_hal_dma_ex.c ****     {
 142:Drivers/STM32H7xx_HAL_Driver/Src/stm32h7xx_hal_dma_ex.c ****       /* Change DMA peripheral state */
 143:Drivers/STM32H7xx_HAL_Driver/Src/stm32h7xx_hal_dma_ex.c ****       hdma->State = HAL_DMA_STATE_BUSY;
 144:Drivers/STM32H7xx_HAL_Driver/Src/stm32h7xx_hal_dma_ex.c **** 
ARM GAS  C:\Users\l1234\AppData\Local\Temp\ccA9JKn0.s 			page 4


 145:Drivers/STM32H7xx_HAL_Driver/Src/stm32h7xx_hal_dma_ex.c ****       /* Initialize the error code */
 146:Drivers/STM32H7xx_HAL_Driver/Src/stm32h7xx_hal_dma_ex.c ****       hdma->ErrorCode = HAL_DMA_ERROR_NONE;
 147:Drivers/STM32H7xx_HAL_Driver/Src/stm32h7xx_hal_dma_ex.c **** 
 148:Drivers/STM32H7xx_HAL_Driver/Src/stm32h7xx_hal_dma_ex.c ****       if(IS_DMA_STREAM_INSTANCE(hdma->Instance) != 0U) /* DMA1 or DMA2 instance */
 149:Drivers/STM32H7xx_HAL_Driver/Src/stm32h7xx_hal_dma_ex.c ****       {
 150:Drivers/STM32H7xx_HAL_Driver/Src/stm32h7xx_hal_dma_ex.c ****         /* Enable the Double buffer mode */
 151:Drivers/STM32H7xx_HAL_Driver/Src/stm32h7xx_hal_dma_ex.c ****         ((DMA_Stream_TypeDef   *)hdma->Instance)->CR |= DMA_SxCR_DBM;
 152:Drivers/STM32H7xx_HAL_Driver/Src/stm32h7xx_hal_dma_ex.c **** 
 153:Drivers/STM32H7xx_HAL_Driver/Src/stm32h7xx_hal_dma_ex.c ****         /* Configure DMA Stream destination address */
 154:Drivers/STM32H7xx_HAL_Driver/Src/stm32h7xx_hal_dma_ex.c ****         ((DMA_Stream_TypeDef   *)hdma->Instance)->M1AR = SecondMemAddress;
 155:Drivers/STM32H7xx_HAL_Driver/Src/stm32h7xx_hal_dma_ex.c **** 
 156:Drivers/STM32H7xx_HAL_Driver/Src/stm32h7xx_hal_dma_ex.c ****         /* Calculate the interrupt clear flag register (IFCR) base address  */
 157:Drivers/STM32H7xx_HAL_Driver/Src/stm32h7xx_hal_dma_ex.c ****         ifcRegister_Base = (uint32_t *)((uint32_t)(hdma->StreamBaseAddress + 8U));
 158:Drivers/STM32H7xx_HAL_Driver/Src/stm32h7xx_hal_dma_ex.c **** 
 159:Drivers/STM32H7xx_HAL_Driver/Src/stm32h7xx_hal_dma_ex.c ****         /* Clear all flags */
 160:Drivers/STM32H7xx_HAL_Driver/Src/stm32h7xx_hal_dma_ex.c ****         *ifcRegister_Base = 0x3FUL << (hdma->StreamIndex & 0x1FU);
 161:Drivers/STM32H7xx_HAL_Driver/Src/stm32h7xx_hal_dma_ex.c ****       }
 162:Drivers/STM32H7xx_HAL_Driver/Src/stm32h7xx_hal_dma_ex.c ****       else /* BDMA instance(s) */
 163:Drivers/STM32H7xx_HAL_Driver/Src/stm32h7xx_hal_dma_ex.c ****       {
 164:Drivers/STM32H7xx_HAL_Driver/Src/stm32h7xx_hal_dma_ex.c ****         /* Enable the Double buffer mode */
 165:Drivers/STM32H7xx_HAL_Driver/Src/stm32h7xx_hal_dma_ex.c ****         ((BDMA_Channel_TypeDef   *)hdma->Instance)->CCR |= (BDMA_CCR_DBM | BDMA_CCR_CIRC);
 166:Drivers/STM32H7xx_HAL_Driver/Src/stm32h7xx_hal_dma_ex.c **** 
 167:Drivers/STM32H7xx_HAL_Driver/Src/stm32h7xx_hal_dma_ex.c ****         /* Configure DMA Stream destination address */
 168:Drivers/STM32H7xx_HAL_Driver/Src/stm32h7xx_hal_dma_ex.c ****         ((BDMA_Channel_TypeDef   *)hdma->Instance)->CM1AR = SecondMemAddress;
 169:Drivers/STM32H7xx_HAL_Driver/Src/stm32h7xx_hal_dma_ex.c **** 
 170:Drivers/STM32H7xx_HAL_Driver/Src/stm32h7xx_hal_dma_ex.c ****         /* Calculate the interrupt clear flag register (IFCR) base address  */
 171:Drivers/STM32H7xx_HAL_Driver/Src/stm32h7xx_hal_dma_ex.c ****         ifcRegister_Base = (uint32_t *)((uint32_t)(hdma->StreamBaseAddress + 4U));
 172:Drivers/STM32H7xx_HAL_Driver/Src/stm32h7xx_hal_dma_ex.c **** 
 173:Drivers/STM32H7xx_HAL_Driver/Src/stm32h7xx_hal_dma_ex.c ****         /* Clear all flags */
 174:Drivers/STM32H7xx_HAL_Driver/Src/stm32h7xx_hal_dma_ex.c ****         *ifcRegister_Base = (BDMA_ISR_GIF0) << (hdma->StreamIndex & 0x1FU);
 175:Drivers/STM32H7xx_HAL_Driver/Src/stm32h7xx_hal_dma_ex.c ****       }
 176:Drivers/STM32H7xx_HAL_Driver/Src/stm32h7xx_hal_dma_ex.c **** 
 177:Drivers/STM32H7xx_HAL_Driver/Src/stm32h7xx_hal_dma_ex.c ****       if(IS_DMA_DMAMUX_ALL_INSTANCE(hdma->Instance) != 0U) /* No DMAMUX available for BDMA1 */
 178:Drivers/STM32H7xx_HAL_Driver/Src/stm32h7xx_hal_dma_ex.c ****       {
 179:Drivers/STM32H7xx_HAL_Driver/Src/stm32h7xx_hal_dma_ex.c ****         /* Configure the source, destination address and the data length */
 180:Drivers/STM32H7xx_HAL_Driver/Src/stm32h7xx_hal_dma_ex.c ****         DMA_MultiBufferSetConfig(hdma, SrcAddress, DstAddress, DataLength);
 181:Drivers/STM32H7xx_HAL_Driver/Src/stm32h7xx_hal_dma_ex.c **** 
 182:Drivers/STM32H7xx_HAL_Driver/Src/stm32h7xx_hal_dma_ex.c ****         /* Clear the DMAMUX synchro overrun flag */
 183:Drivers/STM32H7xx_HAL_Driver/Src/stm32h7xx_hal_dma_ex.c ****         hdma->DMAmuxChannelStatus->CFR = hdma->DMAmuxChannelStatusMask;
 184:Drivers/STM32H7xx_HAL_Driver/Src/stm32h7xx_hal_dma_ex.c **** 
 185:Drivers/STM32H7xx_HAL_Driver/Src/stm32h7xx_hal_dma_ex.c ****         if(hdma->DMAmuxRequestGen != 0U)
 186:Drivers/STM32H7xx_HAL_Driver/Src/stm32h7xx_hal_dma_ex.c ****         {
 187:Drivers/STM32H7xx_HAL_Driver/Src/stm32h7xx_hal_dma_ex.c ****           /* Clear the DMAMUX request generator overrun flag */
 188:Drivers/STM32H7xx_HAL_Driver/Src/stm32h7xx_hal_dma_ex.c ****           hdma->DMAmuxRequestGenStatus->RGCFR = hdma->DMAmuxRequestGenStatusMask;
 189:Drivers/STM32H7xx_HAL_Driver/Src/stm32h7xx_hal_dma_ex.c ****         }
 190:Drivers/STM32H7xx_HAL_Driver/Src/stm32h7xx_hal_dma_ex.c ****       }
 191:Drivers/STM32H7xx_HAL_Driver/Src/stm32h7xx_hal_dma_ex.c **** 
 192:Drivers/STM32H7xx_HAL_Driver/Src/stm32h7xx_hal_dma_ex.c ****       /* Enable the peripheral */
 193:Drivers/STM32H7xx_HAL_Driver/Src/stm32h7xx_hal_dma_ex.c ****       __HAL_DMA_ENABLE(hdma);
 194:Drivers/STM32H7xx_HAL_Driver/Src/stm32h7xx_hal_dma_ex.c ****     }
 195:Drivers/STM32H7xx_HAL_Driver/Src/stm32h7xx_hal_dma_ex.c ****     else
 196:Drivers/STM32H7xx_HAL_Driver/Src/stm32h7xx_hal_dma_ex.c ****     {
 197:Drivers/STM32H7xx_HAL_Driver/Src/stm32h7xx_hal_dma_ex.c ****       /* Set the error code to busy */
 198:Drivers/STM32H7xx_HAL_Driver/Src/stm32h7xx_hal_dma_ex.c ****       hdma->ErrorCode = HAL_DMA_ERROR_BUSY;
 199:Drivers/STM32H7xx_HAL_Driver/Src/stm32h7xx_hal_dma_ex.c **** 
 200:Drivers/STM32H7xx_HAL_Driver/Src/stm32h7xx_hal_dma_ex.c ****       /* Return error status */
 201:Drivers/STM32H7xx_HAL_Driver/Src/stm32h7xx_hal_dma_ex.c ****       status = HAL_ERROR;
ARM GAS  C:\Users\l1234\AppData\Local\Temp\ccA9JKn0.s 			page 5


 202:Drivers/STM32H7xx_HAL_Driver/Src/stm32h7xx_hal_dma_ex.c ****     }
 203:Drivers/STM32H7xx_HAL_Driver/Src/stm32h7xx_hal_dma_ex.c ****   }
 204:Drivers/STM32H7xx_HAL_Driver/Src/stm32h7xx_hal_dma_ex.c ****   return status;
 205:Drivers/STM32H7xx_HAL_Driver/Src/stm32h7xx_hal_dma_ex.c **** }
 206:Drivers/STM32H7xx_HAL_Driver/Src/stm32h7xx_hal_dma_ex.c **** 
 207:Drivers/STM32H7xx_HAL_Driver/Src/stm32h7xx_hal_dma_ex.c **** /**
 208:Drivers/STM32H7xx_HAL_Driver/Src/stm32h7xx_hal_dma_ex.c ****   * @brief  Starts the multi_buffer DMA Transfer with interrupt enabled.
 209:Drivers/STM32H7xx_HAL_Driver/Src/stm32h7xx_hal_dma_ex.c ****   * @param  hdma:       pointer to a DMA_HandleTypeDef structure that contains
 210:Drivers/STM32H7xx_HAL_Driver/Src/stm32h7xx_hal_dma_ex.c ****   *                     the configuration information for the specified DMA Stream.
 211:Drivers/STM32H7xx_HAL_Driver/Src/stm32h7xx_hal_dma_ex.c ****   * @param  SrcAddress: The source memory Buffer address
 212:Drivers/STM32H7xx_HAL_Driver/Src/stm32h7xx_hal_dma_ex.c ****   * @param  DstAddress: The destination memory Buffer address
 213:Drivers/STM32H7xx_HAL_Driver/Src/stm32h7xx_hal_dma_ex.c ****   * @param  SecondMemAddress: The second memory Buffer address in case of multi buffer Transfer
 214:Drivers/STM32H7xx_HAL_Driver/Src/stm32h7xx_hal_dma_ex.c ****   * @param  DataLength: The length of data to be transferred from source to destination
 215:Drivers/STM32H7xx_HAL_Driver/Src/stm32h7xx_hal_dma_ex.c ****   * @retval HAL status
 216:Drivers/STM32H7xx_HAL_Driver/Src/stm32h7xx_hal_dma_ex.c ****   */
 217:Drivers/STM32H7xx_HAL_Driver/Src/stm32h7xx_hal_dma_ex.c **** HAL_StatusTypeDef HAL_DMAEx_MultiBufferStart_IT(DMA_HandleTypeDef *hdma, uint32_t SrcAddress, uint3
 218:Drivers/STM32H7xx_HAL_Driver/Src/stm32h7xx_hal_dma_ex.c **** {
 219:Drivers/STM32H7xx_HAL_Driver/Src/stm32h7xx_hal_dma_ex.c ****   HAL_StatusTypeDef status = HAL_OK;
 220:Drivers/STM32H7xx_HAL_Driver/Src/stm32h7xx_hal_dma_ex.c ****   __IO uint32_t *ifcRegister_Base; /* DMA Stream Interrupt Clear register */
 221:Drivers/STM32H7xx_HAL_Driver/Src/stm32h7xx_hal_dma_ex.c **** 
 222:Drivers/STM32H7xx_HAL_Driver/Src/stm32h7xx_hal_dma_ex.c ****   /* Check the parameters */
 223:Drivers/STM32H7xx_HAL_Driver/Src/stm32h7xx_hal_dma_ex.c ****   assert_param(IS_DMA_BUFFER_SIZE(DataLength));
 224:Drivers/STM32H7xx_HAL_Driver/Src/stm32h7xx_hal_dma_ex.c ****   assert_param(IS_DMA_ALL_INSTANCE(hdma->Instance));
 225:Drivers/STM32H7xx_HAL_Driver/Src/stm32h7xx_hal_dma_ex.c **** 
 226:Drivers/STM32H7xx_HAL_Driver/Src/stm32h7xx_hal_dma_ex.c ****   /* Memory-to-memory transfer not supported in double buffering mode */
 227:Drivers/STM32H7xx_HAL_Driver/Src/stm32h7xx_hal_dma_ex.c ****   if(hdma->Init.Direction == DMA_MEMORY_TO_MEMORY)
 228:Drivers/STM32H7xx_HAL_Driver/Src/stm32h7xx_hal_dma_ex.c ****   {
 229:Drivers/STM32H7xx_HAL_Driver/Src/stm32h7xx_hal_dma_ex.c ****     hdma->ErrorCode = HAL_DMA_ERROR_NOT_SUPPORTED;
 230:Drivers/STM32H7xx_HAL_Driver/Src/stm32h7xx_hal_dma_ex.c ****     return HAL_ERROR;
 231:Drivers/STM32H7xx_HAL_Driver/Src/stm32h7xx_hal_dma_ex.c ****   }
 232:Drivers/STM32H7xx_HAL_Driver/Src/stm32h7xx_hal_dma_ex.c **** 
 233:Drivers/STM32H7xx_HAL_Driver/Src/stm32h7xx_hal_dma_ex.c ****   /* Process locked */
 234:Drivers/STM32H7xx_HAL_Driver/Src/stm32h7xx_hal_dma_ex.c ****   __HAL_LOCK(hdma);
 235:Drivers/STM32H7xx_HAL_Driver/Src/stm32h7xx_hal_dma_ex.c **** 
 236:Drivers/STM32H7xx_HAL_Driver/Src/stm32h7xx_hal_dma_ex.c ****   if(HAL_DMA_STATE_READY == hdma->State)
 237:Drivers/STM32H7xx_HAL_Driver/Src/stm32h7xx_hal_dma_ex.c ****   {
 238:Drivers/STM32H7xx_HAL_Driver/Src/stm32h7xx_hal_dma_ex.c ****     /* Change DMA peripheral state */
 239:Drivers/STM32H7xx_HAL_Driver/Src/stm32h7xx_hal_dma_ex.c ****     hdma->State = HAL_DMA_STATE_BUSY;
 240:Drivers/STM32H7xx_HAL_Driver/Src/stm32h7xx_hal_dma_ex.c **** 
 241:Drivers/STM32H7xx_HAL_Driver/Src/stm32h7xx_hal_dma_ex.c ****     /* Initialize the error code */
 242:Drivers/STM32H7xx_HAL_Driver/Src/stm32h7xx_hal_dma_ex.c ****     hdma->ErrorCode = HAL_DMA_ERROR_NONE;
 243:Drivers/STM32H7xx_HAL_Driver/Src/stm32h7xx_hal_dma_ex.c **** 
 244:Drivers/STM32H7xx_HAL_Driver/Src/stm32h7xx_hal_dma_ex.c ****     if(IS_DMA_STREAM_INSTANCE(hdma->Instance) != 0U) /* DMA1 or DMA2 instance */
 245:Drivers/STM32H7xx_HAL_Driver/Src/stm32h7xx_hal_dma_ex.c ****     {
 246:Drivers/STM32H7xx_HAL_Driver/Src/stm32h7xx_hal_dma_ex.c ****       /* Enable the Double buffer mode */
 247:Drivers/STM32H7xx_HAL_Driver/Src/stm32h7xx_hal_dma_ex.c ****       ((DMA_Stream_TypeDef   *)hdma->Instance)->CR |= DMA_SxCR_DBM;
 248:Drivers/STM32H7xx_HAL_Driver/Src/stm32h7xx_hal_dma_ex.c **** 
 249:Drivers/STM32H7xx_HAL_Driver/Src/stm32h7xx_hal_dma_ex.c ****       /* Configure DMA Stream destination address */
 250:Drivers/STM32H7xx_HAL_Driver/Src/stm32h7xx_hal_dma_ex.c ****       ((DMA_Stream_TypeDef   *)hdma->Instance)->M1AR = SecondMemAddress;
 251:Drivers/STM32H7xx_HAL_Driver/Src/stm32h7xx_hal_dma_ex.c **** 
 252:Drivers/STM32H7xx_HAL_Driver/Src/stm32h7xx_hal_dma_ex.c ****       /* Calculate the interrupt clear flag register (IFCR) base address  */
 253:Drivers/STM32H7xx_HAL_Driver/Src/stm32h7xx_hal_dma_ex.c ****       ifcRegister_Base = (uint32_t *)((uint32_t)(hdma->StreamBaseAddress + 8U));
 254:Drivers/STM32H7xx_HAL_Driver/Src/stm32h7xx_hal_dma_ex.c **** 
 255:Drivers/STM32H7xx_HAL_Driver/Src/stm32h7xx_hal_dma_ex.c ****       /* Clear all flags */
 256:Drivers/STM32H7xx_HAL_Driver/Src/stm32h7xx_hal_dma_ex.c ****       *ifcRegister_Base = 0x3FUL << (hdma->StreamIndex & 0x1FU);
 257:Drivers/STM32H7xx_HAL_Driver/Src/stm32h7xx_hal_dma_ex.c ****     }
 258:Drivers/STM32H7xx_HAL_Driver/Src/stm32h7xx_hal_dma_ex.c ****     else /* BDMA instance(s) */
ARM GAS  C:\Users\l1234\AppData\Local\Temp\ccA9JKn0.s 			page 6


 259:Drivers/STM32H7xx_HAL_Driver/Src/stm32h7xx_hal_dma_ex.c ****     {
 260:Drivers/STM32H7xx_HAL_Driver/Src/stm32h7xx_hal_dma_ex.c ****       /* Enable the Double buffer mode */
 261:Drivers/STM32H7xx_HAL_Driver/Src/stm32h7xx_hal_dma_ex.c ****       ((BDMA_Channel_TypeDef   *)hdma->Instance)->CCR |= (BDMA_CCR_DBM | BDMA_CCR_CIRC);
 262:Drivers/STM32H7xx_HAL_Driver/Src/stm32h7xx_hal_dma_ex.c **** 
 263:Drivers/STM32H7xx_HAL_Driver/Src/stm32h7xx_hal_dma_ex.c ****       /* Configure DMA Stream destination address */
 264:Drivers/STM32H7xx_HAL_Driver/Src/stm32h7xx_hal_dma_ex.c ****       ((BDMA_Channel_TypeDef   *)hdma->Instance)->CM1AR = SecondMemAddress;
 265:Drivers/STM32H7xx_HAL_Driver/Src/stm32h7xx_hal_dma_ex.c **** 
 266:Drivers/STM32H7xx_HAL_Driver/Src/stm32h7xx_hal_dma_ex.c ****       /* Calculate the interrupt clear flag register (IFCR) base address  */
 267:Drivers/STM32H7xx_HAL_Driver/Src/stm32h7xx_hal_dma_ex.c ****       ifcRegister_Base = (uint32_t *)((uint32_t)(hdma->StreamBaseAddress + 4U));
 268:Drivers/STM32H7xx_HAL_Driver/Src/stm32h7xx_hal_dma_ex.c **** 
 269:Drivers/STM32H7xx_HAL_Driver/Src/stm32h7xx_hal_dma_ex.c ****       /* Clear all flags */
 270:Drivers/STM32H7xx_HAL_Driver/Src/stm32h7xx_hal_dma_ex.c ****       *ifcRegister_Base = (BDMA_ISR_GIF0) << (hdma->StreamIndex & 0x1FU);
 271:Drivers/STM32H7xx_HAL_Driver/Src/stm32h7xx_hal_dma_ex.c ****     }
 272:Drivers/STM32H7xx_HAL_Driver/Src/stm32h7xx_hal_dma_ex.c **** 
 273:Drivers/STM32H7xx_HAL_Driver/Src/stm32h7xx_hal_dma_ex.c ****     /* Configure the source, destination address and the data length */
 274:Drivers/STM32H7xx_HAL_Driver/Src/stm32h7xx_hal_dma_ex.c ****     DMA_MultiBufferSetConfig(hdma, SrcAddress, DstAddress, DataLength);
 275:Drivers/STM32H7xx_HAL_Driver/Src/stm32h7xx_hal_dma_ex.c **** 
 276:Drivers/STM32H7xx_HAL_Driver/Src/stm32h7xx_hal_dma_ex.c ****     if(IS_DMA_DMAMUX_ALL_INSTANCE(hdma->Instance) != 0U) /* No DMAMUX available for BDMA1 */
 277:Drivers/STM32H7xx_HAL_Driver/Src/stm32h7xx_hal_dma_ex.c ****     {
 278:Drivers/STM32H7xx_HAL_Driver/Src/stm32h7xx_hal_dma_ex.c ****       /* Clear the DMAMUX synchro overrun flag */
 279:Drivers/STM32H7xx_HAL_Driver/Src/stm32h7xx_hal_dma_ex.c ****       hdma->DMAmuxChannelStatus->CFR = hdma->DMAmuxChannelStatusMask;
 280:Drivers/STM32H7xx_HAL_Driver/Src/stm32h7xx_hal_dma_ex.c **** 
 281:Drivers/STM32H7xx_HAL_Driver/Src/stm32h7xx_hal_dma_ex.c ****       if(hdma->DMAmuxRequestGen != 0U)
 282:Drivers/STM32H7xx_HAL_Driver/Src/stm32h7xx_hal_dma_ex.c ****       {
 283:Drivers/STM32H7xx_HAL_Driver/Src/stm32h7xx_hal_dma_ex.c ****         /* Clear the DMAMUX request generator overrun flag */
 284:Drivers/STM32H7xx_HAL_Driver/Src/stm32h7xx_hal_dma_ex.c ****         hdma->DMAmuxRequestGenStatus->RGCFR = hdma->DMAmuxRequestGenStatusMask;
 285:Drivers/STM32H7xx_HAL_Driver/Src/stm32h7xx_hal_dma_ex.c ****       }
 286:Drivers/STM32H7xx_HAL_Driver/Src/stm32h7xx_hal_dma_ex.c ****     }
 287:Drivers/STM32H7xx_HAL_Driver/Src/stm32h7xx_hal_dma_ex.c **** 
 288:Drivers/STM32H7xx_HAL_Driver/Src/stm32h7xx_hal_dma_ex.c ****     if(IS_DMA_STREAM_INSTANCE(hdma->Instance) != 0U) /* DMA1 or DMA2 instance */
 289:Drivers/STM32H7xx_HAL_Driver/Src/stm32h7xx_hal_dma_ex.c ****     {
 290:Drivers/STM32H7xx_HAL_Driver/Src/stm32h7xx_hal_dma_ex.c ****       /* Enable Common interrupts*/
 291:Drivers/STM32H7xx_HAL_Driver/Src/stm32h7xx_hal_dma_ex.c ****       MODIFY_REG(((DMA_Stream_TypeDef   *)hdma->Instance)->CR, (DMA_IT_TC | DMA_IT_TE | DMA_IT_DME 
 292:Drivers/STM32H7xx_HAL_Driver/Src/stm32h7xx_hal_dma_ex.c ****       ((DMA_Stream_TypeDef   *)hdma->Instance)->FCR |= DMA_IT_FE;
 293:Drivers/STM32H7xx_HAL_Driver/Src/stm32h7xx_hal_dma_ex.c **** 
 294:Drivers/STM32H7xx_HAL_Driver/Src/stm32h7xx_hal_dma_ex.c ****       if((hdma->XferHalfCpltCallback != NULL) || (hdma->XferM1HalfCpltCallback != NULL))
 295:Drivers/STM32H7xx_HAL_Driver/Src/stm32h7xx_hal_dma_ex.c ****       {
 296:Drivers/STM32H7xx_HAL_Driver/Src/stm32h7xx_hal_dma_ex.c ****         /*Enable Half Transfer IT if corresponding Callback is set*/
 297:Drivers/STM32H7xx_HAL_Driver/Src/stm32h7xx_hal_dma_ex.c ****         ((DMA_Stream_TypeDef   *)hdma->Instance)->CR  |= DMA_IT_HT;
 298:Drivers/STM32H7xx_HAL_Driver/Src/stm32h7xx_hal_dma_ex.c ****       }
 299:Drivers/STM32H7xx_HAL_Driver/Src/stm32h7xx_hal_dma_ex.c ****     }
 300:Drivers/STM32H7xx_HAL_Driver/Src/stm32h7xx_hal_dma_ex.c ****     else /* BDMA instance(s) */
 301:Drivers/STM32H7xx_HAL_Driver/Src/stm32h7xx_hal_dma_ex.c ****     {
 302:Drivers/STM32H7xx_HAL_Driver/Src/stm32h7xx_hal_dma_ex.c ****       /* Enable Common interrupts*/
 303:Drivers/STM32H7xx_HAL_Driver/Src/stm32h7xx_hal_dma_ex.c ****       MODIFY_REG(((BDMA_Channel_TypeDef   *)hdma->Instance)->CCR, (BDMA_CCR_TCIE | BDMA_CCR_HTIE | 
 304:Drivers/STM32H7xx_HAL_Driver/Src/stm32h7xx_hal_dma_ex.c **** 
 305:Drivers/STM32H7xx_HAL_Driver/Src/stm32h7xx_hal_dma_ex.c ****       if((hdma->XferHalfCpltCallback != NULL) || (hdma->XferM1HalfCpltCallback != NULL))
 306:Drivers/STM32H7xx_HAL_Driver/Src/stm32h7xx_hal_dma_ex.c ****       {
 307:Drivers/STM32H7xx_HAL_Driver/Src/stm32h7xx_hal_dma_ex.c ****         /*Enable Half Transfer IT if corresponding Callback is set*/
 308:Drivers/STM32H7xx_HAL_Driver/Src/stm32h7xx_hal_dma_ex.c ****         ((BDMA_Channel_TypeDef   *)hdma->Instance)->CCR  |= BDMA_CCR_HTIE;
 309:Drivers/STM32H7xx_HAL_Driver/Src/stm32h7xx_hal_dma_ex.c ****       }
 310:Drivers/STM32H7xx_HAL_Driver/Src/stm32h7xx_hal_dma_ex.c ****     }
 311:Drivers/STM32H7xx_HAL_Driver/Src/stm32h7xx_hal_dma_ex.c **** 
 312:Drivers/STM32H7xx_HAL_Driver/Src/stm32h7xx_hal_dma_ex.c ****     if(IS_DMA_DMAMUX_ALL_INSTANCE(hdma->Instance) != 0U) /* No DMAMUX available for BDMA1 */
 313:Drivers/STM32H7xx_HAL_Driver/Src/stm32h7xx_hal_dma_ex.c ****     {
 314:Drivers/STM32H7xx_HAL_Driver/Src/stm32h7xx_hal_dma_ex.c ****       /* Check if DMAMUX Synchronization is enabled*/
 315:Drivers/STM32H7xx_HAL_Driver/Src/stm32h7xx_hal_dma_ex.c ****       if((hdma->DMAmuxChannel->CCR & DMAMUX_CxCR_SE) != 0U)
ARM GAS  C:\Users\l1234\AppData\Local\Temp\ccA9JKn0.s 			page 7


 316:Drivers/STM32H7xx_HAL_Driver/Src/stm32h7xx_hal_dma_ex.c ****       {
 317:Drivers/STM32H7xx_HAL_Driver/Src/stm32h7xx_hal_dma_ex.c ****         /* Enable DMAMUX sync overrun IT*/
 318:Drivers/STM32H7xx_HAL_Driver/Src/stm32h7xx_hal_dma_ex.c ****         hdma->DMAmuxChannel->CCR |= DMAMUX_CxCR_SOIE;
 319:Drivers/STM32H7xx_HAL_Driver/Src/stm32h7xx_hal_dma_ex.c ****       }
 320:Drivers/STM32H7xx_HAL_Driver/Src/stm32h7xx_hal_dma_ex.c **** 
 321:Drivers/STM32H7xx_HAL_Driver/Src/stm32h7xx_hal_dma_ex.c ****       if(hdma->DMAmuxRequestGen != 0U)
 322:Drivers/STM32H7xx_HAL_Driver/Src/stm32h7xx_hal_dma_ex.c ****       {
 323:Drivers/STM32H7xx_HAL_Driver/Src/stm32h7xx_hal_dma_ex.c ****         /* if using DMAMUX request generator, enable the DMAMUX request generator overrun IT*/
 324:Drivers/STM32H7xx_HAL_Driver/Src/stm32h7xx_hal_dma_ex.c ****         /* enable the request gen overrun IT*/
 325:Drivers/STM32H7xx_HAL_Driver/Src/stm32h7xx_hal_dma_ex.c ****         hdma->DMAmuxRequestGen->RGCR |= DMAMUX_RGxCR_OIE;
 326:Drivers/STM32H7xx_HAL_Driver/Src/stm32h7xx_hal_dma_ex.c ****       }
 327:Drivers/STM32H7xx_HAL_Driver/Src/stm32h7xx_hal_dma_ex.c ****     }
 328:Drivers/STM32H7xx_HAL_Driver/Src/stm32h7xx_hal_dma_ex.c **** 
 329:Drivers/STM32H7xx_HAL_Driver/Src/stm32h7xx_hal_dma_ex.c ****     /* Enable the peripheral */
 330:Drivers/STM32H7xx_HAL_Driver/Src/stm32h7xx_hal_dma_ex.c ****     __HAL_DMA_ENABLE(hdma);
 331:Drivers/STM32H7xx_HAL_Driver/Src/stm32h7xx_hal_dma_ex.c ****   }
 332:Drivers/STM32H7xx_HAL_Driver/Src/stm32h7xx_hal_dma_ex.c ****   else
 333:Drivers/STM32H7xx_HAL_Driver/Src/stm32h7xx_hal_dma_ex.c ****   {
 334:Drivers/STM32H7xx_HAL_Driver/Src/stm32h7xx_hal_dma_ex.c ****     /* Set the error code to busy */
 335:Drivers/STM32H7xx_HAL_Driver/Src/stm32h7xx_hal_dma_ex.c ****     hdma->ErrorCode = HAL_DMA_ERROR_BUSY;
 336:Drivers/STM32H7xx_HAL_Driver/Src/stm32h7xx_hal_dma_ex.c **** 
 337:Drivers/STM32H7xx_HAL_Driver/Src/stm32h7xx_hal_dma_ex.c ****     /* Return error status */
 338:Drivers/STM32H7xx_HAL_Driver/Src/stm32h7xx_hal_dma_ex.c ****     status = HAL_ERROR;
 339:Drivers/STM32H7xx_HAL_Driver/Src/stm32h7xx_hal_dma_ex.c ****   }
 340:Drivers/STM32H7xx_HAL_Driver/Src/stm32h7xx_hal_dma_ex.c ****   return status;
 341:Drivers/STM32H7xx_HAL_Driver/Src/stm32h7xx_hal_dma_ex.c **** }
 342:Drivers/STM32H7xx_HAL_Driver/Src/stm32h7xx_hal_dma_ex.c **** 
 343:Drivers/STM32H7xx_HAL_Driver/Src/stm32h7xx_hal_dma_ex.c **** /**
 344:Drivers/STM32H7xx_HAL_Driver/Src/stm32h7xx_hal_dma_ex.c ****   * @brief  Change the memory0 or memory1 address on the fly.
 345:Drivers/STM32H7xx_HAL_Driver/Src/stm32h7xx_hal_dma_ex.c ****   * @param  hdma:       pointer to a DMA_HandleTypeDef structure that contains
 346:Drivers/STM32H7xx_HAL_Driver/Src/stm32h7xx_hal_dma_ex.c ****   *                     the configuration information for the specified DMA Stream.
 347:Drivers/STM32H7xx_HAL_Driver/Src/stm32h7xx_hal_dma_ex.c ****   * @param  Address:    The new address
 348:Drivers/STM32H7xx_HAL_Driver/Src/stm32h7xx_hal_dma_ex.c ****   * @param  memory:     the memory to be changed, This parameter can be one of
 349:Drivers/STM32H7xx_HAL_Driver/Src/stm32h7xx_hal_dma_ex.c ****   *                     the following values:
 350:Drivers/STM32H7xx_HAL_Driver/Src/stm32h7xx_hal_dma_ex.c ****   *                      MEMORY0 /
 351:Drivers/STM32H7xx_HAL_Driver/Src/stm32h7xx_hal_dma_ex.c ****   *                      MEMORY1
 352:Drivers/STM32H7xx_HAL_Driver/Src/stm32h7xx_hal_dma_ex.c ****   * @note   The MEMORY0 address can be changed only when the current transfer use
 353:Drivers/STM32H7xx_HAL_Driver/Src/stm32h7xx_hal_dma_ex.c ****   *         MEMORY1 and the MEMORY1 address can be changed only when the current
 354:Drivers/STM32H7xx_HAL_Driver/Src/stm32h7xx_hal_dma_ex.c ****   *         transfer use MEMORY0.
 355:Drivers/STM32H7xx_HAL_Driver/Src/stm32h7xx_hal_dma_ex.c ****   * @retval HAL status
 356:Drivers/STM32H7xx_HAL_Driver/Src/stm32h7xx_hal_dma_ex.c ****   */
 357:Drivers/STM32H7xx_HAL_Driver/Src/stm32h7xx_hal_dma_ex.c **** HAL_StatusTypeDef HAL_DMAEx_ChangeMemory(DMA_HandleTypeDef *hdma, uint32_t Address, HAL_DMA_MemoryT
 358:Drivers/STM32H7xx_HAL_Driver/Src/stm32h7xx_hal_dma_ex.c **** {
 359:Drivers/STM32H7xx_HAL_Driver/Src/stm32h7xx_hal_dma_ex.c ****   if(IS_DMA_STREAM_INSTANCE(hdma->Instance) != 0U) /* DMA1 or DMA2 instance */
 360:Drivers/STM32H7xx_HAL_Driver/Src/stm32h7xx_hal_dma_ex.c ****   {
 361:Drivers/STM32H7xx_HAL_Driver/Src/stm32h7xx_hal_dma_ex.c ****     if(memory == MEMORY0)
 362:Drivers/STM32H7xx_HAL_Driver/Src/stm32h7xx_hal_dma_ex.c ****     {
 363:Drivers/STM32H7xx_HAL_Driver/Src/stm32h7xx_hal_dma_ex.c ****       /* change the memory0 address */
 364:Drivers/STM32H7xx_HAL_Driver/Src/stm32h7xx_hal_dma_ex.c ****       ((DMA_Stream_TypeDef   *)hdma->Instance)->M0AR = Address;
 365:Drivers/STM32H7xx_HAL_Driver/Src/stm32h7xx_hal_dma_ex.c ****     }
 366:Drivers/STM32H7xx_HAL_Driver/Src/stm32h7xx_hal_dma_ex.c ****     else
 367:Drivers/STM32H7xx_HAL_Driver/Src/stm32h7xx_hal_dma_ex.c ****     {
 368:Drivers/STM32H7xx_HAL_Driver/Src/stm32h7xx_hal_dma_ex.c ****       /* change the memory1 address */
 369:Drivers/STM32H7xx_HAL_Driver/Src/stm32h7xx_hal_dma_ex.c ****       ((DMA_Stream_TypeDef   *)hdma->Instance)->M1AR = Address;
 370:Drivers/STM32H7xx_HAL_Driver/Src/stm32h7xx_hal_dma_ex.c ****     }
 371:Drivers/STM32H7xx_HAL_Driver/Src/stm32h7xx_hal_dma_ex.c ****   }
 372:Drivers/STM32H7xx_HAL_Driver/Src/stm32h7xx_hal_dma_ex.c ****   else /* BDMA instance(s) */
ARM GAS  C:\Users\l1234\AppData\Local\Temp\ccA9JKn0.s 			page 8


 373:Drivers/STM32H7xx_HAL_Driver/Src/stm32h7xx_hal_dma_ex.c ****   {
 374:Drivers/STM32H7xx_HAL_Driver/Src/stm32h7xx_hal_dma_ex.c ****     if(memory == MEMORY0)
 375:Drivers/STM32H7xx_HAL_Driver/Src/stm32h7xx_hal_dma_ex.c ****     {
 376:Drivers/STM32H7xx_HAL_Driver/Src/stm32h7xx_hal_dma_ex.c ****       /* change the memory0 address */
 377:Drivers/STM32H7xx_HAL_Driver/Src/stm32h7xx_hal_dma_ex.c ****       ((BDMA_Channel_TypeDef   *)hdma->Instance)->CM0AR = Address;
 378:Drivers/STM32H7xx_HAL_Driver/Src/stm32h7xx_hal_dma_ex.c ****     }
 379:Drivers/STM32H7xx_HAL_Driver/Src/stm32h7xx_hal_dma_ex.c ****     else
 380:Drivers/STM32H7xx_HAL_Driver/Src/stm32h7xx_hal_dma_ex.c ****     {
 381:Drivers/STM32H7xx_HAL_Driver/Src/stm32h7xx_hal_dma_ex.c ****       /* change the memory1 address */
 382:Drivers/STM32H7xx_HAL_Driver/Src/stm32h7xx_hal_dma_ex.c ****       ((BDMA_Channel_TypeDef   *)hdma->Instance)->CM1AR = Address;
 383:Drivers/STM32H7xx_HAL_Driver/Src/stm32h7xx_hal_dma_ex.c ****     }
 384:Drivers/STM32H7xx_HAL_Driver/Src/stm32h7xx_hal_dma_ex.c ****   }
 385:Drivers/STM32H7xx_HAL_Driver/Src/stm32h7xx_hal_dma_ex.c **** 
 386:Drivers/STM32H7xx_HAL_Driver/Src/stm32h7xx_hal_dma_ex.c ****   return HAL_OK;
 387:Drivers/STM32H7xx_HAL_Driver/Src/stm32h7xx_hal_dma_ex.c **** }
 388:Drivers/STM32H7xx_HAL_Driver/Src/stm32h7xx_hal_dma_ex.c **** 
 389:Drivers/STM32H7xx_HAL_Driver/Src/stm32h7xx_hal_dma_ex.c **** /**
 390:Drivers/STM32H7xx_HAL_Driver/Src/stm32h7xx_hal_dma_ex.c ****   * @brief  Configure the DMAMUX synchronization parameters for a given DMA stream (instance).
 391:Drivers/STM32H7xx_HAL_Driver/Src/stm32h7xx_hal_dma_ex.c ****   * @param  hdma:       pointer to a DMA_HandleTypeDef structure that contains
 392:Drivers/STM32H7xx_HAL_Driver/Src/stm32h7xx_hal_dma_ex.c ****   *                     the configuration information for the specified DMA Stream.
 393:Drivers/STM32H7xx_HAL_Driver/Src/stm32h7xx_hal_dma_ex.c ****   * @param  pSyncConfig : pointer to HAL_DMA_MuxSyncConfigTypeDef : contains the DMAMUX synchroniza
 394:Drivers/STM32H7xx_HAL_Driver/Src/stm32h7xx_hal_dma_ex.c ****   * @retval HAL status
 395:Drivers/STM32H7xx_HAL_Driver/Src/stm32h7xx_hal_dma_ex.c ****   */
 396:Drivers/STM32H7xx_HAL_Driver/Src/stm32h7xx_hal_dma_ex.c **** HAL_StatusTypeDef HAL_DMAEx_ConfigMuxSync(DMA_HandleTypeDef *hdma, HAL_DMA_MuxSyncConfigTypeDef *pS
 397:Drivers/STM32H7xx_HAL_Driver/Src/stm32h7xx_hal_dma_ex.c **** {
 398:Drivers/STM32H7xx_HAL_Driver/Src/stm32h7xx_hal_dma_ex.c ****   uint32_t syncSignalID = 0;
 399:Drivers/STM32H7xx_HAL_Driver/Src/stm32h7xx_hal_dma_ex.c ****   uint32_t syncPolarity = 0;
 400:Drivers/STM32H7xx_HAL_Driver/Src/stm32h7xx_hal_dma_ex.c **** 
 401:Drivers/STM32H7xx_HAL_Driver/Src/stm32h7xx_hal_dma_ex.c ****   /* Check the parameters */
 402:Drivers/STM32H7xx_HAL_Driver/Src/stm32h7xx_hal_dma_ex.c ****   assert_param(IS_DMA_DMAMUX_ALL_INSTANCE(hdma->Instance));
 403:Drivers/STM32H7xx_HAL_Driver/Src/stm32h7xx_hal_dma_ex.c ****   assert_param(IS_DMAMUX_SYNC_STATE(pSyncConfig->SyncEnable));
 404:Drivers/STM32H7xx_HAL_Driver/Src/stm32h7xx_hal_dma_ex.c ****   assert_param(IS_DMAMUX_SYNC_EVENT(pSyncConfig->EventEnable));
 405:Drivers/STM32H7xx_HAL_Driver/Src/stm32h7xx_hal_dma_ex.c ****   assert_param(IS_DMAMUX_SYNC_REQUEST_NUMBER(pSyncConfig->RequestNumber));
 406:Drivers/STM32H7xx_HAL_Driver/Src/stm32h7xx_hal_dma_ex.c **** 
 407:Drivers/STM32H7xx_HAL_Driver/Src/stm32h7xx_hal_dma_ex.c ****   if(pSyncConfig->SyncEnable == ENABLE)
 408:Drivers/STM32H7xx_HAL_Driver/Src/stm32h7xx_hal_dma_ex.c ****   {
 409:Drivers/STM32H7xx_HAL_Driver/Src/stm32h7xx_hal_dma_ex.c ****     assert_param(IS_DMAMUX_SYNC_POLARITY(pSyncConfig->SyncPolarity));
 410:Drivers/STM32H7xx_HAL_Driver/Src/stm32h7xx_hal_dma_ex.c **** 
 411:Drivers/STM32H7xx_HAL_Driver/Src/stm32h7xx_hal_dma_ex.c ****     if(IS_DMA_STREAM_INSTANCE(hdma->Instance) != 0U) /* DMA1 or DMA2 instance */
 412:Drivers/STM32H7xx_HAL_Driver/Src/stm32h7xx_hal_dma_ex.c ****     {
 413:Drivers/STM32H7xx_HAL_Driver/Src/stm32h7xx_hal_dma_ex.c ****       assert_param(IS_DMA_DMAMUX_SYNC_SIGNAL_ID(pSyncConfig->SyncSignalID));
 414:Drivers/STM32H7xx_HAL_Driver/Src/stm32h7xx_hal_dma_ex.c ****     }
 415:Drivers/STM32H7xx_HAL_Driver/Src/stm32h7xx_hal_dma_ex.c ****     else
 416:Drivers/STM32H7xx_HAL_Driver/Src/stm32h7xx_hal_dma_ex.c ****     {
 417:Drivers/STM32H7xx_HAL_Driver/Src/stm32h7xx_hal_dma_ex.c ****       assert_param(IS_BDMA_DMAMUX_SYNC_SIGNAL_ID(pSyncConfig->SyncSignalID));
 418:Drivers/STM32H7xx_HAL_Driver/Src/stm32h7xx_hal_dma_ex.c ****     }
 419:Drivers/STM32H7xx_HAL_Driver/Src/stm32h7xx_hal_dma_ex.c ****     syncSignalID = pSyncConfig->SyncSignalID;
 420:Drivers/STM32H7xx_HAL_Driver/Src/stm32h7xx_hal_dma_ex.c ****     syncPolarity = pSyncConfig->SyncPolarity;
 421:Drivers/STM32H7xx_HAL_Driver/Src/stm32h7xx_hal_dma_ex.c ****   }
 422:Drivers/STM32H7xx_HAL_Driver/Src/stm32h7xx_hal_dma_ex.c **** 
 423:Drivers/STM32H7xx_HAL_Driver/Src/stm32h7xx_hal_dma_ex.c ****   /*Check if the DMA state is ready */
 424:Drivers/STM32H7xx_HAL_Driver/Src/stm32h7xx_hal_dma_ex.c ****   if(hdma->State == HAL_DMA_STATE_READY)
 425:Drivers/STM32H7xx_HAL_Driver/Src/stm32h7xx_hal_dma_ex.c ****   {
 426:Drivers/STM32H7xx_HAL_Driver/Src/stm32h7xx_hal_dma_ex.c ****     /* Process Locked */
 427:Drivers/STM32H7xx_HAL_Driver/Src/stm32h7xx_hal_dma_ex.c ****     __HAL_LOCK(hdma);
 428:Drivers/STM32H7xx_HAL_Driver/Src/stm32h7xx_hal_dma_ex.c **** 
 429:Drivers/STM32H7xx_HAL_Driver/Src/stm32h7xx_hal_dma_ex.c ****     /* Disable the synchronization and event generation before applying a new config */
ARM GAS  C:\Users\l1234\AppData\Local\Temp\ccA9JKn0.s 			page 9


 430:Drivers/STM32H7xx_HAL_Driver/Src/stm32h7xx_hal_dma_ex.c ****     CLEAR_BIT(hdma->DMAmuxChannel->CCR,(DMAMUX_CxCR_SE | DMAMUX_CxCR_EGE));
 431:Drivers/STM32H7xx_HAL_Driver/Src/stm32h7xx_hal_dma_ex.c **** 
 432:Drivers/STM32H7xx_HAL_Driver/Src/stm32h7xx_hal_dma_ex.c ****     /* Set the new synchronization parameters (and keep the request ID filled during the Init)*/
 433:Drivers/STM32H7xx_HAL_Driver/Src/stm32h7xx_hal_dma_ex.c ****     MODIFY_REG( hdma->DMAmuxChannel->CCR, \
 434:Drivers/STM32H7xx_HAL_Driver/Src/stm32h7xx_hal_dma_ex.c ****                (~DMAMUX_CxCR_DMAREQ_ID) , \
 435:Drivers/STM32H7xx_HAL_Driver/Src/stm32h7xx_hal_dma_ex.c ****                (syncSignalID << DMAMUX_CxCR_SYNC_ID_Pos)       | \
 436:Drivers/STM32H7xx_HAL_Driver/Src/stm32h7xx_hal_dma_ex.c ****                ((pSyncConfig->RequestNumber - 1U) << DMAMUX_CxCR_NBREQ_Pos) | \
 437:Drivers/STM32H7xx_HAL_Driver/Src/stm32h7xx_hal_dma_ex.c ****                syncPolarity | ((uint32_t)pSyncConfig->SyncEnable << DMAMUX_CxCR_SE_Pos)    | \
 438:Drivers/STM32H7xx_HAL_Driver/Src/stm32h7xx_hal_dma_ex.c ****                ((uint32_t)pSyncConfig->EventEnable << DMAMUX_CxCR_EGE_Pos));
 439:Drivers/STM32H7xx_HAL_Driver/Src/stm32h7xx_hal_dma_ex.c **** 
 440:Drivers/STM32H7xx_HAL_Driver/Src/stm32h7xx_hal_dma_ex.c ****       /* Process Locked */
 441:Drivers/STM32H7xx_HAL_Driver/Src/stm32h7xx_hal_dma_ex.c ****     __HAL_UNLOCK(hdma);
 442:Drivers/STM32H7xx_HAL_Driver/Src/stm32h7xx_hal_dma_ex.c **** 
 443:Drivers/STM32H7xx_HAL_Driver/Src/stm32h7xx_hal_dma_ex.c ****     return HAL_OK;
 444:Drivers/STM32H7xx_HAL_Driver/Src/stm32h7xx_hal_dma_ex.c ****   }
 445:Drivers/STM32H7xx_HAL_Driver/Src/stm32h7xx_hal_dma_ex.c ****   else
 446:Drivers/STM32H7xx_HAL_Driver/Src/stm32h7xx_hal_dma_ex.c ****   {
 447:Drivers/STM32H7xx_HAL_Driver/Src/stm32h7xx_hal_dma_ex.c ****     /* Set the error code to busy */
 448:Drivers/STM32H7xx_HAL_Driver/Src/stm32h7xx_hal_dma_ex.c ****     hdma->ErrorCode = HAL_DMA_ERROR_BUSY;
 449:Drivers/STM32H7xx_HAL_Driver/Src/stm32h7xx_hal_dma_ex.c **** 
 450:Drivers/STM32H7xx_HAL_Driver/Src/stm32h7xx_hal_dma_ex.c ****     /* Return error status */
 451:Drivers/STM32H7xx_HAL_Driver/Src/stm32h7xx_hal_dma_ex.c ****     return HAL_ERROR;
 452:Drivers/STM32H7xx_HAL_Driver/Src/stm32h7xx_hal_dma_ex.c ****   }
 453:Drivers/STM32H7xx_HAL_Driver/Src/stm32h7xx_hal_dma_ex.c **** }
 454:Drivers/STM32H7xx_HAL_Driver/Src/stm32h7xx_hal_dma_ex.c **** 
 455:Drivers/STM32H7xx_HAL_Driver/Src/stm32h7xx_hal_dma_ex.c **** /**
 456:Drivers/STM32H7xx_HAL_Driver/Src/stm32h7xx_hal_dma_ex.c ****   * @brief  Configure the DMAMUX request generator block used by the given DMA stream (instance).
 457:Drivers/STM32H7xx_HAL_Driver/Src/stm32h7xx_hal_dma_ex.c ****   * @param  hdma:       pointer to a DMA_HandleTypeDef structure that contains
 458:Drivers/STM32H7xx_HAL_Driver/Src/stm32h7xx_hal_dma_ex.c ****   *                     the configuration information for the specified DMA Stream.
 459:Drivers/STM32H7xx_HAL_Driver/Src/stm32h7xx_hal_dma_ex.c ****   * @param  pRequestGeneratorConfig : pointer to HAL_DMA_MuxRequestGeneratorConfigTypeDef :
 460:Drivers/STM32H7xx_HAL_Driver/Src/stm32h7xx_hal_dma_ex.c ****   *         contains the request generator parameters.
 461:Drivers/STM32H7xx_HAL_Driver/Src/stm32h7xx_hal_dma_ex.c ****   *
 462:Drivers/STM32H7xx_HAL_Driver/Src/stm32h7xx_hal_dma_ex.c ****   * @retval HAL status
 463:Drivers/STM32H7xx_HAL_Driver/Src/stm32h7xx_hal_dma_ex.c ****   */
 464:Drivers/STM32H7xx_HAL_Driver/Src/stm32h7xx_hal_dma_ex.c **** HAL_StatusTypeDef HAL_DMAEx_ConfigMuxRequestGenerator (DMA_HandleTypeDef *hdma, HAL_DMA_MuxRequestG
 465:Drivers/STM32H7xx_HAL_Driver/Src/stm32h7xx_hal_dma_ex.c **** {
 466:Drivers/STM32H7xx_HAL_Driver/Src/stm32h7xx_hal_dma_ex.c ****   HAL_StatusTypeDef status;
 467:Drivers/STM32H7xx_HAL_Driver/Src/stm32h7xx_hal_dma_ex.c ****   HAL_DMA_StateTypeDef temp_state = hdma->State;
 468:Drivers/STM32H7xx_HAL_Driver/Src/stm32h7xx_hal_dma_ex.c **** 
 469:Drivers/STM32H7xx_HAL_Driver/Src/stm32h7xx_hal_dma_ex.c ****   /* Check the parameters */
 470:Drivers/STM32H7xx_HAL_Driver/Src/stm32h7xx_hal_dma_ex.c ****   assert_param(IS_DMA_DMAMUX_ALL_INSTANCE(hdma->Instance));
 471:Drivers/STM32H7xx_HAL_Driver/Src/stm32h7xx_hal_dma_ex.c **** 
 472:Drivers/STM32H7xx_HAL_Driver/Src/stm32h7xx_hal_dma_ex.c ****   if(IS_DMA_STREAM_INSTANCE(hdma->Instance) != 0U) /* DMA1 or DMA2 instance */
 473:Drivers/STM32H7xx_HAL_Driver/Src/stm32h7xx_hal_dma_ex.c ****   {
 474:Drivers/STM32H7xx_HAL_Driver/Src/stm32h7xx_hal_dma_ex.c ****     assert_param(IS_DMA_DMAMUX_REQUEST_GEN_SIGNAL_ID(pRequestGeneratorConfig->SignalID));
 475:Drivers/STM32H7xx_HAL_Driver/Src/stm32h7xx_hal_dma_ex.c ****   }
 476:Drivers/STM32H7xx_HAL_Driver/Src/stm32h7xx_hal_dma_ex.c ****   else
 477:Drivers/STM32H7xx_HAL_Driver/Src/stm32h7xx_hal_dma_ex.c ****   {
 478:Drivers/STM32H7xx_HAL_Driver/Src/stm32h7xx_hal_dma_ex.c ****     assert_param(IS_BDMA_DMAMUX_REQUEST_GEN_SIGNAL_ID(pRequestGeneratorConfig->SignalID));
 479:Drivers/STM32H7xx_HAL_Driver/Src/stm32h7xx_hal_dma_ex.c ****   }
 480:Drivers/STM32H7xx_HAL_Driver/Src/stm32h7xx_hal_dma_ex.c **** 
 481:Drivers/STM32H7xx_HAL_Driver/Src/stm32h7xx_hal_dma_ex.c **** 
 482:Drivers/STM32H7xx_HAL_Driver/Src/stm32h7xx_hal_dma_ex.c ****   assert_param(IS_DMAMUX_REQUEST_GEN_POLARITY(pRequestGeneratorConfig->Polarity));
 483:Drivers/STM32H7xx_HAL_Driver/Src/stm32h7xx_hal_dma_ex.c ****   assert_param(IS_DMAMUX_REQUEST_GEN_REQUEST_NUMBER(pRequestGeneratorConfig->RequestNumber));
 484:Drivers/STM32H7xx_HAL_Driver/Src/stm32h7xx_hal_dma_ex.c **** 
 485:Drivers/STM32H7xx_HAL_Driver/Src/stm32h7xx_hal_dma_ex.c ****   /* check if the DMA state is ready
 486:Drivers/STM32H7xx_HAL_Driver/Src/stm32h7xx_hal_dma_ex.c ****      and DMA is using a DMAMUX request generator block
ARM GAS  C:\Users\l1234\AppData\Local\Temp\ccA9JKn0.s 			page 10


 487:Drivers/STM32H7xx_HAL_Driver/Src/stm32h7xx_hal_dma_ex.c ****   */
 488:Drivers/STM32H7xx_HAL_Driver/Src/stm32h7xx_hal_dma_ex.c ****   if(hdma->DMAmuxRequestGen == 0U)
 489:Drivers/STM32H7xx_HAL_Driver/Src/stm32h7xx_hal_dma_ex.c ****   {
 490:Drivers/STM32H7xx_HAL_Driver/Src/stm32h7xx_hal_dma_ex.c ****     /* Set the error code to busy */
 491:Drivers/STM32H7xx_HAL_Driver/Src/stm32h7xx_hal_dma_ex.c ****     hdma->ErrorCode = HAL_DMA_ERROR_PARAM;
 492:Drivers/STM32H7xx_HAL_Driver/Src/stm32h7xx_hal_dma_ex.c **** 
 493:Drivers/STM32H7xx_HAL_Driver/Src/stm32h7xx_hal_dma_ex.c ****     /* error status */
 494:Drivers/STM32H7xx_HAL_Driver/Src/stm32h7xx_hal_dma_ex.c ****     status = HAL_ERROR;
 495:Drivers/STM32H7xx_HAL_Driver/Src/stm32h7xx_hal_dma_ex.c ****   }
 496:Drivers/STM32H7xx_HAL_Driver/Src/stm32h7xx_hal_dma_ex.c ****   else if(((hdma->DMAmuxRequestGen->RGCR & DMAMUX_RGxCR_GE) == 0U) && (temp_state == HAL_DMA_STATE_
 497:Drivers/STM32H7xx_HAL_Driver/Src/stm32h7xx_hal_dma_ex.c ****   {
 498:Drivers/STM32H7xx_HAL_Driver/Src/stm32h7xx_hal_dma_ex.c ****     /* RequestGenerator must be disable prior to the configuration i.e GE bit is 0 */
 499:Drivers/STM32H7xx_HAL_Driver/Src/stm32h7xx_hal_dma_ex.c **** 
 500:Drivers/STM32H7xx_HAL_Driver/Src/stm32h7xx_hal_dma_ex.c ****     /* Process Locked */
 501:Drivers/STM32H7xx_HAL_Driver/Src/stm32h7xx_hal_dma_ex.c ****     __HAL_LOCK(hdma);
 502:Drivers/STM32H7xx_HAL_Driver/Src/stm32h7xx_hal_dma_ex.c **** 
 503:Drivers/STM32H7xx_HAL_Driver/Src/stm32h7xx_hal_dma_ex.c ****     /* Set the request generator new parameters */
 504:Drivers/STM32H7xx_HAL_Driver/Src/stm32h7xx_hal_dma_ex.c ****     hdma->DMAmuxRequestGen->RGCR = pRequestGeneratorConfig->SignalID | \
 505:Drivers/STM32H7xx_HAL_Driver/Src/stm32h7xx_hal_dma_ex.c ****                                   ((pRequestGeneratorConfig->RequestNumber - 1U) << DMAMUX_RGxCR_GN
 506:Drivers/STM32H7xx_HAL_Driver/Src/stm32h7xx_hal_dma_ex.c ****                                   pRequestGeneratorConfig->Polarity;
 507:Drivers/STM32H7xx_HAL_Driver/Src/stm32h7xx_hal_dma_ex.c ****     /* Process Locked */
 508:Drivers/STM32H7xx_HAL_Driver/Src/stm32h7xx_hal_dma_ex.c ****     __HAL_UNLOCK(hdma);
 509:Drivers/STM32H7xx_HAL_Driver/Src/stm32h7xx_hal_dma_ex.c **** 
 510:Drivers/STM32H7xx_HAL_Driver/Src/stm32h7xx_hal_dma_ex.c ****     return HAL_OK;
 511:Drivers/STM32H7xx_HAL_Driver/Src/stm32h7xx_hal_dma_ex.c ****   }
 512:Drivers/STM32H7xx_HAL_Driver/Src/stm32h7xx_hal_dma_ex.c ****   else
 513:Drivers/STM32H7xx_HAL_Driver/Src/stm32h7xx_hal_dma_ex.c ****   {
 514:Drivers/STM32H7xx_HAL_Driver/Src/stm32h7xx_hal_dma_ex.c ****     /* Set the error code to busy */
 515:Drivers/STM32H7xx_HAL_Driver/Src/stm32h7xx_hal_dma_ex.c ****     hdma->ErrorCode = HAL_DMA_ERROR_BUSY;
 516:Drivers/STM32H7xx_HAL_Driver/Src/stm32h7xx_hal_dma_ex.c **** 
 517:Drivers/STM32H7xx_HAL_Driver/Src/stm32h7xx_hal_dma_ex.c ****     /* error status */
 518:Drivers/STM32H7xx_HAL_Driver/Src/stm32h7xx_hal_dma_ex.c ****     status = HAL_ERROR;
 519:Drivers/STM32H7xx_HAL_Driver/Src/stm32h7xx_hal_dma_ex.c ****   }
 520:Drivers/STM32H7xx_HAL_Driver/Src/stm32h7xx_hal_dma_ex.c **** 
 521:Drivers/STM32H7xx_HAL_Driver/Src/stm32h7xx_hal_dma_ex.c ****   return status;
 522:Drivers/STM32H7xx_HAL_Driver/Src/stm32h7xx_hal_dma_ex.c **** }
 523:Drivers/STM32H7xx_HAL_Driver/Src/stm32h7xx_hal_dma_ex.c **** 
 524:Drivers/STM32H7xx_HAL_Driver/Src/stm32h7xx_hal_dma_ex.c **** /**
 525:Drivers/STM32H7xx_HAL_Driver/Src/stm32h7xx_hal_dma_ex.c ****   * @brief  Enable the DMAMUX request generator block used by the given DMA stream (instance).
 526:Drivers/STM32H7xx_HAL_Driver/Src/stm32h7xx_hal_dma_ex.c ****   * @param  hdma:       pointer to a DMA_HandleTypeDef structure that contains
 527:Drivers/STM32H7xx_HAL_Driver/Src/stm32h7xx_hal_dma_ex.c ****   *                     the configuration information for the specified DMA Stream.
 528:Drivers/STM32H7xx_HAL_Driver/Src/stm32h7xx_hal_dma_ex.c ****   * @retval HAL status
 529:Drivers/STM32H7xx_HAL_Driver/Src/stm32h7xx_hal_dma_ex.c ****   */
 530:Drivers/STM32H7xx_HAL_Driver/Src/stm32h7xx_hal_dma_ex.c **** HAL_StatusTypeDef HAL_DMAEx_EnableMuxRequestGenerator (DMA_HandleTypeDef *hdma)
 531:Drivers/STM32H7xx_HAL_Driver/Src/stm32h7xx_hal_dma_ex.c **** {
 532:Drivers/STM32H7xx_HAL_Driver/Src/stm32h7xx_hal_dma_ex.c ****   /* Check the parameters */
 533:Drivers/STM32H7xx_HAL_Driver/Src/stm32h7xx_hal_dma_ex.c ****   assert_param(IS_DMA_DMAMUX_ALL_INSTANCE(hdma->Instance));
 534:Drivers/STM32H7xx_HAL_Driver/Src/stm32h7xx_hal_dma_ex.c **** 
 535:Drivers/STM32H7xx_HAL_Driver/Src/stm32h7xx_hal_dma_ex.c ****   /* check if the DMA state is ready
 536:Drivers/STM32H7xx_HAL_Driver/Src/stm32h7xx_hal_dma_ex.c ****      and DMA is using a DMAMUX request generator block */
 537:Drivers/STM32H7xx_HAL_Driver/Src/stm32h7xx_hal_dma_ex.c ****   if((hdma->State != HAL_DMA_STATE_RESET) && (hdma->DMAmuxRequestGen != 0U))
 538:Drivers/STM32H7xx_HAL_Driver/Src/stm32h7xx_hal_dma_ex.c ****   {
 539:Drivers/STM32H7xx_HAL_Driver/Src/stm32h7xx_hal_dma_ex.c ****     /* Enable the request generator*/
 540:Drivers/STM32H7xx_HAL_Driver/Src/stm32h7xx_hal_dma_ex.c ****     hdma->DMAmuxRequestGen->RGCR |= DMAMUX_RGxCR_GE;
 541:Drivers/STM32H7xx_HAL_Driver/Src/stm32h7xx_hal_dma_ex.c **** 
 542:Drivers/STM32H7xx_HAL_Driver/Src/stm32h7xx_hal_dma_ex.c ****    return HAL_OK;
 543:Drivers/STM32H7xx_HAL_Driver/Src/stm32h7xx_hal_dma_ex.c ****  }
ARM GAS  C:\Users\l1234\AppData\Local\Temp\ccA9JKn0.s 			page 11


 544:Drivers/STM32H7xx_HAL_Driver/Src/stm32h7xx_hal_dma_ex.c ****  else
 545:Drivers/STM32H7xx_HAL_Driver/Src/stm32h7xx_hal_dma_ex.c ****  {
 546:Drivers/STM32H7xx_HAL_Driver/Src/stm32h7xx_hal_dma_ex.c ****    return HAL_ERROR;
 547:Drivers/STM32H7xx_HAL_Driver/Src/stm32h7xx_hal_dma_ex.c ****  }
 548:Drivers/STM32H7xx_HAL_Driver/Src/stm32h7xx_hal_dma_ex.c **** }
 549:Drivers/STM32H7xx_HAL_Driver/Src/stm32h7xx_hal_dma_ex.c **** 
 550:Drivers/STM32H7xx_HAL_Driver/Src/stm32h7xx_hal_dma_ex.c **** /**
 551:Drivers/STM32H7xx_HAL_Driver/Src/stm32h7xx_hal_dma_ex.c ****   * @brief  Disable the DMAMUX request generator block used by the given DMA stream (instance).
 552:Drivers/STM32H7xx_HAL_Driver/Src/stm32h7xx_hal_dma_ex.c ****   * @param  hdma:       pointer to a DMA_HandleTypeDef structure that contains
 553:Drivers/STM32H7xx_HAL_Driver/Src/stm32h7xx_hal_dma_ex.c ****   *                     the configuration information for the specified DMA Stream.
 554:Drivers/STM32H7xx_HAL_Driver/Src/stm32h7xx_hal_dma_ex.c ****   * @retval HAL status
 555:Drivers/STM32H7xx_HAL_Driver/Src/stm32h7xx_hal_dma_ex.c ****   */
 556:Drivers/STM32H7xx_HAL_Driver/Src/stm32h7xx_hal_dma_ex.c **** HAL_StatusTypeDef HAL_DMAEx_DisableMuxRequestGenerator (DMA_HandleTypeDef *hdma)
 557:Drivers/STM32H7xx_HAL_Driver/Src/stm32h7xx_hal_dma_ex.c **** {
 558:Drivers/STM32H7xx_HAL_Driver/Src/stm32h7xx_hal_dma_ex.c ****   /* Check the parameters */
 559:Drivers/STM32H7xx_HAL_Driver/Src/stm32h7xx_hal_dma_ex.c ****   assert_param(IS_DMA_DMAMUX_ALL_INSTANCE(hdma->Instance));
 560:Drivers/STM32H7xx_HAL_Driver/Src/stm32h7xx_hal_dma_ex.c **** 
 561:Drivers/STM32H7xx_HAL_Driver/Src/stm32h7xx_hal_dma_ex.c ****   /* check if the DMA state is ready
 562:Drivers/STM32H7xx_HAL_Driver/Src/stm32h7xx_hal_dma_ex.c ****      and DMA is using a DMAMUX request generator block */
 563:Drivers/STM32H7xx_HAL_Driver/Src/stm32h7xx_hal_dma_ex.c ****   if((hdma->State != HAL_DMA_STATE_RESET) && (hdma->DMAmuxRequestGen != 0U))
 564:Drivers/STM32H7xx_HAL_Driver/Src/stm32h7xx_hal_dma_ex.c ****   {
 565:Drivers/STM32H7xx_HAL_Driver/Src/stm32h7xx_hal_dma_ex.c ****     /* Disable the request generator*/
 566:Drivers/STM32H7xx_HAL_Driver/Src/stm32h7xx_hal_dma_ex.c ****     hdma->DMAmuxRequestGen->RGCR &= ~DMAMUX_RGxCR_GE;
 567:Drivers/STM32H7xx_HAL_Driver/Src/stm32h7xx_hal_dma_ex.c **** 
 568:Drivers/STM32H7xx_HAL_Driver/Src/stm32h7xx_hal_dma_ex.c ****    return HAL_OK;
 569:Drivers/STM32H7xx_HAL_Driver/Src/stm32h7xx_hal_dma_ex.c ****  }
 570:Drivers/STM32H7xx_HAL_Driver/Src/stm32h7xx_hal_dma_ex.c ****  else
 571:Drivers/STM32H7xx_HAL_Driver/Src/stm32h7xx_hal_dma_ex.c ****  {
 572:Drivers/STM32H7xx_HAL_Driver/Src/stm32h7xx_hal_dma_ex.c ****    return HAL_ERROR;
 573:Drivers/STM32H7xx_HAL_Driver/Src/stm32h7xx_hal_dma_ex.c ****  }
 574:Drivers/STM32H7xx_HAL_Driver/Src/stm32h7xx_hal_dma_ex.c **** }
 575:Drivers/STM32H7xx_HAL_Driver/Src/stm32h7xx_hal_dma_ex.c **** 
 576:Drivers/STM32H7xx_HAL_Driver/Src/stm32h7xx_hal_dma_ex.c **** /**
 577:Drivers/STM32H7xx_HAL_Driver/Src/stm32h7xx_hal_dma_ex.c ****   * @brief  Handles DMAMUX interrupt request.
 578:Drivers/STM32H7xx_HAL_Driver/Src/stm32h7xx_hal_dma_ex.c ****   * @param  hdma: pointer to a DMA_HandleTypeDef structure that contains
 579:Drivers/STM32H7xx_HAL_Driver/Src/stm32h7xx_hal_dma_ex.c ****   *               the configuration information for the specified DMA Stream.
 580:Drivers/STM32H7xx_HAL_Driver/Src/stm32h7xx_hal_dma_ex.c ****   * @retval None
 581:Drivers/STM32H7xx_HAL_Driver/Src/stm32h7xx_hal_dma_ex.c ****   */
 582:Drivers/STM32H7xx_HAL_Driver/Src/stm32h7xx_hal_dma_ex.c **** void HAL_DMAEx_MUX_IRQHandler(DMA_HandleTypeDef *hdma)
 583:Drivers/STM32H7xx_HAL_Driver/Src/stm32h7xx_hal_dma_ex.c **** {
 584:Drivers/STM32H7xx_HAL_Driver/Src/stm32h7xx_hal_dma_ex.c ****   /* Check for DMAMUX Synchronization overrun */
 585:Drivers/STM32H7xx_HAL_Driver/Src/stm32h7xx_hal_dma_ex.c ****   if((hdma->DMAmuxChannelStatus->CSR & hdma->DMAmuxChannelStatusMask) != 0U)
 586:Drivers/STM32H7xx_HAL_Driver/Src/stm32h7xx_hal_dma_ex.c ****   {
 587:Drivers/STM32H7xx_HAL_Driver/Src/stm32h7xx_hal_dma_ex.c ****     /* Disable the synchro overrun interrupt */
 588:Drivers/STM32H7xx_HAL_Driver/Src/stm32h7xx_hal_dma_ex.c ****     hdma->DMAmuxChannel->CCR &= ~DMAMUX_CxCR_SOIE;
 589:Drivers/STM32H7xx_HAL_Driver/Src/stm32h7xx_hal_dma_ex.c **** 
 590:Drivers/STM32H7xx_HAL_Driver/Src/stm32h7xx_hal_dma_ex.c ****     /* Clear the DMAMUX synchro overrun flag */
 591:Drivers/STM32H7xx_HAL_Driver/Src/stm32h7xx_hal_dma_ex.c ****     hdma->DMAmuxChannelStatus->CFR = hdma->DMAmuxChannelStatusMask;
 592:Drivers/STM32H7xx_HAL_Driver/Src/stm32h7xx_hal_dma_ex.c **** 
 593:Drivers/STM32H7xx_HAL_Driver/Src/stm32h7xx_hal_dma_ex.c ****     /* Update error code */
 594:Drivers/STM32H7xx_HAL_Driver/Src/stm32h7xx_hal_dma_ex.c ****     hdma->ErrorCode |= HAL_DMA_ERROR_SYNC;
 595:Drivers/STM32H7xx_HAL_Driver/Src/stm32h7xx_hal_dma_ex.c **** 
 596:Drivers/STM32H7xx_HAL_Driver/Src/stm32h7xx_hal_dma_ex.c ****     if(hdma->XferErrorCallback != NULL)
 597:Drivers/STM32H7xx_HAL_Driver/Src/stm32h7xx_hal_dma_ex.c ****     {
 598:Drivers/STM32H7xx_HAL_Driver/Src/stm32h7xx_hal_dma_ex.c ****       /* Transfer error callback */
 599:Drivers/STM32H7xx_HAL_Driver/Src/stm32h7xx_hal_dma_ex.c ****       hdma->XferErrorCallback(hdma);
 600:Drivers/STM32H7xx_HAL_Driver/Src/stm32h7xx_hal_dma_ex.c ****     }
ARM GAS  C:\Users\l1234\AppData\Local\Temp\ccA9JKn0.s 			page 12


 601:Drivers/STM32H7xx_HAL_Driver/Src/stm32h7xx_hal_dma_ex.c ****   }
 602:Drivers/STM32H7xx_HAL_Driver/Src/stm32h7xx_hal_dma_ex.c **** 
 603:Drivers/STM32H7xx_HAL_Driver/Src/stm32h7xx_hal_dma_ex.c ****   if(hdma->DMAmuxRequestGen != 0)
 604:Drivers/STM32H7xx_HAL_Driver/Src/stm32h7xx_hal_dma_ex.c ****   {
 605:Drivers/STM32H7xx_HAL_Driver/Src/stm32h7xx_hal_dma_ex.c ****    /* if using a DMAMUX request generator block Check for DMAMUX request generator overrun */
 606:Drivers/STM32H7xx_HAL_Driver/Src/stm32h7xx_hal_dma_ex.c ****     if((hdma->DMAmuxRequestGenStatus->RGSR & hdma->DMAmuxRequestGenStatusMask) != 0U)
 607:Drivers/STM32H7xx_HAL_Driver/Src/stm32h7xx_hal_dma_ex.c ****     {
 608:Drivers/STM32H7xx_HAL_Driver/Src/stm32h7xx_hal_dma_ex.c ****       /* Disable the request gen overrun interrupt */
 609:Drivers/STM32H7xx_HAL_Driver/Src/stm32h7xx_hal_dma_ex.c ****       hdma->DMAmuxRequestGen->RGCR &= ~DMAMUX_RGxCR_OIE;
 610:Drivers/STM32H7xx_HAL_Driver/Src/stm32h7xx_hal_dma_ex.c **** 
 611:Drivers/STM32H7xx_HAL_Driver/Src/stm32h7xx_hal_dma_ex.c ****       /* Clear the DMAMUX request generator overrun flag */
 612:Drivers/STM32H7xx_HAL_Driver/Src/stm32h7xx_hal_dma_ex.c ****       hdma->DMAmuxRequestGenStatus->RGCFR = hdma->DMAmuxRequestGenStatusMask;
 613:Drivers/STM32H7xx_HAL_Driver/Src/stm32h7xx_hal_dma_ex.c **** 
 614:Drivers/STM32H7xx_HAL_Driver/Src/stm32h7xx_hal_dma_ex.c ****       /* Update error code */
 615:Drivers/STM32H7xx_HAL_Driver/Src/stm32h7xx_hal_dma_ex.c ****       hdma->ErrorCode |= HAL_DMA_ERROR_REQGEN;
 616:Drivers/STM32H7xx_HAL_Driver/Src/stm32h7xx_hal_dma_ex.c **** 
 617:Drivers/STM32H7xx_HAL_Driver/Src/stm32h7xx_hal_dma_ex.c ****       if(hdma->XferErrorCallback != NULL)
 618:Drivers/STM32H7xx_HAL_Driver/Src/stm32h7xx_hal_dma_ex.c ****       {
 619:Drivers/STM32H7xx_HAL_Driver/Src/stm32h7xx_hal_dma_ex.c ****         /* Transfer error callback */
 620:Drivers/STM32H7xx_HAL_Driver/Src/stm32h7xx_hal_dma_ex.c ****         hdma->XferErrorCallback(hdma);
 621:Drivers/STM32H7xx_HAL_Driver/Src/stm32h7xx_hal_dma_ex.c ****       }
 622:Drivers/STM32H7xx_HAL_Driver/Src/stm32h7xx_hal_dma_ex.c ****     }
 623:Drivers/STM32H7xx_HAL_Driver/Src/stm32h7xx_hal_dma_ex.c ****   }
 624:Drivers/STM32H7xx_HAL_Driver/Src/stm32h7xx_hal_dma_ex.c **** }
 625:Drivers/STM32H7xx_HAL_Driver/Src/stm32h7xx_hal_dma_ex.c **** 
 626:Drivers/STM32H7xx_HAL_Driver/Src/stm32h7xx_hal_dma_ex.c **** 
 627:Drivers/STM32H7xx_HAL_Driver/Src/stm32h7xx_hal_dma_ex.c **** /**
 628:Drivers/STM32H7xx_HAL_Driver/Src/stm32h7xx_hal_dma_ex.c ****   * @}
 629:Drivers/STM32H7xx_HAL_Driver/Src/stm32h7xx_hal_dma_ex.c ****   */
 630:Drivers/STM32H7xx_HAL_Driver/Src/stm32h7xx_hal_dma_ex.c **** 
 631:Drivers/STM32H7xx_HAL_Driver/Src/stm32h7xx_hal_dma_ex.c **** /**
 632:Drivers/STM32H7xx_HAL_Driver/Src/stm32h7xx_hal_dma_ex.c ****   * @}
 633:Drivers/STM32H7xx_HAL_Driver/Src/stm32h7xx_hal_dma_ex.c ****   */
 634:Drivers/STM32H7xx_HAL_Driver/Src/stm32h7xx_hal_dma_ex.c **** 
 635:Drivers/STM32H7xx_HAL_Driver/Src/stm32h7xx_hal_dma_ex.c **** /** @addtogroup DMAEx_Private_Functions
 636:Drivers/STM32H7xx_HAL_Driver/Src/stm32h7xx_hal_dma_ex.c ****   * @{
 637:Drivers/STM32H7xx_HAL_Driver/Src/stm32h7xx_hal_dma_ex.c ****   */
 638:Drivers/STM32H7xx_HAL_Driver/Src/stm32h7xx_hal_dma_ex.c **** 
 639:Drivers/STM32H7xx_HAL_Driver/Src/stm32h7xx_hal_dma_ex.c **** /**
 640:Drivers/STM32H7xx_HAL_Driver/Src/stm32h7xx_hal_dma_ex.c ****   * @brief  Set the DMA Transfer parameter.
 641:Drivers/STM32H7xx_HAL_Driver/Src/stm32h7xx_hal_dma_ex.c ****   * @param  hdma:       pointer to a DMA_HandleTypeDef structure that contains
 642:Drivers/STM32H7xx_HAL_Driver/Src/stm32h7xx_hal_dma_ex.c ****   *                     the configuration information for the specified DMA Stream.
 643:Drivers/STM32H7xx_HAL_Driver/Src/stm32h7xx_hal_dma_ex.c ****   * @param  SrcAddress: The source memory Buffer address
 644:Drivers/STM32H7xx_HAL_Driver/Src/stm32h7xx_hal_dma_ex.c ****   * @param  DstAddress: The destination memory Buffer address
 645:Drivers/STM32H7xx_HAL_Driver/Src/stm32h7xx_hal_dma_ex.c ****   * @param  DataLength: The length of data to be transferred from source to destination
 646:Drivers/STM32H7xx_HAL_Driver/Src/stm32h7xx_hal_dma_ex.c ****   * @retval HAL status
 647:Drivers/STM32H7xx_HAL_Driver/Src/stm32h7xx_hal_dma_ex.c ****   */
 648:Drivers/STM32H7xx_HAL_Driver/Src/stm32h7xx_hal_dma_ex.c **** static void DMA_MultiBufferSetConfig(DMA_HandleTypeDef *hdma, uint32_t SrcAddress, uint32_t DstAddr
 649:Drivers/STM32H7xx_HAL_Driver/Src/stm32h7xx_hal_dma_ex.c **** {
  29              		.loc 1 649 1 view -0
  30              		.cfi_startproc
  31              		@ args = 0, pretend = 0, frame = 0
  32              		@ frame_needed = 0, uses_anonymous_args = 0
  33              		@ link register save eliminated.
 650:Drivers/STM32H7xx_HAL_Driver/Src/stm32h7xx_hal_dma_ex.c ****   if(IS_DMA_STREAM_INSTANCE(hdma->Instance) != 0U) /* DMA1 or DMA2 instance */
  34              		.loc 1 650 3 view .LVU1
 649:Drivers/STM32H7xx_HAL_Driver/Src/stm32h7xx_hal_dma_ex.c ****   if(IS_DMA_STREAM_INSTANCE(hdma->Instance) != 0U) /* DMA1 or DMA2 instance */
ARM GAS  C:\Users\l1234\AppData\Local\Temp\ccA9JKn0.s 			page 13


  35              		.loc 1 649 1 is_stmt 0 view .LVU2
  36 0000 70B4     		push	{r4, r5, r6}
  37              	.LCFI0:
  38              		.cfi_def_cfa_offset 12
  39              		.cfi_offset 4, -12
  40              		.cfi_offset 5, -8
  41              		.cfi_offset 6, -4
 651:Drivers/STM32H7xx_HAL_Driver/Src/stm32h7xx_hal_dma_ex.c ****   {
 652:Drivers/STM32H7xx_HAL_Driver/Src/stm32h7xx_hal_dma_ex.c ****     /* Configure DMA Stream data length */
 653:Drivers/STM32H7xx_HAL_Driver/Src/stm32h7xx_hal_dma_ex.c ****     ((DMA_Stream_TypeDef   *)hdma->Instance)->NDTR = DataLength;
 654:Drivers/STM32H7xx_HAL_Driver/Src/stm32h7xx_hal_dma_ex.c **** 
 655:Drivers/STM32H7xx_HAL_Driver/Src/stm32h7xx_hal_dma_ex.c ****     /* Peripheral to Memory */
 656:Drivers/STM32H7xx_HAL_Driver/Src/stm32h7xx_hal_dma_ex.c ****     if((hdma->Init.Direction) == DMA_MEMORY_TO_PERIPH)
  42              		.loc 1 656 19 view .LVU3
  43 0002 8568     		ldr	r5, [r0, #8]
 650:Drivers/STM32H7xx_HAL_Driver/Src/stm32h7xx_hal_dma_ex.c ****   {
  44              		.loc 1 650 6 view .LVU4
  45 0004 0468     		ldr	r4, [r0]
  46              		.loc 1 656 7 view .LVU5
  47 0006 402D     		cmp	r5, #64
 653:Drivers/STM32H7xx_HAL_Driver/Src/stm32h7xx_hal_dma_ex.c **** 
  48              		.loc 1 653 52 view .LVU6
  49 0008 6360     		str	r3, [r4, #4]
 653:Drivers/STM32H7xx_HAL_Driver/Src/stm32h7xx_hal_dma_ex.c **** 
  50              		.loc 1 653 5 is_stmt 1 view .LVU7
  51              		.loc 1 656 5 view .LVU8
  52              		.loc 1 656 7 is_stmt 0 view .LVU9
  53 000a 03D0     		beq	.L11
 657:Drivers/STM32H7xx_HAL_Driver/Src/stm32h7xx_hal_dma_ex.c ****     {
 658:Drivers/STM32H7xx_HAL_Driver/Src/stm32h7xx_hal_dma_ex.c ****       /* Configure DMA Stream destination address */
 659:Drivers/STM32H7xx_HAL_Driver/Src/stm32h7xx_hal_dma_ex.c ****       ((DMA_Stream_TypeDef   *)hdma->Instance)->PAR = DstAddress;
 660:Drivers/STM32H7xx_HAL_Driver/Src/stm32h7xx_hal_dma_ex.c **** 
 661:Drivers/STM32H7xx_HAL_Driver/Src/stm32h7xx_hal_dma_ex.c ****       /* Configure DMA Stream source address */
 662:Drivers/STM32H7xx_HAL_Driver/Src/stm32h7xx_hal_dma_ex.c ****       ((DMA_Stream_TypeDef   *)hdma->Instance)->M0AR = SrcAddress;
 663:Drivers/STM32H7xx_HAL_Driver/Src/stm32h7xx_hal_dma_ex.c ****     }
 664:Drivers/STM32H7xx_HAL_Driver/Src/stm32h7xx_hal_dma_ex.c ****     /* Memory to Peripheral */
 665:Drivers/STM32H7xx_HAL_Driver/Src/stm32h7xx_hal_dma_ex.c ****     else
 666:Drivers/STM32H7xx_HAL_Driver/Src/stm32h7xx_hal_dma_ex.c ****     {
 667:Drivers/STM32H7xx_HAL_Driver/Src/stm32h7xx_hal_dma_ex.c ****       /* Configure DMA Stream source address */
 668:Drivers/STM32H7xx_HAL_Driver/Src/stm32h7xx_hal_dma_ex.c ****       ((DMA_Stream_TypeDef   *)hdma->Instance)->PAR = SrcAddress;
 669:Drivers/STM32H7xx_HAL_Driver/Src/stm32h7xx_hal_dma_ex.c **** 
 670:Drivers/STM32H7xx_HAL_Driver/Src/stm32h7xx_hal_dma_ex.c ****       /* Configure DMA Stream destination address */
 671:Drivers/STM32H7xx_HAL_Driver/Src/stm32h7xx_hal_dma_ex.c ****       ((DMA_Stream_TypeDef   *)hdma->Instance)->M0AR = DstAddress;
 672:Drivers/STM32H7xx_HAL_Driver/Src/stm32h7xx_hal_dma_ex.c ****     }
 673:Drivers/STM32H7xx_HAL_Driver/Src/stm32h7xx_hal_dma_ex.c ****   }
 674:Drivers/STM32H7xx_HAL_Driver/Src/stm32h7xx_hal_dma_ex.c ****   else /* BDMA instance(s) */
 675:Drivers/STM32H7xx_HAL_Driver/Src/stm32h7xx_hal_dma_ex.c ****   {
 676:Drivers/STM32H7xx_HAL_Driver/Src/stm32h7xx_hal_dma_ex.c ****     /* Configure DMA Stream data length */
 677:Drivers/STM32H7xx_HAL_Driver/Src/stm32h7xx_hal_dma_ex.c ****     ((BDMA_Channel_TypeDef   *)hdma->Instance)->CNDTR = DataLength;
 678:Drivers/STM32H7xx_HAL_Driver/Src/stm32h7xx_hal_dma_ex.c **** 
 679:Drivers/STM32H7xx_HAL_Driver/Src/stm32h7xx_hal_dma_ex.c ****     /* Peripheral to Memory */
 680:Drivers/STM32H7xx_HAL_Driver/Src/stm32h7xx_hal_dma_ex.c ****     if((hdma->Init.Direction) == DMA_MEMORY_TO_PERIPH)
 681:Drivers/STM32H7xx_HAL_Driver/Src/stm32h7xx_hal_dma_ex.c ****     {
 682:Drivers/STM32H7xx_HAL_Driver/Src/stm32h7xx_hal_dma_ex.c ****       /* Configure DMA Stream destination address */
 683:Drivers/STM32H7xx_HAL_Driver/Src/stm32h7xx_hal_dma_ex.c ****       ((BDMA_Channel_TypeDef   *)hdma->Instance)->CPAR = DstAddress;
 684:Drivers/STM32H7xx_HAL_Driver/Src/stm32h7xx_hal_dma_ex.c **** 
 685:Drivers/STM32H7xx_HAL_Driver/Src/stm32h7xx_hal_dma_ex.c ****       /* Configure DMA Stream source address */
ARM GAS  C:\Users\l1234\AppData\Local\Temp\ccA9JKn0.s 			page 14


 686:Drivers/STM32H7xx_HAL_Driver/Src/stm32h7xx_hal_dma_ex.c ****       ((BDMA_Channel_TypeDef   *)hdma->Instance)->CM0AR = SrcAddress;
 687:Drivers/STM32H7xx_HAL_Driver/Src/stm32h7xx_hal_dma_ex.c ****     }
 688:Drivers/STM32H7xx_HAL_Driver/Src/stm32h7xx_hal_dma_ex.c ****     /* Memory to Peripheral */
 689:Drivers/STM32H7xx_HAL_Driver/Src/stm32h7xx_hal_dma_ex.c ****     else
 690:Drivers/STM32H7xx_HAL_Driver/Src/stm32h7xx_hal_dma_ex.c ****     {
 691:Drivers/STM32H7xx_HAL_Driver/Src/stm32h7xx_hal_dma_ex.c ****       /* Configure DMA Stream source address */
 692:Drivers/STM32H7xx_HAL_Driver/Src/stm32h7xx_hal_dma_ex.c ****       ((BDMA_Channel_TypeDef   *)hdma->Instance)->CPAR = SrcAddress;
  54              		.loc 1 692 7 is_stmt 1 view .LVU10
  55              		.loc 1 692 56 is_stmt 0 view .LVU11
  56 000c A160     		str	r1, [r4, #8]
 693:Drivers/STM32H7xx_HAL_Driver/Src/stm32h7xx_hal_dma_ex.c **** 
 694:Drivers/STM32H7xx_HAL_Driver/Src/stm32h7xx_hal_dma_ex.c ****       /* Configure DMA Stream destination address */
 695:Drivers/STM32H7xx_HAL_Driver/Src/stm32h7xx_hal_dma_ex.c ****       ((BDMA_Channel_TypeDef   *)hdma->Instance)->CM0AR = DstAddress;
  57              		.loc 1 695 7 is_stmt 1 view .LVU12
  58              		.loc 1 695 57 is_stmt 0 view .LVU13
  59 000e E260     		str	r2, [r4, #12]
 696:Drivers/STM32H7xx_HAL_Driver/Src/stm32h7xx_hal_dma_ex.c ****     }
 697:Drivers/STM32H7xx_HAL_Driver/Src/stm32h7xx_hal_dma_ex.c ****   }
 698:Drivers/STM32H7xx_HAL_Driver/Src/stm32h7xx_hal_dma_ex.c **** }
  60              		.loc 1 698 1 view .LVU14
  61 0010 70BC     		pop	{r4, r5, r6}
  62              	.LCFI1:
  63              		.cfi_remember_state
  64              		.cfi_restore 6
  65              		.cfi_restore 5
  66              		.cfi_restore 4
  67              		.cfi_def_cfa_offset 0
  68 0012 7047     		bx	lr
  69              	.L11:
  70              	.LCFI2:
  71              		.cfi_restore_state
 683:Drivers/STM32H7xx_HAL_Driver/Src/stm32h7xx_hal_dma_ex.c **** 
  72              		.loc 1 683 7 is_stmt 1 view .LVU15
 683:Drivers/STM32H7xx_HAL_Driver/Src/stm32h7xx_hal_dma_ex.c **** 
  73              		.loc 1 683 56 is_stmt 0 view .LVU16
  74 0014 A260     		str	r2, [r4, #8]
 686:Drivers/STM32H7xx_HAL_Driver/Src/stm32h7xx_hal_dma_ex.c ****     }
  75              		.loc 1 686 7 is_stmt 1 view .LVU17
 686:Drivers/STM32H7xx_HAL_Driver/Src/stm32h7xx_hal_dma_ex.c ****     }
  76              		.loc 1 686 57 is_stmt 0 view .LVU18
  77 0016 E160     		str	r1, [r4, #12]
  78              		.loc 1 698 1 view .LVU19
  79 0018 70BC     		pop	{r4, r5, r6}
  80              	.LCFI3:
  81              		.cfi_restore 6
  82              		.cfi_restore 5
  83              		.cfi_restore 4
  84              		.cfi_def_cfa_offset 0
  85 001a 7047     		bx	lr
  86              		.cfi_endproc
  87              	.LFE152:
  89              		.section	.text.HAL_DMAEx_MultiBufferStart,"ax",%progbits
  90              		.align	1
  91              		.p2align 2,,3
  92              		.global	HAL_DMAEx_MultiBufferStart
  93              		.syntax unified
  94              		.thumb
ARM GAS  C:\Users\l1234\AppData\Local\Temp\ccA9JKn0.s 			page 15


  95              		.thumb_func
  97              	HAL_DMAEx_MultiBufferStart:
  98              	.LVL1:
  99              	.LFB144:
 121:Drivers/STM32H7xx_HAL_Driver/Src/stm32h7xx_hal_dma_ex.c ****   HAL_StatusTypeDef status = HAL_OK;
 100              		.loc 1 121 1 is_stmt 1 view -0
 101              		.cfi_startproc
 102              		@ args = 4, pretend = 0, frame = 0
 103              		@ frame_needed = 0, uses_anonymous_args = 0
 122:Drivers/STM32H7xx_HAL_Driver/Src/stm32h7xx_hal_dma_ex.c ****   __IO uint32_t *ifcRegister_Base; /* DMA Stream Interrupt Clear register */
 104              		.loc 1 122 3 view .LVU21
 123:Drivers/STM32H7xx_HAL_Driver/Src/stm32h7xx_hal_dma_ex.c **** 
 105              		.loc 1 123 3 view .LVU22
 126:Drivers/STM32H7xx_HAL_Driver/Src/stm32h7xx_hal_dma_ex.c ****   assert_param(IS_DMA_ALL_INSTANCE(hdma->Instance));
 106              		.loc 1 126 3 view .LVU23
 127:Drivers/STM32H7xx_HAL_Driver/Src/stm32h7xx_hal_dma_ex.c **** 
 107              		.loc 1 127 3 view .LVU24
 130:Drivers/STM32H7xx_HAL_Driver/Src/stm32h7xx_hal_dma_ex.c ****   {
 108              		.loc 1 130 3 view .LVU25
 121:Drivers/STM32H7xx_HAL_Driver/Src/stm32h7xx_hal_dma_ex.c ****   HAL_StatusTypeDef status = HAL_OK;
 109              		.loc 1 121 1 is_stmt 0 view .LVU26
 110 0000 2DE9F843 		push	{r3, r4, r5, r6, r7, r8, r9, lr}
 111              	.LCFI4:
 112              		.cfi_def_cfa_offset 32
 113              		.cfi_offset 3, -32
 114              		.cfi_offset 4, -28
 115              		.cfi_offset 5, -24
 116              		.cfi_offset 6, -20
 117              		.cfi_offset 7, -16
 118              		.cfi_offset 8, -12
 119              		.cfi_offset 9, -8
 120              		.cfi_offset 14, -4
 130:Drivers/STM32H7xx_HAL_Driver/Src/stm32h7xx_hal_dma_ex.c ****   {
 121              		.loc 1 130 6 view .LVU27
 122 0004 8468     		ldr	r4, [r0, #8]
 123 0006 802C     		cmp	r4, #128
 124 0008 13D0     		beq	.L46
 138:Drivers/STM32H7xx_HAL_Driver/Src/stm32h7xx_hal_dma_ex.c **** 
 125              		.loc 1 138 5 is_stmt 1 view .LVU28
 138:Drivers/STM32H7xx_HAL_Driver/Src/stm32h7xx_hal_dma_ex.c **** 
 126              		.loc 1 138 5 view .LVU29
 127 000a 90F83440 		ldrb	r4, [r0, #52]	@ zero_extendqisi2
 128 000e 012C     		cmp	r4, #1
 129 0010 00F09980 		beq	.L26
 138:Drivers/STM32H7xx_HAL_Driver/Src/stm32h7xx_hal_dma_ex.c **** 
 130              		.loc 1 138 5 discriminator 2 view .LVU30
 131 0014 0124     		movs	r4, #1
 132 0016 80F83440 		strb	r4, [r0, #52]
 138:Drivers/STM32H7xx_HAL_Driver/Src/stm32h7xx_hal_dma_ex.c **** 
 133              		.loc 1 138 5 discriminator 2 view .LVU31
 140:Drivers/STM32H7xx_HAL_Driver/Src/stm32h7xx_hal_dma_ex.c ****     {
 134              		.loc 1 140 5 discriminator 2 view .LVU32
 140:Drivers/STM32H7xx_HAL_Driver/Src/stm32h7xx_hal_dma_ex.c ****     {
 135              		.loc 1 140 35 is_stmt 0 discriminator 2 view .LVU33
 136 001a 90F83540 		ldrb	r4, [r0, #53]	@ zero_extendqisi2
 140:Drivers/STM32H7xx_HAL_Driver/Src/stm32h7xx_hal_dma_ex.c ****     {
 137              		.loc 1 140 7 discriminator 2 view .LVU34
ARM GAS  C:\Users\l1234\AppData\Local\Temp\ccA9JKn0.s 			page 16


 138 001e 012C     		cmp	r4, #1
 140:Drivers/STM32H7xx_HAL_Driver/Src/stm32h7xx_hal_dma_ex.c ****     {
 139              		.loc 1 140 35 discriminator 2 view .LVU35
 140 0020 5FFA84FC 		uxtb	ip, r4
 140:Drivers/STM32H7xx_HAL_Driver/Src/stm32h7xx_hal_dma_ex.c ****     {
 141              		.loc 1 140 7 discriminator 2 view .LVU36
 142 0024 09D0     		beq	.L47
 198:Drivers/STM32H7xx_HAL_Driver/Src/stm32h7xx_hal_dma_ex.c **** 
 143              		.loc 1 198 7 is_stmt 1 view .LVU37
 198:Drivers/STM32H7xx_HAL_Driver/Src/stm32h7xx_hal_dma_ex.c **** 
 144              		.loc 1 198 23 is_stmt 0 view .LVU38
 145 0026 4FF40063 		mov	r3, #2048
 146              	.LVL2:
 198:Drivers/STM32H7xx_HAL_Driver/Src/stm32h7xx_hal_dma_ex.c **** 
 147              		.loc 1 198 23 view .LVU39
 148 002a 4365     		str	r3, [r0, #84]
 149              	.LVL3:
 201:Drivers/STM32H7xx_HAL_Driver/Src/stm32h7xx_hal_dma_ex.c ****     }
 150              		.loc 1 201 7 is_stmt 1 view .LVU40
 151              	.L14:
 133:Drivers/STM32H7xx_HAL_Driver/Src/stm32h7xx_hal_dma_ex.c ****   }
 152              		.loc 1 133 12 is_stmt 0 view .LVU41
 153 002c 0120     		movs	r0, #1
 154              	.LVL4:
 155              	.L40:
 205:Drivers/STM32H7xx_HAL_Driver/Src/stm32h7xx_hal_dma_ex.c **** 
 156              		.loc 1 205 1 view .LVU42
 157 002e BDE8F883 		pop	{r3, r4, r5, r6, r7, r8, r9, pc}
 158              	.LVL5:
 159              	.L46:
 132:Drivers/STM32H7xx_HAL_Driver/Src/stm32h7xx_hal_dma_ex.c ****     status = HAL_ERROR;
 160              		.loc 1 132 5 is_stmt 1 view .LVU43
 132:Drivers/STM32H7xx_HAL_Driver/Src/stm32h7xx_hal_dma_ex.c ****     status = HAL_ERROR;
 161              		.loc 1 132 21 is_stmt 0 view .LVU44
 162 0032 4FF48073 		mov	r3, #256
 163              	.LVL6:
 132:Drivers/STM32H7xx_HAL_Driver/Src/stm32h7xx_hal_dma_ex.c ****     status = HAL_ERROR;
 164              		.loc 1 132 21 view .LVU45
 165 0036 4365     		str	r3, [r0, #84]
 166              	.LVL7:
 133:Drivers/STM32H7xx_HAL_Driver/Src/stm32h7xx_hal_dma_ex.c ****   }
 167              		.loc 1 133 5 is_stmt 1 view .LVU46
 133:Drivers/STM32H7xx_HAL_Driver/Src/stm32h7xx_hal_dma_ex.c ****   }
 168              		.loc 1 133 5 is_stmt 0 view .LVU47
 169 0038 F8E7     		b	.L14
 170              	.LVL8:
 171              	.L47:
 143:Drivers/STM32H7xx_HAL_Driver/Src/stm32h7xx_hal_dma_ex.c **** 
 172              		.loc 1 143 7 is_stmt 1 view .LVU48
 148:Drivers/STM32H7xx_HAL_Driver/Src/stm32h7xx_hal_dma_ex.c ****       {
 173              		.loc 1 148 10 is_stmt 0 view .LVU49
 174 003a 0568     		ldr	r5, [r0]
 175 003c 614C     		ldr	r4, .L49
 176 003e 624E     		ldr	r6, .L49+4
 177 0040 624F     		ldr	r7, .L49+8
 178 0042 B542     		cmp	r5, r6
 179 0044 18BF     		it	ne
ARM GAS  C:\Users\l1234\AppData\Local\Temp\ccA9JKn0.s 			page 17


 180 0046 A542     		cmpne	r5, r4
 181 0048 06F13006 		add	r6, r6, #48
 182 004c DFF890E1 		ldr	lr, .L49+28
 183 0050 0CBF     		ite	eq
 184 0052 0124     		moveq	r4, #1
 185 0054 0024     		movne	r4, #0
 157:Drivers/STM32H7xx_HAL_Driver/Src/stm32h7xx_hal_dma_ex.c **** 
 186              		.loc 1 157 56 view .LVU50
 187 0056 D0F85880 		ldr	r8, [r0, #88]
 188 005a B542     		cmp	r5, r6
 189 005c 08BF     		it	eq
 190 005e 44F00104 		orreq	r4, r4, #1
 148:Drivers/STM32H7xx_HAL_Driver/Src/stm32h7xx_hal_dma_ex.c ****       {
 191              		.loc 1 148 10 view .LVU51
 192 0062 06F55676 		add	r6, r6, #856
 193 0066 B542     		cmp	r5, r6
 194 0068 08BF     		it	eq
 195 006a 44F00104 		orreq	r4, r4, #1
 196 006e 1836     		adds	r6, r6, #24
 197 0070 B542     		cmp	r5, r6
 198 0072 08BF     		it	eq
 199 0074 44F00104 		orreq	r4, r4, #1
 200 0078 1836     		adds	r6, r6, #24
 201 007a B542     		cmp	r5, r6
 202 007c 08BF     		it	eq
 203 007e 44F00104 		orreq	r4, r4, #1
 204 0082 1836     		adds	r6, r6, #24
 205 0084 B542     		cmp	r5, r6
 206 0086 08BF     		it	eq
 207 0088 44F00104 		orreq	r4, r4, #1
 208 008c 1836     		adds	r6, r6, #24
 209 008e B542     		cmp	r5, r6
 210 0090 08BF     		it	eq
 211 0092 44F00104 		orreq	r4, r4, #1
 212 0096 1836     		adds	r6, r6, #24
 213 0098 B542     		cmp	r5, r6
 214 009a 08BF     		it	eq
 215 009c 44F00104 		orreq	r4, r4, #1
 216 00a0 A6F58966 		sub	r6, r6, #1096
 217 00a4 BD42     		cmp	r5, r7
 218 00a6 18BF     		it	ne
 219 00a8 B542     		cmpne	r5, r6
 220 00aa 07F58967 		add	r7, r7, #1096
 221 00ae 0CBF     		ite	eq
 222 00b0 0126     		moveq	r6, #1
 223 00b2 0026     		movne	r6, #0
 224 00b4 BD42     		cmp	r5, r7
 225 00b6 08BF     		it	eq
 226 00b8 44F00104 		orreq	r4, r4, #1
 227 00bc A7F58F67 		sub	r7, r7, #1144
 228 00c0 BD42     		cmp	r5, r7
 229 00c2 18BF     		it	ne
 230 00c4 7545     		cmpne	r5, lr
 231 00c6 0EF1600E 		add	lr, lr, #96
 232 00ca 0CBF     		ite	eq
 233 00cc 0127     		moveq	r7, #1
 234 00ce 0027     		movne	r7, #0
ARM GAS  C:\Users\l1234\AppData\Local\Temp\ccA9JKn0.s 			page 18


 235 00d0 7545     		cmp	r5, lr
 236 00d2 08BF     		it	eq
 237 00d4 46F00106 		orreq	r6, r6, #1
 238 00d8 0EF5896E 		add	lr, lr, #1096
 239 00dc 7545     		cmp	r5, lr
 240 00de 08BF     		it	eq
 241 00e0 44F00104 		orreq	r4, r4, #1
 143:Drivers/STM32H7xx_HAL_Driver/Src/stm32h7xx_hal_dma_ex.c **** 
 242              		.loc 1 143 19 view .LVU52
 243 00e4 4FF0020E 		mov	lr, #2
 244 00e8 46EA0709 		orr	r9, r6, r7
 174:Drivers/STM32H7xx_HAL_Driver/Src/stm32h7xx_hal_dma_ex.c ****       }
 245              		.loc 1 174 67 view .LVU53
 246 00ec C66D     		ldr	r6, [r0, #92]
 143:Drivers/STM32H7xx_HAL_Driver/Src/stm32h7xx_hal_dma_ex.c **** 
 247              		.loc 1 143 19 view .LVU54
 248 00ee 80F835E0 		strb	lr, [r0, #53]
 146:Drivers/STM32H7xx_HAL_Driver/Src/stm32h7xx_hal_dma_ex.c **** 
 249              		.loc 1 146 7 is_stmt 1 view .LVU55
 146:Drivers/STM32H7xx_HAL_Driver/Src/stm32h7xx_hal_dma_ex.c **** 
 250              		.loc 1 146 23 is_stmt 0 view .LVU56
 251 00f2 4FF0000E 		mov	lr, #0
 252 00f6 C0F854E0 		str	lr, [r0, #84]
 148:Drivers/STM32H7xx_HAL_Driver/Src/stm32h7xx_hal_dma_ex.c ****       {
 253              		.loc 1 148 7 is_stmt 1 view .LVU57
 174:Drivers/STM32H7xx_HAL_Driver/Src/stm32h7xx_hal_dma_ex.c ****       }
 254              		.loc 1 174 67 is_stmt 0 view .LVU58
 255 00fa 06F01F0E 		and	lr, r6, #31
 148:Drivers/STM32H7xx_HAL_Driver/Src/stm32h7xx_hal_dma_ex.c ****       {
 256              		.loc 1 148 10 view .LVU59
 257 00fe 14B9     		cbnz	r4, .L17
 258 0100 B9F1000F 		cmp	r9, #0
 259 0104 21D0     		beq	.L48
 260              	.L17:
 151:Drivers/STM32H7xx_HAL_Driver/Src/stm32h7xx_hal_dma_ex.c **** 
 261              		.loc 1 151 9 is_stmt 1 view .LVU60
 151:Drivers/STM32H7xx_HAL_Driver/Src/stm32h7xx_hal_dma_ex.c **** 
 262              		.loc 1 151 49 is_stmt 0 view .LVU61
 263 0106 D5F800C0 		ldr	ip, [r5]
 151:Drivers/STM32H7xx_HAL_Driver/Src/stm32h7xx_hal_dma_ex.c **** 
 264              		.loc 1 151 54 view .LVU62
 265 010a 4CF4802C 		orr	ip, ip, #262144
 266 010e C5F800C0 		str	ip, [r5]
 154:Drivers/STM32H7xx_HAL_Driver/Src/stm32h7xx_hal_dma_ex.c **** 
 267              		.loc 1 154 9 is_stmt 1 view .LVU63
 154:Drivers/STM32H7xx_HAL_Driver/Src/stm32h7xx_hal_dma_ex.c **** 
 268              		.loc 1 154 56 is_stmt 0 view .LVU64
 269 0112 2B61     		str	r3, [r5, #16]
 157:Drivers/STM32H7xx_HAL_Driver/Src/stm32h7xx_hal_dma_ex.c **** 
 270              		.loc 1 157 9 is_stmt 1 view .LVU65
 271              	.LVL9:
 160:Drivers/STM32H7xx_HAL_Driver/Src/stm32h7xx_hal_dma_ex.c ****       }
 272              		.loc 1 160 9 view .LVU66
 160:Drivers/STM32H7xx_HAL_Driver/Src/stm32h7xx_hal_dma_ex.c ****       }
 273              		.loc 1 160 36 is_stmt 0 view .LVU67
 274 0114 3F23     		movs	r3, #63
 275              	.LVL10:
ARM GAS  C:\Users\l1234\AppData\Local\Temp\ccA9JKn0.s 			page 19


 160:Drivers/STM32H7xx_HAL_Driver/Src/stm32h7xx_hal_dma_ex.c ****       }
 276              		.loc 1 160 36 view .LVU68
 277 0116 03FA0EF3 		lsl	r3, r3, lr
 160:Drivers/STM32H7xx_HAL_Driver/Src/stm32h7xx_hal_dma_ex.c ****       }
 278              		.loc 1 160 27 view .LVU69
 279 011a C8F80830 		str	r3, [r8, #8]
 280              	.LVL11:
 177:Drivers/STM32H7xx_HAL_Driver/Src/stm32h7xx_hal_dma_ex.c ****       {
 281              		.loc 1 177 7 is_stmt 1 view .LVU70
 177:Drivers/STM32H7xx_HAL_Driver/Src/stm32h7xx_hal_dma_ex.c ****       {
 282              		.loc 1 177 10 is_stmt 0 view .LVU71
 283 011e 002F     		cmp	r7, #0
 284 0120 45D1     		bne	.L18
 180:Drivers/STM32H7xx_HAL_Driver/Src/stm32h7xx_hal_dma_ex.c **** 
 285              		.loc 1 180 9 is_stmt 1 view .LVU72
 286 0122 089B     		ldr	r3, [sp, #32]
 287 0124 FFF7FEFF 		bl	DMA_MultiBufferSetConfig
 288              	.LVL12:
 183:Drivers/STM32H7xx_HAL_Driver/Src/stm32h7xx_hal_dma_ex.c **** 
 289              		.loc 1 183 9 view .LVU73
 183:Drivers/STM32H7xx_HAL_Driver/Src/stm32h7xx_hal_dma_ex.c **** 
 290              		.loc 1 183 46 is_stmt 0 view .LVU74
 291 0128 D0E91932 		ldrd	r3, r2, [r0, #100]
 292              	.LVL13:
 183:Drivers/STM32H7xx_HAL_Driver/Src/stm32h7xx_hal_dma_ex.c **** 
 293              		.loc 1 183 40 view .LVU75
 294 012c 5A60     		str	r2, [r3, #4]
 185:Drivers/STM32H7xx_HAL_Driver/Src/stm32h7xx_hal_dma_ex.c ****         {
 295              		.loc 1 185 9 is_stmt 1 view .LVU76
 185:Drivers/STM32H7xx_HAL_Driver/Src/stm32h7xx_hal_dma_ex.c ****         {
 296              		.loc 1 185 11 is_stmt 0 view .LVU77
 297 012e C36E     		ldr	r3, [r0, #108]
 298 0130 13B1     		cbz	r3, .L23
 299              	.LVL14:
 300              	.L45:
 188:Drivers/STM32H7xx_HAL_Driver/Src/stm32h7xx_hal_dma_ex.c ****         }
 301              		.loc 1 188 11 is_stmt 1 view .LVU78
 188:Drivers/STM32H7xx_HAL_Driver/Src/stm32h7xx_hal_dma_ex.c ****         }
 302              		.loc 1 188 53 is_stmt 0 view .LVU79
 303 0132 D0E91C32 		ldrd	r3, r2, [r0, #112]
 188:Drivers/STM32H7xx_HAL_Driver/Src/stm32h7xx_hal_dma_ex.c ****         }
 304              		.loc 1 188 47 view .LVU80
 305 0136 5A60     		str	r2, [r3, #4]
 193:Drivers/STM32H7xx_HAL_Driver/Src/stm32h7xx_hal_dma_ex.c ****     }
 306              		.loc 1 193 7 is_stmt 1 view .LVU81
 307              	.L23:
 193:Drivers/STM32H7xx_HAL_Driver/Src/stm32h7xx_hal_dma_ex.c ****     }
 308              		.loc 1 193 7 is_stmt 0 view .LVU82
 309 0138 2B68     		ldr	r3, [r5]
 122:Drivers/STM32H7xx_HAL_Driver/Src/stm32h7xx_hal_dma_ex.c ****   __IO uint32_t *ifcRegister_Base; /* DMA Stream Interrupt Clear register */
 310              		.loc 1 122 21 view .LVU83
 311 013a 0020     		movs	r0, #0
 312              	.LVL15:
 193:Drivers/STM32H7xx_HAL_Driver/Src/stm32h7xx_hal_dma_ex.c ****     }
 313              		.loc 1 193 7 view .LVU84
 314 013c 43F00103 		orr	r3, r3, #1
 315 0140 2B60     		str	r3, [r5]
ARM GAS  C:\Users\l1234\AppData\Local\Temp\ccA9JKn0.s 			page 20


 205:Drivers/STM32H7xx_HAL_Driver/Src/stm32h7xx_hal_dma_ex.c **** 
 316              		.loc 1 205 1 view .LVU85
 317 0142 BDE8F883 		pop	{r3, r4, r5, r6, r7, r8, r9, pc}
 318              	.LVL16:
 319              	.L26:
 138:Drivers/STM32H7xx_HAL_Driver/Src/stm32h7xx_hal_dma_ex.c **** 
 320              		.loc 1 138 5 view .LVU86
 321 0146 0220     		movs	r0, #2
 322              	.LVL17:
 138:Drivers/STM32H7xx_HAL_Driver/Src/stm32h7xx_hal_dma_ex.c **** 
 323              		.loc 1 138 5 view .LVU87
 324 0148 71E7     		b	.L40
 325              	.LVL18:
 326              	.L48:
 165:Drivers/STM32H7xx_HAL_Driver/Src/stm32h7xx_hal_dma_ex.c **** 
 327              		.loc 1 165 9 is_stmt 1 view .LVU88
 177:Drivers/STM32H7xx_HAL_Driver/Src/stm32h7xx_hal_dma_ex.c ****       {
 328              		.loc 1 177 10 is_stmt 0 view .LVU89
 329 014a 214E     		ldr	r6, .L49+12
 174:Drivers/STM32H7xx_HAL_Driver/Src/stm32h7xx_hal_dma_ex.c ****       }
 330              		.loc 1 174 45 view .LVU90
 331 014c 0CFA0EF4 		lsl	r4, ip, lr
 177:Drivers/STM32H7xx_HAL_Driver/Src/stm32h7xx_hal_dma_ex.c ****       {
 332              		.loc 1 177 10 view .LVU91
 333 0150 204F     		ldr	r7, .L49+16
 165:Drivers/STM32H7xx_HAL_Driver/Src/stm32h7xx_hal_dma_ex.c **** 
 334              		.loc 1 165 51 view .LVU92
 335 0152 D5F800C0 		ldr	ip, [r5]
 177:Drivers/STM32H7xx_HAL_Driver/Src/stm32h7xx_hal_dma_ex.c ****       {
 336              		.loc 1 177 10 view .LVU93
 337 0156 BD42     		cmp	r5, r7
 338 0158 18BF     		it	ne
 339 015a B542     		cmpne	r5, r6
 340 015c 07F12807 		add	r7, r7, #40
 341 0160 0CBF     		ite	eq
 342 0162 0126     		moveq	r6, #1
 343 0164 0026     		movne	r6, #0
 344 0166 BD42     		cmp	r5, r7
 345 0168 08BF     		it	eq
 346 016a 46F00106 		orreq	r6, r6, #1
 347 016e 1437     		adds	r7, r7, #20
 348 0170 BD42     		cmp	r5, r7
 349 0172 08BF     		it	eq
 350 0174 46F00106 		orreq	r6, r6, #1
 351 0178 1437     		adds	r7, r7, #20
 352 017a BD42     		cmp	r5, r7
 353 017c 08BF     		it	eq
 354 017e 46F00106 		orreq	r6, r6, #1
 355 0182 1437     		adds	r7, r7, #20
 356 0184 BD42     		cmp	r5, r7
 357 0186 08BF     		it	eq
 358 0188 46F00106 		orreq	r6, r6, #1
 165:Drivers/STM32H7xx_HAL_Driver/Src/stm32h7xx_hal_dma_ex.c **** 
 359              		.loc 1 165 57 view .LVU94
 360 018c 48F22007 		movw	r7, #32800
 361 0190 4CEA0707 		orr	r7, ip, r7
 362 0194 2F60     		str	r7, [r5]
ARM GAS  C:\Users\l1234\AppData\Local\Temp\ccA9JKn0.s 			page 21


 168:Drivers/STM32H7xx_HAL_Driver/Src/stm32h7xx_hal_dma_ex.c **** 
 363              		.loc 1 168 9 is_stmt 1 view .LVU95
 168:Drivers/STM32H7xx_HAL_Driver/Src/stm32h7xx_hal_dma_ex.c **** 
 364              		.loc 1 168 59 is_stmt 0 view .LVU96
 365 0196 2B61     		str	r3, [r5, #16]
 171:Drivers/STM32H7xx_HAL_Driver/Src/stm32h7xx_hal_dma_ex.c **** 
 366              		.loc 1 171 9 is_stmt 1 view .LVU97
 367              	.LVL19:
 174:Drivers/STM32H7xx_HAL_Driver/Src/stm32h7xx_hal_dma_ex.c ****       }
 368              		.loc 1 174 9 view .LVU98
 174:Drivers/STM32H7xx_HAL_Driver/Src/stm32h7xx_hal_dma_ex.c ****       }
 369              		.loc 1 174 27 is_stmt 0 view .LVU99
 370 0198 C8F80440 		str	r4, [r8, #4]
 177:Drivers/STM32H7xx_HAL_Driver/Src/stm32h7xx_hal_dma_ex.c ****       {
 371              		.loc 1 177 7 is_stmt 1 view .LVU100
 177:Drivers/STM32H7xx_HAL_Driver/Src/stm32h7xx_hal_dma_ex.c ****       {
 372              		.loc 1 177 10 is_stmt 0 view .LVU101
 373 019c 0E4C     		ldr	r4, .L49+20
 374 019e A542     		cmp	r5, r4
 375 01a0 08BF     		it	eq
 376 01a2 46F00106 		orreq	r6, r6, #1
 377 01a6 16B9     		cbnz	r6, .L18
 378 01a8 0C4B     		ldr	r3, .L49+24
 379              	.LVL20:
 177:Drivers/STM32H7xx_HAL_Driver/Src/stm32h7xx_hal_dma_ex.c ****       {
 380              		.loc 1 177 10 view .LVU102
 381 01aa 9D42     		cmp	r5, r3
 382 01ac C4D1     		bne	.L23
 383              	.LVL21:
 384              	.L18:
 180:Drivers/STM32H7xx_HAL_Driver/Src/stm32h7xx_hal_dma_ex.c **** 
 385              		.loc 1 180 9 is_stmt 1 view .LVU103
 386 01ae 089B     		ldr	r3, [sp, #32]
 387 01b0 FFF7FEFF 		bl	DMA_MultiBufferSetConfig
 388              	.LVL22:
 183:Drivers/STM32H7xx_HAL_Driver/Src/stm32h7xx_hal_dma_ex.c **** 
 389              		.loc 1 183 9 view .LVU104
 185:Drivers/STM32H7xx_HAL_Driver/Src/stm32h7xx_hal_dma_ex.c ****         {
 390              		.loc 1 185 11 is_stmt 0 view .LVU105
 391 01b4 C36E     		ldr	r3, [r0, #108]
 183:Drivers/STM32H7xx_HAL_Driver/Src/stm32h7xx_hal_dma_ex.c **** 
 392              		.loc 1 183 46 view .LVU106
 393 01b6 D0E91921 		ldrd	r2, r1, [r0, #100]
 394              	.LVL23:
 183:Drivers/STM32H7xx_HAL_Driver/Src/stm32h7xx_hal_dma_ex.c **** 
 395              		.loc 1 183 40 view .LVU107
 396 01ba 5160     		str	r1, [r2, #4]
 397              	.LVL24:
 185:Drivers/STM32H7xx_HAL_Driver/Src/stm32h7xx_hal_dma_ex.c ****         {
 398              		.loc 1 185 9 is_stmt 1 view .LVU108
 185:Drivers/STM32H7xx_HAL_Driver/Src/stm32h7xx_hal_dma_ex.c ****         {
 399              		.loc 1 185 11 is_stmt 0 view .LVU109
 400 01bc 002B     		cmp	r3, #0
 401 01be B8D1     		bne	.L45
 402 01c0 BAE7     		b	.L23
 403              	.L50:
 404 01c2 00BF     		.align	2
ARM GAS  C:\Users\l1234\AppData\Local\Temp\ccA9JKn0.s 			page 22


 405              	.L49:
 406 01c4 A0000240 		.word	1073873056
 407 01c8 88000240 		.word	1073873032
 408 01cc 58000240 		.word	1073872984
 409 01d0 1C540258 		.word	1476547612
 410 01d4 08540258 		.word	1476547592
 411 01d8 80540258 		.word	1476547712
 412 01dc 94540258 		.word	1476547732
 413 01e0 10000240 		.word	1073872912
 414              		.cfi_endproc
 415              	.LFE144:
 417              		.section	.text.HAL_DMAEx_MultiBufferStart_IT,"ax",%progbits
 418              		.align	1
 419              		.p2align 2,,3
 420              		.global	HAL_DMAEx_MultiBufferStart_IT
 421              		.syntax unified
 422              		.thumb
 423              		.thumb_func
 425              	HAL_DMAEx_MultiBufferStart_IT:
 426              	.LVL25:
 427              	.LFB145:
 218:Drivers/STM32H7xx_HAL_Driver/Src/stm32h7xx_hal_dma_ex.c ****   HAL_StatusTypeDef status = HAL_OK;
 428              		.loc 1 218 1 is_stmt 1 view -0
 429              		.cfi_startproc
 430              		@ args = 4, pretend = 0, frame = 24
 431              		@ frame_needed = 0, uses_anonymous_args = 0
 219:Drivers/STM32H7xx_HAL_Driver/Src/stm32h7xx_hal_dma_ex.c ****   __IO uint32_t *ifcRegister_Base; /* DMA Stream Interrupt Clear register */
 432              		.loc 1 219 3 view .LVU111
 220:Drivers/STM32H7xx_HAL_Driver/Src/stm32h7xx_hal_dma_ex.c **** 
 433              		.loc 1 220 3 view .LVU112
 223:Drivers/STM32H7xx_HAL_Driver/Src/stm32h7xx_hal_dma_ex.c ****   assert_param(IS_DMA_ALL_INSTANCE(hdma->Instance));
 434              		.loc 1 223 3 view .LVU113
 224:Drivers/STM32H7xx_HAL_Driver/Src/stm32h7xx_hal_dma_ex.c **** 
 435              		.loc 1 224 3 view .LVU114
 227:Drivers/STM32H7xx_HAL_Driver/Src/stm32h7xx_hal_dma_ex.c ****   {
 436              		.loc 1 227 3 view .LVU115
 218:Drivers/STM32H7xx_HAL_Driver/Src/stm32h7xx_hal_dma_ex.c ****   HAL_StatusTypeDef status = HAL_OK;
 437              		.loc 1 218 1 is_stmt 0 view .LVU116
 438 0000 2DE9F04F 		push	{r4, r5, r6, r7, r8, r9, r10, fp, lr}
 439              	.LCFI5:
 440              		.cfi_def_cfa_offset 36
 441              		.cfi_offset 4, -36
 442              		.cfi_offset 5, -32
 443              		.cfi_offset 6, -28
 444              		.cfi_offset 7, -24
 445              		.cfi_offset 8, -20
 446              		.cfi_offset 9, -16
 447              		.cfi_offset 10, -12
 448              		.cfi_offset 11, -8
 449              		.cfi_offset 14, -4
 227:Drivers/STM32H7xx_HAL_Driver/Src/stm32h7xx_hal_dma_ex.c ****   {
 450              		.loc 1 227 5 view .LVU117
 451 0004 8568     		ldr	r5, [r0, #8]
 218:Drivers/STM32H7xx_HAL_Driver/Src/stm32h7xx_hal_dma_ex.c ****   HAL_StatusTypeDef status = HAL_OK;
 452              		.loc 1 218 1 view .LVU118
 453 0006 87B0     		sub	sp, sp, #28
 454              	.LCFI6:
ARM GAS  C:\Users\l1234\AppData\Local\Temp\ccA9JKn0.s 			page 23


 455              		.cfi_def_cfa_offset 64
 218:Drivers/STM32H7xx_HAL_Driver/Src/stm32h7xx_hal_dma_ex.c ****   HAL_StatusTypeDef status = HAL_OK;
 456              		.loc 1 218 1 view .LVU119
 457 0008 0446     		mov	r4, r0
 227:Drivers/STM32H7xx_HAL_Driver/Src/stm32h7xx_hal_dma_ex.c ****   {
 458              		.loc 1 227 5 view .LVU120
 459 000a 802D     		cmp	r5, #128
 460 000c 00F0CD80 		beq	.L148
 234:Drivers/STM32H7xx_HAL_Driver/Src/stm32h7xx_hal_dma_ex.c **** 
 461              		.loc 1 234 3 is_stmt 1 view .LVU121
 234:Drivers/STM32H7xx_HAL_Driver/Src/stm32h7xx_hal_dma_ex.c **** 
 462              		.loc 1 234 3 view .LVU122
 463 0010 90F83450 		ldrb	r5, [r0, #52]	@ zero_extendqisi2
 464 0014 012D     		cmp	r5, #1
 465 0016 00F06981 		beq	.L107
 234:Drivers/STM32H7xx_HAL_Driver/Src/stm32h7xx_hal_dma_ex.c **** 
 466              		.loc 1 234 3 discriminator 2 view .LVU123
 236:Drivers/STM32H7xx_HAL_Driver/Src/stm32h7xx_hal_dma_ex.c ****   {
 467              		.loc 1 236 33 is_stmt 0 discriminator 2 view .LVU124
 468 001a 90F83550 		ldrb	r5, [r0, #53]	@ zero_extendqisi2
 234:Drivers/STM32H7xx_HAL_Driver/Src/stm32h7xx_hal_dma_ex.c **** 
 469              		.loc 1 234 3 discriminator 2 view .LVU125
 470 001e 0126     		movs	r6, #1
 236:Drivers/STM32H7xx_HAL_Driver/Src/stm32h7xx_hal_dma_ex.c ****   {
 471              		.loc 1 236 5 discriminator 2 view .LVU126
 472 0020 B542     		cmp	r5, r6
 236:Drivers/STM32H7xx_HAL_Driver/Src/stm32h7xx_hal_dma_ex.c ****   {
 473              		.loc 1 236 33 discriminator 2 view .LVU127
 474 0022 5FFA85FA 		uxtb	r10, r5
 234:Drivers/STM32H7xx_HAL_Driver/Src/stm32h7xx_hal_dma_ex.c **** 
 475              		.loc 1 234 3 discriminator 2 view .LVU128
 476 0026 80F83460 		strb	r6, [r0, #52]
 234:Drivers/STM32H7xx_HAL_Driver/Src/stm32h7xx_hal_dma_ex.c **** 
 477              		.loc 1 234 3 is_stmt 1 discriminator 2 view .LVU129
 236:Drivers/STM32H7xx_HAL_Driver/Src/stm32h7xx_hal_dma_ex.c ****   {
 478              		.loc 1 236 3 discriminator 2 view .LVU130
 236:Drivers/STM32H7xx_HAL_Driver/Src/stm32h7xx_hal_dma_ex.c ****   {
 479              		.loc 1 236 5 is_stmt 0 discriminator 2 view .LVU131
 480 002a 06D0     		beq	.L149
 335:Drivers/STM32H7xx_HAL_Driver/Src/stm32h7xx_hal_dma_ex.c **** 
 481              		.loc 1 335 5 is_stmt 1 view .LVU132
 335:Drivers/STM32H7xx_HAL_Driver/Src/stm32h7xx_hal_dma_ex.c **** 
 482              		.loc 1 335 21 is_stmt 0 view .LVU133
 483 002c 4FF40063 		mov	r3, #2048
 484              	.LVL26:
 335:Drivers/STM32H7xx_HAL_Driver/Src/stm32h7xx_hal_dma_ex.c **** 
 485              		.loc 1 335 21 view .LVU134
 486 0030 4365     		str	r3, [r0, #84]
 487              	.LVL27:
 338:Drivers/STM32H7xx_HAL_Driver/Src/stm32h7xx_hal_dma_ex.c ****   }
 488              		.loc 1 338 5 is_stmt 1 view .LVU135
 489              	.L53:
 230:Drivers/STM32H7xx_HAL_Driver/Src/stm32h7xx_hal_dma_ex.c ****   }
 490              		.loc 1 230 12 is_stmt 0 view .LVU136
 491 0032 0120     		movs	r0, #1
 492              	.LVL28:
 493              	.L124:
ARM GAS  C:\Users\l1234\AppData\Local\Temp\ccA9JKn0.s 			page 24


 341:Drivers/STM32H7xx_HAL_Driver/Src/stm32h7xx_hal_dma_ex.c **** 
 494              		.loc 1 341 1 view .LVU137
 495 0034 07B0     		add	sp, sp, #28
 496              	.LCFI7:
 497              		.cfi_remember_state
 498              		.cfi_def_cfa_offset 36
 499              		@ sp needed
 500 0036 BDE8F08F 		pop	{r4, r5, r6, r7, r8, r9, r10, fp, pc}
 501              	.LVL29:
 502              	.L149:
 503              	.LCFI8:
 504              		.cfi_restore_state
 239:Drivers/STM32H7xx_HAL_Driver/Src/stm32h7xx_hal_dma_ex.c **** 
 505              		.loc 1 239 5 is_stmt 1 view .LVU138
 244:Drivers/STM32H7xx_HAL_Driver/Src/stm32h7xx_hal_dma_ex.c ****     {
 506              		.loc 1 244 8 is_stmt 0 view .LVU139
 507 003a 0568     		ldr	r5, [r0]
 508 003c 8C46     		mov	ip, r1
 509 003e AC4E     		ldr	r6, .L154
 510 0040 9646     		mov	lr, r2
 511 0042 AC4F     		ldr	r7, .L154+4
 512 0044 DFF8CC92 		ldr	r9, .L154+36
 513 0048 B542     		cmp	r5, r6
 514 004a 18BF     		it	ne
 515 004c BD42     		cmpne	r5, r7
 516 004e 0CBF     		ite	eq
 517 0050 0126     		moveq	r6, #1
 518 0052 0026     		movne	r6, #0
 519 0054 3746     		mov	r7, r6
 520 0056 0496     		str	r6, [sp, #16]
 521 0058 A74E     		ldr	r6, .L154+8
 522 005a B542     		cmp	r5, r6
 523 005c 08BF     		it	eq
 524 005e 47F00107 		orreq	r7, r7, #1
 525 0062 06F55676 		add	r6, r6, #856
 526 0066 0597     		str	r7, [sp, #20]
 527 0068 B542     		cmp	r5, r6
 528 006a 08BF     		it	eq
 529 006c 47F00107 		orreq	r7, r7, #1
 530 0070 1836     		adds	r6, r6, #24
 531 0072 B846     		mov	r8, r7
 532 0074 A14F     		ldr	r7, .L154+12
 533 0076 B542     		cmp	r5, r6
 534 0078 08BF     		it	eq
 535 007a 48F00108 		orreq	r8, r8, #1
 536 007e 1836     		adds	r6, r6, #24
 537 0080 B542     		cmp	r5, r6
 538 0082 08BF     		it	eq
 539 0084 48F00108 		orreq	r8, r8, #1
 540 0088 1836     		adds	r6, r6, #24
 541 008a B542     		cmp	r5, r6
 542 008c 08BF     		it	eq
 543 008e 48F00108 		orreq	r8, r8, #1
 544 0092 1836     		adds	r6, r6, #24
 545 0094 B542     		cmp	r5, r6
 546 0096 08BF     		it	eq
 547 0098 48F00108 		orreq	r8, r8, #1
ARM GAS  C:\Users\l1234\AppData\Local\Temp\ccA9JKn0.s 			page 25


 548 009c A6F58C66 		sub	r6, r6, #1120
 549 00a0 BD42     		cmp	r5, r7
 550 00a2 18BF     		it	ne
 551 00a4 B542     		cmpne	r5, r6
 552 00a6 07F11807 		add	r7, r7, #24
 553 00aa 0CBF     		ite	eq
 554 00ac 0126     		moveq	r6, #1
 555 00ae 0026     		movne	r6, #0
 556 00b0 BD42     		cmp	r5, r7
 557 00b2 18BF     		it	ne
 558 00b4 4D45     		cmpne	r5, r9
 559 00b6 07F58967 		add	r7, r7, #1096
 560 00ba 0CBF     		ite	eq
 561 00bc 4FF00109 		moveq	r9, #1
 562 00c0 4FF00009 		movne	r9, #0
 563 00c4 BD42     		cmp	r5, r7
 564 00c6 08BF     		it	eq
 565 00c8 48F00108 		orreq	r8, r8, #1
 566 00cc A7F58367 		sub	r7, r7, #1048
 567 00d0 A5EB070B 		sub	fp, r5, r7
 568 00d4 07F58667 		add	r7, r7, #1072
 569 00d8 BD42     		cmp	r5, r7
 570 00da 08BF     		it	eq
 571 00dc 48F00108 		orreq	r8, r8, #1
 239:Drivers/STM32H7xx_HAL_Driver/Src/stm32h7xx_hal_dma_ex.c **** 
 572              		.loc 1 239 17 view .LVU140
 573 00e0 0227     		movs	r7, #2
 244:Drivers/STM32H7xx_HAL_Driver/Src/stm32h7xx_hal_dma_ex.c ****     {
 574              		.loc 1 244 8 view .LVU141
 575 00e2 BBFA8BFB 		clz	fp, fp
 239:Drivers/STM32H7xx_HAL_Driver/Src/stm32h7xx_hal_dma_ex.c **** 
 576              		.loc 1 239 17 view .LVU142
 577 00e6 80F83570 		strb	r7, [r0, #53]
 242:Drivers/STM32H7xx_HAL_Driver/Src/stm32h7xx_hal_dma_ex.c **** 
 578              		.loc 1 242 5 is_stmt 1 view .LVU143
 242:Drivers/STM32H7xx_HAL_Driver/Src/stm32h7xx_hal_dma_ex.c **** 
 579              		.loc 1 242 21 is_stmt 0 view .LVU144
 580 00ea 0027     		movs	r7, #0
 244:Drivers/STM32H7xx_HAL_Driver/Src/stm32h7xx_hal_dma_ex.c ****     {
 581              		.loc 1 244 8 view .LVU145
 582 00ec 4FEA5B1B 		lsr	fp, fp, #5
 242:Drivers/STM32H7xx_HAL_Driver/Src/stm32h7xx_hal_dma_ex.c **** 
 583              		.loc 1 242 21 view .LVU146
 584 00f0 4765     		str	r7, [r0, #84]
 244:Drivers/STM32H7xx_HAL_Driver/Src/stm32h7xx_hal_dma_ex.c ****     {
 585              		.loc 1 244 5 is_stmt 1 view .LVU147
 244:Drivers/STM32H7xx_HAL_Driver/Src/stm32h7xx_hal_dma_ex.c ****     {
 586              		.loc 1 244 8 is_stmt 0 view .LVU148
 587 00f2 834F     		ldr	r7, .L154+16
 588 00f4 BD42     		cmp	r5, r7
 589 00f6 08BF     		it	eq
 590 00f8 48F00108 		orreq	r8, r8, #1
 270:Drivers/STM32H7xx_HAL_Driver/Src/stm32h7xx_hal_dma_ex.c ****     }
 591              		.loc 1 270 65 view .LVU149
 592 00fc C76D     		ldr	r7, [r0, #92]
 593 00fe CDF80C80 		str	r8, [sp, #12]
 594 0102 07F01F08 		and	r8, r7, #31
ARM GAS  C:\Users\l1234\AppData\Local\Temp\ccA9JKn0.s 			page 26


 595 0106 46EA0907 		orr	r7, r6, r9
 596 010a 0097     		str	r7, [sp]
 253:Drivers/STM32H7xx_HAL_Driver/Src/stm32h7xx_hal_dma_ex.c **** 
 597              		.loc 1 253 54 view .LVU150
 598 010c 876D     		ldr	r7, [r0, #88]
 599 010e 0297     		str	r7, [sp, #8]
 244:Drivers/STM32H7xx_HAL_Driver/Src/stm32h7xx_hal_dma_ex.c ****     {
 600              		.loc 1 244 8 view .LVU151
 601 0110 009F     		ldr	r7, [sp]
 602 0112 5BEA0707 		orrs	r7, fp, r7
 603 0116 0197     		str	r7, [sp, #4]
 604 0118 03D1     		bne	.L56
 244:Drivers/STM32H7xx_HAL_Driver/Src/stm32h7xx_hal_dma_ex.c ****     {
 605              		.loc 1 244 8 view .LVU152
 606 011a 039F     		ldr	r7, [sp, #12]
 607 011c 002F     		cmp	r7, #0
 608 011e 00F00381 		beq	.L150
 609              	.L56:
 247:Drivers/STM32H7xx_HAL_Driver/Src/stm32h7xx_hal_dma_ex.c **** 
 610              		.loc 1 247 7 is_stmt 1 view .LVU153
 247:Drivers/STM32H7xx_HAL_Driver/Src/stm32h7xx_hal_dma_ex.c **** 
 611              		.loc 1 247 47 is_stmt 0 view .LVU154
 612 0122 2868     		ldr	r0, [r5]
 613              	.LVL30:
 274:Drivers/STM32H7xx_HAL_Driver/Src/stm32h7xx_hal_dma_ex.c **** 
 614              		.loc 1 274 5 view .LVU155
 615 0124 7246     		mov	r2, lr
 616              	.LVL31:
 274:Drivers/STM32H7xx_HAL_Driver/Src/stm32h7xx_hal_dma_ex.c **** 
 617              		.loc 1 274 5 view .LVU156
 618 0126 6146     		mov	r1, ip
 619              	.LVL32:
 247:Drivers/STM32H7xx_HAL_Driver/Src/stm32h7xx_hal_dma_ex.c **** 
 620              		.loc 1 247 52 view .LVU157
 621 0128 40F48020 		orr	r0, r0, #262144
 622 012c 2860     		str	r0, [r5]
 250:Drivers/STM32H7xx_HAL_Driver/Src/stm32h7xx_hal_dma_ex.c **** 
 623              		.loc 1 250 7 is_stmt 1 view .LVU158
 250:Drivers/STM32H7xx_HAL_Driver/Src/stm32h7xx_hal_dma_ex.c **** 
 624              		.loc 1 250 54 is_stmt 0 view .LVU159
 625 012e 2B61     		str	r3, [r5, #16]
 253:Drivers/STM32H7xx_HAL_Driver/Src/stm32h7xx_hal_dma_ex.c **** 
 626              		.loc 1 253 7 is_stmt 1 view .LVU160
 627              	.LVL33:
 256:Drivers/STM32H7xx_HAL_Driver/Src/stm32h7xx_hal_dma_ex.c ****     }
 628              		.loc 1 256 7 view .LVU161
 256:Drivers/STM32H7xx_HAL_Driver/Src/stm32h7xx_hal_dma_ex.c ****     }
 629              		.loc 1 256 34 is_stmt 0 view .LVU162
 630 0130 3F23     		movs	r3, #63
 631              	.LVL34:
 256:Drivers/STM32H7xx_HAL_Driver/Src/stm32h7xx_hal_dma_ex.c ****     }
 632              		.loc 1 256 25 view .LVU163
 633 0132 0298     		ldr	r0, [sp, #8]
 256:Drivers/STM32H7xx_HAL_Driver/Src/stm32h7xx_hal_dma_ex.c ****     }
 634              		.loc 1 256 34 view .LVU164
 635 0134 03FA08F3 		lsl	r3, r3, r8
 256:Drivers/STM32H7xx_HAL_Driver/Src/stm32h7xx_hal_dma_ex.c ****     }
ARM GAS  C:\Users\l1234\AppData\Local\Temp\ccA9JKn0.s 			page 27


 636              		.loc 1 256 25 view .LVU165
 637 0138 8360     		str	r3, [r0, #8]
 638              	.LVL35:
 274:Drivers/STM32H7xx_HAL_Driver/Src/stm32h7xx_hal_dma_ex.c **** 
 639              		.loc 1 274 5 is_stmt 1 view .LVU166
 640 013a 2046     		mov	r0, r4
 641 013c 109B     		ldr	r3, [sp, #64]
 642 013e FFF7FEFF 		bl	DMA_MultiBufferSetConfig
 643              	.LVL36:
 276:Drivers/STM32H7xx_HAL_Driver/Src/stm32h7xx_hal_dma_ex.c ****     {
 644              		.loc 1 276 5 view .LVU167
 276:Drivers/STM32H7xx_HAL_Driver/Src/stm32h7xx_hal_dma_ex.c ****     {
 645              		.loc 1 276 8 is_stmt 0 view .LVU168
 646 0142 002E     		cmp	r6, #0
 647 0144 35D0     		beq	.L151
 648              	.LVL37:
 649              	.L58:
 279:Drivers/STM32H7xx_HAL_Driver/Src/stm32h7xx_hal_dma_ex.c **** 
 650              		.loc 1 279 7 is_stmt 1 view .LVU169
 279:Drivers/STM32H7xx_HAL_Driver/Src/stm32h7xx_hal_dma_ex.c **** 
 651              		.loc 1 279 44 is_stmt 0 view .LVU170
 652 0146 D4E91932 		ldrd	r3, r2, [r4, #100]
 653              	.LVL38:
 279:Drivers/STM32H7xx_HAL_Driver/Src/stm32h7xx_hal_dma_ex.c **** 
 654              		.loc 1 279 38 view .LVU171
 655 014a 5A60     		str	r2, [r3, #4]
 656              	.LVL39:
 281:Drivers/STM32H7xx_HAL_Driver/Src/stm32h7xx_hal_dma_ex.c ****       {
 657              		.loc 1 281 7 is_stmt 1 view .LVU172
 281:Drivers/STM32H7xx_HAL_Driver/Src/stm32h7xx_hal_dma_ex.c ****       {
 658              		.loc 1 281 9 is_stmt 0 view .LVU173
 659 014c E36E     		ldr	r3, [r4, #108]
 660 014e 13B1     		cbz	r3, .L105
 284:Drivers/STM32H7xx_HAL_Driver/Src/stm32h7xx_hal_dma_ex.c ****       }
 661              		.loc 1 284 9 is_stmt 1 view .LVU174
 284:Drivers/STM32H7xx_HAL_Driver/Src/stm32h7xx_hal_dma_ex.c ****       }
 662              		.loc 1 284 51 is_stmt 0 view .LVU175
 663 0150 D4E91C32 		ldrd	r3, r2, [r4, #112]
 284:Drivers/STM32H7xx_HAL_Driver/Src/stm32h7xx_hal_dma_ex.c ****       }
 664              		.loc 1 284 45 view .LVU176
 665 0154 5A60     		str	r2, [r3, #4]
 288:Drivers/STM32H7xx_HAL_Driver/Src/stm32h7xx_hal_dma_ex.c ****     {
 666              		.loc 1 288 5 is_stmt 1 view .LVU177
 667              	.L105:
 291:Drivers/STM32H7xx_HAL_Driver/Src/stm32h7xx_hal_dma_ex.c ****       ((DMA_Stream_TypeDef   *)hdma->Instance)->FCR |= DMA_IT_FE;
 668              		.loc 1 291 7 view .LVU178
 669 0156 2B68     		ldr	r3, [r5]
 670 0158 23F01E03 		bic	r3, r3, #30
 671 015c 43F01603 		orr	r3, r3, #22
 672 0160 2B60     		str	r3, [r5]
 292:Drivers/STM32H7xx_HAL_Driver/Src/stm32h7xx_hal_dma_ex.c **** 
 673              		.loc 1 292 7 view .LVU179
 292:Drivers/STM32H7xx_HAL_Driver/Src/stm32h7xx_hal_dma_ex.c **** 
 674              		.loc 1 292 47 is_stmt 0 view .LVU180
 675 0162 6B69     		ldr	r3, [r5, #20]
 292:Drivers/STM32H7xx_HAL_Driver/Src/stm32h7xx_hal_dma_ex.c **** 
 676              		.loc 1 292 53 view .LVU181
ARM GAS  C:\Users\l1234\AppData\Local\Temp\ccA9JKn0.s 			page 28


 677 0164 43F08003 		orr	r3, r3, #128
 678 0168 6B61     		str	r3, [r5, #20]
 294:Drivers/STM32H7xx_HAL_Driver/Src/stm32h7xx_hal_dma_ex.c ****       {
 679              		.loc 1 294 7 is_stmt 1 view .LVU182
 294:Drivers/STM32H7xx_HAL_Driver/Src/stm32h7xx_hal_dma_ex.c ****       {
 680              		.loc 1 294 9 is_stmt 0 view .LVU183
 681 016a 236C     		ldr	r3, [r4, #64]
 682 016c 002B     		cmp	r3, #0
 683 016e 00F0D380 		beq	.L152
 684              	.L92:
 297:Drivers/STM32H7xx_HAL_Driver/Src/stm32h7xx_hal_dma_ex.c ****       }
 685              		.loc 1 297 9 is_stmt 1 view .LVU184
 312:Drivers/STM32H7xx_HAL_Driver/Src/stm32h7xx_hal_dma_ex.c ****     {
 686              		.loc 1 312 5 view .LVU185
 297:Drivers/STM32H7xx_HAL_Driver/Src/stm32h7xx_hal_dma_ex.c ****       }
 687              		.loc 1 297 49 is_stmt 0 view .LVU186
 688 0172 2B68     		ldr	r3, [r5]
 297:Drivers/STM32H7xx_HAL_Driver/Src/stm32h7xx_hal_dma_ex.c ****       }
 689              		.loc 1 297 55 view .LVU187
 690 0174 43F00803 		orr	r3, r3, #8
 691 0178 2B60     		str	r3, [r5]
 312:Drivers/STM32H7xx_HAL_Driver/Src/stm32h7xx_hal_dma_ex.c ****     {
 692              		.loc 1 312 8 view .LVU188
 693 017a 002E     		cmp	r6, #0
 694 017c 7FD0     		beq	.L97
 695              	.L94:
 315:Drivers/STM32H7xx_HAL_Driver/Src/stm32h7xx_hal_dma_ex.c ****       {
 696              		.loc 1 315 7 is_stmt 1 view .LVU189
 315:Drivers/STM32H7xx_HAL_Driver/Src/stm32h7xx_hal_dma_ex.c ****       {
 697              		.loc 1 315 15 is_stmt 0 view .LVU190
 698 017e 236E     		ldr	r3, [r4, #96]
 315:Drivers/STM32H7xx_HAL_Driver/Src/stm32h7xx_hal_dma_ex.c ****       {
 699              		.loc 1 315 30 view .LVU191
 700 0180 1A68     		ldr	r2, [r3]
 315:Drivers/STM32H7xx_HAL_Driver/Src/stm32h7xx_hal_dma_ex.c ****       {
 701              		.loc 1 315 9 view .LVU192
 702 0182 D203     		lsls	r2, r2, #15
 703 0184 03D5     		bpl	.L100
 318:Drivers/STM32H7xx_HAL_Driver/Src/stm32h7xx_hal_dma_ex.c ****       }
 704              		.loc 1 318 9 is_stmt 1 view .LVU193
 318:Drivers/STM32H7xx_HAL_Driver/Src/stm32h7xx_hal_dma_ex.c ****       }
 705              		.loc 1 318 28 is_stmt 0 view .LVU194
 706 0186 1A68     		ldr	r2, [r3]
 318:Drivers/STM32H7xx_HAL_Driver/Src/stm32h7xx_hal_dma_ex.c ****       }
 707              		.loc 1 318 34 view .LVU195
 708 0188 42F48072 		orr	r2, r2, #256
 709 018c 1A60     		str	r2, [r3]
 710              	.L100:
 321:Drivers/STM32H7xx_HAL_Driver/Src/stm32h7xx_hal_dma_ex.c ****       {
 711              		.loc 1 321 7 is_stmt 1 view .LVU196
 321:Drivers/STM32H7xx_HAL_Driver/Src/stm32h7xx_hal_dma_ex.c ****       {
 712              		.loc 1 321 14 is_stmt 0 view .LVU197
 713 018e E36E     		ldr	r3, [r4, #108]
 321:Drivers/STM32H7xx_HAL_Driver/Src/stm32h7xx_hal_dma_ex.c ****       {
 714              		.loc 1 321 9 view .LVU198
 715 0190 1BB1     		cbz	r3, .L102
 325:Drivers/STM32H7xx_HAL_Driver/Src/stm32h7xx_hal_dma_ex.c ****       }
ARM GAS  C:\Users\l1234\AppData\Local\Temp\ccA9JKn0.s 			page 29


 716              		.loc 1 325 9 is_stmt 1 view .LVU199
 325:Drivers/STM32H7xx_HAL_Driver/Src/stm32h7xx_hal_dma_ex.c ****       }
 717              		.loc 1 325 31 is_stmt 0 view .LVU200
 718 0192 1A68     		ldr	r2, [r3]
 325:Drivers/STM32H7xx_HAL_Driver/Src/stm32h7xx_hal_dma_ex.c ****       }
 719              		.loc 1 325 38 view .LVU201
 720 0194 42F48072 		orr	r2, r2, #256
 721 0198 1A60     		str	r2, [r3]
 330:Drivers/STM32H7xx_HAL_Driver/Src/stm32h7xx_hal_dma_ex.c ****   }
 722              		.loc 1 330 5 is_stmt 1 view .LVU202
 723              	.L102:
 330:Drivers/STM32H7xx_HAL_Driver/Src/stm32h7xx_hal_dma_ex.c ****   }
 724              		.loc 1 330 5 is_stmt 0 view .LVU203
 725 019a 2B68     		ldr	r3, [r5]
 219:Drivers/STM32H7xx_HAL_Driver/Src/stm32h7xx_hal_dma_ex.c ****   __IO uint32_t *ifcRegister_Base; /* DMA Stream Interrupt Clear register */
 726              		.loc 1 219 21 view .LVU204
 727 019c 0020     		movs	r0, #0
 728              	.LVL40:
 330:Drivers/STM32H7xx_HAL_Driver/Src/stm32h7xx_hal_dma_ex.c ****   }
 729              		.loc 1 330 5 view .LVU205
 730 019e 43F00103 		orr	r3, r3, #1
 731 01a2 2B60     		str	r3, [r5]
 341:Drivers/STM32H7xx_HAL_Driver/Src/stm32h7xx_hal_dma_ex.c **** 
 732              		.loc 1 341 1 view .LVU206
 733 01a4 07B0     		add	sp, sp, #28
 734              	.LCFI9:
 735              		.cfi_remember_state
 736              		.cfi_def_cfa_offset 36
 737              		@ sp needed
 738 01a6 BDE8F08F 		pop	{r4, r5, r6, r7, r8, r9, r10, fp, pc}
 739              	.LVL41:
 740              	.L148:
 741              	.LCFI10:
 742              		.cfi_restore_state
 229:Drivers/STM32H7xx_HAL_Driver/Src/stm32h7xx_hal_dma_ex.c ****     return HAL_ERROR;
 743              		.loc 1 229 5 is_stmt 1 view .LVU207
 229:Drivers/STM32H7xx_HAL_Driver/Src/stm32h7xx_hal_dma_ex.c ****     return HAL_ERROR;
 744              		.loc 1 229 21 is_stmt 0 view .LVU208
 745 01aa 4FF48073 		mov	r3, #256
 746              	.LVL42:
 229:Drivers/STM32H7xx_HAL_Driver/Src/stm32h7xx_hal_dma_ex.c ****     return HAL_ERROR;
 747              		.loc 1 229 21 view .LVU209
 748 01ae 4365     		str	r3, [r0, #84]
 749              	.LVL43:
 230:Drivers/STM32H7xx_HAL_Driver/Src/stm32h7xx_hal_dma_ex.c ****   }
 750              		.loc 1 230 5 is_stmt 1 view .LVU210
 230:Drivers/STM32H7xx_HAL_Driver/Src/stm32h7xx_hal_dma_ex.c ****   }
 751              		.loc 1 230 12 is_stmt 0 view .LVU211
 752 01b0 3FE7     		b	.L53
 753              	.LVL44:
 754              	.L151:
 276:Drivers/STM32H7xx_HAL_Driver/Src/stm32h7xx_hal_dma_ex.c ****     {
 755              		.loc 1 276 8 discriminator 2 view .LVU212
 756 01b2 544B     		ldr	r3, .L154+20
 757 01b4 9D42     		cmp	r5, r3
 758 01b6 C6D0     		beq	.L58
 276:Drivers/STM32H7xx_HAL_Driver/Src/stm32h7xx_hal_dma_ex.c ****     {
ARM GAS  C:\Users\l1234\AppData\Local\Temp\ccA9JKn0.s 			page 30


 759              		.loc 1 276 8 discriminator 4 view .LVU213
 760 01b8 B9F1000F 		cmp	r9, #0
 761 01bc C3D1     		bne	.L58
 276:Drivers/STM32H7xx_HAL_Driver/Src/stm32h7xx_hal_dma_ex.c ****     {
 762              		.loc 1 276 8 discriminator 6 view .LVU214
 763 01be 3033     		adds	r3, r3, #48
 764 01c0 9D42     		cmp	r5, r3
 765 01c2 C0D0     		beq	.L58
 766              	.LVL45:
 767              	.L57:
 276:Drivers/STM32H7xx_HAL_Driver/Src/stm32h7xx_hal_dma_ex.c ****     {
 768              		.loc 1 276 8 discriminator 8 view .LVU215
 769 01c4 4A4B     		ldr	r3, .L154
 770 01c6 9D42     		cmp	r5, r3
 771 01c8 00F0C080 		beq	.L62
 276:Drivers/STM32H7xx_HAL_Driver/Src/stm32h7xx_hal_dma_ex.c ****     {
 772              		.loc 1 276 8 discriminator 10 view .LVU216
 773 01cc 049B     		ldr	r3, [sp, #16]
 774 01ce 002B     		cmp	r3, #0
 775 01d0 40F0BC80 		bne	.L62
 276:Drivers/STM32H7xx_HAL_Driver/Src/stm32h7xx_hal_dma_ex.c ****     {
 776              		.loc 1 276 8 discriminator 12 view .LVU217
 777 01d4 059B     		ldr	r3, [sp, #20]
 778 01d6 002B     		cmp	r3, #0
 779 01d8 40F0B880 		bne	.L62
 276:Drivers/STM32H7xx_HAL_Driver/Src/stm32h7xx_hal_dma_ex.c ****     {
 780              		.loc 1 276 8 discriminator 14 view .LVU218
 781 01dc 4A4B     		ldr	r3, .L154+24
 782 01de 9D42     		cmp	r5, r3
 783 01e0 00F0B480 		beq	.L62
 276:Drivers/STM32H7xx_HAL_Driver/Src/stm32h7xx_hal_dma_ex.c ****     {
 784              		.loc 1 276 8 discriminator 16 view .LVU219
 785 01e4 1833     		adds	r3, r3, #24
 786 01e6 9D42     		cmp	r5, r3
 787 01e8 00F0B080 		beq	.L62
 276:Drivers/STM32H7xx_HAL_Driver/Src/stm32h7xx_hal_dma_ex.c ****     {
 788              		.loc 1 276 8 discriminator 18 view .LVU220
 789 01ec 1833     		adds	r3, r3, #24
 790 01ee 9D42     		cmp	r5, r3
 791 01f0 00F0AC80 		beq	.L62
 276:Drivers/STM32H7xx_HAL_Driver/Src/stm32h7xx_hal_dma_ex.c ****     {
 792              		.loc 1 276 8 discriminator 20 view .LVU221
 793 01f4 1833     		adds	r3, r3, #24
 794 01f6 9D42     		cmp	r5, r3
 795 01f8 00F0A880 		beq	.L62
 276:Drivers/STM32H7xx_HAL_Driver/Src/stm32h7xx_hal_dma_ex.c ****     {
 796              		.loc 1 276 8 discriminator 22 view .LVU222
 797 01fc 1833     		adds	r3, r3, #24
 798 01fe 9D42     		cmp	r5, r3
 799 0200 00F0A480 		beq	.L62
 276:Drivers/STM32H7xx_HAL_Driver/Src/stm32h7xx_hal_dma_ex.c ****     {
 800              		.loc 1 276 8 discriminator 24 view .LVU223
 801 0204 1833     		adds	r3, r3, #24
 802 0206 9D42     		cmp	r5, r3
 803 0208 00F0AD80 		beq	.L70
 276:Drivers/STM32H7xx_HAL_Driver/Src/stm32h7xx_hal_dma_ex.c ****     {
 804              		.loc 1 276 8 discriminator 26 view .LVU224
ARM GAS  C:\Users\l1234\AppData\Local\Temp\ccA9JKn0.s 			page 31


 805 020c 1833     		adds	r3, r3, #24
 806 020e 9D42     		cmp	r5, r3
 807 0210 00F0A980 		beq	.L70
 276:Drivers/STM32H7xx_HAL_Driver/Src/stm32h7xx_hal_dma_ex.c ****     {
 808              		.loc 1 276 8 discriminator 28 view .LVU225
 809 0214 1833     		adds	r3, r3, #24
 810 0216 9D42     		cmp	r5, r3
 811 0218 95D0     		beq	.L58
 276:Drivers/STM32H7xx_HAL_Driver/Src/stm32h7xx_hal_dma_ex.c ****     {
 812              		.loc 1 276 8 discriminator 30 view .LVU226
 813 021a 3C4B     		ldr	r3, .L154+28
 814 021c 9D42     		cmp	r5, r3
 815 021e 00F0A980 		beq	.L73
 276:Drivers/STM32H7xx_HAL_Driver/Src/stm32h7xx_hal_dma_ex.c ****     {
 816              		.loc 1 276 8 discriminator 32 view .LVU227
 817 0222 1433     		adds	r3, r3, #20
 818 0224 9D42     		cmp	r5, r3
 819 0226 00F0A580 		beq	.L73
 276:Drivers/STM32H7xx_HAL_Driver/Src/stm32h7xx_hal_dma_ex.c ****     {
 820              		.loc 1 276 8 discriminator 34 view .LVU228
 821 022a 1433     		adds	r3, r3, #20
 822 022c 9D42     		cmp	r5, r3
 823 022e 00F0A180 		beq	.L73
 276:Drivers/STM32H7xx_HAL_Driver/Src/stm32h7xx_hal_dma_ex.c ****     {
 824              		.loc 1 276 8 discriminator 36 view .LVU229
 825 0232 1433     		adds	r3, r3, #20
 826 0234 9D42     		cmp	r5, r3
 827 0236 00F09D80 		beq	.L73
 276:Drivers/STM32H7xx_HAL_Driver/Src/stm32h7xx_hal_dma_ex.c ****     {
 828              		.loc 1 276 8 discriminator 38 view .LVU230
 829 023a 1433     		adds	r3, r3, #20
 830 023c 9D42     		cmp	r5, r3
 831 023e 00F09980 		beq	.L73
 276:Drivers/STM32H7xx_HAL_Driver/Src/stm32h7xx_hal_dma_ex.c ****     {
 832              		.loc 1 276 8 discriminator 40 view .LVU231
 833 0242 1433     		adds	r3, r3, #20
 834 0244 9D42     		cmp	r5, r3
 835 0246 00F09580 		beq	.L73
 276:Drivers/STM32H7xx_HAL_Driver/Src/stm32h7xx_hal_dma_ex.c ****     {
 836              		.loc 1 276 8 discriminator 42 view .LVU232
 837 024a 1433     		adds	r3, r3, #20
 838 024c 9D42     		cmp	r5, r3
 839 024e 00F09180 		beq	.L73
 276:Drivers/STM32H7xx_HAL_Driver/Src/stm32h7xx_hal_dma_ex.c ****     {
 840              		.loc 1 276 8 discriminator 44 view .LVU233
 841 0252 1433     		adds	r3, r3, #20
 842 0254 9D42     		cmp	r5, r3
 843 0256 00F08D80 		beq	.L73
 288:Drivers/STM32H7xx_HAL_Driver/Src/stm32h7xx_hal_dma_ex.c ****     {
 844              		.loc 1 288 5 is_stmt 1 view .LVU234
 288:Drivers/STM32H7xx_HAL_Driver/Src/stm32h7xx_hal_dma_ex.c ****     {
 845              		.loc 1 288 8 is_stmt 0 view .LVU235
 846 025a 009B     		ldr	r3, [sp]
 847 025c 002B     		cmp	r3, #0
 848 025e 7FF47AAF 		bne	.L105
 849              	.LVL46:
 850              	.L104:
ARM GAS  C:\Users\l1234\AppData\Local\Temp\ccA9JKn0.s 			page 32


 303:Drivers/STM32H7xx_HAL_Driver/Src/stm32h7xx_hal_dma_ex.c **** 
 851              		.loc 1 303 7 is_stmt 1 view .LVU236
 852 0262 2B68     		ldr	r3, [r5]
 853 0264 23F00E03 		bic	r3, r3, #14
 854 0268 43F00A03 		orr	r3, r3, #10
 855 026c 2B60     		str	r3, [r5]
 305:Drivers/STM32H7xx_HAL_Driver/Src/stm32h7xx_hal_dma_ex.c ****       {
 856              		.loc 1 305 7 view .LVU237
 305:Drivers/STM32H7xx_HAL_Driver/Src/stm32h7xx_hal_dma_ex.c ****       {
 857              		.loc 1 305 9 is_stmt 0 view .LVU238
 858 026e 236C     		ldr	r3, [r4, #64]
 859 0270 002B     		cmp	r3, #0
 860 0272 00F08680 		beq	.L153
 861              	.L82:
 308:Drivers/STM32H7xx_HAL_Driver/Src/stm32h7xx_hal_dma_ex.c ****       }
 862              		.loc 1 308 9 is_stmt 1 view .LVU239
 308:Drivers/STM32H7xx_HAL_Driver/Src/stm32h7xx_hal_dma_ex.c ****       }
 863              		.loc 1 308 51 is_stmt 0 view .LVU240
 864 0276 2B68     		ldr	r3, [r5]
 308:Drivers/STM32H7xx_HAL_Driver/Src/stm32h7xx_hal_dma_ex.c ****       }
 865              		.loc 1 308 58 view .LVU241
 866 0278 43F00403 		orr	r3, r3, #4
 867 027c 2B60     		str	r3, [r5]
 312:Drivers/STM32H7xx_HAL_Driver/Src/stm32h7xx_hal_dma_ex.c ****     {
 868              		.loc 1 312 5 is_stmt 1 view .LVU242
 869              	.L97:
 312:Drivers/STM32H7xx_HAL_Driver/Src/stm32h7xx_hal_dma_ex.c ****     {
 870              		.loc 1 312 8 is_stmt 0 discriminator 2 view .LVU243
 871 027e BBF1000F 		cmp	fp, #0
 872 0282 7FF47CAF 		bne	.L94
 873 0286 B9F1000F 		cmp	r9, #0
 874 028a 7FF478AF 		bne	.L94
 875              	.L121:
 312:Drivers/STM32H7xx_HAL_Driver/Src/stm32h7xx_hal_dma_ex.c ****     {
 876              		.loc 1 312 8 view .LVU244
 877 028e 204B     		ldr	r3, .L154+32
 878 0290 1E4A     		ldr	r2, .L154+28
 879 0292 9542     		cmp	r5, r2
 880 0294 18BF     		it	ne
 881 0296 9D42     		cmpne	r5, r3
 882 0298 02F12802 		add	r2, r2, #40
 883 029c 0CBF     		ite	eq
 884 029e 0123     		moveq	r3, #1
 885 02a0 0023     		movne	r3, #0
 886 02a2 9542     		cmp	r5, r2
 887 02a4 08BF     		it	eq
 888 02a6 43F00103 		orreq	r3, r3, #1
 889 02aa 1432     		adds	r2, r2, #20
 890 02ac 9542     		cmp	r5, r2
 891 02ae 08BF     		it	eq
 892 02b0 43F00103 		orreq	r3, r3, #1
 893 02b4 1432     		adds	r2, r2, #20
 894 02b6 9542     		cmp	r5, r2
 895 02b8 08BF     		it	eq
 896 02ba 43F00103 		orreq	r3, r3, #1
 897 02be 1432     		adds	r2, r2, #20
 898 02c0 9542     		cmp	r5, r2
ARM GAS  C:\Users\l1234\AppData\Local\Temp\ccA9JKn0.s 			page 33


 899 02c2 08BF     		it	eq
 900 02c4 43F00103 		orreq	r3, r3, #1
 901 02c8 1432     		adds	r2, r2, #20
 902 02ca 9542     		cmp	r5, r2
 903 02cc 08BF     		it	eq
 904 02ce 43F00103 		orreq	r3, r3, #1
 905 02d2 1432     		adds	r2, r2, #20
 906 02d4 9542     		cmp	r5, r2
 907 02d6 08BF     		it	eq
 908 02d8 43F00103 		orreq	r3, r3, #1
 909 02dc 002B     		cmp	r3, #0
 910 02de 7FF44EAF 		bne	.L94
 911 02e2 039B     		ldr	r3, [sp, #12]
 912 02e4 002B     		cmp	r3, #0
 913 02e6 7FF44AAF 		bne	.L94
 914 02ea 56E7     		b	.L102
 915              	.LVL47:
 916              	.L107:
 234:Drivers/STM32H7xx_HAL_Driver/Src/stm32h7xx_hal_dma_ex.c **** 
 917              		.loc 1 234 3 view .LVU245
 918 02ec 0220     		movs	r0, #2
 919              	.LVL48:
 234:Drivers/STM32H7xx_HAL_Driver/Src/stm32h7xx_hal_dma_ex.c **** 
 920              		.loc 1 234 3 view .LVU246
 921 02ee A1E6     		b	.L124
 922              	.L155:
 923              		.align	2
 924              	.L154:
 925 02f0 88000240 		.word	1073873032
 926 02f4 A0000240 		.word	1073873056
 927 02f8 B8000240 		.word	1073873080
 928 02fc 28000240 		.word	1073872936
 929 0300 B8040240 		.word	1073874104
 930 0304 40000240 		.word	1073872960
 931 0308 10040240 		.word	1073873936
 932 030c 08540258 		.word	1476547592
 933 0310 1C540258 		.word	1476547612
 934 0314 58000240 		.word	1073872984
 935              	.LVL49:
 936              	.L152:
 294:Drivers/STM32H7xx_HAL_Driver/Src/stm32h7xx_hal_dma_ex.c ****       {
 937              		.loc 1 294 47 discriminator 1 view .LVU247
 938 0318 A36C     		ldr	r3, [r4, #72]
 939 031a 002B     		cmp	r3, #0
 940 031c 7FF429AF 		bne	.L92
 312:Drivers/STM32H7xx_HAL_Driver/Src/stm32h7xx_hal_dma_ex.c ****     {
 941              		.loc 1 312 5 is_stmt 1 view .LVU248
 312:Drivers/STM32H7xx_HAL_Driver/Src/stm32h7xx_hal_dma_ex.c ****     {
 942              		.loc 1 312 8 is_stmt 0 view .LVU249
 943 0320 002E     		cmp	r6, #0
 944 0322 7FF42CAF 		bne	.L94
 945 0326 AAE7     		b	.L97
 946              	.LVL50:
 947              	.L150:
 261:Drivers/STM32H7xx_HAL_Driver/Src/stm32h7xx_hal_dma_ex.c **** 
 948              		.loc 1 261 7 is_stmt 1 view .LVU250
 261:Drivers/STM32H7xx_HAL_Driver/Src/stm32h7xx_hal_dma_ex.c **** 
ARM GAS  C:\Users\l1234\AppData\Local\Temp\ccA9JKn0.s 			page 34


 949              		.loc 1 261 49 is_stmt 0 view .LVU251
 950 0328 D5F800E0 		ldr	lr, [r5]
 261:Drivers/STM32H7xx_HAL_Driver/Src/stm32h7xx_hal_dma_ex.c **** 
 951              		.loc 1 261 55 view .LVU252
 952 032c 48F2200C 		movw	ip, #32800
 270:Drivers/STM32H7xx_HAL_Driver/Src/stm32h7xx_hal_dma_ex.c ****     }
 953              		.loc 1 270 43 view .LVU253
 954 0330 0AFA08FA 		lsl	r10, r10, r8
 261:Drivers/STM32H7xx_HAL_Driver/Src/stm32h7xx_hal_dma_ex.c **** 
 955              		.loc 1 261 55 view .LVU254
 956 0334 4EEA0C0C 		orr	ip, lr, ip
 957 0338 C5F800C0 		str	ip, [r5]
 264:Drivers/STM32H7xx_HAL_Driver/Src/stm32h7xx_hal_dma_ex.c **** 
 958              		.loc 1 264 7 is_stmt 1 view .LVU255
 264:Drivers/STM32H7xx_HAL_Driver/Src/stm32h7xx_hal_dma_ex.c **** 
 959              		.loc 1 264 57 is_stmt 0 view .LVU256
 960 033c 2B61     		str	r3, [r5, #16]
 267:Drivers/STM32H7xx_HAL_Driver/Src/stm32h7xx_hal_dma_ex.c **** 
 961              		.loc 1 267 7 is_stmt 1 view .LVU257
 962              	.LVL51:
 270:Drivers/STM32H7xx_HAL_Driver/Src/stm32h7xx_hal_dma_ex.c ****     }
 963              		.loc 1 270 7 view .LVU258
 270:Drivers/STM32H7xx_HAL_Driver/Src/stm32h7xx_hal_dma_ex.c ****     }
 964              		.loc 1 270 25 is_stmt 0 view .LVU259
 965 033e 029B     		ldr	r3, [sp, #8]
 966              	.LVL52:
 270:Drivers/STM32H7xx_HAL_Driver/Src/stm32h7xx_hal_dma_ex.c ****     }
 967              		.loc 1 270 25 view .LVU260
 968 0340 C3F804A0 		str	r10, [r3, #4]
 969              	.LVL53:
 274:Drivers/STM32H7xx_HAL_Driver/Src/stm32h7xx_hal_dma_ex.c **** 
 970              		.loc 1 274 5 is_stmt 1 view .LVU261
 971 0344 109B     		ldr	r3, [sp, #64]
 972 0346 FFF7FEFF 		bl	DMA_MultiBufferSetConfig
 973              	.LVL54:
 276:Drivers/STM32H7xx_HAL_Driver/Src/stm32h7xx_hal_dma_ex.c ****     {
 974              		.loc 1 276 5 view .LVU262
 975 034a 3BE7     		b	.L57
 976              	.LVL55:
 977              	.L62:
 279:Drivers/STM32H7xx_HAL_Driver/Src/stm32h7xx_hal_dma_ex.c **** 
 978              		.loc 1 279 7 view .LVU263
 279:Drivers/STM32H7xx_HAL_Driver/Src/stm32h7xx_hal_dma_ex.c **** 
 979              		.loc 1 279 44 is_stmt 0 view .LVU264
 980 034c D4E91932 		ldrd	r3, r2, [r4, #100]
 981              	.LVL56:
 279:Drivers/STM32H7xx_HAL_Driver/Src/stm32h7xx_hal_dma_ex.c **** 
 982              		.loc 1 279 38 view .LVU265
 983 0350 5A60     		str	r2, [r3, #4]
 984              	.LVL57:
 281:Drivers/STM32H7xx_HAL_Driver/Src/stm32h7xx_hal_dma_ex.c ****       {
 985              		.loc 1 281 7 is_stmt 1 view .LVU266
 281:Drivers/STM32H7xx_HAL_Driver/Src/stm32h7xx_hal_dma_ex.c ****       {
 986              		.loc 1 281 9 is_stmt 0 view .LVU267
 987 0352 E36E     		ldr	r3, [r4, #108]
 988 0354 13B1     		cbz	r3, .L106
 989              	.L84:
ARM GAS  C:\Users\l1234\AppData\Local\Temp\ccA9JKn0.s 			page 35


 284:Drivers/STM32H7xx_HAL_Driver/Src/stm32h7xx_hal_dma_ex.c ****       }
 990              		.loc 1 284 9 is_stmt 1 view .LVU268
 284:Drivers/STM32H7xx_HAL_Driver/Src/stm32h7xx_hal_dma_ex.c ****       }
 991              		.loc 1 284 51 is_stmt 0 view .LVU269
 992 0356 D4E91C32 		ldrd	r3, r2, [r4, #112]
 284:Drivers/STM32H7xx_HAL_Driver/Src/stm32h7xx_hal_dma_ex.c ****       }
 993              		.loc 1 284 45 view .LVU270
 994 035a 5A60     		str	r2, [r3, #4]
 288:Drivers/STM32H7xx_HAL_Driver/Src/stm32h7xx_hal_dma_ex.c ****     {
 995              		.loc 1 288 5 is_stmt 1 view .LVU271
 996              	.L106:
 288:Drivers/STM32H7xx_HAL_Driver/Src/stm32h7xx_hal_dma_ex.c ****     {
 997              		.loc 1 288 8 is_stmt 0 view .LVU272
 998 035c 039B     		ldr	r3, [sp, #12]
 999 035e 002B     		cmp	r3, #0
 1000 0360 7FF4F9AE 		bne	.L105
 1001 0364 7DE7     		b	.L104
 1002              	.LVL58:
 1003              	.L70:
 279:Drivers/STM32H7xx_HAL_Driver/Src/stm32h7xx_hal_dma_ex.c **** 
 1004              		.loc 1 279 7 is_stmt 1 view .LVU273
 279:Drivers/STM32H7xx_HAL_Driver/Src/stm32h7xx_hal_dma_ex.c **** 
 1005              		.loc 1 279 44 is_stmt 0 view .LVU274
 1006 0366 D4E91932 		ldrd	r3, r2, [r4, #100]
 1007              	.LVL59:
 279:Drivers/STM32H7xx_HAL_Driver/Src/stm32h7xx_hal_dma_ex.c **** 
 1008              		.loc 1 279 38 view .LVU275
 1009 036a 5A60     		str	r2, [r3, #4]
 1010              	.LVL60:
 281:Drivers/STM32H7xx_HAL_Driver/Src/stm32h7xx_hal_dma_ex.c ****       {
 1011              		.loc 1 281 7 is_stmt 1 view .LVU276
 281:Drivers/STM32H7xx_HAL_Driver/Src/stm32h7xx_hal_dma_ex.c ****       {
 1012              		.loc 1 281 9 is_stmt 0 view .LVU277
 1013 036c E36E     		ldr	r3, [r4, #108]
 1014 036e 002B     		cmp	r3, #0
 1015 0370 F1D1     		bne	.L84
 1016 0372 F0E6     		b	.L105
 1017              	.LVL61:
 1018              	.L73:
 279:Drivers/STM32H7xx_HAL_Driver/Src/stm32h7xx_hal_dma_ex.c **** 
 1019              		.loc 1 279 7 is_stmt 1 view .LVU278
 279:Drivers/STM32H7xx_HAL_Driver/Src/stm32h7xx_hal_dma_ex.c **** 
 1020              		.loc 1 279 44 is_stmt 0 view .LVU279
 1021 0374 D4E91932 		ldrd	r3, r2, [r4, #100]
 1022              	.LVL62:
 279:Drivers/STM32H7xx_HAL_Driver/Src/stm32h7xx_hal_dma_ex.c **** 
 1023              		.loc 1 279 38 view .LVU280
 1024 0378 5A60     		str	r2, [r3, #4]
 1025              	.LVL63:
 281:Drivers/STM32H7xx_HAL_Driver/Src/stm32h7xx_hal_dma_ex.c ****       {
 1026              		.loc 1 281 7 is_stmt 1 view .LVU281
 281:Drivers/STM32H7xx_HAL_Driver/Src/stm32h7xx_hal_dma_ex.c ****       {
 1027              		.loc 1 281 9 is_stmt 0 view .LVU282
 1028 037a E36E     		ldr	r3, [r4, #108]
 1029 037c 002B     		cmp	r3, #0
 1030 037e EAD1     		bne	.L84
 1031 0380 6FE7     		b	.L104
ARM GAS  C:\Users\l1234\AppData\Local\Temp\ccA9JKn0.s 			page 36


 1032              	.L153:
 305:Drivers/STM32H7xx_HAL_Driver/Src/stm32h7xx_hal_dma_ex.c ****       {
 1033              		.loc 1 305 47 discriminator 1 view .LVU283
 1034 0382 A36C     		ldr	r3, [r4, #72]
 1035 0384 002B     		cmp	r3, #0
 1036 0386 7FF476AF 		bne	.L82
 312:Drivers/STM32H7xx_HAL_Driver/Src/stm32h7xx_hal_dma_ex.c ****     {
 1037              		.loc 1 312 5 is_stmt 1 view .LVU284
 312:Drivers/STM32H7xx_HAL_Driver/Src/stm32h7xx_hal_dma_ex.c ****     {
 1038              		.loc 1 312 8 is_stmt 0 view .LVU285
 1039 038a 009B     		ldr	r3, [sp]
 1040 038c 002B     		cmp	r3, #0
 1041 038e 7FF4F6AE 		bne	.L94
 1042 0392 7CE7     		b	.L121
 1043              		.cfi_endproc
 1044              	.LFE145:
 1046              		.section	.text.HAL_DMAEx_ChangeMemory,"ax",%progbits
 1047              		.align	1
 1048              		.p2align 2,,3
 1049              		.global	HAL_DMAEx_ChangeMemory
 1050              		.syntax unified
 1051              		.thumb
 1052              		.thumb_func
 1054              	HAL_DMAEx_ChangeMemory:
 1055              	.LVL64:
 1056              	.LFB146:
 358:Drivers/STM32H7xx_HAL_Driver/Src/stm32h7xx_hal_dma_ex.c ****   if(IS_DMA_STREAM_INSTANCE(hdma->Instance) != 0U) /* DMA1 or DMA2 instance */
 1057              		.loc 1 358 1 is_stmt 1 view -0
 1058              		.cfi_startproc
 1059              		@ args = 0, pretend = 0, frame = 0
 1060              		@ frame_needed = 0, uses_anonymous_args = 0
 1061              		@ link register save eliminated.
 359:Drivers/STM32H7xx_HAL_Driver/Src/stm32h7xx_hal_dma_ex.c ****   {
 1062              		.loc 1 359 3 view .LVU287
 361:Drivers/STM32H7xx_HAL_Driver/Src/stm32h7xx_hal_dma_ex.c ****     {
 1063              		.loc 1 361 5 view .LVU288
 359:Drivers/STM32H7xx_HAL_Driver/Src/stm32h7xx_hal_dma_ex.c ****   {
 1064              		.loc 1 359 6 is_stmt 0 view .LVU289
 1065 0000 0068     		ldr	r0, [r0]
 1066              	.LVL65:
 358:Drivers/STM32H7xx_HAL_Driver/Src/stm32h7xx_hal_dma_ex.c ****   if(IS_DMA_STREAM_INSTANCE(hdma->Instance) != 0U) /* DMA1 or DMA2 instance */
 1067              		.loc 1 358 1 view .LVU290
 1068 0002 10B4     		push	{r4}
 1069              	.LCFI11:
 1070              		.cfi_def_cfa_offset 4
 1071              		.cfi_offset 4, -4
 361:Drivers/STM32H7xx_HAL_Driver/Src/stm32h7xx_hal_dma_ex.c ****     {
 1072              		.loc 1 361 7 view .LVU291
 1073 0004 22B9     		cbnz	r2, .L162
 377:Drivers/STM32H7xx_HAL_Driver/Src/stm32h7xx_hal_dma_ex.c ****     }
 1074              		.loc 1 377 7 is_stmt 1 view .LVU292
 377:Drivers/STM32H7xx_HAL_Driver/Src/stm32h7xx_hal_dma_ex.c ****     }
 1075              		.loc 1 377 57 is_stmt 0 view .LVU293
 1076 0006 C160     		str	r1, [r0, #12]
 386:Drivers/STM32H7xx_HAL_Driver/Src/stm32h7xx_hal_dma_ex.c **** }
 1077              		.loc 1 386 3 is_stmt 1 view .LVU294
 387:Drivers/STM32H7xx_HAL_Driver/Src/stm32h7xx_hal_dma_ex.c **** 
ARM GAS  C:\Users\l1234\AppData\Local\Temp\ccA9JKn0.s 			page 37


 1078              		.loc 1 387 1 is_stmt 0 view .LVU295
 1079 0008 0020     		movs	r0, #0
 1080 000a 5DF8044B 		ldr	r4, [sp], #4
 1081              	.LCFI12:
 1082              		.cfi_remember_state
 1083              		.cfi_restore 4
 1084              		.cfi_def_cfa_offset 0
 1085 000e 7047     		bx	lr
 1086              	.L162:
 1087              	.LCFI13:
 1088              		.cfi_restore_state
 382:Drivers/STM32H7xx_HAL_Driver/Src/stm32h7xx_hal_dma_ex.c ****     }
 1089              		.loc 1 382 7 is_stmt 1 view .LVU296
 382:Drivers/STM32H7xx_HAL_Driver/Src/stm32h7xx_hal_dma_ex.c ****     }
 1090              		.loc 1 382 57 is_stmt 0 view .LVU297
 1091 0010 0161     		str	r1, [r0, #16]
 386:Drivers/STM32H7xx_HAL_Driver/Src/stm32h7xx_hal_dma_ex.c **** }
 1092              		.loc 1 386 3 is_stmt 1 view .LVU298
 387:Drivers/STM32H7xx_HAL_Driver/Src/stm32h7xx_hal_dma_ex.c **** 
 1093              		.loc 1 387 1 is_stmt 0 view .LVU299
 1094 0012 0020     		movs	r0, #0
 1095 0014 5DF8044B 		ldr	r4, [sp], #4
 1096              	.LCFI14:
 1097              		.cfi_restore 4
 1098              		.cfi_def_cfa_offset 0
 1099 0018 7047     		bx	lr
 1100              		.cfi_endproc
 1101              	.LFE146:
 1103 001a 00BF     		.section	.text.HAL_DMAEx_ConfigMuxSync,"ax",%progbits
 1104              		.align	1
 1105              		.p2align 2,,3
 1106              		.global	HAL_DMAEx_ConfigMuxSync
 1107              		.syntax unified
 1108              		.thumb
 1109              		.thumb_func
 1111              	HAL_DMAEx_ConfigMuxSync:
 1112              	.LVL66:
 1113              	.LFB147:
 397:Drivers/STM32H7xx_HAL_Driver/Src/stm32h7xx_hal_dma_ex.c ****   uint32_t syncSignalID = 0;
 1114              		.loc 1 397 1 is_stmt 1 view -0
 1115              		.cfi_startproc
 1116              		@ args = 0, pretend = 0, frame = 0
 1117              		@ frame_needed = 0, uses_anonymous_args = 0
 1118              		@ link register save eliminated.
 398:Drivers/STM32H7xx_HAL_Driver/Src/stm32h7xx_hal_dma_ex.c ****   uint32_t syncPolarity = 0;
 1119              		.loc 1 398 3 view .LVU301
 399:Drivers/STM32H7xx_HAL_Driver/Src/stm32h7xx_hal_dma_ex.c **** 
 1120              		.loc 1 399 3 view .LVU302
 402:Drivers/STM32H7xx_HAL_Driver/Src/stm32h7xx_hal_dma_ex.c ****   assert_param(IS_DMAMUX_SYNC_STATE(pSyncConfig->SyncEnable));
 1121              		.loc 1 402 3 view .LVU303
 403:Drivers/STM32H7xx_HAL_Driver/Src/stm32h7xx_hal_dma_ex.c ****   assert_param(IS_DMAMUX_SYNC_EVENT(pSyncConfig->EventEnable));
 1122              		.loc 1 403 3 view .LVU304
 404:Drivers/STM32H7xx_HAL_Driver/Src/stm32h7xx_hal_dma_ex.c ****   assert_param(IS_DMAMUX_SYNC_REQUEST_NUMBER(pSyncConfig->RequestNumber));
 1123              		.loc 1 404 3 view .LVU305
 405:Drivers/STM32H7xx_HAL_Driver/Src/stm32h7xx_hal_dma_ex.c **** 
 1124              		.loc 1 405 3 view .LVU306
 407:Drivers/STM32H7xx_HAL_Driver/Src/stm32h7xx_hal_dma_ex.c ****   {
ARM GAS  C:\Users\l1234\AppData\Local\Temp\ccA9JKn0.s 			page 38


 1125              		.loc 1 407 3 view .LVU307
 397:Drivers/STM32H7xx_HAL_Driver/Src/stm32h7xx_hal_dma_ex.c ****   uint32_t syncSignalID = 0;
 1126              		.loc 1 397 1 is_stmt 0 view .LVU308
 1127 0000 70B4     		push	{r4, r5, r6}
 1128              	.LCFI15:
 1129              		.cfi_def_cfa_offset 12
 1130              		.cfi_offset 4, -12
 1131              		.cfi_offset 5, -8
 1132              		.cfi_offset 6, -4
 407:Drivers/STM32H7xx_HAL_Driver/Src/stm32h7xx_hal_dma_ex.c ****   {
 1133              		.loc 1 407 17 view .LVU309
 1134 0002 0B7A     		ldrb	r3, [r1, #8]	@ zero_extendqisi2
 397:Drivers/STM32H7xx_HAL_Driver/Src/stm32h7xx_hal_dma_ex.c ****   uint32_t syncSignalID = 0;
 1135              		.loc 1 397 1 view .LVU310
 1136 0004 0246     		mov	r2, r0
 407:Drivers/STM32H7xx_HAL_Driver/Src/stm32h7xx_hal_dma_ex.c ****   {
 1137              		.loc 1 407 5 view .LVU311
 1138 0006 012B     		cmp	r3, #1
 1139 0008 29D0     		beq	.L171
 399:Drivers/STM32H7xx_HAL_Driver/Src/stm32h7xx_hal_dma_ex.c **** 
 1140              		.loc 1 399 12 view .LVU312
 1141 000a 0024     		movs	r4, #0
 398:Drivers/STM32H7xx_HAL_Driver/Src/stm32h7xx_hal_dma_ex.c ****   uint32_t syncPolarity = 0;
 1142              		.loc 1 398 12 view .LVU313
 1143 000c 2546     		mov	r5, r4
 1144              	.LVL67:
 1145              	.L165:
 424:Drivers/STM32H7xx_HAL_Driver/Src/stm32h7xx_hal_dma_ex.c ****   {
 1146              		.loc 1 424 3 is_stmt 1 view .LVU314
 424:Drivers/STM32H7xx_HAL_Driver/Src/stm32h7xx_hal_dma_ex.c ****   {
 1147              		.loc 1 424 10 is_stmt 0 view .LVU315
 1148 000e 92F83500 		ldrb	r0, [r2, #53]	@ zero_extendqisi2
 1149              	.LVL68:
 424:Drivers/STM32H7xx_HAL_Driver/Src/stm32h7xx_hal_dma_ex.c ****   {
 1150              		.loc 1 424 5 view .LVU316
 1151 0012 0128     		cmp	r0, #1
 1152 0014 1DD1     		bne	.L166
 427:Drivers/STM32H7xx_HAL_Driver/Src/stm32h7xx_hal_dma_ex.c **** 
 1153              		.loc 1 427 5 is_stmt 1 view .LVU317
 427:Drivers/STM32H7xx_HAL_Driver/Src/stm32h7xx_hal_dma_ex.c **** 
 1154              		.loc 1 427 5 view .LVU318
 1155 0016 92F83400 		ldrb	r0, [r2, #52]	@ zero_extendqisi2
 1156 001a 0128     		cmp	r0, #1
 1157 001c 22D0     		beq	.L169
 427:Drivers/STM32H7xx_HAL_Driver/Src/stm32h7xx_hal_dma_ex.c **** 
 1158              		.loc 1 427 5 discriminator 2 view .LVU319
 427:Drivers/STM32H7xx_HAL_Driver/Src/stm32h7xx_hal_dma_ex.c **** 
 1159              		.loc 1 427 5 discriminator 2 view .LVU320
 430:Drivers/STM32H7xx_HAL_Driver/Src/stm32h7xx_hal_dma_ex.c **** 
 1160              		.loc 1 430 5 discriminator 2 view .LVU321
 433:Drivers/STM32H7xx_HAL_Driver/Src/stm32h7xx_hal_dma_ex.c ****                (~DMAMUX_CxCR_DMAREQ_ID) , \
 1161              		.loc 1 433 5 is_stmt 0 discriminator 2 view .LVU322
 1162 001e CE68     		ldr	r6, [r1, #12]
 1163 0020 1B04     		lsls	r3, r3, #16
 430:Drivers/STM32H7xx_HAL_Driver/Src/stm32h7xx_hal_dma_ex.c **** 
 1164              		.loc 1 430 5 discriminator 2 view .LVU323
 1165 0022 106E     		ldr	r0, [r2, #96]
ARM GAS  C:\Users\l1234\AppData\Local\Temp\ccA9JKn0.s 			page 39


 433:Drivers/STM32H7xx_HAL_Driver/Src/stm32h7xx_hal_dma_ex.c ****                (~DMAMUX_CxCR_DMAREQ_ID) , \
 1166              		.loc 1 433 5 discriminator 2 view .LVU324
 1167 0024 013E     		subs	r6, r6, #1
 1168 0026 43EAC643 		orr	r3, r3, r6, lsl #19
 430:Drivers/STM32H7xx_HAL_Driver/Src/stm32h7xx_hal_dma_ex.c **** 
 1169              		.loc 1 430 5 discriminator 2 view .LVU325
 1170 002a 0668     		ldr	r6, [r0]
 1171 002c 26F48136 		bic	r6, r6, #66048
 1172 0030 0660     		str	r6, [r0]
 433:Drivers/STM32H7xx_HAL_Driver/Src/stm32h7xx_hal_dma_ex.c ****                (~DMAMUX_CxCR_DMAREQ_ID) , \
 1173              		.loc 1 433 5 is_stmt 1 discriminator 2 view .LVU326
 1174 0032 4E7A     		ldrb	r6, [r1, #9]	@ zero_extendqisi2
 1175 0034 0168     		ldr	r1, [r0]
 1176              	.LVL69:
 433:Drivers/STM32H7xx_HAL_Driver/Src/stm32h7xx_hal_dma_ex.c ****                (~DMAMUX_CxCR_DMAREQ_ID) , \
 1177              		.loc 1 433 5 is_stmt 0 discriminator 2 view .LVU327
 1178 0036 C9B2     		uxtb	r1, r1
 1179 0038 0B43     		orrs	r3, r3, r1
 441:Drivers/STM32H7xx_HAL_Driver/Src/stm32h7xx_hal_dma_ex.c **** 
 1180              		.loc 1 441 5 discriminator 2 view .LVU328
 1181 003a 0021     		movs	r1, #0
 433:Drivers/STM32H7xx_HAL_Driver/Src/stm32h7xx_hal_dma_ex.c ****                (~DMAMUX_CxCR_DMAREQ_ID) , \
 1182              		.loc 1 433 5 discriminator 2 view .LVU329
 1183 003c 43EA4623 		orr	r3, r3, r6, lsl #9
 1184 0040 2343     		orrs	r3, r3, r4
 1185 0042 43EA0563 		orr	r3, r3, r5, lsl #24
 1186 0046 0360     		str	r3, [r0]
 441:Drivers/STM32H7xx_HAL_Driver/Src/stm32h7xx_hal_dma_ex.c **** 
 1187              		.loc 1 441 5 is_stmt 1 discriminator 2 view .LVU330
 441:Drivers/STM32H7xx_HAL_Driver/Src/stm32h7xx_hal_dma_ex.c **** 
 1188              		.loc 1 441 5 discriminator 2 view .LVU331
 443:Drivers/STM32H7xx_HAL_Driver/Src/stm32h7xx_hal_dma_ex.c ****   }
 1189              		.loc 1 443 12 is_stmt 0 discriminator 2 view .LVU332
 1190 0048 0846     		mov	r0, r1
 441:Drivers/STM32H7xx_HAL_Driver/Src/stm32h7xx_hal_dma_ex.c **** 
 1191              		.loc 1 441 5 discriminator 2 view .LVU333
 1192 004a 82F83410 		strb	r1, [r2, #52]
 441:Drivers/STM32H7xx_HAL_Driver/Src/stm32h7xx_hal_dma_ex.c **** 
 1193              		.loc 1 441 5 is_stmt 1 discriminator 2 view .LVU334
 443:Drivers/STM32H7xx_HAL_Driver/Src/stm32h7xx_hal_dma_ex.c ****   }
 1194              		.loc 1 443 5 discriminator 2 view .LVU335
 453:Drivers/STM32H7xx_HAL_Driver/Src/stm32h7xx_hal_dma_ex.c **** 
 1195              		.loc 1 453 1 is_stmt 0 discriminator 2 view .LVU336
 1196 004e 70BC     		pop	{r4, r5, r6}
 1197              	.LCFI16:
 1198              		.cfi_remember_state
 1199              		.cfi_restore 6
 1200              		.cfi_restore 5
 1201              		.cfi_restore 4
 1202              		.cfi_def_cfa_offset 0
 1203              	.LVL70:
 453:Drivers/STM32H7xx_HAL_Driver/Src/stm32h7xx_hal_dma_ex.c **** 
 1204              		.loc 1 453 1 discriminator 2 view .LVU337
 1205 0050 7047     		bx	lr
 1206              	.LVL71:
 1207              	.L166:
 1208              	.LCFI17:
ARM GAS  C:\Users\l1234\AppData\Local\Temp\ccA9JKn0.s 			page 40


 1209              		.cfi_restore_state
 448:Drivers/STM32H7xx_HAL_Driver/Src/stm32h7xx_hal_dma_ex.c **** 
 1210              		.loc 1 448 5 is_stmt 1 view .LVU338
 448:Drivers/STM32H7xx_HAL_Driver/Src/stm32h7xx_hal_dma_ex.c **** 
 1211              		.loc 1 448 21 is_stmt 0 view .LVU339
 1212 0052 4FF40063 		mov	r3, #2048
 451:Drivers/STM32H7xx_HAL_Driver/Src/stm32h7xx_hal_dma_ex.c ****   }
 1213              		.loc 1 451 12 view .LVU340
 1214 0056 0120     		movs	r0, #1
 453:Drivers/STM32H7xx_HAL_Driver/Src/stm32h7xx_hal_dma_ex.c **** 
 1215              		.loc 1 453 1 view .LVU341
 1216 0058 70BC     		pop	{r4, r5, r6}
 1217              	.LCFI18:
 1218              		.cfi_remember_state
 1219              		.cfi_restore 6
 1220              		.cfi_restore 5
 1221              		.cfi_restore 4
 1222              		.cfi_def_cfa_offset 0
 1223              	.LVL72:
 448:Drivers/STM32H7xx_HAL_Driver/Src/stm32h7xx_hal_dma_ex.c **** 
 1224              		.loc 1 448 21 view .LVU342
 1225 005a 5365     		str	r3, [r2, #84]
 451:Drivers/STM32H7xx_HAL_Driver/Src/stm32h7xx_hal_dma_ex.c ****   }
 1226              		.loc 1 451 5 is_stmt 1 view .LVU343
 453:Drivers/STM32H7xx_HAL_Driver/Src/stm32h7xx_hal_dma_ex.c **** 
 1227              		.loc 1 453 1 is_stmt 0 view .LVU344
 1228 005c 7047     		bx	lr
 1229              	.LVL73:
 1230              	.L171:
 1231              	.LCFI19:
 1232              		.cfi_restore_state
 409:Drivers/STM32H7xx_HAL_Driver/Src/stm32h7xx_hal_dma_ex.c **** 
 1233              		.loc 1 409 5 is_stmt 1 view .LVU345
 411:Drivers/STM32H7xx_HAL_Driver/Src/stm32h7xx_hal_dma_ex.c ****     {
 1234              		.loc 1 411 5 view .LVU346
 417:Drivers/STM32H7xx_HAL_Driver/Src/stm32h7xx_hal_dma_ex.c ****     }
 1235              		.loc 1 417 7 view .LVU347
 419:Drivers/STM32H7xx_HAL_Driver/Src/stm32h7xx_hal_dma_ex.c ****     syncPolarity = pSyncConfig->SyncPolarity;
 1236              		.loc 1 419 5 view .LVU348
 420:Drivers/STM32H7xx_HAL_Driver/Src/stm32h7xx_hal_dma_ex.c ****   }
 1237              		.loc 1 420 18 is_stmt 0 view .LVU349
 1238 005e D1E90054 		ldrd	r5, r4, [r1]
 1239              	.LVL74:
 420:Drivers/STM32H7xx_HAL_Driver/Src/stm32h7xx_hal_dma_ex.c ****   }
 1240              		.loc 1 420 18 view .LVU350
 1241 0062 D4E7     		b	.L165
 1242              	.LVL75:
 1243              	.L169:
 427:Drivers/STM32H7xx_HAL_Driver/Src/stm32h7xx_hal_dma_ex.c **** 
 1244              		.loc 1 427 5 view .LVU351
 1245 0064 0220     		movs	r0, #2
 453:Drivers/STM32H7xx_HAL_Driver/Src/stm32h7xx_hal_dma_ex.c **** 
 1246              		.loc 1 453 1 view .LVU352
 1247 0066 70BC     		pop	{r4, r5, r6}
 1248              	.LCFI20:
 1249              		.cfi_restore 6
 1250              		.cfi_restore 5
ARM GAS  C:\Users\l1234\AppData\Local\Temp\ccA9JKn0.s 			page 41


 1251              		.cfi_restore 4
 1252              		.cfi_def_cfa_offset 0
 1253              	.LVL76:
 453:Drivers/STM32H7xx_HAL_Driver/Src/stm32h7xx_hal_dma_ex.c **** 
 1254              		.loc 1 453 1 view .LVU353
 1255 0068 7047     		bx	lr
 1256              		.cfi_endproc
 1257              	.LFE147:
 1259 006a 00BF     		.section	.text.HAL_DMAEx_ConfigMuxRequestGenerator,"ax",%progbits
 1260              		.align	1
 1261              		.p2align 2,,3
 1262              		.global	HAL_DMAEx_ConfigMuxRequestGenerator
 1263              		.syntax unified
 1264              		.thumb
 1265              		.thumb_func
 1267              	HAL_DMAEx_ConfigMuxRequestGenerator:
 1268              	.LVL77:
 1269              	.LFB148:
 465:Drivers/STM32H7xx_HAL_Driver/Src/stm32h7xx_hal_dma_ex.c ****   HAL_StatusTypeDef status;
 1270              		.loc 1 465 1 is_stmt 1 view -0
 1271              		.cfi_startproc
 1272              		@ args = 0, pretend = 0, frame = 0
 1273              		@ frame_needed = 0, uses_anonymous_args = 0
 1274              		@ link register save eliminated.
 466:Drivers/STM32H7xx_HAL_Driver/Src/stm32h7xx_hal_dma_ex.c ****   HAL_DMA_StateTypeDef temp_state = hdma->State;
 1275              		.loc 1 466 3 view .LVU355
 467:Drivers/STM32H7xx_HAL_Driver/Src/stm32h7xx_hal_dma_ex.c **** 
 1276              		.loc 1 467 3 view .LVU356
 465:Drivers/STM32H7xx_HAL_Driver/Src/stm32h7xx_hal_dma_ex.c ****   HAL_StatusTypeDef status;
 1277              		.loc 1 465 1 is_stmt 0 view .LVU357
 1278 0000 0346     		mov	r3, r0
 467:Drivers/STM32H7xx_HAL_Driver/Src/stm32h7xx_hal_dma_ex.c **** 
 1279              		.loc 1 467 24 view .LVU358
 1280 0002 90F83520 		ldrb	r2, [r0, #53]	@ zero_extendqisi2
 488:Drivers/STM32H7xx_HAL_Driver/Src/stm32h7xx_hal_dma_ex.c ****   {
 1281              		.loc 1 488 10 view .LVU359
 1282 0006 C06E     		ldr	r0, [r0, #108]
 1283              	.LVL78:
 470:Drivers/STM32H7xx_HAL_Driver/Src/stm32h7xx_hal_dma_ex.c **** 
 1284              		.loc 1 470 3 is_stmt 1 view .LVU360
 472:Drivers/STM32H7xx_HAL_Driver/Src/stm32h7xx_hal_dma_ex.c ****   {
 1285              		.loc 1 472 3 view .LVU361
 478:Drivers/STM32H7xx_HAL_Driver/Src/stm32h7xx_hal_dma_ex.c ****   }
 1286              		.loc 1 478 5 view .LVU362
 482:Drivers/STM32H7xx_HAL_Driver/Src/stm32h7xx_hal_dma_ex.c ****   assert_param(IS_DMAMUX_REQUEST_GEN_REQUEST_NUMBER(pRequestGeneratorConfig->RequestNumber));
 1287              		.loc 1 482 3 view .LVU363
 483:Drivers/STM32H7xx_HAL_Driver/Src/stm32h7xx_hal_dma_ex.c **** 
 1288              		.loc 1 483 3 view .LVU364
 488:Drivers/STM32H7xx_HAL_Driver/Src/stm32h7xx_hal_dma_ex.c ****   {
 1289              		.loc 1 488 3 view .LVU365
 488:Drivers/STM32H7xx_HAL_Driver/Src/stm32h7xx_hal_dma_ex.c ****   {
 1290              		.loc 1 488 5 is_stmt 0 view .LVU366
 1291 0008 68B1     		cbz	r0, .L187
 496:Drivers/STM32H7xx_HAL_Driver/Src/stm32h7xx_hal_dma_ex.c ****   {
 1292              		.loc 1 496 8 is_stmt 1 view .LVU367
 465:Drivers/STM32H7xx_HAL_Driver/Src/stm32h7xx_hal_dma_ex.c ****   HAL_StatusTypeDef status;
 1293              		.loc 1 465 1 is_stmt 0 view .LVU368
ARM GAS  C:\Users\l1234\AppData\Local\Temp\ccA9JKn0.s 			page 42


 1294 000a 10B4     		push	{r4}
 1295              	.LCFI21:
 1296              		.cfi_def_cfa_offset 4
 1297              		.cfi_offset 4, -4
 496:Drivers/STM32H7xx_HAL_Driver/Src/stm32h7xx_hal_dma_ex.c ****   {
 1298              		.loc 1 496 35 view .LVU369
 1299 000c 0468     		ldr	r4, [r0]
 496:Drivers/STM32H7xx_HAL_Driver/Src/stm32h7xx_hal_dma_ex.c ****   {
 1300              		.loc 1 496 68 view .LVU370
 1301 000e E403     		lsls	r4, r4, #15
 1302 0010 02D4     		bmi	.L175
 1303 0012 D2B2     		uxtb	r2, r2
 496:Drivers/STM32H7xx_HAL_Driver/Src/stm32h7xx_hal_dma_ex.c ****   {
 1304              		.loc 1 496 68 view .LVU371
 1305 0014 012A     		cmp	r2, #1
 1306 0016 0AD0     		beq	.L188
 1307              	.LVL79:
 1308              	.L175:
 515:Drivers/STM32H7xx_HAL_Driver/Src/stm32h7xx_hal_dma_ex.c **** 
 1309              		.loc 1 515 5 is_stmt 1 view .LVU372
 515:Drivers/STM32H7xx_HAL_Driver/Src/stm32h7xx_hal_dma_ex.c **** 
 1310              		.loc 1 515 21 is_stmt 0 view .LVU373
 1311 0018 4FF40062 		mov	r2, #2048
 521:Drivers/STM32H7xx_HAL_Driver/Src/stm32h7xx_hal_dma_ex.c **** }
 1312              		.loc 1 521 10 view .LVU374
 1313 001c 0120     		movs	r0, #1
 515:Drivers/STM32H7xx_HAL_Driver/Src/stm32h7xx_hal_dma_ex.c **** 
 1314              		.loc 1 515 21 view .LVU375
 1315 001e 5A65     		str	r2, [r3, #84]
 518:Drivers/STM32H7xx_HAL_Driver/Src/stm32h7xx_hal_dma_ex.c ****   }
 1316              		.loc 1 518 5 is_stmt 1 view .LVU376
 1317              	.LVL80:
 1318              	.L174:
 522:Drivers/STM32H7xx_HAL_Driver/Src/stm32h7xx_hal_dma_ex.c **** 
 1319              		.loc 1 522 1 is_stmt 0 view .LVU377
 1320 0020 5DF8044B 		ldr	r4, [sp], #4
 1321              	.LCFI22:
 1322              		.cfi_restore 4
 1323              		.cfi_def_cfa_offset 0
 1324 0024 7047     		bx	lr
 1325              	.LVL81:
 1326              	.L187:
 491:Drivers/STM32H7xx_HAL_Driver/Src/stm32h7xx_hal_dma_ex.c **** 
 1327              		.loc 1 491 5 is_stmt 1 view .LVU378
 491:Drivers/STM32H7xx_HAL_Driver/Src/stm32h7xx_hal_dma_ex.c **** 
 1328              		.loc 1 491 21 is_stmt 0 view .LVU379
 1329 0026 4022     		movs	r2, #64
 1330              	.LVL82:
 521:Drivers/STM32H7xx_HAL_Driver/Src/stm32h7xx_hal_dma_ex.c **** }
 1331              		.loc 1 521 10 view .LVU380
 1332 0028 0120     		movs	r0, #1
 491:Drivers/STM32H7xx_HAL_Driver/Src/stm32h7xx_hal_dma_ex.c **** 
 1333              		.loc 1 491 21 view .LVU381
 1334 002a 5A65     		str	r2, [r3, #84]
 494:Drivers/STM32H7xx_HAL_Driver/Src/stm32h7xx_hal_dma_ex.c ****   }
 1335              		.loc 1 494 5 is_stmt 1 view .LVU382
 1336              	.LVL83:
ARM GAS  C:\Users\l1234\AppData\Local\Temp\ccA9JKn0.s 			page 43


 522:Drivers/STM32H7xx_HAL_Driver/Src/stm32h7xx_hal_dma_ex.c **** 
 1337              		.loc 1 522 1 is_stmt 0 view .LVU383
 1338 002c 7047     		bx	lr
 1339              	.LVL84:
 1340              	.L188:
 1341              	.LCFI23:
 1342              		.cfi_def_cfa_offset 4
 1343              		.cfi_offset 4, -4
 501:Drivers/STM32H7xx_HAL_Driver/Src/stm32h7xx_hal_dma_ex.c **** 
 1344              		.loc 1 501 5 is_stmt 1 view .LVU384
 501:Drivers/STM32H7xx_HAL_Driver/Src/stm32h7xx_hal_dma_ex.c **** 
 1345              		.loc 1 501 5 view .LVU385
 1346 002e 93F83420 		ldrb	r2, [r3, #52]	@ zero_extendqisi2
 1347              	.LVL85:
 501:Drivers/STM32H7xx_HAL_Driver/Src/stm32h7xx_hal_dma_ex.c **** 
 1348              		.loc 1 501 5 is_stmt 0 view .LVU386
 1349 0032 012A     		cmp	r2, #1
 1350 0034 0CD0     		beq	.L177
 501:Drivers/STM32H7xx_HAL_Driver/Src/stm32h7xx_hal_dma_ex.c **** 
 1351              		.loc 1 501 5 is_stmt 1 discriminator 2 view .LVU387
 501:Drivers/STM32H7xx_HAL_Driver/Src/stm32h7xx_hal_dma_ex.c **** 
 1352              		.loc 1 501 5 discriminator 2 view .LVU388
 504:Drivers/STM32H7xx_HAL_Driver/Src/stm32h7xx_hal_dma_ex.c ****                                   ((pRequestGeneratorConfig->RequestNumber - 1U) << DMAMUX_RGxCR_GN
 1353              		.loc 1 504 5 discriminator 2 view .LVU389
 505:Drivers/STM32H7xx_HAL_Driver/Src/stm32h7xx_hal_dma_ex.c ****                                   pRequestGeneratorConfig->Polarity;
 1354              		.loc 1 505 76 is_stmt 0 discriminator 2 view .LVU390
 1355 0036 8C68     		ldr	r4, [r1, #8]
 505:Drivers/STM32H7xx_HAL_Driver/Src/stm32h7xx_hal_dma_ex.c ****                                   pRequestGeneratorConfig->Polarity;
 1356              		.loc 1 505 109 discriminator 2 view .LVU391
 1357 0038 D1E90021 		ldrd	r2, r1, [r1]
 1358              	.LVL86:
 505:Drivers/STM32H7xx_HAL_Driver/Src/stm32h7xx_hal_dma_ex.c ****                                   pRequestGeneratorConfig->Polarity;
 1359              		.loc 1 505 109 discriminator 2 view .LVU392
 1360 003c 0A43     		orrs	r2, r2, r1
 505:Drivers/STM32H7xx_HAL_Driver/Src/stm32h7xx_hal_dma_ex.c ****                                   pRequestGeneratorConfig->Polarity;
 1361              		.loc 1 505 76 discriminator 2 view .LVU393
 1362 003e 611E     		subs	r1, r4, #1
 508:Drivers/STM32H7xx_HAL_Driver/Src/stm32h7xx_hal_dma_ex.c **** 
 1363              		.loc 1 508 5 discriminator 2 view .LVU394
 1364 0040 0024     		movs	r4, #0
 505:Drivers/STM32H7xx_HAL_Driver/Src/stm32h7xx_hal_dma_ex.c ****                                   pRequestGeneratorConfig->Polarity;
 1365              		.loc 1 505 109 discriminator 2 view .LVU395
 1366 0042 42EAC142 		orr	r2, r2, r1, lsl #19
 504:Drivers/STM32H7xx_HAL_Driver/Src/stm32h7xx_hal_dma_ex.c ****                                   ((pRequestGeneratorConfig->RequestNumber - 1U) << DMAMUX_RGxCR_GN
 1367              		.loc 1 504 34 discriminator 2 view .LVU396
 1368 0046 0260     		str	r2, [r0]
 508:Drivers/STM32H7xx_HAL_Driver/Src/stm32h7xx_hal_dma_ex.c **** 
 1369              		.loc 1 508 5 is_stmt 1 discriminator 2 view .LVU397
 508:Drivers/STM32H7xx_HAL_Driver/Src/stm32h7xx_hal_dma_ex.c **** 
 1370              		.loc 1 508 5 discriminator 2 view .LVU398
 510:Drivers/STM32H7xx_HAL_Driver/Src/stm32h7xx_hal_dma_ex.c ****   }
 1371              		.loc 1 510 12 is_stmt 0 discriminator 2 view .LVU399
 1372 0048 2046     		mov	r0, r4
 508:Drivers/STM32H7xx_HAL_Driver/Src/stm32h7xx_hal_dma_ex.c **** 
 1373              		.loc 1 508 5 discriminator 2 view .LVU400
 1374 004a 83F83440 		strb	r4, [r3, #52]
 508:Drivers/STM32H7xx_HAL_Driver/Src/stm32h7xx_hal_dma_ex.c **** 
ARM GAS  C:\Users\l1234\AppData\Local\Temp\ccA9JKn0.s 			page 44


 1375              		.loc 1 508 5 is_stmt 1 discriminator 2 view .LVU401
 510:Drivers/STM32H7xx_HAL_Driver/Src/stm32h7xx_hal_dma_ex.c ****   }
 1376              		.loc 1 510 5 discriminator 2 view .LVU402
 510:Drivers/STM32H7xx_HAL_Driver/Src/stm32h7xx_hal_dma_ex.c ****   }
 1377              		.loc 1 510 12 is_stmt 0 discriminator 2 view .LVU403
 1378 004e E7E7     		b	.L174
 1379              	.LVL87:
 1380              	.L177:
 501:Drivers/STM32H7xx_HAL_Driver/Src/stm32h7xx_hal_dma_ex.c **** 
 1381              		.loc 1 501 5 view .LVU404
 1382 0050 0220     		movs	r0, #2
 1383 0052 E5E7     		b	.L174
 1384              		.cfi_endproc
 1385              	.LFE148:
 1387              		.section	.text.HAL_DMAEx_EnableMuxRequestGenerator,"ax",%progbits
 1388              		.align	1
 1389              		.p2align 2,,3
 1390              		.global	HAL_DMAEx_EnableMuxRequestGenerator
 1391              		.syntax unified
 1392              		.thumb
 1393              		.thumb_func
 1395              	HAL_DMAEx_EnableMuxRequestGenerator:
 1396              	.LVL88:
 1397              	.LFB149:
 531:Drivers/STM32H7xx_HAL_Driver/Src/stm32h7xx_hal_dma_ex.c ****   /* Check the parameters */
 1398              		.loc 1 531 1 is_stmt 1 view -0
 1399              		.cfi_startproc
 1400              		@ args = 0, pretend = 0, frame = 0
 1401              		@ frame_needed = 0, uses_anonymous_args = 0
 1402              		@ link register save eliminated.
 533:Drivers/STM32H7xx_HAL_Driver/Src/stm32h7xx_hal_dma_ex.c **** 
 1403              		.loc 1 533 3 view .LVU406
 537:Drivers/STM32H7xx_HAL_Driver/Src/stm32h7xx_hal_dma_ex.c ****   {
 1404              		.loc 1 537 3 view .LVU407
 537:Drivers/STM32H7xx_HAL_Driver/Src/stm32h7xx_hal_dma_ex.c ****   {
 1405              		.loc 1 537 11 is_stmt 0 view .LVU408
 1406 0000 90F83530 		ldrb	r3, [r0, #53]	@ zero_extendqisi2
 537:Drivers/STM32H7xx_HAL_Driver/Src/stm32h7xx_hal_dma_ex.c ****   {
 1407              		.loc 1 537 5 view .LVU409
 1408 0004 3BB1     		cbz	r3, .L192
 537:Drivers/STM32H7xx_HAL_Driver/Src/stm32h7xx_hal_dma_ex.c ****   {
 1409              		.loc 1 537 51 discriminator 1 view .LVU410
 1410 0006 C36E     		ldr	r3, [r0, #108]
 537:Drivers/STM32H7xx_HAL_Driver/Src/stm32h7xx_hal_dma_ex.c ****   {
 1411              		.loc 1 537 43 discriminator 1 view .LVU411
 1412 0008 2BB1     		cbz	r3, .L192
 540:Drivers/STM32H7xx_HAL_Driver/Src/stm32h7xx_hal_dma_ex.c **** 
 1413              		.loc 1 540 5 is_stmt 1 view .LVU412
 540:Drivers/STM32H7xx_HAL_Driver/Src/stm32h7xx_hal_dma_ex.c **** 
 1414              		.loc 1 540 27 is_stmt 0 view .LVU413
 1415 000a 1A68     		ldr	r2, [r3]
 542:Drivers/STM32H7xx_HAL_Driver/Src/stm32h7xx_hal_dma_ex.c ****  }
 1416              		.loc 1 542 11 view .LVU414
 1417 000c 0020     		movs	r0, #0
 1418              	.LVL89:
 540:Drivers/STM32H7xx_HAL_Driver/Src/stm32h7xx_hal_dma_ex.c **** 
 1419              		.loc 1 540 34 view .LVU415
ARM GAS  C:\Users\l1234\AppData\Local\Temp\ccA9JKn0.s 			page 45


 1420 000e 42F48032 		orr	r2, r2, #65536
 1421 0012 1A60     		str	r2, [r3]
 542:Drivers/STM32H7xx_HAL_Driver/Src/stm32h7xx_hal_dma_ex.c ****  }
 1422              		.loc 1 542 4 is_stmt 1 view .LVU416
 542:Drivers/STM32H7xx_HAL_Driver/Src/stm32h7xx_hal_dma_ex.c ****  }
 1423              		.loc 1 542 11 is_stmt 0 view .LVU417
 1424 0014 7047     		bx	lr
 1425              	.LVL90:
 1426              	.L192:
 546:Drivers/STM32H7xx_HAL_Driver/Src/stm32h7xx_hal_dma_ex.c ****  }
 1427              		.loc 1 546 11 view .LVU418
 1428 0016 0120     		movs	r0, #1
 1429              	.LVL91:
 548:Drivers/STM32H7xx_HAL_Driver/Src/stm32h7xx_hal_dma_ex.c **** 
 1430              		.loc 1 548 1 view .LVU419
 1431 0018 7047     		bx	lr
 1432              		.cfi_endproc
 1433              	.LFE149:
 1435 001a 00BF     		.section	.text.HAL_DMAEx_DisableMuxRequestGenerator,"ax",%progbits
 1436              		.align	1
 1437              		.p2align 2,,3
 1438              		.global	HAL_DMAEx_DisableMuxRequestGenerator
 1439              		.syntax unified
 1440              		.thumb
 1441              		.thumb_func
 1443              	HAL_DMAEx_DisableMuxRequestGenerator:
 1444              	.LVL92:
 1445              	.LFB150:
 557:Drivers/STM32H7xx_HAL_Driver/Src/stm32h7xx_hal_dma_ex.c ****   /* Check the parameters */
 1446              		.loc 1 557 1 is_stmt 1 view -0
 1447              		.cfi_startproc
 1448              		@ args = 0, pretend = 0, frame = 0
 1449              		@ frame_needed = 0, uses_anonymous_args = 0
 1450              		@ link register save eliminated.
 559:Drivers/STM32H7xx_HAL_Driver/Src/stm32h7xx_hal_dma_ex.c **** 
 1451              		.loc 1 559 3 view .LVU421
 563:Drivers/STM32H7xx_HAL_Driver/Src/stm32h7xx_hal_dma_ex.c ****   {
 1452              		.loc 1 563 3 view .LVU422
 563:Drivers/STM32H7xx_HAL_Driver/Src/stm32h7xx_hal_dma_ex.c ****   {
 1453              		.loc 1 563 11 is_stmt 0 view .LVU423
 1454 0000 90F83530 		ldrb	r3, [r0, #53]	@ zero_extendqisi2
 563:Drivers/STM32H7xx_HAL_Driver/Src/stm32h7xx_hal_dma_ex.c ****   {
 1455              		.loc 1 563 5 view .LVU424
 1456 0004 3BB1     		cbz	r3, .L196
 563:Drivers/STM32H7xx_HAL_Driver/Src/stm32h7xx_hal_dma_ex.c ****   {
 1457              		.loc 1 563 51 discriminator 1 view .LVU425
 1458 0006 C36E     		ldr	r3, [r0, #108]
 563:Drivers/STM32H7xx_HAL_Driver/Src/stm32h7xx_hal_dma_ex.c ****   {
 1459              		.loc 1 563 43 discriminator 1 view .LVU426
 1460 0008 2BB1     		cbz	r3, .L196
 566:Drivers/STM32H7xx_HAL_Driver/Src/stm32h7xx_hal_dma_ex.c **** 
 1461              		.loc 1 566 5 is_stmt 1 view .LVU427
 566:Drivers/STM32H7xx_HAL_Driver/Src/stm32h7xx_hal_dma_ex.c **** 
 1462              		.loc 1 566 27 is_stmt 0 view .LVU428
 1463 000a 1A68     		ldr	r2, [r3]
 568:Drivers/STM32H7xx_HAL_Driver/Src/stm32h7xx_hal_dma_ex.c ****  }
 1464              		.loc 1 568 11 view .LVU429
ARM GAS  C:\Users\l1234\AppData\Local\Temp\ccA9JKn0.s 			page 46


 1465 000c 0020     		movs	r0, #0
 1466              	.LVL93:
 566:Drivers/STM32H7xx_HAL_Driver/Src/stm32h7xx_hal_dma_ex.c **** 
 1467              		.loc 1 566 34 view .LVU430
 1468 000e 22F48032 		bic	r2, r2, #65536
 1469 0012 1A60     		str	r2, [r3]
 568:Drivers/STM32H7xx_HAL_Driver/Src/stm32h7xx_hal_dma_ex.c ****  }
 1470              		.loc 1 568 4 is_stmt 1 view .LVU431
 568:Drivers/STM32H7xx_HAL_Driver/Src/stm32h7xx_hal_dma_ex.c ****  }
 1471              		.loc 1 568 11 is_stmt 0 view .LVU432
 1472 0014 7047     		bx	lr
 1473              	.LVL94:
 1474              	.L196:
 572:Drivers/STM32H7xx_HAL_Driver/Src/stm32h7xx_hal_dma_ex.c ****  }
 1475              		.loc 1 572 11 view .LVU433
 1476 0016 0120     		movs	r0, #1
 1477              	.LVL95:
 574:Drivers/STM32H7xx_HAL_Driver/Src/stm32h7xx_hal_dma_ex.c **** 
 1478              		.loc 1 574 1 view .LVU434
 1479 0018 7047     		bx	lr
 1480              		.cfi_endproc
 1481              	.LFE150:
 1483 001a 00BF     		.section	.text.HAL_DMAEx_MUX_IRQHandler,"ax",%progbits
 1484              		.align	1
 1485              		.p2align 2,,3
 1486              		.global	HAL_DMAEx_MUX_IRQHandler
 1487              		.syntax unified
 1488              		.thumb
 1489              		.thumb_func
 1491              	HAL_DMAEx_MUX_IRQHandler:
 1492              	.LVL96:
 1493              	.LFB151:
 583:Drivers/STM32H7xx_HAL_Driver/Src/stm32h7xx_hal_dma_ex.c ****   /* Check for DMAMUX Synchronization overrun */
 1494              		.loc 1 583 1 is_stmt 1 view -0
 1495              		.cfi_startproc
 1496              		@ args = 0, pretend = 0, frame = 0
 1497              		@ frame_needed = 0, uses_anonymous_args = 0
 585:Drivers/STM32H7xx_HAL_Driver/Src/stm32h7xx_hal_dma_ex.c ****   {
 1498              		.loc 1 585 3 view .LVU436
 585:Drivers/STM32H7xx_HAL_Driver/Src/stm32h7xx_hal_dma_ex.c ****   {
 1499              		.loc 1 585 44 is_stmt 0 view .LVU437
 1500 0000 D0E91932 		ldrd	r3, r2, [r0, #100]
 583:Drivers/STM32H7xx_HAL_Driver/Src/stm32h7xx_hal_dma_ex.c ****   /* Check for DMAMUX Synchronization overrun */
 1501              		.loc 1 583 1 view .LVU438
 1502 0004 70B5     		push	{r4, r5, r6, lr}
 1503              	.LCFI24:
 1504              		.cfi_def_cfa_offset 16
 1505              		.cfi_offset 4, -16
 1506              		.cfi_offset 5, -12
 1507              		.cfi_offset 6, -8
 1508              		.cfi_offset 14, -4
 585:Drivers/STM32H7xx_HAL_Driver/Src/stm32h7xx_hal_dma_ex.c ****   {
 1509              		.loc 1 585 32 view .LVU439
 1510 0006 1968     		ldr	r1, [r3]
 583:Drivers/STM32H7xx_HAL_Driver/Src/stm32h7xx_hal_dma_ex.c ****   /* Check for DMAMUX Synchronization overrun */
 1511              		.loc 1 583 1 view .LVU440
 1512 0008 0446     		mov	r4, r0
ARM GAS  C:\Users\l1234\AppData\Local\Temp\ccA9JKn0.s 			page 47


 585:Drivers/STM32H7xx_HAL_Driver/Src/stm32h7xx_hal_dma_ex.c ****   {
 1513              		.loc 1 585 5 view .LVU441
 1514 000a 1142     		tst	r1, r2
 1515 000c 0CD0     		beq	.L199
 588:Drivers/STM32H7xx_HAL_Driver/Src/stm32h7xx_hal_dma_ex.c **** 
 1516              		.loc 1 588 5 is_stmt 1 view .LVU442
 588:Drivers/STM32H7xx_HAL_Driver/Src/stm32h7xx_hal_dma_ex.c **** 
 1517              		.loc 1 588 9 is_stmt 0 view .LVU443
 1518 000e 056E     		ldr	r5, [r0, #96]
 596:Drivers/STM32H7xx_HAL_Driver/Src/stm32h7xx_hal_dma_ex.c ****     {
 1519              		.loc 1 596 12 view .LVU444
 1520 0010 C66C     		ldr	r6, [r0, #76]
 588:Drivers/STM32H7xx_HAL_Driver/Src/stm32h7xx_hal_dma_ex.c **** 
 1521              		.loc 1 588 24 view .LVU445
 1522 0012 2968     		ldr	r1, [r5]
 588:Drivers/STM32H7xx_HAL_Driver/Src/stm32h7xx_hal_dma_ex.c **** 
 1523              		.loc 1 588 30 view .LVU446
 1524 0014 21F48071 		bic	r1, r1, #256
 1525 0018 2960     		str	r1, [r5]
 591:Drivers/STM32H7xx_HAL_Driver/Src/stm32h7xx_hal_dma_ex.c **** 
 1526              		.loc 1 591 5 is_stmt 1 view .LVU447
 591:Drivers/STM32H7xx_HAL_Driver/Src/stm32h7xx_hal_dma_ex.c **** 
 1527              		.loc 1 591 36 is_stmt 0 view .LVU448
 1528 001a 5A60     		str	r2, [r3, #4]
 594:Drivers/STM32H7xx_HAL_Driver/Src/stm32h7xx_hal_dma_ex.c **** 
 1529              		.loc 1 594 5 is_stmt 1 view .LVU449
 594:Drivers/STM32H7xx_HAL_Driver/Src/stm32h7xx_hal_dma_ex.c **** 
 1530              		.loc 1 594 9 is_stmt 0 view .LVU450
 1531 001c 436D     		ldr	r3, [r0, #84]
 594:Drivers/STM32H7xx_HAL_Driver/Src/stm32h7xx_hal_dma_ex.c **** 
 1532              		.loc 1 594 21 view .LVU451
 1533 001e 43F40073 		orr	r3, r3, #512
 1534 0022 4365     		str	r3, [r0, #84]
 596:Drivers/STM32H7xx_HAL_Driver/Src/stm32h7xx_hal_dma_ex.c ****     {
 1535              		.loc 1 596 5 is_stmt 1 view .LVU452
 596:Drivers/STM32H7xx_HAL_Driver/Src/stm32h7xx_hal_dma_ex.c ****     {
 1536              		.loc 1 596 7 is_stmt 0 view .LVU453
 1537 0024 06B1     		cbz	r6, .L199
 599:Drivers/STM32H7xx_HAL_Driver/Src/stm32h7xx_hal_dma_ex.c ****     }
 1538              		.loc 1 599 7 is_stmt 1 view .LVU454
 1539 0026 B047     		blx	r6
 1540              	.LVL97:
 1541              	.L199:
 603:Drivers/STM32H7xx_HAL_Driver/Src/stm32h7xx_hal_dma_ex.c ****   {
 1542              		.loc 1 603 3 view .LVU455
 603:Drivers/STM32H7xx_HAL_Driver/Src/stm32h7xx_hal_dma_ex.c ****   {
 1543              		.loc 1 603 10 is_stmt 0 view .LVU456
 1544 0028 E36E     		ldr	r3, [r4, #108]
 603:Drivers/STM32H7xx_HAL_Driver/Src/stm32h7xx_hal_dma_ex.c ****   {
 1545              		.loc 1 603 5 view .LVU457
 1546 002a 9BB1     		cbz	r3, .L197
 606:Drivers/STM32H7xx_HAL_Driver/Src/stm32h7xx_hal_dma_ex.c ****     {
 1547              		.loc 1 606 5 is_stmt 1 view .LVU458
 606:Drivers/STM32H7xx_HAL_Driver/Src/stm32h7xx_hal_dma_ex.c ****     {
 1548              		.loc 1 606 50 is_stmt 0 view .LVU459
 1549 002c D4E91C21 		ldrd	r2, r1, [r4, #112]
 606:Drivers/STM32H7xx_HAL_Driver/Src/stm32h7xx_hal_dma_ex.c ****     {
ARM GAS  C:\Users\l1234\AppData\Local\Temp\ccA9JKn0.s 			page 48


 1550              		.loc 1 606 37 view .LVU460
 1551 0030 1068     		ldr	r0, [r2]
 606:Drivers/STM32H7xx_HAL_Driver/Src/stm32h7xx_hal_dma_ex.c ****     {
 1552              		.loc 1 606 7 view .LVU461
 1553 0032 0842     		tst	r0, r1
 1554 0034 0ED0     		beq	.L197
 609:Drivers/STM32H7xx_HAL_Driver/Src/stm32h7xx_hal_dma_ex.c **** 
 1555              		.loc 1 609 7 is_stmt 1 view .LVU462
 609:Drivers/STM32H7xx_HAL_Driver/Src/stm32h7xx_hal_dma_ex.c **** 
 1556              		.loc 1 609 29 is_stmt 0 view .LVU463
 1557 0036 1868     		ldr	r0, [r3]
 609:Drivers/STM32H7xx_HAL_Driver/Src/stm32h7xx_hal_dma_ex.c **** 
 1558              		.loc 1 609 36 view .LVU464
 1559 0038 20F48070 		bic	r0, r0, #256
 1560 003c 1860     		str	r0, [r3]
 612:Drivers/STM32H7xx_HAL_Driver/Src/stm32h7xx_hal_dma_ex.c **** 
 1561              		.loc 1 612 7 is_stmt 1 view .LVU465
 612:Drivers/STM32H7xx_HAL_Driver/Src/stm32h7xx_hal_dma_ex.c **** 
 1562              		.loc 1 612 43 is_stmt 0 view .LVU466
 1563 003e 5160     		str	r1, [r2, #4]
 615:Drivers/STM32H7xx_HAL_Driver/Src/stm32h7xx_hal_dma_ex.c **** 
 1564              		.loc 1 615 7 is_stmt 1 view .LVU467
 615:Drivers/STM32H7xx_HAL_Driver/Src/stm32h7xx_hal_dma_ex.c **** 
 1565              		.loc 1 615 11 is_stmt 0 view .LVU468
 1566 0040 636D     		ldr	r3, [r4, #84]
 617:Drivers/STM32H7xx_HAL_Driver/Src/stm32h7xx_hal_dma_ex.c ****       {
 1567              		.loc 1 617 14 view .LVU469
 1568 0042 E26C     		ldr	r2, [r4, #76]
 615:Drivers/STM32H7xx_HAL_Driver/Src/stm32h7xx_hal_dma_ex.c **** 
 1569              		.loc 1 615 23 view .LVU470
 1570 0044 43F48063 		orr	r3, r3, #1024
 1571 0048 6365     		str	r3, [r4, #84]
 617:Drivers/STM32H7xx_HAL_Driver/Src/stm32h7xx_hal_dma_ex.c ****       {
 1572              		.loc 1 617 7 is_stmt 1 view .LVU471
 617:Drivers/STM32H7xx_HAL_Driver/Src/stm32h7xx_hal_dma_ex.c ****       {
 1573              		.loc 1 617 9 is_stmt 0 view .LVU472
 1574 004a 1AB1     		cbz	r2, .L197
 620:Drivers/STM32H7xx_HAL_Driver/Src/stm32h7xx_hal_dma_ex.c ****       }
 1575              		.loc 1 620 9 is_stmt 1 view .LVU473
 1576 004c 2046     		mov	r0, r4
 624:Drivers/STM32H7xx_HAL_Driver/Src/stm32h7xx_hal_dma_ex.c **** 
 1577              		.loc 1 624 1 is_stmt 0 view .LVU474
 1578 004e BDE87040 		pop	{r4, r5, r6, lr}
 1579              	.LCFI25:
 1580              		.cfi_remember_state
 1581              		.cfi_restore 14
 1582              		.cfi_restore 6
 1583              		.cfi_restore 5
 1584              		.cfi_restore 4
 1585              		.cfi_def_cfa_offset 0
 1586              	.LVL98:
 620:Drivers/STM32H7xx_HAL_Driver/Src/stm32h7xx_hal_dma_ex.c ****       }
 1587              		.loc 1 620 9 view .LVU475
 1588 0052 1047     		bx	r2	@ indirect register sibling call
 1589              	.LVL99:
 1590              	.L197:
 1591              	.LCFI26:
ARM GAS  C:\Users\l1234\AppData\Local\Temp\ccA9JKn0.s 			page 49


 1592              		.cfi_restore_state
 624:Drivers/STM32H7xx_HAL_Driver/Src/stm32h7xx_hal_dma_ex.c **** 
 1593              		.loc 1 624 1 view .LVU476
 1594 0054 70BD     		pop	{r4, r5, r6, pc}
 624:Drivers/STM32H7xx_HAL_Driver/Src/stm32h7xx_hal_dma_ex.c **** 
 1595              		.loc 1 624 1 view .LVU477
 1596              		.cfi_endproc
 1597              	.LFE151:
 1599 0056 00BF     		.text
 1600              	.Letext0:
 1601              		.file 2 "c:\\msys64\\mingw64\\arm-none-eabi\\include\\machine\\_default_types.h"
 1602              		.file 3 "c:\\msys64\\mingw64\\arm-none-eabi\\include\\sys\\_stdint.h"
 1603              		.file 4 "Drivers/CMSIS/Device/ST/STM32H7xx/Include/stm32h723xx.h"
 1604              		.file 5 "Drivers/CMSIS/Device/ST/STM32H7xx/Include/stm32h7xx.h"
 1605              		.file 6 "Drivers/STM32H7xx_HAL_Driver/Inc/stm32h7xx_hal_def.h"
 1606              		.file 7 "Drivers/STM32H7xx_HAL_Driver/Inc/stm32h7xx_hal_dma.h"
 1607              		.file 8 "Drivers/STM32H7xx_HAL_Driver/Inc/stm32h7xx_hal_dma_ex.h"
ARM GAS  C:\Users\l1234\AppData\Local\Temp\ccA9JKn0.s 			page 50


DEFINED SYMBOLS
                            *ABS*:00000000 stm32h7xx_hal_dma_ex.c
C:\Users\l1234\AppData\Local\Temp\ccA9JKn0.s:20     .text.DMA_MultiBufferSetConfig:00000000 $t
C:\Users\l1234\AppData\Local\Temp\ccA9JKn0.s:26     .text.DMA_MultiBufferSetConfig:00000000 DMA_MultiBufferSetConfig
C:\Users\l1234\AppData\Local\Temp\ccA9JKn0.s:90     .text.HAL_DMAEx_MultiBufferStart:00000000 $t
C:\Users\l1234\AppData\Local\Temp\ccA9JKn0.s:97     .text.HAL_DMAEx_MultiBufferStart:00000000 HAL_DMAEx_MultiBufferStart
C:\Users\l1234\AppData\Local\Temp\ccA9JKn0.s:406    .text.HAL_DMAEx_MultiBufferStart:000001c4 $d
C:\Users\l1234\AppData\Local\Temp\ccA9JKn0.s:418    .text.HAL_DMAEx_MultiBufferStart_IT:00000000 $t
C:\Users\l1234\AppData\Local\Temp\ccA9JKn0.s:425    .text.HAL_DMAEx_MultiBufferStart_IT:00000000 HAL_DMAEx_MultiBufferStart_IT
C:\Users\l1234\AppData\Local\Temp\ccA9JKn0.s:925    .text.HAL_DMAEx_MultiBufferStart_IT:000002f0 $d
C:\Users\l1234\AppData\Local\Temp\ccA9JKn0.s:938    .text.HAL_DMAEx_MultiBufferStart_IT:00000318 $t
C:\Users\l1234\AppData\Local\Temp\ccA9JKn0.s:1047   .text.HAL_DMAEx_ChangeMemory:00000000 $t
C:\Users\l1234\AppData\Local\Temp\ccA9JKn0.s:1054   .text.HAL_DMAEx_ChangeMemory:00000000 HAL_DMAEx_ChangeMemory
C:\Users\l1234\AppData\Local\Temp\ccA9JKn0.s:1104   .text.HAL_DMAEx_ConfigMuxSync:00000000 $t
C:\Users\l1234\AppData\Local\Temp\ccA9JKn0.s:1111   .text.HAL_DMAEx_ConfigMuxSync:00000000 HAL_DMAEx_ConfigMuxSync
C:\Users\l1234\AppData\Local\Temp\ccA9JKn0.s:1260   .text.HAL_DMAEx_ConfigMuxRequestGenerator:00000000 $t
C:\Users\l1234\AppData\Local\Temp\ccA9JKn0.s:1267   .text.HAL_DMAEx_ConfigMuxRequestGenerator:00000000 HAL_DMAEx_ConfigMuxRequestGenerator
C:\Users\l1234\AppData\Local\Temp\ccA9JKn0.s:1388   .text.HAL_DMAEx_EnableMuxRequestGenerator:00000000 $t
C:\Users\l1234\AppData\Local\Temp\ccA9JKn0.s:1395   .text.HAL_DMAEx_EnableMuxRequestGenerator:00000000 HAL_DMAEx_EnableMuxRequestGenerator
C:\Users\l1234\AppData\Local\Temp\ccA9JKn0.s:1436   .text.HAL_DMAEx_DisableMuxRequestGenerator:00000000 $t
C:\Users\l1234\AppData\Local\Temp\ccA9JKn0.s:1443   .text.HAL_DMAEx_DisableMuxRequestGenerator:00000000 HAL_DMAEx_DisableMuxRequestGenerator
C:\Users\l1234\AppData\Local\Temp\ccA9JKn0.s:1484   .text.HAL_DMAEx_MUX_IRQHandler:00000000 $t
C:\Users\l1234\AppData\Local\Temp\ccA9JKn0.s:1491   .text.HAL_DMAEx_MUX_IRQHandler:00000000 HAL_DMAEx_MUX_IRQHandler

NO UNDEFINED SYMBOLS
