ARM GAS  C:\Users\l1234\AppData\Local\Temp\cc5S3qmC.s 			page 1


   1              		.cpu cortex-m7
   2              		.arch armv7e-m
   3              		.fpu fpv5-d16
   4              		.eabi_attribute 28, 1
   5              		.eabi_attribute 20, 1
   6              		.eabi_attribute 21, 1
   7              		.eabi_attribute 23, 3
   8              		.eabi_attribute 24, 1
   9              		.eabi_attribute 25, 1
  10              		.eabi_attribute 26, 1
  11              		.eabi_attribute 30, 2
  12              		.eabi_attribute 34, 1
  13              		.eabi_attribute 18, 4
  14              		.file	"stm32h7xx_hal_rcc.c"
  15              		.text
  16              	.Ltext0:
  17              		.cfi_sections	.debug_frame
  18              		.file 1 "Drivers/STM32H7xx_HAL_Driver/Src/stm32h7xx_hal_rcc.c"
  19              		.section	.text.HAL_RCC_GetSysClockFreq.part.0,"ax",%progbits
  20              		.align	1
  21              		.p2align 2,,3
  22              		.syntax unified
  23              		.thumb
  24              		.thumb_func
  26              	HAL_RCC_GetSysClockFreq.part.0:
  27              	.LFB158:
   1:Drivers/STM32H7xx_HAL_Driver/Src/stm32h7xx_hal_rcc.c **** /**
   2:Drivers/STM32H7xx_HAL_Driver/Src/stm32h7xx_hal_rcc.c ****   ******************************************************************************
   3:Drivers/STM32H7xx_HAL_Driver/Src/stm32h7xx_hal_rcc.c ****   * @file    stm32h7xx_hal_rcc.c
   4:Drivers/STM32H7xx_HAL_Driver/Src/stm32h7xx_hal_rcc.c ****   * @author  MCD Application Team
   5:Drivers/STM32H7xx_HAL_Driver/Src/stm32h7xx_hal_rcc.c ****   * @brief   RCC HAL module driver.
   6:Drivers/STM32H7xx_HAL_Driver/Src/stm32h7xx_hal_rcc.c ****   *          This file provides firmware functions to manage the following
   7:Drivers/STM32H7xx_HAL_Driver/Src/stm32h7xx_hal_rcc.c ****   *          functionalities of the Reset and Clock Control (RCC) peripheral:
   8:Drivers/STM32H7xx_HAL_Driver/Src/stm32h7xx_hal_rcc.c ****   *           + Initialization and de-initialization functions
   9:Drivers/STM32H7xx_HAL_Driver/Src/stm32h7xx_hal_rcc.c ****   *           + Peripheral Control functions
  10:Drivers/STM32H7xx_HAL_Driver/Src/stm32h7xx_hal_rcc.c ****   *
  11:Drivers/STM32H7xx_HAL_Driver/Src/stm32h7xx_hal_rcc.c ****   @verbatim
  12:Drivers/STM32H7xx_HAL_Driver/Src/stm32h7xx_hal_rcc.c ****   ==============================================================================
  13:Drivers/STM32H7xx_HAL_Driver/Src/stm32h7xx_hal_rcc.c ****                       ##### RCC specific features #####
  14:Drivers/STM32H7xx_HAL_Driver/Src/stm32h7xx_hal_rcc.c ****   ==============================================================================
  15:Drivers/STM32H7xx_HAL_Driver/Src/stm32h7xx_hal_rcc.c ****     [..]
  16:Drivers/STM32H7xx_HAL_Driver/Src/stm32h7xx_hal_rcc.c ****       After reset the device is running from Internal High Speed oscillator
  17:Drivers/STM32H7xx_HAL_Driver/Src/stm32h7xx_hal_rcc.c ****       (HSI 64MHz) with Flash 0 wait state,and all peripherals are off except
  18:Drivers/STM32H7xx_HAL_Driver/Src/stm32h7xx_hal_rcc.c ****       internal SRAM, Flash, JTAG and PWR
  19:Drivers/STM32H7xx_HAL_Driver/Src/stm32h7xx_hal_rcc.c ****       (+) There is no pre-scaler on High speed (AHB) and Low speed (APB) buses;
  20:Drivers/STM32H7xx_HAL_Driver/Src/stm32h7xx_hal_rcc.c ****           all peripherals mapped on these buses are running at HSI speed.
  21:Drivers/STM32H7xx_HAL_Driver/Src/stm32h7xx_hal_rcc.c ****       (+) The clock for all peripherals is switched off, except the SRAM and FLASH.
  22:Drivers/STM32H7xx_HAL_Driver/Src/stm32h7xx_hal_rcc.c ****       (+) All GPIOs are in analogue mode , except the JTAG pins which
  23:Drivers/STM32H7xx_HAL_Driver/Src/stm32h7xx_hal_rcc.c ****           are assigned to be used for debug purpose.
  24:Drivers/STM32H7xx_HAL_Driver/Src/stm32h7xx_hal_rcc.c **** 
  25:Drivers/STM32H7xx_HAL_Driver/Src/stm32h7xx_hal_rcc.c ****     [..]
  26:Drivers/STM32H7xx_HAL_Driver/Src/stm32h7xx_hal_rcc.c ****       Once the device started from reset, the user application has to:
  27:Drivers/STM32H7xx_HAL_Driver/Src/stm32h7xx_hal_rcc.c ****       (+) Configure the clock source to be used to drive the System clock
  28:Drivers/STM32H7xx_HAL_Driver/Src/stm32h7xx_hal_rcc.c ****           (if the application needs higher frequency/performance)
  29:Drivers/STM32H7xx_HAL_Driver/Src/stm32h7xx_hal_rcc.c ****       (+) Configure the System clock frequency and Flash settings
  30:Drivers/STM32H7xx_HAL_Driver/Src/stm32h7xx_hal_rcc.c ****       (+) Configure the AHB and APB buses pre-scalers
  31:Drivers/STM32H7xx_HAL_Driver/Src/stm32h7xx_hal_rcc.c ****       (+) Enable the clock for the peripheral(s) to be used
ARM GAS  C:\Users\l1234\AppData\Local\Temp\cc5S3qmC.s 			page 2


  32:Drivers/STM32H7xx_HAL_Driver/Src/stm32h7xx_hal_rcc.c ****       (+) Configure the clock kernel source(s) for peripherals which clocks are not
  33:Drivers/STM32H7xx_HAL_Driver/Src/stm32h7xx_hal_rcc.c ****           derived from the System clock through :RCC_D1CCIPR,RCC_D2CCIP1R,RCC_D2CCIP2R
  34:Drivers/STM32H7xx_HAL_Driver/Src/stm32h7xx_hal_rcc.c ****           and RCC_D3CCIPR registers
  35:Drivers/STM32H7xx_HAL_Driver/Src/stm32h7xx_hal_rcc.c **** 
  36:Drivers/STM32H7xx_HAL_Driver/Src/stm32h7xx_hal_rcc.c ****                       ##### RCC Limitations #####
  37:Drivers/STM32H7xx_HAL_Driver/Src/stm32h7xx_hal_rcc.c ****   ==============================================================================
  38:Drivers/STM32H7xx_HAL_Driver/Src/stm32h7xx_hal_rcc.c ****     [..]
  39:Drivers/STM32H7xx_HAL_Driver/Src/stm32h7xx_hal_rcc.c ****       A delay between an RCC peripheral clock enable and the effective peripheral
  40:Drivers/STM32H7xx_HAL_Driver/Src/stm32h7xx_hal_rcc.c ****       enabling should be taken into account in order to manage the peripheral read/write
  41:Drivers/STM32H7xx_HAL_Driver/Src/stm32h7xx_hal_rcc.c ****       from/to registers.
  42:Drivers/STM32H7xx_HAL_Driver/Src/stm32h7xx_hal_rcc.c ****       (+) This delay depends on the peripheral mapping.
  43:Drivers/STM32H7xx_HAL_Driver/Src/stm32h7xx_hal_rcc.c ****       (+) If peripheral is mapped on AHB: the delay is 2 AHB clock cycle
  44:Drivers/STM32H7xx_HAL_Driver/Src/stm32h7xx_hal_rcc.c ****           after the clock enable bit is set on the hardware register
  45:Drivers/STM32H7xx_HAL_Driver/Src/stm32h7xx_hal_rcc.c ****       (+) If peripheral is mapped on APB: the delay is 2 APB clock cycle
  46:Drivers/STM32H7xx_HAL_Driver/Src/stm32h7xx_hal_rcc.c ****           after the clock enable bit is set on the hardware register
  47:Drivers/STM32H7xx_HAL_Driver/Src/stm32h7xx_hal_rcc.c **** 
  48:Drivers/STM32H7xx_HAL_Driver/Src/stm32h7xx_hal_rcc.c ****     [..]
  49:Drivers/STM32H7xx_HAL_Driver/Src/stm32h7xx_hal_rcc.c ****       Implemented Workaround:
  50:Drivers/STM32H7xx_HAL_Driver/Src/stm32h7xx_hal_rcc.c ****       (+) For AHB & APB peripherals, a dummy read to the peripheral register has been
  51:Drivers/STM32H7xx_HAL_Driver/Src/stm32h7xx_hal_rcc.c ****           inserted in each __HAL_RCC_PPP_CLK_ENABLE() macro.
  52:Drivers/STM32H7xx_HAL_Driver/Src/stm32h7xx_hal_rcc.c **** 
  53:Drivers/STM32H7xx_HAL_Driver/Src/stm32h7xx_hal_rcc.c ****   @endverbatim
  54:Drivers/STM32H7xx_HAL_Driver/Src/stm32h7xx_hal_rcc.c ****  ******************************************************************************
  55:Drivers/STM32H7xx_HAL_Driver/Src/stm32h7xx_hal_rcc.c ****   * @attention
  56:Drivers/STM32H7xx_HAL_Driver/Src/stm32h7xx_hal_rcc.c ****   *
  57:Drivers/STM32H7xx_HAL_Driver/Src/stm32h7xx_hal_rcc.c ****   * Copyright (c) 2017 STMicroelectronics.
  58:Drivers/STM32H7xx_HAL_Driver/Src/stm32h7xx_hal_rcc.c ****   * All rights reserved.
  59:Drivers/STM32H7xx_HAL_Driver/Src/stm32h7xx_hal_rcc.c ****   *
  60:Drivers/STM32H7xx_HAL_Driver/Src/stm32h7xx_hal_rcc.c ****   * This software is licensed under terms that can be found in the LICENSE file in
  61:Drivers/STM32H7xx_HAL_Driver/Src/stm32h7xx_hal_rcc.c ****   * the root directory of this software component.
  62:Drivers/STM32H7xx_HAL_Driver/Src/stm32h7xx_hal_rcc.c ****   * If no LICENSE file comes with this software, it is provided AS-IS.
  63:Drivers/STM32H7xx_HAL_Driver/Src/stm32h7xx_hal_rcc.c ****   ******************************************************************************
  64:Drivers/STM32H7xx_HAL_Driver/Src/stm32h7xx_hal_rcc.c ****   */
  65:Drivers/STM32H7xx_HAL_Driver/Src/stm32h7xx_hal_rcc.c **** 
  66:Drivers/STM32H7xx_HAL_Driver/Src/stm32h7xx_hal_rcc.c **** /* Includes ------------------------------------------------------------------*/
  67:Drivers/STM32H7xx_HAL_Driver/Src/stm32h7xx_hal_rcc.c **** #include "stm32h7xx_hal.h"
  68:Drivers/STM32H7xx_HAL_Driver/Src/stm32h7xx_hal_rcc.c **** 
  69:Drivers/STM32H7xx_HAL_Driver/Src/stm32h7xx_hal_rcc.c **** /** @addtogroup STM32H7xx_HAL_Driver
  70:Drivers/STM32H7xx_HAL_Driver/Src/stm32h7xx_hal_rcc.c ****   * @{
  71:Drivers/STM32H7xx_HAL_Driver/Src/stm32h7xx_hal_rcc.c ****   */
  72:Drivers/STM32H7xx_HAL_Driver/Src/stm32h7xx_hal_rcc.c **** 
  73:Drivers/STM32H7xx_HAL_Driver/Src/stm32h7xx_hal_rcc.c **** /** @defgroup RCC  RCC
  74:Drivers/STM32H7xx_HAL_Driver/Src/stm32h7xx_hal_rcc.c ****   * @brief RCC HAL module driver
  75:Drivers/STM32H7xx_HAL_Driver/Src/stm32h7xx_hal_rcc.c ****   * @{
  76:Drivers/STM32H7xx_HAL_Driver/Src/stm32h7xx_hal_rcc.c ****   */
  77:Drivers/STM32H7xx_HAL_Driver/Src/stm32h7xx_hal_rcc.c **** 
  78:Drivers/STM32H7xx_HAL_Driver/Src/stm32h7xx_hal_rcc.c **** #ifdef HAL_RCC_MODULE_ENABLED
  79:Drivers/STM32H7xx_HAL_Driver/Src/stm32h7xx_hal_rcc.c **** 
  80:Drivers/STM32H7xx_HAL_Driver/Src/stm32h7xx_hal_rcc.c **** /* Private typedef -----------------------------------------------------------*/
  81:Drivers/STM32H7xx_HAL_Driver/Src/stm32h7xx_hal_rcc.c **** /* Private define ------------------------------------------------------------*/
  82:Drivers/STM32H7xx_HAL_Driver/Src/stm32h7xx_hal_rcc.c **** /* Private macro -------------------------------------------------------------*/
  83:Drivers/STM32H7xx_HAL_Driver/Src/stm32h7xx_hal_rcc.c **** /** @defgroup RCC_Private_Macros RCC Private Macros
  84:Drivers/STM32H7xx_HAL_Driver/Src/stm32h7xx_hal_rcc.c ****   * @{
  85:Drivers/STM32H7xx_HAL_Driver/Src/stm32h7xx_hal_rcc.c ****   */
  86:Drivers/STM32H7xx_HAL_Driver/Src/stm32h7xx_hal_rcc.c **** #define MCO1_CLK_ENABLE()     __HAL_RCC_GPIOA_CLK_ENABLE()
  87:Drivers/STM32H7xx_HAL_Driver/Src/stm32h7xx_hal_rcc.c **** #define MCO1_GPIO_PORT        GPIOA
  88:Drivers/STM32H7xx_HAL_Driver/Src/stm32h7xx_hal_rcc.c **** #define MCO1_PIN              GPIO_PIN_8
ARM GAS  C:\Users\l1234\AppData\Local\Temp\cc5S3qmC.s 			page 3


  89:Drivers/STM32H7xx_HAL_Driver/Src/stm32h7xx_hal_rcc.c **** 
  90:Drivers/STM32H7xx_HAL_Driver/Src/stm32h7xx_hal_rcc.c **** #define MCO2_CLK_ENABLE()      __HAL_RCC_GPIOC_CLK_ENABLE()
  91:Drivers/STM32H7xx_HAL_Driver/Src/stm32h7xx_hal_rcc.c **** #define MCO2_GPIO_PORT         GPIOC
  92:Drivers/STM32H7xx_HAL_Driver/Src/stm32h7xx_hal_rcc.c **** #define MCO2_PIN               GPIO_PIN_9
  93:Drivers/STM32H7xx_HAL_Driver/Src/stm32h7xx_hal_rcc.c **** 
  94:Drivers/STM32H7xx_HAL_Driver/Src/stm32h7xx_hal_rcc.c **** /**
  95:Drivers/STM32H7xx_HAL_Driver/Src/stm32h7xx_hal_rcc.c ****   * @}
  96:Drivers/STM32H7xx_HAL_Driver/Src/stm32h7xx_hal_rcc.c ****   */
  97:Drivers/STM32H7xx_HAL_Driver/Src/stm32h7xx_hal_rcc.c **** /* Private variables ---------------------------------------------------------*/
  98:Drivers/STM32H7xx_HAL_Driver/Src/stm32h7xx_hal_rcc.c **** /** @defgroup RCC_Private_Variables RCC Private Variables
  99:Drivers/STM32H7xx_HAL_Driver/Src/stm32h7xx_hal_rcc.c ****   * @{
 100:Drivers/STM32H7xx_HAL_Driver/Src/stm32h7xx_hal_rcc.c ****   */
 101:Drivers/STM32H7xx_HAL_Driver/Src/stm32h7xx_hal_rcc.c **** 
 102:Drivers/STM32H7xx_HAL_Driver/Src/stm32h7xx_hal_rcc.c **** /**
 103:Drivers/STM32H7xx_HAL_Driver/Src/stm32h7xx_hal_rcc.c ****   * @}
 104:Drivers/STM32H7xx_HAL_Driver/Src/stm32h7xx_hal_rcc.c ****   */
 105:Drivers/STM32H7xx_HAL_Driver/Src/stm32h7xx_hal_rcc.c **** /* Private function prototypes -----------------------------------------------*/
 106:Drivers/STM32H7xx_HAL_Driver/Src/stm32h7xx_hal_rcc.c **** /* Exported functions --------------------------------------------------------*/
 107:Drivers/STM32H7xx_HAL_Driver/Src/stm32h7xx_hal_rcc.c **** 
 108:Drivers/STM32H7xx_HAL_Driver/Src/stm32h7xx_hal_rcc.c **** /** @defgroup RCC_Exported_Functions RCC Exported Functions
 109:Drivers/STM32H7xx_HAL_Driver/Src/stm32h7xx_hal_rcc.c ****   * @{
 110:Drivers/STM32H7xx_HAL_Driver/Src/stm32h7xx_hal_rcc.c ****   */
 111:Drivers/STM32H7xx_HAL_Driver/Src/stm32h7xx_hal_rcc.c **** 
 112:Drivers/STM32H7xx_HAL_Driver/Src/stm32h7xx_hal_rcc.c **** /** @defgroup RCC_Exported_Functions_Group1 Initialization and de-initialization functions
 113:Drivers/STM32H7xx_HAL_Driver/Src/stm32h7xx_hal_rcc.c ****  *  @brief    Initialization and Configuration functions
 114:Drivers/STM32H7xx_HAL_Driver/Src/stm32h7xx_hal_rcc.c ****  *
 115:Drivers/STM32H7xx_HAL_Driver/Src/stm32h7xx_hal_rcc.c **** @verbatim
 116:Drivers/STM32H7xx_HAL_Driver/Src/stm32h7xx_hal_rcc.c ****  ===============================================================================
 117:Drivers/STM32H7xx_HAL_Driver/Src/stm32h7xx_hal_rcc.c ****            ##### Initialization and de-initialization functions #####
 118:Drivers/STM32H7xx_HAL_Driver/Src/stm32h7xx_hal_rcc.c ****  ===============================================================================
 119:Drivers/STM32H7xx_HAL_Driver/Src/stm32h7xx_hal_rcc.c ****     [..]
 120:Drivers/STM32H7xx_HAL_Driver/Src/stm32h7xx_hal_rcc.c ****       This section provides functions allowing to configure the internal/external oscillators
 121:Drivers/STM32H7xx_HAL_Driver/Src/stm32h7xx_hal_rcc.c ****       (HSE, HSI, LSE,CSI, LSI,HSI48, PLL, CSS and MCO) and the System buses clocks (SYSCLK, AHB3, A
 122:Drivers/STM32H7xx_HAL_Driver/Src/stm32h7xx_hal_rcc.c ****        AHB2,AHB4,APB3, APB1L, APB1H, APB2, and APB4).
 123:Drivers/STM32H7xx_HAL_Driver/Src/stm32h7xx_hal_rcc.c **** 
 124:Drivers/STM32H7xx_HAL_Driver/Src/stm32h7xx_hal_rcc.c ****     [..] Internal/external clock and PLL configuration
 125:Drivers/STM32H7xx_HAL_Driver/Src/stm32h7xx_hal_rcc.c ****          (#) HSI (high-speed internal), 64 MHz factory-trimmed RC used directly or through
 126:Drivers/STM32H7xx_HAL_Driver/Src/stm32h7xx_hal_rcc.c ****              the PLL as System clock source.
 127:Drivers/STM32H7xx_HAL_Driver/Src/stm32h7xx_hal_rcc.c ****          (#) CSI is a low-power RC oscillator which can be used directly as system clock, periphera
 128:Drivers/STM32H7xx_HAL_Driver/Src/stm32h7xx_hal_rcc.c ****              clock, or PLL input.But even with frequency calibration, is less accurate than an
 129:Drivers/STM32H7xx_HAL_Driver/Src/stm32h7xx_hal_rcc.c ****              external crystal oscillator or ceramic resonator.
 130:Drivers/STM32H7xx_HAL_Driver/Src/stm32h7xx_hal_rcc.c ****          (#) LSI (low-speed internal), 32 KHz low consumption RC used as IWDG and/or RTC
 131:Drivers/STM32H7xx_HAL_Driver/Src/stm32h7xx_hal_rcc.c ****              clock source.
 132:Drivers/STM32H7xx_HAL_Driver/Src/stm32h7xx_hal_rcc.c **** 
 133:Drivers/STM32H7xx_HAL_Driver/Src/stm32h7xx_hal_rcc.c ****          (#) HSE (high-speed external), 4 to 48 MHz crystal oscillator used directly or
 134:Drivers/STM32H7xx_HAL_Driver/Src/stm32h7xx_hal_rcc.c ****              through the PLL as System clock source. Can be used also as RTC clock source.
 135:Drivers/STM32H7xx_HAL_Driver/Src/stm32h7xx_hal_rcc.c **** 
 136:Drivers/STM32H7xx_HAL_Driver/Src/stm32h7xx_hal_rcc.c ****          (#) LSE (low-speed external), 32 KHz oscillator used as RTC clock source.
 137:Drivers/STM32H7xx_HAL_Driver/Src/stm32h7xx_hal_rcc.c **** 
 138:Drivers/STM32H7xx_HAL_Driver/Src/stm32h7xx_hal_rcc.c ****          (#) PLL , The RCC features three independent PLLs (clocked by HSI , HSE or CSI),
 139:Drivers/STM32H7xx_HAL_Driver/Src/stm32h7xx_hal_rcc.c ****              featuring three different output clocks and able  to work either in integer or Fractio
 140:Drivers/STM32H7xx_HAL_Driver/Src/stm32h7xx_hal_rcc.c ****            (++) A main PLL, PLL1, which is generally used to provide clocks to the CPU
 141:Drivers/STM32H7xx_HAL_Driver/Src/stm32h7xx_hal_rcc.c ****                 and to some peripherals.
 142:Drivers/STM32H7xx_HAL_Driver/Src/stm32h7xx_hal_rcc.c ****            (++) Two dedicated PLLs, PLL2 and PLL3, which are used to generate the kernel clock for 
 143:Drivers/STM32H7xx_HAL_Driver/Src/stm32h7xx_hal_rcc.c **** 
 144:Drivers/STM32H7xx_HAL_Driver/Src/stm32h7xx_hal_rcc.c **** 
 145:Drivers/STM32H7xx_HAL_Driver/Src/stm32h7xx_hal_rcc.c ****          (#) CSS (Clock security system), once enabled and if a HSE clock failure occurs
ARM GAS  C:\Users\l1234\AppData\Local\Temp\cc5S3qmC.s 			page 4


 146:Drivers/STM32H7xx_HAL_Driver/Src/stm32h7xx_hal_rcc.c ****             (HSE used directly or through PLL as System clock source), the System clock
 147:Drivers/STM32H7xx_HAL_Driver/Src/stm32h7xx_hal_rcc.c ****              is automatically switched to HSI and an interrupt is generated if enabled.
 148:Drivers/STM32H7xx_HAL_Driver/Src/stm32h7xx_hal_rcc.c ****              The interrupt is linked to the Cortex-M NMI (Non-Mask-able Interrupt)
 149:Drivers/STM32H7xx_HAL_Driver/Src/stm32h7xx_hal_rcc.c ****              exception vector.
 150:Drivers/STM32H7xx_HAL_Driver/Src/stm32h7xx_hal_rcc.c **** 
 151:Drivers/STM32H7xx_HAL_Driver/Src/stm32h7xx_hal_rcc.c ****          (#) MCO1 (micro controller clock output), used to output HSI, LSE, HSE, PLL1(PLL1_Q)
 152:Drivers/STM32H7xx_HAL_Driver/Src/stm32h7xx_hal_rcc.c ****              or HSI48 clock (through a configurable pre-scaler) on PA8 pin.
 153:Drivers/STM32H7xx_HAL_Driver/Src/stm32h7xx_hal_rcc.c **** 
 154:Drivers/STM32H7xx_HAL_Driver/Src/stm32h7xx_hal_rcc.c ****          (#) MCO2 (micro controller clock output), used to output HSE, PLL2(PLL2_P), SYSCLK,
 155:Drivers/STM32H7xx_HAL_Driver/Src/stm32h7xx_hal_rcc.c ****              LSI, CSI, or PLL1(PLL1_P) clock (through a configurable pre-scaler) on PC9 pin.
 156:Drivers/STM32H7xx_HAL_Driver/Src/stm32h7xx_hal_rcc.c **** 
 157:Drivers/STM32H7xx_HAL_Driver/Src/stm32h7xx_hal_rcc.c ****     [..] System, AHB and APB buses clocks configuration
 158:Drivers/STM32H7xx_HAL_Driver/Src/stm32h7xx_hal_rcc.c ****          (#) Several clock sources can be used to drive the System clock (SYSCLK): CSI,HSI,
 159:Drivers/STM32H7xx_HAL_Driver/Src/stm32h7xx_hal_rcc.c ****              HSE and PLL.
 160:Drivers/STM32H7xx_HAL_Driver/Src/stm32h7xx_hal_rcc.c ****              The AHB clock (HCLK) is derived from System core clock through configurable
 161:Drivers/STM32H7xx_HAL_Driver/Src/stm32h7xx_hal_rcc.c ****              pre-scaler and used to clock the CPU, memory and peripherals mapped
 162:Drivers/STM32H7xx_HAL_Driver/Src/stm32h7xx_hal_rcc.c ****              on AHB and APB bus of the 3 Domains (D1, D2, D3)* through configurable pre-scalers
 163:Drivers/STM32H7xx_HAL_Driver/Src/stm32h7xx_hal_rcc.c ****              and used to clock the peripherals mapped on these buses. You can use
 164:Drivers/STM32H7xx_HAL_Driver/Src/stm32h7xx_hal_rcc.c ****              "HAL_RCC_GetSysClockFreq()" function to retrieve system clock frequency.
 165:Drivers/STM32H7xx_HAL_Driver/Src/stm32h7xx_hal_rcc.c **** 
 166:Drivers/STM32H7xx_HAL_Driver/Src/stm32h7xx_hal_rcc.c ****          -@- All the peripheral clocks are derived from the System clock (SYSCLK) except those
 167:Drivers/STM32H7xx_HAL_Driver/Src/stm32h7xx_hal_rcc.c ****              with dual clock domain where kernel source clock could be selected through
 168:Drivers/STM32H7xx_HAL_Driver/Src/stm32h7xx_hal_rcc.c ****              RCC_D1CCIPR,RCC_D2CCIP1R,RCC_D2CCIP2R and RCC_D3CCIPR registers.
 169:Drivers/STM32H7xx_HAL_Driver/Src/stm32h7xx_hal_rcc.c **** 
 170:Drivers/STM32H7xx_HAL_Driver/Src/stm32h7xx_hal_rcc.c ****      (*) : 2 Domains (CD and SRD) for stm32h7a3xx and stm32h7b3xx family lines.
 171:Drivers/STM32H7xx_HAL_Driver/Src/stm32h7xx_hal_rcc.c **** @endverbatim
 172:Drivers/STM32H7xx_HAL_Driver/Src/stm32h7xx_hal_rcc.c ****   * @{
 173:Drivers/STM32H7xx_HAL_Driver/Src/stm32h7xx_hal_rcc.c ****   */
 174:Drivers/STM32H7xx_HAL_Driver/Src/stm32h7xx_hal_rcc.c **** 
 175:Drivers/STM32H7xx_HAL_Driver/Src/stm32h7xx_hal_rcc.c **** /**
 176:Drivers/STM32H7xx_HAL_Driver/Src/stm32h7xx_hal_rcc.c ****   * @brief  Resets the RCC clock configuration to the default reset state.
 177:Drivers/STM32H7xx_HAL_Driver/Src/stm32h7xx_hal_rcc.c ****   * @note   The default reset state of the clock configuration is given below:
 178:Drivers/STM32H7xx_HAL_Driver/Src/stm32h7xx_hal_rcc.c ****   *            - HSI ON and used as system clock source
 179:Drivers/STM32H7xx_HAL_Driver/Src/stm32h7xx_hal_rcc.c ****   *            - HSE, PLL1, PLL2 and PLL3 OFF
 180:Drivers/STM32H7xx_HAL_Driver/Src/stm32h7xx_hal_rcc.c ****   *            - AHB, APB Bus pre-scaler set to 1.
 181:Drivers/STM32H7xx_HAL_Driver/Src/stm32h7xx_hal_rcc.c ****   *            - CSS, MCO1 and MCO2 OFF
 182:Drivers/STM32H7xx_HAL_Driver/Src/stm32h7xx_hal_rcc.c ****   *            - All interrupts disabled
 183:Drivers/STM32H7xx_HAL_Driver/Src/stm32h7xx_hal_rcc.c ****   * @note   This function doesn't modify the configuration of the
 184:Drivers/STM32H7xx_HAL_Driver/Src/stm32h7xx_hal_rcc.c ****   *            - Peripheral clocks
 185:Drivers/STM32H7xx_HAL_Driver/Src/stm32h7xx_hal_rcc.c ****   *            - LSI, LSE and RTC clocks
 186:Drivers/STM32H7xx_HAL_Driver/Src/stm32h7xx_hal_rcc.c ****   * @retval HAL status
 187:Drivers/STM32H7xx_HAL_Driver/Src/stm32h7xx_hal_rcc.c ****   */
 188:Drivers/STM32H7xx_HAL_Driver/Src/stm32h7xx_hal_rcc.c **** HAL_StatusTypeDef HAL_RCC_DeInit(void)
 189:Drivers/STM32H7xx_HAL_Driver/Src/stm32h7xx_hal_rcc.c **** {
 190:Drivers/STM32H7xx_HAL_Driver/Src/stm32h7xx_hal_rcc.c ****   uint32_t tickstart;
 191:Drivers/STM32H7xx_HAL_Driver/Src/stm32h7xx_hal_rcc.c **** 
 192:Drivers/STM32H7xx_HAL_Driver/Src/stm32h7xx_hal_rcc.c ****   /* Increasing the CPU frequency */
 193:Drivers/STM32H7xx_HAL_Driver/Src/stm32h7xx_hal_rcc.c ****   if (FLASH_LATENCY_DEFAULT  > __HAL_FLASH_GET_LATENCY())
 194:Drivers/STM32H7xx_HAL_Driver/Src/stm32h7xx_hal_rcc.c ****   {
 195:Drivers/STM32H7xx_HAL_Driver/Src/stm32h7xx_hal_rcc.c ****     /* Program the new number of wait states to the LATENCY bits in the FLASH_ACR register */
 196:Drivers/STM32H7xx_HAL_Driver/Src/stm32h7xx_hal_rcc.c ****     __HAL_FLASH_SET_LATENCY(FLASH_LATENCY_DEFAULT);
 197:Drivers/STM32H7xx_HAL_Driver/Src/stm32h7xx_hal_rcc.c **** 
 198:Drivers/STM32H7xx_HAL_Driver/Src/stm32h7xx_hal_rcc.c ****     /* Check that the new number of wait states is taken into account to access the Flash
 199:Drivers/STM32H7xx_HAL_Driver/Src/stm32h7xx_hal_rcc.c ****     memory by reading the FLASH_ACR register */
 200:Drivers/STM32H7xx_HAL_Driver/Src/stm32h7xx_hal_rcc.c ****     if (__HAL_FLASH_GET_LATENCY() != FLASH_LATENCY_DEFAULT)
 201:Drivers/STM32H7xx_HAL_Driver/Src/stm32h7xx_hal_rcc.c ****     {
 202:Drivers/STM32H7xx_HAL_Driver/Src/stm32h7xx_hal_rcc.c ****       return HAL_ERROR;
ARM GAS  C:\Users\l1234\AppData\Local\Temp\cc5S3qmC.s 			page 5


 203:Drivers/STM32H7xx_HAL_Driver/Src/stm32h7xx_hal_rcc.c ****     }
 204:Drivers/STM32H7xx_HAL_Driver/Src/stm32h7xx_hal_rcc.c **** 
 205:Drivers/STM32H7xx_HAL_Driver/Src/stm32h7xx_hal_rcc.c ****   }
 206:Drivers/STM32H7xx_HAL_Driver/Src/stm32h7xx_hal_rcc.c **** 
 207:Drivers/STM32H7xx_HAL_Driver/Src/stm32h7xx_hal_rcc.c **** 
 208:Drivers/STM32H7xx_HAL_Driver/Src/stm32h7xx_hal_rcc.c ****   /* Get Start Tick */
 209:Drivers/STM32H7xx_HAL_Driver/Src/stm32h7xx_hal_rcc.c ****   tickstart = HAL_GetTick();
 210:Drivers/STM32H7xx_HAL_Driver/Src/stm32h7xx_hal_rcc.c **** 
 211:Drivers/STM32H7xx_HAL_Driver/Src/stm32h7xx_hal_rcc.c ****   /* Set HSION bit */
 212:Drivers/STM32H7xx_HAL_Driver/Src/stm32h7xx_hal_rcc.c ****   SET_BIT(RCC->CR, RCC_CR_HSION);
 213:Drivers/STM32H7xx_HAL_Driver/Src/stm32h7xx_hal_rcc.c **** 
 214:Drivers/STM32H7xx_HAL_Driver/Src/stm32h7xx_hal_rcc.c ****   /* Wait till HSI is ready */
 215:Drivers/STM32H7xx_HAL_Driver/Src/stm32h7xx_hal_rcc.c ****   while (READ_BIT(RCC->CR, RCC_CR_HSIRDY) == 0U)
 216:Drivers/STM32H7xx_HAL_Driver/Src/stm32h7xx_hal_rcc.c ****   {
 217:Drivers/STM32H7xx_HAL_Driver/Src/stm32h7xx_hal_rcc.c ****     if ((HAL_GetTick() - tickstart) > HSI_TIMEOUT_VALUE)
 218:Drivers/STM32H7xx_HAL_Driver/Src/stm32h7xx_hal_rcc.c ****     {
 219:Drivers/STM32H7xx_HAL_Driver/Src/stm32h7xx_hal_rcc.c ****       return HAL_TIMEOUT;
 220:Drivers/STM32H7xx_HAL_Driver/Src/stm32h7xx_hal_rcc.c ****     }
 221:Drivers/STM32H7xx_HAL_Driver/Src/stm32h7xx_hal_rcc.c ****   }
 222:Drivers/STM32H7xx_HAL_Driver/Src/stm32h7xx_hal_rcc.c **** 
 223:Drivers/STM32H7xx_HAL_Driver/Src/stm32h7xx_hal_rcc.c ****   /* Set HSITRIM[6:0] bits to the reset value */
 224:Drivers/STM32H7xx_HAL_Driver/Src/stm32h7xx_hal_rcc.c ****   SET_BIT(RCC->HSICFGR, RCC_HSICFGR_HSITRIM_6);
 225:Drivers/STM32H7xx_HAL_Driver/Src/stm32h7xx_hal_rcc.c **** 
 226:Drivers/STM32H7xx_HAL_Driver/Src/stm32h7xx_hal_rcc.c ****   /* Reset CFGR register */
 227:Drivers/STM32H7xx_HAL_Driver/Src/stm32h7xx_hal_rcc.c ****   CLEAR_REG(RCC->CFGR);
 228:Drivers/STM32H7xx_HAL_Driver/Src/stm32h7xx_hal_rcc.c **** 
 229:Drivers/STM32H7xx_HAL_Driver/Src/stm32h7xx_hal_rcc.c ****   /* Update the SystemCoreClock and SystemD2Clock global variables */
 230:Drivers/STM32H7xx_HAL_Driver/Src/stm32h7xx_hal_rcc.c ****   SystemCoreClock = HSI_VALUE;
 231:Drivers/STM32H7xx_HAL_Driver/Src/stm32h7xx_hal_rcc.c ****   SystemD2Clock = HSI_VALUE;
 232:Drivers/STM32H7xx_HAL_Driver/Src/stm32h7xx_hal_rcc.c **** 
 233:Drivers/STM32H7xx_HAL_Driver/Src/stm32h7xx_hal_rcc.c ****   /* Adapt Systick interrupt period */
 234:Drivers/STM32H7xx_HAL_Driver/Src/stm32h7xx_hal_rcc.c ****   if (HAL_InitTick(uwTickPrio) != HAL_OK)
 235:Drivers/STM32H7xx_HAL_Driver/Src/stm32h7xx_hal_rcc.c ****   {
 236:Drivers/STM32H7xx_HAL_Driver/Src/stm32h7xx_hal_rcc.c ****     return HAL_ERROR;
 237:Drivers/STM32H7xx_HAL_Driver/Src/stm32h7xx_hal_rcc.c ****   }
 238:Drivers/STM32H7xx_HAL_Driver/Src/stm32h7xx_hal_rcc.c **** 
 239:Drivers/STM32H7xx_HAL_Driver/Src/stm32h7xx_hal_rcc.c ****   /* Get Start Tick */
 240:Drivers/STM32H7xx_HAL_Driver/Src/stm32h7xx_hal_rcc.c ****   tickstart = HAL_GetTick();
 241:Drivers/STM32H7xx_HAL_Driver/Src/stm32h7xx_hal_rcc.c **** 
 242:Drivers/STM32H7xx_HAL_Driver/Src/stm32h7xx_hal_rcc.c ****   /* Wait till clock switch is ready */
 243:Drivers/STM32H7xx_HAL_Driver/Src/stm32h7xx_hal_rcc.c ****   while (READ_BIT(RCC->CFGR, RCC_CFGR_SWS) != 0U)
 244:Drivers/STM32H7xx_HAL_Driver/Src/stm32h7xx_hal_rcc.c ****   {
 245:Drivers/STM32H7xx_HAL_Driver/Src/stm32h7xx_hal_rcc.c ****     if ((HAL_GetTick() - tickstart) > CLOCKSWITCH_TIMEOUT_VALUE)
 246:Drivers/STM32H7xx_HAL_Driver/Src/stm32h7xx_hal_rcc.c ****     {
 247:Drivers/STM32H7xx_HAL_Driver/Src/stm32h7xx_hal_rcc.c ****       return HAL_TIMEOUT;
 248:Drivers/STM32H7xx_HAL_Driver/Src/stm32h7xx_hal_rcc.c ****     }
 249:Drivers/STM32H7xx_HAL_Driver/Src/stm32h7xx_hal_rcc.c ****   }
 250:Drivers/STM32H7xx_HAL_Driver/Src/stm32h7xx_hal_rcc.c **** 
 251:Drivers/STM32H7xx_HAL_Driver/Src/stm32h7xx_hal_rcc.c ****   /* Get Start Tick */
 252:Drivers/STM32H7xx_HAL_Driver/Src/stm32h7xx_hal_rcc.c ****   tickstart = HAL_GetTick();
 253:Drivers/STM32H7xx_HAL_Driver/Src/stm32h7xx_hal_rcc.c **** 
 254:Drivers/STM32H7xx_HAL_Driver/Src/stm32h7xx_hal_rcc.c ****   /* Reset CSION, CSIKERON, HSEON, HSI48ON, HSECSSON, HSIDIV bits */
 255:Drivers/STM32H7xx_HAL_Driver/Src/stm32h7xx_hal_rcc.c ****   CLEAR_BIT(RCC->CR, RCC_CR_HSEON | RCC_CR_HSIKERON | RCC_CR_HSIDIV | RCC_CR_HSIDIVF | RCC_CR_CSION
 256:Drivers/STM32H7xx_HAL_Driver/Src/stm32h7xx_hal_rcc.c ****             | RCC_CR_HSI48ON | RCC_CR_CSSHSEON);
 257:Drivers/STM32H7xx_HAL_Driver/Src/stm32h7xx_hal_rcc.c **** 
 258:Drivers/STM32H7xx_HAL_Driver/Src/stm32h7xx_hal_rcc.c ****   /* Wait till HSE is disabled */
 259:Drivers/STM32H7xx_HAL_Driver/Src/stm32h7xx_hal_rcc.c ****   while (READ_BIT(RCC->CR, RCC_CR_HSERDY) != 0U)
ARM GAS  C:\Users\l1234\AppData\Local\Temp\cc5S3qmC.s 			page 6


 260:Drivers/STM32H7xx_HAL_Driver/Src/stm32h7xx_hal_rcc.c ****   {
 261:Drivers/STM32H7xx_HAL_Driver/Src/stm32h7xx_hal_rcc.c ****     if ((HAL_GetTick() - tickstart) > HSE_TIMEOUT_VALUE)
 262:Drivers/STM32H7xx_HAL_Driver/Src/stm32h7xx_hal_rcc.c ****     {
 263:Drivers/STM32H7xx_HAL_Driver/Src/stm32h7xx_hal_rcc.c ****       return HAL_TIMEOUT;
 264:Drivers/STM32H7xx_HAL_Driver/Src/stm32h7xx_hal_rcc.c ****     }
 265:Drivers/STM32H7xx_HAL_Driver/Src/stm32h7xx_hal_rcc.c ****   }
 266:Drivers/STM32H7xx_HAL_Driver/Src/stm32h7xx_hal_rcc.c **** 
 267:Drivers/STM32H7xx_HAL_Driver/Src/stm32h7xx_hal_rcc.c ****   /* Get Start Tick */
 268:Drivers/STM32H7xx_HAL_Driver/Src/stm32h7xx_hal_rcc.c ****   tickstart = HAL_GetTick();
 269:Drivers/STM32H7xx_HAL_Driver/Src/stm32h7xx_hal_rcc.c **** 
 270:Drivers/STM32H7xx_HAL_Driver/Src/stm32h7xx_hal_rcc.c ****   /* Clear PLLON bit */
 271:Drivers/STM32H7xx_HAL_Driver/Src/stm32h7xx_hal_rcc.c ****   CLEAR_BIT(RCC->CR, RCC_CR_PLL1ON);
 272:Drivers/STM32H7xx_HAL_Driver/Src/stm32h7xx_hal_rcc.c **** 
 273:Drivers/STM32H7xx_HAL_Driver/Src/stm32h7xx_hal_rcc.c ****   /* Wait till PLL is disabled */
 274:Drivers/STM32H7xx_HAL_Driver/Src/stm32h7xx_hal_rcc.c ****   while (READ_BIT(RCC->CR, RCC_CR_PLL1RDY) != 0U)
 275:Drivers/STM32H7xx_HAL_Driver/Src/stm32h7xx_hal_rcc.c ****   {
 276:Drivers/STM32H7xx_HAL_Driver/Src/stm32h7xx_hal_rcc.c ****     if ((HAL_GetTick() - tickstart) > PLL_TIMEOUT_VALUE)
 277:Drivers/STM32H7xx_HAL_Driver/Src/stm32h7xx_hal_rcc.c ****     {
 278:Drivers/STM32H7xx_HAL_Driver/Src/stm32h7xx_hal_rcc.c ****       return HAL_TIMEOUT;
 279:Drivers/STM32H7xx_HAL_Driver/Src/stm32h7xx_hal_rcc.c ****     }
 280:Drivers/STM32H7xx_HAL_Driver/Src/stm32h7xx_hal_rcc.c ****   }
 281:Drivers/STM32H7xx_HAL_Driver/Src/stm32h7xx_hal_rcc.c **** 
 282:Drivers/STM32H7xx_HAL_Driver/Src/stm32h7xx_hal_rcc.c ****   /* Get Start Tick */
 283:Drivers/STM32H7xx_HAL_Driver/Src/stm32h7xx_hal_rcc.c ****   tickstart = HAL_GetTick();
 284:Drivers/STM32H7xx_HAL_Driver/Src/stm32h7xx_hal_rcc.c **** 
 285:Drivers/STM32H7xx_HAL_Driver/Src/stm32h7xx_hal_rcc.c ****   /* Reset PLL2ON bit */
 286:Drivers/STM32H7xx_HAL_Driver/Src/stm32h7xx_hal_rcc.c ****   CLEAR_BIT(RCC->CR, RCC_CR_PLL2ON);
 287:Drivers/STM32H7xx_HAL_Driver/Src/stm32h7xx_hal_rcc.c **** 
 288:Drivers/STM32H7xx_HAL_Driver/Src/stm32h7xx_hal_rcc.c ****   /* Wait till PLL2 is disabled */
 289:Drivers/STM32H7xx_HAL_Driver/Src/stm32h7xx_hal_rcc.c ****   while (READ_BIT(RCC->CR, RCC_CR_PLL2RDY) != 0U)
 290:Drivers/STM32H7xx_HAL_Driver/Src/stm32h7xx_hal_rcc.c ****   {
 291:Drivers/STM32H7xx_HAL_Driver/Src/stm32h7xx_hal_rcc.c ****     if ((HAL_GetTick() - tickstart) > PLL_TIMEOUT_VALUE)
 292:Drivers/STM32H7xx_HAL_Driver/Src/stm32h7xx_hal_rcc.c ****     {
 293:Drivers/STM32H7xx_HAL_Driver/Src/stm32h7xx_hal_rcc.c ****       return HAL_TIMEOUT;
 294:Drivers/STM32H7xx_HAL_Driver/Src/stm32h7xx_hal_rcc.c ****     }
 295:Drivers/STM32H7xx_HAL_Driver/Src/stm32h7xx_hal_rcc.c ****   }
 296:Drivers/STM32H7xx_HAL_Driver/Src/stm32h7xx_hal_rcc.c **** 
 297:Drivers/STM32H7xx_HAL_Driver/Src/stm32h7xx_hal_rcc.c ****   /* Get Start Tick */
 298:Drivers/STM32H7xx_HAL_Driver/Src/stm32h7xx_hal_rcc.c ****   tickstart = HAL_GetTick();
 299:Drivers/STM32H7xx_HAL_Driver/Src/stm32h7xx_hal_rcc.c **** 
 300:Drivers/STM32H7xx_HAL_Driver/Src/stm32h7xx_hal_rcc.c ****   /* Reset PLL3 bit */
 301:Drivers/STM32H7xx_HAL_Driver/Src/stm32h7xx_hal_rcc.c ****   CLEAR_BIT(RCC->CR, RCC_CR_PLL3ON);
 302:Drivers/STM32H7xx_HAL_Driver/Src/stm32h7xx_hal_rcc.c **** 
 303:Drivers/STM32H7xx_HAL_Driver/Src/stm32h7xx_hal_rcc.c ****   /* Wait till PLL3 is disabled */
 304:Drivers/STM32H7xx_HAL_Driver/Src/stm32h7xx_hal_rcc.c ****   while (READ_BIT(RCC->CR, RCC_CR_PLL3RDY) != 0U)
 305:Drivers/STM32H7xx_HAL_Driver/Src/stm32h7xx_hal_rcc.c ****   {
 306:Drivers/STM32H7xx_HAL_Driver/Src/stm32h7xx_hal_rcc.c ****     if ((HAL_GetTick() - tickstart) > PLL_TIMEOUT_VALUE)
 307:Drivers/STM32H7xx_HAL_Driver/Src/stm32h7xx_hal_rcc.c ****     {
 308:Drivers/STM32H7xx_HAL_Driver/Src/stm32h7xx_hal_rcc.c ****       return HAL_TIMEOUT;
 309:Drivers/STM32H7xx_HAL_Driver/Src/stm32h7xx_hal_rcc.c ****     }
 310:Drivers/STM32H7xx_HAL_Driver/Src/stm32h7xx_hal_rcc.c ****   }
 311:Drivers/STM32H7xx_HAL_Driver/Src/stm32h7xx_hal_rcc.c **** 
 312:Drivers/STM32H7xx_HAL_Driver/Src/stm32h7xx_hal_rcc.c **** #if defined(RCC_D1CFGR_HPRE)
 313:Drivers/STM32H7xx_HAL_Driver/Src/stm32h7xx_hal_rcc.c ****   /* Reset D1CFGR register */
 314:Drivers/STM32H7xx_HAL_Driver/Src/stm32h7xx_hal_rcc.c ****   CLEAR_REG(RCC->D1CFGR);
 315:Drivers/STM32H7xx_HAL_Driver/Src/stm32h7xx_hal_rcc.c **** 
 316:Drivers/STM32H7xx_HAL_Driver/Src/stm32h7xx_hal_rcc.c ****   /* Reset D2CFGR register */
ARM GAS  C:\Users\l1234\AppData\Local\Temp\cc5S3qmC.s 			page 7


 317:Drivers/STM32H7xx_HAL_Driver/Src/stm32h7xx_hal_rcc.c ****   CLEAR_REG(RCC->D2CFGR);
 318:Drivers/STM32H7xx_HAL_Driver/Src/stm32h7xx_hal_rcc.c **** 
 319:Drivers/STM32H7xx_HAL_Driver/Src/stm32h7xx_hal_rcc.c ****   /* Reset D3CFGR register */
 320:Drivers/STM32H7xx_HAL_Driver/Src/stm32h7xx_hal_rcc.c ****   CLEAR_REG(RCC->D3CFGR);
 321:Drivers/STM32H7xx_HAL_Driver/Src/stm32h7xx_hal_rcc.c **** #else
 322:Drivers/STM32H7xx_HAL_Driver/Src/stm32h7xx_hal_rcc.c ****   /* Reset CDCFGR1 register */
 323:Drivers/STM32H7xx_HAL_Driver/Src/stm32h7xx_hal_rcc.c ****   CLEAR_REG(RCC->CDCFGR1);
 324:Drivers/STM32H7xx_HAL_Driver/Src/stm32h7xx_hal_rcc.c **** 
 325:Drivers/STM32H7xx_HAL_Driver/Src/stm32h7xx_hal_rcc.c ****   /* Reset CDCFGR2 register */
 326:Drivers/STM32H7xx_HAL_Driver/Src/stm32h7xx_hal_rcc.c ****   CLEAR_REG(RCC->CDCFGR2);
 327:Drivers/STM32H7xx_HAL_Driver/Src/stm32h7xx_hal_rcc.c **** 
 328:Drivers/STM32H7xx_HAL_Driver/Src/stm32h7xx_hal_rcc.c ****   /* Reset SRDCFGR register */
 329:Drivers/STM32H7xx_HAL_Driver/Src/stm32h7xx_hal_rcc.c ****   CLEAR_REG(RCC->SRDCFGR);
 330:Drivers/STM32H7xx_HAL_Driver/Src/stm32h7xx_hal_rcc.c **** #endif
 331:Drivers/STM32H7xx_HAL_Driver/Src/stm32h7xx_hal_rcc.c **** 
 332:Drivers/STM32H7xx_HAL_Driver/Src/stm32h7xx_hal_rcc.c ****   /* Reset PLLCKSELR register to default value */
 333:Drivers/STM32H7xx_HAL_Driver/Src/stm32h7xx_hal_rcc.c ****   RCC->PLLCKSELR = RCC_PLLCKSELR_DIVM1_5 | RCC_PLLCKSELR_DIVM2_5 | RCC_PLLCKSELR_DIVM3_5;
 334:Drivers/STM32H7xx_HAL_Driver/Src/stm32h7xx_hal_rcc.c **** 
 335:Drivers/STM32H7xx_HAL_Driver/Src/stm32h7xx_hal_rcc.c ****   /* Reset PLLCFGR register to default value */
 336:Drivers/STM32H7xx_HAL_Driver/Src/stm32h7xx_hal_rcc.c ****   WRITE_REG(RCC->PLLCFGR, 0x01FF0000U);
 337:Drivers/STM32H7xx_HAL_Driver/Src/stm32h7xx_hal_rcc.c **** 
 338:Drivers/STM32H7xx_HAL_Driver/Src/stm32h7xx_hal_rcc.c ****   /* Reset PLL1DIVR register to default value */
 339:Drivers/STM32H7xx_HAL_Driver/Src/stm32h7xx_hal_rcc.c ****   WRITE_REG(RCC->PLL1DIVR, 0x01010280U);
 340:Drivers/STM32H7xx_HAL_Driver/Src/stm32h7xx_hal_rcc.c **** 
 341:Drivers/STM32H7xx_HAL_Driver/Src/stm32h7xx_hal_rcc.c ****   /* Reset PLL1FRACR register */
 342:Drivers/STM32H7xx_HAL_Driver/Src/stm32h7xx_hal_rcc.c ****   CLEAR_REG(RCC->PLL1FRACR);
 343:Drivers/STM32H7xx_HAL_Driver/Src/stm32h7xx_hal_rcc.c **** 
 344:Drivers/STM32H7xx_HAL_Driver/Src/stm32h7xx_hal_rcc.c ****   /* Reset PLL2DIVR register to default value */
 345:Drivers/STM32H7xx_HAL_Driver/Src/stm32h7xx_hal_rcc.c ****   WRITE_REG(RCC->PLL2DIVR, 0x01010280U);
 346:Drivers/STM32H7xx_HAL_Driver/Src/stm32h7xx_hal_rcc.c **** 
 347:Drivers/STM32H7xx_HAL_Driver/Src/stm32h7xx_hal_rcc.c ****   /* Reset PLL2FRACR register */
 348:Drivers/STM32H7xx_HAL_Driver/Src/stm32h7xx_hal_rcc.c ****   CLEAR_REG(RCC->PLL2FRACR);
 349:Drivers/STM32H7xx_HAL_Driver/Src/stm32h7xx_hal_rcc.c **** 
 350:Drivers/STM32H7xx_HAL_Driver/Src/stm32h7xx_hal_rcc.c ****   /* Reset PLL3DIVR register to default value */
 351:Drivers/STM32H7xx_HAL_Driver/Src/stm32h7xx_hal_rcc.c ****   WRITE_REG(RCC->PLL3DIVR, 0x01010280U);
 352:Drivers/STM32H7xx_HAL_Driver/Src/stm32h7xx_hal_rcc.c **** 
 353:Drivers/STM32H7xx_HAL_Driver/Src/stm32h7xx_hal_rcc.c ****   /* Reset PLL3FRACR register */
 354:Drivers/STM32H7xx_HAL_Driver/Src/stm32h7xx_hal_rcc.c ****   CLEAR_REG(RCC->PLL3FRACR);
 355:Drivers/STM32H7xx_HAL_Driver/Src/stm32h7xx_hal_rcc.c **** 
 356:Drivers/STM32H7xx_HAL_Driver/Src/stm32h7xx_hal_rcc.c **** #if defined(RCC_CR_HSEEXT)
 357:Drivers/STM32H7xx_HAL_Driver/Src/stm32h7xx_hal_rcc.c ****   /* Reset HSEEXT  */
 358:Drivers/STM32H7xx_HAL_Driver/Src/stm32h7xx_hal_rcc.c ****   CLEAR_BIT(RCC->CR, RCC_CR_HSEEXT);
 359:Drivers/STM32H7xx_HAL_Driver/Src/stm32h7xx_hal_rcc.c **** #endif /* RCC_CR_HSEEXT */
 360:Drivers/STM32H7xx_HAL_Driver/Src/stm32h7xx_hal_rcc.c **** 
 361:Drivers/STM32H7xx_HAL_Driver/Src/stm32h7xx_hal_rcc.c ****   /* Reset HSEBYP bit */
 362:Drivers/STM32H7xx_HAL_Driver/Src/stm32h7xx_hal_rcc.c ****   CLEAR_BIT(RCC->CR, RCC_CR_HSEBYP);
 363:Drivers/STM32H7xx_HAL_Driver/Src/stm32h7xx_hal_rcc.c **** 
 364:Drivers/STM32H7xx_HAL_Driver/Src/stm32h7xx_hal_rcc.c ****   /* Disable all interrupts */
 365:Drivers/STM32H7xx_HAL_Driver/Src/stm32h7xx_hal_rcc.c ****   CLEAR_REG(RCC->CIER);
 366:Drivers/STM32H7xx_HAL_Driver/Src/stm32h7xx_hal_rcc.c **** 
 367:Drivers/STM32H7xx_HAL_Driver/Src/stm32h7xx_hal_rcc.c ****   /* Clear all interrupts flags */
 368:Drivers/STM32H7xx_HAL_Driver/Src/stm32h7xx_hal_rcc.c ****   WRITE_REG(RCC->CICR, 0xFFFFFFFFU);
 369:Drivers/STM32H7xx_HAL_Driver/Src/stm32h7xx_hal_rcc.c **** 
 370:Drivers/STM32H7xx_HAL_Driver/Src/stm32h7xx_hal_rcc.c ****   /* Reset all RSR flags */
 371:Drivers/STM32H7xx_HAL_Driver/Src/stm32h7xx_hal_rcc.c ****   SET_BIT(RCC->RSR, RCC_RSR_RMVF);
 372:Drivers/STM32H7xx_HAL_Driver/Src/stm32h7xx_hal_rcc.c **** 
 373:Drivers/STM32H7xx_HAL_Driver/Src/stm32h7xx_hal_rcc.c ****   /* Decreasing the number of wait states because of lower CPU frequency */
ARM GAS  C:\Users\l1234\AppData\Local\Temp\cc5S3qmC.s 			page 8


 374:Drivers/STM32H7xx_HAL_Driver/Src/stm32h7xx_hal_rcc.c ****   if (FLASH_LATENCY_DEFAULT  < __HAL_FLASH_GET_LATENCY())
 375:Drivers/STM32H7xx_HAL_Driver/Src/stm32h7xx_hal_rcc.c ****   {
 376:Drivers/STM32H7xx_HAL_Driver/Src/stm32h7xx_hal_rcc.c ****     /* Program the new number of wait states to the LATENCY bits in the FLASH_ACR register */
 377:Drivers/STM32H7xx_HAL_Driver/Src/stm32h7xx_hal_rcc.c ****     __HAL_FLASH_SET_LATENCY(FLASH_LATENCY_DEFAULT);
 378:Drivers/STM32H7xx_HAL_Driver/Src/stm32h7xx_hal_rcc.c **** 
 379:Drivers/STM32H7xx_HAL_Driver/Src/stm32h7xx_hal_rcc.c ****     /* Check that the new number of wait states is taken into account to access the Flash
 380:Drivers/STM32H7xx_HAL_Driver/Src/stm32h7xx_hal_rcc.c ****     memory by reading the FLASH_ACR register */
 381:Drivers/STM32H7xx_HAL_Driver/Src/stm32h7xx_hal_rcc.c ****     if (__HAL_FLASH_GET_LATENCY() != FLASH_LATENCY_DEFAULT)
 382:Drivers/STM32H7xx_HAL_Driver/Src/stm32h7xx_hal_rcc.c ****     {
 383:Drivers/STM32H7xx_HAL_Driver/Src/stm32h7xx_hal_rcc.c ****       return HAL_ERROR;
 384:Drivers/STM32H7xx_HAL_Driver/Src/stm32h7xx_hal_rcc.c ****     }
 385:Drivers/STM32H7xx_HAL_Driver/Src/stm32h7xx_hal_rcc.c **** 
 386:Drivers/STM32H7xx_HAL_Driver/Src/stm32h7xx_hal_rcc.c ****   }
 387:Drivers/STM32H7xx_HAL_Driver/Src/stm32h7xx_hal_rcc.c **** 
 388:Drivers/STM32H7xx_HAL_Driver/Src/stm32h7xx_hal_rcc.c ****   return HAL_OK;
 389:Drivers/STM32H7xx_HAL_Driver/Src/stm32h7xx_hal_rcc.c **** }
 390:Drivers/STM32H7xx_HAL_Driver/Src/stm32h7xx_hal_rcc.c **** 
 391:Drivers/STM32H7xx_HAL_Driver/Src/stm32h7xx_hal_rcc.c **** /**
 392:Drivers/STM32H7xx_HAL_Driver/Src/stm32h7xx_hal_rcc.c ****   * @brief  Initializes the RCC Oscillators according to the specified parameters in the
 393:Drivers/STM32H7xx_HAL_Driver/Src/stm32h7xx_hal_rcc.c ****   *         RCC_OscInitTypeDef.
 394:Drivers/STM32H7xx_HAL_Driver/Src/stm32h7xx_hal_rcc.c ****   * @param  RCC_OscInitStruct: pointer to an RCC_OscInitTypeDef structure that
 395:Drivers/STM32H7xx_HAL_Driver/Src/stm32h7xx_hal_rcc.c ****   *         contains the configuration information for the RCC Oscillators.
 396:Drivers/STM32H7xx_HAL_Driver/Src/stm32h7xx_hal_rcc.c ****   * @note   The PLL is not disabled when used as system clock.
 397:Drivers/STM32H7xx_HAL_Driver/Src/stm32h7xx_hal_rcc.c ****   * @note   Transitions LSE Bypass to LSE On and LSE On to LSE Bypass are not
 398:Drivers/STM32H7xx_HAL_Driver/Src/stm32h7xx_hal_rcc.c ****   *         supported by this function. User should request a transition to LSE Off
 399:Drivers/STM32H7xx_HAL_Driver/Src/stm32h7xx_hal_rcc.c ****   *         first and then LSE On or LSE Bypass.
 400:Drivers/STM32H7xx_HAL_Driver/Src/stm32h7xx_hal_rcc.c ****   * @note   Transition HSE Bypass to HSE On and HSE On to HSE Bypass are not
 401:Drivers/STM32H7xx_HAL_Driver/Src/stm32h7xx_hal_rcc.c ****   *         supported by this function. User should request a transition to HSE Off
 402:Drivers/STM32H7xx_HAL_Driver/Src/stm32h7xx_hal_rcc.c ****   *         first and then HSE On or HSE Bypass.
 403:Drivers/STM32H7xx_HAL_Driver/Src/stm32h7xx_hal_rcc.c ****   * @retval HAL status
 404:Drivers/STM32H7xx_HAL_Driver/Src/stm32h7xx_hal_rcc.c ****   */
 405:Drivers/STM32H7xx_HAL_Driver/Src/stm32h7xx_hal_rcc.c **** __weak HAL_StatusTypeDef HAL_RCC_OscConfig(RCC_OscInitTypeDef  *RCC_OscInitStruct)
 406:Drivers/STM32H7xx_HAL_Driver/Src/stm32h7xx_hal_rcc.c **** {
 407:Drivers/STM32H7xx_HAL_Driver/Src/stm32h7xx_hal_rcc.c ****   uint32_t tickstart;
 408:Drivers/STM32H7xx_HAL_Driver/Src/stm32h7xx_hal_rcc.c ****   uint32_t temp1_pllckcfg, temp2_pllckcfg;
 409:Drivers/STM32H7xx_HAL_Driver/Src/stm32h7xx_hal_rcc.c **** 
 410:Drivers/STM32H7xx_HAL_Driver/Src/stm32h7xx_hal_rcc.c ****   /* Check Null pointer */
 411:Drivers/STM32H7xx_HAL_Driver/Src/stm32h7xx_hal_rcc.c ****   if (RCC_OscInitStruct == NULL)
 412:Drivers/STM32H7xx_HAL_Driver/Src/stm32h7xx_hal_rcc.c ****   {
 413:Drivers/STM32H7xx_HAL_Driver/Src/stm32h7xx_hal_rcc.c ****     return HAL_ERROR;
 414:Drivers/STM32H7xx_HAL_Driver/Src/stm32h7xx_hal_rcc.c ****   }
 415:Drivers/STM32H7xx_HAL_Driver/Src/stm32h7xx_hal_rcc.c **** 
 416:Drivers/STM32H7xx_HAL_Driver/Src/stm32h7xx_hal_rcc.c ****   /* Check the parameters */
 417:Drivers/STM32H7xx_HAL_Driver/Src/stm32h7xx_hal_rcc.c ****   assert_param(IS_RCC_OSCILLATORTYPE(RCC_OscInitStruct->OscillatorType));
 418:Drivers/STM32H7xx_HAL_Driver/Src/stm32h7xx_hal_rcc.c ****   /*------------------------------- HSE Configuration ------------------------*/
 419:Drivers/STM32H7xx_HAL_Driver/Src/stm32h7xx_hal_rcc.c ****   if (((RCC_OscInitStruct->OscillatorType) & RCC_OSCILLATORTYPE_HSE) == RCC_OSCILLATORTYPE_HSE)
 420:Drivers/STM32H7xx_HAL_Driver/Src/stm32h7xx_hal_rcc.c ****   {
 421:Drivers/STM32H7xx_HAL_Driver/Src/stm32h7xx_hal_rcc.c ****     /* Check the parameters */
 422:Drivers/STM32H7xx_HAL_Driver/Src/stm32h7xx_hal_rcc.c ****     assert_param(IS_RCC_HSE(RCC_OscInitStruct->HSEState));
 423:Drivers/STM32H7xx_HAL_Driver/Src/stm32h7xx_hal_rcc.c **** 
 424:Drivers/STM32H7xx_HAL_Driver/Src/stm32h7xx_hal_rcc.c ****     const uint32_t temp_sysclksrc = __HAL_RCC_GET_SYSCLK_SOURCE();
 425:Drivers/STM32H7xx_HAL_Driver/Src/stm32h7xx_hal_rcc.c ****     const uint32_t temp_pllckselr = RCC->PLLCKSELR;
 426:Drivers/STM32H7xx_HAL_Driver/Src/stm32h7xx_hal_rcc.c ****     /* When the HSE is used as system clock or clock source for PLL in these cases HSE will not dis
 427:Drivers/STM32H7xx_HAL_Driver/Src/stm32h7xx_hal_rcc.c ****     if ((temp_sysclksrc == RCC_CFGR_SWS_HSE) || ((temp_sysclksrc == RCC_CFGR_SWS_PLL1) && ((temp_pl
 428:Drivers/STM32H7xx_HAL_Driver/Src/stm32h7xx_hal_rcc.c ****     {
 429:Drivers/STM32H7xx_HAL_Driver/Src/stm32h7xx_hal_rcc.c ****       if ((__HAL_RCC_GET_FLAG(RCC_FLAG_HSERDY) != 0U) && (RCC_OscInitStruct->HSEState == RCC_HSE_OF
 430:Drivers/STM32H7xx_HAL_Driver/Src/stm32h7xx_hal_rcc.c ****       {
ARM GAS  C:\Users\l1234\AppData\Local\Temp\cc5S3qmC.s 			page 9


 431:Drivers/STM32H7xx_HAL_Driver/Src/stm32h7xx_hal_rcc.c ****         return HAL_ERROR;
 432:Drivers/STM32H7xx_HAL_Driver/Src/stm32h7xx_hal_rcc.c ****       }
 433:Drivers/STM32H7xx_HAL_Driver/Src/stm32h7xx_hal_rcc.c ****     }
 434:Drivers/STM32H7xx_HAL_Driver/Src/stm32h7xx_hal_rcc.c ****     else
 435:Drivers/STM32H7xx_HAL_Driver/Src/stm32h7xx_hal_rcc.c ****     {
 436:Drivers/STM32H7xx_HAL_Driver/Src/stm32h7xx_hal_rcc.c ****       /* Set the new HSE configuration ---------------------------------------*/
 437:Drivers/STM32H7xx_HAL_Driver/Src/stm32h7xx_hal_rcc.c ****       __HAL_RCC_HSE_CONFIG(RCC_OscInitStruct->HSEState);
 438:Drivers/STM32H7xx_HAL_Driver/Src/stm32h7xx_hal_rcc.c **** 
 439:Drivers/STM32H7xx_HAL_Driver/Src/stm32h7xx_hal_rcc.c ****       /* Check the HSE State */
 440:Drivers/STM32H7xx_HAL_Driver/Src/stm32h7xx_hal_rcc.c ****       if (RCC_OscInitStruct->HSEState != RCC_HSE_OFF)
 441:Drivers/STM32H7xx_HAL_Driver/Src/stm32h7xx_hal_rcc.c ****       {
 442:Drivers/STM32H7xx_HAL_Driver/Src/stm32h7xx_hal_rcc.c ****         /* Get Start Tick*/
 443:Drivers/STM32H7xx_HAL_Driver/Src/stm32h7xx_hal_rcc.c ****         tickstart = HAL_GetTick();
 444:Drivers/STM32H7xx_HAL_Driver/Src/stm32h7xx_hal_rcc.c **** 
 445:Drivers/STM32H7xx_HAL_Driver/Src/stm32h7xx_hal_rcc.c ****         /* Wait till HSE is ready */
 446:Drivers/STM32H7xx_HAL_Driver/Src/stm32h7xx_hal_rcc.c ****         while (__HAL_RCC_GET_FLAG(RCC_FLAG_HSERDY) == 0U)
 447:Drivers/STM32H7xx_HAL_Driver/Src/stm32h7xx_hal_rcc.c ****         {
 448:Drivers/STM32H7xx_HAL_Driver/Src/stm32h7xx_hal_rcc.c ****           if ((uint32_t)(HAL_GetTick() - tickstart) > HSE_TIMEOUT_VALUE)
 449:Drivers/STM32H7xx_HAL_Driver/Src/stm32h7xx_hal_rcc.c ****           {
 450:Drivers/STM32H7xx_HAL_Driver/Src/stm32h7xx_hal_rcc.c ****             return HAL_TIMEOUT;
 451:Drivers/STM32H7xx_HAL_Driver/Src/stm32h7xx_hal_rcc.c ****           }
 452:Drivers/STM32H7xx_HAL_Driver/Src/stm32h7xx_hal_rcc.c ****         }
 453:Drivers/STM32H7xx_HAL_Driver/Src/stm32h7xx_hal_rcc.c ****       }
 454:Drivers/STM32H7xx_HAL_Driver/Src/stm32h7xx_hal_rcc.c ****       else
 455:Drivers/STM32H7xx_HAL_Driver/Src/stm32h7xx_hal_rcc.c ****       {
 456:Drivers/STM32H7xx_HAL_Driver/Src/stm32h7xx_hal_rcc.c ****         /* Get Start Tick*/
 457:Drivers/STM32H7xx_HAL_Driver/Src/stm32h7xx_hal_rcc.c ****         tickstart = HAL_GetTick();
 458:Drivers/STM32H7xx_HAL_Driver/Src/stm32h7xx_hal_rcc.c **** 
 459:Drivers/STM32H7xx_HAL_Driver/Src/stm32h7xx_hal_rcc.c ****         /* Wait till HSE is disabled */
 460:Drivers/STM32H7xx_HAL_Driver/Src/stm32h7xx_hal_rcc.c ****         while (__HAL_RCC_GET_FLAG(RCC_FLAG_HSERDY) != 0U)
 461:Drivers/STM32H7xx_HAL_Driver/Src/stm32h7xx_hal_rcc.c ****         {
 462:Drivers/STM32H7xx_HAL_Driver/Src/stm32h7xx_hal_rcc.c ****           if ((uint32_t)(HAL_GetTick() - tickstart) > HSE_TIMEOUT_VALUE)
 463:Drivers/STM32H7xx_HAL_Driver/Src/stm32h7xx_hal_rcc.c ****           {
 464:Drivers/STM32H7xx_HAL_Driver/Src/stm32h7xx_hal_rcc.c ****             return HAL_TIMEOUT;
 465:Drivers/STM32H7xx_HAL_Driver/Src/stm32h7xx_hal_rcc.c ****           }
 466:Drivers/STM32H7xx_HAL_Driver/Src/stm32h7xx_hal_rcc.c ****         }
 467:Drivers/STM32H7xx_HAL_Driver/Src/stm32h7xx_hal_rcc.c ****       }
 468:Drivers/STM32H7xx_HAL_Driver/Src/stm32h7xx_hal_rcc.c ****     }
 469:Drivers/STM32H7xx_HAL_Driver/Src/stm32h7xx_hal_rcc.c ****   }
 470:Drivers/STM32H7xx_HAL_Driver/Src/stm32h7xx_hal_rcc.c ****   /*----------------------------- HSI Configuration --------------------------*/
 471:Drivers/STM32H7xx_HAL_Driver/Src/stm32h7xx_hal_rcc.c ****   if (((RCC_OscInitStruct->OscillatorType) & RCC_OSCILLATORTYPE_HSI) == RCC_OSCILLATORTYPE_HSI)
 472:Drivers/STM32H7xx_HAL_Driver/Src/stm32h7xx_hal_rcc.c ****   {
 473:Drivers/STM32H7xx_HAL_Driver/Src/stm32h7xx_hal_rcc.c ****     /* Check the parameters */
 474:Drivers/STM32H7xx_HAL_Driver/Src/stm32h7xx_hal_rcc.c ****     assert_param(IS_RCC_HSI(RCC_OscInitStruct->HSIState));
 475:Drivers/STM32H7xx_HAL_Driver/Src/stm32h7xx_hal_rcc.c ****     assert_param(IS_RCC_HSICALIBRATION_VALUE(RCC_OscInitStruct->HSICalibrationValue));
 476:Drivers/STM32H7xx_HAL_Driver/Src/stm32h7xx_hal_rcc.c **** 
 477:Drivers/STM32H7xx_HAL_Driver/Src/stm32h7xx_hal_rcc.c ****     /* When the HSI is used as system clock it will not be disabled */
 478:Drivers/STM32H7xx_HAL_Driver/Src/stm32h7xx_hal_rcc.c ****     const uint32_t temp_sysclksrc = __HAL_RCC_GET_SYSCLK_SOURCE();
 479:Drivers/STM32H7xx_HAL_Driver/Src/stm32h7xx_hal_rcc.c ****     const uint32_t temp_pllckselr = RCC->PLLCKSELR;
 480:Drivers/STM32H7xx_HAL_Driver/Src/stm32h7xx_hal_rcc.c ****     if ((temp_sysclksrc == RCC_CFGR_SWS_HSI) || ((temp_sysclksrc == RCC_CFGR_SWS_PLL1) && ((temp_pl
 481:Drivers/STM32H7xx_HAL_Driver/Src/stm32h7xx_hal_rcc.c ****     {
 482:Drivers/STM32H7xx_HAL_Driver/Src/stm32h7xx_hal_rcc.c ****       /* When HSI is used as system clock it will not be disabled */
 483:Drivers/STM32H7xx_HAL_Driver/Src/stm32h7xx_hal_rcc.c ****       if ((__HAL_RCC_GET_FLAG(RCC_FLAG_HSIRDY) != 0U) && (RCC_OscInitStruct->HSIState == RCC_HSI_OF
 484:Drivers/STM32H7xx_HAL_Driver/Src/stm32h7xx_hal_rcc.c ****       {
 485:Drivers/STM32H7xx_HAL_Driver/Src/stm32h7xx_hal_rcc.c ****         return HAL_ERROR;
 486:Drivers/STM32H7xx_HAL_Driver/Src/stm32h7xx_hal_rcc.c ****       }
 487:Drivers/STM32H7xx_HAL_Driver/Src/stm32h7xx_hal_rcc.c ****       /* Otherwise, only HSI division and calibration are allowed */
ARM GAS  C:\Users\l1234\AppData\Local\Temp\cc5S3qmC.s 			page 10


 488:Drivers/STM32H7xx_HAL_Driver/Src/stm32h7xx_hal_rcc.c ****       else
 489:Drivers/STM32H7xx_HAL_Driver/Src/stm32h7xx_hal_rcc.c ****       {
 490:Drivers/STM32H7xx_HAL_Driver/Src/stm32h7xx_hal_rcc.c ****         /* Enable the Internal High Speed oscillator (HSI, HSIDIV2, HSIDIV4, or HSIDIV8) */
 491:Drivers/STM32H7xx_HAL_Driver/Src/stm32h7xx_hal_rcc.c ****         __HAL_RCC_HSI_CONFIG(RCC_OscInitStruct->HSIState);
 492:Drivers/STM32H7xx_HAL_Driver/Src/stm32h7xx_hal_rcc.c **** 
 493:Drivers/STM32H7xx_HAL_Driver/Src/stm32h7xx_hal_rcc.c ****         /* Get Start Tick*/
 494:Drivers/STM32H7xx_HAL_Driver/Src/stm32h7xx_hal_rcc.c ****         tickstart = HAL_GetTick();
 495:Drivers/STM32H7xx_HAL_Driver/Src/stm32h7xx_hal_rcc.c **** 
 496:Drivers/STM32H7xx_HAL_Driver/Src/stm32h7xx_hal_rcc.c ****         /* Wait till HSI is ready */
 497:Drivers/STM32H7xx_HAL_Driver/Src/stm32h7xx_hal_rcc.c ****         while (__HAL_RCC_GET_FLAG(RCC_FLAG_HSIRDY) == 0U)
 498:Drivers/STM32H7xx_HAL_Driver/Src/stm32h7xx_hal_rcc.c ****         {
 499:Drivers/STM32H7xx_HAL_Driver/Src/stm32h7xx_hal_rcc.c ****           if ((uint32_t)(HAL_GetTick() - tickstart) > HSI_TIMEOUT_VALUE)
 500:Drivers/STM32H7xx_HAL_Driver/Src/stm32h7xx_hal_rcc.c ****           {
 501:Drivers/STM32H7xx_HAL_Driver/Src/stm32h7xx_hal_rcc.c ****             return HAL_TIMEOUT;
 502:Drivers/STM32H7xx_HAL_Driver/Src/stm32h7xx_hal_rcc.c ****           }
 503:Drivers/STM32H7xx_HAL_Driver/Src/stm32h7xx_hal_rcc.c ****         }
 504:Drivers/STM32H7xx_HAL_Driver/Src/stm32h7xx_hal_rcc.c ****         /* Adjusts the Internal High Speed oscillator (HSI) calibration value.*/
 505:Drivers/STM32H7xx_HAL_Driver/Src/stm32h7xx_hal_rcc.c ****         __HAL_RCC_HSI_CALIBRATIONVALUE_ADJUST(RCC_OscInitStruct->HSICalibrationValue);
 506:Drivers/STM32H7xx_HAL_Driver/Src/stm32h7xx_hal_rcc.c ****       }
 507:Drivers/STM32H7xx_HAL_Driver/Src/stm32h7xx_hal_rcc.c ****     }
 508:Drivers/STM32H7xx_HAL_Driver/Src/stm32h7xx_hal_rcc.c **** 
 509:Drivers/STM32H7xx_HAL_Driver/Src/stm32h7xx_hal_rcc.c ****     else
 510:Drivers/STM32H7xx_HAL_Driver/Src/stm32h7xx_hal_rcc.c ****     {
 511:Drivers/STM32H7xx_HAL_Driver/Src/stm32h7xx_hal_rcc.c ****       /* Check the HSI State */
 512:Drivers/STM32H7xx_HAL_Driver/Src/stm32h7xx_hal_rcc.c ****       if ((RCC_OscInitStruct->HSIState) != RCC_HSI_OFF)
 513:Drivers/STM32H7xx_HAL_Driver/Src/stm32h7xx_hal_rcc.c ****       {
 514:Drivers/STM32H7xx_HAL_Driver/Src/stm32h7xx_hal_rcc.c ****         /* Enable the Internal High Speed oscillator (HSI, HSIDIV2,HSIDIV4, or HSIDIV8) */
 515:Drivers/STM32H7xx_HAL_Driver/Src/stm32h7xx_hal_rcc.c ****         __HAL_RCC_HSI_CONFIG(RCC_OscInitStruct->HSIState);
 516:Drivers/STM32H7xx_HAL_Driver/Src/stm32h7xx_hal_rcc.c **** 
 517:Drivers/STM32H7xx_HAL_Driver/Src/stm32h7xx_hal_rcc.c ****         /* Get Start Tick*/
 518:Drivers/STM32H7xx_HAL_Driver/Src/stm32h7xx_hal_rcc.c ****         tickstart = HAL_GetTick();
 519:Drivers/STM32H7xx_HAL_Driver/Src/stm32h7xx_hal_rcc.c **** 
 520:Drivers/STM32H7xx_HAL_Driver/Src/stm32h7xx_hal_rcc.c ****         /* Wait till HSI is ready */
 521:Drivers/STM32H7xx_HAL_Driver/Src/stm32h7xx_hal_rcc.c ****         while (__HAL_RCC_GET_FLAG(RCC_FLAG_HSIRDY) == 0U)
 522:Drivers/STM32H7xx_HAL_Driver/Src/stm32h7xx_hal_rcc.c ****         {
 523:Drivers/STM32H7xx_HAL_Driver/Src/stm32h7xx_hal_rcc.c ****           if ((HAL_GetTick() - tickstart) > HSI_TIMEOUT_VALUE)
 524:Drivers/STM32H7xx_HAL_Driver/Src/stm32h7xx_hal_rcc.c ****           {
 525:Drivers/STM32H7xx_HAL_Driver/Src/stm32h7xx_hal_rcc.c ****             return HAL_TIMEOUT;
 526:Drivers/STM32H7xx_HAL_Driver/Src/stm32h7xx_hal_rcc.c ****           }
 527:Drivers/STM32H7xx_HAL_Driver/Src/stm32h7xx_hal_rcc.c ****         }
 528:Drivers/STM32H7xx_HAL_Driver/Src/stm32h7xx_hal_rcc.c **** 
 529:Drivers/STM32H7xx_HAL_Driver/Src/stm32h7xx_hal_rcc.c ****         /* Adjusts the Internal High Speed oscillator (HSI) calibration value.*/
 530:Drivers/STM32H7xx_HAL_Driver/Src/stm32h7xx_hal_rcc.c ****         __HAL_RCC_HSI_CALIBRATIONVALUE_ADJUST(RCC_OscInitStruct->HSICalibrationValue);
 531:Drivers/STM32H7xx_HAL_Driver/Src/stm32h7xx_hal_rcc.c ****       }
 532:Drivers/STM32H7xx_HAL_Driver/Src/stm32h7xx_hal_rcc.c ****       else
 533:Drivers/STM32H7xx_HAL_Driver/Src/stm32h7xx_hal_rcc.c ****       {
 534:Drivers/STM32H7xx_HAL_Driver/Src/stm32h7xx_hal_rcc.c ****         /* Disable the Internal High Speed oscillator (HSI). */
 535:Drivers/STM32H7xx_HAL_Driver/Src/stm32h7xx_hal_rcc.c ****         __HAL_RCC_HSI_DISABLE();
 536:Drivers/STM32H7xx_HAL_Driver/Src/stm32h7xx_hal_rcc.c **** 
 537:Drivers/STM32H7xx_HAL_Driver/Src/stm32h7xx_hal_rcc.c ****         /* Get Start Tick*/
 538:Drivers/STM32H7xx_HAL_Driver/Src/stm32h7xx_hal_rcc.c ****         tickstart = HAL_GetTick();
 539:Drivers/STM32H7xx_HAL_Driver/Src/stm32h7xx_hal_rcc.c **** 
 540:Drivers/STM32H7xx_HAL_Driver/Src/stm32h7xx_hal_rcc.c ****         /* Wait till HSI is disabled */
 541:Drivers/STM32H7xx_HAL_Driver/Src/stm32h7xx_hal_rcc.c ****         while (__HAL_RCC_GET_FLAG(RCC_FLAG_HSIRDY) != 0U)
 542:Drivers/STM32H7xx_HAL_Driver/Src/stm32h7xx_hal_rcc.c ****         {
 543:Drivers/STM32H7xx_HAL_Driver/Src/stm32h7xx_hal_rcc.c ****           if ((HAL_GetTick() - tickstart) > HSI_TIMEOUT_VALUE)
 544:Drivers/STM32H7xx_HAL_Driver/Src/stm32h7xx_hal_rcc.c ****           {
ARM GAS  C:\Users\l1234\AppData\Local\Temp\cc5S3qmC.s 			page 11


 545:Drivers/STM32H7xx_HAL_Driver/Src/stm32h7xx_hal_rcc.c ****             return HAL_TIMEOUT;
 546:Drivers/STM32H7xx_HAL_Driver/Src/stm32h7xx_hal_rcc.c ****           }
 547:Drivers/STM32H7xx_HAL_Driver/Src/stm32h7xx_hal_rcc.c ****         }
 548:Drivers/STM32H7xx_HAL_Driver/Src/stm32h7xx_hal_rcc.c ****       }
 549:Drivers/STM32H7xx_HAL_Driver/Src/stm32h7xx_hal_rcc.c ****     }
 550:Drivers/STM32H7xx_HAL_Driver/Src/stm32h7xx_hal_rcc.c ****   }
 551:Drivers/STM32H7xx_HAL_Driver/Src/stm32h7xx_hal_rcc.c ****   /*----------------------------- CSI Configuration --------------------------*/
 552:Drivers/STM32H7xx_HAL_Driver/Src/stm32h7xx_hal_rcc.c ****   if (((RCC_OscInitStruct->OscillatorType) & RCC_OSCILLATORTYPE_CSI) == RCC_OSCILLATORTYPE_CSI)
 553:Drivers/STM32H7xx_HAL_Driver/Src/stm32h7xx_hal_rcc.c ****   {
 554:Drivers/STM32H7xx_HAL_Driver/Src/stm32h7xx_hal_rcc.c ****     /* Check the parameters */
 555:Drivers/STM32H7xx_HAL_Driver/Src/stm32h7xx_hal_rcc.c ****     assert_param(IS_RCC_CSI(RCC_OscInitStruct->CSIState));
 556:Drivers/STM32H7xx_HAL_Driver/Src/stm32h7xx_hal_rcc.c ****     assert_param(IS_RCC_CSICALIBRATION_VALUE(RCC_OscInitStruct->CSICalibrationValue));
 557:Drivers/STM32H7xx_HAL_Driver/Src/stm32h7xx_hal_rcc.c **** 
 558:Drivers/STM32H7xx_HAL_Driver/Src/stm32h7xx_hal_rcc.c ****     /* When the CSI is used as system clock it will not disabled */
 559:Drivers/STM32H7xx_HAL_Driver/Src/stm32h7xx_hal_rcc.c ****     const uint32_t temp_sysclksrc = __HAL_RCC_GET_SYSCLK_SOURCE();
 560:Drivers/STM32H7xx_HAL_Driver/Src/stm32h7xx_hal_rcc.c ****     const uint32_t temp_pllckselr = RCC->PLLCKSELR;
 561:Drivers/STM32H7xx_HAL_Driver/Src/stm32h7xx_hal_rcc.c ****     if ((temp_sysclksrc == RCC_CFGR_SWS_CSI) || ((temp_sysclksrc == RCC_CFGR_SWS_PLL1) && ((temp_pl
 562:Drivers/STM32H7xx_HAL_Driver/Src/stm32h7xx_hal_rcc.c ****     {
 563:Drivers/STM32H7xx_HAL_Driver/Src/stm32h7xx_hal_rcc.c ****       /* When CSI is used as system clock it will not disabled */
 564:Drivers/STM32H7xx_HAL_Driver/Src/stm32h7xx_hal_rcc.c ****       if ((__HAL_RCC_GET_FLAG(RCC_FLAG_CSIRDY) != 0U) && (RCC_OscInitStruct->CSIState != RCC_CSI_ON
 565:Drivers/STM32H7xx_HAL_Driver/Src/stm32h7xx_hal_rcc.c ****       {
 566:Drivers/STM32H7xx_HAL_Driver/Src/stm32h7xx_hal_rcc.c ****         return HAL_ERROR;
 567:Drivers/STM32H7xx_HAL_Driver/Src/stm32h7xx_hal_rcc.c ****       }
 568:Drivers/STM32H7xx_HAL_Driver/Src/stm32h7xx_hal_rcc.c ****       /* Otherwise, just the calibration is allowed */
 569:Drivers/STM32H7xx_HAL_Driver/Src/stm32h7xx_hal_rcc.c ****       else
 570:Drivers/STM32H7xx_HAL_Driver/Src/stm32h7xx_hal_rcc.c ****       {
 571:Drivers/STM32H7xx_HAL_Driver/Src/stm32h7xx_hal_rcc.c ****         /* Adjusts the Internal High Speed oscillator (CSI) calibration value.*/
 572:Drivers/STM32H7xx_HAL_Driver/Src/stm32h7xx_hal_rcc.c ****         __HAL_RCC_CSI_CALIBRATIONVALUE_ADJUST(RCC_OscInitStruct->CSICalibrationValue);
 573:Drivers/STM32H7xx_HAL_Driver/Src/stm32h7xx_hal_rcc.c ****       }
 574:Drivers/STM32H7xx_HAL_Driver/Src/stm32h7xx_hal_rcc.c ****     }
 575:Drivers/STM32H7xx_HAL_Driver/Src/stm32h7xx_hal_rcc.c ****     else
 576:Drivers/STM32H7xx_HAL_Driver/Src/stm32h7xx_hal_rcc.c ****     {
 577:Drivers/STM32H7xx_HAL_Driver/Src/stm32h7xx_hal_rcc.c ****       /* Check the CSI State */
 578:Drivers/STM32H7xx_HAL_Driver/Src/stm32h7xx_hal_rcc.c ****       if ((RCC_OscInitStruct->CSIState) != RCC_CSI_OFF)
 579:Drivers/STM32H7xx_HAL_Driver/Src/stm32h7xx_hal_rcc.c ****       {
 580:Drivers/STM32H7xx_HAL_Driver/Src/stm32h7xx_hal_rcc.c ****         /* Enable the Internal High Speed oscillator (CSI). */
 581:Drivers/STM32H7xx_HAL_Driver/Src/stm32h7xx_hal_rcc.c ****         __HAL_RCC_CSI_ENABLE();
 582:Drivers/STM32H7xx_HAL_Driver/Src/stm32h7xx_hal_rcc.c **** 
 583:Drivers/STM32H7xx_HAL_Driver/Src/stm32h7xx_hal_rcc.c ****         /* Get Start Tick*/
 584:Drivers/STM32H7xx_HAL_Driver/Src/stm32h7xx_hal_rcc.c ****         tickstart = HAL_GetTick();
 585:Drivers/STM32H7xx_HAL_Driver/Src/stm32h7xx_hal_rcc.c **** 
 586:Drivers/STM32H7xx_HAL_Driver/Src/stm32h7xx_hal_rcc.c ****         /* Wait till CSI is ready */
 587:Drivers/STM32H7xx_HAL_Driver/Src/stm32h7xx_hal_rcc.c ****         while (__HAL_RCC_GET_FLAG(RCC_FLAG_CSIRDY) == 0U)
 588:Drivers/STM32H7xx_HAL_Driver/Src/stm32h7xx_hal_rcc.c ****         {
 589:Drivers/STM32H7xx_HAL_Driver/Src/stm32h7xx_hal_rcc.c ****           if ((HAL_GetTick() - tickstart) > CSI_TIMEOUT_VALUE)
 590:Drivers/STM32H7xx_HAL_Driver/Src/stm32h7xx_hal_rcc.c ****           {
 591:Drivers/STM32H7xx_HAL_Driver/Src/stm32h7xx_hal_rcc.c ****             return HAL_TIMEOUT;
 592:Drivers/STM32H7xx_HAL_Driver/Src/stm32h7xx_hal_rcc.c ****           }
 593:Drivers/STM32H7xx_HAL_Driver/Src/stm32h7xx_hal_rcc.c ****         }
 594:Drivers/STM32H7xx_HAL_Driver/Src/stm32h7xx_hal_rcc.c **** 
 595:Drivers/STM32H7xx_HAL_Driver/Src/stm32h7xx_hal_rcc.c ****         /* Adjusts the Internal High Speed oscillator (CSI) calibration value.*/
 596:Drivers/STM32H7xx_HAL_Driver/Src/stm32h7xx_hal_rcc.c ****         __HAL_RCC_CSI_CALIBRATIONVALUE_ADJUST(RCC_OscInitStruct->CSICalibrationValue);
 597:Drivers/STM32H7xx_HAL_Driver/Src/stm32h7xx_hal_rcc.c ****       }
 598:Drivers/STM32H7xx_HAL_Driver/Src/stm32h7xx_hal_rcc.c ****       else
 599:Drivers/STM32H7xx_HAL_Driver/Src/stm32h7xx_hal_rcc.c ****       {
 600:Drivers/STM32H7xx_HAL_Driver/Src/stm32h7xx_hal_rcc.c ****         /* Disable the Internal High Speed oscillator (CSI). */
 601:Drivers/STM32H7xx_HAL_Driver/Src/stm32h7xx_hal_rcc.c ****         __HAL_RCC_CSI_DISABLE();
ARM GAS  C:\Users\l1234\AppData\Local\Temp\cc5S3qmC.s 			page 12


 602:Drivers/STM32H7xx_HAL_Driver/Src/stm32h7xx_hal_rcc.c **** 
 603:Drivers/STM32H7xx_HAL_Driver/Src/stm32h7xx_hal_rcc.c ****         /* Get Start Tick*/
 604:Drivers/STM32H7xx_HAL_Driver/Src/stm32h7xx_hal_rcc.c ****         tickstart = HAL_GetTick();
 605:Drivers/STM32H7xx_HAL_Driver/Src/stm32h7xx_hal_rcc.c **** 
 606:Drivers/STM32H7xx_HAL_Driver/Src/stm32h7xx_hal_rcc.c ****         /* Wait till CSI is disabled */
 607:Drivers/STM32H7xx_HAL_Driver/Src/stm32h7xx_hal_rcc.c ****         while (__HAL_RCC_GET_FLAG(RCC_FLAG_CSIRDY) != 0U)
 608:Drivers/STM32H7xx_HAL_Driver/Src/stm32h7xx_hal_rcc.c ****         {
 609:Drivers/STM32H7xx_HAL_Driver/Src/stm32h7xx_hal_rcc.c ****           if ((HAL_GetTick() - tickstart) > CSI_TIMEOUT_VALUE)
 610:Drivers/STM32H7xx_HAL_Driver/Src/stm32h7xx_hal_rcc.c ****           {
 611:Drivers/STM32H7xx_HAL_Driver/Src/stm32h7xx_hal_rcc.c ****             return HAL_TIMEOUT;
 612:Drivers/STM32H7xx_HAL_Driver/Src/stm32h7xx_hal_rcc.c ****           }
 613:Drivers/STM32H7xx_HAL_Driver/Src/stm32h7xx_hal_rcc.c ****         }
 614:Drivers/STM32H7xx_HAL_Driver/Src/stm32h7xx_hal_rcc.c ****       }
 615:Drivers/STM32H7xx_HAL_Driver/Src/stm32h7xx_hal_rcc.c ****     }
 616:Drivers/STM32H7xx_HAL_Driver/Src/stm32h7xx_hal_rcc.c ****   }
 617:Drivers/STM32H7xx_HAL_Driver/Src/stm32h7xx_hal_rcc.c ****   /*------------------------------ LSI Configuration -------------------------*/
 618:Drivers/STM32H7xx_HAL_Driver/Src/stm32h7xx_hal_rcc.c ****   if (((RCC_OscInitStruct->OscillatorType) & RCC_OSCILLATORTYPE_LSI) == RCC_OSCILLATORTYPE_LSI)
 619:Drivers/STM32H7xx_HAL_Driver/Src/stm32h7xx_hal_rcc.c ****   {
 620:Drivers/STM32H7xx_HAL_Driver/Src/stm32h7xx_hal_rcc.c ****     /* Check the parameters */
 621:Drivers/STM32H7xx_HAL_Driver/Src/stm32h7xx_hal_rcc.c ****     assert_param(IS_RCC_LSI(RCC_OscInitStruct->LSIState));
 622:Drivers/STM32H7xx_HAL_Driver/Src/stm32h7xx_hal_rcc.c **** 
 623:Drivers/STM32H7xx_HAL_Driver/Src/stm32h7xx_hal_rcc.c ****     /* Check the LSI State */
 624:Drivers/STM32H7xx_HAL_Driver/Src/stm32h7xx_hal_rcc.c ****     if ((RCC_OscInitStruct->LSIState) != RCC_LSI_OFF)
 625:Drivers/STM32H7xx_HAL_Driver/Src/stm32h7xx_hal_rcc.c ****     {
 626:Drivers/STM32H7xx_HAL_Driver/Src/stm32h7xx_hal_rcc.c ****       /* Enable the Internal Low Speed oscillator (LSI). */
 627:Drivers/STM32H7xx_HAL_Driver/Src/stm32h7xx_hal_rcc.c ****       __HAL_RCC_LSI_ENABLE();
 628:Drivers/STM32H7xx_HAL_Driver/Src/stm32h7xx_hal_rcc.c **** 
 629:Drivers/STM32H7xx_HAL_Driver/Src/stm32h7xx_hal_rcc.c ****       /* Get Start Tick*/
 630:Drivers/STM32H7xx_HAL_Driver/Src/stm32h7xx_hal_rcc.c ****       tickstart = HAL_GetTick();
 631:Drivers/STM32H7xx_HAL_Driver/Src/stm32h7xx_hal_rcc.c **** 
 632:Drivers/STM32H7xx_HAL_Driver/Src/stm32h7xx_hal_rcc.c ****       /* Wait till LSI is ready */
 633:Drivers/STM32H7xx_HAL_Driver/Src/stm32h7xx_hal_rcc.c ****       while (__HAL_RCC_GET_FLAG(RCC_FLAG_LSIRDY) == 0U)
 634:Drivers/STM32H7xx_HAL_Driver/Src/stm32h7xx_hal_rcc.c ****       {
 635:Drivers/STM32H7xx_HAL_Driver/Src/stm32h7xx_hal_rcc.c ****         if ((HAL_GetTick() - tickstart) > LSI_TIMEOUT_VALUE)
 636:Drivers/STM32H7xx_HAL_Driver/Src/stm32h7xx_hal_rcc.c ****         {
 637:Drivers/STM32H7xx_HAL_Driver/Src/stm32h7xx_hal_rcc.c ****           return HAL_TIMEOUT;
 638:Drivers/STM32H7xx_HAL_Driver/Src/stm32h7xx_hal_rcc.c ****         }
 639:Drivers/STM32H7xx_HAL_Driver/Src/stm32h7xx_hal_rcc.c ****       }
 640:Drivers/STM32H7xx_HAL_Driver/Src/stm32h7xx_hal_rcc.c ****     }
 641:Drivers/STM32H7xx_HAL_Driver/Src/stm32h7xx_hal_rcc.c ****     else
 642:Drivers/STM32H7xx_HAL_Driver/Src/stm32h7xx_hal_rcc.c ****     {
 643:Drivers/STM32H7xx_HAL_Driver/Src/stm32h7xx_hal_rcc.c ****       /* Disable the Internal Low Speed oscillator (LSI). */
 644:Drivers/STM32H7xx_HAL_Driver/Src/stm32h7xx_hal_rcc.c ****       __HAL_RCC_LSI_DISABLE();
 645:Drivers/STM32H7xx_HAL_Driver/Src/stm32h7xx_hal_rcc.c **** 
 646:Drivers/STM32H7xx_HAL_Driver/Src/stm32h7xx_hal_rcc.c ****       /* Get Start Tick*/
 647:Drivers/STM32H7xx_HAL_Driver/Src/stm32h7xx_hal_rcc.c ****       tickstart = HAL_GetTick();
 648:Drivers/STM32H7xx_HAL_Driver/Src/stm32h7xx_hal_rcc.c **** 
 649:Drivers/STM32H7xx_HAL_Driver/Src/stm32h7xx_hal_rcc.c ****       /* Wait till LSI is ready */
 650:Drivers/STM32H7xx_HAL_Driver/Src/stm32h7xx_hal_rcc.c ****       while (__HAL_RCC_GET_FLAG(RCC_FLAG_LSIRDY) != 0U)
 651:Drivers/STM32H7xx_HAL_Driver/Src/stm32h7xx_hal_rcc.c ****       {
 652:Drivers/STM32H7xx_HAL_Driver/Src/stm32h7xx_hal_rcc.c ****         if ((HAL_GetTick() - tickstart) > LSI_TIMEOUT_VALUE)
 653:Drivers/STM32H7xx_HAL_Driver/Src/stm32h7xx_hal_rcc.c ****         {
 654:Drivers/STM32H7xx_HAL_Driver/Src/stm32h7xx_hal_rcc.c ****           return HAL_TIMEOUT;
 655:Drivers/STM32H7xx_HAL_Driver/Src/stm32h7xx_hal_rcc.c ****         }
 656:Drivers/STM32H7xx_HAL_Driver/Src/stm32h7xx_hal_rcc.c ****       }
 657:Drivers/STM32H7xx_HAL_Driver/Src/stm32h7xx_hal_rcc.c ****     }
 658:Drivers/STM32H7xx_HAL_Driver/Src/stm32h7xx_hal_rcc.c ****   }
ARM GAS  C:\Users\l1234\AppData\Local\Temp\cc5S3qmC.s 			page 13


 659:Drivers/STM32H7xx_HAL_Driver/Src/stm32h7xx_hal_rcc.c **** 
 660:Drivers/STM32H7xx_HAL_Driver/Src/stm32h7xx_hal_rcc.c ****   /*------------------------------ HSI48 Configuration -------------------------*/
 661:Drivers/STM32H7xx_HAL_Driver/Src/stm32h7xx_hal_rcc.c ****   if (((RCC_OscInitStruct->OscillatorType) & RCC_OSCILLATORTYPE_HSI48) == RCC_OSCILLATORTYPE_HSI48)
 662:Drivers/STM32H7xx_HAL_Driver/Src/stm32h7xx_hal_rcc.c ****   {
 663:Drivers/STM32H7xx_HAL_Driver/Src/stm32h7xx_hal_rcc.c ****     /* Check the parameters */
 664:Drivers/STM32H7xx_HAL_Driver/Src/stm32h7xx_hal_rcc.c ****     assert_param(IS_RCC_HSI48(RCC_OscInitStruct->HSI48State));
 665:Drivers/STM32H7xx_HAL_Driver/Src/stm32h7xx_hal_rcc.c **** 
 666:Drivers/STM32H7xx_HAL_Driver/Src/stm32h7xx_hal_rcc.c ****     /* Check the HSI48 State */
 667:Drivers/STM32H7xx_HAL_Driver/Src/stm32h7xx_hal_rcc.c ****     if ((RCC_OscInitStruct->HSI48State) != RCC_HSI48_OFF)
 668:Drivers/STM32H7xx_HAL_Driver/Src/stm32h7xx_hal_rcc.c ****     {
 669:Drivers/STM32H7xx_HAL_Driver/Src/stm32h7xx_hal_rcc.c ****       /* Enable the Internal Low Speed oscillator (HSI48). */
 670:Drivers/STM32H7xx_HAL_Driver/Src/stm32h7xx_hal_rcc.c ****       __HAL_RCC_HSI48_ENABLE();
 671:Drivers/STM32H7xx_HAL_Driver/Src/stm32h7xx_hal_rcc.c **** 
 672:Drivers/STM32H7xx_HAL_Driver/Src/stm32h7xx_hal_rcc.c ****       /* Get time-out */
 673:Drivers/STM32H7xx_HAL_Driver/Src/stm32h7xx_hal_rcc.c ****       tickstart = HAL_GetTick();
 674:Drivers/STM32H7xx_HAL_Driver/Src/stm32h7xx_hal_rcc.c **** 
 675:Drivers/STM32H7xx_HAL_Driver/Src/stm32h7xx_hal_rcc.c ****       /* Wait till HSI48 is ready */
 676:Drivers/STM32H7xx_HAL_Driver/Src/stm32h7xx_hal_rcc.c ****       while (__HAL_RCC_GET_FLAG(RCC_FLAG_HSI48RDY) == 0U)
 677:Drivers/STM32H7xx_HAL_Driver/Src/stm32h7xx_hal_rcc.c ****       {
 678:Drivers/STM32H7xx_HAL_Driver/Src/stm32h7xx_hal_rcc.c ****         if ((HAL_GetTick() - tickstart) > HSI48_TIMEOUT_VALUE)
 679:Drivers/STM32H7xx_HAL_Driver/Src/stm32h7xx_hal_rcc.c ****         {
 680:Drivers/STM32H7xx_HAL_Driver/Src/stm32h7xx_hal_rcc.c ****           return HAL_TIMEOUT;
 681:Drivers/STM32H7xx_HAL_Driver/Src/stm32h7xx_hal_rcc.c ****         }
 682:Drivers/STM32H7xx_HAL_Driver/Src/stm32h7xx_hal_rcc.c ****       }
 683:Drivers/STM32H7xx_HAL_Driver/Src/stm32h7xx_hal_rcc.c ****     }
 684:Drivers/STM32H7xx_HAL_Driver/Src/stm32h7xx_hal_rcc.c ****     else
 685:Drivers/STM32H7xx_HAL_Driver/Src/stm32h7xx_hal_rcc.c ****     {
 686:Drivers/STM32H7xx_HAL_Driver/Src/stm32h7xx_hal_rcc.c ****       /* Disable the Internal Low Speed oscillator (HSI48). */
 687:Drivers/STM32H7xx_HAL_Driver/Src/stm32h7xx_hal_rcc.c ****       __HAL_RCC_HSI48_DISABLE();
 688:Drivers/STM32H7xx_HAL_Driver/Src/stm32h7xx_hal_rcc.c **** 
 689:Drivers/STM32H7xx_HAL_Driver/Src/stm32h7xx_hal_rcc.c ****       /* Get time-out */
 690:Drivers/STM32H7xx_HAL_Driver/Src/stm32h7xx_hal_rcc.c ****       tickstart = HAL_GetTick();
 691:Drivers/STM32H7xx_HAL_Driver/Src/stm32h7xx_hal_rcc.c **** 
 692:Drivers/STM32H7xx_HAL_Driver/Src/stm32h7xx_hal_rcc.c ****       /* Wait till HSI48 is ready */
 693:Drivers/STM32H7xx_HAL_Driver/Src/stm32h7xx_hal_rcc.c ****       while (__HAL_RCC_GET_FLAG(RCC_FLAG_HSI48RDY) != 0U)
 694:Drivers/STM32H7xx_HAL_Driver/Src/stm32h7xx_hal_rcc.c ****       {
 695:Drivers/STM32H7xx_HAL_Driver/Src/stm32h7xx_hal_rcc.c ****         if ((HAL_GetTick() - tickstart) > HSI48_TIMEOUT_VALUE)
 696:Drivers/STM32H7xx_HAL_Driver/Src/stm32h7xx_hal_rcc.c ****         {
 697:Drivers/STM32H7xx_HAL_Driver/Src/stm32h7xx_hal_rcc.c ****           return HAL_TIMEOUT;
 698:Drivers/STM32H7xx_HAL_Driver/Src/stm32h7xx_hal_rcc.c ****         }
 699:Drivers/STM32H7xx_HAL_Driver/Src/stm32h7xx_hal_rcc.c ****       }
 700:Drivers/STM32H7xx_HAL_Driver/Src/stm32h7xx_hal_rcc.c ****     }
 701:Drivers/STM32H7xx_HAL_Driver/Src/stm32h7xx_hal_rcc.c ****   }
 702:Drivers/STM32H7xx_HAL_Driver/Src/stm32h7xx_hal_rcc.c ****   /*------------------------------ LSE Configuration -------------------------*/
 703:Drivers/STM32H7xx_HAL_Driver/Src/stm32h7xx_hal_rcc.c ****   if (((RCC_OscInitStruct->OscillatorType) & RCC_OSCILLATORTYPE_LSE) == RCC_OSCILLATORTYPE_LSE)
 704:Drivers/STM32H7xx_HAL_Driver/Src/stm32h7xx_hal_rcc.c ****   {
 705:Drivers/STM32H7xx_HAL_Driver/Src/stm32h7xx_hal_rcc.c ****     /* Check the parameters */
 706:Drivers/STM32H7xx_HAL_Driver/Src/stm32h7xx_hal_rcc.c ****     assert_param(IS_RCC_LSE(RCC_OscInitStruct->LSEState));
 707:Drivers/STM32H7xx_HAL_Driver/Src/stm32h7xx_hal_rcc.c **** 
 708:Drivers/STM32H7xx_HAL_Driver/Src/stm32h7xx_hal_rcc.c ****     /* Enable write access to Backup domain */
 709:Drivers/STM32H7xx_HAL_Driver/Src/stm32h7xx_hal_rcc.c ****     PWR->CR1 |= PWR_CR1_DBP;
 710:Drivers/STM32H7xx_HAL_Driver/Src/stm32h7xx_hal_rcc.c **** 
 711:Drivers/STM32H7xx_HAL_Driver/Src/stm32h7xx_hal_rcc.c ****     /* Wait for Backup domain Write protection disable */
 712:Drivers/STM32H7xx_HAL_Driver/Src/stm32h7xx_hal_rcc.c ****     tickstart = HAL_GetTick();
 713:Drivers/STM32H7xx_HAL_Driver/Src/stm32h7xx_hal_rcc.c **** 
 714:Drivers/STM32H7xx_HAL_Driver/Src/stm32h7xx_hal_rcc.c ****     while ((PWR->CR1 & PWR_CR1_DBP) == 0U)
 715:Drivers/STM32H7xx_HAL_Driver/Src/stm32h7xx_hal_rcc.c ****     {
ARM GAS  C:\Users\l1234\AppData\Local\Temp\cc5S3qmC.s 			page 14


 716:Drivers/STM32H7xx_HAL_Driver/Src/stm32h7xx_hal_rcc.c ****       if ((HAL_GetTick() - tickstart) > RCC_DBP_TIMEOUT_VALUE)
 717:Drivers/STM32H7xx_HAL_Driver/Src/stm32h7xx_hal_rcc.c ****       {
 718:Drivers/STM32H7xx_HAL_Driver/Src/stm32h7xx_hal_rcc.c ****         return HAL_TIMEOUT;
 719:Drivers/STM32H7xx_HAL_Driver/Src/stm32h7xx_hal_rcc.c ****       }
 720:Drivers/STM32H7xx_HAL_Driver/Src/stm32h7xx_hal_rcc.c ****     }
 721:Drivers/STM32H7xx_HAL_Driver/Src/stm32h7xx_hal_rcc.c **** 
 722:Drivers/STM32H7xx_HAL_Driver/Src/stm32h7xx_hal_rcc.c ****     /* Set the new LSE configuration -----------------------------------------*/
 723:Drivers/STM32H7xx_HAL_Driver/Src/stm32h7xx_hal_rcc.c ****     __HAL_RCC_LSE_CONFIG(RCC_OscInitStruct->LSEState);
 724:Drivers/STM32H7xx_HAL_Driver/Src/stm32h7xx_hal_rcc.c ****     /* Check the LSE State */
 725:Drivers/STM32H7xx_HAL_Driver/Src/stm32h7xx_hal_rcc.c ****     if ((RCC_OscInitStruct->LSEState) != RCC_LSE_OFF)
 726:Drivers/STM32H7xx_HAL_Driver/Src/stm32h7xx_hal_rcc.c ****     {
 727:Drivers/STM32H7xx_HAL_Driver/Src/stm32h7xx_hal_rcc.c ****       /* Get Start Tick*/
 728:Drivers/STM32H7xx_HAL_Driver/Src/stm32h7xx_hal_rcc.c ****       tickstart = HAL_GetTick();
 729:Drivers/STM32H7xx_HAL_Driver/Src/stm32h7xx_hal_rcc.c **** 
 730:Drivers/STM32H7xx_HAL_Driver/Src/stm32h7xx_hal_rcc.c ****       /* Wait till LSE is ready */
 731:Drivers/STM32H7xx_HAL_Driver/Src/stm32h7xx_hal_rcc.c ****       while (__HAL_RCC_GET_FLAG(RCC_FLAG_LSERDY) == 0U)
 732:Drivers/STM32H7xx_HAL_Driver/Src/stm32h7xx_hal_rcc.c ****       {
 733:Drivers/STM32H7xx_HAL_Driver/Src/stm32h7xx_hal_rcc.c ****         if ((HAL_GetTick() - tickstart) > RCC_LSE_TIMEOUT_VALUE)
 734:Drivers/STM32H7xx_HAL_Driver/Src/stm32h7xx_hal_rcc.c ****         {
 735:Drivers/STM32H7xx_HAL_Driver/Src/stm32h7xx_hal_rcc.c ****           return HAL_TIMEOUT;
 736:Drivers/STM32H7xx_HAL_Driver/Src/stm32h7xx_hal_rcc.c ****         }
 737:Drivers/STM32H7xx_HAL_Driver/Src/stm32h7xx_hal_rcc.c ****       }
 738:Drivers/STM32H7xx_HAL_Driver/Src/stm32h7xx_hal_rcc.c ****     }
 739:Drivers/STM32H7xx_HAL_Driver/Src/stm32h7xx_hal_rcc.c ****     else
 740:Drivers/STM32H7xx_HAL_Driver/Src/stm32h7xx_hal_rcc.c ****     {
 741:Drivers/STM32H7xx_HAL_Driver/Src/stm32h7xx_hal_rcc.c ****       /* Get Start Tick*/
 742:Drivers/STM32H7xx_HAL_Driver/Src/stm32h7xx_hal_rcc.c ****       tickstart = HAL_GetTick();
 743:Drivers/STM32H7xx_HAL_Driver/Src/stm32h7xx_hal_rcc.c **** 
 744:Drivers/STM32H7xx_HAL_Driver/Src/stm32h7xx_hal_rcc.c ****       /* Wait till LSE is disabled */
 745:Drivers/STM32H7xx_HAL_Driver/Src/stm32h7xx_hal_rcc.c ****       while (__HAL_RCC_GET_FLAG(RCC_FLAG_LSERDY) != 0U)
 746:Drivers/STM32H7xx_HAL_Driver/Src/stm32h7xx_hal_rcc.c ****       {
 747:Drivers/STM32H7xx_HAL_Driver/Src/stm32h7xx_hal_rcc.c ****         if ((HAL_GetTick() - tickstart) > RCC_LSE_TIMEOUT_VALUE)
 748:Drivers/STM32H7xx_HAL_Driver/Src/stm32h7xx_hal_rcc.c ****         {
 749:Drivers/STM32H7xx_HAL_Driver/Src/stm32h7xx_hal_rcc.c ****           return HAL_TIMEOUT;
 750:Drivers/STM32H7xx_HAL_Driver/Src/stm32h7xx_hal_rcc.c ****         }
 751:Drivers/STM32H7xx_HAL_Driver/Src/stm32h7xx_hal_rcc.c ****       }
 752:Drivers/STM32H7xx_HAL_Driver/Src/stm32h7xx_hal_rcc.c ****     }
 753:Drivers/STM32H7xx_HAL_Driver/Src/stm32h7xx_hal_rcc.c ****   }
 754:Drivers/STM32H7xx_HAL_Driver/Src/stm32h7xx_hal_rcc.c ****   /*-------------------------------- PLL Configuration -----------------------*/
 755:Drivers/STM32H7xx_HAL_Driver/Src/stm32h7xx_hal_rcc.c ****   /* Check the parameters */
 756:Drivers/STM32H7xx_HAL_Driver/Src/stm32h7xx_hal_rcc.c ****   assert_param(IS_RCC_PLL(RCC_OscInitStruct->PLL.PLLState));
 757:Drivers/STM32H7xx_HAL_Driver/Src/stm32h7xx_hal_rcc.c ****   if ((RCC_OscInitStruct->PLL.PLLState) != RCC_PLL_NONE)
 758:Drivers/STM32H7xx_HAL_Driver/Src/stm32h7xx_hal_rcc.c ****   {
 759:Drivers/STM32H7xx_HAL_Driver/Src/stm32h7xx_hal_rcc.c ****     /* Check if the PLL is used as system clock or not */
 760:Drivers/STM32H7xx_HAL_Driver/Src/stm32h7xx_hal_rcc.c ****     if (__HAL_RCC_GET_SYSCLK_SOURCE() != RCC_CFGR_SWS_PLL1)
 761:Drivers/STM32H7xx_HAL_Driver/Src/stm32h7xx_hal_rcc.c ****     {
 762:Drivers/STM32H7xx_HAL_Driver/Src/stm32h7xx_hal_rcc.c ****       if ((RCC_OscInitStruct->PLL.PLLState) == RCC_PLL_ON)
 763:Drivers/STM32H7xx_HAL_Driver/Src/stm32h7xx_hal_rcc.c ****       {
 764:Drivers/STM32H7xx_HAL_Driver/Src/stm32h7xx_hal_rcc.c ****         /* Check the parameters */
 765:Drivers/STM32H7xx_HAL_Driver/Src/stm32h7xx_hal_rcc.c ****         assert_param(IS_RCC_PLLSOURCE(RCC_OscInitStruct->PLL.PLLSource));
 766:Drivers/STM32H7xx_HAL_Driver/Src/stm32h7xx_hal_rcc.c ****         assert_param(IS_RCC_PLLRGE_VALUE(RCC_OscInitStruct->PLL.PLLRGE));
 767:Drivers/STM32H7xx_HAL_Driver/Src/stm32h7xx_hal_rcc.c ****         assert_param(IS_RCC_PLLVCO_VALUE(RCC_OscInitStruct->PLL.PLLVCOSEL));
 768:Drivers/STM32H7xx_HAL_Driver/Src/stm32h7xx_hal_rcc.c ****         assert_param(IS_RCC_PLLM_VALUE(RCC_OscInitStruct->PLL.PLLM));
 769:Drivers/STM32H7xx_HAL_Driver/Src/stm32h7xx_hal_rcc.c ****         assert_param(IS_RCC_PLLN_VALUE(RCC_OscInitStruct->PLL.PLLN));
 770:Drivers/STM32H7xx_HAL_Driver/Src/stm32h7xx_hal_rcc.c ****         assert_param(IS_RCC_PLLP_VALUE(RCC_OscInitStruct->PLL.PLLP));
 771:Drivers/STM32H7xx_HAL_Driver/Src/stm32h7xx_hal_rcc.c ****         assert_param(IS_RCC_PLLQ_VALUE(RCC_OscInitStruct->PLL.PLLQ));
 772:Drivers/STM32H7xx_HAL_Driver/Src/stm32h7xx_hal_rcc.c ****         assert_param(IS_RCC_PLLR_VALUE(RCC_OscInitStruct->PLL.PLLR));
ARM GAS  C:\Users\l1234\AppData\Local\Temp\cc5S3qmC.s 			page 15


 773:Drivers/STM32H7xx_HAL_Driver/Src/stm32h7xx_hal_rcc.c ****         assert_param(IS_RCC_PLLFRACN_VALUE(RCC_OscInitStruct->PLL.PLLFRACN));
 774:Drivers/STM32H7xx_HAL_Driver/Src/stm32h7xx_hal_rcc.c **** 
 775:Drivers/STM32H7xx_HAL_Driver/Src/stm32h7xx_hal_rcc.c ****         /* Disable the main PLL. */
 776:Drivers/STM32H7xx_HAL_Driver/Src/stm32h7xx_hal_rcc.c ****         __HAL_RCC_PLL_DISABLE();
 777:Drivers/STM32H7xx_HAL_Driver/Src/stm32h7xx_hal_rcc.c **** 
 778:Drivers/STM32H7xx_HAL_Driver/Src/stm32h7xx_hal_rcc.c ****         /* Get Start Tick*/
 779:Drivers/STM32H7xx_HAL_Driver/Src/stm32h7xx_hal_rcc.c ****         tickstart = HAL_GetTick();
 780:Drivers/STM32H7xx_HAL_Driver/Src/stm32h7xx_hal_rcc.c **** 
 781:Drivers/STM32H7xx_HAL_Driver/Src/stm32h7xx_hal_rcc.c ****         /* Wait till PLL is disabled */
 782:Drivers/STM32H7xx_HAL_Driver/Src/stm32h7xx_hal_rcc.c ****         while (__HAL_RCC_GET_FLAG(RCC_FLAG_PLLRDY) != 0U)
 783:Drivers/STM32H7xx_HAL_Driver/Src/stm32h7xx_hal_rcc.c ****         {
 784:Drivers/STM32H7xx_HAL_Driver/Src/stm32h7xx_hal_rcc.c ****           if ((HAL_GetTick() - tickstart) > PLL_TIMEOUT_VALUE)
 785:Drivers/STM32H7xx_HAL_Driver/Src/stm32h7xx_hal_rcc.c ****           {
 786:Drivers/STM32H7xx_HAL_Driver/Src/stm32h7xx_hal_rcc.c ****             return HAL_TIMEOUT;
 787:Drivers/STM32H7xx_HAL_Driver/Src/stm32h7xx_hal_rcc.c ****           }
 788:Drivers/STM32H7xx_HAL_Driver/Src/stm32h7xx_hal_rcc.c ****         }
 789:Drivers/STM32H7xx_HAL_Driver/Src/stm32h7xx_hal_rcc.c **** 
 790:Drivers/STM32H7xx_HAL_Driver/Src/stm32h7xx_hal_rcc.c ****         /* Configure the main PLL clock source, multiplication and division factors. */
 791:Drivers/STM32H7xx_HAL_Driver/Src/stm32h7xx_hal_rcc.c ****         __HAL_RCC_PLL_CONFIG(RCC_OscInitStruct->PLL.PLLSource,
 792:Drivers/STM32H7xx_HAL_Driver/Src/stm32h7xx_hal_rcc.c ****                              RCC_OscInitStruct->PLL.PLLM,
 793:Drivers/STM32H7xx_HAL_Driver/Src/stm32h7xx_hal_rcc.c ****                              RCC_OscInitStruct->PLL.PLLN,
 794:Drivers/STM32H7xx_HAL_Driver/Src/stm32h7xx_hal_rcc.c ****                              RCC_OscInitStruct->PLL.PLLP,
 795:Drivers/STM32H7xx_HAL_Driver/Src/stm32h7xx_hal_rcc.c ****                              RCC_OscInitStruct->PLL.PLLQ,
 796:Drivers/STM32H7xx_HAL_Driver/Src/stm32h7xx_hal_rcc.c ****                              RCC_OscInitStruct->PLL.PLLR);
 797:Drivers/STM32H7xx_HAL_Driver/Src/stm32h7xx_hal_rcc.c **** 
 798:Drivers/STM32H7xx_HAL_Driver/Src/stm32h7xx_hal_rcc.c ****         /* Disable PLLFRACN . */
 799:Drivers/STM32H7xx_HAL_Driver/Src/stm32h7xx_hal_rcc.c ****         __HAL_RCC_PLLFRACN_DISABLE();
 800:Drivers/STM32H7xx_HAL_Driver/Src/stm32h7xx_hal_rcc.c **** 
 801:Drivers/STM32H7xx_HAL_Driver/Src/stm32h7xx_hal_rcc.c ****         /* Configure PLL PLL1FRACN */
 802:Drivers/STM32H7xx_HAL_Driver/Src/stm32h7xx_hal_rcc.c ****         __HAL_RCC_PLLFRACN_CONFIG(RCC_OscInitStruct->PLL.PLLFRACN);
 803:Drivers/STM32H7xx_HAL_Driver/Src/stm32h7xx_hal_rcc.c **** 
 804:Drivers/STM32H7xx_HAL_Driver/Src/stm32h7xx_hal_rcc.c ****         /* Select PLL1 input reference frequency range: VCI */
 805:Drivers/STM32H7xx_HAL_Driver/Src/stm32h7xx_hal_rcc.c ****         __HAL_RCC_PLL_VCIRANGE(RCC_OscInitStruct->PLL.PLLRGE) ;
 806:Drivers/STM32H7xx_HAL_Driver/Src/stm32h7xx_hal_rcc.c **** 
 807:Drivers/STM32H7xx_HAL_Driver/Src/stm32h7xx_hal_rcc.c ****         /* Select PLL1 output frequency range : VCO */
 808:Drivers/STM32H7xx_HAL_Driver/Src/stm32h7xx_hal_rcc.c ****         __HAL_RCC_PLL_VCORANGE(RCC_OscInitStruct->PLL.PLLVCOSEL) ;
 809:Drivers/STM32H7xx_HAL_Driver/Src/stm32h7xx_hal_rcc.c **** 
 810:Drivers/STM32H7xx_HAL_Driver/Src/stm32h7xx_hal_rcc.c ****         /* Enable PLL System Clock output. */
 811:Drivers/STM32H7xx_HAL_Driver/Src/stm32h7xx_hal_rcc.c ****         __HAL_RCC_PLLCLKOUT_ENABLE(RCC_PLL1_DIVP);
 812:Drivers/STM32H7xx_HAL_Driver/Src/stm32h7xx_hal_rcc.c **** 
 813:Drivers/STM32H7xx_HAL_Driver/Src/stm32h7xx_hal_rcc.c ****         /* Enable PLL1Q Clock output. */
 814:Drivers/STM32H7xx_HAL_Driver/Src/stm32h7xx_hal_rcc.c ****         __HAL_RCC_PLLCLKOUT_ENABLE(RCC_PLL1_DIVQ);
 815:Drivers/STM32H7xx_HAL_Driver/Src/stm32h7xx_hal_rcc.c **** 
 816:Drivers/STM32H7xx_HAL_Driver/Src/stm32h7xx_hal_rcc.c ****         /* Enable PLL1R  Clock output. */
 817:Drivers/STM32H7xx_HAL_Driver/Src/stm32h7xx_hal_rcc.c ****         __HAL_RCC_PLLCLKOUT_ENABLE(RCC_PLL1_DIVR);
 818:Drivers/STM32H7xx_HAL_Driver/Src/stm32h7xx_hal_rcc.c **** 
 819:Drivers/STM32H7xx_HAL_Driver/Src/stm32h7xx_hal_rcc.c ****         /* Enable PLL1FRACN . */
 820:Drivers/STM32H7xx_HAL_Driver/Src/stm32h7xx_hal_rcc.c ****         __HAL_RCC_PLLFRACN_ENABLE();
 821:Drivers/STM32H7xx_HAL_Driver/Src/stm32h7xx_hal_rcc.c **** 
 822:Drivers/STM32H7xx_HAL_Driver/Src/stm32h7xx_hal_rcc.c ****         /* Enable the main PLL. */
 823:Drivers/STM32H7xx_HAL_Driver/Src/stm32h7xx_hal_rcc.c ****         __HAL_RCC_PLL_ENABLE();
 824:Drivers/STM32H7xx_HAL_Driver/Src/stm32h7xx_hal_rcc.c **** 
 825:Drivers/STM32H7xx_HAL_Driver/Src/stm32h7xx_hal_rcc.c ****         /* Get Start Tick*/
 826:Drivers/STM32H7xx_HAL_Driver/Src/stm32h7xx_hal_rcc.c ****         tickstart = HAL_GetTick();
 827:Drivers/STM32H7xx_HAL_Driver/Src/stm32h7xx_hal_rcc.c **** 
 828:Drivers/STM32H7xx_HAL_Driver/Src/stm32h7xx_hal_rcc.c ****         /* Wait till PLL is ready */
 829:Drivers/STM32H7xx_HAL_Driver/Src/stm32h7xx_hal_rcc.c ****         while (__HAL_RCC_GET_FLAG(RCC_FLAG_PLLRDY) == 0U)
ARM GAS  C:\Users\l1234\AppData\Local\Temp\cc5S3qmC.s 			page 16


 830:Drivers/STM32H7xx_HAL_Driver/Src/stm32h7xx_hal_rcc.c ****         {
 831:Drivers/STM32H7xx_HAL_Driver/Src/stm32h7xx_hal_rcc.c ****           if ((HAL_GetTick() - tickstart) > PLL_TIMEOUT_VALUE)
 832:Drivers/STM32H7xx_HAL_Driver/Src/stm32h7xx_hal_rcc.c ****           {
 833:Drivers/STM32H7xx_HAL_Driver/Src/stm32h7xx_hal_rcc.c ****             return HAL_TIMEOUT;
 834:Drivers/STM32H7xx_HAL_Driver/Src/stm32h7xx_hal_rcc.c ****           }
 835:Drivers/STM32H7xx_HAL_Driver/Src/stm32h7xx_hal_rcc.c ****         }
 836:Drivers/STM32H7xx_HAL_Driver/Src/stm32h7xx_hal_rcc.c ****       }
 837:Drivers/STM32H7xx_HAL_Driver/Src/stm32h7xx_hal_rcc.c ****       else
 838:Drivers/STM32H7xx_HAL_Driver/Src/stm32h7xx_hal_rcc.c ****       {
 839:Drivers/STM32H7xx_HAL_Driver/Src/stm32h7xx_hal_rcc.c ****         /* Disable the main PLL. */
 840:Drivers/STM32H7xx_HAL_Driver/Src/stm32h7xx_hal_rcc.c ****         __HAL_RCC_PLL_DISABLE();
 841:Drivers/STM32H7xx_HAL_Driver/Src/stm32h7xx_hal_rcc.c **** 
 842:Drivers/STM32H7xx_HAL_Driver/Src/stm32h7xx_hal_rcc.c ****         /* Get Start Tick*/
 843:Drivers/STM32H7xx_HAL_Driver/Src/stm32h7xx_hal_rcc.c ****         tickstart = HAL_GetTick();
 844:Drivers/STM32H7xx_HAL_Driver/Src/stm32h7xx_hal_rcc.c **** 
 845:Drivers/STM32H7xx_HAL_Driver/Src/stm32h7xx_hal_rcc.c ****         /* Wait till PLL is disabled */
 846:Drivers/STM32H7xx_HAL_Driver/Src/stm32h7xx_hal_rcc.c ****         while (__HAL_RCC_GET_FLAG(RCC_FLAG_PLLRDY) != 0U)
 847:Drivers/STM32H7xx_HAL_Driver/Src/stm32h7xx_hal_rcc.c ****         {
 848:Drivers/STM32H7xx_HAL_Driver/Src/stm32h7xx_hal_rcc.c ****           if ((HAL_GetTick() - tickstart) > PLL_TIMEOUT_VALUE)
 849:Drivers/STM32H7xx_HAL_Driver/Src/stm32h7xx_hal_rcc.c ****           {
 850:Drivers/STM32H7xx_HAL_Driver/Src/stm32h7xx_hal_rcc.c ****             return HAL_TIMEOUT;
 851:Drivers/STM32H7xx_HAL_Driver/Src/stm32h7xx_hal_rcc.c ****           }
 852:Drivers/STM32H7xx_HAL_Driver/Src/stm32h7xx_hal_rcc.c ****         }
 853:Drivers/STM32H7xx_HAL_Driver/Src/stm32h7xx_hal_rcc.c ****       }
 854:Drivers/STM32H7xx_HAL_Driver/Src/stm32h7xx_hal_rcc.c ****     }
 855:Drivers/STM32H7xx_HAL_Driver/Src/stm32h7xx_hal_rcc.c ****     else
 856:Drivers/STM32H7xx_HAL_Driver/Src/stm32h7xx_hal_rcc.c ****     {
 857:Drivers/STM32H7xx_HAL_Driver/Src/stm32h7xx_hal_rcc.c ****       /* Do not return HAL_ERROR if request repeats the current configuration */
 858:Drivers/STM32H7xx_HAL_Driver/Src/stm32h7xx_hal_rcc.c ****       temp1_pllckcfg = RCC->PLLCKSELR;
 859:Drivers/STM32H7xx_HAL_Driver/Src/stm32h7xx_hal_rcc.c ****       temp2_pllckcfg = RCC->PLL1DIVR;
 860:Drivers/STM32H7xx_HAL_Driver/Src/stm32h7xx_hal_rcc.c ****       if (((RCC_OscInitStruct->PLL.PLLState) == RCC_PLL_OFF) ||
 861:Drivers/STM32H7xx_HAL_Driver/Src/stm32h7xx_hal_rcc.c ****           (READ_BIT(temp1_pllckcfg, RCC_PLLCKSELR_PLLSRC) != RCC_OscInitStruct->PLL.PLLSource) ||
 862:Drivers/STM32H7xx_HAL_Driver/Src/stm32h7xx_hal_rcc.c ****           ((READ_BIT(temp1_pllckcfg, RCC_PLLCKSELR_DIVM1) >> RCC_PLLCKSELR_DIVM1_Pos) != RCC_OscIni
 863:Drivers/STM32H7xx_HAL_Driver/Src/stm32h7xx_hal_rcc.c ****           (READ_BIT(temp2_pllckcfg, RCC_PLL1DIVR_N1) != (RCC_OscInitStruct->PLL.PLLN - 1U)) ||
 864:Drivers/STM32H7xx_HAL_Driver/Src/stm32h7xx_hal_rcc.c ****           ((READ_BIT(temp2_pllckcfg, RCC_PLL1DIVR_P1) >> RCC_PLL1DIVR_P1_Pos) != (RCC_OscInitStruct
 865:Drivers/STM32H7xx_HAL_Driver/Src/stm32h7xx_hal_rcc.c ****           ((READ_BIT(temp2_pllckcfg, RCC_PLL1DIVR_Q1) >> RCC_PLL1DIVR_Q1_Pos) != (RCC_OscInitStruct
 866:Drivers/STM32H7xx_HAL_Driver/Src/stm32h7xx_hal_rcc.c ****           ((READ_BIT(temp2_pllckcfg, RCC_PLL1DIVR_R1) >> RCC_PLL1DIVR_R1_Pos) != (RCC_OscInitStruct
 867:Drivers/STM32H7xx_HAL_Driver/Src/stm32h7xx_hal_rcc.c ****       {
 868:Drivers/STM32H7xx_HAL_Driver/Src/stm32h7xx_hal_rcc.c ****         return HAL_ERROR;
 869:Drivers/STM32H7xx_HAL_Driver/Src/stm32h7xx_hal_rcc.c ****       }
 870:Drivers/STM32H7xx_HAL_Driver/Src/stm32h7xx_hal_rcc.c ****       else
 871:Drivers/STM32H7xx_HAL_Driver/Src/stm32h7xx_hal_rcc.c ****       {
 872:Drivers/STM32H7xx_HAL_Driver/Src/stm32h7xx_hal_rcc.c ****         /* Check if only fractional part needs to be updated  */
 873:Drivers/STM32H7xx_HAL_Driver/Src/stm32h7xx_hal_rcc.c ****         temp1_pllckcfg = ((RCC->PLL1FRACR & RCC_PLL1FRACR_FRACN1) >> RCC_PLL1FRACR_FRACN1_Pos);
 874:Drivers/STM32H7xx_HAL_Driver/Src/stm32h7xx_hal_rcc.c ****         if (RCC_OscInitStruct->PLL.PLLFRACN != temp1_pllckcfg)
 875:Drivers/STM32H7xx_HAL_Driver/Src/stm32h7xx_hal_rcc.c ****         {
 876:Drivers/STM32H7xx_HAL_Driver/Src/stm32h7xx_hal_rcc.c ****           assert_param(IS_RCC_PLLFRACN_VALUE(RCC_OscInitStruct->PLL.PLLFRACN));
 877:Drivers/STM32H7xx_HAL_Driver/Src/stm32h7xx_hal_rcc.c ****           /* Disable PLL1FRACEN */
 878:Drivers/STM32H7xx_HAL_Driver/Src/stm32h7xx_hal_rcc.c ****           __HAL_RCC_PLLFRACN_DISABLE();
 879:Drivers/STM32H7xx_HAL_Driver/Src/stm32h7xx_hal_rcc.c ****           /* Get Start Tick*/
 880:Drivers/STM32H7xx_HAL_Driver/Src/stm32h7xx_hal_rcc.c ****           tickstart = HAL_GetTick();
 881:Drivers/STM32H7xx_HAL_Driver/Src/stm32h7xx_hal_rcc.c ****           /* Wait at least 2 CK_REF (PLL input source divided by M) period to make sure next latche
 882:Drivers/STM32H7xx_HAL_Driver/Src/stm32h7xx_hal_rcc.c ****           while ((HAL_GetTick() - tickstart) < PLL_FRAC_TIMEOUT_VALUE)
 883:Drivers/STM32H7xx_HAL_Driver/Src/stm32h7xx_hal_rcc.c ****           {
 884:Drivers/STM32H7xx_HAL_Driver/Src/stm32h7xx_hal_rcc.c ****           }
 885:Drivers/STM32H7xx_HAL_Driver/Src/stm32h7xx_hal_rcc.c ****           /* Configure PLL1 PLL1FRACN */
 886:Drivers/STM32H7xx_HAL_Driver/Src/stm32h7xx_hal_rcc.c ****           __HAL_RCC_PLLFRACN_CONFIG(RCC_OscInitStruct->PLL.PLLFRACN);
ARM GAS  C:\Users\l1234\AppData\Local\Temp\cc5S3qmC.s 			page 17


 887:Drivers/STM32H7xx_HAL_Driver/Src/stm32h7xx_hal_rcc.c ****           /* Enable PLL1FRACEN to latch new value. */
 888:Drivers/STM32H7xx_HAL_Driver/Src/stm32h7xx_hal_rcc.c ****           __HAL_RCC_PLLFRACN_ENABLE();
 889:Drivers/STM32H7xx_HAL_Driver/Src/stm32h7xx_hal_rcc.c ****         }
 890:Drivers/STM32H7xx_HAL_Driver/Src/stm32h7xx_hal_rcc.c ****       }
 891:Drivers/STM32H7xx_HAL_Driver/Src/stm32h7xx_hal_rcc.c ****     }
 892:Drivers/STM32H7xx_HAL_Driver/Src/stm32h7xx_hal_rcc.c ****   }
 893:Drivers/STM32H7xx_HAL_Driver/Src/stm32h7xx_hal_rcc.c ****   return HAL_OK;
 894:Drivers/STM32H7xx_HAL_Driver/Src/stm32h7xx_hal_rcc.c **** }
 895:Drivers/STM32H7xx_HAL_Driver/Src/stm32h7xx_hal_rcc.c **** 
 896:Drivers/STM32H7xx_HAL_Driver/Src/stm32h7xx_hal_rcc.c **** /**
 897:Drivers/STM32H7xx_HAL_Driver/Src/stm32h7xx_hal_rcc.c ****   * @brief  Initializes the CPU, AHB and APB buses clocks according to the specified
 898:Drivers/STM32H7xx_HAL_Driver/Src/stm32h7xx_hal_rcc.c ****   *         parameters in the RCC_ClkInitStruct.
 899:Drivers/STM32H7xx_HAL_Driver/Src/stm32h7xx_hal_rcc.c ****   * @param  RCC_ClkInitStruct: pointer to an RCC_OscInitTypeDef structure that
 900:Drivers/STM32H7xx_HAL_Driver/Src/stm32h7xx_hal_rcc.c ****   *         contains the configuration information for the RCC peripheral.
 901:Drivers/STM32H7xx_HAL_Driver/Src/stm32h7xx_hal_rcc.c ****   * @param  FLatency: FLASH Latency, this parameter depend on device selected
 902:Drivers/STM32H7xx_HAL_Driver/Src/stm32h7xx_hal_rcc.c ****   *
 903:Drivers/STM32H7xx_HAL_Driver/Src/stm32h7xx_hal_rcc.c ****   * @note   The SystemCoreClock CMSIS variable is used to store System Core Clock Frequency
 904:Drivers/STM32H7xx_HAL_Driver/Src/stm32h7xx_hal_rcc.c ****   *         and updated by HAL_InitTick() function called within this function
 905:Drivers/STM32H7xx_HAL_Driver/Src/stm32h7xx_hal_rcc.c ****   *
 906:Drivers/STM32H7xx_HAL_Driver/Src/stm32h7xx_hal_rcc.c ****   * @note   The HSI is used (enabled by hardware) as system clock source after
 907:Drivers/STM32H7xx_HAL_Driver/Src/stm32h7xx_hal_rcc.c ****   *         start-up from Reset, wake-up from STOP and STANDBY mode, or in case
 908:Drivers/STM32H7xx_HAL_Driver/Src/stm32h7xx_hal_rcc.c ****   *         of failure of the HSE used directly or indirectly as system clock
 909:Drivers/STM32H7xx_HAL_Driver/Src/stm32h7xx_hal_rcc.c ****   *         (if the Clock Security System CSS is enabled).
 910:Drivers/STM32H7xx_HAL_Driver/Src/stm32h7xx_hal_rcc.c ****   *
 911:Drivers/STM32H7xx_HAL_Driver/Src/stm32h7xx_hal_rcc.c ****   * @note   A switch from one clock source to another occurs only if the target
 912:Drivers/STM32H7xx_HAL_Driver/Src/stm32h7xx_hal_rcc.c ****   *         clock source is ready (clock stable after start-up delay or PLL locked).
 913:Drivers/STM32H7xx_HAL_Driver/Src/stm32h7xx_hal_rcc.c ****   *         If a clock source which is not yet ready is selected, the switch will
 914:Drivers/STM32H7xx_HAL_Driver/Src/stm32h7xx_hal_rcc.c ****   *         occur when the clock source will be ready.
 915:Drivers/STM32H7xx_HAL_Driver/Src/stm32h7xx_hal_rcc.c ****   *         You can use HAL_RCC_GetClockConfig() function to know which clock is
 916:Drivers/STM32H7xx_HAL_Driver/Src/stm32h7xx_hal_rcc.c ****   *         currently used as system clock source.
 917:Drivers/STM32H7xx_HAL_Driver/Src/stm32h7xx_hal_rcc.c ****   * @note   Depending on the device voltage range, the software has to set correctly
 918:Drivers/STM32H7xx_HAL_Driver/Src/stm32h7xx_hal_rcc.c ****   *         D1CPRE[3:0] bits to ensure that  Domain1 core clock not exceed the maximum allowed freq
 919:Drivers/STM32H7xx_HAL_Driver/Src/stm32h7xx_hal_rcc.c ****   *         (for more details refer to section above "Initialization/de-initialization functions")
 920:Drivers/STM32H7xx_HAL_Driver/Src/stm32h7xx_hal_rcc.c ****   * @retval None
 921:Drivers/STM32H7xx_HAL_Driver/Src/stm32h7xx_hal_rcc.c ****   */
 922:Drivers/STM32H7xx_HAL_Driver/Src/stm32h7xx_hal_rcc.c **** HAL_StatusTypeDef HAL_RCC_ClockConfig(const RCC_ClkInitTypeDef  *RCC_ClkInitStruct, uint32_t FLaten
 923:Drivers/STM32H7xx_HAL_Driver/Src/stm32h7xx_hal_rcc.c **** {
 924:Drivers/STM32H7xx_HAL_Driver/Src/stm32h7xx_hal_rcc.c ****   HAL_StatusTypeDef halstatus;
 925:Drivers/STM32H7xx_HAL_Driver/Src/stm32h7xx_hal_rcc.c ****   uint32_t tickstart;
 926:Drivers/STM32H7xx_HAL_Driver/Src/stm32h7xx_hal_rcc.c ****   uint32_t common_system_clock;
 927:Drivers/STM32H7xx_HAL_Driver/Src/stm32h7xx_hal_rcc.c **** 
 928:Drivers/STM32H7xx_HAL_Driver/Src/stm32h7xx_hal_rcc.c ****   /* Check Null pointer */
 929:Drivers/STM32H7xx_HAL_Driver/Src/stm32h7xx_hal_rcc.c ****   if (RCC_ClkInitStruct == NULL)
 930:Drivers/STM32H7xx_HAL_Driver/Src/stm32h7xx_hal_rcc.c ****   {
 931:Drivers/STM32H7xx_HAL_Driver/Src/stm32h7xx_hal_rcc.c ****     return HAL_ERROR;
 932:Drivers/STM32H7xx_HAL_Driver/Src/stm32h7xx_hal_rcc.c ****   }
 933:Drivers/STM32H7xx_HAL_Driver/Src/stm32h7xx_hal_rcc.c **** 
 934:Drivers/STM32H7xx_HAL_Driver/Src/stm32h7xx_hal_rcc.c ****   /* Check the parameters */
 935:Drivers/STM32H7xx_HAL_Driver/Src/stm32h7xx_hal_rcc.c ****   assert_param(IS_RCC_CLOCKTYPE(RCC_ClkInitStruct->ClockType));
 936:Drivers/STM32H7xx_HAL_Driver/Src/stm32h7xx_hal_rcc.c ****   assert_param(IS_FLASH_LATENCY(FLatency));
 937:Drivers/STM32H7xx_HAL_Driver/Src/stm32h7xx_hal_rcc.c **** 
 938:Drivers/STM32H7xx_HAL_Driver/Src/stm32h7xx_hal_rcc.c ****   /* To correctly read data from FLASH memory, the number of wait states (LATENCY)
 939:Drivers/STM32H7xx_HAL_Driver/Src/stm32h7xx_hal_rcc.c ****     must be correctly programmed according to the frequency of the CPU clock
 940:Drivers/STM32H7xx_HAL_Driver/Src/stm32h7xx_hal_rcc.c ****     (HCLK) and the supply voltage of the device. */
 941:Drivers/STM32H7xx_HAL_Driver/Src/stm32h7xx_hal_rcc.c **** 
 942:Drivers/STM32H7xx_HAL_Driver/Src/stm32h7xx_hal_rcc.c ****   /* Increasing the CPU frequency */
 943:Drivers/STM32H7xx_HAL_Driver/Src/stm32h7xx_hal_rcc.c ****   if (FLatency > __HAL_FLASH_GET_LATENCY())
ARM GAS  C:\Users\l1234\AppData\Local\Temp\cc5S3qmC.s 			page 18


 944:Drivers/STM32H7xx_HAL_Driver/Src/stm32h7xx_hal_rcc.c ****   {
 945:Drivers/STM32H7xx_HAL_Driver/Src/stm32h7xx_hal_rcc.c ****     /* Program the new number of wait states to the LATENCY bits in the FLASH_ACR register */
 946:Drivers/STM32H7xx_HAL_Driver/Src/stm32h7xx_hal_rcc.c ****     __HAL_FLASH_SET_LATENCY(FLatency);
 947:Drivers/STM32H7xx_HAL_Driver/Src/stm32h7xx_hal_rcc.c **** 
 948:Drivers/STM32H7xx_HAL_Driver/Src/stm32h7xx_hal_rcc.c ****     /* Check that the new number of wait states is taken into account to access the Flash
 949:Drivers/STM32H7xx_HAL_Driver/Src/stm32h7xx_hal_rcc.c ****     memory by reading the FLASH_ACR register */
 950:Drivers/STM32H7xx_HAL_Driver/Src/stm32h7xx_hal_rcc.c ****     if (__HAL_FLASH_GET_LATENCY() != FLatency)
 951:Drivers/STM32H7xx_HAL_Driver/Src/stm32h7xx_hal_rcc.c ****     {
 952:Drivers/STM32H7xx_HAL_Driver/Src/stm32h7xx_hal_rcc.c ****       return HAL_ERROR;
 953:Drivers/STM32H7xx_HAL_Driver/Src/stm32h7xx_hal_rcc.c ****     }
 954:Drivers/STM32H7xx_HAL_Driver/Src/stm32h7xx_hal_rcc.c **** 
 955:Drivers/STM32H7xx_HAL_Driver/Src/stm32h7xx_hal_rcc.c ****   }
 956:Drivers/STM32H7xx_HAL_Driver/Src/stm32h7xx_hal_rcc.c **** 
 957:Drivers/STM32H7xx_HAL_Driver/Src/stm32h7xx_hal_rcc.c ****   /* Increasing the BUS frequency divider */
 958:Drivers/STM32H7xx_HAL_Driver/Src/stm32h7xx_hal_rcc.c ****   /*-------------------------- D1PCLK1/CDPCLK1 Configuration ---------------------------*/
 959:Drivers/STM32H7xx_HAL_Driver/Src/stm32h7xx_hal_rcc.c ****   if (((RCC_ClkInitStruct->ClockType) & RCC_CLOCKTYPE_D1PCLK1) == RCC_CLOCKTYPE_D1PCLK1)
 960:Drivers/STM32H7xx_HAL_Driver/Src/stm32h7xx_hal_rcc.c ****   {
 961:Drivers/STM32H7xx_HAL_Driver/Src/stm32h7xx_hal_rcc.c **** #if defined (RCC_D1CFGR_D1PPRE)
 962:Drivers/STM32H7xx_HAL_Driver/Src/stm32h7xx_hal_rcc.c ****     if ((RCC_ClkInitStruct->APB3CLKDivider) > (RCC->D1CFGR & RCC_D1CFGR_D1PPRE))
 963:Drivers/STM32H7xx_HAL_Driver/Src/stm32h7xx_hal_rcc.c ****     {
 964:Drivers/STM32H7xx_HAL_Driver/Src/stm32h7xx_hal_rcc.c ****       assert_param(IS_RCC_D1PCLK1(RCC_ClkInitStruct->APB3CLKDivider));
 965:Drivers/STM32H7xx_HAL_Driver/Src/stm32h7xx_hal_rcc.c ****       MODIFY_REG(RCC->D1CFGR, RCC_D1CFGR_D1PPRE, RCC_ClkInitStruct->APB3CLKDivider);
 966:Drivers/STM32H7xx_HAL_Driver/Src/stm32h7xx_hal_rcc.c ****     }
 967:Drivers/STM32H7xx_HAL_Driver/Src/stm32h7xx_hal_rcc.c **** #else
 968:Drivers/STM32H7xx_HAL_Driver/Src/stm32h7xx_hal_rcc.c ****     if ((RCC_ClkInitStruct->APB3CLKDivider) > (RCC->CDCFGR1 & RCC_CDCFGR1_CDPPRE))
 969:Drivers/STM32H7xx_HAL_Driver/Src/stm32h7xx_hal_rcc.c ****     {
 970:Drivers/STM32H7xx_HAL_Driver/Src/stm32h7xx_hal_rcc.c ****       assert_param(IS_RCC_CDPCLK1(RCC_ClkInitStruct->APB3CLKDivider));
 971:Drivers/STM32H7xx_HAL_Driver/Src/stm32h7xx_hal_rcc.c ****       MODIFY_REG(RCC->CDCFGR1, RCC_CDCFGR1_CDPPRE, RCC_ClkInitStruct->APB3CLKDivider);
 972:Drivers/STM32H7xx_HAL_Driver/Src/stm32h7xx_hal_rcc.c ****     }
 973:Drivers/STM32H7xx_HAL_Driver/Src/stm32h7xx_hal_rcc.c **** #endif
 974:Drivers/STM32H7xx_HAL_Driver/Src/stm32h7xx_hal_rcc.c ****   }
 975:Drivers/STM32H7xx_HAL_Driver/Src/stm32h7xx_hal_rcc.c **** 
 976:Drivers/STM32H7xx_HAL_Driver/Src/stm32h7xx_hal_rcc.c ****   /*-------------------------- PCLK1 Configuration ---------------------------*/
 977:Drivers/STM32H7xx_HAL_Driver/Src/stm32h7xx_hal_rcc.c ****   if (((RCC_ClkInitStruct->ClockType) & RCC_CLOCKTYPE_PCLK1) == RCC_CLOCKTYPE_PCLK1)
 978:Drivers/STM32H7xx_HAL_Driver/Src/stm32h7xx_hal_rcc.c ****   {
 979:Drivers/STM32H7xx_HAL_Driver/Src/stm32h7xx_hal_rcc.c **** #if defined (RCC_D2CFGR_D2PPRE1)
 980:Drivers/STM32H7xx_HAL_Driver/Src/stm32h7xx_hal_rcc.c ****     if ((RCC_ClkInitStruct->APB1CLKDivider) > (RCC->D2CFGR & RCC_D2CFGR_D2PPRE1))
 981:Drivers/STM32H7xx_HAL_Driver/Src/stm32h7xx_hal_rcc.c ****     {
 982:Drivers/STM32H7xx_HAL_Driver/Src/stm32h7xx_hal_rcc.c ****       assert_param(IS_RCC_PCLK1(RCC_ClkInitStruct->APB1CLKDivider));
 983:Drivers/STM32H7xx_HAL_Driver/Src/stm32h7xx_hal_rcc.c ****       MODIFY_REG(RCC->D2CFGR, RCC_D2CFGR_D2PPRE1, (RCC_ClkInitStruct->APB1CLKDivider));
 984:Drivers/STM32H7xx_HAL_Driver/Src/stm32h7xx_hal_rcc.c ****     }
 985:Drivers/STM32H7xx_HAL_Driver/Src/stm32h7xx_hal_rcc.c **** #else
 986:Drivers/STM32H7xx_HAL_Driver/Src/stm32h7xx_hal_rcc.c ****     if ((RCC_ClkInitStruct->APB1CLKDivider) > (RCC->CDCFGR2 & RCC_CDCFGR2_CDPPRE1))
 987:Drivers/STM32H7xx_HAL_Driver/Src/stm32h7xx_hal_rcc.c ****     {
 988:Drivers/STM32H7xx_HAL_Driver/Src/stm32h7xx_hal_rcc.c ****       assert_param(IS_RCC_PCLK1(RCC_ClkInitStruct->APB1CLKDivider));
 989:Drivers/STM32H7xx_HAL_Driver/Src/stm32h7xx_hal_rcc.c ****       MODIFY_REG(RCC->CDCFGR2, RCC_CDCFGR2_CDPPRE1, (RCC_ClkInitStruct->APB1CLKDivider));
 990:Drivers/STM32H7xx_HAL_Driver/Src/stm32h7xx_hal_rcc.c ****     }
 991:Drivers/STM32H7xx_HAL_Driver/Src/stm32h7xx_hal_rcc.c **** #endif
 992:Drivers/STM32H7xx_HAL_Driver/Src/stm32h7xx_hal_rcc.c ****   }
 993:Drivers/STM32H7xx_HAL_Driver/Src/stm32h7xx_hal_rcc.c ****   /*-------------------------- PCLK2 Configuration ---------------------------*/
 994:Drivers/STM32H7xx_HAL_Driver/Src/stm32h7xx_hal_rcc.c ****   if (((RCC_ClkInitStruct->ClockType) & RCC_CLOCKTYPE_PCLK2) == RCC_CLOCKTYPE_PCLK2)
 995:Drivers/STM32H7xx_HAL_Driver/Src/stm32h7xx_hal_rcc.c ****   {
 996:Drivers/STM32H7xx_HAL_Driver/Src/stm32h7xx_hal_rcc.c **** #if defined(RCC_D2CFGR_D2PPRE2)
 997:Drivers/STM32H7xx_HAL_Driver/Src/stm32h7xx_hal_rcc.c ****     if ((RCC_ClkInitStruct->APB2CLKDivider) > (RCC->D2CFGR & RCC_D2CFGR_D2PPRE2))
 998:Drivers/STM32H7xx_HAL_Driver/Src/stm32h7xx_hal_rcc.c ****     {
 999:Drivers/STM32H7xx_HAL_Driver/Src/stm32h7xx_hal_rcc.c ****       assert_param(IS_RCC_PCLK2(RCC_ClkInitStruct->APB2CLKDivider));
1000:Drivers/STM32H7xx_HAL_Driver/Src/stm32h7xx_hal_rcc.c ****       MODIFY_REG(RCC->D2CFGR, RCC_D2CFGR_D2PPRE2, (RCC_ClkInitStruct->APB2CLKDivider));
ARM GAS  C:\Users\l1234\AppData\Local\Temp\cc5S3qmC.s 			page 19


1001:Drivers/STM32H7xx_HAL_Driver/Src/stm32h7xx_hal_rcc.c ****     }
1002:Drivers/STM32H7xx_HAL_Driver/Src/stm32h7xx_hal_rcc.c **** #else
1003:Drivers/STM32H7xx_HAL_Driver/Src/stm32h7xx_hal_rcc.c ****     if ((RCC_ClkInitStruct->APB2CLKDivider) > (RCC->CDCFGR2 & RCC_CDCFGR2_CDPPRE2))
1004:Drivers/STM32H7xx_HAL_Driver/Src/stm32h7xx_hal_rcc.c ****     {
1005:Drivers/STM32H7xx_HAL_Driver/Src/stm32h7xx_hal_rcc.c ****       assert_param(IS_RCC_PCLK2(RCC_ClkInitStruct->APB2CLKDivider));
1006:Drivers/STM32H7xx_HAL_Driver/Src/stm32h7xx_hal_rcc.c ****       MODIFY_REG(RCC->CDCFGR2, RCC_CDCFGR2_CDPPRE2, (RCC_ClkInitStruct->APB2CLKDivider));
1007:Drivers/STM32H7xx_HAL_Driver/Src/stm32h7xx_hal_rcc.c ****     }
1008:Drivers/STM32H7xx_HAL_Driver/Src/stm32h7xx_hal_rcc.c **** #endif
1009:Drivers/STM32H7xx_HAL_Driver/Src/stm32h7xx_hal_rcc.c ****   }
1010:Drivers/STM32H7xx_HAL_Driver/Src/stm32h7xx_hal_rcc.c **** 
1011:Drivers/STM32H7xx_HAL_Driver/Src/stm32h7xx_hal_rcc.c ****   /*-------------------------- D3PCLK1 Configuration ---------------------------*/
1012:Drivers/STM32H7xx_HAL_Driver/Src/stm32h7xx_hal_rcc.c ****   if (((RCC_ClkInitStruct->ClockType) & RCC_CLOCKTYPE_D3PCLK1) == RCC_CLOCKTYPE_D3PCLK1)
1013:Drivers/STM32H7xx_HAL_Driver/Src/stm32h7xx_hal_rcc.c ****   {
1014:Drivers/STM32H7xx_HAL_Driver/Src/stm32h7xx_hal_rcc.c **** #if defined(RCC_D3CFGR_D3PPRE)
1015:Drivers/STM32H7xx_HAL_Driver/Src/stm32h7xx_hal_rcc.c ****     if ((RCC_ClkInitStruct->APB4CLKDivider) > (RCC->D3CFGR & RCC_D3CFGR_D3PPRE))
1016:Drivers/STM32H7xx_HAL_Driver/Src/stm32h7xx_hal_rcc.c ****     {
1017:Drivers/STM32H7xx_HAL_Driver/Src/stm32h7xx_hal_rcc.c ****       assert_param(IS_RCC_D3PCLK1(RCC_ClkInitStruct->APB4CLKDivider));
1018:Drivers/STM32H7xx_HAL_Driver/Src/stm32h7xx_hal_rcc.c ****       MODIFY_REG(RCC->D3CFGR, RCC_D3CFGR_D3PPRE, (RCC_ClkInitStruct->APB4CLKDivider));
1019:Drivers/STM32H7xx_HAL_Driver/Src/stm32h7xx_hal_rcc.c ****     }
1020:Drivers/STM32H7xx_HAL_Driver/Src/stm32h7xx_hal_rcc.c **** #else
1021:Drivers/STM32H7xx_HAL_Driver/Src/stm32h7xx_hal_rcc.c ****     if ((RCC_ClkInitStruct->APB4CLKDivider) > (RCC->SRDCFGR & RCC_SRDCFGR_SRDPPRE))
1022:Drivers/STM32H7xx_HAL_Driver/Src/stm32h7xx_hal_rcc.c ****     {
1023:Drivers/STM32H7xx_HAL_Driver/Src/stm32h7xx_hal_rcc.c ****       assert_param(IS_RCC_D3PCLK1(RCC_ClkInitStruct->APB4CLKDivider));
1024:Drivers/STM32H7xx_HAL_Driver/Src/stm32h7xx_hal_rcc.c ****       MODIFY_REG(RCC->SRDCFGR, RCC_SRDCFGR_SRDPPRE, (RCC_ClkInitStruct->APB4CLKDivider));
1025:Drivers/STM32H7xx_HAL_Driver/Src/stm32h7xx_hal_rcc.c ****     }
1026:Drivers/STM32H7xx_HAL_Driver/Src/stm32h7xx_hal_rcc.c **** #endif
1027:Drivers/STM32H7xx_HAL_Driver/Src/stm32h7xx_hal_rcc.c ****   }
1028:Drivers/STM32H7xx_HAL_Driver/Src/stm32h7xx_hal_rcc.c **** 
1029:Drivers/STM32H7xx_HAL_Driver/Src/stm32h7xx_hal_rcc.c ****   /*-------------------------- HCLK Configuration --------------------------*/
1030:Drivers/STM32H7xx_HAL_Driver/Src/stm32h7xx_hal_rcc.c ****   if (((RCC_ClkInitStruct->ClockType) & RCC_CLOCKTYPE_HCLK) == RCC_CLOCKTYPE_HCLK)
1031:Drivers/STM32H7xx_HAL_Driver/Src/stm32h7xx_hal_rcc.c ****   {
1032:Drivers/STM32H7xx_HAL_Driver/Src/stm32h7xx_hal_rcc.c **** #if defined (RCC_D1CFGR_HPRE)
1033:Drivers/STM32H7xx_HAL_Driver/Src/stm32h7xx_hal_rcc.c ****     if ((RCC_ClkInitStruct->AHBCLKDivider) > (RCC->D1CFGR & RCC_D1CFGR_HPRE))
1034:Drivers/STM32H7xx_HAL_Driver/Src/stm32h7xx_hal_rcc.c ****     {
1035:Drivers/STM32H7xx_HAL_Driver/Src/stm32h7xx_hal_rcc.c ****       /* Set the new HCLK clock divider */
1036:Drivers/STM32H7xx_HAL_Driver/Src/stm32h7xx_hal_rcc.c ****       assert_param(IS_RCC_HCLK(RCC_ClkInitStruct->AHBCLKDivider));
1037:Drivers/STM32H7xx_HAL_Driver/Src/stm32h7xx_hal_rcc.c ****       MODIFY_REG(RCC->D1CFGR, RCC_D1CFGR_HPRE, RCC_ClkInitStruct->AHBCLKDivider);
1038:Drivers/STM32H7xx_HAL_Driver/Src/stm32h7xx_hal_rcc.c ****     }
1039:Drivers/STM32H7xx_HAL_Driver/Src/stm32h7xx_hal_rcc.c **** #else
1040:Drivers/STM32H7xx_HAL_Driver/Src/stm32h7xx_hal_rcc.c ****     if ((RCC_ClkInitStruct->AHBCLKDivider) > (RCC->CDCFGR1 & RCC_CDCFGR1_HPRE))
1041:Drivers/STM32H7xx_HAL_Driver/Src/stm32h7xx_hal_rcc.c ****     {
1042:Drivers/STM32H7xx_HAL_Driver/Src/stm32h7xx_hal_rcc.c ****       /* Set the new HCLK clock divider */
1043:Drivers/STM32H7xx_HAL_Driver/Src/stm32h7xx_hal_rcc.c ****       assert_param(IS_RCC_HCLK(RCC_ClkInitStruct->AHBCLKDivider));
1044:Drivers/STM32H7xx_HAL_Driver/Src/stm32h7xx_hal_rcc.c ****       MODIFY_REG(RCC->CDCFGR1, RCC_CDCFGR1_HPRE, RCC_ClkInitStruct->AHBCLKDivider);
1045:Drivers/STM32H7xx_HAL_Driver/Src/stm32h7xx_hal_rcc.c ****     }
1046:Drivers/STM32H7xx_HAL_Driver/Src/stm32h7xx_hal_rcc.c **** #endif
1047:Drivers/STM32H7xx_HAL_Driver/Src/stm32h7xx_hal_rcc.c ****   }
1048:Drivers/STM32H7xx_HAL_Driver/Src/stm32h7xx_hal_rcc.c **** 
1049:Drivers/STM32H7xx_HAL_Driver/Src/stm32h7xx_hal_rcc.c ****   /*------------------------- SYSCLK Configuration -------------------------*/
1050:Drivers/STM32H7xx_HAL_Driver/Src/stm32h7xx_hal_rcc.c ****   if (((RCC_ClkInitStruct->ClockType) & RCC_CLOCKTYPE_SYSCLK) == RCC_CLOCKTYPE_SYSCLK)
1051:Drivers/STM32H7xx_HAL_Driver/Src/stm32h7xx_hal_rcc.c ****   {
1052:Drivers/STM32H7xx_HAL_Driver/Src/stm32h7xx_hal_rcc.c ****     assert_param(IS_RCC_SYSCLK(RCC_ClkInitStruct->SYSCLKDivider));
1053:Drivers/STM32H7xx_HAL_Driver/Src/stm32h7xx_hal_rcc.c ****     assert_param(IS_RCC_SYSCLKSOURCE(RCC_ClkInitStruct->SYSCLKSource));
1054:Drivers/STM32H7xx_HAL_Driver/Src/stm32h7xx_hal_rcc.c **** #if defined(RCC_D1CFGR_D1CPRE)
1055:Drivers/STM32H7xx_HAL_Driver/Src/stm32h7xx_hal_rcc.c ****     MODIFY_REG(RCC->D1CFGR, RCC_D1CFGR_D1CPRE, RCC_ClkInitStruct->SYSCLKDivider);
1056:Drivers/STM32H7xx_HAL_Driver/Src/stm32h7xx_hal_rcc.c **** #else
1057:Drivers/STM32H7xx_HAL_Driver/Src/stm32h7xx_hal_rcc.c ****     MODIFY_REG(RCC->CDCFGR1, RCC_CDCFGR1_CDCPRE, RCC_ClkInitStruct->SYSCLKDivider);
ARM GAS  C:\Users\l1234\AppData\Local\Temp\cc5S3qmC.s 			page 20


1058:Drivers/STM32H7xx_HAL_Driver/Src/stm32h7xx_hal_rcc.c **** #endif
1059:Drivers/STM32H7xx_HAL_Driver/Src/stm32h7xx_hal_rcc.c ****     /* HSE is selected as System Clock Source */
1060:Drivers/STM32H7xx_HAL_Driver/Src/stm32h7xx_hal_rcc.c ****     if (RCC_ClkInitStruct->SYSCLKSource == RCC_SYSCLKSOURCE_HSE)
1061:Drivers/STM32H7xx_HAL_Driver/Src/stm32h7xx_hal_rcc.c ****     {
1062:Drivers/STM32H7xx_HAL_Driver/Src/stm32h7xx_hal_rcc.c ****       /* Check the HSE ready flag */
1063:Drivers/STM32H7xx_HAL_Driver/Src/stm32h7xx_hal_rcc.c ****       if (__HAL_RCC_GET_FLAG(RCC_FLAG_HSERDY) == 0U)
1064:Drivers/STM32H7xx_HAL_Driver/Src/stm32h7xx_hal_rcc.c ****       {
1065:Drivers/STM32H7xx_HAL_Driver/Src/stm32h7xx_hal_rcc.c ****         return HAL_ERROR;
1066:Drivers/STM32H7xx_HAL_Driver/Src/stm32h7xx_hal_rcc.c ****       }
1067:Drivers/STM32H7xx_HAL_Driver/Src/stm32h7xx_hal_rcc.c ****     }
1068:Drivers/STM32H7xx_HAL_Driver/Src/stm32h7xx_hal_rcc.c ****     /* PLL is selected as System Clock Source */
1069:Drivers/STM32H7xx_HAL_Driver/Src/stm32h7xx_hal_rcc.c ****     else if (RCC_ClkInitStruct->SYSCLKSource == RCC_SYSCLKSOURCE_PLLCLK)
1070:Drivers/STM32H7xx_HAL_Driver/Src/stm32h7xx_hal_rcc.c ****     {
1071:Drivers/STM32H7xx_HAL_Driver/Src/stm32h7xx_hal_rcc.c ****       /* Check the PLL ready flag */
1072:Drivers/STM32H7xx_HAL_Driver/Src/stm32h7xx_hal_rcc.c ****       if (__HAL_RCC_GET_FLAG(RCC_FLAG_PLLRDY) == 0U)
1073:Drivers/STM32H7xx_HAL_Driver/Src/stm32h7xx_hal_rcc.c ****       {
1074:Drivers/STM32H7xx_HAL_Driver/Src/stm32h7xx_hal_rcc.c ****         return HAL_ERROR;
1075:Drivers/STM32H7xx_HAL_Driver/Src/stm32h7xx_hal_rcc.c ****       }
1076:Drivers/STM32H7xx_HAL_Driver/Src/stm32h7xx_hal_rcc.c ****     }
1077:Drivers/STM32H7xx_HAL_Driver/Src/stm32h7xx_hal_rcc.c ****     /* CSI is selected as System Clock Source */
1078:Drivers/STM32H7xx_HAL_Driver/Src/stm32h7xx_hal_rcc.c ****     else if (RCC_ClkInitStruct->SYSCLKSource == RCC_SYSCLKSOURCE_CSI)
1079:Drivers/STM32H7xx_HAL_Driver/Src/stm32h7xx_hal_rcc.c ****     {
1080:Drivers/STM32H7xx_HAL_Driver/Src/stm32h7xx_hal_rcc.c ****       /* Check the PLL ready flag */
1081:Drivers/STM32H7xx_HAL_Driver/Src/stm32h7xx_hal_rcc.c ****       if (__HAL_RCC_GET_FLAG(RCC_FLAG_CSIRDY) == 0U)
1082:Drivers/STM32H7xx_HAL_Driver/Src/stm32h7xx_hal_rcc.c ****       {
1083:Drivers/STM32H7xx_HAL_Driver/Src/stm32h7xx_hal_rcc.c ****         return HAL_ERROR;
1084:Drivers/STM32H7xx_HAL_Driver/Src/stm32h7xx_hal_rcc.c ****       }
1085:Drivers/STM32H7xx_HAL_Driver/Src/stm32h7xx_hal_rcc.c ****     }
1086:Drivers/STM32H7xx_HAL_Driver/Src/stm32h7xx_hal_rcc.c ****     /* HSI is selected as System Clock Source */
1087:Drivers/STM32H7xx_HAL_Driver/Src/stm32h7xx_hal_rcc.c ****     else
1088:Drivers/STM32H7xx_HAL_Driver/Src/stm32h7xx_hal_rcc.c ****     {
1089:Drivers/STM32H7xx_HAL_Driver/Src/stm32h7xx_hal_rcc.c ****       /* Check the HSI ready flag */
1090:Drivers/STM32H7xx_HAL_Driver/Src/stm32h7xx_hal_rcc.c ****       if (__HAL_RCC_GET_FLAG(RCC_FLAG_HSIRDY) == 0U)
1091:Drivers/STM32H7xx_HAL_Driver/Src/stm32h7xx_hal_rcc.c ****       {
1092:Drivers/STM32H7xx_HAL_Driver/Src/stm32h7xx_hal_rcc.c ****         return HAL_ERROR;
1093:Drivers/STM32H7xx_HAL_Driver/Src/stm32h7xx_hal_rcc.c ****       }
1094:Drivers/STM32H7xx_HAL_Driver/Src/stm32h7xx_hal_rcc.c ****     }
1095:Drivers/STM32H7xx_HAL_Driver/Src/stm32h7xx_hal_rcc.c ****     MODIFY_REG(RCC->CFGR, RCC_CFGR_SW, RCC_ClkInitStruct->SYSCLKSource);
1096:Drivers/STM32H7xx_HAL_Driver/Src/stm32h7xx_hal_rcc.c **** 
1097:Drivers/STM32H7xx_HAL_Driver/Src/stm32h7xx_hal_rcc.c ****     /* Get Start Tick*/
1098:Drivers/STM32H7xx_HAL_Driver/Src/stm32h7xx_hal_rcc.c ****     tickstart = HAL_GetTick();
1099:Drivers/STM32H7xx_HAL_Driver/Src/stm32h7xx_hal_rcc.c **** 
1100:Drivers/STM32H7xx_HAL_Driver/Src/stm32h7xx_hal_rcc.c ****     while (__HAL_RCC_GET_SYSCLK_SOURCE() != (RCC_ClkInitStruct->SYSCLKSource << RCC_CFGR_SWS_Pos))
1101:Drivers/STM32H7xx_HAL_Driver/Src/stm32h7xx_hal_rcc.c ****     {
1102:Drivers/STM32H7xx_HAL_Driver/Src/stm32h7xx_hal_rcc.c ****       if ((HAL_GetTick() - tickstart) > CLOCKSWITCH_TIMEOUT_VALUE)
1103:Drivers/STM32H7xx_HAL_Driver/Src/stm32h7xx_hal_rcc.c ****       {
1104:Drivers/STM32H7xx_HAL_Driver/Src/stm32h7xx_hal_rcc.c ****         return HAL_TIMEOUT;
1105:Drivers/STM32H7xx_HAL_Driver/Src/stm32h7xx_hal_rcc.c ****       }
1106:Drivers/STM32H7xx_HAL_Driver/Src/stm32h7xx_hal_rcc.c ****     }
1107:Drivers/STM32H7xx_HAL_Driver/Src/stm32h7xx_hal_rcc.c **** 
1108:Drivers/STM32H7xx_HAL_Driver/Src/stm32h7xx_hal_rcc.c ****   }
1109:Drivers/STM32H7xx_HAL_Driver/Src/stm32h7xx_hal_rcc.c **** 
1110:Drivers/STM32H7xx_HAL_Driver/Src/stm32h7xx_hal_rcc.c ****   /* Decreasing the BUS frequency divider */
1111:Drivers/STM32H7xx_HAL_Driver/Src/stm32h7xx_hal_rcc.c ****   /*-------------------------- HCLK Configuration --------------------------*/
1112:Drivers/STM32H7xx_HAL_Driver/Src/stm32h7xx_hal_rcc.c ****   if (((RCC_ClkInitStruct->ClockType) & RCC_CLOCKTYPE_HCLK) == RCC_CLOCKTYPE_HCLK)
1113:Drivers/STM32H7xx_HAL_Driver/Src/stm32h7xx_hal_rcc.c ****   {
1114:Drivers/STM32H7xx_HAL_Driver/Src/stm32h7xx_hal_rcc.c **** #if defined(RCC_D1CFGR_HPRE)
ARM GAS  C:\Users\l1234\AppData\Local\Temp\cc5S3qmC.s 			page 21


1115:Drivers/STM32H7xx_HAL_Driver/Src/stm32h7xx_hal_rcc.c ****     if ((RCC_ClkInitStruct->AHBCLKDivider) < (RCC->D1CFGR & RCC_D1CFGR_HPRE))
1116:Drivers/STM32H7xx_HAL_Driver/Src/stm32h7xx_hal_rcc.c ****     {
1117:Drivers/STM32H7xx_HAL_Driver/Src/stm32h7xx_hal_rcc.c ****       /* Set the new HCLK clock divider */
1118:Drivers/STM32H7xx_HAL_Driver/Src/stm32h7xx_hal_rcc.c ****       assert_param(IS_RCC_HCLK(RCC_ClkInitStruct->AHBCLKDivider));
1119:Drivers/STM32H7xx_HAL_Driver/Src/stm32h7xx_hal_rcc.c ****       MODIFY_REG(RCC->D1CFGR, RCC_D1CFGR_HPRE, RCC_ClkInitStruct->AHBCLKDivider);
1120:Drivers/STM32H7xx_HAL_Driver/Src/stm32h7xx_hal_rcc.c ****     }
1121:Drivers/STM32H7xx_HAL_Driver/Src/stm32h7xx_hal_rcc.c **** #else
1122:Drivers/STM32H7xx_HAL_Driver/Src/stm32h7xx_hal_rcc.c ****     if ((RCC_ClkInitStruct->AHBCLKDivider) < (RCC->CDCFGR1 & RCC_CDCFGR1_HPRE))
1123:Drivers/STM32H7xx_HAL_Driver/Src/stm32h7xx_hal_rcc.c ****     {
1124:Drivers/STM32H7xx_HAL_Driver/Src/stm32h7xx_hal_rcc.c ****       /* Set the new HCLK clock divider */
1125:Drivers/STM32H7xx_HAL_Driver/Src/stm32h7xx_hal_rcc.c ****       assert_param(IS_RCC_HCLK(RCC_ClkInitStruct->AHBCLKDivider));
1126:Drivers/STM32H7xx_HAL_Driver/Src/stm32h7xx_hal_rcc.c ****       MODIFY_REG(RCC->CDCFGR1, RCC_CDCFGR1_HPRE, RCC_ClkInitStruct->AHBCLKDivider);
1127:Drivers/STM32H7xx_HAL_Driver/Src/stm32h7xx_hal_rcc.c ****     }
1128:Drivers/STM32H7xx_HAL_Driver/Src/stm32h7xx_hal_rcc.c **** #endif
1129:Drivers/STM32H7xx_HAL_Driver/Src/stm32h7xx_hal_rcc.c ****   }
1130:Drivers/STM32H7xx_HAL_Driver/Src/stm32h7xx_hal_rcc.c **** 
1131:Drivers/STM32H7xx_HAL_Driver/Src/stm32h7xx_hal_rcc.c ****   /* Decreasing the number of wait states because of lower CPU frequency */
1132:Drivers/STM32H7xx_HAL_Driver/Src/stm32h7xx_hal_rcc.c ****   if (FLatency < __HAL_FLASH_GET_LATENCY())
1133:Drivers/STM32H7xx_HAL_Driver/Src/stm32h7xx_hal_rcc.c ****   {
1134:Drivers/STM32H7xx_HAL_Driver/Src/stm32h7xx_hal_rcc.c ****     /* Program the new number of wait states to the LATENCY bits in the FLASH_ACR register */
1135:Drivers/STM32H7xx_HAL_Driver/Src/stm32h7xx_hal_rcc.c ****     __HAL_FLASH_SET_LATENCY(FLatency);
1136:Drivers/STM32H7xx_HAL_Driver/Src/stm32h7xx_hal_rcc.c **** 
1137:Drivers/STM32H7xx_HAL_Driver/Src/stm32h7xx_hal_rcc.c ****     /* Check that the new number of wait states is taken into account to access the Flash
1138:Drivers/STM32H7xx_HAL_Driver/Src/stm32h7xx_hal_rcc.c ****     memory by reading the FLASH_ACR register */
1139:Drivers/STM32H7xx_HAL_Driver/Src/stm32h7xx_hal_rcc.c ****     if (__HAL_FLASH_GET_LATENCY() != FLatency)
1140:Drivers/STM32H7xx_HAL_Driver/Src/stm32h7xx_hal_rcc.c ****     {
1141:Drivers/STM32H7xx_HAL_Driver/Src/stm32h7xx_hal_rcc.c ****       return HAL_ERROR;
1142:Drivers/STM32H7xx_HAL_Driver/Src/stm32h7xx_hal_rcc.c ****     }
1143:Drivers/STM32H7xx_HAL_Driver/Src/stm32h7xx_hal_rcc.c ****   }
1144:Drivers/STM32H7xx_HAL_Driver/Src/stm32h7xx_hal_rcc.c **** 
1145:Drivers/STM32H7xx_HAL_Driver/Src/stm32h7xx_hal_rcc.c ****   /*-------------------------- D1PCLK1/CDPCLK Configuration ---------------------------*/
1146:Drivers/STM32H7xx_HAL_Driver/Src/stm32h7xx_hal_rcc.c ****   if (((RCC_ClkInitStruct->ClockType) & RCC_CLOCKTYPE_D1PCLK1) == RCC_CLOCKTYPE_D1PCLK1)
1147:Drivers/STM32H7xx_HAL_Driver/Src/stm32h7xx_hal_rcc.c ****   {
1148:Drivers/STM32H7xx_HAL_Driver/Src/stm32h7xx_hal_rcc.c **** #if defined(RCC_D1CFGR_D1PPRE)
1149:Drivers/STM32H7xx_HAL_Driver/Src/stm32h7xx_hal_rcc.c ****     if ((RCC_ClkInitStruct->APB3CLKDivider) < (RCC->D1CFGR & RCC_D1CFGR_D1PPRE))
1150:Drivers/STM32H7xx_HAL_Driver/Src/stm32h7xx_hal_rcc.c ****     {
1151:Drivers/STM32H7xx_HAL_Driver/Src/stm32h7xx_hal_rcc.c ****       assert_param(IS_RCC_D1PCLK1(RCC_ClkInitStruct->APB3CLKDivider));
1152:Drivers/STM32H7xx_HAL_Driver/Src/stm32h7xx_hal_rcc.c ****       MODIFY_REG(RCC->D1CFGR, RCC_D1CFGR_D1PPRE, RCC_ClkInitStruct->APB3CLKDivider);
1153:Drivers/STM32H7xx_HAL_Driver/Src/stm32h7xx_hal_rcc.c ****     }
1154:Drivers/STM32H7xx_HAL_Driver/Src/stm32h7xx_hal_rcc.c **** #else
1155:Drivers/STM32H7xx_HAL_Driver/Src/stm32h7xx_hal_rcc.c ****     if ((RCC_ClkInitStruct->APB3CLKDivider) < (RCC->CDCFGR1 & RCC_CDCFGR1_CDPPRE))
1156:Drivers/STM32H7xx_HAL_Driver/Src/stm32h7xx_hal_rcc.c ****     {
1157:Drivers/STM32H7xx_HAL_Driver/Src/stm32h7xx_hal_rcc.c ****       assert_param(IS_RCC_CDPCLK1(RCC_ClkInitStruct->APB3CLKDivider));
1158:Drivers/STM32H7xx_HAL_Driver/Src/stm32h7xx_hal_rcc.c ****       MODIFY_REG(RCC->CDCFGR1, RCC_CDCFGR1_CDPPRE, RCC_ClkInitStruct->APB3CLKDivider);
1159:Drivers/STM32H7xx_HAL_Driver/Src/stm32h7xx_hal_rcc.c ****     }
1160:Drivers/STM32H7xx_HAL_Driver/Src/stm32h7xx_hal_rcc.c **** #endif
1161:Drivers/STM32H7xx_HAL_Driver/Src/stm32h7xx_hal_rcc.c ****   }
1162:Drivers/STM32H7xx_HAL_Driver/Src/stm32h7xx_hal_rcc.c **** 
1163:Drivers/STM32H7xx_HAL_Driver/Src/stm32h7xx_hal_rcc.c ****   /*-------------------------- PCLK1 Configuration ---------------------------*/
1164:Drivers/STM32H7xx_HAL_Driver/Src/stm32h7xx_hal_rcc.c ****   if (((RCC_ClkInitStruct->ClockType) & RCC_CLOCKTYPE_PCLK1) == RCC_CLOCKTYPE_PCLK1)
1165:Drivers/STM32H7xx_HAL_Driver/Src/stm32h7xx_hal_rcc.c ****   {
1166:Drivers/STM32H7xx_HAL_Driver/Src/stm32h7xx_hal_rcc.c **** #if defined(RCC_D2CFGR_D2PPRE1)
1167:Drivers/STM32H7xx_HAL_Driver/Src/stm32h7xx_hal_rcc.c ****     if ((RCC_ClkInitStruct->APB1CLKDivider) < (RCC->D2CFGR & RCC_D2CFGR_D2PPRE1))
1168:Drivers/STM32H7xx_HAL_Driver/Src/stm32h7xx_hal_rcc.c ****     {
1169:Drivers/STM32H7xx_HAL_Driver/Src/stm32h7xx_hal_rcc.c ****       assert_param(IS_RCC_PCLK1(RCC_ClkInitStruct->APB1CLKDivider));
1170:Drivers/STM32H7xx_HAL_Driver/Src/stm32h7xx_hal_rcc.c ****       MODIFY_REG(RCC->D2CFGR, RCC_D2CFGR_D2PPRE1, (RCC_ClkInitStruct->APB1CLKDivider));
1171:Drivers/STM32H7xx_HAL_Driver/Src/stm32h7xx_hal_rcc.c ****     }
ARM GAS  C:\Users\l1234\AppData\Local\Temp\cc5S3qmC.s 			page 22


1172:Drivers/STM32H7xx_HAL_Driver/Src/stm32h7xx_hal_rcc.c **** #else
1173:Drivers/STM32H7xx_HAL_Driver/Src/stm32h7xx_hal_rcc.c ****     if ((RCC_ClkInitStruct->APB1CLKDivider) < (RCC->CDCFGR2 & RCC_CDCFGR2_CDPPRE1))
1174:Drivers/STM32H7xx_HAL_Driver/Src/stm32h7xx_hal_rcc.c ****     {
1175:Drivers/STM32H7xx_HAL_Driver/Src/stm32h7xx_hal_rcc.c ****       assert_param(IS_RCC_PCLK1(RCC_ClkInitStruct->APB1CLKDivider));
1176:Drivers/STM32H7xx_HAL_Driver/Src/stm32h7xx_hal_rcc.c ****       MODIFY_REG(RCC->CDCFGR2, RCC_CDCFGR2_CDPPRE1, (RCC_ClkInitStruct->APB1CLKDivider));
1177:Drivers/STM32H7xx_HAL_Driver/Src/stm32h7xx_hal_rcc.c ****     }
1178:Drivers/STM32H7xx_HAL_Driver/Src/stm32h7xx_hal_rcc.c **** #endif
1179:Drivers/STM32H7xx_HAL_Driver/Src/stm32h7xx_hal_rcc.c ****   }
1180:Drivers/STM32H7xx_HAL_Driver/Src/stm32h7xx_hal_rcc.c **** 
1181:Drivers/STM32H7xx_HAL_Driver/Src/stm32h7xx_hal_rcc.c ****   /*-------------------------- PCLK2 Configuration ---------------------------*/
1182:Drivers/STM32H7xx_HAL_Driver/Src/stm32h7xx_hal_rcc.c ****   if (((RCC_ClkInitStruct->ClockType) & RCC_CLOCKTYPE_PCLK2) == RCC_CLOCKTYPE_PCLK2)
1183:Drivers/STM32H7xx_HAL_Driver/Src/stm32h7xx_hal_rcc.c ****   {
1184:Drivers/STM32H7xx_HAL_Driver/Src/stm32h7xx_hal_rcc.c **** #if defined (RCC_D2CFGR_D2PPRE2)
1185:Drivers/STM32H7xx_HAL_Driver/Src/stm32h7xx_hal_rcc.c ****     if ((RCC_ClkInitStruct->APB2CLKDivider) < (RCC->D2CFGR & RCC_D2CFGR_D2PPRE2))
1186:Drivers/STM32H7xx_HAL_Driver/Src/stm32h7xx_hal_rcc.c ****     {
1187:Drivers/STM32H7xx_HAL_Driver/Src/stm32h7xx_hal_rcc.c ****       assert_param(IS_RCC_PCLK2(RCC_ClkInitStruct->APB2CLKDivider));
1188:Drivers/STM32H7xx_HAL_Driver/Src/stm32h7xx_hal_rcc.c ****       MODIFY_REG(RCC->D2CFGR, RCC_D2CFGR_D2PPRE2, (RCC_ClkInitStruct->APB2CLKDivider));
1189:Drivers/STM32H7xx_HAL_Driver/Src/stm32h7xx_hal_rcc.c ****     }
1190:Drivers/STM32H7xx_HAL_Driver/Src/stm32h7xx_hal_rcc.c **** #else
1191:Drivers/STM32H7xx_HAL_Driver/Src/stm32h7xx_hal_rcc.c ****     if ((RCC_ClkInitStruct->APB2CLKDivider) < (RCC->CDCFGR2 & RCC_CDCFGR2_CDPPRE2))
1192:Drivers/STM32H7xx_HAL_Driver/Src/stm32h7xx_hal_rcc.c ****     {
1193:Drivers/STM32H7xx_HAL_Driver/Src/stm32h7xx_hal_rcc.c ****       assert_param(IS_RCC_PCLK2(RCC_ClkInitStruct->APB2CLKDivider));
1194:Drivers/STM32H7xx_HAL_Driver/Src/stm32h7xx_hal_rcc.c ****       MODIFY_REG(RCC->CDCFGR2, RCC_CDCFGR2_CDPPRE2, (RCC_ClkInitStruct->APB2CLKDivider));
1195:Drivers/STM32H7xx_HAL_Driver/Src/stm32h7xx_hal_rcc.c ****     }
1196:Drivers/STM32H7xx_HAL_Driver/Src/stm32h7xx_hal_rcc.c **** #endif
1197:Drivers/STM32H7xx_HAL_Driver/Src/stm32h7xx_hal_rcc.c ****   }
1198:Drivers/STM32H7xx_HAL_Driver/Src/stm32h7xx_hal_rcc.c **** 
1199:Drivers/STM32H7xx_HAL_Driver/Src/stm32h7xx_hal_rcc.c ****   /*-------------------------- D3PCLK1/SRDPCLK1 Configuration ---------------------------*/
1200:Drivers/STM32H7xx_HAL_Driver/Src/stm32h7xx_hal_rcc.c ****   if (((RCC_ClkInitStruct->ClockType) & RCC_CLOCKTYPE_D3PCLK1) == RCC_CLOCKTYPE_D3PCLK1)
1201:Drivers/STM32H7xx_HAL_Driver/Src/stm32h7xx_hal_rcc.c ****   {
1202:Drivers/STM32H7xx_HAL_Driver/Src/stm32h7xx_hal_rcc.c **** #if defined(RCC_D3CFGR_D3PPRE)
1203:Drivers/STM32H7xx_HAL_Driver/Src/stm32h7xx_hal_rcc.c ****     if ((RCC_ClkInitStruct->APB4CLKDivider) < (RCC->D3CFGR & RCC_D3CFGR_D3PPRE))
1204:Drivers/STM32H7xx_HAL_Driver/Src/stm32h7xx_hal_rcc.c ****     {
1205:Drivers/STM32H7xx_HAL_Driver/Src/stm32h7xx_hal_rcc.c ****       assert_param(IS_RCC_D3PCLK1(RCC_ClkInitStruct->APB4CLKDivider));
1206:Drivers/STM32H7xx_HAL_Driver/Src/stm32h7xx_hal_rcc.c ****       MODIFY_REG(RCC->D3CFGR, RCC_D3CFGR_D3PPRE, (RCC_ClkInitStruct->APB4CLKDivider));
1207:Drivers/STM32H7xx_HAL_Driver/Src/stm32h7xx_hal_rcc.c ****     }
1208:Drivers/STM32H7xx_HAL_Driver/Src/stm32h7xx_hal_rcc.c **** #else
1209:Drivers/STM32H7xx_HAL_Driver/Src/stm32h7xx_hal_rcc.c ****     if ((RCC_ClkInitStruct->APB4CLKDivider) < (RCC->SRDCFGR & RCC_SRDCFGR_SRDPPRE))
1210:Drivers/STM32H7xx_HAL_Driver/Src/stm32h7xx_hal_rcc.c ****     {
1211:Drivers/STM32H7xx_HAL_Driver/Src/stm32h7xx_hal_rcc.c ****       assert_param(IS_RCC_SRDPCLK1(RCC_ClkInitStruct->APB4CLKDivider));
1212:Drivers/STM32H7xx_HAL_Driver/Src/stm32h7xx_hal_rcc.c ****       MODIFY_REG(RCC->SRDCFGR, RCC_SRDCFGR_SRDPPRE, (RCC_ClkInitStruct->APB4CLKDivider));
1213:Drivers/STM32H7xx_HAL_Driver/Src/stm32h7xx_hal_rcc.c ****     }
1214:Drivers/STM32H7xx_HAL_Driver/Src/stm32h7xx_hal_rcc.c **** #endif
1215:Drivers/STM32H7xx_HAL_Driver/Src/stm32h7xx_hal_rcc.c ****   }
1216:Drivers/STM32H7xx_HAL_Driver/Src/stm32h7xx_hal_rcc.c **** 
1217:Drivers/STM32H7xx_HAL_Driver/Src/stm32h7xx_hal_rcc.c ****   /* Update the SystemCoreClock global variable */
1218:Drivers/STM32H7xx_HAL_Driver/Src/stm32h7xx_hal_rcc.c **** #if defined(RCC_D1CFGR_D1CPRE)
1219:Drivers/STM32H7xx_HAL_Driver/Src/stm32h7xx_hal_rcc.c ****   common_system_clock = HAL_RCC_GetSysClockFreq() >> ((D1CorePrescTable[(RCC->D1CFGR & RCC_D1CFGR_D
1220:Drivers/STM32H7xx_HAL_Driver/Src/stm32h7xx_hal_rcc.c **** #else
1221:Drivers/STM32H7xx_HAL_Driver/Src/stm32h7xx_hal_rcc.c ****   common_system_clock = HAL_RCC_GetSysClockFreq() >> ((D1CorePrescTable[(RCC->CDCFGR1 & RCC_CDCFGR1
1222:Drivers/STM32H7xx_HAL_Driver/Src/stm32h7xx_hal_rcc.c **** #endif
1223:Drivers/STM32H7xx_HAL_Driver/Src/stm32h7xx_hal_rcc.c **** 
1224:Drivers/STM32H7xx_HAL_Driver/Src/stm32h7xx_hal_rcc.c **** #if defined(RCC_D1CFGR_HPRE)
1225:Drivers/STM32H7xx_HAL_Driver/Src/stm32h7xx_hal_rcc.c ****   SystemD2Clock = (common_system_clock >> ((D1CorePrescTable[(RCC->D1CFGR & RCC_D1CFGR_HPRE) >> RCC
1226:Drivers/STM32H7xx_HAL_Driver/Src/stm32h7xx_hal_rcc.c **** #else
1227:Drivers/STM32H7xx_HAL_Driver/Src/stm32h7xx_hal_rcc.c ****   SystemD2Clock = (common_system_clock >> ((D1CorePrescTable[(RCC->CDCFGR1 & RCC_CDCFGR1_HPRE) >> R
1228:Drivers/STM32H7xx_HAL_Driver/Src/stm32h7xx_hal_rcc.c **** #endif
ARM GAS  C:\Users\l1234\AppData\Local\Temp\cc5S3qmC.s 			page 23


1229:Drivers/STM32H7xx_HAL_Driver/Src/stm32h7xx_hal_rcc.c **** 
1230:Drivers/STM32H7xx_HAL_Driver/Src/stm32h7xx_hal_rcc.c **** #if defined(DUAL_CORE) && defined(CORE_CM4)
1231:Drivers/STM32H7xx_HAL_Driver/Src/stm32h7xx_hal_rcc.c ****   SystemCoreClock = SystemD2Clock;
1232:Drivers/STM32H7xx_HAL_Driver/Src/stm32h7xx_hal_rcc.c **** #else
1233:Drivers/STM32H7xx_HAL_Driver/Src/stm32h7xx_hal_rcc.c ****   SystemCoreClock = common_system_clock;
1234:Drivers/STM32H7xx_HAL_Driver/Src/stm32h7xx_hal_rcc.c **** #endif /* DUAL_CORE && CORE_CM4 */
1235:Drivers/STM32H7xx_HAL_Driver/Src/stm32h7xx_hal_rcc.c **** 
1236:Drivers/STM32H7xx_HAL_Driver/Src/stm32h7xx_hal_rcc.c ****   /* Configure the source of time base considering new system clocks settings*/
1237:Drivers/STM32H7xx_HAL_Driver/Src/stm32h7xx_hal_rcc.c ****   halstatus = HAL_InitTick(uwTickPrio);
1238:Drivers/STM32H7xx_HAL_Driver/Src/stm32h7xx_hal_rcc.c **** 
1239:Drivers/STM32H7xx_HAL_Driver/Src/stm32h7xx_hal_rcc.c ****   return halstatus;
1240:Drivers/STM32H7xx_HAL_Driver/Src/stm32h7xx_hal_rcc.c **** }
1241:Drivers/STM32H7xx_HAL_Driver/Src/stm32h7xx_hal_rcc.c **** 
1242:Drivers/STM32H7xx_HAL_Driver/Src/stm32h7xx_hal_rcc.c **** /**
1243:Drivers/STM32H7xx_HAL_Driver/Src/stm32h7xx_hal_rcc.c ****   * @}
1244:Drivers/STM32H7xx_HAL_Driver/Src/stm32h7xx_hal_rcc.c ****   */
1245:Drivers/STM32H7xx_HAL_Driver/Src/stm32h7xx_hal_rcc.c **** 
1246:Drivers/STM32H7xx_HAL_Driver/Src/stm32h7xx_hal_rcc.c **** /** @defgroup RCC_Exported_Functions_Group2 Peripheral Control functions
1247:Drivers/STM32H7xx_HAL_Driver/Src/stm32h7xx_hal_rcc.c ****  *  @brief   RCC clocks control functions
1248:Drivers/STM32H7xx_HAL_Driver/Src/stm32h7xx_hal_rcc.c ****  *
1249:Drivers/STM32H7xx_HAL_Driver/Src/stm32h7xx_hal_rcc.c **** @verbatim
1250:Drivers/STM32H7xx_HAL_Driver/Src/stm32h7xx_hal_rcc.c ****  ===============================================================================
1251:Drivers/STM32H7xx_HAL_Driver/Src/stm32h7xx_hal_rcc.c ****                       ##### Peripheral Control functions #####
1252:Drivers/STM32H7xx_HAL_Driver/Src/stm32h7xx_hal_rcc.c ****  ===============================================================================
1253:Drivers/STM32H7xx_HAL_Driver/Src/stm32h7xx_hal_rcc.c ****     [..]
1254:Drivers/STM32H7xx_HAL_Driver/Src/stm32h7xx_hal_rcc.c ****     This subsection provides a set of functions allowing to control the RCC Clocks
1255:Drivers/STM32H7xx_HAL_Driver/Src/stm32h7xx_hal_rcc.c ****     frequencies.
1256:Drivers/STM32H7xx_HAL_Driver/Src/stm32h7xx_hal_rcc.c **** 
1257:Drivers/STM32H7xx_HAL_Driver/Src/stm32h7xx_hal_rcc.c **** @endverbatim
1258:Drivers/STM32H7xx_HAL_Driver/Src/stm32h7xx_hal_rcc.c ****   * @{
1259:Drivers/STM32H7xx_HAL_Driver/Src/stm32h7xx_hal_rcc.c ****   */
1260:Drivers/STM32H7xx_HAL_Driver/Src/stm32h7xx_hal_rcc.c **** 
1261:Drivers/STM32H7xx_HAL_Driver/Src/stm32h7xx_hal_rcc.c **** /**
1262:Drivers/STM32H7xx_HAL_Driver/Src/stm32h7xx_hal_rcc.c ****   * @brief  Selects the clock source to output on MCO1 pin(PA8) or on MCO2 pin(PC9).
1263:Drivers/STM32H7xx_HAL_Driver/Src/stm32h7xx_hal_rcc.c ****   * @note   PA8/PC9 should be configured in alternate function mode.
1264:Drivers/STM32H7xx_HAL_Driver/Src/stm32h7xx_hal_rcc.c ****   * @param  RCC_MCOx: specifies the output direction for the clock source.
1265:Drivers/STM32H7xx_HAL_Driver/Src/stm32h7xx_hal_rcc.c ****   *          This parameter can be one of the following values:
1266:Drivers/STM32H7xx_HAL_Driver/Src/stm32h7xx_hal_rcc.c ****   *            @arg RCC_MCO1: Clock source to output on MCO1 pin(PA8).
1267:Drivers/STM32H7xx_HAL_Driver/Src/stm32h7xx_hal_rcc.c ****   *            @arg RCC_MCO2: Clock source to output on MCO2 pin(PC9).
1268:Drivers/STM32H7xx_HAL_Driver/Src/stm32h7xx_hal_rcc.c ****   * @param  RCC_MCOSource: specifies the clock source to output.
1269:Drivers/STM32H7xx_HAL_Driver/Src/stm32h7xx_hal_rcc.c ****   *          This parameter can be one of the following values:
1270:Drivers/STM32H7xx_HAL_Driver/Src/stm32h7xx_hal_rcc.c ****   *            @arg RCC_MCO1SOURCE_HSI: HSI clock selected as MCO1 source
1271:Drivers/STM32H7xx_HAL_Driver/Src/stm32h7xx_hal_rcc.c ****   *            @arg RCC_MCO1SOURCE_LSE: LSE clock selected as MCO1 source
1272:Drivers/STM32H7xx_HAL_Driver/Src/stm32h7xx_hal_rcc.c ****   *            @arg RCC_MCO1SOURCE_HSE: HSE clock selected as MCO1 source
1273:Drivers/STM32H7xx_HAL_Driver/Src/stm32h7xx_hal_rcc.c ****   *            @arg RCC_MCO1SOURCE_PLL1QCLK:  PLL1Q clock selected as MCO1 source
1274:Drivers/STM32H7xx_HAL_Driver/Src/stm32h7xx_hal_rcc.c ****   *            @arg RCC_MCO1SOURCE_HSI48: HSI48 (48MHZ) selected as MCO1 source
1275:Drivers/STM32H7xx_HAL_Driver/Src/stm32h7xx_hal_rcc.c ****   *            @arg RCC_MCO2SOURCE_SYSCLK: System clock (SYSCLK) selected as MCO2 source
1276:Drivers/STM32H7xx_HAL_Driver/Src/stm32h7xx_hal_rcc.c ****   *            @arg RCC_MCO2SOURCE_PLL2PCLK: PLL2P clock selected as MCO2 source
1277:Drivers/STM32H7xx_HAL_Driver/Src/stm32h7xx_hal_rcc.c ****   *            @arg RCC_MCO2SOURCE_HSE: HSE clock selected as MCO2 source
1278:Drivers/STM32H7xx_HAL_Driver/Src/stm32h7xx_hal_rcc.c ****   *            @arg RCC_MCO2SOURCE_PLLCLK:  PLL1P clock selected as MCO2 source
1279:Drivers/STM32H7xx_HAL_Driver/Src/stm32h7xx_hal_rcc.c ****   *            @arg RCC_MCO2SOURCE_CSICLK:  CSI clock selected as MCO2 source
1280:Drivers/STM32H7xx_HAL_Driver/Src/stm32h7xx_hal_rcc.c ****   *            @arg RCC_MCO2SOURCE_LSICLK:  LSI clock selected as MCO2 source
1281:Drivers/STM32H7xx_HAL_Driver/Src/stm32h7xx_hal_rcc.c ****   * @param  RCC_MCODiv: specifies the MCOx pre-scaler.
1282:Drivers/STM32H7xx_HAL_Driver/Src/stm32h7xx_hal_rcc.c ****   *          This parameter can be one of the following values:
1283:Drivers/STM32H7xx_HAL_Driver/Src/stm32h7xx_hal_rcc.c ****   *            @arg RCC_MCODIV_1 up to RCC_MCODIV_15  : divider applied to MCOx clock
1284:Drivers/STM32H7xx_HAL_Driver/Src/stm32h7xx_hal_rcc.c ****   * @retval None
1285:Drivers/STM32H7xx_HAL_Driver/Src/stm32h7xx_hal_rcc.c ****   */
ARM GAS  C:\Users\l1234\AppData\Local\Temp\cc5S3qmC.s 			page 24


1286:Drivers/STM32H7xx_HAL_Driver/Src/stm32h7xx_hal_rcc.c **** void HAL_RCC_MCOConfig(uint32_t RCC_MCOx, uint32_t RCC_MCOSource, uint32_t RCC_MCODiv)
1287:Drivers/STM32H7xx_HAL_Driver/Src/stm32h7xx_hal_rcc.c **** {
1288:Drivers/STM32H7xx_HAL_Driver/Src/stm32h7xx_hal_rcc.c ****   GPIO_InitTypeDef GPIO_InitStruct;
1289:Drivers/STM32H7xx_HAL_Driver/Src/stm32h7xx_hal_rcc.c ****   /* Check the parameters */
1290:Drivers/STM32H7xx_HAL_Driver/Src/stm32h7xx_hal_rcc.c ****   assert_param(IS_RCC_MCO(RCC_MCOx));
1291:Drivers/STM32H7xx_HAL_Driver/Src/stm32h7xx_hal_rcc.c ****   assert_param(IS_RCC_MCODIV(RCC_MCODiv));
1292:Drivers/STM32H7xx_HAL_Driver/Src/stm32h7xx_hal_rcc.c ****   /* RCC_MCO1 */
1293:Drivers/STM32H7xx_HAL_Driver/Src/stm32h7xx_hal_rcc.c ****   if (RCC_MCOx == RCC_MCO1)
1294:Drivers/STM32H7xx_HAL_Driver/Src/stm32h7xx_hal_rcc.c ****   {
1295:Drivers/STM32H7xx_HAL_Driver/Src/stm32h7xx_hal_rcc.c ****     assert_param(IS_RCC_MCO1SOURCE(RCC_MCOSource));
1296:Drivers/STM32H7xx_HAL_Driver/Src/stm32h7xx_hal_rcc.c **** 
1297:Drivers/STM32H7xx_HAL_Driver/Src/stm32h7xx_hal_rcc.c ****     /* MCO1 Clock Enable */
1298:Drivers/STM32H7xx_HAL_Driver/Src/stm32h7xx_hal_rcc.c ****     MCO1_CLK_ENABLE();
1299:Drivers/STM32H7xx_HAL_Driver/Src/stm32h7xx_hal_rcc.c **** 
1300:Drivers/STM32H7xx_HAL_Driver/Src/stm32h7xx_hal_rcc.c ****     /* Configure the MCO1 pin in alternate function mode */
1301:Drivers/STM32H7xx_HAL_Driver/Src/stm32h7xx_hal_rcc.c ****     GPIO_InitStruct.Pin = MCO1_PIN;
1302:Drivers/STM32H7xx_HAL_Driver/Src/stm32h7xx_hal_rcc.c ****     GPIO_InitStruct.Mode = GPIO_MODE_AF_PP;
1303:Drivers/STM32H7xx_HAL_Driver/Src/stm32h7xx_hal_rcc.c ****     GPIO_InitStruct.Speed = GPIO_SPEED_FREQ_VERY_HIGH;
1304:Drivers/STM32H7xx_HAL_Driver/Src/stm32h7xx_hal_rcc.c ****     GPIO_InitStruct.Pull = GPIO_NOPULL;
1305:Drivers/STM32H7xx_HAL_Driver/Src/stm32h7xx_hal_rcc.c ****     GPIO_InitStruct.Alternate = GPIO_AF0_MCO;
1306:Drivers/STM32H7xx_HAL_Driver/Src/stm32h7xx_hal_rcc.c ****     HAL_GPIO_Init(MCO1_GPIO_PORT, &GPIO_InitStruct);
1307:Drivers/STM32H7xx_HAL_Driver/Src/stm32h7xx_hal_rcc.c **** 
1308:Drivers/STM32H7xx_HAL_Driver/Src/stm32h7xx_hal_rcc.c ****     /* Mask MCO1 and MCO1PRE[3:0] bits then Select MCO1 clock source and pre-scaler */
1309:Drivers/STM32H7xx_HAL_Driver/Src/stm32h7xx_hal_rcc.c ****     MODIFY_REG(RCC->CFGR, (RCC_CFGR_MCO1 | RCC_CFGR_MCO1PRE), (RCC_MCOSource | RCC_MCODiv));
1310:Drivers/STM32H7xx_HAL_Driver/Src/stm32h7xx_hal_rcc.c ****   }
1311:Drivers/STM32H7xx_HAL_Driver/Src/stm32h7xx_hal_rcc.c ****   else
1312:Drivers/STM32H7xx_HAL_Driver/Src/stm32h7xx_hal_rcc.c ****   {
1313:Drivers/STM32H7xx_HAL_Driver/Src/stm32h7xx_hal_rcc.c ****     assert_param(IS_RCC_MCO2SOURCE(RCC_MCOSource));
1314:Drivers/STM32H7xx_HAL_Driver/Src/stm32h7xx_hal_rcc.c **** 
1315:Drivers/STM32H7xx_HAL_Driver/Src/stm32h7xx_hal_rcc.c ****     /* MCO2 Clock Enable */
1316:Drivers/STM32H7xx_HAL_Driver/Src/stm32h7xx_hal_rcc.c ****     MCO2_CLK_ENABLE();
1317:Drivers/STM32H7xx_HAL_Driver/Src/stm32h7xx_hal_rcc.c **** 
1318:Drivers/STM32H7xx_HAL_Driver/Src/stm32h7xx_hal_rcc.c ****     /* Configure the MCO2 pin in alternate function mode */
1319:Drivers/STM32H7xx_HAL_Driver/Src/stm32h7xx_hal_rcc.c ****     GPIO_InitStruct.Pin = MCO2_PIN;
1320:Drivers/STM32H7xx_HAL_Driver/Src/stm32h7xx_hal_rcc.c ****     GPIO_InitStruct.Mode = GPIO_MODE_AF_PP;
1321:Drivers/STM32H7xx_HAL_Driver/Src/stm32h7xx_hal_rcc.c ****     GPIO_InitStruct.Speed = GPIO_SPEED_FREQ_VERY_HIGH;
1322:Drivers/STM32H7xx_HAL_Driver/Src/stm32h7xx_hal_rcc.c ****     GPIO_InitStruct.Pull = GPIO_NOPULL;
1323:Drivers/STM32H7xx_HAL_Driver/Src/stm32h7xx_hal_rcc.c ****     GPIO_InitStruct.Alternate = GPIO_AF0_MCO;
1324:Drivers/STM32H7xx_HAL_Driver/Src/stm32h7xx_hal_rcc.c ****     HAL_GPIO_Init(MCO2_GPIO_PORT, &GPIO_InitStruct);
1325:Drivers/STM32H7xx_HAL_Driver/Src/stm32h7xx_hal_rcc.c **** 
1326:Drivers/STM32H7xx_HAL_Driver/Src/stm32h7xx_hal_rcc.c ****     /* Mask MCO2 and MCO2PRE[3:0] bits then Select MCO2 clock source and pre-scaler */
1327:Drivers/STM32H7xx_HAL_Driver/Src/stm32h7xx_hal_rcc.c ****     MODIFY_REG(RCC->CFGR, (RCC_CFGR_MCO2 | RCC_CFGR_MCO2PRE), (RCC_MCOSource | (RCC_MCODiv << 7U)))
1328:Drivers/STM32H7xx_HAL_Driver/Src/stm32h7xx_hal_rcc.c ****   }
1329:Drivers/STM32H7xx_HAL_Driver/Src/stm32h7xx_hal_rcc.c **** }
1330:Drivers/STM32H7xx_HAL_Driver/Src/stm32h7xx_hal_rcc.c **** 
1331:Drivers/STM32H7xx_HAL_Driver/Src/stm32h7xx_hal_rcc.c **** /**
1332:Drivers/STM32H7xx_HAL_Driver/Src/stm32h7xx_hal_rcc.c ****   * @brief  Enables the Clock Security System.
1333:Drivers/STM32H7xx_HAL_Driver/Src/stm32h7xx_hal_rcc.c ****   * @note   If a failure is detected on the HSE oscillator clock, this oscillator
1334:Drivers/STM32H7xx_HAL_Driver/Src/stm32h7xx_hal_rcc.c ****   *         is automatically disabled and an interrupt is generated to inform the
1335:Drivers/STM32H7xx_HAL_Driver/Src/stm32h7xx_hal_rcc.c ****   *         software about the failure (Clock Security System Interrupt, CSSI),
1336:Drivers/STM32H7xx_HAL_Driver/Src/stm32h7xx_hal_rcc.c ****   *         allowing the MCU to perform rescue operations. The CSSI is linked to
1337:Drivers/STM32H7xx_HAL_Driver/Src/stm32h7xx_hal_rcc.c ****   *         the Cortex-M NMI (Non-Mask-able Interrupt) exception vector.
1338:Drivers/STM32H7xx_HAL_Driver/Src/stm32h7xx_hal_rcc.c ****   * @retval None
1339:Drivers/STM32H7xx_HAL_Driver/Src/stm32h7xx_hal_rcc.c ****   */
1340:Drivers/STM32H7xx_HAL_Driver/Src/stm32h7xx_hal_rcc.c **** void HAL_RCC_EnableCSS(void)
1341:Drivers/STM32H7xx_HAL_Driver/Src/stm32h7xx_hal_rcc.c **** {
1342:Drivers/STM32H7xx_HAL_Driver/Src/stm32h7xx_hal_rcc.c ****   SET_BIT(RCC->CR, RCC_CR_CSSHSEON) ;
ARM GAS  C:\Users\l1234\AppData\Local\Temp\cc5S3qmC.s 			page 25


1343:Drivers/STM32H7xx_HAL_Driver/Src/stm32h7xx_hal_rcc.c **** }
1344:Drivers/STM32H7xx_HAL_Driver/Src/stm32h7xx_hal_rcc.c **** 
1345:Drivers/STM32H7xx_HAL_Driver/Src/stm32h7xx_hal_rcc.c **** /**
1346:Drivers/STM32H7xx_HAL_Driver/Src/stm32h7xx_hal_rcc.c ****   * @brief  Disables the Clock Security System.
1347:Drivers/STM32H7xx_HAL_Driver/Src/stm32h7xx_hal_rcc.c ****   * @retval None
1348:Drivers/STM32H7xx_HAL_Driver/Src/stm32h7xx_hal_rcc.c ****   */
1349:Drivers/STM32H7xx_HAL_Driver/Src/stm32h7xx_hal_rcc.c **** void HAL_RCC_DisableCSS(void)
1350:Drivers/STM32H7xx_HAL_Driver/Src/stm32h7xx_hal_rcc.c **** {
1351:Drivers/STM32H7xx_HAL_Driver/Src/stm32h7xx_hal_rcc.c ****   CLEAR_BIT(RCC->CR, RCC_CR_CSSHSEON);
1352:Drivers/STM32H7xx_HAL_Driver/Src/stm32h7xx_hal_rcc.c **** }
1353:Drivers/STM32H7xx_HAL_Driver/Src/stm32h7xx_hal_rcc.c **** 
1354:Drivers/STM32H7xx_HAL_Driver/Src/stm32h7xx_hal_rcc.c **** /**
1355:Drivers/STM32H7xx_HAL_Driver/Src/stm32h7xx_hal_rcc.c ****   * @brief  Returns the SYSCLK frequency
1356:Drivers/STM32H7xx_HAL_Driver/Src/stm32h7xx_hal_rcc.c ****   *
1357:Drivers/STM32H7xx_HAL_Driver/Src/stm32h7xx_hal_rcc.c ****   * @note   The system frequency computed by this function is not the real
1358:Drivers/STM32H7xx_HAL_Driver/Src/stm32h7xx_hal_rcc.c ****   *         frequency in the chip. It is calculated based on the predefined
1359:Drivers/STM32H7xx_HAL_Driver/Src/stm32h7xx_hal_rcc.c ****   *         constant and the selected clock source:
1360:Drivers/STM32H7xx_HAL_Driver/Src/stm32h7xx_hal_rcc.c ****   * @note     If SYSCLK source is CSI, function returns values based on CSI_VALUE(*)
1361:Drivers/STM32H7xx_HAL_Driver/Src/stm32h7xx_hal_rcc.c ****   * @note     If SYSCLK source is HSI, function returns values based on HSI_VALUE(**)
1362:Drivers/STM32H7xx_HAL_Driver/Src/stm32h7xx_hal_rcc.c ****   * @note     If SYSCLK source is HSE, function returns values based on HSE_VALUE(***)
1363:Drivers/STM32H7xx_HAL_Driver/Src/stm32h7xx_hal_rcc.c ****   * @note     If SYSCLK source is PLL, function returns values based on CSI_VALUE(*),
1364:Drivers/STM32H7xx_HAL_Driver/Src/stm32h7xx_hal_rcc.c ****   *           HSI_VALUE(**) or HSE_VALUE(***) multiplied/divided by the PLL factors.
1365:Drivers/STM32H7xx_HAL_Driver/Src/stm32h7xx_hal_rcc.c ****   * @note     (*) CSI_VALUE is a constant defined in stm32h7xx_hal_conf.h file (default value
1366:Drivers/STM32H7xx_HAL_Driver/Src/stm32h7xx_hal_rcc.c ****   *               4 MHz) but the real value may vary depending on the variations
1367:Drivers/STM32H7xx_HAL_Driver/Src/stm32h7xx_hal_rcc.c ****   *               in voltage and temperature.
1368:Drivers/STM32H7xx_HAL_Driver/Src/stm32h7xx_hal_rcc.c ****   * @note     (**) HSI_VALUE is a constant defined in stm32h7xx_hal_conf.h file (default value
1369:Drivers/STM32H7xx_HAL_Driver/Src/stm32h7xx_hal_rcc.c ****   *               64 MHz) but the real value may vary depending on the variations
1370:Drivers/STM32H7xx_HAL_Driver/Src/stm32h7xx_hal_rcc.c ****   *               in voltage and temperature.
1371:Drivers/STM32H7xx_HAL_Driver/Src/stm32h7xx_hal_rcc.c ****   * @note     (***) HSE_VALUE is a constant defined in stm32h7xx_hal_conf.h file (default value
1372:Drivers/STM32H7xx_HAL_Driver/Src/stm32h7xx_hal_rcc.c ****   *                25 MHz), user has to ensure that HSE_VALUE is same as the real
1373:Drivers/STM32H7xx_HAL_Driver/Src/stm32h7xx_hal_rcc.c ****   *                frequency of the crystal used. Otherwise, this function may
1374:Drivers/STM32H7xx_HAL_Driver/Src/stm32h7xx_hal_rcc.c ****   *                have wrong result.
1375:Drivers/STM32H7xx_HAL_Driver/Src/stm32h7xx_hal_rcc.c ****   *
1376:Drivers/STM32H7xx_HAL_Driver/Src/stm32h7xx_hal_rcc.c ****   * @note   The result of this function could be not correct when using fractional
1377:Drivers/STM32H7xx_HAL_Driver/Src/stm32h7xx_hal_rcc.c ****   *         value for HSE crystal.
1378:Drivers/STM32H7xx_HAL_Driver/Src/stm32h7xx_hal_rcc.c ****   *
1379:Drivers/STM32H7xx_HAL_Driver/Src/stm32h7xx_hal_rcc.c ****   * @note   This function can be used by the user application to compute the
1380:Drivers/STM32H7xx_HAL_Driver/Src/stm32h7xx_hal_rcc.c ****   *         baud rate for the communication peripherals or configure other parameters.
1381:Drivers/STM32H7xx_HAL_Driver/Src/stm32h7xx_hal_rcc.c ****   *
1382:Drivers/STM32H7xx_HAL_Driver/Src/stm32h7xx_hal_rcc.c ****   * @note   Each time SYSCLK changes, this function must be called to update the
1383:Drivers/STM32H7xx_HAL_Driver/Src/stm32h7xx_hal_rcc.c ****   *         right SYSCLK value. Otherwise, any configuration based on this function will be incorre
1384:Drivers/STM32H7xx_HAL_Driver/Src/stm32h7xx_hal_rcc.c ****   *
1385:Drivers/STM32H7xx_HAL_Driver/Src/stm32h7xx_hal_rcc.c ****   *
1386:Drivers/STM32H7xx_HAL_Driver/Src/stm32h7xx_hal_rcc.c ****   * @retval SYSCLK frequency
1387:Drivers/STM32H7xx_HAL_Driver/Src/stm32h7xx_hal_rcc.c ****   */
1388:Drivers/STM32H7xx_HAL_Driver/Src/stm32h7xx_hal_rcc.c **** uint32_t HAL_RCC_GetSysClockFreq(void)
  28              		.loc 1 1388 10 view -0
  29              		.cfi_startproc
  30              		@ args = 0, pretend = 0, frame = 0
  31              		@ frame_needed = 0, uses_anonymous_args = 0
  32              		@ link register save eliminated.
1389:Drivers/STM32H7xx_HAL_Driver/Src/stm32h7xx_hal_rcc.c **** {
1390:Drivers/STM32H7xx_HAL_Driver/Src/stm32h7xx_hal_rcc.c ****   uint32_t pllp, pllsource, pllm, pllfracen, hsivalue;
1391:Drivers/STM32H7xx_HAL_Driver/Src/stm32h7xx_hal_rcc.c ****   float_t fracn1, pllvco;
1392:Drivers/STM32H7xx_HAL_Driver/Src/stm32h7xx_hal_rcc.c ****   uint32_t sysclockfreq;
1393:Drivers/STM32H7xx_HAL_Driver/Src/stm32h7xx_hal_rcc.c **** 
1394:Drivers/STM32H7xx_HAL_Driver/Src/stm32h7xx_hal_rcc.c ****   /* Get SYSCLK source -------------------------------------------------------*/
ARM GAS  C:\Users\l1234\AppData\Local\Temp\cc5S3qmC.s 			page 26


1395:Drivers/STM32H7xx_HAL_Driver/Src/stm32h7xx_hal_rcc.c **** 
1396:Drivers/STM32H7xx_HAL_Driver/Src/stm32h7xx_hal_rcc.c ****   switch (RCC->CFGR & RCC_CFGR_SWS)
1397:Drivers/STM32H7xx_HAL_Driver/Src/stm32h7xx_hal_rcc.c ****   {
1398:Drivers/STM32H7xx_HAL_Driver/Src/stm32h7xx_hal_rcc.c ****     case RCC_CFGR_SWS_HSI:  /* HSI used as system clock source */
1399:Drivers/STM32H7xx_HAL_Driver/Src/stm32h7xx_hal_rcc.c **** 
1400:Drivers/STM32H7xx_HAL_Driver/Src/stm32h7xx_hal_rcc.c ****       if (__HAL_RCC_GET_FLAG(RCC_FLAG_HSIDIV) != 0U)
1401:Drivers/STM32H7xx_HAL_Driver/Src/stm32h7xx_hal_rcc.c ****       {
1402:Drivers/STM32H7xx_HAL_Driver/Src/stm32h7xx_hal_rcc.c ****         sysclockfreq = (uint32_t)(HSI_VALUE >> (__HAL_RCC_GET_HSI_DIVIDER() >> 3));
1403:Drivers/STM32H7xx_HAL_Driver/Src/stm32h7xx_hal_rcc.c ****       }
1404:Drivers/STM32H7xx_HAL_Driver/Src/stm32h7xx_hal_rcc.c ****       else
1405:Drivers/STM32H7xx_HAL_Driver/Src/stm32h7xx_hal_rcc.c ****       {
1406:Drivers/STM32H7xx_HAL_Driver/Src/stm32h7xx_hal_rcc.c ****         sysclockfreq = (uint32_t) HSI_VALUE;
1407:Drivers/STM32H7xx_HAL_Driver/Src/stm32h7xx_hal_rcc.c ****       }
1408:Drivers/STM32H7xx_HAL_Driver/Src/stm32h7xx_hal_rcc.c **** 
1409:Drivers/STM32H7xx_HAL_Driver/Src/stm32h7xx_hal_rcc.c ****       break;
1410:Drivers/STM32H7xx_HAL_Driver/Src/stm32h7xx_hal_rcc.c **** 
1411:Drivers/STM32H7xx_HAL_Driver/Src/stm32h7xx_hal_rcc.c ****     case RCC_CFGR_SWS_CSI:  /* CSI used as system clock  source */
1412:Drivers/STM32H7xx_HAL_Driver/Src/stm32h7xx_hal_rcc.c ****       sysclockfreq = CSI_VALUE;
1413:Drivers/STM32H7xx_HAL_Driver/Src/stm32h7xx_hal_rcc.c ****       break;
1414:Drivers/STM32H7xx_HAL_Driver/Src/stm32h7xx_hal_rcc.c **** 
1415:Drivers/STM32H7xx_HAL_Driver/Src/stm32h7xx_hal_rcc.c ****     case RCC_CFGR_SWS_HSE:  /* HSE used as system clock  source */
1416:Drivers/STM32H7xx_HAL_Driver/Src/stm32h7xx_hal_rcc.c ****       sysclockfreq = HSE_VALUE;
1417:Drivers/STM32H7xx_HAL_Driver/Src/stm32h7xx_hal_rcc.c ****       break;
1418:Drivers/STM32H7xx_HAL_Driver/Src/stm32h7xx_hal_rcc.c **** 
1419:Drivers/STM32H7xx_HAL_Driver/Src/stm32h7xx_hal_rcc.c ****     case RCC_CFGR_SWS_PLL1:  /* PLL1 used as system clock  source */
1420:Drivers/STM32H7xx_HAL_Driver/Src/stm32h7xx_hal_rcc.c **** 
1421:Drivers/STM32H7xx_HAL_Driver/Src/stm32h7xx_hal_rcc.c ****       /* PLL_VCO = (HSE_VALUE or HSI_VALUE or CSI_VALUE/ PLLM) * PLLN
1422:Drivers/STM32H7xx_HAL_Driver/Src/stm32h7xx_hal_rcc.c ****       SYSCLK = PLL_VCO / PLLR
1423:Drivers/STM32H7xx_HAL_Driver/Src/stm32h7xx_hal_rcc.c ****       */
1424:Drivers/STM32H7xx_HAL_Driver/Src/stm32h7xx_hal_rcc.c ****       pllsource = (RCC->PLLCKSELR & RCC_PLLCKSELR_PLLSRC);
  33              		.loc 1 1424 7 view .LVU1
  34              		.loc 1 1424 23 is_stmt 0 view .LVU2
  35 0000 334B     		ldr	r3, .L15
1388:Drivers/STM32H7xx_HAL_Driver/Src/stm32h7xx_hal_rcc.c **** {
  36              		.loc 1 1388 10 view .LVU3
  37 0002 30B4     		push	{r4, r5}
  38              	.LCFI0:
  39              		.cfi_def_cfa_offset 8
  40              		.cfi_offset 4, -8
  41              		.cfi_offset 5, -4
  42              		.loc 1 1424 23 view .LVU4
  43 0004 996A     		ldr	r1, [r3, #40]
  44              	.LVL0:
1425:Drivers/STM32H7xx_HAL_Driver/Src/stm32h7xx_hal_rcc.c ****       pllm = ((RCC->PLLCKSELR & RCC_PLLCKSELR_DIVM1) >> 4)  ;
  45              		.loc 1 1425 7 is_stmt 1 view .LVU5
  46              		.loc 1 1425 19 is_stmt 0 view .LVU6
  47 0006 9C6A     		ldr	r4, [r3, #40]
1426:Drivers/STM32H7xx_HAL_Driver/Src/stm32h7xx_hal_rcc.c ****       pllfracen = ((RCC-> PLLCFGR & RCC_PLLCFGR_PLL1FRACEN) >> RCC_PLLCFGR_PLL1FRACEN_Pos);
  48              		.loc 1 1426 24 view .LVU7
  49 0008 DD6A     		ldr	r5, [r3, #44]
1427:Drivers/STM32H7xx_HAL_Driver/Src/stm32h7xx_hal_rcc.c ****       fracn1 = (float_t)(uint32_t)(pllfracen * ((RCC->PLL1FRACR & RCC_PLL1FRACR_FRACN1) >> 3));
1428:Drivers/STM32H7xx_HAL_Driver/Src/stm32h7xx_hal_rcc.c **** 
1429:Drivers/STM32H7xx_HAL_Driver/Src/stm32h7xx_hal_rcc.c ****       if (pllm != 0U)
  50              		.loc 1 1429 10 view .LVU8
  51 000a 14F47C7F 		tst	r4, #1008
1427:Drivers/STM32H7xx_HAL_Driver/Src/stm32h7xx_hal_rcc.c ****       fracn1 = (float_t)(uint32_t)(pllfracen * ((RCC->PLL1FRACR & RCC_PLL1FRACR_FRACN1) >> 3));
  52              		.loc 1 1427 53 view .LVU9
ARM GAS  C:\Users\l1234\AppData\Local\Temp\cc5S3qmC.s 			page 27


  53 000e 5A6B     		ldr	r2, [r3, #52]
1425:Drivers/STM32H7xx_HAL_Driver/Src/stm32h7xx_hal_rcc.c ****       pllfracen = ((RCC-> PLLCFGR & RCC_PLLCFGR_PLL1FRACEN) >> RCC_PLLCFGR_PLL1FRACEN_Pos);
  54              		.loc 1 1425 12 view .LVU10
  55 0010 C4F30510 		ubfx	r0, r4, #4, #6
  56              	.LVL1:
1426:Drivers/STM32H7xx_HAL_Driver/Src/stm32h7xx_hal_rcc.c ****       pllfracen = ((RCC-> PLLCFGR & RCC_PLLCFGR_PLL1FRACEN) >> RCC_PLLCFGR_PLL1FRACEN_Pos);
  57              		.loc 1 1426 7 is_stmt 1 view .LVU11
1427:Drivers/STM32H7xx_HAL_Driver/Src/stm32h7xx_hal_rcc.c ****       fracn1 = (float_t)(uint32_t)(pllfracen * ((RCC->PLL1FRACR & RCC_PLL1FRACR_FRACN1) >> 3));
  58              		.loc 1 1427 7 view .LVU12
  59              		.loc 1 1429 7 view .LVU13
  60              		.loc 1 1429 10 is_stmt 0 view .LVU14
  61 0014 36D0     		beq	.L1
1430:Drivers/STM32H7xx_HAL_Driver/Src/stm32h7xx_hal_rcc.c ****       {
1431:Drivers/STM32H7xx_HAL_Driver/Src/stm32h7xx_hal_rcc.c ****         switch (pllsource)
  62              		.loc 1 1431 9 is_stmt 1 view .LVU15
1427:Drivers/STM32H7xx_HAL_Driver/Src/stm32h7xx_hal_rcc.c **** 
  63              		.loc 1 1427 89 is_stmt 0 view .LVU16
  64 0016 C2F3CC02 		ubfx	r2, r2, #3, #13
  65              	.LVL2:
1426:Drivers/STM32H7xx_HAL_Driver/Src/stm32h7xx_hal_rcc.c ****       fracn1 = (float_t)(uint32_t)(pllfracen * ((RCC->PLL1FRACR & RCC_PLL1FRACR_FRACN1) >> 3));
  66              		.loc 1 1426 17 view .LVU17
  67 001a 05F00105 		and	r5, r5, #1
  68              	.LVL3:
1424:Drivers/STM32H7xx_HAL_Driver/Src/stm32h7xx_hal_rcc.c ****       pllm = ((RCC->PLLCKSELR & RCC_PLLCKSELR_DIVM1) >> 4)  ;
  69              		.loc 1 1424 17 view .LVU18
  70 001e 01F00301 		and	r1, r1, #3
  71              	.LVL4:
1432:Drivers/STM32H7xx_HAL_Driver/Src/stm32h7xx_hal_rcc.c ****         {
1433:Drivers/STM32H7xx_HAL_Driver/Src/stm32h7xx_hal_rcc.c ****           case RCC_PLLSOURCE_HSI:  /* HSI used as PLL clock source */
1434:Drivers/STM32H7xx_HAL_Driver/Src/stm32h7xx_hal_rcc.c **** 
1435:Drivers/STM32H7xx_HAL_Driver/Src/stm32h7xx_hal_rcc.c ****             if (__HAL_RCC_GET_FLAG(RCC_FLAG_HSIDIV) != 0U)
1436:Drivers/STM32H7xx_HAL_Driver/Src/stm32h7xx_hal_rcc.c ****             {
1437:Drivers/STM32H7xx_HAL_Driver/Src/stm32h7xx_hal_rcc.c ****               hsivalue = (HSI_VALUE >> (__HAL_RCC_GET_HSI_DIVIDER() >> 3));
1438:Drivers/STM32H7xx_HAL_Driver/Src/stm32h7xx_hal_rcc.c ****               pllvco = ((float_t)hsivalue / (float_t)pllm) * ((float_t)(uint32_t)(RCC->PLL1DIVR & R
  72              		.loc 1 1438 45 view .LVU19
  73 0022 07EE900A 		vmov	s15, r0	@ int
1427:Drivers/STM32H7xx_HAL_Driver/Src/stm32h7xx_hal_rcc.c **** 
  74              		.loc 1 1427 25 view .LVU20
  75 0026 05FB02F2 		mul	r2, r5, r2
  76 002a 0129     		cmp	r1, #1
  77              		.loc 1 1438 45 view .LVU21
  78 002c B8EEE77A 		vcvt.f32.s32	s14, s15
  79              		.loc 1 1438 126 view .LVU22
  80 0030 06EE902A 		vmov	s13, r2	@ int
  81 0034 FAEEE96A 		vcvt.f32.s32	s13, s13, #13
  82 0038 02D0     		beq	.L5
  83 003a 0229     		cmp	r1, #2
  84 003c 42D0     		beq	.L4
  85 003e 19B3     		cbz	r1, .L14
  86              	.L5:
1439:Drivers/STM32H7xx_HAL_Driver/Src/stm32h7xx_hal_rcc.c ****             }
1440:Drivers/STM32H7xx_HAL_Driver/Src/stm32h7xx_hal_rcc.c ****             else
1441:Drivers/STM32H7xx_HAL_Driver/Src/stm32h7xx_hal_rcc.c ****             {
1442:Drivers/STM32H7xx_HAL_Driver/Src/stm32h7xx_hal_rcc.c ****               pllvco = ((float_t)HSI_VALUE / (float_t)pllm) * ((float_t)(uint32_t)(RCC->PLL1DIVR & 
1443:Drivers/STM32H7xx_HAL_Driver/Src/stm32h7xx_hal_rcc.c ****             }
1444:Drivers/STM32H7xx_HAL_Driver/Src/stm32h7xx_hal_rcc.c ****             break;
1445:Drivers/STM32H7xx_HAL_Driver/Src/stm32h7xx_hal_rcc.c **** 
ARM GAS  C:\Users\l1234\AppData\Local\Temp\cc5S3qmC.s 			page 28


1446:Drivers/STM32H7xx_HAL_Driver/Src/stm32h7xx_hal_rcc.c ****           case RCC_PLLSOURCE_CSI:  /* CSI used as PLL clock source */
1447:Drivers/STM32H7xx_HAL_Driver/Src/stm32h7xx_hal_rcc.c ****             pllvco = ((float_t)CSI_VALUE / (float_t)pllm) * ((float_t)(uint32_t)(RCC->PLL1DIVR & RC
1448:Drivers/STM32H7xx_HAL_Driver/Src/stm32h7xx_hal_rcc.c ****             break;
1449:Drivers/STM32H7xx_HAL_Driver/Src/stm32h7xx_hal_rcc.c **** 
1450:Drivers/STM32H7xx_HAL_Driver/Src/stm32h7xx_hal_rcc.c ****           case RCC_PLLSOURCE_HSE:  /* HSE used as PLL clock source */
1451:Drivers/STM32H7xx_HAL_Driver/Src/stm32h7xx_hal_rcc.c ****             pllvco = ((float_t)HSE_VALUE / (float_t)pllm) * ((float_t)(uint32_t)(RCC->PLL1DIVR & RC
1452:Drivers/STM32H7xx_HAL_Driver/Src/stm32h7xx_hal_rcc.c ****             break;
1453:Drivers/STM32H7xx_HAL_Driver/Src/stm32h7xx_hal_rcc.c **** 
1454:Drivers/STM32H7xx_HAL_Driver/Src/stm32h7xx_hal_rcc.c ****           default:
1455:Drivers/STM32H7xx_HAL_Driver/Src/stm32h7xx_hal_rcc.c ****             pllvco = ((float_t)CSI_VALUE / (float_t)pllm) * ((float_t)(uint32_t)(RCC->PLL1DIVR & RC
  87              		.loc 1 1455 13 is_stmt 1 view .LVU23
  88              		.loc 1 1455 42 is_stmt 0 view .LVU24
  89 0040 DFED247A 		vldr.32	s15, .L15+4
  90              	.L12:
  91 0044 87EE876A 		vdiv.f32	s12, s15, s14
  92              		.loc 1 1455 85 view .LVU25
  93 0048 1B6B     		ldr	r3, [r3, #48]
  94              		.loc 1 1455 71 view .LVU26
  95 004a C3F30803 		ubfx	r3, r3, #0, #9
  96 004e 07EE903A 		vmov	s15, r3	@ int
  97              		.loc 1 1455 144 view .LVU27
  98 0052 F7EE005A 		vmov.f32	s11, #1.0e+0
  99              		.loc 1 1455 62 view .LVU28
 100 0056 F8EEE77A 		vcvt.f32.s32	s15, s15
 101              		.loc 1 1455 115 view .LVU29
 102 005a 77EEA67A 		vadd.f32	s15, s15, s13
 103              		.loc 1 1455 144 view .LVU30
 104 005e 77EEA57A 		vadd.f32	s15, s15, s11
 105              		.loc 1 1455 20 view .LVU31
 106 0062 67EE867A 		vmul.f32	s15, s15, s12
 107              	.LVL5:
1456:Drivers/STM32H7xx_HAL_Driver/Src/stm32h7xx_hal_rcc.c ****             break;
 108              		.loc 1 1456 13 is_stmt 1 view .LVU32
 109              	.L7:
1457:Drivers/STM32H7xx_HAL_Driver/Src/stm32h7xx_hal_rcc.c ****         }
1458:Drivers/STM32H7xx_HAL_Driver/Src/stm32h7xx_hal_rcc.c ****         pllp = (((RCC->PLL1DIVR & RCC_PLL1DIVR_P1) >> 9) + 1U) ;
 110              		.loc 1 1458 9 view .LVU33
 111              		.loc 1 1458 22 is_stmt 0 view .LVU34
 112 0066 1A4B     		ldr	r3, .L15
 113 0068 1B6B     		ldr	r3, [r3, #48]
 114              	.LVL6:
1459:Drivers/STM32H7xx_HAL_Driver/Src/stm32h7xx_hal_rcc.c ****         sysclockfreq = (uint32_t)(float_t)(pllvco / (float_t)pllp);
 115              		.loc 1 1459 9 is_stmt 1 view .LVU35
1458:Drivers/STM32H7xx_HAL_Driver/Src/stm32h7xx_hal_rcc.c ****         sysclockfreq = (uint32_t)(float_t)(pllvco / (float_t)pllp);
 116              		.loc 1 1458 52 is_stmt 0 view .LVU36
 117 006a C3F34623 		ubfx	r3, r3, #9, #7
 118              	.LVL7:
1458:Drivers/STM32H7xx_HAL_Driver/Src/stm32h7xx_hal_rcc.c ****         sysclockfreq = (uint32_t)(float_t)(pllvco / (float_t)pllp);
 119              		.loc 1 1458 14 view .LVU37
 120 006e 0133     		adds	r3, r3, #1
 121              		.loc 1 1459 53 view .LVU38
 122 0070 07EE103A 		vmov	s14, r3	@ int
 123 0074 F8EEC76A 		vcvt.f32.s32	s13, s14
 124              		.loc 1 1459 34 view .LVU39
 125 0078 87EEA67A 		vdiv.f32	s14, s15, s13
 126              		.loc 1 1459 22 view .LVU40
 127 007c FCEEC77A 		vcvt.u32.f32	s15, s14
ARM GAS  C:\Users\l1234\AppData\Local\Temp\cc5S3qmC.s 			page 29


 128              	.LVL8:
 129              		.loc 1 1459 22 view .LVU41
 130 0080 17EE900A 		vmov	r0, s15	@ int
 131              	.LVL9:
1460:Drivers/STM32H7xx_HAL_Driver/Src/stm32h7xx_hal_rcc.c ****       }
1461:Drivers/STM32H7xx_HAL_Driver/Src/stm32h7xx_hal_rcc.c ****       else
1462:Drivers/STM32H7xx_HAL_Driver/Src/stm32h7xx_hal_rcc.c ****       {
1463:Drivers/STM32H7xx_HAL_Driver/Src/stm32h7xx_hal_rcc.c ****         sysclockfreq = 0U;
1464:Drivers/STM32H7xx_HAL_Driver/Src/stm32h7xx_hal_rcc.c ****       }
1465:Drivers/STM32H7xx_HAL_Driver/Src/stm32h7xx_hal_rcc.c ****       break;
1466:Drivers/STM32H7xx_HAL_Driver/Src/stm32h7xx_hal_rcc.c **** 
1467:Drivers/STM32H7xx_HAL_Driver/Src/stm32h7xx_hal_rcc.c ****     default:
1468:Drivers/STM32H7xx_HAL_Driver/Src/stm32h7xx_hal_rcc.c ****       sysclockfreq = CSI_VALUE;
1469:Drivers/STM32H7xx_HAL_Driver/Src/stm32h7xx_hal_rcc.c ****       break;
1470:Drivers/STM32H7xx_HAL_Driver/Src/stm32h7xx_hal_rcc.c ****   }
1471:Drivers/STM32H7xx_HAL_Driver/Src/stm32h7xx_hal_rcc.c **** 
1472:Drivers/STM32H7xx_HAL_Driver/Src/stm32h7xx_hal_rcc.c ****   return sysclockfreq;
 132              		.loc 1 1472 3 is_stmt 1 view .LVU42
 133              	.L1:
1473:Drivers/STM32H7xx_HAL_Driver/Src/stm32h7xx_hal_rcc.c **** }
 134              		.loc 1 1473 1 is_stmt 0 view .LVU43
 135 0084 30BC     		pop	{r4, r5}
 136              	.LCFI1:
 137              		.cfi_remember_state
 138              		.cfi_restore 5
 139              		.cfi_restore 4
 140              		.cfi_def_cfa_offset 0
 141              	.LVL10:
 142              		.loc 1 1473 1 view .LVU44
 143 0086 7047     		bx	lr
 144              	.LVL11:
 145              	.L14:
 146              	.LCFI2:
 147              		.cfi_restore_state
1435:Drivers/STM32H7xx_HAL_Driver/Src/stm32h7xx_hal_rcc.c ****             {
 148              		.loc 1 1435 13 is_stmt 1 view .LVU45
1435:Drivers/STM32H7xx_HAL_Driver/Src/stm32h7xx_hal_rcc.c ****             {
 149              		.loc 1 1435 17 is_stmt 0 view .LVU46
 150 0088 1A68     		ldr	r2, [r3]
1435:Drivers/STM32H7xx_HAL_Driver/Src/stm32h7xx_hal_rcc.c ****             {
 151              		.loc 1 1435 16 view .LVU47
 152 008a 9206     		lsls	r2, r2, #26
 153 008c 1DD5     		bpl	.L6
1437:Drivers/STM32H7xx_HAL_Driver/Src/stm32h7xx_hal_rcc.c ****               pllvco = ((float_t)hsivalue / (float_t)pllm) * ((float_t)(uint32_t)(RCC->PLL1DIVR & R
 154              		.loc 1 1437 15 is_stmt 1 view .LVU48
1437:Drivers/STM32H7xx_HAL_Driver/Src/stm32h7xx_hal_rcc.c ****               pllvco = ((float_t)hsivalue / (float_t)pllm) * ((float_t)(uint32_t)(RCC->PLL1DIVR & R
 155              		.loc 1 1437 41 is_stmt 0 view .LVU49
 156 008e 1968     		ldr	r1, [r3]
 157              	.LVL12:
1438:Drivers/STM32H7xx_HAL_Driver/Src/stm32h7xx_hal_rcc.c ****             }
 158              		.loc 1 1438 15 is_stmt 1 view .LVU50
1438:Drivers/STM32H7xx_HAL_Driver/Src/stm32h7xx_hal_rcc.c ****             }
 159              		.loc 1 1438 145 is_stmt 0 view .LVU51
 160 0090 F7EE005A 		vmov.f32	s11, #1.0e+0
1437:Drivers/STM32H7xx_HAL_Driver/Src/stm32h7xx_hal_rcc.c ****               pllvco = ((float_t)hsivalue / (float_t)pllm) * ((float_t)(uint32_t)(RCC->PLL1DIVR & R
 161              		.loc 1 1437 24 view .LVU52
 162 0094 104A     		ldr	r2, .L15+8
ARM GAS  C:\Users\l1234\AppData\Local\Temp\cc5S3qmC.s 			page 30


1438:Drivers/STM32H7xx_HAL_Driver/Src/stm32h7xx_hal_rcc.c ****             }
 163              		.loc 1 1438 86 view .LVU53
 164 0096 1B6B     		ldr	r3, [r3, #48]
1437:Drivers/STM32H7xx_HAL_Driver/Src/stm32h7xx_hal_rcc.c ****               pllvco = ((float_t)hsivalue / (float_t)pllm) * ((float_t)(uint32_t)(RCC->PLL1DIVR & R
 165              		.loc 1 1437 69 view .LVU54
 166 0098 C1F3C101 		ubfx	r1, r1, #3, #2
 167              	.LVL13:
1438:Drivers/STM32H7xx_HAL_Driver/Src/stm32h7xx_hal_rcc.c ****             }
 168              		.loc 1 1438 72 view .LVU55
 169 009c C3F30803 		ubfx	r3, r3, #0, #9
1437:Drivers/STM32H7xx_HAL_Driver/Src/stm32h7xx_hal_rcc.c ****               pllvco = ((float_t)hsivalue / (float_t)pllm) * ((float_t)(uint32_t)(RCC->PLL1DIVR & R
 170              		.loc 1 1437 24 view .LVU56
 171 00a0 CA40     		lsrs	r2, r2, r1
1438:Drivers/STM32H7xx_HAL_Driver/Src/stm32h7xx_hal_rcc.c ****             }
 172              		.loc 1 1438 63 view .LVU57
 173 00a2 07EE903A 		vmov	s15, r3	@ int
1438:Drivers/STM32H7xx_HAL_Driver/Src/stm32h7xx_hal_rcc.c ****             }
 174              		.loc 1 1438 25 view .LVU58
 175 00a6 06EE102A 		vmov	s12, r2	@ int
1438:Drivers/STM32H7xx_HAL_Driver/Src/stm32h7xx_hal_rcc.c ****             }
 176              		.loc 1 1438 63 view .LVU59
 177 00aa F8EEE77A 		vcvt.f32.s32	s15, s15
1438:Drivers/STM32H7xx_HAL_Driver/Src/stm32h7xx_hal_rcc.c ****             }
 178              		.loc 1 1438 25 view .LVU60
 179 00ae B8EEC66A 		vcvt.f32.s32	s12, s12
1438:Drivers/STM32H7xx_HAL_Driver/Src/stm32h7xx_hal_rcc.c ****             }
 180              		.loc 1 1438 116 view .LVU61
 181 00b2 77EEA66A 		vadd.f32	s13, s15, s13
1438:Drivers/STM32H7xx_HAL_Driver/Src/stm32h7xx_hal_rcc.c ****             }
 182              		.loc 1 1438 43 view .LVU62
 183 00b6 C6EE077A 		vdiv.f32	s15, s12, s14
1438:Drivers/STM32H7xx_HAL_Driver/Src/stm32h7xx_hal_rcc.c ****             }
 184              		.loc 1 1438 145 view .LVU63
 185 00ba 36EEA57A 		vadd.f32	s14, s13, s11
1438:Drivers/STM32H7xx_HAL_Driver/Src/stm32h7xx_hal_rcc.c ****             }
 186              		.loc 1 1438 22 view .LVU64
 187 00be 67EE877A 		vmul.f32	s15, s15, s14
 188              	.LVL14:
1438:Drivers/STM32H7xx_HAL_Driver/Src/stm32h7xx_hal_rcc.c ****             }
 189              		.loc 1 1438 22 view .LVU65
 190 00c2 D0E7     		b	.L7
 191              	.LVL15:
 192              	.L4:
1451:Drivers/STM32H7xx_HAL_Driver/Src/stm32h7xx_hal_rcc.c ****             break;
 193              		.loc 1 1451 13 is_stmt 1 view .LVU66
1451:Drivers/STM32H7xx_HAL_Driver/Src/stm32h7xx_hal_rcc.c ****             break;
 194              		.loc 1 1451 42 is_stmt 0 view .LVU67
 195 00c4 DFED057A 		vldr.32	s15, .L15+12
 196 00c8 BCE7     		b	.L12
 197              	.L6:
1442:Drivers/STM32H7xx_HAL_Driver/Src/stm32h7xx_hal_rcc.c ****             }
 198              		.loc 1 1442 15 is_stmt 1 view .LVU68
1442:Drivers/STM32H7xx_HAL_Driver/Src/stm32h7xx_hal_rcc.c ****             }
 199              		.loc 1 1442 44 is_stmt 0 view .LVU69
 200 00ca DFED057A 		vldr.32	s15, .L15+16
 201 00ce B9E7     		b	.L12
 202              	.L16:
ARM GAS  C:\Users\l1234\AppData\Local\Temp\cc5S3qmC.s 			page 31


 203              		.align	2
 204              	.L15:
 205 00d0 00440258 		.word	1476543488
 206 00d4 0024744A 		.word	1249125376
 207 00d8 0090D003 		.word	64000000
 208 00dc 001BB74B 		.word	1270291200
 209 00e0 0024744C 		.word	1282679808
 210              		.cfi_endproc
 211              	.LFE158:
 213              		.section	.text.HAL_RCC_DeInit,"ax",%progbits
 214              		.align	1
 215              		.p2align 2,,3
 216              		.global	HAL_RCC_DeInit
 217              		.syntax unified
 218              		.thumb
 219              		.thumb_func
 221              	HAL_RCC_DeInit:
 222              	.LFB144:
 189:Drivers/STM32H7xx_HAL_Driver/Src/stm32h7xx_hal_rcc.c ****   uint32_t tickstart;
 223              		.loc 1 189 1 is_stmt 1 view -0
 224              		.cfi_startproc
 225              		@ args = 0, pretend = 0, frame = 0
 226              		@ frame_needed = 0, uses_anonymous_args = 0
 190:Drivers/STM32H7xx_HAL_Driver/Src/stm32h7xx_hal_rcc.c **** 
 227              		.loc 1 190 3 view .LVU71
 193:Drivers/STM32H7xx_HAL_Driver/Src/stm32h7xx_hal_rcc.c ****   {
 228              		.loc 1 193 3 view .LVU72
 193:Drivers/STM32H7xx_HAL_Driver/Src/stm32h7xx_hal_rcc.c ****   {
 229              		.loc 1 193 32 is_stmt 0 view .LVU73
 230 0000 5D4A     		ldr	r2, .L44
 189:Drivers/STM32H7xx_HAL_Driver/Src/stm32h7xx_hal_rcc.c ****   uint32_t tickstart;
 231              		.loc 1 189 1 view .LVU74
 232 0002 F8B5     		push	{r3, r4, r5, r6, r7, lr}
 233              	.LCFI3:
 234              		.cfi_def_cfa_offset 24
 235              		.cfi_offset 3, -24
 236              		.cfi_offset 4, -20
 237              		.cfi_offset 5, -16
 238              		.cfi_offset 6, -12
 239              		.cfi_offset 7, -8
 240              		.cfi_offset 14, -4
 193:Drivers/STM32H7xx_HAL_Driver/Src/stm32h7xx_hal_rcc.c ****   {
 241              		.loc 1 193 32 view .LVU75
 242 0004 1368     		ldr	r3, [r2]
 243 0006 03F00F03 		and	r3, r3, #15
 193:Drivers/STM32H7xx_HAL_Driver/Src/stm32h7xx_hal_rcc.c ****   {
 244              		.loc 1 193 6 view .LVU76
 245 000a 062B     		cmp	r3, #6
 246 000c 0AD8     		bhi	.L20
 196:Drivers/STM32H7xx_HAL_Driver/Src/stm32h7xx_hal_rcc.c **** 
 247              		.loc 1 196 5 is_stmt 1 view .LVU77
 248 000e 1368     		ldr	r3, [r2]
 249 0010 23F00F03 		bic	r3, r3, #15
 250 0014 43F00703 		orr	r3, r3, #7
 251 0018 1360     		str	r3, [r2]
 200:Drivers/STM32H7xx_HAL_Driver/Src/stm32h7xx_hal_rcc.c ****     {
 252              		.loc 1 200 5 view .LVU78
ARM GAS  C:\Users\l1234\AppData\Local\Temp\cc5S3qmC.s 			page 32


 200:Drivers/STM32H7xx_HAL_Driver/Src/stm32h7xx_hal_rcc.c ****     {
 253              		.loc 1 200 9 is_stmt 0 view .LVU79
 254 001a 1368     		ldr	r3, [r2]
 255 001c 03F00F03 		and	r3, r3, #15
 200:Drivers/STM32H7xx_HAL_Driver/Src/stm32h7xx_hal_rcc.c ****     {
 256              		.loc 1 200 8 view .LVU80
 257 0020 072B     		cmp	r3, #7
 258 0022 21D1     		bne	.L23
 259              	.L20:
 209:Drivers/STM32H7xx_HAL_Driver/Src/stm32h7xx_hal_rcc.c **** 
 260              		.loc 1 209 3 is_stmt 1 view .LVU81
 212:Drivers/STM32H7xx_HAL_Driver/Src/stm32h7xx_hal_rcc.c **** 
 261              		.loc 1 212 3 is_stmt 0 view .LVU82
 262 0024 554C     		ldr	r4, .L44+4
 209:Drivers/STM32H7xx_HAL_Driver/Src/stm32h7xx_hal_rcc.c **** 
 263              		.loc 1 209 15 view .LVU83
 264 0026 FFF7FEFF 		bl	HAL_GetTick
 265              	.LVL16:
 266 002a 0546     		mov	r5, r0
 267              	.LVL17:
 212:Drivers/STM32H7xx_HAL_Driver/Src/stm32h7xx_hal_rcc.c **** 
 268              		.loc 1 212 3 is_stmt 1 view .LVU84
 269 002c 2368     		ldr	r3, [r4]
 270 002e 43F00103 		orr	r3, r3, #1
 271 0032 2360     		str	r3, [r4]
 215:Drivers/STM32H7xx_HAL_Driver/Src/stm32h7xx_hal_rcc.c ****   {
 272              		.loc 1 215 3 view .LVU85
 215:Drivers/STM32H7xx_HAL_Driver/Src/stm32h7xx_hal_rcc.c ****   {
 273              		.loc 1 215 9 is_stmt 0 view .LVU86
 274 0034 04E0     		b	.L19
 275              	.LVL18:
 276              	.L22:
 217:Drivers/STM32H7xx_HAL_Driver/Src/stm32h7xx_hal_rcc.c ****     {
 277              		.loc 1 217 10 view .LVU87
 278 0036 FFF7FEFF 		bl	HAL_GetTick
 279              	.LVL19:
 217:Drivers/STM32H7xx_HAL_Driver/Src/stm32h7xx_hal_rcc.c ****     {
 280              		.loc 1 217 24 view .LVU88
 281 003a 401B     		subs	r0, r0, r5
 217:Drivers/STM32H7xx_HAL_Driver/Src/stm32h7xx_hal_rcc.c ****     {
 282              		.loc 1 217 8 view .LVU89
 283 003c 0228     		cmp	r0, #2
 284 003e 16D8     		bhi	.L25
 285              	.L19:
 217:Drivers/STM32H7xx_HAL_Driver/Src/stm32h7xx_hal_rcc.c ****     {
 286              		.loc 1 217 5 is_stmt 1 view .LVU90
 215:Drivers/STM32H7xx_HAL_Driver/Src/stm32h7xx_hal_rcc.c ****   {
 287              		.loc 1 215 43 view .LVU91
 215:Drivers/STM32H7xx_HAL_Driver/Src/stm32h7xx_hal_rcc.c ****   {
 288              		.loc 1 215 10 is_stmt 0 view .LVU92
 289 0040 2368     		ldr	r3, [r4]
 215:Drivers/STM32H7xx_HAL_Driver/Src/stm32h7xx_hal_rcc.c ****   {
 290              		.loc 1 215 43 view .LVU93
 291 0042 5E07     		lsls	r6, r3, #29
 292 0044 F7D5     		bpl	.L22
 224:Drivers/STM32H7xx_HAL_Driver/Src/stm32h7xx_hal_rcc.c **** 
 293              		.loc 1 224 3 is_stmt 1 view .LVU94
ARM GAS  C:\Users\l1234\AppData\Local\Temp\cc5S3qmC.s 			page 33


 294 0046 6368     		ldr	r3, [r4, #4]
 227:Drivers/STM32H7xx_HAL_Driver/Src/stm32h7xx_hal_rcc.c **** 
 295              		.loc 1 227 3 is_stmt 0 view .LVU95
 296 0048 0025     		movs	r5, #0
 297              	.LVL20:
 234:Drivers/STM32H7xx_HAL_Driver/Src/stm32h7xx_hal_rcc.c ****   {
 298              		.loc 1 234 7 view .LVU96
 299 004a 4D48     		ldr	r0, .L44+8
 224:Drivers/STM32H7xx_HAL_Driver/Src/stm32h7xx_hal_rcc.c **** 
 300              		.loc 1 224 3 view .LVU97
 301 004c 43F08043 		orr	r3, r3, #1073741824
 230:Drivers/STM32H7xx_HAL_Driver/Src/stm32h7xx_hal_rcc.c ****   SystemD2Clock = HSI_VALUE;
 302              		.loc 1 230 19 view .LVU98
 303 0050 4C4A     		ldr	r2, .L44+12
 304 0052 4D49     		ldr	r1, .L44+16
 224:Drivers/STM32H7xx_HAL_Driver/Src/stm32h7xx_hal_rcc.c **** 
 305              		.loc 1 224 3 view .LVU99
 306 0054 6360     		str	r3, [r4, #4]
 227:Drivers/STM32H7xx_HAL_Driver/Src/stm32h7xx_hal_rcc.c **** 
 307              		.loc 1 227 3 is_stmt 1 view .LVU100
 231:Drivers/STM32H7xx_HAL_Driver/Src/stm32h7xx_hal_rcc.c **** 
 308              		.loc 1 231 17 is_stmt 0 view .LVU101
 309 0056 4D4B     		ldr	r3, .L44+20
 227:Drivers/STM32H7xx_HAL_Driver/Src/stm32h7xx_hal_rcc.c **** 
 310              		.loc 1 227 3 view .LVU102
 311 0058 2561     		str	r5, [r4, #16]
 230:Drivers/STM32H7xx_HAL_Driver/Src/stm32h7xx_hal_rcc.c ****   SystemD2Clock = HSI_VALUE;
 312              		.loc 1 230 3 is_stmt 1 view .LVU103
 234:Drivers/STM32H7xx_HAL_Driver/Src/stm32h7xx_hal_rcc.c ****   {
 313              		.loc 1 234 7 is_stmt 0 view .LVU104
 314 005a 0068     		ldr	r0, [r0]
 230:Drivers/STM32H7xx_HAL_Driver/Src/stm32h7xx_hal_rcc.c ****   SystemD2Clock = HSI_VALUE;
 315              		.loc 1 230 19 view .LVU105
 316 005c 0A60     		str	r2, [r1]
 231:Drivers/STM32H7xx_HAL_Driver/Src/stm32h7xx_hal_rcc.c **** 
 317              		.loc 1 231 3 is_stmt 1 view .LVU106
 231:Drivers/STM32H7xx_HAL_Driver/Src/stm32h7xx_hal_rcc.c **** 
 318              		.loc 1 231 17 is_stmt 0 view .LVU107
 319 005e 1A60     		str	r2, [r3]
 234:Drivers/STM32H7xx_HAL_Driver/Src/stm32h7xx_hal_rcc.c ****   {
 320              		.loc 1 234 3 is_stmt 1 view .LVU108
 234:Drivers/STM32H7xx_HAL_Driver/Src/stm32h7xx_hal_rcc.c ****   {
 321              		.loc 1 234 7 is_stmt 0 view .LVU109
 322 0060 FFF7FEFF 		bl	HAL_InitTick
 323              	.LVL21:
 234:Drivers/STM32H7xx_HAL_Driver/Src/stm32h7xx_hal_rcc.c ****   {
 324              		.loc 1 234 6 view .LVU110
 325 0064 0446     		mov	r4, r0
 326 0066 28B1     		cbz	r0, .L43
 327              	.LVL22:
 328              	.L23:
 202:Drivers/STM32H7xx_HAL_Driver/Src/stm32h7xx_hal_rcc.c ****     }
 329              		.loc 1 202 14 view .LVU111
 330 0068 0124     		movs	r4, #1
 331              	.L21:
 389:Drivers/STM32H7xx_HAL_Driver/Src/stm32h7xx_hal_rcc.c **** 
 332              		.loc 1 389 1 view .LVU112
ARM GAS  C:\Users\l1234\AppData\Local\Temp\cc5S3qmC.s 			page 34


 333 006a 2046     		mov	r0, r4
 334 006c F8BD     		pop	{r3, r4, r5, r6, r7, pc}
 335              	.L25:
 219:Drivers/STM32H7xx_HAL_Driver/Src/stm32h7xx_hal_rcc.c ****     }
 336              		.loc 1 219 14 view .LVU113
 337 006e 0324     		movs	r4, #3
 389:Drivers/STM32H7xx_HAL_Driver/Src/stm32h7xx_hal_rcc.c **** 
 338              		.loc 1 389 1 view .LVU114
 339 0070 2046     		mov	r0, r4
 340 0072 F8BD     		pop	{r3, r4, r5, r6, r7, pc}
 341              	.LVL23:
 342              	.L43:
 240:Drivers/STM32H7xx_HAL_Driver/Src/stm32h7xx_hal_rcc.c **** 
 343              		.loc 1 240 3 is_stmt 1 view .LVU115
 240:Drivers/STM32H7xx_HAL_Driver/Src/stm32h7xx_hal_rcc.c **** 
 344              		.loc 1 240 15 is_stmt 0 view .LVU116
 345 0074 FFF7FEFF 		bl	HAL_GetTick
 346              	.LVL24:
 243:Drivers/STM32H7xx_HAL_Driver/Src/stm32h7xx_hal_rcc.c ****   {
 347              		.loc 1 243 10 view .LVU117
 348 0078 404E     		ldr	r6, .L44+4
 245:Drivers/STM32H7xx_HAL_Driver/Src/stm32h7xx_hal_rcc.c ****     {
 349              		.loc 1 245 8 view .LVU118
 350 007a 41F28837 		movw	r7, #5000
 240:Drivers/STM32H7xx_HAL_Driver/Src/stm32h7xx_hal_rcc.c **** 
 351              		.loc 1 240 15 view .LVU119
 352 007e 0546     		mov	r5, r0
 353              	.LVL25:
 243:Drivers/STM32H7xx_HAL_Driver/Src/stm32h7xx_hal_rcc.c ****   {
 354              		.loc 1 243 3 is_stmt 1 view .LVU120
 243:Drivers/STM32H7xx_HAL_Driver/Src/stm32h7xx_hal_rcc.c ****   {
 355              		.loc 1 243 9 is_stmt 0 view .LVU121
 356 0080 04E0     		b	.L24
 357              	.LVL26:
 358              	.L26:
 245:Drivers/STM32H7xx_HAL_Driver/Src/stm32h7xx_hal_rcc.c ****     {
 359              		.loc 1 245 10 view .LVU122
 360 0082 FFF7FEFF 		bl	HAL_GetTick
 361              	.LVL27:
 245:Drivers/STM32H7xx_HAL_Driver/Src/stm32h7xx_hal_rcc.c ****     {
 362              		.loc 1 245 24 view .LVU123
 363 0086 431B     		subs	r3, r0, r5
 245:Drivers/STM32H7xx_HAL_Driver/Src/stm32h7xx_hal_rcc.c ****     {
 364              		.loc 1 245 8 view .LVU124
 365 0088 BB42     		cmp	r3, r7
 366 008a F0D8     		bhi	.L25
 367              	.L24:
 245:Drivers/STM32H7xx_HAL_Driver/Src/stm32h7xx_hal_rcc.c ****     {
 368              		.loc 1 245 5 is_stmt 1 view .LVU125
 243:Drivers/STM32H7xx_HAL_Driver/Src/stm32h7xx_hal_rcc.c ****   {
 369              		.loc 1 243 44 view .LVU126
 243:Drivers/STM32H7xx_HAL_Driver/Src/stm32h7xx_hal_rcc.c ****   {
 370              		.loc 1 243 10 is_stmt 0 view .LVU127
 371 008c 3369     		ldr	r3, [r6, #16]
 243:Drivers/STM32H7xx_HAL_Driver/Src/stm32h7xx_hal_rcc.c ****   {
 372              		.loc 1 243 44 view .LVU128
 373 008e 13F0380F 		tst	r3, #56
ARM GAS  C:\Users\l1234\AppData\Local\Temp\cc5S3qmC.s 			page 35


 374 0092 F6D1     		bne	.L26
 252:Drivers/STM32H7xx_HAL_Driver/Src/stm32h7xx_hal_rcc.c **** 
 375              		.loc 1 252 3 is_stmt 1 view .LVU129
 252:Drivers/STM32H7xx_HAL_Driver/Src/stm32h7xx_hal_rcc.c **** 
 376              		.loc 1 252 15 is_stmt 0 view .LVU130
 377 0094 FFF7FEFF 		bl	HAL_GetTick
 378              	.LVL28:
 255:Drivers/STM32H7xx_HAL_Driver/Src/stm32h7xx_hal_rcc.c ****             | RCC_CR_HSI48ON | RCC_CR_CSSHSEON);
 379              		.loc 1 255 3 view .LVU131
 380 0098 3268     		ldr	r2, [r6]
 381 009a 3D4B     		ldr	r3, .L44+24
 252:Drivers/STM32H7xx_HAL_Driver/Src/stm32h7xx_hal_rcc.c **** 
 382              		.loc 1 252 15 view .LVU132
 383 009c 0546     		mov	r5, r0
 384              	.LVL29:
 255:Drivers/STM32H7xx_HAL_Driver/Src/stm32h7xx_hal_rcc.c ****             | RCC_CR_HSI48ON | RCC_CR_CSSHSEON);
 385              		.loc 1 255 3 is_stmt 1 view .LVU133
 259:Drivers/STM32H7xx_HAL_Driver/Src/stm32h7xx_hal_rcc.c ****   {
 386              		.loc 1 259 10 is_stmt 0 view .LVU134
 387 009e 374F     		ldr	r7, .L44+4
 255:Drivers/STM32H7xx_HAL_Driver/Src/stm32h7xx_hal_rcc.c ****             | RCC_CR_HSI48ON | RCC_CR_CSSHSEON);
 388              		.loc 1 255 3 view .LVU135
 389 00a0 1340     		ands	r3, r3, r2
 390 00a2 3360     		str	r3, [r6]
 259:Drivers/STM32H7xx_HAL_Driver/Src/stm32h7xx_hal_rcc.c ****   {
 391              		.loc 1 259 3 is_stmt 1 view .LVU136
 259:Drivers/STM32H7xx_HAL_Driver/Src/stm32h7xx_hal_rcc.c ****   {
 392              		.loc 1 259 9 is_stmt 0 view .LVU137
 393 00a4 04E0     		b	.L27
 394              	.LVL30:
 395              	.L28:
 261:Drivers/STM32H7xx_HAL_Driver/Src/stm32h7xx_hal_rcc.c ****     {
 396              		.loc 1 261 10 view .LVU138
 397 00a6 FFF7FEFF 		bl	HAL_GetTick
 398              	.LVL31:
 261:Drivers/STM32H7xx_HAL_Driver/Src/stm32h7xx_hal_rcc.c ****     {
 399              		.loc 1 261 24 view .LVU139
 400 00aa 401B     		subs	r0, r0, r5
 261:Drivers/STM32H7xx_HAL_Driver/Src/stm32h7xx_hal_rcc.c ****     {
 401              		.loc 1 261 8 view .LVU140
 402 00ac 6428     		cmp	r0, #100
 403 00ae DED8     		bhi	.L25
 404              	.L27:
 261:Drivers/STM32H7xx_HAL_Driver/Src/stm32h7xx_hal_rcc.c ****     {
 405              		.loc 1 261 5 is_stmt 1 view .LVU141
 259:Drivers/STM32H7xx_HAL_Driver/Src/stm32h7xx_hal_rcc.c ****   {
 406              		.loc 1 259 43 view .LVU142
 259:Drivers/STM32H7xx_HAL_Driver/Src/stm32h7xx_hal_rcc.c ****   {
 407              		.loc 1 259 10 is_stmt 0 view .LVU143
 408 00b0 3B68     		ldr	r3, [r7]
 259:Drivers/STM32H7xx_HAL_Driver/Src/stm32h7xx_hal_rcc.c ****   {
 409              		.loc 1 259 43 view .LVU144
 410 00b2 9803     		lsls	r0, r3, #14
 411 00b4 F7D4     		bmi	.L28
 268:Drivers/STM32H7xx_HAL_Driver/Src/stm32h7xx_hal_rcc.c **** 
 412              		.loc 1 268 3 is_stmt 1 view .LVU145
 268:Drivers/STM32H7xx_HAL_Driver/Src/stm32h7xx_hal_rcc.c **** 
ARM GAS  C:\Users\l1234\AppData\Local\Temp\cc5S3qmC.s 			page 36


 413              		.loc 1 268 15 is_stmt 0 view .LVU146
 414 00b6 FFF7FEFF 		bl	HAL_GetTick
 415              	.LVL32:
 271:Drivers/STM32H7xx_HAL_Driver/Src/stm32h7xx_hal_rcc.c **** 
 416              		.loc 1 271 3 view .LVU147
 417 00ba 3B68     		ldr	r3, [r7]
 274:Drivers/STM32H7xx_HAL_Driver/Src/stm32h7xx_hal_rcc.c ****   {
 418              		.loc 1 274 10 view .LVU148
 419 00bc 2F4E     		ldr	r6, .L44+4
 268:Drivers/STM32H7xx_HAL_Driver/Src/stm32h7xx_hal_rcc.c **** 
 420              		.loc 1 268 15 view .LVU149
 421 00be 0546     		mov	r5, r0
 422              	.LVL33:
 271:Drivers/STM32H7xx_HAL_Driver/Src/stm32h7xx_hal_rcc.c **** 
 423              		.loc 1 271 3 is_stmt 1 view .LVU150
 424 00c0 23F08073 		bic	r3, r3, #16777216
 425 00c4 3B60     		str	r3, [r7]
 274:Drivers/STM32H7xx_HAL_Driver/Src/stm32h7xx_hal_rcc.c ****   {
 426              		.loc 1 274 3 view .LVU151
 274:Drivers/STM32H7xx_HAL_Driver/Src/stm32h7xx_hal_rcc.c ****   {
 427              		.loc 1 274 9 is_stmt 0 view .LVU152
 428 00c6 04E0     		b	.L29
 429              	.LVL34:
 430              	.L30:
 276:Drivers/STM32H7xx_HAL_Driver/Src/stm32h7xx_hal_rcc.c ****     {
 431              		.loc 1 276 10 view .LVU153
 432 00c8 FFF7FEFF 		bl	HAL_GetTick
 433              	.LVL35:
 276:Drivers/STM32H7xx_HAL_Driver/Src/stm32h7xx_hal_rcc.c ****     {
 434              		.loc 1 276 24 view .LVU154
 435 00cc 401B     		subs	r0, r0, r5
 276:Drivers/STM32H7xx_HAL_Driver/Src/stm32h7xx_hal_rcc.c ****     {
 436              		.loc 1 276 8 view .LVU155
 437 00ce 0228     		cmp	r0, #2
 438 00d0 CDD8     		bhi	.L25
 439              	.L29:
 276:Drivers/STM32H7xx_HAL_Driver/Src/stm32h7xx_hal_rcc.c ****     {
 440              		.loc 1 276 5 is_stmt 1 view .LVU156
 274:Drivers/STM32H7xx_HAL_Driver/Src/stm32h7xx_hal_rcc.c ****   {
 441              		.loc 1 274 44 view .LVU157
 274:Drivers/STM32H7xx_HAL_Driver/Src/stm32h7xx_hal_rcc.c ****   {
 442              		.loc 1 274 10 is_stmt 0 view .LVU158
 443 00d2 3368     		ldr	r3, [r6]
 274:Drivers/STM32H7xx_HAL_Driver/Src/stm32h7xx_hal_rcc.c ****   {
 444              		.loc 1 274 44 view .LVU159
 445 00d4 9901     		lsls	r1, r3, #6
 446 00d6 F7D4     		bmi	.L30
 283:Drivers/STM32H7xx_HAL_Driver/Src/stm32h7xx_hal_rcc.c **** 
 447              		.loc 1 283 3 is_stmt 1 view .LVU160
 283:Drivers/STM32H7xx_HAL_Driver/Src/stm32h7xx_hal_rcc.c **** 
 448              		.loc 1 283 15 is_stmt 0 view .LVU161
 449 00d8 FFF7FEFF 		bl	HAL_GetTick
 450              	.LVL36:
 286:Drivers/STM32H7xx_HAL_Driver/Src/stm32h7xx_hal_rcc.c **** 
 451              		.loc 1 286 3 view .LVU162
 452 00dc 3368     		ldr	r3, [r6]
 289:Drivers/STM32H7xx_HAL_Driver/Src/stm32h7xx_hal_rcc.c ****   {
ARM GAS  C:\Users\l1234\AppData\Local\Temp\cc5S3qmC.s 			page 37


 453              		.loc 1 289 10 view .LVU163
 454 00de 274F     		ldr	r7, .L44+4
 283:Drivers/STM32H7xx_HAL_Driver/Src/stm32h7xx_hal_rcc.c **** 
 455              		.loc 1 283 15 view .LVU164
 456 00e0 0546     		mov	r5, r0
 457              	.LVL37:
 286:Drivers/STM32H7xx_HAL_Driver/Src/stm32h7xx_hal_rcc.c **** 
 458              		.loc 1 286 3 is_stmt 1 view .LVU165
 459 00e2 23F08063 		bic	r3, r3, #67108864
 460 00e6 3360     		str	r3, [r6]
 289:Drivers/STM32H7xx_HAL_Driver/Src/stm32h7xx_hal_rcc.c ****   {
 461              		.loc 1 289 3 view .LVU166
 289:Drivers/STM32H7xx_HAL_Driver/Src/stm32h7xx_hal_rcc.c ****   {
 462              		.loc 1 289 9 is_stmt 0 view .LVU167
 463 00e8 04E0     		b	.L31
 464              	.LVL38:
 465              	.L32:
 291:Drivers/STM32H7xx_HAL_Driver/Src/stm32h7xx_hal_rcc.c ****     {
 466              		.loc 1 291 10 view .LVU168
 467 00ea FFF7FEFF 		bl	HAL_GetTick
 468              	.LVL39:
 291:Drivers/STM32H7xx_HAL_Driver/Src/stm32h7xx_hal_rcc.c ****     {
 469              		.loc 1 291 24 view .LVU169
 470 00ee 401B     		subs	r0, r0, r5
 291:Drivers/STM32H7xx_HAL_Driver/Src/stm32h7xx_hal_rcc.c ****     {
 471              		.loc 1 291 8 view .LVU170
 472 00f0 0228     		cmp	r0, #2
 473 00f2 BCD8     		bhi	.L25
 474              	.L31:
 291:Drivers/STM32H7xx_HAL_Driver/Src/stm32h7xx_hal_rcc.c ****     {
 475              		.loc 1 291 5 is_stmt 1 view .LVU171
 289:Drivers/STM32H7xx_HAL_Driver/Src/stm32h7xx_hal_rcc.c ****   {
 476              		.loc 1 289 44 view .LVU172
 289:Drivers/STM32H7xx_HAL_Driver/Src/stm32h7xx_hal_rcc.c ****   {
 477              		.loc 1 289 10 is_stmt 0 view .LVU173
 478 00f4 3B68     		ldr	r3, [r7]
 289:Drivers/STM32H7xx_HAL_Driver/Src/stm32h7xx_hal_rcc.c ****   {
 479              		.loc 1 289 44 view .LVU174
 480 00f6 1A01     		lsls	r2, r3, #4
 481 00f8 F7D4     		bmi	.L32
 298:Drivers/STM32H7xx_HAL_Driver/Src/stm32h7xx_hal_rcc.c **** 
 482              		.loc 1 298 3 is_stmt 1 view .LVU175
 298:Drivers/STM32H7xx_HAL_Driver/Src/stm32h7xx_hal_rcc.c **** 
 483              		.loc 1 298 15 is_stmt 0 view .LVU176
 484 00fa FFF7FEFF 		bl	HAL_GetTick
 485              	.LVL40:
 301:Drivers/STM32H7xx_HAL_Driver/Src/stm32h7xx_hal_rcc.c **** 
 486              		.loc 1 301 3 view .LVU177
 487 00fe 3B68     		ldr	r3, [r7]
 304:Drivers/STM32H7xx_HAL_Driver/Src/stm32h7xx_hal_rcc.c ****   {
 488              		.loc 1 304 10 view .LVU178
 489 0100 1E4D     		ldr	r5, .L44+4
 490              	.LVL41:
 298:Drivers/STM32H7xx_HAL_Driver/Src/stm32h7xx_hal_rcc.c **** 
 491              		.loc 1 298 15 view .LVU179
 492 0102 0646     		mov	r6, r0
 493              	.LVL42:
ARM GAS  C:\Users\l1234\AppData\Local\Temp\cc5S3qmC.s 			page 38


 301:Drivers/STM32H7xx_HAL_Driver/Src/stm32h7xx_hal_rcc.c **** 
 494              		.loc 1 301 3 is_stmt 1 view .LVU180
 495 0104 23F08053 		bic	r3, r3, #268435456
 496 0108 3B60     		str	r3, [r7]
 304:Drivers/STM32H7xx_HAL_Driver/Src/stm32h7xx_hal_rcc.c ****   {
 497              		.loc 1 304 3 view .LVU181
 304:Drivers/STM32H7xx_HAL_Driver/Src/stm32h7xx_hal_rcc.c ****   {
 498              		.loc 1 304 9 is_stmt 0 view .LVU182
 499 010a 04E0     		b	.L33
 500              	.LVL43:
 501              	.L34:
 306:Drivers/STM32H7xx_HAL_Driver/Src/stm32h7xx_hal_rcc.c ****     {
 502              		.loc 1 306 10 view .LVU183
 503 010c FFF7FEFF 		bl	HAL_GetTick
 504              	.LVL44:
 306:Drivers/STM32H7xx_HAL_Driver/Src/stm32h7xx_hal_rcc.c ****     {
 505              		.loc 1 306 24 view .LVU184
 506 0110 801B     		subs	r0, r0, r6
 306:Drivers/STM32H7xx_HAL_Driver/Src/stm32h7xx_hal_rcc.c ****     {
 507              		.loc 1 306 8 view .LVU185
 508 0112 0228     		cmp	r0, #2
 509 0114 ABD8     		bhi	.L25
 510              	.L33:
 306:Drivers/STM32H7xx_HAL_Driver/Src/stm32h7xx_hal_rcc.c ****     {
 511              		.loc 1 306 5 is_stmt 1 view .LVU186
 304:Drivers/STM32H7xx_HAL_Driver/Src/stm32h7xx_hal_rcc.c ****   {
 512              		.loc 1 304 44 view .LVU187
 304:Drivers/STM32H7xx_HAL_Driver/Src/stm32h7xx_hal_rcc.c ****   {
 513              		.loc 1 304 10 is_stmt 0 view .LVU188
 514 0116 2B68     		ldr	r3, [r5]
 304:Drivers/STM32H7xx_HAL_Driver/Src/stm32h7xx_hal_rcc.c ****   {
 515              		.loc 1 304 44 view .LVU189
 516 0118 13F00053 		ands	r3, r3, #536870912
 517 011c F6D1     		bne	.L34
 314:Drivers/STM32H7xx_HAL_Driver/Src/stm32h7xx_hal_rcc.c **** 
 518              		.loc 1 314 3 is_stmt 1 view .LVU190
 333:Drivers/STM32H7xx_HAL_Driver/Src/stm32h7xx_hal_rcc.c **** 
 519              		.loc 1 333 18 is_stmt 0 view .LVU191
 520 011e 1D49     		ldr	r1, .L44+28
 314:Drivers/STM32H7xx_HAL_Driver/Src/stm32h7xx_hal_rcc.c **** 
 521              		.loc 1 314 3 view .LVU192
 522 0120 AB61     		str	r3, [r5, #24]
 317:Drivers/STM32H7xx_HAL_Driver/Src/stm32h7xx_hal_rcc.c **** 
 523              		.loc 1 317 3 is_stmt 1 view .LVU193
 339:Drivers/STM32H7xx_HAL_Driver/Src/stm32h7xx_hal_rcc.c **** 
 524              		.loc 1 339 3 is_stmt 0 view .LVU194
 525 0122 1D4A     		ldr	r2, .L44+32
 317:Drivers/STM32H7xx_HAL_Driver/Src/stm32h7xx_hal_rcc.c **** 
 526              		.loc 1 317 3 view .LVU195
 527 0124 EB61     		str	r3, [r5, #28]
 320:Drivers/STM32H7xx_HAL_Driver/Src/stm32h7xx_hal_rcc.c **** #else
 528              		.loc 1 320 3 is_stmt 1 view .LVU196
 529 0126 2B62     		str	r3, [r5, #32]
 333:Drivers/STM32H7xx_HAL_Driver/Src/stm32h7xx_hal_rcc.c **** 
 530              		.loc 1 333 3 view .LVU197
 333:Drivers/STM32H7xx_HAL_Driver/Src/stm32h7xx_hal_rcc.c **** 
 531              		.loc 1 333 18 is_stmt 0 view .LVU198
ARM GAS  C:\Users\l1234\AppData\Local\Temp\cc5S3qmC.s 			page 39


 532 0128 A962     		str	r1, [r5, #40]
 336:Drivers/STM32H7xx_HAL_Driver/Src/stm32h7xx_hal_rcc.c **** 
 533              		.loc 1 336 3 is_stmt 1 view .LVU199
 534 012a 1C49     		ldr	r1, .L44+36
 535 012c E962     		str	r1, [r5, #44]
 339:Drivers/STM32H7xx_HAL_Driver/Src/stm32h7xx_hal_rcc.c **** 
 536              		.loc 1 339 3 view .LVU200
 368:Drivers/STM32H7xx_HAL_Driver/Src/stm32h7xx_hal_rcc.c **** 
 537              		.loc 1 368 3 is_stmt 0 view .LVU201
 538 012e 4FF0FF31 		mov	r1, #-1
 339:Drivers/STM32H7xx_HAL_Driver/Src/stm32h7xx_hal_rcc.c **** 
 539              		.loc 1 339 3 view .LVU202
 540 0132 2A63     		str	r2, [r5, #48]
 342:Drivers/STM32H7xx_HAL_Driver/Src/stm32h7xx_hal_rcc.c **** 
 541              		.loc 1 342 3 is_stmt 1 view .LVU203
 542 0134 6B63     		str	r3, [r5, #52]
 345:Drivers/STM32H7xx_HAL_Driver/Src/stm32h7xx_hal_rcc.c **** 
 543              		.loc 1 345 3 view .LVU204
 544 0136 AA63     		str	r2, [r5, #56]
 348:Drivers/STM32H7xx_HAL_Driver/Src/stm32h7xx_hal_rcc.c **** 
 545              		.loc 1 348 3 view .LVU205
 546 0138 EB63     		str	r3, [r5, #60]
 351:Drivers/STM32H7xx_HAL_Driver/Src/stm32h7xx_hal_rcc.c **** 
 547              		.loc 1 351 3 view .LVU206
 548 013a 2A64     		str	r2, [r5, #64]
 354:Drivers/STM32H7xx_HAL_Driver/Src/stm32h7xx_hal_rcc.c **** 
 549              		.loc 1 354 3 view .LVU207
 550 013c 6B64     		str	r3, [r5, #68]
 362:Drivers/STM32H7xx_HAL_Driver/Src/stm32h7xx_hal_rcc.c **** 
 551              		.loc 1 362 3 view .LVU208
 552 013e 2A68     		ldr	r2, [r5]
 553 0140 22F48022 		bic	r2, r2, #262144
 554 0144 2A60     		str	r2, [r5]
 365:Drivers/STM32H7xx_HAL_Driver/Src/stm32h7xx_hal_rcc.c **** 
 555              		.loc 1 365 3 view .LVU209
 556 0146 2B66     		str	r3, [r5, #96]
 368:Drivers/STM32H7xx_HAL_Driver/Src/stm32h7xx_hal_rcc.c **** 
 557              		.loc 1 368 3 view .LVU210
 558 0148 A966     		str	r1, [r5, #104]
 371:Drivers/STM32H7xx_HAL_Driver/Src/stm32h7xx_hal_rcc.c **** 
 559              		.loc 1 371 3 view .LVU211
 560 014a D5F8D030 		ldr	r3, [r5, #208]
 374:Drivers/STM32H7xx_HAL_Driver/Src/stm32h7xx_hal_rcc.c ****   {
 561              		.loc 1 374 32 is_stmt 0 view .LVU212
 562 014e 0A4A     		ldr	r2, .L44
 371:Drivers/STM32H7xx_HAL_Driver/Src/stm32h7xx_hal_rcc.c **** 
 563              		.loc 1 371 3 view .LVU213
 564 0150 43F48033 		orr	r3, r3, #65536
 565 0154 C5F8D030 		str	r3, [r5, #208]
 374:Drivers/STM32H7xx_HAL_Driver/Src/stm32h7xx_hal_rcc.c ****   {
 566              		.loc 1 374 3 is_stmt 1 view .LVU214
 374:Drivers/STM32H7xx_HAL_Driver/Src/stm32h7xx_hal_rcc.c ****   {
 567              		.loc 1 374 32 is_stmt 0 view .LVU215
 568 0158 1368     		ldr	r3, [r2]
 374:Drivers/STM32H7xx_HAL_Driver/Src/stm32h7xx_hal_rcc.c ****   {
 569              		.loc 1 374 6 view .LVU216
 570 015a 1B07     		lsls	r3, r3, #28
ARM GAS  C:\Users\l1234\AppData\Local\Temp\cc5S3qmC.s 			page 40


 571 015c 85D5     		bpl	.L21
 377:Drivers/STM32H7xx_HAL_Driver/Src/stm32h7xx_hal_rcc.c **** 
 572              		.loc 1 377 5 is_stmt 1 view .LVU217
 573 015e 1368     		ldr	r3, [r2]
 574 0160 23F00F03 		bic	r3, r3, #15
 575 0164 43F00703 		orr	r3, r3, #7
 576 0168 1360     		str	r3, [r2]
 381:Drivers/STM32H7xx_HAL_Driver/Src/stm32h7xx_hal_rcc.c ****     {
 577              		.loc 1 381 5 view .LVU218
 381:Drivers/STM32H7xx_HAL_Driver/Src/stm32h7xx_hal_rcc.c ****     {
 578              		.loc 1 381 9 is_stmt 0 view .LVU219
 579 016a 1468     		ldr	r4, [r2]
 580 016c 04F00F04 		and	r4, r4, #15
 381:Drivers/STM32H7xx_HAL_Driver/Src/stm32h7xx_hal_rcc.c ****     {
 581              		.loc 1 381 8 view .LVU220
 582 0170 073C     		subs	r4, r4, #7
 583 0172 18BF     		it	ne
 584 0174 0124     		movne	r4, #1
 585 0176 78E7     		b	.L21
 586              	.L45:
 587              		.align	2
 588              	.L44:
 589 0178 00200052 		.word	1375739904
 590 017c 00440258 		.word	1476543488
 591 0180 00000000 		.word	uwTickPrio
 592 0184 0090D003 		.word	64000000
 593 0188 00000000 		.word	SystemCoreClock
 594 018c 00000000 		.word	SystemD2Clock
 595 0190 45EDF6FF 		.word	-594619
 596 0194 00020202 		.word	33686016
 597 0198 80020101 		.word	16843392
 598 019c 0000FF01 		.word	33488896
 599              		.cfi_endproc
 600              	.LFE144:
 602              		.section	.text.HAL_RCC_OscConfig,"ax",%progbits
 603              		.align	1
 604              		.p2align 2,,3
 605              		.weak	HAL_RCC_OscConfig
 606              		.syntax unified
 607              		.thumb
 608              		.thumb_func
 610              	HAL_RCC_OscConfig:
 611              	.LVL45:
 612              	.LFB145:
 406:Drivers/STM32H7xx_HAL_Driver/Src/stm32h7xx_hal_rcc.c ****   uint32_t tickstart;
 613              		.loc 1 406 1 is_stmt 1 view -0
 614              		.cfi_startproc
 615              		@ args = 0, pretend = 0, frame = 0
 616              		@ frame_needed = 0, uses_anonymous_args = 0
 407:Drivers/STM32H7xx_HAL_Driver/Src/stm32h7xx_hal_rcc.c ****   uint32_t temp1_pllckcfg, temp2_pllckcfg;
 617              		.loc 1 407 3 view .LVU222
 408:Drivers/STM32H7xx_HAL_Driver/Src/stm32h7xx_hal_rcc.c **** 
 618              		.loc 1 408 3 view .LVU223
 411:Drivers/STM32H7xx_HAL_Driver/Src/stm32h7xx_hal_rcc.c ****   {
 619              		.loc 1 411 3 view .LVU224
 411:Drivers/STM32H7xx_HAL_Driver/Src/stm32h7xx_hal_rcc.c ****   {
 620              		.loc 1 411 6 is_stmt 0 view .LVU225
ARM GAS  C:\Users\l1234\AppData\Local\Temp\cc5S3qmC.s 			page 41


 621 0000 0028     		cmp	r0, #0
 622 0002 00F0A182 		beq	.L164
 417:Drivers/STM32H7xx_HAL_Driver/Src/stm32h7xx_hal_rcc.c ****   /*------------------------------- HSE Configuration ------------------------*/
 623              		.loc 1 417 3 is_stmt 1 view .LVU226
 419:Drivers/STM32H7xx_HAL_Driver/Src/stm32h7xx_hal_rcc.c ****   {
 624              		.loc 1 419 3 view .LVU227
 406:Drivers/STM32H7xx_HAL_Driver/Src/stm32h7xx_hal_rcc.c ****   uint32_t tickstart;
 625              		.loc 1 406 1 is_stmt 0 view .LVU228
 626 0006 F8B5     		push	{r3, r4, r5, r6, r7, lr}
 627              	.LCFI4:
 628              		.cfi_def_cfa_offset 24
 629              		.cfi_offset 3, -24
 630              		.cfi_offset 4, -20
 631              		.cfi_offset 5, -16
 632              		.cfi_offset 6, -12
 633              		.cfi_offset 7, -8
 634              		.cfi_offset 14, -4
 419:Drivers/STM32H7xx_HAL_Driver/Src/stm32h7xx_hal_rcc.c ****   {
 635              		.loc 1 419 26 view .LVU229
 636 0008 0368     		ldr	r3, [r0]
 637 000a 0446     		mov	r4, r0
 419:Drivers/STM32H7xx_HAL_Driver/Src/stm32h7xx_hal_rcc.c ****   {
 638              		.loc 1 419 6 view .LVU230
 639 000c D907     		lsls	r1, r3, #31
 640 000e 2ED5     		bpl	.L49
 641              	.LBB2:
 422:Drivers/STM32H7xx_HAL_Driver/Src/stm32h7xx_hal_rcc.c **** 
 642              		.loc 1 422 5 is_stmt 1 view .LVU231
 424:Drivers/STM32H7xx_HAL_Driver/Src/stm32h7xx_hal_rcc.c ****     const uint32_t temp_pllckselr = RCC->PLLCKSELR;
 643              		.loc 1 424 5 view .LVU232
 424:Drivers/STM32H7xx_HAL_Driver/Src/stm32h7xx_hal_rcc.c ****     const uint32_t temp_pllckselr = RCC->PLLCKSELR;
 644              		.loc 1 424 37 is_stmt 0 view .LVU233
 645 0010 9B49     		ldr	r1, .L183
 646 0012 0A69     		ldr	r2, [r1, #16]
 425:Drivers/STM32H7xx_HAL_Driver/Src/stm32h7xx_hal_rcc.c ****     /* When the HSE is used as system clock or clock source for PLL in these cases HSE will not dis
 647              		.loc 1 425 20 view .LVU234
 648 0014 896A     		ldr	r1, [r1, #40]
 424:Drivers/STM32H7xx_HAL_Driver/Src/stm32h7xx_hal_rcc.c ****     const uint32_t temp_pllckselr = RCC->PLLCKSELR;
 649              		.loc 1 424 20 view .LVU235
 650 0016 02F03802 		and	r2, r2, #56
 651              	.LVL46:
 425:Drivers/STM32H7xx_HAL_Driver/Src/stm32h7xx_hal_rcc.c ****     /* When the HSE is used as system clock or clock source for PLL in these cases HSE will not dis
 652              		.loc 1 425 5 is_stmt 1 view .LVU236
 427:Drivers/STM32H7xx_HAL_Driver/Src/stm32h7xx_hal_rcc.c ****     {
 653              		.loc 1 427 5 view .LVU237
 427:Drivers/STM32H7xx_HAL_Driver/Src/stm32h7xx_hal_rcc.c ****     {
 654              		.loc 1 427 8 is_stmt 0 view .LVU238
 655 001a 102A     		cmp	r2, #16
 656 001c 00F0D680 		beq	.L50
 427:Drivers/STM32H7xx_HAL_Driver/Src/stm32h7xx_hal_rcc.c ****     {
 657              		.loc 1 427 46 discriminator 1 view .LVU239
 658 0020 182A     		cmp	r2, #24
 659 0022 00F0CE80 		beq	.L171
 660              	.LVL47:
 661              	.L51:
 437:Drivers/STM32H7xx_HAL_Driver/Src/stm32h7xx_hal_rcc.c **** 
 662              		.loc 1 437 7 is_stmt 1 view .LVU240
ARM GAS  C:\Users\l1234\AppData\Local\Temp\cc5S3qmC.s 			page 42


 437:Drivers/STM32H7xx_HAL_Driver/Src/stm32h7xx_hal_rcc.c **** 
 663              		.loc 1 437 7 view .LVU241
 664 0026 6368     		ldr	r3, [r4, #4]
 665 0028 B3F5803F 		cmp	r3, #65536
 666 002c 00F0EE80 		beq	.L172
 437:Drivers/STM32H7xx_HAL_Driver/Src/stm32h7xx_hal_rcc.c **** 
 667              		.loc 1 437 7 discriminator 2 view .LVU242
 668 0030 002B     		cmp	r3, #0
 669 0032 00F04481 		beq	.L173
 437:Drivers/STM32H7xx_HAL_Driver/Src/stm32h7xx_hal_rcc.c **** 
 670              		.loc 1 437 7 discriminator 5 view .LVU243
 671 0036 B3F5A02F 		cmp	r3, #327680
 672 003a 914B     		ldr	r3, .L183
 673 003c 1A68     		ldr	r2, [r3]
 674              	.LVL48:
 437:Drivers/STM32H7xx_HAL_Driver/Src/stm32h7xx_hal_rcc.c **** 
 675              		.loc 1 437 7 is_stmt 0 discriminator 5 view .LVU244
 676 003e 00F04E82 		beq	.L174
 437:Drivers/STM32H7xx_HAL_Driver/Src/stm32h7xx_hal_rcc.c **** 
 677              		.loc 1 437 7 is_stmt 1 discriminator 8 view .LVU245
 678 0042 22F48032 		bic	r2, r2, #65536
 679 0046 1A60     		str	r2, [r3]
 437:Drivers/STM32H7xx_HAL_Driver/Src/stm32h7xx_hal_rcc.c **** 
 680              		.loc 1 437 7 discriminator 8 view .LVU246
 681 0048 1A68     		ldr	r2, [r3]
 682 004a 22F48022 		bic	r2, r2, #262144
 683 004e 1A60     		str	r2, [r3]
 437:Drivers/STM32H7xx_HAL_Driver/Src/stm32h7xx_hal_rcc.c **** 
 684              		.loc 1 437 7 discriminator 8 view .LVU247
 440:Drivers/STM32H7xx_HAL_Driver/Src/stm32h7xx_hal_rcc.c ****       {
 685              		.loc 1 440 7 discriminator 8 view .LVU248
 686              	.L54:
 443:Drivers/STM32H7xx_HAL_Driver/Src/stm32h7xx_hal_rcc.c **** 
 687              		.loc 1 443 9 view .LVU249
 443:Drivers/STM32H7xx_HAL_Driver/Src/stm32h7xx_hal_rcc.c **** 
 688              		.loc 1 443 21 is_stmt 0 view .LVU250
 689 0050 FFF7FEFF 		bl	HAL_GetTick
 690              	.LVL49:
 446:Drivers/STM32H7xx_HAL_Driver/Src/stm32h7xx_hal_rcc.c ****         {
 691              		.loc 1 446 16 view .LVU251
 692 0054 8A4E     		ldr	r6, .L183
 443:Drivers/STM32H7xx_HAL_Driver/Src/stm32h7xx_hal_rcc.c **** 
 693              		.loc 1 443 21 view .LVU252
 694 0056 0546     		mov	r5, r0
 695              	.LVL50:
 446:Drivers/STM32H7xx_HAL_Driver/Src/stm32h7xx_hal_rcc.c ****         {
 696              		.loc 1 446 9 is_stmt 1 view .LVU253
 446:Drivers/STM32H7xx_HAL_Driver/Src/stm32h7xx_hal_rcc.c ****         {
 697              		.loc 1 446 15 is_stmt 0 view .LVU254
 698 0058 05E0     		b	.L58
 699              	.LVL51:
 700              	.L60:
 448:Drivers/STM32H7xx_HAL_Driver/Src/stm32h7xx_hal_rcc.c ****           {
 701              		.loc 1 448 26 view .LVU255
 702 005a FFF7FEFF 		bl	HAL_GetTick
 703              	.LVL52:
 448:Drivers/STM32H7xx_HAL_Driver/Src/stm32h7xx_hal_rcc.c ****           {
ARM GAS  C:\Users\l1234\AppData\Local\Temp\cc5S3qmC.s 			page 43


 704              		.loc 1 448 40 view .LVU256
 705 005e 401B     		subs	r0, r0, r5
 448:Drivers/STM32H7xx_HAL_Driver/Src/stm32h7xx_hal_rcc.c ****           {
 706              		.loc 1 448 14 view .LVU257
 707 0060 6428     		cmp	r0, #100
 708 0062 00F22A81 		bhi	.L61
 709              	.L58:
 448:Drivers/STM32H7xx_HAL_Driver/Src/stm32h7xx_hal_rcc.c ****           {
 710              		.loc 1 448 11 is_stmt 1 view .LVU258
 446:Drivers/STM32H7xx_HAL_Driver/Src/stm32h7xx_hal_rcc.c ****         {
 711              		.loc 1 446 52 view .LVU259
 446:Drivers/STM32H7xx_HAL_Driver/Src/stm32h7xx_hal_rcc.c ****         {
 712              		.loc 1 446 16 is_stmt 0 view .LVU260
 713 0066 3368     		ldr	r3, [r6]
 446:Drivers/STM32H7xx_HAL_Driver/Src/stm32h7xx_hal_rcc.c ****         {
 714              		.loc 1 446 52 view .LVU261
 715 0068 9B03     		lsls	r3, r3, #14
 716 006a F6D5     		bpl	.L60
 717              	.LVL53:
 718              	.L167:
 446:Drivers/STM32H7xx_HAL_Driver/Src/stm32h7xx_hal_rcc.c ****         {
 719              		.loc 1 446 52 view .LVU262
 720              	.LBE2:
 471:Drivers/STM32H7xx_HAL_Driver/Src/stm32h7xx_hal_rcc.c ****   {
 721              		.loc 1 471 26 view .LVU263
 722 006c 2368     		ldr	r3, [r4]
 723              	.LVL54:
 724              	.L49:
 471:Drivers/STM32H7xx_HAL_Driver/Src/stm32h7xx_hal_rcc.c ****   {
 725              		.loc 1 471 3 is_stmt 1 view .LVU264
 471:Drivers/STM32H7xx_HAL_Driver/Src/stm32h7xx_hal_rcc.c ****   {
 726              		.loc 1 471 6 is_stmt 0 view .LVU265
 727 006e 9D07     		lsls	r5, r3, #30
 728 0070 64D4     		bmi	.L175
 729              	.L63:
 552:Drivers/STM32H7xx_HAL_Driver/Src/stm32h7xx_hal_rcc.c ****   {
 730              		.loc 1 552 3 is_stmt 1 view .LVU266
 552:Drivers/STM32H7xx_HAL_Driver/Src/stm32h7xx_hal_rcc.c ****   {
 731              		.loc 1 552 6 is_stmt 0 view .LVU267
 732 0072 D906     		lsls	r1, r3, #27
 733 0074 28D5     		bpl	.L75
 734              	.LBB3:
 555:Drivers/STM32H7xx_HAL_Driver/Src/stm32h7xx_hal_rcc.c ****     assert_param(IS_RCC_CSICALIBRATION_VALUE(RCC_OscInitStruct->CSICalibrationValue));
 735              		.loc 1 555 5 is_stmt 1 view .LVU268
 556:Drivers/STM32H7xx_HAL_Driver/Src/stm32h7xx_hal_rcc.c **** 
 736              		.loc 1 556 5 view .LVU269
 559:Drivers/STM32H7xx_HAL_Driver/Src/stm32h7xx_hal_rcc.c ****     const uint32_t temp_pllckselr = RCC->PLLCKSELR;
 737              		.loc 1 559 5 view .LVU270
 559:Drivers/STM32H7xx_HAL_Driver/Src/stm32h7xx_hal_rcc.c ****     const uint32_t temp_pllckselr = RCC->PLLCKSELR;
 738              		.loc 1 559 37 is_stmt 0 view .LVU271
 739 0076 8249     		ldr	r1, .L183
 740 0078 0A69     		ldr	r2, [r1, #16]
 560:Drivers/STM32H7xx_HAL_Driver/Src/stm32h7xx_hal_rcc.c ****     if ((temp_sysclksrc == RCC_CFGR_SWS_CSI) || ((temp_sysclksrc == RCC_CFGR_SWS_PLL1) && ((temp_pl
 741              		.loc 1 560 20 view .LVU272
 742 007a 896A     		ldr	r1, [r1, #40]
 559:Drivers/STM32H7xx_HAL_Driver/Src/stm32h7xx_hal_rcc.c ****     const uint32_t temp_pllckselr = RCC->PLLCKSELR;
 743              		.loc 1 559 20 view .LVU273
ARM GAS  C:\Users\l1234\AppData\Local\Temp\cc5S3qmC.s 			page 44


 744 007c 02F03802 		and	r2, r2, #56
 745              	.LVL55:
 560:Drivers/STM32H7xx_HAL_Driver/Src/stm32h7xx_hal_rcc.c ****     if ((temp_sysclksrc == RCC_CFGR_SWS_CSI) || ((temp_sysclksrc == RCC_CFGR_SWS_PLL1) && ((temp_pl
 746              		.loc 1 560 5 is_stmt 1 view .LVU274
 561:Drivers/STM32H7xx_HAL_Driver/Src/stm32h7xx_hal_rcc.c ****     {
 747              		.loc 1 561 5 view .LVU275
 561:Drivers/STM32H7xx_HAL_Driver/Src/stm32h7xx_hal_rcc.c ****     {
 748              		.loc 1 561 8 is_stmt 0 view .LVU276
 749 0080 082A     		cmp	r2, #8
 750 0082 00F0B380 		beq	.L76
 561:Drivers/STM32H7xx_HAL_Driver/Src/stm32h7xx_hal_rcc.c ****     {
 751              		.loc 1 561 46 discriminator 1 view .LVU277
 752 0086 182A     		cmp	r2, #24
 753 0088 00F0AB80 		beq	.L176
 754              	.LVL56:
 755              	.L77:
 578:Drivers/STM32H7xx_HAL_Driver/Src/stm32h7xx_hal_rcc.c ****       {
 756              		.loc 1 578 7 is_stmt 1 view .LVU278
 578:Drivers/STM32H7xx_HAL_Driver/Src/stm32h7xx_hal_rcc.c ****       {
 757              		.loc 1 578 10 is_stmt 0 view .LVU279
 758 008c E369     		ldr	r3, [r4, #28]
 581:Drivers/STM32H7xx_HAL_Driver/Src/stm32h7xx_hal_rcc.c **** 
 759              		.loc 1 581 9 view .LVU280
 760 008e 7C4D     		ldr	r5, .L183
 578:Drivers/STM32H7xx_HAL_Driver/Src/stm32h7xx_hal_rcc.c ****       {
 761              		.loc 1 578 10 view .LVU281
 762 0090 002B     		cmp	r3, #0
 763 0092 00F04C81 		beq	.L80
 581:Drivers/STM32H7xx_HAL_Driver/Src/stm32h7xx_hal_rcc.c **** 
 764              		.loc 1 581 9 is_stmt 1 view .LVU282
 765 0096 2B68     		ldr	r3, [r5]
 766 0098 43F08003 		orr	r3, r3, #128
 767 009c 2B60     		str	r3, [r5]
 584:Drivers/STM32H7xx_HAL_Driver/Src/stm32h7xx_hal_rcc.c **** 
 768              		.loc 1 584 9 view .LVU283
 584:Drivers/STM32H7xx_HAL_Driver/Src/stm32h7xx_hal_rcc.c **** 
 769              		.loc 1 584 21 is_stmt 0 view .LVU284
 770 009e FFF7FEFF 		bl	HAL_GetTick
 771              	.LVL57:
 584:Drivers/STM32H7xx_HAL_Driver/Src/stm32h7xx_hal_rcc.c **** 
 772              		.loc 1 584 21 view .LVU285
 773 00a2 0646     		mov	r6, r0
 774              	.LVL58:
 587:Drivers/STM32H7xx_HAL_Driver/Src/stm32h7xx_hal_rcc.c ****         {
 775              		.loc 1 587 9 is_stmt 1 view .LVU286
 587:Drivers/STM32H7xx_HAL_Driver/Src/stm32h7xx_hal_rcc.c ****         {
 776              		.loc 1 587 15 is_stmt 0 view .LVU287
 777 00a4 05E0     		b	.L81
 778              	.LVL59:
 779              	.L82:
 589:Drivers/STM32H7xx_HAL_Driver/Src/stm32h7xx_hal_rcc.c ****           {
 780              		.loc 1 589 16 view .LVU288
 781 00a6 FFF7FEFF 		bl	HAL_GetTick
 782              	.LVL60:
 589:Drivers/STM32H7xx_HAL_Driver/Src/stm32h7xx_hal_rcc.c ****           {
 783              		.loc 1 589 30 view .LVU289
 784 00aa 801B     		subs	r0, r0, r6
ARM GAS  C:\Users\l1234\AppData\Local\Temp\cc5S3qmC.s 			page 45


 589:Drivers/STM32H7xx_HAL_Driver/Src/stm32h7xx_hal_rcc.c ****           {
 785              		.loc 1 589 14 view .LVU290
 786 00ac 0228     		cmp	r0, #2
 787 00ae 00F20481 		bhi	.L61
 788              	.L81:
 589:Drivers/STM32H7xx_HAL_Driver/Src/stm32h7xx_hal_rcc.c ****           {
 789              		.loc 1 589 11 is_stmt 1 view .LVU291
 587:Drivers/STM32H7xx_HAL_Driver/Src/stm32h7xx_hal_rcc.c ****         {
 790              		.loc 1 587 52 view .LVU292
 587:Drivers/STM32H7xx_HAL_Driver/Src/stm32h7xx_hal_rcc.c ****         {
 791              		.loc 1 587 16 is_stmt 0 view .LVU293
 792 00b2 2B68     		ldr	r3, [r5]
 587:Drivers/STM32H7xx_HAL_Driver/Src/stm32h7xx_hal_rcc.c ****         {
 793              		.loc 1 587 52 view .LVU294
 794 00b4 DB05     		lsls	r3, r3, #23
 795 00b6 F6D5     		bpl	.L82
 596:Drivers/STM32H7xx_HAL_Driver/Src/stm32h7xx_hal_rcc.c ****       }
 796              		.loc 1 596 9 is_stmt 1 view .LVU295
 596:Drivers/STM32H7xx_HAL_Driver/Src/stm32h7xx_hal_rcc.c ****       }
 797              		.loc 1 596 9 view .LVU296
 798 00b8 EB68     		ldr	r3, [r5, #12]
 799 00ba 226A     		ldr	r2, [r4, #32]
 800 00bc 23F07C53 		bic	r3, r3, #1056964608
 801 00c0 43EA0263 		orr	r3, r3, r2, lsl #24
 802 00c4 EB60     		str	r3, [r5, #12]
 596:Drivers/STM32H7xx_HAL_Driver/Src/stm32h7xx_hal_rcc.c ****       }
 803              		.loc 1 596 9 view .LVU297
 804              	.LBE3:
 618:Drivers/STM32H7xx_HAL_Driver/Src/stm32h7xx_hal_rcc.c ****   {
 805              		.loc 1 618 26 is_stmt 0 view .LVU298
 806 00c6 2368     		ldr	r3, [r4]
 807              	.LVL61:
 808              	.L75:
 618:Drivers/STM32H7xx_HAL_Driver/Src/stm32h7xx_hal_rcc.c ****   {
 809              		.loc 1 618 3 is_stmt 1 view .LVU299
 618:Drivers/STM32H7xx_HAL_Driver/Src/stm32h7xx_hal_rcc.c ****   {
 810              		.loc 1 618 6 is_stmt 0 view .LVU300
 811 00c8 1D07     		lsls	r5, r3, #28
 812 00ca 16D5     		bpl	.L85
 621:Drivers/STM32H7xx_HAL_Driver/Src/stm32h7xx_hal_rcc.c **** 
 813              		.loc 1 621 5 is_stmt 1 view .LVU301
 624:Drivers/STM32H7xx_HAL_Driver/Src/stm32h7xx_hal_rcc.c ****     {
 814              		.loc 1 624 5 view .LVU302
 624:Drivers/STM32H7xx_HAL_Driver/Src/stm32h7xx_hal_rcc.c ****     {
 815              		.loc 1 624 8 is_stmt 0 view .LVU303
 816 00cc 6369     		ldr	r3, [r4, #20]
 627:Drivers/STM32H7xx_HAL_Driver/Src/stm32h7xx_hal_rcc.c **** 
 817              		.loc 1 627 7 view .LVU304
 818 00ce 6C4D     		ldr	r5, .L183
 624:Drivers/STM32H7xx_HAL_Driver/Src/stm32h7xx_hal_rcc.c ****     {
 819              		.loc 1 624 8 view .LVU305
 820 00d0 002B     		cmp	r3, #0
 821 00d2 00F00A81 		beq	.L86
 627:Drivers/STM32H7xx_HAL_Driver/Src/stm32h7xx_hal_rcc.c **** 
 822              		.loc 1 627 7 is_stmt 1 view .LVU306
 823 00d6 6B6F     		ldr	r3, [r5, #116]
 824 00d8 43F00103 		orr	r3, r3, #1
ARM GAS  C:\Users\l1234\AppData\Local\Temp\cc5S3qmC.s 			page 46


 825 00dc 6B67     		str	r3, [r5, #116]
 630:Drivers/STM32H7xx_HAL_Driver/Src/stm32h7xx_hal_rcc.c **** 
 826              		.loc 1 630 7 view .LVU307
 630:Drivers/STM32H7xx_HAL_Driver/Src/stm32h7xx_hal_rcc.c **** 
 827              		.loc 1 630 19 is_stmt 0 view .LVU308
 828 00de FFF7FEFF 		bl	HAL_GetTick
 829              	.LVL62:
 830 00e2 0646     		mov	r6, r0
 831              	.LVL63:
 633:Drivers/STM32H7xx_HAL_Driver/Src/stm32h7xx_hal_rcc.c ****       {
 832              		.loc 1 633 7 is_stmt 1 view .LVU309
 633:Drivers/STM32H7xx_HAL_Driver/Src/stm32h7xx_hal_rcc.c ****       {
 833              		.loc 1 633 13 is_stmt 0 view .LVU310
 834 00e4 05E0     		b	.L87
 835              	.LVL64:
 836              	.L88:
 635:Drivers/STM32H7xx_HAL_Driver/Src/stm32h7xx_hal_rcc.c ****         {
 837              		.loc 1 635 14 view .LVU311
 838 00e6 FFF7FEFF 		bl	HAL_GetTick
 839              	.LVL65:
 635:Drivers/STM32H7xx_HAL_Driver/Src/stm32h7xx_hal_rcc.c ****         {
 840              		.loc 1 635 28 view .LVU312
 841 00ea 801B     		subs	r0, r0, r6
 635:Drivers/STM32H7xx_HAL_Driver/Src/stm32h7xx_hal_rcc.c ****         {
 842              		.loc 1 635 12 view .LVU313
 843 00ec 0228     		cmp	r0, #2
 844 00ee 00F2E480 		bhi	.L61
 845              	.L87:
 635:Drivers/STM32H7xx_HAL_Driver/Src/stm32h7xx_hal_rcc.c ****         {
 846              		.loc 1 635 9 is_stmt 1 view .LVU314
 633:Drivers/STM32H7xx_HAL_Driver/Src/stm32h7xx_hal_rcc.c ****       {
 847              		.loc 1 633 50 view .LVU315
 633:Drivers/STM32H7xx_HAL_Driver/Src/stm32h7xx_hal_rcc.c ****       {
 848              		.loc 1 633 14 is_stmt 0 view .LVU316
 849 00f2 6B6F     		ldr	r3, [r5, #116]
 633:Drivers/STM32H7xx_HAL_Driver/Src/stm32h7xx_hal_rcc.c ****       {
 850              		.loc 1 633 50 view .LVU317
 851 00f4 9807     		lsls	r0, r3, #30
 852 00f6 F6D5     		bpl	.L88
 853              	.L169:
 661:Drivers/STM32H7xx_HAL_Driver/Src/stm32h7xx_hal_rcc.c ****   {
 854              		.loc 1 661 26 view .LVU318
 855 00f8 2368     		ldr	r3, [r4]
 856              	.LVL66:
 857              	.L85:
 661:Drivers/STM32H7xx_HAL_Driver/Src/stm32h7xx_hal_rcc.c ****   {
 858              		.loc 1 661 3 is_stmt 1 view .LVU319
 661:Drivers/STM32H7xx_HAL_Driver/Src/stm32h7xx_hal_rcc.c ****   {
 859              		.loc 1 661 6 is_stmt 0 view .LVU320
 860 00fa 9A06     		lsls	r2, r3, #26
 861 00fc 16D5     		bpl	.L91
 664:Drivers/STM32H7xx_HAL_Driver/Src/stm32h7xx_hal_rcc.c **** 
 862              		.loc 1 664 5 is_stmt 1 view .LVU321
 667:Drivers/STM32H7xx_HAL_Driver/Src/stm32h7xx_hal_rcc.c ****     {
 863              		.loc 1 667 5 view .LVU322
 667:Drivers/STM32H7xx_HAL_Driver/Src/stm32h7xx_hal_rcc.c ****     {
 864              		.loc 1 667 8 is_stmt 0 view .LVU323
ARM GAS  C:\Users\l1234\AppData\Local\Temp\cc5S3qmC.s 			page 47


 865 00fe A369     		ldr	r3, [r4, #24]
 670:Drivers/STM32H7xx_HAL_Driver/Src/stm32h7xx_hal_rcc.c **** 
 866              		.loc 1 670 7 view .LVU324
 867 0100 5F4D     		ldr	r5, .L183
 667:Drivers/STM32H7xx_HAL_Driver/Src/stm32h7xx_hal_rcc.c ****     {
 868              		.loc 1 667 8 view .LVU325
 869 0102 002B     		cmp	r3, #0
 870 0104 00F00281 		beq	.L92
 670:Drivers/STM32H7xx_HAL_Driver/Src/stm32h7xx_hal_rcc.c **** 
 871              		.loc 1 670 7 is_stmt 1 view .LVU326
 872 0108 2B68     		ldr	r3, [r5]
 873 010a 43F48053 		orr	r3, r3, #4096
 874 010e 2B60     		str	r3, [r5]
 670:Drivers/STM32H7xx_HAL_Driver/Src/stm32h7xx_hal_rcc.c **** 
 875              		.loc 1 670 31 view .LVU327
 673:Drivers/STM32H7xx_HAL_Driver/Src/stm32h7xx_hal_rcc.c **** 
 876              		.loc 1 673 7 view .LVU328
 673:Drivers/STM32H7xx_HAL_Driver/Src/stm32h7xx_hal_rcc.c **** 
 877              		.loc 1 673 19 is_stmt 0 view .LVU329
 878 0110 FFF7FEFF 		bl	HAL_GetTick
 879              	.LVL67:
 880 0114 0646     		mov	r6, r0
 881              	.LVL68:
 676:Drivers/STM32H7xx_HAL_Driver/Src/stm32h7xx_hal_rcc.c ****       {
 882              		.loc 1 676 7 is_stmt 1 view .LVU330
 676:Drivers/STM32H7xx_HAL_Driver/Src/stm32h7xx_hal_rcc.c ****       {
 883              		.loc 1 676 13 is_stmt 0 view .LVU331
 884 0116 05E0     		b	.L93
 885              	.LVL69:
 886              	.L94:
 678:Drivers/STM32H7xx_HAL_Driver/Src/stm32h7xx_hal_rcc.c ****         {
 887              		.loc 1 678 14 view .LVU332
 888 0118 FFF7FEFF 		bl	HAL_GetTick
 889              	.LVL70:
 678:Drivers/STM32H7xx_HAL_Driver/Src/stm32h7xx_hal_rcc.c ****         {
 890              		.loc 1 678 28 view .LVU333
 891 011c 801B     		subs	r0, r0, r6
 678:Drivers/STM32H7xx_HAL_Driver/Src/stm32h7xx_hal_rcc.c ****         {
 892              		.loc 1 678 12 view .LVU334
 893 011e 0228     		cmp	r0, #2
 894 0120 00F2CB80 		bhi	.L61
 895              	.L93:
 678:Drivers/STM32H7xx_HAL_Driver/Src/stm32h7xx_hal_rcc.c ****         {
 896              		.loc 1 678 9 is_stmt 1 view .LVU335
 676:Drivers/STM32H7xx_HAL_Driver/Src/stm32h7xx_hal_rcc.c ****       {
 897              		.loc 1 676 52 view .LVU336
 676:Drivers/STM32H7xx_HAL_Driver/Src/stm32h7xx_hal_rcc.c ****       {
 898              		.loc 1 676 14 is_stmt 0 view .LVU337
 899 0124 2B68     		ldr	r3, [r5]
 676:Drivers/STM32H7xx_HAL_Driver/Src/stm32h7xx_hal_rcc.c ****       {
 900              		.loc 1 676 52 view .LVU338
 901 0126 9F04     		lsls	r7, r3, #18
 902 0128 F6D5     		bpl	.L94
 903              	.L170:
 703:Drivers/STM32H7xx_HAL_Driver/Src/stm32h7xx_hal_rcc.c ****   {
 904              		.loc 1 703 26 view .LVU339
 905 012a 2368     		ldr	r3, [r4]
ARM GAS  C:\Users\l1234\AppData\Local\Temp\cc5S3qmC.s 			page 48


 906              	.LVL71:
 907              	.L91:
 703:Drivers/STM32H7xx_HAL_Driver/Src/stm32h7xx_hal_rcc.c ****   {
 908              		.loc 1 703 3 is_stmt 1 view .LVU340
 703:Drivers/STM32H7xx_HAL_Driver/Src/stm32h7xx_hal_rcc.c ****   {
 909              		.loc 1 703 6 is_stmt 0 view .LVU341
 910 012c 5907     		lsls	r1, r3, #29
 911 012e 73D4     		bmi	.L97
 912              	.L109:
 756:Drivers/STM32H7xx_HAL_Driver/Src/stm32h7xx_hal_rcc.c ****   if ((RCC_OscInitStruct->PLL.PLLState) != RCC_PLL_NONE)
 913              		.loc 1 756 3 is_stmt 1 view .LVU342
 757:Drivers/STM32H7xx_HAL_Driver/Src/stm32h7xx_hal_rcc.c ****   {
 914              		.loc 1 757 3 view .LVU343
 757:Drivers/STM32H7xx_HAL_Driver/Src/stm32h7xx_hal_rcc.c ****   {
 915              		.loc 1 757 30 is_stmt 0 view .LVU344
 916 0130 636A     		ldr	r3, [r4, #36]
 757:Drivers/STM32H7xx_HAL_Driver/Src/stm32h7xx_hal_rcc.c ****   {
 917              		.loc 1 757 6 view .LVU345
 918 0132 002B     		cmp	r3, #0
 919 0134 40F0A880 		bne	.L98
 920              	.LVL72:
 921              	.L111:
 893:Drivers/STM32H7xx_HAL_Driver/Src/stm32h7xx_hal_rcc.c **** }
 922              		.loc 1 893 10 view .LVU346
 923 0138 0020     		movs	r0, #0
 894:Drivers/STM32H7xx_HAL_Driver/Src/stm32h7xx_hal_rcc.c **** 
 924              		.loc 1 894 1 view .LVU347
 925 013a F8BD     		pop	{r3, r4, r5, r6, r7, pc}
 926              	.LVL73:
 927              	.L175:
 928              	.LBB4:
 474:Drivers/STM32H7xx_HAL_Driver/Src/stm32h7xx_hal_rcc.c ****     assert_param(IS_RCC_HSICALIBRATION_VALUE(RCC_OscInitStruct->HSICalibrationValue));
 929              		.loc 1 474 5 is_stmt 1 view .LVU348
 475:Drivers/STM32H7xx_HAL_Driver/Src/stm32h7xx_hal_rcc.c **** 
 930              		.loc 1 475 5 view .LVU349
 478:Drivers/STM32H7xx_HAL_Driver/Src/stm32h7xx_hal_rcc.c ****     const uint32_t temp_pllckselr = RCC->PLLCKSELR;
 931              		.loc 1 478 5 view .LVU350
 478:Drivers/STM32H7xx_HAL_Driver/Src/stm32h7xx_hal_rcc.c ****     const uint32_t temp_pllckselr = RCC->PLLCKSELR;
 932              		.loc 1 478 37 is_stmt 0 view .LVU351
 933 013c 504A     		ldr	r2, .L183
 934 013e 1369     		ldr	r3, [r2, #16]
 935              	.LVL74:
 479:Drivers/STM32H7xx_HAL_Driver/Src/stm32h7xx_hal_rcc.c ****     if ((temp_sysclksrc == RCC_CFGR_SWS_HSI) || ((temp_sysclksrc == RCC_CFGR_SWS_PLL1) && ((temp_pl
 936              		.loc 1 479 5 is_stmt 1 view .LVU352
 479:Drivers/STM32H7xx_HAL_Driver/Src/stm32h7xx_hal_rcc.c ****     if ((temp_sysclksrc == RCC_CFGR_SWS_HSI) || ((temp_sysclksrc == RCC_CFGR_SWS_PLL1) && ((temp_pl
 937              		.loc 1 479 20 is_stmt 0 view .LVU353
 938 0140 926A     		ldr	r2, [r2, #40]
 939              	.LVL75:
 480:Drivers/STM32H7xx_HAL_Driver/Src/stm32h7xx_hal_rcc.c ****     {
 940              		.loc 1 480 5 is_stmt 1 view .LVU354
 480:Drivers/STM32H7xx_HAL_Driver/Src/stm32h7xx_hal_rcc.c ****     {
 941              		.loc 1 480 8 is_stmt 0 view .LVU355
 942 0142 13F03803 		ands	r3, r3, #56
 943              	.LVL76:
 480:Drivers/STM32H7xx_HAL_Driver/Src/stm32h7xx_hal_rcc.c ****     {
 944              		.loc 1 480 8 view .LVU356
 945 0146 22D1     		bne	.L177
ARM GAS  C:\Users\l1234\AppData\Local\Temp\cc5S3qmC.s 			page 49


 946              	.L64:
 483:Drivers/STM32H7xx_HAL_Driver/Src/stm32h7xx_hal_rcc.c ****       {
 947              		.loc 1 483 7 is_stmt 1 view .LVU357
 483:Drivers/STM32H7xx_HAL_Driver/Src/stm32h7xx_hal_rcc.c ****       {
 948              		.loc 1 483 12 is_stmt 0 view .LVU358
 949 0148 4D4B     		ldr	r3, .L183
 950              	.LVL77:
 512:Drivers/STM32H7xx_HAL_Driver/Src/stm32h7xx_hal_rcc.c ****       {
 951              		.loc 1 512 29 view .LVU359
 952 014a E268     		ldr	r2, [r4, #12]
 953              	.LVL78:
 483:Drivers/STM32H7xx_HAL_Driver/Src/stm32h7xx_hal_rcc.c ****       {
 954              		.loc 1 483 12 view .LVU360
 955 014c 1B68     		ldr	r3, [r3]
 483:Drivers/STM32H7xx_HAL_Driver/Src/stm32h7xx_hal_rcc.c ****       {
 956              		.loc 1 483 10 view .LVU361
 957 014e 5907     		lsls	r1, r3, #29
 958 0150 01D5     		bpl	.L66
 483:Drivers/STM32H7xx_HAL_Driver/Src/stm32h7xx_hal_rcc.c ****       {
 959              		.loc 1 483 55 discriminator 1 view .LVU362
 960 0152 002A     		cmp	r2, #0
 961 0154 43D0     		beq	.L48
 962              	.L66:
 491:Drivers/STM32H7xx_HAL_Driver/Src/stm32h7xx_hal_rcc.c **** 
 963              		.loc 1 491 9 is_stmt 1 view .LVU363
 964 0156 4A4D     		ldr	r5, .L183
 965 0158 2B68     		ldr	r3, [r5]
 966 015a 23F01903 		bic	r3, r3, #25
 967 015e 1343     		orrs	r3, r3, r2
 968 0160 2B60     		str	r3, [r5]
 494:Drivers/STM32H7xx_HAL_Driver/Src/stm32h7xx_hal_rcc.c **** 
 969              		.loc 1 494 9 view .LVU364
 494:Drivers/STM32H7xx_HAL_Driver/Src/stm32h7xx_hal_rcc.c **** 
 970              		.loc 1 494 21 is_stmt 0 view .LVU365
 971 0162 FFF7FEFF 		bl	HAL_GetTick
 972              	.LVL79:
 973 0166 0646     		mov	r6, r0
 974              	.LVL80:
 497:Drivers/STM32H7xx_HAL_Driver/Src/stm32h7xx_hal_rcc.c ****         {
 975              		.loc 1 497 9 is_stmt 1 view .LVU366
 497:Drivers/STM32H7xx_HAL_Driver/Src/stm32h7xx_hal_rcc.c ****         {
 976              		.loc 1 497 15 is_stmt 0 view .LVU367
 977 0168 05E0     		b	.L67
 978              	.LVL81:
 979              	.L68:
 499:Drivers/STM32H7xx_HAL_Driver/Src/stm32h7xx_hal_rcc.c ****           {
 980              		.loc 1 499 26 view .LVU368
 981 016a FFF7FEFF 		bl	HAL_GetTick
 982              	.LVL82:
 499:Drivers/STM32H7xx_HAL_Driver/Src/stm32h7xx_hal_rcc.c ****           {
 983              		.loc 1 499 40 view .LVU369
 984 016e 801B     		subs	r0, r0, r6
 499:Drivers/STM32H7xx_HAL_Driver/Src/stm32h7xx_hal_rcc.c ****           {
 985              		.loc 1 499 14 view .LVU370
 986 0170 0228     		cmp	r0, #2
 987 0172 00F2A280 		bhi	.L61
 988              	.L67:
ARM GAS  C:\Users\l1234\AppData\Local\Temp\cc5S3qmC.s 			page 50


 499:Drivers/STM32H7xx_HAL_Driver/Src/stm32h7xx_hal_rcc.c ****           {
 989              		.loc 1 499 11 is_stmt 1 view .LVU371
 497:Drivers/STM32H7xx_HAL_Driver/Src/stm32h7xx_hal_rcc.c ****         {
 990              		.loc 1 497 52 view .LVU372
 497:Drivers/STM32H7xx_HAL_Driver/Src/stm32h7xx_hal_rcc.c ****         {
 991              		.loc 1 497 16 is_stmt 0 view .LVU373
 992 0176 2B68     		ldr	r3, [r5]
 497:Drivers/STM32H7xx_HAL_Driver/Src/stm32h7xx_hal_rcc.c ****         {
 993              		.loc 1 497 52 view .LVU374
 994 0178 5B07     		lsls	r3, r3, #29
 995 017a F6D5     		bpl	.L68
 996              	.L168:
 530:Drivers/STM32H7xx_HAL_Driver/Src/stm32h7xx_hal_rcc.c ****       }
 997              		.loc 1 530 9 is_stmt 1 view .LVU375
 998 017c 6B68     		ldr	r3, [r5, #4]
 999 017e 2269     		ldr	r2, [r4, #16]
 1000 0180 23F0FE43 		bic	r3, r3, #2130706432
 1001 0184 43EA0263 		orr	r3, r3, r2, lsl #24
 1002 0188 6B60     		str	r3, [r5, #4]
 530:Drivers/STM32H7xx_HAL_Driver/Src/stm32h7xx_hal_rcc.c ****       }
 1003              		.loc 1 530 86 view .LVU376
 1004              	.LBE4:
 552:Drivers/STM32H7xx_HAL_Driver/Src/stm32h7xx_hal_rcc.c ****   {
 1005              		.loc 1 552 26 is_stmt 0 view .LVU377
 1006 018a 2368     		ldr	r3, [r4]
 1007              	.LBB5:
 1008 018c 71E7     		b	.L63
 1009              	.LVL83:
 1010              	.L177:
 480:Drivers/STM32H7xx_HAL_Driver/Src/stm32h7xx_hal_rcc.c ****     {
 1011              		.loc 1 480 46 discriminator 1 view .LVU378
 1012 018e 182B     		cmp	r3, #24
 1013 0190 00F0F080 		beq	.L178
 1014              	.L65:
 512:Drivers/STM32H7xx_HAL_Driver/Src/stm32h7xx_hal_rcc.c ****       {
 1015              		.loc 1 512 7 is_stmt 1 view .LVU379
 515:Drivers/STM32H7xx_HAL_Driver/Src/stm32h7xx_hal_rcc.c **** 
 1016              		.loc 1 515 9 is_stmt 0 view .LVU380
 1017 0194 3A4D     		ldr	r5, .L183
 512:Drivers/STM32H7xx_HAL_Driver/Src/stm32h7xx_hal_rcc.c ****       {
 1018              		.loc 1 512 29 view .LVU381
 1019 0196 E268     		ldr	r2, [r4, #12]
 1020              	.LVL84:
 515:Drivers/STM32H7xx_HAL_Driver/Src/stm32h7xx_hal_rcc.c **** 
 1021              		.loc 1 515 9 view .LVU382
 1022 0198 2B68     		ldr	r3, [r5]
 1023              	.LVL85:
 512:Drivers/STM32H7xx_HAL_Driver/Src/stm32h7xx_hal_rcc.c ****       {
 1024              		.loc 1 512 10 view .LVU383
 1025 019a 002A     		cmp	r2, #0
 1026 019c 00F0D980 		beq	.L69
 515:Drivers/STM32H7xx_HAL_Driver/Src/stm32h7xx_hal_rcc.c **** 
 1027              		.loc 1 515 9 is_stmt 1 view .LVU384
 1028 01a0 23F01903 		bic	r3, r3, #25
 1029 01a4 1343     		orrs	r3, r3, r2
 1030 01a6 2B60     		str	r3, [r5]
 518:Drivers/STM32H7xx_HAL_Driver/Src/stm32h7xx_hal_rcc.c **** 
ARM GAS  C:\Users\l1234\AppData\Local\Temp\cc5S3qmC.s 			page 51


 1031              		.loc 1 518 9 view .LVU385
 518:Drivers/STM32H7xx_HAL_Driver/Src/stm32h7xx_hal_rcc.c **** 
 1032              		.loc 1 518 21 is_stmt 0 view .LVU386
 1033 01a8 FFF7FEFF 		bl	HAL_GetTick
 1034              	.LVL86:
 1035 01ac 0646     		mov	r6, r0
 1036              	.LVL87:
 521:Drivers/STM32H7xx_HAL_Driver/Src/stm32h7xx_hal_rcc.c ****         {
 1037              		.loc 1 521 9 is_stmt 1 view .LVU387
 521:Drivers/STM32H7xx_HAL_Driver/Src/stm32h7xx_hal_rcc.c ****         {
 1038              		.loc 1 521 15 is_stmt 0 view .LVU388
 1039 01ae 04E0     		b	.L70
 1040              	.LVL88:
 1041              	.L71:
 523:Drivers/STM32H7xx_HAL_Driver/Src/stm32h7xx_hal_rcc.c ****           {
 1042              		.loc 1 523 16 view .LVU389
 1043 01b0 FFF7FEFF 		bl	HAL_GetTick
 1044              	.LVL89:
 523:Drivers/STM32H7xx_HAL_Driver/Src/stm32h7xx_hal_rcc.c ****           {
 1045              		.loc 1 523 30 view .LVU390
 1046 01b4 801B     		subs	r0, r0, r6
 523:Drivers/STM32H7xx_HAL_Driver/Src/stm32h7xx_hal_rcc.c ****           {
 1047              		.loc 1 523 14 view .LVU391
 1048 01b6 0228     		cmp	r0, #2
 1049 01b8 7FD8     		bhi	.L61
 1050              	.L70:
 523:Drivers/STM32H7xx_HAL_Driver/Src/stm32h7xx_hal_rcc.c ****           {
 1051              		.loc 1 523 11 is_stmt 1 view .LVU392
 521:Drivers/STM32H7xx_HAL_Driver/Src/stm32h7xx_hal_rcc.c ****         {
 1052              		.loc 1 521 52 view .LVU393
 521:Drivers/STM32H7xx_HAL_Driver/Src/stm32h7xx_hal_rcc.c ****         {
 1053              		.loc 1 521 16 is_stmt 0 view .LVU394
 1054 01ba 2B68     		ldr	r3, [r5]
 521:Drivers/STM32H7xx_HAL_Driver/Src/stm32h7xx_hal_rcc.c ****         {
 1055              		.loc 1 521 52 view .LVU395
 1056 01bc 5F07     		lsls	r7, r3, #29
 1057 01be F7D5     		bpl	.L71
 1058 01c0 DCE7     		b	.L168
 1059              	.LVL90:
 1060              	.L171:
 521:Drivers/STM32H7xx_HAL_Driver/Src/stm32h7xx_hal_rcc.c ****         {
 1061              		.loc 1 521 52 view .LVU396
 1062              	.LBE5:
 1063              	.LBB6:
 427:Drivers/STM32H7xx_HAL_Driver/Src/stm32h7xx_hal_rcc.c ****     {
 1064              		.loc 1 427 108 discriminator 2 view .LVU397
 1065 01c2 01F00301 		and	r1, r1, #3
 1066              	.LVL91:
 427:Drivers/STM32H7xx_HAL_Driver/Src/stm32h7xx_hal_rcc.c ****     {
 1067              		.loc 1 427 88 discriminator 2 view .LVU398
 1068 01c6 0229     		cmp	r1, #2
 1069 01c8 7FF42DAF 		bne	.L51
 1070              	.L50:
 429:Drivers/STM32H7xx_HAL_Driver/Src/stm32h7xx_hal_rcc.c ****       {
 1071              		.loc 1 429 7 is_stmt 1 view .LVU399
 429:Drivers/STM32H7xx_HAL_Driver/Src/stm32h7xx_hal_rcc.c ****       {
 1072              		.loc 1 429 12 is_stmt 0 view .LVU400
ARM GAS  C:\Users\l1234\AppData\Local\Temp\cc5S3qmC.s 			page 52


 1073 01cc 2C4A     		ldr	r2, .L183
 1074              	.LVL92:
 429:Drivers/STM32H7xx_HAL_Driver/Src/stm32h7xx_hal_rcc.c ****       {
 1075              		.loc 1 429 12 view .LVU401
 1076 01ce 1268     		ldr	r2, [r2]
 429:Drivers/STM32H7xx_HAL_Driver/Src/stm32h7xx_hal_rcc.c ****       {
 1077              		.loc 1 429 10 view .LVU402
 1078 01d0 9203     		lsls	r2, r2, #14
 1079 01d2 7FF54CAF 		bpl	.L49
 429:Drivers/STM32H7xx_HAL_Driver/Src/stm32h7xx_hal_rcc.c ****       {
 1080              		.loc 1 429 55 discriminator 1 view .LVU403
 1081 01d6 6268     		ldr	r2, [r4, #4]
 1082 01d8 002A     		cmp	r2, #0
 1083 01da 7FF448AF 		bne	.L49
 1084              	.LVL93:
 1085              	.L48:
 429:Drivers/STM32H7xx_HAL_Driver/Src/stm32h7xx_hal_rcc.c ****       {
 1086              		.loc 1 429 55 discriminator 1 view .LVU404
 1087              	.LBE6:
 413:Drivers/STM32H7xx_HAL_Driver/Src/stm32h7xx_hal_rcc.c ****   }
 1088              		.loc 1 413 12 view .LVU405
 1089 01de 0120     		movs	r0, #1
 894:Drivers/STM32H7xx_HAL_Driver/Src/stm32h7xx_hal_rcc.c **** 
 1090              		.loc 1 894 1 view .LVU406
 1091 01e0 F8BD     		pop	{r3, r4, r5, r6, r7, pc}
 1092              	.LVL94:
 1093              	.L176:
 1094              	.LBB7:
 561:Drivers/STM32H7xx_HAL_Driver/Src/stm32h7xx_hal_rcc.c ****     {
 1095              		.loc 1 561 108 discriminator 2 view .LVU407
 1096 01e2 01F00301 		and	r1, r1, #3
 1097              	.LVL95:
 561:Drivers/STM32H7xx_HAL_Driver/Src/stm32h7xx_hal_rcc.c ****     {
 1098              		.loc 1 561 88 discriminator 2 view .LVU408
 1099 01e6 0129     		cmp	r1, #1
 1100 01e8 7FF450AF 		bne	.L77
 1101              	.L76:
 564:Drivers/STM32H7xx_HAL_Driver/Src/stm32h7xx_hal_rcc.c ****       {
 1102              		.loc 1 564 7 is_stmt 1 view .LVU409
 564:Drivers/STM32H7xx_HAL_Driver/Src/stm32h7xx_hal_rcc.c ****       {
 1103              		.loc 1 564 12 is_stmt 0 view .LVU410
 1104 01ec 244A     		ldr	r2, .L183
 1105              	.LVL96:
 564:Drivers/STM32H7xx_HAL_Driver/Src/stm32h7xx_hal_rcc.c ****       {
 1106              		.loc 1 564 12 view .LVU411
 1107 01ee 1268     		ldr	r2, [r2]
 564:Drivers/STM32H7xx_HAL_Driver/Src/stm32h7xx_hal_rcc.c ****       {
 1108              		.loc 1 564 10 view .LVU412
 1109 01f0 D205     		lsls	r2, r2, #23
 1110 01f2 02D5     		bpl	.L78
 564:Drivers/STM32H7xx_HAL_Driver/Src/stm32h7xx_hal_rcc.c ****       {
 1111              		.loc 1 564 55 discriminator 1 view .LVU413
 1112 01f4 E269     		ldr	r2, [r4, #28]
 1113 01f6 802A     		cmp	r2, #128
 1114 01f8 F1D1     		bne	.L48
 1115              	.L78:
 572:Drivers/STM32H7xx_HAL_Driver/Src/stm32h7xx_hal_rcc.c ****       }
ARM GAS  C:\Users\l1234\AppData\Local\Temp\cc5S3qmC.s 			page 53


 1116              		.loc 1 572 9 is_stmt 1 view .LVU414
 572:Drivers/STM32H7xx_HAL_Driver/Src/stm32h7xx_hal_rcc.c ****       }
 1117              		.loc 1 572 9 view .LVU415
 1118 01fa 2149     		ldr	r1, .L183
 1119 01fc 206A     		ldr	r0, [r4, #32]
 1120 01fe CA68     		ldr	r2, [r1, #12]
 1121 0200 22F07C52 		bic	r2, r2, #1056964608
 1122 0204 42EA0062 		orr	r2, r2, r0, lsl #24
 1123 0208 CA60     		str	r2, [r1, #12]
 572:Drivers/STM32H7xx_HAL_Driver/Src/stm32h7xx_hal_rcc.c ****       }
 1124              		.loc 1 572 9 view .LVU416
 564:Drivers/STM32H7xx_HAL_Driver/Src/stm32h7xx_hal_rcc.c ****       {
 1125              		.loc 1 564 10 is_stmt 0 view .LVU417
 1126 020a 5DE7     		b	.L75
 1127              	.LVL97:
 1128              	.L172:
 564:Drivers/STM32H7xx_HAL_Driver/Src/stm32h7xx_hal_rcc.c ****       {
 1129              		.loc 1 564 10 view .LVU418
 1130              	.LBE7:
 1131              	.LBB8:
 437:Drivers/STM32H7xx_HAL_Driver/Src/stm32h7xx_hal_rcc.c **** 
 1132              		.loc 1 437 7 is_stmt 1 discriminator 1 view .LVU419
 1133 020c 1C4A     		ldr	r2, .L183
 1134              	.LVL98:
 437:Drivers/STM32H7xx_HAL_Driver/Src/stm32h7xx_hal_rcc.c **** 
 1135              		.loc 1 437 7 is_stmt 0 discriminator 1 view .LVU420
 1136 020e 1368     		ldr	r3, [r2]
 1137 0210 43F48033 		orr	r3, r3, #65536
 1138 0214 1360     		str	r3, [r2]
 437:Drivers/STM32H7xx_HAL_Driver/Src/stm32h7xx_hal_rcc.c **** 
 1139              		.loc 1 437 7 is_stmt 1 discriminator 1 view .LVU421
 440:Drivers/STM32H7xx_HAL_Driver/Src/stm32h7xx_hal_rcc.c ****       {
 1140              		.loc 1 440 7 discriminator 1 view .LVU422
 1141 0216 1BE7     		b	.L54
 1142              	.LVL99:
 1143              	.L97:
 440:Drivers/STM32H7xx_HAL_Driver/Src/stm32h7xx_hal_rcc.c ****       {
 1144              		.loc 1 440 7 is_stmt 0 discriminator 1 view .LVU423
 1145              	.LBE8:
 706:Drivers/STM32H7xx_HAL_Driver/Src/stm32h7xx_hal_rcc.c **** 
 1146              		.loc 1 706 5 is_stmt 1 view .LVU424
 709:Drivers/STM32H7xx_HAL_Driver/Src/stm32h7xx_hal_rcc.c **** 
 1147              		.loc 1 709 5 view .LVU425
 709:Drivers/STM32H7xx_HAL_Driver/Src/stm32h7xx_hal_rcc.c **** 
 1148              		.loc 1 709 8 is_stmt 0 view .LVU426
 1149 0218 1A4D     		ldr	r5, .L183+4
 1150 021a 2B68     		ldr	r3, [r5]
 709:Drivers/STM32H7xx_HAL_Driver/Src/stm32h7xx_hal_rcc.c **** 
 1151              		.loc 1 709 14 view .LVU427
 1152 021c 43F48073 		orr	r3, r3, #256
 1153 0220 2B60     		str	r3, [r5]
 712:Drivers/STM32H7xx_HAL_Driver/Src/stm32h7xx_hal_rcc.c **** 
 1154              		.loc 1 712 5 is_stmt 1 view .LVU428
 712:Drivers/STM32H7xx_HAL_Driver/Src/stm32h7xx_hal_rcc.c **** 
 1155              		.loc 1 712 17 is_stmt 0 view .LVU429
 1156 0222 FFF7FEFF 		bl	HAL_GetTick
 1157              	.LVL100:
ARM GAS  C:\Users\l1234\AppData\Local\Temp\cc5S3qmC.s 			page 54


 1158 0226 0646     		mov	r6, r0
 1159              	.LVL101:
 714:Drivers/STM32H7xx_HAL_Driver/Src/stm32h7xx_hal_rcc.c ****     {
 1160              		.loc 1 714 5 is_stmt 1 view .LVU430
 714:Drivers/STM32H7xx_HAL_Driver/Src/stm32h7xx_hal_rcc.c ****     {
 1161              		.loc 1 714 11 is_stmt 0 view .LVU431
 1162 0228 04E0     		b	.L100
 1163              	.LVL102:
 1164              	.L101:
 716:Drivers/STM32H7xx_HAL_Driver/Src/stm32h7xx_hal_rcc.c ****       {
 1165              		.loc 1 716 12 view .LVU432
 1166 022a FFF7FEFF 		bl	HAL_GetTick
 1167              	.LVL103:
 716:Drivers/STM32H7xx_HAL_Driver/Src/stm32h7xx_hal_rcc.c ****       {
 1168              		.loc 1 716 26 view .LVU433
 1169 022e 801B     		subs	r0, r0, r6
 716:Drivers/STM32H7xx_HAL_Driver/Src/stm32h7xx_hal_rcc.c ****       {
 1170              		.loc 1 716 10 view .LVU434
 1171 0230 6428     		cmp	r0, #100
 1172 0232 42D8     		bhi	.L61
 1173              	.L100:
 716:Drivers/STM32H7xx_HAL_Driver/Src/stm32h7xx_hal_rcc.c ****       {
 1174              		.loc 1 716 7 is_stmt 1 view .LVU435
 714:Drivers/STM32H7xx_HAL_Driver/Src/stm32h7xx_hal_rcc.c ****     {
 1175              		.loc 1 714 37 view .LVU436
 714:Drivers/STM32H7xx_HAL_Driver/Src/stm32h7xx_hal_rcc.c ****     {
 1176              		.loc 1 714 16 is_stmt 0 view .LVU437
 1177 0234 2B68     		ldr	r3, [r5]
 714:Drivers/STM32H7xx_HAL_Driver/Src/stm32h7xx_hal_rcc.c ****     {
 1178              		.loc 1 714 37 view .LVU438
 1179 0236 DA05     		lsls	r2, r3, #23
 1180 0238 F7D5     		bpl	.L101
 723:Drivers/STM32H7xx_HAL_Driver/Src/stm32h7xx_hal_rcc.c ****     /* Check the LSE State */
 1181              		.loc 1 723 5 is_stmt 1 view .LVU439
 723:Drivers/STM32H7xx_HAL_Driver/Src/stm32h7xx_hal_rcc.c ****     /* Check the LSE State */
 1182              		.loc 1 723 5 view .LVU440
 1183 023a A368     		ldr	r3, [r4, #8]
 1184 023c 012B     		cmp	r3, #1
 1185 023e 00F06F81 		beq	.L179
 723:Drivers/STM32H7xx_HAL_Driver/Src/stm32h7xx_hal_rcc.c ****     /* Check the LSE State */
 1186              		.loc 1 723 5 discriminator 2 view .LVU441
 1187 0242 002B     		cmp	r3, #0
 1188 0244 00F05381 		beq	.L180
 723:Drivers/STM32H7xx_HAL_Driver/Src/stm32h7xx_hal_rcc.c ****     /* Check the LSE State */
 1189              		.loc 1 723 5 discriminator 5 view .LVU442
 1190 0248 052B     		cmp	r3, #5
 1191 024a 0D4B     		ldr	r3, .L183
 1192 024c 1A6F     		ldr	r2, [r3, #112]
 1193 024e 00F07381 		beq	.L181
 723:Drivers/STM32H7xx_HAL_Driver/Src/stm32h7xx_hal_rcc.c ****     /* Check the LSE State */
 1194              		.loc 1 723 5 discriminator 8 view .LVU443
 1195 0252 22F00102 		bic	r2, r2, #1
 1196 0256 1A67     		str	r2, [r3, #112]
 723:Drivers/STM32H7xx_HAL_Driver/Src/stm32h7xx_hal_rcc.c ****     /* Check the LSE State */
 1197              		.loc 1 723 5 discriminator 8 view .LVU444
 1198 0258 1A6F     		ldr	r2, [r3, #112]
 1199 025a 22F00402 		bic	r2, r2, #4
ARM GAS  C:\Users\l1234\AppData\Local\Temp\cc5S3qmC.s 			page 55


 1200 025e 1A67     		str	r2, [r3, #112]
 723:Drivers/STM32H7xx_HAL_Driver/Src/stm32h7xx_hal_rcc.c ****     /* Check the LSE State */
 1201              		.loc 1 723 5 discriminator 8 view .LVU445
 725:Drivers/STM32H7xx_HAL_Driver/Src/stm32h7xx_hal_rcc.c ****     {
 1202              		.loc 1 725 5 discriminator 8 view .LVU446
 1203              	.L103:
 728:Drivers/STM32H7xx_HAL_Driver/Src/stm32h7xx_hal_rcc.c **** 
 1204              		.loc 1 728 7 view .LVU447
 728:Drivers/STM32H7xx_HAL_Driver/Src/stm32h7xx_hal_rcc.c **** 
 1205              		.loc 1 728 19 is_stmt 0 view .LVU448
 1206 0260 FFF7FEFF 		bl	HAL_GetTick
 1207              	.LVL104:
 731:Drivers/STM32H7xx_HAL_Driver/Src/stm32h7xx_hal_rcc.c ****       {
 1208              		.loc 1 731 14 view .LVU449
 1209 0264 064E     		ldr	r6, .L183
 1210              	.LVL105:
 733:Drivers/STM32H7xx_HAL_Driver/Src/stm32h7xx_hal_rcc.c ****         {
 1211              		.loc 1 733 12 view .LVU450
 1212 0266 41F28837 		movw	r7, #5000
 728:Drivers/STM32H7xx_HAL_Driver/Src/stm32h7xx_hal_rcc.c **** 
 1213              		.loc 1 728 19 view .LVU451
 1214 026a 0546     		mov	r5, r0
 1215              	.LVL106:
 731:Drivers/STM32H7xx_HAL_Driver/Src/stm32h7xx_hal_rcc.c ****       {
 1216              		.loc 1 731 7 is_stmt 1 view .LVU452
 731:Drivers/STM32H7xx_HAL_Driver/Src/stm32h7xx_hal_rcc.c ****       {
 1217              		.loc 1 731 13 is_stmt 0 view .LVU453
 1218 026c 04E0     		b	.L107
 1219              	.LVL107:
 1220              	.L108:
 733:Drivers/STM32H7xx_HAL_Driver/Src/stm32h7xx_hal_rcc.c ****         {
 1221              		.loc 1 733 14 view .LVU454
 1222 026e FFF7FEFF 		bl	HAL_GetTick
 1223              	.LVL108:
 733:Drivers/STM32H7xx_HAL_Driver/Src/stm32h7xx_hal_rcc.c ****         {
 1224              		.loc 1 733 28 view .LVU455
 1225 0272 401B     		subs	r0, r0, r5
 733:Drivers/STM32H7xx_HAL_Driver/Src/stm32h7xx_hal_rcc.c ****         {
 1226              		.loc 1 733 12 view .LVU456
 1227 0274 B842     		cmp	r0, r7
 1228 0276 20D8     		bhi	.L61
 1229              	.L107:
 733:Drivers/STM32H7xx_HAL_Driver/Src/stm32h7xx_hal_rcc.c ****         {
 1230              		.loc 1 733 9 is_stmt 1 view .LVU457
 731:Drivers/STM32H7xx_HAL_Driver/Src/stm32h7xx_hal_rcc.c ****       {
 1231              		.loc 1 731 50 view .LVU458
 731:Drivers/STM32H7xx_HAL_Driver/Src/stm32h7xx_hal_rcc.c ****       {
 1232              		.loc 1 731 14 is_stmt 0 view .LVU459
 1233 0278 336F     		ldr	r3, [r6, #112]
 731:Drivers/STM32H7xx_HAL_Driver/Src/stm32h7xx_hal_rcc.c ****       {
 1234              		.loc 1 731 50 view .LVU460
 1235 027a 9B07     		lsls	r3, r3, #30
 1236 027c F7D5     		bpl	.L108
 1237 027e 57E7     		b	.L109
 1238              	.L184:
 1239              		.align	2
 1240              	.L183:
ARM GAS  C:\Users\l1234\AppData\Local\Temp\cc5S3qmC.s 			page 56


 1241 0280 00440258 		.word	1476543488
 1242 0284 00480258 		.word	1476544512
 1243              	.LVL109:
 1244              	.L98:
 760:Drivers/STM32H7xx_HAL_Driver/Src/stm32h7xx_hal_rcc.c ****     {
 1245              		.loc 1 760 5 is_stmt 1 view .LVU461
 760:Drivers/STM32H7xx_HAL_Driver/Src/stm32h7xx_hal_rcc.c ****     {
 1246              		.loc 1 760 9 is_stmt 0 view .LVU462
 1247 0288 A84D     		ldr	r5, .L185
 1248 028a 2A69     		ldr	r2, [r5, #16]
 1249 028c 02F03802 		and	r2, r2, #56
 760:Drivers/STM32H7xx_HAL_Driver/Src/stm32h7xx_hal_rcc.c ****     {
 1250              		.loc 1 760 8 view .LVU463
 1251 0290 182A     		cmp	r2, #24
 1252 0292 00F0D780 		beq	.L112
 762:Drivers/STM32H7xx_HAL_Driver/Src/stm32h7xx_hal_rcc.c ****       {
 1253              		.loc 1 762 7 is_stmt 1 view .LVU464
 762:Drivers/STM32H7xx_HAL_Driver/Src/stm32h7xx_hal_rcc.c ****       {
 1254              		.loc 1 762 10 is_stmt 0 view .LVU465
 1255 0296 022B     		cmp	r3, #2
 776:Drivers/STM32H7xx_HAL_Driver/Src/stm32h7xx_hal_rcc.c **** 
 1256              		.loc 1 776 9 view .LVU466
 1257 0298 2B68     		ldr	r3, [r5]
 1258 029a 23F08073 		bic	r3, r3, #16777216
 1259 029e 2B60     		str	r3, [r5]
 762:Drivers/STM32H7xx_HAL_Driver/Src/stm32h7xx_hal_rcc.c ****       {
 1260              		.loc 1 762 10 view .LVU467
 1261 02a0 6CD0     		beq	.L182
 840:Drivers/STM32H7xx_HAL_Driver/Src/stm32h7xx_hal_rcc.c **** 
 1262              		.loc 1 840 9 is_stmt 1 view .LVU468
 843:Drivers/STM32H7xx_HAL_Driver/Src/stm32h7xx_hal_rcc.c **** 
 1263              		.loc 1 843 9 view .LVU469
 843:Drivers/STM32H7xx_HAL_Driver/Src/stm32h7xx_hal_rcc.c **** 
 1264              		.loc 1 843 21 is_stmt 0 view .LVU470
 1265 02a2 FFF7FEFF 		bl	HAL_GetTick
 1266              	.LVL110:
 1267 02a6 0446     		mov	r4, r0
 1268              	.LVL111:
 846:Drivers/STM32H7xx_HAL_Driver/Src/stm32h7xx_hal_rcc.c ****         {
 1269              		.loc 1 846 9 is_stmt 1 view .LVU471
 1270              	.L118:
 848:Drivers/STM32H7xx_HAL_Driver/Src/stm32h7xx_hal_rcc.c ****           {
 1271              		.loc 1 848 11 view .LVU472
 846:Drivers/STM32H7xx_HAL_Driver/Src/stm32h7xx_hal_rcc.c ****         {
 1272              		.loc 1 846 52 view .LVU473
 846:Drivers/STM32H7xx_HAL_Driver/Src/stm32h7xx_hal_rcc.c ****         {
 1273              		.loc 1 846 16 is_stmt 0 view .LVU474
 1274 02a8 2B68     		ldr	r3, [r5]
 846:Drivers/STM32H7xx_HAL_Driver/Src/stm32h7xx_hal_rcc.c ****         {
 1275              		.loc 1 846 52 view .LVU475
 1276 02aa 9B01     		lsls	r3, r3, #6
 1277 02ac 7FF544AF 		bpl	.L111
 848:Drivers/STM32H7xx_HAL_Driver/Src/stm32h7xx_hal_rcc.c ****           {
 1278              		.loc 1 848 16 view .LVU476
 1279 02b0 FFF7FEFF 		bl	HAL_GetTick
 1280              	.LVL112:
 848:Drivers/STM32H7xx_HAL_Driver/Src/stm32h7xx_hal_rcc.c ****           {
ARM GAS  C:\Users\l1234\AppData\Local\Temp\cc5S3qmC.s 			page 57


 1281              		.loc 1 848 30 view .LVU477
 1282 02b4 001B     		subs	r0, r0, r4
 848:Drivers/STM32H7xx_HAL_Driver/Src/stm32h7xx_hal_rcc.c ****           {
 1283              		.loc 1 848 14 view .LVU478
 1284 02b6 0228     		cmp	r0, #2
 1285 02b8 F6D9     		bls	.L118
 1286              	.LVL113:
 1287              	.L61:
 1288              	.LBB9:
 450:Drivers/STM32H7xx_HAL_Driver/Src/stm32h7xx_hal_rcc.c ****           }
 1289              		.loc 1 450 20 view .LVU479
 1290 02ba 0320     		movs	r0, #3
 1291              	.LBE9:
 894:Drivers/STM32H7xx_HAL_Driver/Src/stm32h7xx_hal_rcc.c **** 
 1292              		.loc 1 894 1 view .LVU480
 1293 02bc F8BD     		pop	{r3, r4, r5, r6, r7, pc}
 1294              	.LVL114:
 1295              	.L173:
 1296              	.LBB10:
 437:Drivers/STM32H7xx_HAL_Driver/Src/stm32h7xx_hal_rcc.c **** 
 1297              		.loc 1 437 7 is_stmt 1 discriminator 4 view .LVU481
 1298 02be 9B4D     		ldr	r5, .L185
 1299 02c0 2B68     		ldr	r3, [r5]
 1300 02c2 23F48033 		bic	r3, r3, #65536
 1301 02c6 2B60     		str	r3, [r5]
 437:Drivers/STM32H7xx_HAL_Driver/Src/stm32h7xx_hal_rcc.c **** 
 1302              		.loc 1 437 7 discriminator 4 view .LVU482
 1303 02c8 2B68     		ldr	r3, [r5]
 1304 02ca 23F48023 		bic	r3, r3, #262144
 1305 02ce 2B60     		str	r3, [r5]
 437:Drivers/STM32H7xx_HAL_Driver/Src/stm32h7xx_hal_rcc.c **** 
 1306              		.loc 1 437 7 discriminator 4 view .LVU483
 440:Drivers/STM32H7xx_HAL_Driver/Src/stm32h7xx_hal_rcc.c ****       {
 1307              		.loc 1 440 7 discriminator 4 view .LVU484
 457:Drivers/STM32H7xx_HAL_Driver/Src/stm32h7xx_hal_rcc.c **** 
 1308              		.loc 1 457 9 discriminator 4 view .LVU485
 457:Drivers/STM32H7xx_HAL_Driver/Src/stm32h7xx_hal_rcc.c **** 
 1309              		.loc 1 457 21 is_stmt 0 discriminator 4 view .LVU486
 1310 02d0 FFF7FEFF 		bl	HAL_GetTick
 1311              	.LVL115:
 457:Drivers/STM32H7xx_HAL_Driver/Src/stm32h7xx_hal_rcc.c **** 
 1312              		.loc 1 457 21 discriminator 4 view .LVU487
 1313 02d4 0646     		mov	r6, r0
 1314              	.LVL116:
 460:Drivers/STM32H7xx_HAL_Driver/Src/stm32h7xx_hal_rcc.c ****         {
 1315              		.loc 1 460 9 is_stmt 1 discriminator 4 view .LVU488
 460:Drivers/STM32H7xx_HAL_Driver/Src/stm32h7xx_hal_rcc.c ****         {
 1316              		.loc 1 460 15 is_stmt 0 discriminator 4 view .LVU489
 1317 02d6 04E0     		b	.L56
 1318              	.LVL117:
 1319              	.L62:
 462:Drivers/STM32H7xx_HAL_Driver/Src/stm32h7xx_hal_rcc.c ****           {
 1320              		.loc 1 462 26 view .LVU490
 1321 02d8 FFF7FEFF 		bl	HAL_GetTick
 1322              	.LVL118:
 462:Drivers/STM32H7xx_HAL_Driver/Src/stm32h7xx_hal_rcc.c ****           {
 1323              		.loc 1 462 40 view .LVU491
ARM GAS  C:\Users\l1234\AppData\Local\Temp\cc5S3qmC.s 			page 58


 1324 02dc 801B     		subs	r0, r0, r6
 462:Drivers/STM32H7xx_HAL_Driver/Src/stm32h7xx_hal_rcc.c ****           {
 1325              		.loc 1 462 14 view .LVU492
 1326 02de 6428     		cmp	r0, #100
 1327 02e0 EBD8     		bhi	.L61
 1328              	.L56:
 462:Drivers/STM32H7xx_HAL_Driver/Src/stm32h7xx_hal_rcc.c ****           {
 1329              		.loc 1 462 11 is_stmt 1 view .LVU493
 460:Drivers/STM32H7xx_HAL_Driver/Src/stm32h7xx_hal_rcc.c ****         {
 1330              		.loc 1 460 52 view .LVU494
 460:Drivers/STM32H7xx_HAL_Driver/Src/stm32h7xx_hal_rcc.c ****         {
 1331              		.loc 1 460 16 is_stmt 0 view .LVU495
 1332 02e2 2B68     		ldr	r3, [r5]
 460:Drivers/STM32H7xx_HAL_Driver/Src/stm32h7xx_hal_rcc.c ****         {
 1333              		.loc 1 460 52 view .LVU496
 1334 02e4 9F03     		lsls	r7, r3, #14
 1335 02e6 F7D4     		bmi	.L62
 1336 02e8 C0E6     		b	.L167
 1337              	.LVL119:
 1338              	.L86:
 460:Drivers/STM32H7xx_HAL_Driver/Src/stm32h7xx_hal_rcc.c ****         {
 1339              		.loc 1 460 52 view .LVU497
 1340              	.LBE10:
 644:Drivers/STM32H7xx_HAL_Driver/Src/stm32h7xx_hal_rcc.c **** 
 1341              		.loc 1 644 7 is_stmt 1 view .LVU498
 1342 02ea 6B6F     		ldr	r3, [r5, #116]
 1343 02ec 23F00103 		bic	r3, r3, #1
 1344 02f0 6B67     		str	r3, [r5, #116]
 647:Drivers/STM32H7xx_HAL_Driver/Src/stm32h7xx_hal_rcc.c **** 
 1345              		.loc 1 647 7 view .LVU499
 647:Drivers/STM32H7xx_HAL_Driver/Src/stm32h7xx_hal_rcc.c **** 
 1346              		.loc 1 647 19 is_stmt 0 view .LVU500
 1347 02f2 FFF7FEFF 		bl	HAL_GetTick
 1348              	.LVL120:
 1349 02f6 0646     		mov	r6, r0
 1350              	.LVL121:
 650:Drivers/STM32H7xx_HAL_Driver/Src/stm32h7xx_hal_rcc.c ****       {
 1351              		.loc 1 650 7 is_stmt 1 view .LVU501
 650:Drivers/STM32H7xx_HAL_Driver/Src/stm32h7xx_hal_rcc.c ****       {
 1352              		.loc 1 650 13 is_stmt 0 view .LVU502
 1353 02f8 04E0     		b	.L89
 1354              	.LVL122:
 1355              	.L90:
 652:Drivers/STM32H7xx_HAL_Driver/Src/stm32h7xx_hal_rcc.c ****         {
 1356              		.loc 1 652 14 view .LVU503
 1357 02fa FFF7FEFF 		bl	HAL_GetTick
 1358              	.LVL123:
 652:Drivers/STM32H7xx_HAL_Driver/Src/stm32h7xx_hal_rcc.c ****         {
 1359              		.loc 1 652 28 view .LVU504
 1360 02fe 801B     		subs	r0, r0, r6
 652:Drivers/STM32H7xx_HAL_Driver/Src/stm32h7xx_hal_rcc.c ****         {
 1361              		.loc 1 652 12 view .LVU505
 1362 0300 0228     		cmp	r0, #2
 1363 0302 DAD8     		bhi	.L61
 1364              	.L89:
 652:Drivers/STM32H7xx_HAL_Driver/Src/stm32h7xx_hal_rcc.c ****         {
 1365              		.loc 1 652 9 is_stmt 1 view .LVU506
ARM GAS  C:\Users\l1234\AppData\Local\Temp\cc5S3qmC.s 			page 59


 650:Drivers/STM32H7xx_HAL_Driver/Src/stm32h7xx_hal_rcc.c ****       {
 1366              		.loc 1 650 50 view .LVU507
 650:Drivers/STM32H7xx_HAL_Driver/Src/stm32h7xx_hal_rcc.c ****       {
 1367              		.loc 1 650 14 is_stmt 0 view .LVU508
 1368 0304 6B6F     		ldr	r3, [r5, #116]
 650:Drivers/STM32H7xx_HAL_Driver/Src/stm32h7xx_hal_rcc.c ****       {
 1369              		.loc 1 650 50 view .LVU509
 1370 0306 9907     		lsls	r1, r3, #30
 1371 0308 F7D4     		bmi	.L90
 1372 030a F5E6     		b	.L169
 1373              	.LVL124:
 1374              	.L92:
 687:Drivers/STM32H7xx_HAL_Driver/Src/stm32h7xx_hal_rcc.c **** 
 1375              		.loc 1 687 7 is_stmt 1 view .LVU510
 1376 030c 2B68     		ldr	r3, [r5]
 1377 030e 23F48053 		bic	r3, r3, #4096
 1378 0312 2B60     		str	r3, [r5]
 687:Drivers/STM32H7xx_HAL_Driver/Src/stm32h7xx_hal_rcc.c **** 
 1379              		.loc 1 687 32 view .LVU511
 690:Drivers/STM32H7xx_HAL_Driver/Src/stm32h7xx_hal_rcc.c **** 
 1380              		.loc 1 690 7 view .LVU512
 690:Drivers/STM32H7xx_HAL_Driver/Src/stm32h7xx_hal_rcc.c **** 
 1381              		.loc 1 690 19 is_stmt 0 view .LVU513
 1382 0314 FFF7FEFF 		bl	HAL_GetTick
 1383              	.LVL125:
 1384 0318 0646     		mov	r6, r0
 1385              	.LVL126:
 693:Drivers/STM32H7xx_HAL_Driver/Src/stm32h7xx_hal_rcc.c ****       {
 1386              		.loc 1 693 7 is_stmt 1 view .LVU514
 693:Drivers/STM32H7xx_HAL_Driver/Src/stm32h7xx_hal_rcc.c ****       {
 1387              		.loc 1 693 13 is_stmt 0 view .LVU515
 1388 031a 04E0     		b	.L95
 1389              	.LVL127:
 1390              	.L96:
 695:Drivers/STM32H7xx_HAL_Driver/Src/stm32h7xx_hal_rcc.c ****         {
 1391              		.loc 1 695 14 view .LVU516
 1392 031c FFF7FEFF 		bl	HAL_GetTick
 1393              	.LVL128:
 695:Drivers/STM32H7xx_HAL_Driver/Src/stm32h7xx_hal_rcc.c ****         {
 1394              		.loc 1 695 28 view .LVU517
 1395 0320 801B     		subs	r0, r0, r6
 695:Drivers/STM32H7xx_HAL_Driver/Src/stm32h7xx_hal_rcc.c ****         {
 1396              		.loc 1 695 12 view .LVU518
 1397 0322 0228     		cmp	r0, #2
 1398 0324 C9D8     		bhi	.L61
 1399              	.L95:
 695:Drivers/STM32H7xx_HAL_Driver/Src/stm32h7xx_hal_rcc.c ****         {
 1400              		.loc 1 695 9 is_stmt 1 view .LVU519
 693:Drivers/STM32H7xx_HAL_Driver/Src/stm32h7xx_hal_rcc.c ****       {
 1401              		.loc 1 693 52 view .LVU520
 693:Drivers/STM32H7xx_HAL_Driver/Src/stm32h7xx_hal_rcc.c ****       {
 1402              		.loc 1 693 14 is_stmt 0 view .LVU521
 1403 0326 2B68     		ldr	r3, [r5]
 693:Drivers/STM32H7xx_HAL_Driver/Src/stm32h7xx_hal_rcc.c ****       {
 1404              		.loc 1 693 52 view .LVU522
 1405 0328 9804     		lsls	r0, r3, #18
 1406 032a F7D4     		bmi	.L96
ARM GAS  C:\Users\l1234\AppData\Local\Temp\cc5S3qmC.s 			page 60


 1407 032c FDE6     		b	.L170
 1408              	.LVL129:
 1409              	.L80:
 1410              	.LBB11:
 601:Drivers/STM32H7xx_HAL_Driver/Src/stm32h7xx_hal_rcc.c **** 
 1411              		.loc 1 601 9 is_stmt 1 view .LVU523
 1412 032e 2B68     		ldr	r3, [r5]
 1413 0330 23F08003 		bic	r3, r3, #128
 1414 0334 2B60     		str	r3, [r5]
 604:Drivers/STM32H7xx_HAL_Driver/Src/stm32h7xx_hal_rcc.c **** 
 1415              		.loc 1 604 9 view .LVU524
 604:Drivers/STM32H7xx_HAL_Driver/Src/stm32h7xx_hal_rcc.c **** 
 1416              		.loc 1 604 21 is_stmt 0 view .LVU525
 1417 0336 FFF7FEFF 		bl	HAL_GetTick
 1418              	.LVL130:
 604:Drivers/STM32H7xx_HAL_Driver/Src/stm32h7xx_hal_rcc.c **** 
 1419              		.loc 1 604 21 view .LVU526
 1420 033a 0646     		mov	r6, r0
 1421              	.LVL131:
 607:Drivers/STM32H7xx_HAL_Driver/Src/stm32h7xx_hal_rcc.c ****         {
 1422              		.loc 1 607 9 is_stmt 1 view .LVU527
 607:Drivers/STM32H7xx_HAL_Driver/Src/stm32h7xx_hal_rcc.c ****         {
 1423              		.loc 1 607 15 is_stmt 0 view .LVU528
 1424 033c 04E0     		b	.L83
 1425              	.LVL132:
 1426              	.L84:
 609:Drivers/STM32H7xx_HAL_Driver/Src/stm32h7xx_hal_rcc.c ****           {
 1427              		.loc 1 609 16 view .LVU529
 1428 033e FFF7FEFF 		bl	HAL_GetTick
 1429              	.LVL133:
 609:Drivers/STM32H7xx_HAL_Driver/Src/stm32h7xx_hal_rcc.c ****           {
 1430              		.loc 1 609 30 view .LVU530
 1431 0342 801B     		subs	r0, r0, r6
 609:Drivers/STM32H7xx_HAL_Driver/Src/stm32h7xx_hal_rcc.c ****           {
 1432              		.loc 1 609 14 view .LVU531
 1433 0344 0228     		cmp	r0, #2
 1434 0346 B8D8     		bhi	.L61
 1435              	.L83:
 609:Drivers/STM32H7xx_HAL_Driver/Src/stm32h7xx_hal_rcc.c ****           {
 1436              		.loc 1 609 11 is_stmt 1 view .LVU532
 607:Drivers/STM32H7xx_HAL_Driver/Src/stm32h7xx_hal_rcc.c ****         {
 1437              		.loc 1 607 52 view .LVU533
 607:Drivers/STM32H7xx_HAL_Driver/Src/stm32h7xx_hal_rcc.c ****         {
 1438              		.loc 1 607 16 is_stmt 0 view .LVU534
 1439 0348 2B68     		ldr	r3, [r5]
 607:Drivers/STM32H7xx_HAL_Driver/Src/stm32h7xx_hal_rcc.c ****         {
 1440              		.loc 1 607 52 view .LVU535
 1441 034a DF05     		lsls	r7, r3, #23
 1442 034c F7D4     		bmi	.L84
 1443              	.LBE11:
 618:Drivers/STM32H7xx_HAL_Driver/Src/stm32h7xx_hal_rcc.c ****   {
 1444              		.loc 1 618 26 view .LVU536
 1445 034e 2368     		ldr	r3, [r4]
 1446 0350 BAE6     		b	.L75
 1447              	.LVL134:
 1448              	.L69:
 1449              	.LBB12:
ARM GAS  C:\Users\l1234\AppData\Local\Temp\cc5S3qmC.s 			page 61


 535:Drivers/STM32H7xx_HAL_Driver/Src/stm32h7xx_hal_rcc.c **** 
 1450              		.loc 1 535 9 is_stmt 1 view .LVU537
 1451 0352 23F00103 		bic	r3, r3, #1
 1452 0356 2B60     		str	r3, [r5]
 538:Drivers/STM32H7xx_HAL_Driver/Src/stm32h7xx_hal_rcc.c **** 
 1453              		.loc 1 538 9 view .LVU538
 538:Drivers/STM32H7xx_HAL_Driver/Src/stm32h7xx_hal_rcc.c **** 
 1454              		.loc 1 538 21 is_stmt 0 view .LVU539
 1455 0358 FFF7FEFF 		bl	HAL_GetTick
 1456              	.LVL135:
 1457 035c 0646     		mov	r6, r0
 1458              	.LVL136:
 541:Drivers/STM32H7xx_HAL_Driver/Src/stm32h7xx_hal_rcc.c ****         {
 1459              		.loc 1 541 9 is_stmt 1 view .LVU540
 541:Drivers/STM32H7xx_HAL_Driver/Src/stm32h7xx_hal_rcc.c ****         {
 1460              		.loc 1 541 15 is_stmt 0 view .LVU541
 1461 035e 04E0     		b	.L72
 1462              	.LVL137:
 1463              	.L73:
 543:Drivers/STM32H7xx_HAL_Driver/Src/stm32h7xx_hal_rcc.c ****           {
 1464              		.loc 1 543 16 view .LVU542
 1465 0360 FFF7FEFF 		bl	HAL_GetTick
 1466              	.LVL138:
 543:Drivers/STM32H7xx_HAL_Driver/Src/stm32h7xx_hal_rcc.c ****           {
 1467              		.loc 1 543 30 view .LVU543
 1468 0364 801B     		subs	r0, r0, r6
 543:Drivers/STM32H7xx_HAL_Driver/Src/stm32h7xx_hal_rcc.c ****           {
 1469              		.loc 1 543 14 view .LVU544
 1470 0366 0228     		cmp	r0, #2
 1471 0368 A7D8     		bhi	.L61
 1472              	.L72:
 543:Drivers/STM32H7xx_HAL_Driver/Src/stm32h7xx_hal_rcc.c ****           {
 1473              		.loc 1 543 11 is_stmt 1 view .LVU545
 541:Drivers/STM32H7xx_HAL_Driver/Src/stm32h7xx_hal_rcc.c ****         {
 1474              		.loc 1 541 52 view .LVU546
 541:Drivers/STM32H7xx_HAL_Driver/Src/stm32h7xx_hal_rcc.c ****         {
 1475              		.loc 1 541 16 is_stmt 0 view .LVU547
 1476 036a 2B68     		ldr	r3, [r5]
 541:Drivers/STM32H7xx_HAL_Driver/Src/stm32h7xx_hal_rcc.c ****         {
 1477              		.loc 1 541 52 view .LVU548
 1478 036c 5807     		lsls	r0, r3, #29
 1479 036e F7D4     		bmi	.L73
 1480              	.LBE12:
 552:Drivers/STM32H7xx_HAL_Driver/Src/stm32h7xx_hal_rcc.c ****   {
 1481              		.loc 1 552 26 view .LVU549
 1482 0370 2368     		ldr	r3, [r4]
 1483 0372 7EE6     		b	.L63
 1484              	.LVL139:
 1485              	.L178:
 1486              	.LBB13:
 480:Drivers/STM32H7xx_HAL_Driver/Src/stm32h7xx_hal_rcc.c ****     {
 1487              		.loc 1 480 88 discriminator 2 view .LVU550
 1488 0374 9007     		lsls	r0, r2, #30
 1489 0376 7FF40DAF 		bne	.L65
 1490 037a E5E6     		b	.L64
 1491              	.LVL140:
 1492              	.L182:
ARM GAS  C:\Users\l1234\AppData\Local\Temp\cc5S3qmC.s 			page 62


 480:Drivers/STM32H7xx_HAL_Driver/Src/stm32h7xx_hal_rcc.c ****     {
 1493              		.loc 1 480 88 discriminator 2 view .LVU551
 1494              	.LBE13:
 765:Drivers/STM32H7xx_HAL_Driver/Src/stm32h7xx_hal_rcc.c ****         assert_param(IS_RCC_PLLRGE_VALUE(RCC_OscInitStruct->PLL.PLLRGE));
 1495              		.loc 1 765 9 is_stmt 1 view .LVU552
 766:Drivers/STM32H7xx_HAL_Driver/Src/stm32h7xx_hal_rcc.c ****         assert_param(IS_RCC_PLLVCO_VALUE(RCC_OscInitStruct->PLL.PLLVCOSEL));
 1496              		.loc 1 766 9 view .LVU553
 767:Drivers/STM32H7xx_HAL_Driver/Src/stm32h7xx_hal_rcc.c ****         assert_param(IS_RCC_PLLM_VALUE(RCC_OscInitStruct->PLL.PLLM));
 1497              		.loc 1 767 9 view .LVU554
 768:Drivers/STM32H7xx_HAL_Driver/Src/stm32h7xx_hal_rcc.c ****         assert_param(IS_RCC_PLLN_VALUE(RCC_OscInitStruct->PLL.PLLN));
 1498              		.loc 1 768 9 view .LVU555
 769:Drivers/STM32H7xx_HAL_Driver/Src/stm32h7xx_hal_rcc.c ****         assert_param(IS_RCC_PLLP_VALUE(RCC_OscInitStruct->PLL.PLLP));
 1499              		.loc 1 769 9 view .LVU556
 770:Drivers/STM32H7xx_HAL_Driver/Src/stm32h7xx_hal_rcc.c ****         assert_param(IS_RCC_PLLQ_VALUE(RCC_OscInitStruct->PLL.PLLQ));
 1500              		.loc 1 770 9 view .LVU557
 771:Drivers/STM32H7xx_HAL_Driver/Src/stm32h7xx_hal_rcc.c ****         assert_param(IS_RCC_PLLR_VALUE(RCC_OscInitStruct->PLL.PLLR));
 1501              		.loc 1 771 9 view .LVU558
 772:Drivers/STM32H7xx_HAL_Driver/Src/stm32h7xx_hal_rcc.c ****         assert_param(IS_RCC_PLLFRACN_VALUE(RCC_OscInitStruct->PLL.PLLFRACN));
 1502              		.loc 1 772 9 view .LVU559
 773:Drivers/STM32H7xx_HAL_Driver/Src/stm32h7xx_hal_rcc.c **** 
 1503              		.loc 1 773 9 view .LVU560
 776:Drivers/STM32H7xx_HAL_Driver/Src/stm32h7xx_hal_rcc.c **** 
 1504              		.loc 1 776 9 view .LVU561
 779:Drivers/STM32H7xx_HAL_Driver/Src/stm32h7xx_hal_rcc.c **** 
 1505              		.loc 1 779 9 view .LVU562
 779:Drivers/STM32H7xx_HAL_Driver/Src/stm32h7xx_hal_rcc.c **** 
 1506              		.loc 1 779 21 is_stmt 0 view .LVU563
 1507 037c FFF7FEFF 		bl	HAL_GetTick
 1508              	.LVL141:
 1509 0380 0646     		mov	r6, r0
 1510              	.LVL142:
 782:Drivers/STM32H7xx_HAL_Driver/Src/stm32h7xx_hal_rcc.c ****         {
 1511              		.loc 1 782 9 is_stmt 1 view .LVU564
 782:Drivers/STM32H7xx_HAL_Driver/Src/stm32h7xx_hal_rcc.c ****         {
 1512              		.loc 1 782 15 is_stmt 0 view .LVU565
 1513 0382 04E0     		b	.L114
 1514              	.LVL143:
 1515              	.L115:
 784:Drivers/STM32H7xx_HAL_Driver/Src/stm32h7xx_hal_rcc.c ****           {
 1516              		.loc 1 784 16 view .LVU566
 1517 0384 FFF7FEFF 		bl	HAL_GetTick
 1518              	.LVL144:
 784:Drivers/STM32H7xx_HAL_Driver/Src/stm32h7xx_hal_rcc.c ****           {
 1519              		.loc 1 784 30 view .LVU567
 1520 0388 801B     		subs	r0, r0, r6
 784:Drivers/STM32H7xx_HAL_Driver/Src/stm32h7xx_hal_rcc.c ****           {
 1521              		.loc 1 784 14 view .LVU568
 1522 038a 0228     		cmp	r0, #2
 1523 038c 95D8     		bhi	.L61
 1524              	.L114:
 784:Drivers/STM32H7xx_HAL_Driver/Src/stm32h7xx_hal_rcc.c ****           {
 1525              		.loc 1 784 11 is_stmt 1 view .LVU569
 782:Drivers/STM32H7xx_HAL_Driver/Src/stm32h7xx_hal_rcc.c ****         {
 1526              		.loc 1 782 52 view .LVU570
 782:Drivers/STM32H7xx_HAL_Driver/Src/stm32h7xx_hal_rcc.c ****         {
 1527              		.loc 1 782 16 is_stmt 0 view .LVU571
 1528 038e 2B68     		ldr	r3, [r5]
ARM GAS  C:\Users\l1234\AppData\Local\Temp\cc5S3qmC.s 			page 63


 782:Drivers/STM32H7xx_HAL_Driver/Src/stm32h7xx_hal_rcc.c ****         {
 1529              		.loc 1 782 52 view .LVU572
 1530 0390 9901     		lsls	r1, r3, #6
 1531 0392 F7D4     		bmi	.L115
 791:Drivers/STM32H7xx_HAL_Driver/Src/stm32h7xx_hal_rcc.c ****                              RCC_OscInitStruct->PLL.PLLM,
 1532              		.loc 1 791 9 is_stmt 1 view .LVU573
 791:Drivers/STM32H7xx_HAL_Driver/Src/stm32h7xx_hal_rcc.c ****                              RCC_OscInitStruct->PLL.PLLM,
 1533              		.loc 1 791 9 view .LVU574
 1534 0394 A96A     		ldr	r1, [r5, #40]
 1535 0396 664B     		ldr	r3, .L185+4
 1536 0398 A26A     		ldr	r2, [r4, #40]
 1537 039a 0B40     		ands	r3, r3, r1
 802:Drivers/STM32H7xx_HAL_Driver/Src/stm32h7xx_hal_rcc.c **** 
 1538              		.loc 1 802 9 is_stmt 0 view .LVU575
 1539 039c 6549     		ldr	r1, .L185+8
 829:Drivers/STM32H7xx_HAL_Driver/Src/stm32h7xx_hal_rcc.c ****         {
 1540              		.loc 1 829 16 view .LVU576
 1541 039e 634E     		ldr	r6, .L185
 1542              	.LVL145:
 791:Drivers/STM32H7xx_HAL_Driver/Src/stm32h7xx_hal_rcc.c ****                              RCC_OscInitStruct->PLL.PLLM,
 1543              		.loc 1 791 9 view .LVU577
 1544 03a0 1343     		orrs	r3, r3, r2
 1545 03a2 E26A     		ldr	r2, [r4, #44]
 1546 03a4 43EA0213 		orr	r3, r3, r2, lsl #4
 1547 03a8 AB62     		str	r3, [r5, #40]
 791:Drivers/STM32H7xx_HAL_Driver/Src/stm32h7xx_hal_rcc.c ****                              RCC_OscInitStruct->PLL.PLLM,
 1548              		.loc 1 791 9 is_stmt 1 view .LVU578
 1549 03aa D4E90D32 		ldrd	r3, r2, [r4, #52]
 1550 03ae 013B     		subs	r3, r3, #1
 1551 03b0 013A     		subs	r2, r2, #1
 1552 03b2 5B02     		lsls	r3, r3, #9
 1553 03b4 1204     		lsls	r2, r2, #16
 1554 03b6 9BB2     		uxth	r3, r3
 1555 03b8 02F4FE02 		and	r2, r2, #8323072
 1556 03bc 1343     		orrs	r3, r3, r2
 1557 03be 226B     		ldr	r2, [r4, #48]
 1558 03c0 013A     		subs	r2, r2, #1
 1559 03c2 C2F30802 		ubfx	r2, r2, #0, #9
 1560 03c6 1343     		orrs	r3, r3, r2
 1561 03c8 E26B     		ldr	r2, [r4, #60]
 1562 03ca 013A     		subs	r2, r2, #1
 1563 03cc 1206     		lsls	r2, r2, #24
 1564 03ce 02F0FE42 		and	r2, r2, #2130706432
 1565 03d2 1343     		orrs	r3, r3, r2
 1566 03d4 2B63     		str	r3, [r5, #48]
 791:Drivers/STM32H7xx_HAL_Driver/Src/stm32h7xx_hal_rcc.c ****                              RCC_OscInitStruct->PLL.PLLM,
 1567              		.loc 1 791 9 view .LVU579
 799:Drivers/STM32H7xx_HAL_Driver/Src/stm32h7xx_hal_rcc.c **** 
 1568              		.loc 1 799 9 view .LVU580
 1569 03d6 EB6A     		ldr	r3, [r5, #44]
 1570 03d8 23F00103 		bic	r3, r3, #1
 1571 03dc EB62     		str	r3, [r5, #44]
 802:Drivers/STM32H7xx_HAL_Driver/Src/stm32h7xx_hal_rcc.c **** 
 1572              		.loc 1 802 9 view .LVU581
 1573 03de 6A6B     		ldr	r2, [r5, #52]
 1574 03e0 A36C     		ldr	r3, [r4, #72]
 1575 03e2 1140     		ands	r1, r1, r2
ARM GAS  C:\Users\l1234\AppData\Local\Temp\cc5S3qmC.s 			page 64


 1576 03e4 41EAC301 		orr	r1, r1, r3, lsl #3
 1577 03e8 6963     		str	r1, [r5, #52]
 805:Drivers/STM32H7xx_HAL_Driver/Src/stm32h7xx_hal_rcc.c **** 
 1578              		.loc 1 805 9 view .LVU582
 1579 03ea EB6A     		ldr	r3, [r5, #44]
 1580 03ec 226C     		ldr	r2, [r4, #64]
 1581 03ee 23F00C03 		bic	r3, r3, #12
 1582 03f2 1343     		orrs	r3, r3, r2
 1583 03f4 EB62     		str	r3, [r5, #44]
 808:Drivers/STM32H7xx_HAL_Driver/Src/stm32h7xx_hal_rcc.c **** 
 1584              		.loc 1 808 9 view .LVU583
 1585 03f6 EB6A     		ldr	r3, [r5, #44]
 1586 03f8 626C     		ldr	r2, [r4, #68]
 1587 03fa 23F00203 		bic	r3, r3, #2
 1588 03fe 1343     		orrs	r3, r3, r2
 1589 0400 EB62     		str	r3, [r5, #44]
 811:Drivers/STM32H7xx_HAL_Driver/Src/stm32h7xx_hal_rcc.c **** 
 1590              		.loc 1 811 9 view .LVU584
 1591 0402 EB6A     		ldr	r3, [r5, #44]
 1592 0404 43F48033 		orr	r3, r3, #65536
 1593 0408 EB62     		str	r3, [r5, #44]
 814:Drivers/STM32H7xx_HAL_Driver/Src/stm32h7xx_hal_rcc.c **** 
 1594              		.loc 1 814 9 view .LVU585
 1595 040a EB6A     		ldr	r3, [r5, #44]
 1596 040c 43F40033 		orr	r3, r3, #131072
 1597 0410 EB62     		str	r3, [r5, #44]
 817:Drivers/STM32H7xx_HAL_Driver/Src/stm32h7xx_hal_rcc.c **** 
 1598              		.loc 1 817 9 view .LVU586
 1599 0412 EB6A     		ldr	r3, [r5, #44]
 1600 0414 43F48023 		orr	r3, r3, #262144
 1601 0418 EB62     		str	r3, [r5, #44]
 820:Drivers/STM32H7xx_HAL_Driver/Src/stm32h7xx_hal_rcc.c **** 
 1602              		.loc 1 820 9 view .LVU587
 1603 041a EB6A     		ldr	r3, [r5, #44]
 1604 041c 43F00103 		orr	r3, r3, #1
 1605 0420 EB62     		str	r3, [r5, #44]
 823:Drivers/STM32H7xx_HAL_Driver/Src/stm32h7xx_hal_rcc.c **** 
 1606              		.loc 1 823 9 view .LVU588
 1607 0422 2B68     		ldr	r3, [r5]
 1608 0424 43F08073 		orr	r3, r3, #16777216
 1609 0428 2B60     		str	r3, [r5]
 826:Drivers/STM32H7xx_HAL_Driver/Src/stm32h7xx_hal_rcc.c **** 
 1610              		.loc 1 826 9 view .LVU589
 826:Drivers/STM32H7xx_HAL_Driver/Src/stm32h7xx_hal_rcc.c **** 
 1611              		.loc 1 826 21 is_stmt 0 view .LVU590
 1612 042a FFF7FEFF 		bl	HAL_GetTick
 1613              	.LVL146:
 1614 042e 0446     		mov	r4, r0
 1615              	.LVL147:
 829:Drivers/STM32H7xx_HAL_Driver/Src/stm32h7xx_hal_rcc.c ****         {
 1616              		.loc 1 829 9 is_stmt 1 view .LVU591
 1617              	.L116:
 831:Drivers/STM32H7xx_HAL_Driver/Src/stm32h7xx_hal_rcc.c ****           {
 1618              		.loc 1 831 11 view .LVU592
 829:Drivers/STM32H7xx_HAL_Driver/Src/stm32h7xx_hal_rcc.c ****         {
 1619              		.loc 1 829 52 view .LVU593
 829:Drivers/STM32H7xx_HAL_Driver/Src/stm32h7xx_hal_rcc.c ****         {
ARM GAS  C:\Users\l1234\AppData\Local\Temp\cc5S3qmC.s 			page 65


 1620              		.loc 1 829 16 is_stmt 0 view .LVU594
 1621 0430 3368     		ldr	r3, [r6]
 829:Drivers/STM32H7xx_HAL_Driver/Src/stm32h7xx_hal_rcc.c ****         {
 1622              		.loc 1 829 52 view .LVU595
 1623 0432 9A01     		lsls	r2, r3, #6
 1624 0434 3FF580AE 		bmi	.L111
 831:Drivers/STM32H7xx_HAL_Driver/Src/stm32h7xx_hal_rcc.c ****           {
 1625              		.loc 1 831 16 view .LVU596
 1626 0438 FFF7FEFF 		bl	HAL_GetTick
 1627              	.LVL148:
 831:Drivers/STM32H7xx_HAL_Driver/Src/stm32h7xx_hal_rcc.c ****           {
 1628              		.loc 1 831 30 view .LVU597
 1629 043c 001B     		subs	r0, r0, r4
 831:Drivers/STM32H7xx_HAL_Driver/Src/stm32h7xx_hal_rcc.c ****           {
 1630              		.loc 1 831 14 view .LVU598
 1631 043e 0228     		cmp	r0, #2
 1632 0440 F6D9     		bls	.L116
 1633 0442 3AE7     		b	.L61
 1634              	.LVL149:
 1635              	.L112:
 858:Drivers/STM32H7xx_HAL_Driver/Src/stm32h7xx_hal_rcc.c ****       temp2_pllckcfg = RCC->PLL1DIVR;
 1636              		.loc 1 858 7 is_stmt 1 view .LVU599
 860:Drivers/STM32H7xx_HAL_Driver/Src/stm32h7xx_hal_rcc.c ****           (READ_BIT(temp1_pllckcfg, RCC_PLLCKSELR_PLLSRC) != RCC_OscInitStruct->PLL.PLLSource) ||
 1637              		.loc 1 860 10 is_stmt 0 view .LVU600
 1638 0444 012B     		cmp	r3, #1
 858:Drivers/STM32H7xx_HAL_Driver/Src/stm32h7xx_hal_rcc.c ****       temp2_pllckcfg = RCC->PLL1DIVR;
 1639              		.loc 1 858 22 view .LVU601
 1640 0446 AA6A     		ldr	r2, [r5, #40]
 1641              	.LVL150:
 859:Drivers/STM32H7xx_HAL_Driver/Src/stm32h7xx_hal_rcc.c ****       if (((RCC_OscInitStruct->PLL.PLLState) == RCC_PLL_OFF) ||
 1642              		.loc 1 859 7 is_stmt 1 view .LVU602
 859:Drivers/STM32H7xx_HAL_Driver/Src/stm32h7xx_hal_rcc.c ****       if (((RCC_OscInitStruct->PLL.PLLState) == RCC_PLL_OFF) ||
 1643              		.loc 1 859 22 is_stmt 0 view .LVU603
 1644 0448 286B     		ldr	r0, [r5, #48]
 1645              	.LVL151:
 860:Drivers/STM32H7xx_HAL_Driver/Src/stm32h7xx_hal_rcc.c ****           (READ_BIT(temp1_pllckcfg, RCC_PLLCKSELR_PLLSRC) != RCC_OscInitStruct->PLL.PLLSource) ||
 1646              		.loc 1 860 7 is_stmt 1 view .LVU604
 860:Drivers/STM32H7xx_HAL_Driver/Src/stm32h7xx_hal_rcc.c ****           (READ_BIT(temp1_pllckcfg, RCC_PLLCKSELR_PLLSRC) != RCC_OscInitStruct->PLL.PLLSource) ||
 1647              		.loc 1 860 10 is_stmt 0 view .LVU605
 1648 044a 3FF4C8AE 		beq	.L48
 861:Drivers/STM32H7xx_HAL_Driver/Src/stm32h7xx_hal_rcc.c ****           ((READ_BIT(temp1_pllckcfg, RCC_PLLCKSELR_DIVM1) >> RCC_PLLCKSELR_DIVM1_Pos) != RCC_OscIni
 1649              		.loc 1 861 12 discriminator 1 view .LVU606
 1650 044e 02F00303 		and	r3, r2, #3
 860:Drivers/STM32H7xx_HAL_Driver/Src/stm32h7xx_hal_rcc.c ****           (READ_BIT(temp1_pllckcfg, RCC_PLLCKSELR_PLLSRC) != RCC_OscInitStruct->PLL.PLLSource) ||
 1651              		.loc 1 860 62 discriminator 1 view .LVU607
 1652 0452 A16A     		ldr	r1, [r4, #40]
 1653 0454 8B42     		cmp	r3, r1
 1654 0456 7FF4C2AE 		bne	.L48
 862:Drivers/STM32H7xx_HAL_Driver/Src/stm32h7xx_hal_rcc.c ****           (READ_BIT(temp2_pllckcfg, RCC_PLL1DIVR_N1) != (RCC_OscInitStruct->PLL.PLLN - 1U)) ||
 1655              		.loc 1 862 59 view .LVU608
 1656 045a C2F30512 		ubfx	r2, r2, #4, #6
 1657              	.LVL152:
 861:Drivers/STM32H7xx_HAL_Driver/Src/stm32h7xx_hal_rcc.c ****           ((READ_BIT(temp1_pllckcfg, RCC_PLLCKSELR_DIVM1) >> RCC_PLLCKSELR_DIVM1_Pos) != RCC_OscIni
 1658              		.loc 1 861 96 view .LVU609
 1659 045e E36A     		ldr	r3, [r4, #44]
 1660 0460 9A42     		cmp	r2, r3
 1661 0462 7FF4BCAE 		bne	.L48
ARM GAS  C:\Users\l1234\AppData\Local\Temp\cc5S3qmC.s 			page 66


 863:Drivers/STM32H7xx_HAL_Driver/Src/stm32h7xx_hal_rcc.c ****           ((READ_BIT(temp2_pllckcfg, RCC_PLL1DIVR_P1) >> RCC_PLL1DIVR_P1_Pos) != (RCC_OscInitStruct
 1662              		.loc 1 863 86 view .LVU610
 1663 0466 236B     		ldr	r3, [r4, #48]
 863:Drivers/STM32H7xx_HAL_Driver/Src/stm32h7xx_hal_rcc.c ****           ((READ_BIT(temp2_pllckcfg, RCC_PLL1DIVR_P1) >> RCC_PLL1DIVR_P1_Pos) != (RCC_OscInitStruct
 1664              		.loc 1 863 12 view .LVU611
 1665 0468 C0F30802 		ubfx	r2, r0, #0, #9
 863:Drivers/STM32H7xx_HAL_Driver/Src/stm32h7xx_hal_rcc.c ****           ((READ_BIT(temp2_pllckcfg, RCC_PLL1DIVR_P1) >> RCC_PLL1DIVR_P1_Pos) != (RCC_OscInitStruct
 1666              		.loc 1 863 86 view .LVU612
 1667 046c 013B     		subs	r3, r3, #1
 862:Drivers/STM32H7xx_HAL_Driver/Src/stm32h7xx_hal_rcc.c ****           (READ_BIT(temp2_pllckcfg, RCC_PLL1DIVR_N1) != (RCC_OscInitStruct->PLL.PLLN - 1U)) ||
 1668              		.loc 1 862 119 view .LVU613
 1669 046e 9A42     		cmp	r2, r3
 1670 0470 7FF4B5AE 		bne	.L48
 864:Drivers/STM32H7xx_HAL_Driver/Src/stm32h7xx_hal_rcc.c ****           ((READ_BIT(temp2_pllckcfg, RCC_PLL1DIVR_Q1) >> RCC_PLL1DIVR_Q1_Pos) != (RCC_OscInitStruct
 1671              		.loc 1 864 111 view .LVU614
 1672 0474 636B     		ldr	r3, [r4, #52]
 864:Drivers/STM32H7xx_HAL_Driver/Src/stm32h7xx_hal_rcc.c ****           ((READ_BIT(temp2_pllckcfg, RCC_PLL1DIVR_Q1) >> RCC_PLL1DIVR_Q1_Pos) != (RCC_OscInitStruct
 1673              		.loc 1 864 55 view .LVU615
 1674 0476 C0F34622 		ubfx	r2, r0, #9, #7
 864:Drivers/STM32H7xx_HAL_Driver/Src/stm32h7xx_hal_rcc.c ****           ((READ_BIT(temp2_pllckcfg, RCC_PLL1DIVR_Q1) >> RCC_PLL1DIVR_Q1_Pos) != (RCC_OscInitStruct
 1675              		.loc 1 864 111 view .LVU616
 1676 047a 013B     		subs	r3, r3, #1
 863:Drivers/STM32H7xx_HAL_Driver/Src/stm32h7xx_hal_rcc.c ****           ((READ_BIT(temp2_pllckcfg, RCC_PLL1DIVR_P1) >> RCC_PLL1DIVR_P1_Pos) != (RCC_OscInitStruct
 1677              		.loc 1 863 93 view .LVU617
 1678 047c 9A42     		cmp	r2, r3
 1679 047e 7FF4AEAE 		bne	.L48
 865:Drivers/STM32H7xx_HAL_Driver/Src/stm32h7xx_hal_rcc.c ****           ((READ_BIT(temp2_pllckcfg, RCC_PLL1DIVR_R1) >> RCC_PLL1DIVR_R1_Pos) != (RCC_OscInitStruct
 1680              		.loc 1 865 111 view .LVU618
 1681 0482 A36B     		ldr	r3, [r4, #56]
 865:Drivers/STM32H7xx_HAL_Driver/Src/stm32h7xx_hal_rcc.c ****           ((READ_BIT(temp2_pllckcfg, RCC_PLL1DIVR_R1) >> RCC_PLL1DIVR_R1_Pos) != (RCC_OscInitStruct
 1682              		.loc 1 865 55 view .LVU619
 1683 0484 C0F30642 		ubfx	r2, r0, #16, #7
 865:Drivers/STM32H7xx_HAL_Driver/Src/stm32h7xx_hal_rcc.c ****           ((READ_BIT(temp2_pllckcfg, RCC_PLL1DIVR_R1) >> RCC_PLL1DIVR_R1_Pos) != (RCC_OscInitStruct
 1684              		.loc 1 865 111 view .LVU620
 1685 0488 013B     		subs	r3, r3, #1
 864:Drivers/STM32H7xx_HAL_Driver/Src/stm32h7xx_hal_rcc.c ****           ((READ_BIT(temp2_pllckcfg, RCC_PLL1DIVR_Q1) >> RCC_PLL1DIVR_Q1_Pos) != (RCC_OscInitStruct
 1686              		.loc 1 864 118 view .LVU621
 1687 048a 9A42     		cmp	r2, r3
 1688 048c 7FF4A7AE 		bne	.L48
 866:Drivers/STM32H7xx_HAL_Driver/Src/stm32h7xx_hal_rcc.c ****       {
 1689              		.loc 1 866 111 view .LVU622
 1690 0490 E36B     		ldr	r3, [r4, #60]
 866:Drivers/STM32H7xx_HAL_Driver/Src/stm32h7xx_hal_rcc.c ****       {
 1691              		.loc 1 866 55 view .LVU623
 1692 0492 C0F30660 		ubfx	r0, r0, #24, #7
 1693              	.LVL153:
 866:Drivers/STM32H7xx_HAL_Driver/Src/stm32h7xx_hal_rcc.c ****       {
 1694              		.loc 1 866 111 view .LVU624
 1695 0496 013B     		subs	r3, r3, #1
 865:Drivers/STM32H7xx_HAL_Driver/Src/stm32h7xx_hal_rcc.c ****           ((READ_BIT(temp2_pllckcfg, RCC_PLL1DIVR_R1) >> RCC_PLL1DIVR_R1_Pos) != (RCC_OscInitStruct
 1696              		.loc 1 865 118 view .LVU625
 1697 0498 9842     		cmp	r0, r3
 1698 049a 7FF4A0AE 		bne	.L48
 873:Drivers/STM32H7xx_HAL_Driver/Src/stm32h7xx_hal_rcc.c ****         if (RCC_OscInitStruct->PLL.PLLFRACN != temp1_pllckcfg)
 1699              		.loc 1 873 9 is_stmt 1 view .LVU626
 873:Drivers/STM32H7xx_HAL_Driver/Src/stm32h7xx_hal_rcc.c ****         if (RCC_OscInitStruct->PLL.PLLFRACN != temp1_pllckcfg)
 1700              		.loc 1 873 31 is_stmt 0 view .LVU627
ARM GAS  C:\Users\l1234\AppData\Local\Temp\cc5S3qmC.s 			page 67


 1701 049e 6B6B     		ldr	r3, [r5, #52]
 1702              	.LVL154:
 874:Drivers/STM32H7xx_HAL_Driver/Src/stm32h7xx_hal_rcc.c ****         {
 1703              		.loc 1 874 9 is_stmt 1 view .LVU628
 874:Drivers/STM32H7xx_HAL_Driver/Src/stm32h7xx_hal_rcc.c ****         {
 1704              		.loc 1 874 12 is_stmt 0 view .LVU629
 1705 04a0 A26C     		ldr	r2, [r4, #72]
 873:Drivers/STM32H7xx_HAL_Driver/Src/stm32h7xx_hal_rcc.c ****         if (RCC_OscInitStruct->PLL.PLLFRACN != temp1_pllckcfg)
 1706              		.loc 1 873 24 view .LVU630
 1707 04a2 C3F3CC03 		ubfx	r3, r3, #3, #13
 1708              	.LVL155:
 874:Drivers/STM32H7xx_HAL_Driver/Src/stm32h7xx_hal_rcc.c ****         {
 1709              		.loc 1 874 12 view .LVU631
 1710 04a6 9A42     		cmp	r2, r3
 1711 04a8 3FF446AE 		beq	.L111
 876:Drivers/STM32H7xx_HAL_Driver/Src/stm32h7xx_hal_rcc.c ****           /* Disable PLL1FRACEN */
 1712              		.loc 1 876 11 is_stmt 1 view .LVU632
 878:Drivers/STM32H7xx_HAL_Driver/Src/stm32h7xx_hal_rcc.c ****           /* Get Start Tick*/
 1713              		.loc 1 878 11 view .LVU633
 1714 04ac 1F4A     		ldr	r2, .L185
 1715 04ae D36A     		ldr	r3, [r2, #44]
 1716 04b0 23F00103 		bic	r3, r3, #1
 1717 04b4 D362     		str	r3, [r2, #44]
 880:Drivers/STM32H7xx_HAL_Driver/Src/stm32h7xx_hal_rcc.c ****           /* Wait at least 2 CK_REF (PLL input source divided by M) period to make sure next latche
 1718              		.loc 1 880 11 view .LVU634
 880:Drivers/STM32H7xx_HAL_Driver/Src/stm32h7xx_hal_rcc.c ****           /* Wait at least 2 CK_REF (PLL input source divided by M) period to make sure next latche
 1719              		.loc 1 880 23 is_stmt 0 view .LVU635
 1720 04b6 FFF7FEFF 		bl	HAL_GetTick
 1721              	.LVL156:
 1722 04ba 0546     		mov	r5, r0
 1723              	.LVL157:
 882:Drivers/STM32H7xx_HAL_Driver/Src/stm32h7xx_hal_rcc.c ****           {
 1724              		.loc 1 882 11 is_stmt 1 view .LVU636
 1725              	.L121:
 884:Drivers/STM32H7xx_HAL_Driver/Src/stm32h7xx_hal_rcc.c ****           /* Configure PLL1 PLL1FRACN */
 1726              		.loc 1 884 11 discriminator 1 view .LVU637
 882:Drivers/STM32H7xx_HAL_Driver/Src/stm32h7xx_hal_rcc.c ****           {
 1727              		.loc 1 882 46 discriminator 1 view .LVU638
 882:Drivers/STM32H7xx_HAL_Driver/Src/stm32h7xx_hal_rcc.c ****           {
 1728              		.loc 1 882 19 is_stmt 0 discriminator 1 view .LVU639
 1729 04bc FFF7FEFF 		bl	HAL_GetTick
 1730              	.LVL158:
 882:Drivers/STM32H7xx_HAL_Driver/Src/stm32h7xx_hal_rcc.c ****           {
 1731              		.loc 1 882 46 discriminator 1 view .LVU640
 1732 04c0 A842     		cmp	r0, r5
 1733 04c2 FBD0     		beq	.L121
 886:Drivers/STM32H7xx_HAL_Driver/Src/stm32h7xx_hal_rcc.c ****           /* Enable PLL1FRACEN to latch new value. */
 1734              		.loc 1 886 11 is_stmt 1 view .LVU641
 1735 04c4 194A     		ldr	r2, .L185
 1736 04c6 1B4B     		ldr	r3, .L185+8
 1737 04c8 506B     		ldr	r0, [r2, #52]
 1738 04ca A16C     		ldr	r1, [r4, #72]
 1739 04cc 0340     		ands	r3, r3, r0
 1740 04ce 43EAC103 		orr	r3, r3, r1, lsl #3
 1741 04d2 5363     		str	r3, [r2, #52]
 888:Drivers/STM32H7xx_HAL_Driver/Src/stm32h7xx_hal_rcc.c ****         }
 1742              		.loc 1 888 11 view .LVU642
ARM GAS  C:\Users\l1234\AppData\Local\Temp\cc5S3qmC.s 			page 68


 1743 04d4 D36A     		ldr	r3, [r2, #44]
 1744 04d6 43F00103 		orr	r3, r3, #1
 1745 04da D362     		str	r3, [r2, #44]
 1746 04dc 2CE6     		b	.L111
 1747              	.LVL159:
 1748              	.L174:
 1749              	.LBB14:
 437:Drivers/STM32H7xx_HAL_Driver/Src/stm32h7xx_hal_rcc.c **** 
 1750              		.loc 1 437 7 discriminator 7 view .LVU643
 1751 04de 42F48022 		orr	r2, r2, #262144
 1752 04e2 1A60     		str	r2, [r3]
 437:Drivers/STM32H7xx_HAL_Driver/Src/stm32h7xx_hal_rcc.c **** 
 1753              		.loc 1 437 7 discriminator 7 view .LVU644
 1754 04e4 1A68     		ldr	r2, [r3]
 1755 04e6 42F48032 		orr	r2, r2, #65536
 1756 04ea 1A60     		str	r2, [r3]
 437:Drivers/STM32H7xx_HAL_Driver/Src/stm32h7xx_hal_rcc.c **** 
 1757              		.loc 1 437 7 discriminator 7 view .LVU645
 440:Drivers/STM32H7xx_HAL_Driver/Src/stm32h7xx_hal_rcc.c ****       {
 1758              		.loc 1 440 7 discriminator 7 view .LVU646
 1759 04ec B0E5     		b	.L54
 1760              	.LVL160:
 1761              	.L180:
 440:Drivers/STM32H7xx_HAL_Driver/Src/stm32h7xx_hal_rcc.c ****       {
 1762              		.loc 1 440 7 is_stmt 0 discriminator 7 view .LVU647
 1763              	.LBE14:
 723:Drivers/STM32H7xx_HAL_Driver/Src/stm32h7xx_hal_rcc.c ****     /* Check the LSE State */
 1764              		.loc 1 723 5 is_stmt 1 discriminator 4 view .LVU648
 1765 04ee 0F4D     		ldr	r5, .L185
 747:Drivers/STM32H7xx_HAL_Driver/Src/stm32h7xx_hal_rcc.c ****         {
 1766              		.loc 1 747 12 is_stmt 0 discriminator 4 view .LVU649
 1767 04f0 41F28837 		movw	r7, #5000
 723:Drivers/STM32H7xx_HAL_Driver/Src/stm32h7xx_hal_rcc.c ****     /* Check the LSE State */
 1768              		.loc 1 723 5 discriminator 4 view .LVU650
 1769 04f4 2B6F     		ldr	r3, [r5, #112]
 1770 04f6 23F00103 		bic	r3, r3, #1
 1771 04fa 2B67     		str	r3, [r5, #112]
 723:Drivers/STM32H7xx_HAL_Driver/Src/stm32h7xx_hal_rcc.c ****     /* Check the LSE State */
 1772              		.loc 1 723 5 is_stmt 1 discriminator 4 view .LVU651
 1773 04fc 2B6F     		ldr	r3, [r5, #112]
 1774 04fe 23F00403 		bic	r3, r3, #4
 1775 0502 2B67     		str	r3, [r5, #112]
 723:Drivers/STM32H7xx_HAL_Driver/Src/stm32h7xx_hal_rcc.c ****     /* Check the LSE State */
 1776              		.loc 1 723 5 discriminator 4 view .LVU652
 725:Drivers/STM32H7xx_HAL_Driver/Src/stm32h7xx_hal_rcc.c ****     {
 1777              		.loc 1 725 5 discriminator 4 view .LVU653
 742:Drivers/STM32H7xx_HAL_Driver/Src/stm32h7xx_hal_rcc.c **** 
 1778              		.loc 1 742 7 discriminator 4 view .LVU654
 742:Drivers/STM32H7xx_HAL_Driver/Src/stm32h7xx_hal_rcc.c **** 
 1779              		.loc 1 742 19 is_stmt 0 discriminator 4 view .LVU655
 1780 0504 FFF7FEFF 		bl	HAL_GetTick
 1781              	.LVL161:
 1782 0508 0646     		mov	r6, r0
 1783              	.LVL162:
 745:Drivers/STM32H7xx_HAL_Driver/Src/stm32h7xx_hal_rcc.c ****       {
 1784              		.loc 1 745 7 is_stmt 1 discriminator 4 view .LVU656
 745:Drivers/STM32H7xx_HAL_Driver/Src/stm32h7xx_hal_rcc.c ****       {
ARM GAS  C:\Users\l1234\AppData\Local\Temp\cc5S3qmC.s 			page 69


 1785              		.loc 1 745 13 is_stmt 0 discriminator 4 view .LVU657
 1786 050a 05E0     		b	.L105
 1787              	.LVL163:
 1788              	.L110:
 747:Drivers/STM32H7xx_HAL_Driver/Src/stm32h7xx_hal_rcc.c ****         {
 1789              		.loc 1 747 14 view .LVU658
 1790 050c FFF7FEFF 		bl	HAL_GetTick
 1791              	.LVL164:
 747:Drivers/STM32H7xx_HAL_Driver/Src/stm32h7xx_hal_rcc.c ****         {
 1792              		.loc 1 747 28 view .LVU659
 1793 0510 801B     		subs	r0, r0, r6
 747:Drivers/STM32H7xx_HAL_Driver/Src/stm32h7xx_hal_rcc.c ****         {
 1794              		.loc 1 747 12 view .LVU660
 1795 0512 B842     		cmp	r0, r7
 1796 0514 3FF6D1AE 		bhi	.L61
 1797              	.L105:
 747:Drivers/STM32H7xx_HAL_Driver/Src/stm32h7xx_hal_rcc.c ****         {
 1798              		.loc 1 747 9 is_stmt 1 view .LVU661
 745:Drivers/STM32H7xx_HAL_Driver/Src/stm32h7xx_hal_rcc.c ****       {
 1799              		.loc 1 745 50 view .LVU662
 745:Drivers/STM32H7xx_HAL_Driver/Src/stm32h7xx_hal_rcc.c ****       {
 1800              		.loc 1 745 14 is_stmt 0 view .LVU663
 1801 0518 2B6F     		ldr	r3, [r5, #112]
 745:Drivers/STM32H7xx_HAL_Driver/Src/stm32h7xx_hal_rcc.c ****       {
 1802              		.loc 1 745 50 view .LVU664
 1803 051a 9807     		lsls	r0, r3, #30
 1804 051c F6D4     		bmi	.L110
 1805 051e 07E6     		b	.L109
 1806              	.L179:
 723:Drivers/STM32H7xx_HAL_Driver/Src/stm32h7xx_hal_rcc.c ****     /* Check the LSE State */
 1807              		.loc 1 723 5 is_stmt 1 discriminator 1 view .LVU665
 1808 0520 024A     		ldr	r2, .L185
 1809 0522 136F     		ldr	r3, [r2, #112]
 1810 0524 43F00103 		orr	r3, r3, #1
 1811 0528 1367     		str	r3, [r2, #112]
 723:Drivers/STM32H7xx_HAL_Driver/Src/stm32h7xx_hal_rcc.c ****     /* Check the LSE State */
 1812              		.loc 1 723 5 discriminator 1 view .LVU666
 725:Drivers/STM32H7xx_HAL_Driver/Src/stm32h7xx_hal_rcc.c ****     {
 1813              		.loc 1 725 5 discriminator 1 view .LVU667
 1814 052a 99E6     		b	.L103
 1815              	.L186:
 1816              		.align	2
 1817              	.L185:
 1818 052c 00440258 		.word	1476543488
 1819 0530 0CFCFFFF 		.word	-1012
 1820 0534 0700FFFF 		.word	-65529
 1821              	.L181:
 723:Drivers/STM32H7xx_HAL_Driver/Src/stm32h7xx_hal_rcc.c ****     /* Check the LSE State */
 1822              		.loc 1 723 5 discriminator 7 view .LVU668
 1823 0538 42F00402 		orr	r2, r2, #4
 1824 053c 1A67     		str	r2, [r3, #112]
 723:Drivers/STM32H7xx_HAL_Driver/Src/stm32h7xx_hal_rcc.c ****     /* Check the LSE State */
 1825              		.loc 1 723 5 discriminator 7 view .LVU669
 1826 053e 1A6F     		ldr	r2, [r3, #112]
 1827 0540 42F00102 		orr	r2, r2, #1
 1828 0544 1A67     		str	r2, [r3, #112]
 723:Drivers/STM32H7xx_HAL_Driver/Src/stm32h7xx_hal_rcc.c ****     /* Check the LSE State */
ARM GAS  C:\Users\l1234\AppData\Local\Temp\cc5S3qmC.s 			page 70


 1829              		.loc 1 723 5 discriminator 7 view .LVU670
 725:Drivers/STM32H7xx_HAL_Driver/Src/stm32h7xx_hal_rcc.c ****     {
 1830              		.loc 1 725 5 discriminator 7 view .LVU671
 1831 0546 8BE6     		b	.L103
 1832              	.LVL165:
 1833              	.L164:
 1834              	.LCFI5:
 1835              		.cfi_def_cfa_offset 0
 1836              		.cfi_restore 3
 1837              		.cfi_restore 4
 1838              		.cfi_restore 5
 1839              		.cfi_restore 6
 1840              		.cfi_restore 7
 1841              		.cfi_restore 14
 413:Drivers/STM32H7xx_HAL_Driver/Src/stm32h7xx_hal_rcc.c ****   }
 1842              		.loc 1 413 12 is_stmt 0 view .LVU672
 1843 0548 0120     		movs	r0, #1
 1844              	.LVL166:
 894:Drivers/STM32H7xx_HAL_Driver/Src/stm32h7xx_hal_rcc.c **** 
 1845              		.loc 1 894 1 view .LVU673
 1846 054a 7047     		bx	lr
 1847              		.cfi_endproc
 1848              	.LFE145:
 1850              		.section	.text.HAL_RCC_MCOConfig,"ax",%progbits
 1851              		.align	1
 1852              		.p2align 2,,3
 1853              		.global	HAL_RCC_MCOConfig
 1854              		.syntax unified
 1855              		.thumb
 1856              		.thumb_func
 1858              	HAL_RCC_MCOConfig:
 1859              	.LVL167:
 1860              	.LFB147:
1287:Drivers/STM32H7xx_HAL_Driver/Src/stm32h7xx_hal_rcc.c ****   GPIO_InitTypeDef GPIO_InitStruct;
 1861              		.loc 1 1287 1 is_stmt 1 view -0
 1862              		.cfi_startproc
 1863              		@ args = 0, pretend = 0, frame = 32
 1864              		@ frame_needed = 0, uses_anonymous_args = 0
1288:Drivers/STM32H7xx_HAL_Driver/Src/stm32h7xx_hal_rcc.c ****   /* Check the parameters */
 1865              		.loc 1 1288 3 view .LVU675
1290:Drivers/STM32H7xx_HAL_Driver/Src/stm32h7xx_hal_rcc.c ****   assert_param(IS_RCC_MCODIV(RCC_MCODiv));
 1866              		.loc 1 1290 3 view .LVU676
1291:Drivers/STM32H7xx_HAL_Driver/Src/stm32h7xx_hal_rcc.c ****   /* RCC_MCO1 */
 1867              		.loc 1 1291 3 view .LVU677
1293:Drivers/STM32H7xx_HAL_Driver/Src/stm32h7xx_hal_rcc.c ****   {
 1868              		.loc 1 1293 3 view .LVU678
1287:Drivers/STM32H7xx_HAL_Driver/Src/stm32h7xx_hal_rcc.c ****   GPIO_InitTypeDef GPIO_InitStruct;
 1869              		.loc 1 1287 1 is_stmt 0 view .LVU679
 1870 0000 70B5     		push	{r4, r5, r6, lr}
 1871              	.LCFI6:
 1872              		.cfi_def_cfa_offset 16
 1873              		.cfi_offset 4, -16
 1874              		.cfi_offset 5, -12
 1875              		.cfi_offset 6, -8
 1876              		.cfi_offset 14, -4
 1877              	.LBB15:
1298:Drivers/STM32H7xx_HAL_Driver/Src/stm32h7xx_hal_rcc.c **** 
ARM GAS  C:\Users\l1234\AppData\Local\Temp\cc5S3qmC.s 			page 71


 1878              		.loc 1 1298 5 view .LVU680
 1879 0002 254E     		ldr	r6, .L191
 1880              	.LBE15:
1287:Drivers/STM32H7xx_HAL_Driver/Src/stm32h7xx_hal_rcc.c ****   GPIO_InitTypeDef GPIO_InitStruct;
 1881              		.loc 1 1287 1 view .LVU681
 1882 0004 88B0     		sub	sp, sp, #32
 1883              	.LCFI7:
 1884              		.cfi_def_cfa_offset 48
1287:Drivers/STM32H7xx_HAL_Driver/Src/stm32h7xx_hal_rcc.c ****   GPIO_InitTypeDef GPIO_InitStruct;
 1885              		.loc 1 1287 1 view .LVU682
 1886 0006 0D46     		mov	r5, r1
 1887 0008 1446     		mov	r4, r2
 1888              	.LBB16:
1298:Drivers/STM32H7xx_HAL_Driver/Src/stm32h7xx_hal_rcc.c **** 
 1889              		.loc 1 1298 5 view .LVU683
 1890 000a D6F8E030 		ldr	r3, [r6, #224]
 1891              	.LBE16:
1293:Drivers/STM32H7xx_HAL_Driver/Src/stm32h7xx_hal_rcc.c ****   {
 1892              		.loc 1 1293 6 view .LVU684
 1893 000e F8B9     		cbnz	r0, .L188
1295:Drivers/STM32H7xx_HAL_Driver/Src/stm32h7xx_hal_rcc.c **** 
 1894              		.loc 1 1295 5 is_stmt 1 view .LVU685
1298:Drivers/STM32H7xx_HAL_Driver/Src/stm32h7xx_hal_rcc.c **** 
 1895              		.loc 1 1298 5 view .LVU686
 1896              	.LBB17:
1298:Drivers/STM32H7xx_HAL_Driver/Src/stm32h7xx_hal_rcc.c **** 
 1897              		.loc 1 1298 5 view .LVU687
1298:Drivers/STM32H7xx_HAL_Driver/Src/stm32h7xx_hal_rcc.c **** 
 1898              		.loc 1 1298 5 view .LVU688
 1899 0010 43F00103 		orr	r3, r3, #1
 1900              	.LBE17:
1301:Drivers/STM32H7xx_HAL_Driver/Src/stm32h7xx_hal_rcc.c ****     GPIO_InitStruct.Mode = GPIO_MODE_AF_PP;
 1901              		.loc 1 1301 25 is_stmt 0 view .LVU689
 1902 0014 4FF48072 		mov	r2, #256
 1903              	.LVL168:
1306:Drivers/STM32H7xx_HAL_Driver/Src/stm32h7xx_hal_rcc.c **** 
 1904              		.loc 1 1306 5 view .LVU690
 1905 0018 02A9     		add	r1, sp, #8
 1906              	.LVL169:
 1907              	.LBB18:
1298:Drivers/STM32H7xx_HAL_Driver/Src/stm32h7xx_hal_rcc.c **** 
 1908              		.loc 1 1298 5 view .LVU691
 1909 001a C6F8E030 		str	r3, [r6, #224]
1298:Drivers/STM32H7xx_HAL_Driver/Src/stm32h7xx_hal_rcc.c **** 
 1910              		.loc 1 1298 5 is_stmt 1 view .LVU692
 1911 001e D6F8E030 		ldr	r3, [r6, #224]
 1912              	.LBE18:
1305:Drivers/STM32H7xx_HAL_Driver/Src/stm32h7xx_hal_rcc.c ****     HAL_GPIO_Init(MCO1_GPIO_PORT, &GPIO_InitStruct);
 1913              		.loc 1 1305 31 is_stmt 0 view .LVU693
 1914 0022 0690     		str	r0, [sp, #24]
 1915              	.LBB19:
1298:Drivers/STM32H7xx_HAL_Driver/Src/stm32h7xx_hal_rcc.c **** 
 1916              		.loc 1 1298 5 view .LVU694
 1917 0024 03F00103 		and	r3, r3, #1
 1918              	.LBE19:
1306:Drivers/STM32H7xx_HAL_Driver/Src/stm32h7xx_hal_rcc.c **** 
 1919              		.loc 1 1306 5 view .LVU695
ARM GAS  C:\Users\l1234\AppData\Local\Temp\cc5S3qmC.s 			page 72


 1920 0028 1C48     		ldr	r0, .L191+4
 1921              	.LVL170:
 1922              	.LBB20:
1298:Drivers/STM32H7xx_HAL_Driver/Src/stm32h7xx_hal_rcc.c **** 
 1923              		.loc 1 1298 5 view .LVU696
 1924 002a 0093     		str	r3, [sp]
1298:Drivers/STM32H7xx_HAL_Driver/Src/stm32h7xx_hal_rcc.c **** 
 1925              		.loc 1 1298 5 is_stmt 1 view .LVU697
 1926 002c 009B     		ldr	r3, [sp]
 1927              	.LBE20:
1298:Drivers/STM32H7xx_HAL_Driver/Src/stm32h7xx_hal_rcc.c **** 
 1928              		.loc 1 1298 5 view .LVU698
1301:Drivers/STM32H7xx_HAL_Driver/Src/stm32h7xx_hal_rcc.c ****     GPIO_InitStruct.Mode = GPIO_MODE_AF_PP;
 1929              		.loc 1 1301 5 view .LVU699
1302:Drivers/STM32H7xx_HAL_Driver/Src/stm32h7xx_hal_rcc.c ****     GPIO_InitStruct.Speed = GPIO_SPEED_FREQ_VERY_HIGH;
 1930              		.loc 1 1302 5 view .LVU700
1303:Drivers/STM32H7xx_HAL_Driver/Src/stm32h7xx_hal_rcc.c ****     GPIO_InitStruct.Pull = GPIO_NOPULL;
 1931              		.loc 1 1303 5 view .LVU701
1304:Drivers/STM32H7xx_HAL_Driver/Src/stm32h7xx_hal_rcc.c ****     GPIO_InitStruct.Alternate = GPIO_AF0_MCO;
 1932              		.loc 1 1304 5 view .LVU702
1301:Drivers/STM32H7xx_HAL_Driver/Src/stm32h7xx_hal_rcc.c ****     GPIO_InitStruct.Mode = GPIO_MODE_AF_PP;
 1933              		.loc 1 1301 25 is_stmt 0 view .LVU703
 1934 002e 0223     		movs	r3, #2
 1935 0030 CDE90223 		strd	r2, [sp, #8]
 1936 0034 0022     		movs	r2, #0
 1937 0036 0323     		movs	r3, #3
 1938 0038 CDE90423 		strd	r2, [sp, #16]
1305:Drivers/STM32H7xx_HAL_Driver/Src/stm32h7xx_hal_rcc.c ****     HAL_GPIO_Init(MCO1_GPIO_PORT, &GPIO_InitStruct);
 1939              		.loc 1 1305 5 is_stmt 1 view .LVU704
1306:Drivers/STM32H7xx_HAL_Driver/Src/stm32h7xx_hal_rcc.c **** 
 1940              		.loc 1 1306 5 view .LVU705
 1941 003c FFF7FEFF 		bl	HAL_GPIO_Init
 1942              	.LVL171:
1309:Drivers/STM32H7xx_HAL_Driver/Src/stm32h7xx_hal_rcc.c ****   }
 1943              		.loc 1 1309 5 view .LVU706
 1944 0040 3369     		ldr	r3, [r6, #16]
 1945 0042 23F0FE73 		bic	r3, r3, #33292288
 1946 0046 2B43     		orrs	r3, r3, r5
 1947 0048 2343     		orrs	r3, r3, r4
 1948 004a 3361     		str	r3, [r6, #16]
1329:Drivers/STM32H7xx_HAL_Driver/Src/stm32h7xx_hal_rcc.c **** 
 1949              		.loc 1 1329 1 is_stmt 0 view .LVU707
 1950 004c 08B0     		add	sp, sp, #32
 1951              	.LCFI8:
 1952              		.cfi_remember_state
 1953              		.cfi_def_cfa_offset 16
 1954              		@ sp needed
 1955 004e 70BD     		pop	{r4, r5, r6, pc}
 1956              	.LVL172:
 1957              	.L188:
 1958              	.LCFI9:
 1959              		.cfi_restore_state
1313:Drivers/STM32H7xx_HAL_Driver/Src/stm32h7xx_hal_rcc.c **** 
 1960              		.loc 1 1313 5 is_stmt 1 view .LVU708
1316:Drivers/STM32H7xx_HAL_Driver/Src/stm32h7xx_hal_rcc.c **** 
 1961              		.loc 1 1316 5 view .LVU709
 1962              	.LBB21:
ARM GAS  C:\Users\l1234\AppData\Local\Temp\cc5S3qmC.s 			page 73


1316:Drivers/STM32H7xx_HAL_Driver/Src/stm32h7xx_hal_rcc.c **** 
 1963              		.loc 1 1316 5 view .LVU710
1316:Drivers/STM32H7xx_HAL_Driver/Src/stm32h7xx_hal_rcc.c **** 
 1964              		.loc 1 1316 5 view .LVU711
 1965 0050 43F00403 		orr	r3, r3, #4
 1966              	.LBE21:
1319:Drivers/STM32H7xx_HAL_Driver/Src/stm32h7xx_hal_rcc.c ****     GPIO_InitStruct.Mode = GPIO_MODE_AF_PP;
 1967              		.loc 1 1319 25 is_stmt 0 view .LVU712
 1968 0054 4FF40072 		mov	r2, #512
 1969              	.LVL173:
1324:Drivers/STM32H7xx_HAL_Driver/Src/stm32h7xx_hal_rcc.c **** 
 1970              		.loc 1 1324 5 view .LVU713
 1971 0058 1148     		ldr	r0, .L191+8
 1972              	.LVL174:
 1973              	.LBB22:
1316:Drivers/STM32H7xx_HAL_Driver/Src/stm32h7xx_hal_rcc.c **** 
 1974              		.loc 1 1316 5 view .LVU714
 1975 005a C6F8E030 		str	r3, [r6, #224]
1316:Drivers/STM32H7xx_HAL_Driver/Src/stm32h7xx_hal_rcc.c **** 
 1976              		.loc 1 1316 5 is_stmt 1 view .LVU715
 1977 005e D6F8E030 		ldr	r3, [r6, #224]
 1978 0062 03F00403 		and	r3, r3, #4
 1979 0066 0193     		str	r3, [sp, #4]
1316:Drivers/STM32H7xx_HAL_Driver/Src/stm32h7xx_hal_rcc.c **** 
 1980              		.loc 1 1316 5 view .LVU716
 1981              	.LBE22:
1319:Drivers/STM32H7xx_HAL_Driver/Src/stm32h7xx_hal_rcc.c ****     GPIO_InitStruct.Mode = GPIO_MODE_AF_PP;
 1982              		.loc 1 1319 25 is_stmt 0 view .LVU717
 1983 0068 0223     		movs	r3, #2
 1984              	.LBB23:
1316:Drivers/STM32H7xx_HAL_Driver/Src/stm32h7xx_hal_rcc.c **** 
 1985              		.loc 1 1316 5 view .LVU718
 1986 006a 0199     		ldr	r1, [sp, #4]
 1987              	.LVL175:
1316:Drivers/STM32H7xx_HAL_Driver/Src/stm32h7xx_hal_rcc.c **** 
 1988              		.loc 1 1316 5 view .LVU719
 1989              	.LBE23:
1316:Drivers/STM32H7xx_HAL_Driver/Src/stm32h7xx_hal_rcc.c **** 
 1990              		.loc 1 1316 5 is_stmt 1 view .LVU720
1319:Drivers/STM32H7xx_HAL_Driver/Src/stm32h7xx_hal_rcc.c ****     GPIO_InitStruct.Mode = GPIO_MODE_AF_PP;
 1991              		.loc 1 1319 5 view .LVU721
1320:Drivers/STM32H7xx_HAL_Driver/Src/stm32h7xx_hal_rcc.c ****     GPIO_InitStruct.Speed = GPIO_SPEED_FREQ_VERY_HIGH;
 1992              		.loc 1 1320 5 view .LVU722
1321:Drivers/STM32H7xx_HAL_Driver/Src/stm32h7xx_hal_rcc.c ****     GPIO_InitStruct.Pull = GPIO_NOPULL;
 1993              		.loc 1 1321 5 view .LVU723
1322:Drivers/STM32H7xx_HAL_Driver/Src/stm32h7xx_hal_rcc.c ****     GPIO_InitStruct.Alternate = GPIO_AF0_MCO;
 1994              		.loc 1 1322 5 view .LVU724
1324:Drivers/STM32H7xx_HAL_Driver/Src/stm32h7xx_hal_rcc.c **** 
 1995              		.loc 1 1324 5 is_stmt 0 view .LVU725
 1996 006c 02A9     		add	r1, sp, #8
1319:Drivers/STM32H7xx_HAL_Driver/Src/stm32h7xx_hal_rcc.c ****     GPIO_InitStruct.Mode = GPIO_MODE_AF_PP;
 1997              		.loc 1 1319 25 view .LVU726
 1998 006e CDE90223 		strd	r2, [sp, #8]
 1999 0072 0022     		movs	r2, #0
 2000 0074 0323     		movs	r3, #3
 2001 0076 CDE90423 		strd	r2, [sp, #16]
1323:Drivers/STM32H7xx_HAL_Driver/Src/stm32h7xx_hal_rcc.c ****     HAL_GPIO_Init(MCO2_GPIO_PORT, &GPIO_InitStruct);
ARM GAS  C:\Users\l1234\AppData\Local\Temp\cc5S3qmC.s 			page 74


 2002              		.loc 1 1323 5 is_stmt 1 view .LVU727
1323:Drivers/STM32H7xx_HAL_Driver/Src/stm32h7xx_hal_rcc.c ****     HAL_GPIO_Init(MCO2_GPIO_PORT, &GPIO_InitStruct);
 2003              		.loc 1 1323 31 is_stmt 0 view .LVU728
 2004 007a 0023     		movs	r3, #0
 2005 007c 0693     		str	r3, [sp, #24]
1324:Drivers/STM32H7xx_HAL_Driver/Src/stm32h7xx_hal_rcc.c **** 
 2006              		.loc 1 1324 5 is_stmt 1 view .LVU729
 2007 007e FFF7FEFF 		bl	HAL_GPIO_Init
 2008              	.LVL176:
1327:Drivers/STM32H7xx_HAL_Driver/Src/stm32h7xx_hal_rcc.c ****   }
 2009              		.loc 1 1327 5 view .LVU730
 2010 0082 3369     		ldr	r3, [r6, #16]
 2011 0084 23F07E43 		bic	r3, r3, #-33554432
 2012 0088 43EA0501 		orr	r1, r3, r5
 2013 008c 41EAC411 		orr	r1, r1, r4, lsl #7
 2014 0090 3161     		str	r1, [r6, #16]
1329:Drivers/STM32H7xx_HAL_Driver/Src/stm32h7xx_hal_rcc.c **** 
 2015              		.loc 1 1329 1 is_stmt 0 view .LVU731
 2016 0092 08B0     		add	sp, sp, #32
 2017              	.LCFI10:
 2018              		.cfi_def_cfa_offset 16
 2019              		@ sp needed
 2020 0094 70BD     		pop	{r4, r5, r6, pc}
 2021              	.LVL177:
 2022              	.L192:
1329:Drivers/STM32H7xx_HAL_Driver/Src/stm32h7xx_hal_rcc.c **** 
 2023              		.loc 1 1329 1 view .LVU732
 2024 0096 00BF     		.align	2
 2025              	.L191:
 2026 0098 00440258 		.word	1476543488
 2027 009c 00000258 		.word	1476526080
 2028 00a0 00080258 		.word	1476528128
 2029              		.cfi_endproc
 2030              	.LFE147:
 2032              		.section	.text.HAL_RCC_EnableCSS,"ax",%progbits
 2033              		.align	1
 2034              		.p2align 2,,3
 2035              		.global	HAL_RCC_EnableCSS
 2036              		.syntax unified
 2037              		.thumb
 2038              		.thumb_func
 2040              	HAL_RCC_EnableCSS:
 2041              	.LFB148:
1341:Drivers/STM32H7xx_HAL_Driver/Src/stm32h7xx_hal_rcc.c ****   SET_BIT(RCC->CR, RCC_CR_CSSHSEON) ;
 2042              		.loc 1 1341 1 is_stmt 1 view -0
 2043              		.cfi_startproc
 2044              		@ args = 0, pretend = 0, frame = 0
 2045              		@ frame_needed = 0, uses_anonymous_args = 0
 2046              		@ link register save eliminated.
1342:Drivers/STM32H7xx_HAL_Driver/Src/stm32h7xx_hal_rcc.c **** }
 2047              		.loc 1 1342 3 view .LVU734
 2048 0000 024A     		ldr	r2, .L194
 2049 0002 1368     		ldr	r3, [r2]
 2050 0004 43F40023 		orr	r3, r3, #524288
 2051 0008 1360     		str	r3, [r2]
1343:Drivers/STM32H7xx_HAL_Driver/Src/stm32h7xx_hal_rcc.c **** 
 2052              		.loc 1 1343 1 is_stmt 0 view .LVU735
ARM GAS  C:\Users\l1234\AppData\Local\Temp\cc5S3qmC.s 			page 75


 2053 000a 7047     		bx	lr
 2054              	.L195:
 2055              		.align	2
 2056              	.L194:
 2057 000c 00440258 		.word	1476543488
 2058              		.cfi_endproc
 2059              	.LFE148:
 2061              		.section	.text.HAL_RCC_DisableCSS,"ax",%progbits
 2062              		.align	1
 2063              		.p2align 2,,3
 2064              		.global	HAL_RCC_DisableCSS
 2065              		.syntax unified
 2066              		.thumb
 2067              		.thumb_func
 2069              	HAL_RCC_DisableCSS:
 2070              	.LFB149:
1350:Drivers/STM32H7xx_HAL_Driver/Src/stm32h7xx_hal_rcc.c ****   CLEAR_BIT(RCC->CR, RCC_CR_CSSHSEON);
 2071              		.loc 1 1350 1 is_stmt 1 view -0
 2072              		.cfi_startproc
 2073              		@ args = 0, pretend = 0, frame = 0
 2074              		@ frame_needed = 0, uses_anonymous_args = 0
 2075              		@ link register save eliminated.
1351:Drivers/STM32H7xx_HAL_Driver/Src/stm32h7xx_hal_rcc.c **** }
 2076              		.loc 1 1351 3 view .LVU737
 2077 0000 024A     		ldr	r2, .L197
 2078 0002 1368     		ldr	r3, [r2]
 2079 0004 23F40023 		bic	r3, r3, #524288
 2080 0008 1360     		str	r3, [r2]
1352:Drivers/STM32H7xx_HAL_Driver/Src/stm32h7xx_hal_rcc.c **** 
 2081              		.loc 1 1352 1 is_stmt 0 view .LVU738
 2082 000a 7047     		bx	lr
 2083              	.L198:
 2084              		.align	2
 2085              	.L197:
 2086 000c 00440258 		.word	1476543488
 2087              		.cfi_endproc
 2088              	.LFE149:
 2090              		.section	.text.HAL_RCC_GetSysClockFreq,"ax",%progbits
 2091              		.align	1
 2092              		.p2align 2,,3
 2093              		.global	HAL_RCC_GetSysClockFreq
 2094              		.syntax unified
 2095              		.thumb
 2096              		.thumb_func
 2098              	HAL_RCC_GetSysClockFreq:
 2099              	.LFB150:
1389:Drivers/STM32H7xx_HAL_Driver/Src/stm32h7xx_hal_rcc.c ****   uint32_t pllp, pllsource, pllm, pllfracen, hsivalue;
 2100              		.loc 1 1389 1 is_stmt 1 view -0
 2101              		.cfi_startproc
 2102              		@ args = 0, pretend = 0, frame = 0
 2103              		@ frame_needed = 0, uses_anonymous_args = 0
 2104              		@ link register save eliminated.
1390:Drivers/STM32H7xx_HAL_Driver/Src/stm32h7xx_hal_rcc.c ****   float_t fracn1, pllvco;
 2105              		.loc 1 1390 3 view .LVU740
1391:Drivers/STM32H7xx_HAL_Driver/Src/stm32h7xx_hal_rcc.c ****   uint32_t sysclockfreq;
 2106              		.loc 1 1391 3 view .LVU741
1392:Drivers/STM32H7xx_HAL_Driver/Src/stm32h7xx_hal_rcc.c **** 
ARM GAS  C:\Users\l1234\AppData\Local\Temp\cc5S3qmC.s 			page 76


 2107              		.loc 1 1392 3 view .LVU742
1396:Drivers/STM32H7xx_HAL_Driver/Src/stm32h7xx_hal_rcc.c ****   {
 2108              		.loc 1 1396 3 view .LVU743
1396:Drivers/STM32H7xx_HAL_Driver/Src/stm32h7xx_hal_rcc.c ****   {
 2109              		.loc 1 1396 14 is_stmt 0 view .LVU744
 2110 0000 3F4A     		ldr	r2, .L219
 2111 0002 1369     		ldr	r3, [r2, #16]
1396:Drivers/STM32H7xx_HAL_Driver/Src/stm32h7xx_hal_rcc.c ****   {
 2112              		.loc 1 1396 21 view .LVU745
 2113 0004 03F03803 		and	r3, r3, #56
1396:Drivers/STM32H7xx_HAL_Driver/Src/stm32h7xx_hal_rcc.c ****   {
 2114              		.loc 1 1396 3 view .LVU746
 2115 0008 102B     		cmp	r3, #16
 2116 000a 04D0     		beq	.L207
 2117 000c 182B     		cmp	r3, #24
 2118 000e 0DD0     		beq	.L201
 2119 0010 1BB1     		cbz	r3, .L217
1412:Drivers/STM32H7xx_HAL_Driver/Src/stm32h7xx_hal_rcc.c ****       break;
 2120              		.loc 1 1412 20 view .LVU747
 2121 0012 3C48     		ldr	r0, .L219+4
 2122 0014 7047     		bx	lr
 2123              	.L207:
1396:Drivers/STM32H7xx_HAL_Driver/Src/stm32h7xx_hal_rcc.c ****   {
 2124              		.loc 1 1396 3 view .LVU748
 2125 0016 3C48     		ldr	r0, .L219+8
 2126 0018 7047     		bx	lr
 2127              	.L217:
1400:Drivers/STM32H7xx_HAL_Driver/Src/stm32h7xx_hal_rcc.c ****       {
 2128              		.loc 1 1400 7 is_stmt 1 view .LVU749
1400:Drivers/STM32H7xx_HAL_Driver/Src/stm32h7xx_hal_rcc.c ****       {
 2129              		.loc 1 1400 11 is_stmt 0 view .LVU750
 2130 001a 1368     		ldr	r3, [r2]
1400:Drivers/STM32H7xx_HAL_Driver/Src/stm32h7xx_hal_rcc.c ****       {
 2131              		.loc 1 1400 10 view .LVU751
 2132 001c 9906     		lsls	r1, r3, #26
 2133 001e 48D5     		bpl	.L209
1402:Drivers/STM32H7xx_HAL_Driver/Src/stm32h7xx_hal_rcc.c ****       }
 2134              		.loc 1 1402 9 is_stmt 1 view .LVU752
1402:Drivers/STM32H7xx_HAL_Driver/Src/stm32h7xx_hal_rcc.c ****       }
 2135              		.loc 1 1402 49 is_stmt 0 view .LVU753
 2136 0020 1368     		ldr	r3, [r2]
1402:Drivers/STM32H7xx_HAL_Driver/Src/stm32h7xx_hal_rcc.c ****       }
 2137              		.loc 1 1402 22 view .LVU754
 2138 0022 3A48     		ldr	r0, .L219+12
1402:Drivers/STM32H7xx_HAL_Driver/Src/stm32h7xx_hal_rcc.c ****       }
 2139              		.loc 1 1402 77 view .LVU755
 2140 0024 C3F3C103 		ubfx	r3, r3, #3, #2
1402:Drivers/STM32H7xx_HAL_Driver/Src/stm32h7xx_hal_rcc.c ****       }
 2141              		.loc 1 1402 22 view .LVU756
 2142 0028 D840     		lsrs	r0, r0, r3
 2143              	.LVL178:
1402:Drivers/STM32H7xx_HAL_Driver/Src/stm32h7xx_hal_rcc.c ****       }
 2144              		.loc 1 1402 22 view .LVU757
 2145 002a 7047     		bx	lr
 2146              	.LVL179:
 2147              	.L201:
 2148              	.LBB26:
ARM GAS  C:\Users\l1234\AppData\Local\Temp\cc5S3qmC.s 			page 77


 2149              	.LBI26:
1388:Drivers/STM32H7xx_HAL_Driver/Src/stm32h7xx_hal_rcc.c **** {
 2150              		.loc 1 1388 10 is_stmt 1 view .LVU758
 2151              	.LBB27:
1424:Drivers/STM32H7xx_HAL_Driver/Src/stm32h7xx_hal_rcc.c ****       pllm = ((RCC->PLLCKSELR & RCC_PLLCKSELR_DIVM1) >> 4)  ;
 2152              		.loc 1 1424 7 view .LVU759
1424:Drivers/STM32H7xx_HAL_Driver/Src/stm32h7xx_hal_rcc.c ****       pllm = ((RCC->PLLCKSELR & RCC_PLLCKSELR_DIVM1) >> 4)  ;
 2153              		.loc 1 1424 23 is_stmt 0 view .LVU760
 2154 002c 916A     		ldr	r1, [r2, #40]
 2155              	.LVL180:
1425:Drivers/STM32H7xx_HAL_Driver/Src/stm32h7xx_hal_rcc.c ****       pllfracen = ((RCC-> PLLCFGR & RCC_PLLCFGR_PLL1FRACEN) >> RCC_PLLCFGR_PLL1FRACEN_Pos);
 2156              		.loc 1 1425 7 is_stmt 1 view .LVU761
 2157              	.LBE27:
 2158              	.LBE26:
1389:Drivers/STM32H7xx_HAL_Driver/Src/stm32h7xx_hal_rcc.c ****   uint32_t pllp, pllsource, pllm, pllfracen, hsivalue;
 2159              		.loc 1 1389 1 is_stmt 0 view .LVU762
 2160 002e 30B4     		push	{r4, r5}
 2161              	.LCFI11:
 2162              		.cfi_def_cfa_offset 8
 2163              		.cfi_offset 4, -8
 2164              		.cfi_offset 5, -4
 2165              	.LBB30:
 2166              	.LBB28:
1425:Drivers/STM32H7xx_HAL_Driver/Src/stm32h7xx_hal_rcc.c ****       pllfracen = ((RCC-> PLLCFGR & RCC_PLLCFGR_PLL1FRACEN) >> RCC_PLLCFGR_PLL1FRACEN_Pos);
 2167              		.loc 1 1425 19 view .LVU763
 2168 0030 946A     		ldr	r4, [r2, #40]
1426:Drivers/STM32H7xx_HAL_Driver/Src/stm32h7xx_hal_rcc.c ****       fracn1 = (float_t)(uint32_t)(pllfracen * ((RCC->PLL1FRACR & RCC_PLL1FRACR_FRACN1) >> 3));
 2169              		.loc 1 1426 24 view .LVU764
 2170 0032 D56A     		ldr	r5, [r2, #44]
1429:Drivers/STM32H7xx_HAL_Driver/Src/stm32h7xx_hal_rcc.c ****       {
 2171              		.loc 1 1429 10 view .LVU765
 2172 0034 14F47C7F 		tst	r4, #1008
1427:Drivers/STM32H7xx_HAL_Driver/Src/stm32h7xx_hal_rcc.c **** 
 2173              		.loc 1 1427 53 view .LVU766
 2174 0038 536B     		ldr	r3, [r2, #52]
1425:Drivers/STM32H7xx_HAL_Driver/Src/stm32h7xx_hal_rcc.c ****       pllfracen = ((RCC-> PLLCFGR & RCC_PLLCFGR_PLL1FRACEN) >> RCC_PLLCFGR_PLL1FRACEN_Pos);
 2175              		.loc 1 1425 12 view .LVU767
 2176 003a C4F30510 		ubfx	r0, r4, #4, #6
 2177              	.LVL181:
1426:Drivers/STM32H7xx_HAL_Driver/Src/stm32h7xx_hal_rcc.c ****       fracn1 = (float_t)(uint32_t)(pllfracen * ((RCC->PLL1FRACR & RCC_PLL1FRACR_FRACN1) >> 3));
 2178              		.loc 1 1426 7 is_stmt 1 view .LVU768
1427:Drivers/STM32H7xx_HAL_Driver/Src/stm32h7xx_hal_rcc.c **** 
 2179              		.loc 1 1427 7 view .LVU769
1429:Drivers/STM32H7xx_HAL_Driver/Src/stm32h7xx_hal_rcc.c ****       {
 2180              		.loc 1 1429 7 view .LVU770
1429:Drivers/STM32H7xx_HAL_Driver/Src/stm32h7xx_hal_rcc.c ****       {
 2181              		.loc 1 1429 10 is_stmt 0 view .LVU771
 2182 003e 36D0     		beq	.L199
1431:Drivers/STM32H7xx_HAL_Driver/Src/stm32h7xx_hal_rcc.c ****         {
 2183              		.loc 1 1431 9 is_stmt 1 view .LVU772
1427:Drivers/STM32H7xx_HAL_Driver/Src/stm32h7xx_hal_rcc.c **** 
 2184              		.loc 1 1427 89 is_stmt 0 view .LVU773
 2185 0040 C3F3CC03 		ubfx	r3, r3, #3, #13
 2186              	.LVL182:
1426:Drivers/STM32H7xx_HAL_Driver/Src/stm32h7xx_hal_rcc.c ****       fracn1 = (float_t)(uint32_t)(pllfracen * ((RCC->PLL1FRACR & RCC_PLL1FRACR_FRACN1) >> 3));
 2187              		.loc 1 1426 17 view .LVU774
 2188 0044 05F00105 		and	r5, r5, #1
ARM GAS  C:\Users\l1234\AppData\Local\Temp\cc5S3qmC.s 			page 78


 2189              	.LVL183:
1424:Drivers/STM32H7xx_HAL_Driver/Src/stm32h7xx_hal_rcc.c ****       pllm = ((RCC->PLLCKSELR & RCC_PLLCKSELR_DIVM1) >> 4)  ;
 2190              		.loc 1 1424 17 view .LVU775
 2191 0048 01F00301 		and	r1, r1, #3
 2192              	.LVL184:
1438:Drivers/STM32H7xx_HAL_Driver/Src/stm32h7xx_hal_rcc.c ****             }
 2193              		.loc 1 1438 45 view .LVU776
 2194 004c 07EE900A 		vmov	s15, r0	@ int
1427:Drivers/STM32H7xx_HAL_Driver/Src/stm32h7xx_hal_rcc.c **** 
 2195              		.loc 1 1427 25 view .LVU777
 2196 0050 05FB03F3 		mul	r3, r5, r3
 2197 0054 0129     		cmp	r1, #1
1438:Drivers/STM32H7xx_HAL_Driver/Src/stm32h7xx_hal_rcc.c ****             }
 2198              		.loc 1 1438 45 view .LVU778
 2199 0056 F8EEE77A 		vcvt.f32.s32	s15, s15
1438:Drivers/STM32H7xx_HAL_Driver/Src/stm32h7xx_hal_rcc.c ****             }
 2200              		.loc 1 1438 126 view .LVU779
 2201 005a 06EE903A 		vmov	s13, r3	@ int
 2202 005e FAEEE96A 		vcvt.f32.s32	s13, s13, #13
 2203 0062 02D0     		beq	.L204
 2204 0064 0229     		cmp	r1, #2
 2205 0066 26D0     		beq	.L203
 2206 0068 41B3     		cbz	r1, .L218
 2207              	.L204:
1455:Drivers/STM32H7xx_HAL_Driver/Src/stm32h7xx_hal_rcc.c ****             break;
 2208              		.loc 1 1455 13 is_stmt 1 view .LVU780
1455:Drivers/STM32H7xx_HAL_Driver/Src/stm32h7xx_hal_rcc.c ****             break;
 2209              		.loc 1 1455 42 is_stmt 0 view .LVU781
 2210 006a 9FED297A 		vldr.32	s14, .L219+16
 2211              	.L216:
 2212 006e 87EE276A 		vdiv.f32	s12, s14, s15
1455:Drivers/STM32H7xx_HAL_Driver/Src/stm32h7xx_hal_rcc.c ****             break;
 2213              		.loc 1 1455 85 view .LVU782
 2214 0072 136B     		ldr	r3, [r2, #48]
1455:Drivers/STM32H7xx_HAL_Driver/Src/stm32h7xx_hal_rcc.c ****             break;
 2215              		.loc 1 1455 71 view .LVU783
 2216 0074 C3F30803 		ubfx	r3, r3, #0, #9
 2217 0078 07EE103A 		vmov	s14, r3	@ int
1455:Drivers/STM32H7xx_HAL_Driver/Src/stm32h7xx_hal_rcc.c ****             break;
 2218              		.loc 1 1455 144 view .LVU784
 2219 007c F7EE005A 		vmov.f32	s11, #1.0e+0
1455:Drivers/STM32H7xx_HAL_Driver/Src/stm32h7xx_hal_rcc.c ****             break;
 2220              		.loc 1 1455 62 view .LVU785
 2221 0080 B8EEC77A 		vcvt.f32.s32	s14, s14
1455:Drivers/STM32H7xx_HAL_Driver/Src/stm32h7xx_hal_rcc.c ****             break;
 2222              		.loc 1 1455 115 view .LVU786
 2223 0084 37EE267A 		vadd.f32	s14, s14, s13
1455:Drivers/STM32H7xx_HAL_Driver/Src/stm32h7xx_hal_rcc.c ****             break;
 2224              		.loc 1 1455 144 view .LVU787
 2225 0088 37EE257A 		vadd.f32	s14, s14, s11
1455:Drivers/STM32H7xx_HAL_Driver/Src/stm32h7xx_hal_rcc.c ****             break;
 2226              		.loc 1 1455 20 view .LVU788
 2227 008c 27EE067A 		vmul.f32	s14, s14, s12
 2228              	.LVL185:
1456:Drivers/STM32H7xx_HAL_Driver/Src/stm32h7xx_hal_rcc.c ****         }
 2229              		.loc 1 1456 13 is_stmt 1 view .LVU789
 2230              	.L206:
ARM GAS  C:\Users\l1234\AppData\Local\Temp\cc5S3qmC.s 			page 79


1458:Drivers/STM32H7xx_HAL_Driver/Src/stm32h7xx_hal_rcc.c ****         sysclockfreq = (uint32_t)(float_t)(pllvco / (float_t)pllp);
 2231              		.loc 1 1458 9 view .LVU790
1458:Drivers/STM32H7xx_HAL_Driver/Src/stm32h7xx_hal_rcc.c ****         sysclockfreq = (uint32_t)(float_t)(pllvco / (float_t)pllp);
 2232              		.loc 1 1458 22 is_stmt 0 view .LVU791
 2233 0090 1B4B     		ldr	r3, .L219
 2234 0092 1B6B     		ldr	r3, [r3, #48]
 2235              	.LVL186:
1459:Drivers/STM32H7xx_HAL_Driver/Src/stm32h7xx_hal_rcc.c ****       }
 2236              		.loc 1 1459 9 is_stmt 1 view .LVU792
1458:Drivers/STM32H7xx_HAL_Driver/Src/stm32h7xx_hal_rcc.c ****         sysclockfreq = (uint32_t)(float_t)(pllvco / (float_t)pllp);
 2237              		.loc 1 1458 52 is_stmt 0 view .LVU793
 2238 0094 C3F34623 		ubfx	r3, r3, #9, #7
 2239              	.LVL187:
1458:Drivers/STM32H7xx_HAL_Driver/Src/stm32h7xx_hal_rcc.c ****         sysclockfreq = (uint32_t)(float_t)(pllvco / (float_t)pllp);
 2240              		.loc 1 1458 14 view .LVU794
 2241 0098 0133     		adds	r3, r3, #1
1459:Drivers/STM32H7xx_HAL_Driver/Src/stm32h7xx_hal_rcc.c ****       }
 2242              		.loc 1 1459 53 view .LVU795
 2243 009a 07EE903A 		vmov	s15, r3	@ int
 2244 009e F8EEE76A 		vcvt.f32.s32	s13, s15
1459:Drivers/STM32H7xx_HAL_Driver/Src/stm32h7xx_hal_rcc.c ****       }
 2245              		.loc 1 1459 34 view .LVU796
 2246 00a2 C7EE267A 		vdiv.f32	s15, s14, s13
1459:Drivers/STM32H7xx_HAL_Driver/Src/stm32h7xx_hal_rcc.c ****       }
 2247              		.loc 1 1459 22 view .LVU797
 2248 00a6 FCEEE77A 		vcvt.u32.f32	s15, s15
 2249 00aa 17EE900A 		vmov	r0, s15	@ int
 2250              	.LVL188:
 2251              	.L199:
1459:Drivers/STM32H7xx_HAL_Driver/Src/stm32h7xx_hal_rcc.c ****       }
 2252              		.loc 1 1459 22 view .LVU798
 2253              	.LBE28:
 2254              	.LBE30:
 2255              		.loc 1 1473 1 view .LVU799
 2256 00ae 30BC     		pop	{r4, r5}
 2257              	.LCFI12:
 2258              		.cfi_restore 5
 2259              		.cfi_restore 4
 2260              		.cfi_def_cfa_offset 0
 2261              	.LVL189:
 2262              		.loc 1 1473 1 view .LVU800
 2263 00b0 7047     		bx	lr
 2264              	.LVL190:
 2265              	.L209:
1406:Drivers/STM32H7xx_HAL_Driver/Src/stm32h7xx_hal_rcc.c ****       }
 2266              		.loc 1 1406 22 view .LVU801
 2267 00b2 1648     		ldr	r0, .L219+12
 2268              	.LVL191:
1472:Drivers/STM32H7xx_HAL_Driver/Src/stm32h7xx_hal_rcc.c **** }
 2269              		.loc 1 1472 3 is_stmt 1 view .LVU802
 2270              		.loc 1 1473 1 is_stmt 0 view .LVU803
 2271 00b4 7047     		bx	lr
 2272              	.LVL192:
 2273              	.L203:
 2274              	.LCFI13:
 2275              		.cfi_def_cfa_offset 8
 2276              		.cfi_offset 4, -8
ARM GAS  C:\Users\l1234\AppData\Local\Temp\cc5S3qmC.s 			page 80


 2277              		.cfi_offset 5, -4
 2278              	.LBB31:
 2279              	.LBB29:
1451:Drivers/STM32H7xx_HAL_Driver/Src/stm32h7xx_hal_rcc.c ****             break;
 2280              		.loc 1 1451 13 is_stmt 1 view .LVU804
1451:Drivers/STM32H7xx_HAL_Driver/Src/stm32h7xx_hal_rcc.c ****             break;
 2281              		.loc 1 1451 42 is_stmt 0 view .LVU805
 2282 00b6 9FED177A 		vldr.32	s14, .L219+20
 2283 00ba D8E7     		b	.L216
 2284              	.L218:
1435:Drivers/STM32H7xx_HAL_Driver/Src/stm32h7xx_hal_rcc.c ****             {
 2285              		.loc 1 1435 13 is_stmt 1 view .LVU806
1435:Drivers/STM32H7xx_HAL_Driver/Src/stm32h7xx_hal_rcc.c ****             {
 2286              		.loc 1 1435 17 is_stmt 0 view .LVU807
 2287 00bc 1368     		ldr	r3, [r2]
1435:Drivers/STM32H7xx_HAL_Driver/Src/stm32h7xx_hal_rcc.c ****             {
 2288              		.loc 1 1435 16 view .LVU808
 2289 00be 9B06     		lsls	r3, r3, #26
 2290 00c0 1AD5     		bpl	.L205
1437:Drivers/STM32H7xx_HAL_Driver/Src/stm32h7xx_hal_rcc.c ****               pllvco = ((float_t)hsivalue / (float_t)pllm) * ((float_t)(uint32_t)(RCC->PLL1DIVR & R
 2291              		.loc 1 1437 15 is_stmt 1 view .LVU809
1437:Drivers/STM32H7xx_HAL_Driver/Src/stm32h7xx_hal_rcc.c ****               pllvco = ((float_t)hsivalue / (float_t)pllm) * ((float_t)(uint32_t)(RCC->PLL1DIVR & R
 2292              		.loc 1 1437 41 is_stmt 0 view .LVU810
 2293 00c2 1068     		ldr	r0, [r2]
 2294              	.LVL193:
1438:Drivers/STM32H7xx_HAL_Driver/Src/stm32h7xx_hal_rcc.c ****             }
 2295              		.loc 1 1438 15 is_stmt 1 view .LVU811
1438:Drivers/STM32H7xx_HAL_Driver/Src/stm32h7xx_hal_rcc.c ****             }
 2296              		.loc 1 1438 145 is_stmt 0 view .LVU812
 2297 00c4 F7EE005A 		vmov.f32	s11, #1.0e+0
1438:Drivers/STM32H7xx_HAL_Driver/Src/stm32h7xx_hal_rcc.c ****             }
 2298              		.loc 1 1438 86 view .LVU813
 2299 00c8 136B     		ldr	r3, [r2, #48]
1437:Drivers/STM32H7xx_HAL_Driver/Src/stm32h7xx_hal_rcc.c ****               pllvco = ((float_t)hsivalue / (float_t)pllm) * ((float_t)(uint32_t)(RCC->PLL1DIVR & R
 2300              		.loc 1 1437 24 view .LVU814
 2301 00ca 1049     		ldr	r1, .L219+12
 2302              	.LVL194:
1437:Drivers/STM32H7xx_HAL_Driver/Src/stm32h7xx_hal_rcc.c ****               pllvco = ((float_t)hsivalue / (float_t)pllm) * ((float_t)(uint32_t)(RCC->PLL1DIVR & R
 2303              		.loc 1 1437 69 view .LVU815
 2304 00cc C0F3C102 		ubfx	r2, r0, #3, #2
1438:Drivers/STM32H7xx_HAL_Driver/Src/stm32h7xx_hal_rcc.c ****             }
 2305              		.loc 1 1438 72 view .LVU816
 2306 00d0 C3F30803 		ubfx	r3, r3, #0, #9
1437:Drivers/STM32H7xx_HAL_Driver/Src/stm32h7xx_hal_rcc.c ****               pllvco = ((float_t)hsivalue / (float_t)pllm) * ((float_t)(uint32_t)(RCC->PLL1DIVR & R
 2307              		.loc 1 1437 24 view .LVU817
 2308 00d4 D140     		lsrs	r1, r1, r2
1438:Drivers/STM32H7xx_HAL_Driver/Src/stm32h7xx_hal_rcc.c ****             }
 2309              		.loc 1 1438 63 view .LVU818
 2310 00d6 07EE103A 		vmov	s14, r3	@ int
1438:Drivers/STM32H7xx_HAL_Driver/Src/stm32h7xx_hal_rcc.c ****             }
 2311              		.loc 1 1438 25 view .LVU819
 2312 00da 06EE101A 		vmov	s12, r1	@ int
1438:Drivers/STM32H7xx_HAL_Driver/Src/stm32h7xx_hal_rcc.c ****             }
 2313              		.loc 1 1438 63 view .LVU820
 2314 00de B8EEC77A 		vcvt.f32.s32	s14, s14
1438:Drivers/STM32H7xx_HAL_Driver/Src/stm32h7xx_hal_rcc.c ****             }
 2315              		.loc 1 1438 25 view .LVU821
ARM GAS  C:\Users\l1234\AppData\Local\Temp\cc5S3qmC.s 			page 81


 2316 00e2 B8EEC66A 		vcvt.f32.s32	s12, s12
1438:Drivers/STM32H7xx_HAL_Driver/Src/stm32h7xx_hal_rcc.c ****             }
 2317              		.loc 1 1438 116 view .LVU822
 2318 00e6 77EE266A 		vadd.f32	s13, s14, s13
1438:Drivers/STM32H7xx_HAL_Driver/Src/stm32h7xx_hal_rcc.c ****             }
 2319              		.loc 1 1438 43 view .LVU823
 2320 00ea 86EE277A 		vdiv.f32	s14, s12, s15
1438:Drivers/STM32H7xx_HAL_Driver/Src/stm32h7xx_hal_rcc.c ****             }
 2321              		.loc 1 1438 145 view .LVU824
 2322 00ee 76EEA57A 		vadd.f32	s15, s13, s11
1438:Drivers/STM32H7xx_HAL_Driver/Src/stm32h7xx_hal_rcc.c ****             }
 2323              		.loc 1 1438 22 view .LVU825
 2324 00f2 27EE277A 		vmul.f32	s14, s14, s15
 2325              	.LVL195:
1438:Drivers/STM32H7xx_HAL_Driver/Src/stm32h7xx_hal_rcc.c ****             }
 2326              		.loc 1 1438 22 view .LVU826
 2327 00f6 CBE7     		b	.L206
 2328              	.LVL196:
 2329              	.L205:
1442:Drivers/STM32H7xx_HAL_Driver/Src/stm32h7xx_hal_rcc.c ****             }
 2330              		.loc 1 1442 15 is_stmt 1 view .LVU827
1442:Drivers/STM32H7xx_HAL_Driver/Src/stm32h7xx_hal_rcc.c ****             }
 2331              		.loc 1 1442 44 is_stmt 0 view .LVU828
 2332 00f8 9FED077A 		vldr.32	s14, .L219+24
 2333 00fc B7E7     		b	.L216
 2334              	.L220:
 2335 00fe 00BF     		.align	2
 2336              	.L219:
 2337 0100 00440258 		.word	1476543488
 2338 0104 00093D00 		.word	4000000
 2339 0108 00366E01 		.word	24000000
 2340 010c 0090D003 		.word	64000000
 2341 0110 0024744A 		.word	1249125376
 2342 0114 001BB74B 		.word	1270291200
 2343 0118 0024744C 		.word	1282679808
 2344              	.LBE29:
 2345              	.LBE31:
 2346              		.cfi_endproc
 2347              	.LFE150:
 2349              		.section	.text.HAL_RCC_ClockConfig,"ax",%progbits
 2350              		.align	1
 2351              		.p2align 2,,3
 2352              		.global	HAL_RCC_ClockConfig
 2353              		.syntax unified
 2354              		.thumb
 2355              		.thumb_func
 2357              	HAL_RCC_ClockConfig:
 2358              	.LVL197:
 2359              	.LFB146:
 923:Drivers/STM32H7xx_HAL_Driver/Src/stm32h7xx_hal_rcc.c ****   HAL_StatusTypeDef halstatus;
 2360              		.loc 1 923 1 is_stmt 1 view -0
 2361              		.cfi_startproc
 2362              		@ args = 0, pretend = 0, frame = 0
 2363              		@ frame_needed = 0, uses_anonymous_args = 0
 924:Drivers/STM32H7xx_HAL_Driver/Src/stm32h7xx_hal_rcc.c ****   uint32_t tickstart;
 2364              		.loc 1 924 3 view .LVU830
 925:Drivers/STM32H7xx_HAL_Driver/Src/stm32h7xx_hal_rcc.c ****   uint32_t common_system_clock;
ARM GAS  C:\Users\l1234\AppData\Local\Temp\cc5S3qmC.s 			page 82


 2365              		.loc 1 925 3 view .LVU831
 926:Drivers/STM32H7xx_HAL_Driver/Src/stm32h7xx_hal_rcc.c **** 
 2366              		.loc 1 926 3 view .LVU832
 929:Drivers/STM32H7xx_HAL_Driver/Src/stm32h7xx_hal_rcc.c ****   {
 2367              		.loc 1 929 3 view .LVU833
 929:Drivers/STM32H7xx_HAL_Driver/Src/stm32h7xx_hal_rcc.c ****   {
 2368              		.loc 1 929 6 is_stmt 0 view .LVU834
 2369 0000 0028     		cmp	r0, #0
 2370 0002 00F00E81 		beq	.L290
 943:Drivers/STM32H7xx_HAL_Driver/Src/stm32h7xx_hal_rcc.c ****   {
 2371              		.loc 1 943 18 view .LVU835
 2372 0006 8D4A     		ldr	r2, .L295
 2373 0008 1368     		ldr	r3, [r2]
 2374 000a 03F00F03 		and	r3, r3, #15
 943:Drivers/STM32H7xx_HAL_Driver/Src/stm32h7xx_hal_rcc.c ****   {
 2375              		.loc 1 943 6 view .LVU836
 2376 000e 8B42     		cmp	r3, r1
 923:Drivers/STM32H7xx_HAL_Driver/Src/stm32h7xx_hal_rcc.c ****   HAL_StatusTypeDef halstatus;
 2377              		.loc 1 923 1 view .LVU837
 2378 0010 2DE9F041 		push	{r4, r5, r6, r7, r8, lr}
 2379              	.LCFI14:
 2380              		.cfi_def_cfa_offset 24
 2381              		.cfi_offset 4, -24
 2382              		.cfi_offset 5, -20
 2383              		.cfi_offset 6, -16
 2384              		.cfi_offset 7, -12
 2385              		.cfi_offset 8, -8
 2386              		.cfi_offset 14, -4
 2387 0014 0446     		mov	r4, r0
 2388 0016 0D46     		mov	r5, r1
 935:Drivers/STM32H7xx_HAL_Driver/Src/stm32h7xx_hal_rcc.c ****   assert_param(IS_FLASH_LATENCY(FLatency));
 2389              		.loc 1 935 3 is_stmt 1 view .LVU838
 936:Drivers/STM32H7xx_HAL_Driver/Src/stm32h7xx_hal_rcc.c **** 
 2390              		.loc 1 936 3 view .LVU839
 943:Drivers/STM32H7xx_HAL_Driver/Src/stm32h7xx_hal_rcc.c ****   {
 2391              		.loc 1 943 3 view .LVU840
 943:Drivers/STM32H7xx_HAL_Driver/Src/stm32h7xx_hal_rcc.c ****   {
 2392              		.loc 1 943 6 is_stmt 0 view .LVU841
 2393 0018 0CD2     		bcs	.L228
 946:Drivers/STM32H7xx_HAL_Driver/Src/stm32h7xx_hal_rcc.c **** 
 2394              		.loc 1 946 5 is_stmt 1 view .LVU842
 2395 001a 1368     		ldr	r3, [r2]
 2396 001c 23F00F03 		bic	r3, r3, #15
 2397 0020 0B43     		orrs	r3, r3, r1
 2398 0022 1360     		str	r3, [r2]
 950:Drivers/STM32H7xx_HAL_Driver/Src/stm32h7xx_hal_rcc.c ****     {
 2399              		.loc 1 950 5 view .LVU843
 950:Drivers/STM32H7xx_HAL_Driver/Src/stm32h7xx_hal_rcc.c ****     {
 2400              		.loc 1 950 9 is_stmt 0 view .LVU844
 2401 0024 1368     		ldr	r3, [r2]
 2402 0026 03F00F03 		and	r3, r3, #15
 950:Drivers/STM32H7xx_HAL_Driver/Src/stm32h7xx_hal_rcc.c ****     {
 2403              		.loc 1 950 8 view .LVU845
 2404 002a 8B42     		cmp	r3, r1
 2405 002c 02D0     		beq	.L228
 2406              	.LVL198:
 2407              	.L227:
ARM GAS  C:\Users\l1234\AppData\Local\Temp\cc5S3qmC.s 			page 83


 931:Drivers/STM32H7xx_HAL_Driver/Src/stm32h7xx_hal_rcc.c ****   }
 2408              		.loc 1 931 12 view .LVU846
 2409 002e 0120     		movs	r0, #1
 2410              	.L286:
1240:Drivers/STM32H7xx_HAL_Driver/Src/stm32h7xx_hal_rcc.c **** 
 2411              		.loc 1 1240 1 view .LVU847
 2412 0030 BDE8F081 		pop	{r4, r5, r6, r7, r8, pc}
 2413              	.LVL199:
 2414              	.L228:
 959:Drivers/STM32H7xx_HAL_Driver/Src/stm32h7xx_hal_rcc.c ****   {
 2415              		.loc 1 959 3 is_stmt 1 view .LVU848
 959:Drivers/STM32H7xx_HAL_Driver/Src/stm32h7xx_hal_rcc.c ****   {
 2416              		.loc 1 959 26 is_stmt 0 view .LVU849
 2417 0034 2368     		ldr	r3, [r4]
 959:Drivers/STM32H7xx_HAL_Driver/Src/stm32h7xx_hal_rcc.c ****   {
 2418              		.loc 1 959 6 view .LVU850
 2419 0036 5807     		lsls	r0, r3, #29
 2420              	.LVL200:
 959:Drivers/STM32H7xx_HAL_Driver/Src/stm32h7xx_hal_rcc.c ****   {
 2421              		.loc 1 959 6 view .LVU851
 2422 0038 0BD5     		bpl	.L226
 962:Drivers/STM32H7xx_HAL_Driver/Src/stm32h7xx_hal_rcc.c ****     {
 2423              		.loc 1 962 5 is_stmt 1 view .LVU852
 962:Drivers/STM32H7xx_HAL_Driver/Src/stm32h7xx_hal_rcc.c ****     {
 2424              		.loc 1 962 51 is_stmt 0 view .LVU853
 2425 003a 8149     		ldr	r1, .L295+4
 2426              	.LVL201:
 962:Drivers/STM32H7xx_HAL_Driver/Src/stm32h7xx_hal_rcc.c ****     {
 2427              		.loc 1 962 27 view .LVU854
 2428 003c 2069     		ldr	r0, [r4, #16]
 962:Drivers/STM32H7xx_HAL_Driver/Src/stm32h7xx_hal_rcc.c ****     {
 2429              		.loc 1 962 51 view .LVU855
 2430 003e 8A69     		ldr	r2, [r1, #24]
 962:Drivers/STM32H7xx_HAL_Driver/Src/stm32h7xx_hal_rcc.c ****     {
 2431              		.loc 1 962 60 view .LVU856
 2432 0040 02F07002 		and	r2, r2, #112
 962:Drivers/STM32H7xx_HAL_Driver/Src/stm32h7xx_hal_rcc.c ****     {
 2433              		.loc 1 962 8 view .LVU857
 2434 0044 9042     		cmp	r0, r2
 2435 0046 04D9     		bls	.L226
 964:Drivers/STM32H7xx_HAL_Driver/Src/stm32h7xx_hal_rcc.c ****       MODIFY_REG(RCC->D1CFGR, RCC_D1CFGR_D1PPRE, RCC_ClkInitStruct->APB3CLKDivider);
 2436              		.loc 1 964 7 is_stmt 1 view .LVU858
 965:Drivers/STM32H7xx_HAL_Driver/Src/stm32h7xx_hal_rcc.c ****     }
 2437              		.loc 1 965 7 view .LVU859
 2438 0048 8A69     		ldr	r2, [r1, #24]
 2439 004a 22F07002 		bic	r2, r2, #112
 2440 004e 0243     		orrs	r2, r2, r0
 2441 0050 8A61     		str	r2, [r1, #24]
 2442              	.L226:
 977:Drivers/STM32H7xx_HAL_Driver/Src/stm32h7xx_hal_rcc.c ****   {
 2443              		.loc 1 977 3 view .LVU860
 977:Drivers/STM32H7xx_HAL_Driver/Src/stm32h7xx_hal_rcc.c ****   {
 2444              		.loc 1 977 6 is_stmt 0 view .LVU861
 2445 0052 1907     		lsls	r1, r3, #28
 2446 0054 0BD5     		bpl	.L229
 980:Drivers/STM32H7xx_HAL_Driver/Src/stm32h7xx_hal_rcc.c ****     {
 2447              		.loc 1 980 5 is_stmt 1 view .LVU862
ARM GAS  C:\Users\l1234\AppData\Local\Temp\cc5S3qmC.s 			page 84


 980:Drivers/STM32H7xx_HAL_Driver/Src/stm32h7xx_hal_rcc.c ****     {
 2448              		.loc 1 980 51 is_stmt 0 view .LVU863
 2449 0056 7A49     		ldr	r1, .L295+4
 980:Drivers/STM32H7xx_HAL_Driver/Src/stm32h7xx_hal_rcc.c ****     {
 2450              		.loc 1 980 27 view .LVU864
 2451 0058 6069     		ldr	r0, [r4, #20]
 980:Drivers/STM32H7xx_HAL_Driver/Src/stm32h7xx_hal_rcc.c ****     {
 2452              		.loc 1 980 51 view .LVU865
 2453 005a CA69     		ldr	r2, [r1, #28]
 980:Drivers/STM32H7xx_HAL_Driver/Src/stm32h7xx_hal_rcc.c ****     {
 2454              		.loc 1 980 60 view .LVU866
 2455 005c 02F07002 		and	r2, r2, #112
 980:Drivers/STM32H7xx_HAL_Driver/Src/stm32h7xx_hal_rcc.c ****     {
 2456              		.loc 1 980 8 view .LVU867
 2457 0060 9042     		cmp	r0, r2
 2458 0062 04D9     		bls	.L229
 982:Drivers/STM32H7xx_HAL_Driver/Src/stm32h7xx_hal_rcc.c ****       MODIFY_REG(RCC->D2CFGR, RCC_D2CFGR_D2PPRE1, (RCC_ClkInitStruct->APB1CLKDivider));
 2459              		.loc 1 982 7 is_stmt 1 view .LVU868
 983:Drivers/STM32H7xx_HAL_Driver/Src/stm32h7xx_hal_rcc.c ****     }
 2460              		.loc 1 983 7 view .LVU869
 2461 0064 CA69     		ldr	r2, [r1, #28]
 2462 0066 22F07002 		bic	r2, r2, #112
 2463 006a 0243     		orrs	r2, r2, r0
 2464 006c CA61     		str	r2, [r1, #28]
 2465              	.L229:
 994:Drivers/STM32H7xx_HAL_Driver/Src/stm32h7xx_hal_rcc.c ****   {
 2466              		.loc 1 994 3 view .LVU870
 994:Drivers/STM32H7xx_HAL_Driver/Src/stm32h7xx_hal_rcc.c ****   {
 2467              		.loc 1 994 6 is_stmt 0 view .LVU871
 2468 006e DA06     		lsls	r2, r3, #27
 2469 0070 0BD5     		bpl	.L230
 997:Drivers/STM32H7xx_HAL_Driver/Src/stm32h7xx_hal_rcc.c ****     {
 2470              		.loc 1 997 5 is_stmt 1 view .LVU872
 997:Drivers/STM32H7xx_HAL_Driver/Src/stm32h7xx_hal_rcc.c ****     {
 2471              		.loc 1 997 51 is_stmt 0 view .LVU873
 2472 0072 7349     		ldr	r1, .L295+4
 997:Drivers/STM32H7xx_HAL_Driver/Src/stm32h7xx_hal_rcc.c ****     {
 2473              		.loc 1 997 27 view .LVU874
 2474 0074 A069     		ldr	r0, [r4, #24]
 997:Drivers/STM32H7xx_HAL_Driver/Src/stm32h7xx_hal_rcc.c ****     {
 2475              		.loc 1 997 51 view .LVU875
 2476 0076 CA69     		ldr	r2, [r1, #28]
 997:Drivers/STM32H7xx_HAL_Driver/Src/stm32h7xx_hal_rcc.c ****     {
 2477              		.loc 1 997 60 view .LVU876
 2478 0078 02F4E062 		and	r2, r2, #1792
 997:Drivers/STM32H7xx_HAL_Driver/Src/stm32h7xx_hal_rcc.c ****     {
 2479              		.loc 1 997 8 view .LVU877
 2480 007c 9042     		cmp	r0, r2
 2481 007e 04D9     		bls	.L230
 999:Drivers/STM32H7xx_HAL_Driver/Src/stm32h7xx_hal_rcc.c ****       MODIFY_REG(RCC->D2CFGR, RCC_D2CFGR_D2PPRE2, (RCC_ClkInitStruct->APB2CLKDivider));
 2482              		.loc 1 999 7 is_stmt 1 view .LVU878
1000:Drivers/STM32H7xx_HAL_Driver/Src/stm32h7xx_hal_rcc.c ****     }
 2483              		.loc 1 1000 7 view .LVU879
 2484 0080 CA69     		ldr	r2, [r1, #28]
 2485 0082 22F4E062 		bic	r2, r2, #1792
 2486 0086 0243     		orrs	r2, r2, r0
 2487 0088 CA61     		str	r2, [r1, #28]
ARM GAS  C:\Users\l1234\AppData\Local\Temp\cc5S3qmC.s 			page 85


 2488              	.L230:
1012:Drivers/STM32H7xx_HAL_Driver/Src/stm32h7xx_hal_rcc.c ****   {
 2489              		.loc 1 1012 3 view .LVU880
1012:Drivers/STM32H7xx_HAL_Driver/Src/stm32h7xx_hal_rcc.c ****   {
 2490              		.loc 1 1012 6 is_stmt 0 view .LVU881
 2491 008a 9F06     		lsls	r7, r3, #26
 2492 008c 0BD5     		bpl	.L231
1015:Drivers/STM32H7xx_HAL_Driver/Src/stm32h7xx_hal_rcc.c ****     {
 2493              		.loc 1 1015 5 is_stmt 1 view .LVU882
1015:Drivers/STM32H7xx_HAL_Driver/Src/stm32h7xx_hal_rcc.c ****     {
 2494              		.loc 1 1015 51 is_stmt 0 view .LVU883
 2495 008e 6C49     		ldr	r1, .L295+4
1015:Drivers/STM32H7xx_HAL_Driver/Src/stm32h7xx_hal_rcc.c ****     {
 2496              		.loc 1 1015 27 view .LVU884
 2497 0090 E069     		ldr	r0, [r4, #28]
1015:Drivers/STM32H7xx_HAL_Driver/Src/stm32h7xx_hal_rcc.c ****     {
 2498              		.loc 1 1015 51 view .LVU885
 2499 0092 0A6A     		ldr	r2, [r1, #32]
1015:Drivers/STM32H7xx_HAL_Driver/Src/stm32h7xx_hal_rcc.c ****     {
 2500              		.loc 1 1015 60 view .LVU886
 2501 0094 02F07002 		and	r2, r2, #112
1015:Drivers/STM32H7xx_HAL_Driver/Src/stm32h7xx_hal_rcc.c ****     {
 2502              		.loc 1 1015 8 view .LVU887
 2503 0098 9042     		cmp	r0, r2
 2504 009a 04D9     		bls	.L231
1017:Drivers/STM32H7xx_HAL_Driver/Src/stm32h7xx_hal_rcc.c ****       MODIFY_REG(RCC->D3CFGR, RCC_D3CFGR_D3PPRE, (RCC_ClkInitStruct->APB4CLKDivider));
 2505              		.loc 1 1017 7 is_stmt 1 view .LVU888
1018:Drivers/STM32H7xx_HAL_Driver/Src/stm32h7xx_hal_rcc.c ****     }
 2506              		.loc 1 1018 7 view .LVU889
 2507 009c 0A6A     		ldr	r2, [r1, #32]
 2508 009e 22F07002 		bic	r2, r2, #112
 2509 00a2 0243     		orrs	r2, r2, r0
 2510 00a4 0A62     		str	r2, [r1, #32]
 2511              	.L231:
1030:Drivers/STM32H7xx_HAL_Driver/Src/stm32h7xx_hal_rcc.c ****   {
 2512              		.loc 1 1030 3 view .LVU890
1030:Drivers/STM32H7xx_HAL_Driver/Src/stm32h7xx_hal_rcc.c ****   {
 2513              		.loc 1 1030 6 is_stmt 0 view .LVU891
 2514 00a6 9E07     		lsls	r6, r3, #30
1050:Drivers/STM32H7xx_HAL_Driver/Src/stm32h7xx_hal_rcc.c ****   {
 2515              		.loc 1 1050 39 view .LVU892
 2516 00a8 03F00102 		and	r2, r3, #1
1030:Drivers/STM32H7xx_HAL_Driver/Src/stm32h7xx_hal_rcc.c ****   {
 2517              		.loc 1 1030 6 view .LVU893
 2518 00ac 40F1AB80 		bpl	.L232
1033:Drivers/STM32H7xx_HAL_Driver/Src/stm32h7xx_hal_rcc.c ****     {
 2519              		.loc 1 1033 5 is_stmt 1 view .LVU894
1033:Drivers/STM32H7xx_HAL_Driver/Src/stm32h7xx_hal_rcc.c ****     {
 2520              		.loc 1 1033 50 is_stmt 0 view .LVU895
 2521 00b0 634E     		ldr	r6, .L295+4
1033:Drivers/STM32H7xx_HAL_Driver/Src/stm32h7xx_hal_rcc.c ****     {
 2522              		.loc 1 1033 27 view .LVU896
 2523 00b2 E068     		ldr	r0, [r4, #12]
1033:Drivers/STM32H7xx_HAL_Driver/Src/stm32h7xx_hal_rcc.c ****     {
 2524              		.loc 1 1033 50 view .LVU897
 2525 00b4 B169     		ldr	r1, [r6, #24]
1033:Drivers/STM32H7xx_HAL_Driver/Src/stm32h7xx_hal_rcc.c ****     {
ARM GAS  C:\Users\l1234\AppData\Local\Temp\cc5S3qmC.s 			page 86


 2526              		.loc 1 1033 59 view .LVU898
 2527 00b6 01F00F01 		and	r1, r1, #15
1033:Drivers/STM32H7xx_HAL_Driver/Src/stm32h7xx_hal_rcc.c ****     {
 2528              		.loc 1 1033 8 view .LVU899
 2529 00ba 8842     		cmp	r0, r1
 2530 00bc 04D9     		bls	.L233
1036:Drivers/STM32H7xx_HAL_Driver/Src/stm32h7xx_hal_rcc.c ****       MODIFY_REG(RCC->D1CFGR, RCC_D1CFGR_HPRE, RCC_ClkInitStruct->AHBCLKDivider);
 2531              		.loc 1 1036 7 is_stmt 1 view .LVU900
1037:Drivers/STM32H7xx_HAL_Driver/Src/stm32h7xx_hal_rcc.c ****     }
 2532              		.loc 1 1037 7 view .LVU901
 2533 00be B169     		ldr	r1, [r6, #24]
 2534 00c0 21F00F01 		bic	r1, r1, #15
 2535 00c4 0143     		orrs	r1, r1, r0
 2536 00c6 B161     		str	r1, [r6, #24]
 2537              	.L233:
1050:Drivers/STM32H7xx_HAL_Driver/Src/stm32h7xx_hal_rcc.c ****   {
 2538              		.loc 1 1050 3 view .LVU902
1050:Drivers/STM32H7xx_HAL_Driver/Src/stm32h7xx_hal_rcc.c ****   {
 2539              		.loc 1 1050 6 is_stmt 0 view .LVU903
 2540 00c8 002A     		cmp	r2, #0
 2541 00ca 30D0     		beq	.L251
 2542              	.L250:
1052:Drivers/STM32H7xx_HAL_Driver/Src/stm32h7xx_hal_rcc.c ****     assert_param(IS_RCC_SYSCLKSOURCE(RCC_ClkInitStruct->SYSCLKSource));
 2543              		.loc 1 1052 5 is_stmt 1 view .LVU904
1053:Drivers/STM32H7xx_HAL_Driver/Src/stm32h7xx_hal_rcc.c **** #if defined(RCC_D1CFGR_D1CPRE)
 2544              		.loc 1 1053 5 view .LVU905
1055:Drivers/STM32H7xx_HAL_Driver/Src/stm32h7xx_hal_rcc.c **** #else
 2545              		.loc 1 1055 5 view .LVU906
 2546 00cc 5C4A     		ldr	r2, .L295+4
 2547 00ce A168     		ldr	r1, [r4, #8]
 2548 00d0 9369     		ldr	r3, [r2, #24]
 2549 00d2 23F47063 		bic	r3, r3, #3840
 2550 00d6 0B43     		orrs	r3, r3, r1
 2551 00d8 9361     		str	r3, [r2, #24]
1060:Drivers/STM32H7xx_HAL_Driver/Src/stm32h7xx_hal_rcc.c ****     {
 2552              		.loc 1 1060 5 view .LVU907
1060:Drivers/STM32H7xx_HAL_Driver/Src/stm32h7xx_hal_rcc.c ****     {
 2553              		.loc 1 1060 26 is_stmt 0 view .LVU908
 2554 00da 6168     		ldr	r1, [r4, #4]
1063:Drivers/STM32H7xx_HAL_Driver/Src/stm32h7xx_hal_rcc.c ****       {
 2555              		.loc 1 1063 11 view .LVU909
 2556 00dc 1368     		ldr	r3, [r2]
1060:Drivers/STM32H7xx_HAL_Driver/Src/stm32h7xx_hal_rcc.c ****     {
 2557              		.loc 1 1060 8 view .LVU910
 2558 00de 0229     		cmp	r1, #2
 2559 00e0 00F0A180 		beq	.L291
1069:Drivers/STM32H7xx_HAL_Driver/Src/stm32h7xx_hal_rcc.c ****     {
 2560              		.loc 1 1069 10 is_stmt 1 view .LVU911
1069:Drivers/STM32H7xx_HAL_Driver/Src/stm32h7xx_hal_rcc.c ****     {
 2561              		.loc 1 1069 13 is_stmt 0 view .LVU912
 2562 00e4 0329     		cmp	r1, #3
 2563 00e6 00F09880 		beq	.L292
1078:Drivers/STM32H7xx_HAL_Driver/Src/stm32h7xx_hal_rcc.c ****     {
 2564              		.loc 1 1078 10 is_stmt 1 view .LVU913
1078:Drivers/STM32H7xx_HAL_Driver/Src/stm32h7xx_hal_rcc.c ****     {
 2565              		.loc 1 1078 13 is_stmt 0 view .LVU914
 2566 00ea 0129     		cmp	r1, #1
ARM GAS  C:\Users\l1234\AppData\Local\Temp\cc5S3qmC.s 			page 87


 2567 00ec 00F0A180 		beq	.L293
1090:Drivers/STM32H7xx_HAL_Driver/Src/stm32h7xx_hal_rcc.c ****       {
 2568              		.loc 1 1090 7 is_stmt 1 view .LVU915
1090:Drivers/STM32H7xx_HAL_Driver/Src/stm32h7xx_hal_rcc.c ****       {
 2569              		.loc 1 1090 10 is_stmt 0 view .LVU916
 2570 00f0 5F07     		lsls	r7, r3, #29
 2571 00f2 9CD5     		bpl	.L227
 2572              	.L235:
1095:Drivers/STM32H7xx_HAL_Driver/Src/stm32h7xx_hal_rcc.c **** 
 2573              		.loc 1 1095 5 is_stmt 1 view .LVU917
 2574 00f4 524E     		ldr	r6, .L295+4
1102:Drivers/STM32H7xx_HAL_Driver/Src/stm32h7xx_hal_rcc.c ****       {
 2575              		.loc 1 1102 10 is_stmt 0 view .LVU918
 2576 00f6 41F28838 		movw	r8, #5000
1095:Drivers/STM32H7xx_HAL_Driver/Src/stm32h7xx_hal_rcc.c **** 
 2577              		.loc 1 1095 5 view .LVU919
 2578 00fa 3369     		ldr	r3, [r6, #16]
 2579 00fc 23F00703 		bic	r3, r3, #7
 2580 0100 0B43     		orrs	r3, r3, r1
 2581 0102 3361     		str	r3, [r6, #16]
1098:Drivers/STM32H7xx_HAL_Driver/Src/stm32h7xx_hal_rcc.c **** 
 2582              		.loc 1 1098 5 is_stmt 1 view .LVU920
1098:Drivers/STM32H7xx_HAL_Driver/Src/stm32h7xx_hal_rcc.c **** 
 2583              		.loc 1 1098 17 is_stmt 0 view .LVU921
 2584 0104 FFF7FEFF 		bl	HAL_GetTick
 2585              	.LVL202:
 2586 0108 0746     		mov	r7, r0
 2587              	.LVL203:
1100:Drivers/STM32H7xx_HAL_Driver/Src/stm32h7xx_hal_rcc.c ****     {
 2588              		.loc 1 1100 5 is_stmt 1 view .LVU922
1100:Drivers/STM32H7xx_HAL_Driver/Src/stm32h7xx_hal_rcc.c ****     {
 2589              		.loc 1 1100 11 is_stmt 0 view .LVU923
 2590 010a 05E0     		b	.L238
 2591              	.LVL204:
 2592              	.L239:
1102:Drivers/STM32H7xx_HAL_Driver/Src/stm32h7xx_hal_rcc.c ****       {
 2593              		.loc 1 1102 12 view .LVU924
 2594 010c FFF7FEFF 		bl	HAL_GetTick
 2595              	.LVL205:
1102:Drivers/STM32H7xx_HAL_Driver/Src/stm32h7xx_hal_rcc.c ****       {
 2596              		.loc 1 1102 26 view .LVU925
 2597 0110 C01B     		subs	r0, r0, r7
1102:Drivers/STM32H7xx_HAL_Driver/Src/stm32h7xx_hal_rcc.c ****       {
 2598              		.loc 1 1102 10 view .LVU926
 2599 0112 4045     		cmp	r0, r8
 2600 0114 00F28B80 		bhi	.L252
 2601              	.L238:
1102:Drivers/STM32H7xx_HAL_Driver/Src/stm32h7xx_hal_rcc.c ****       {
 2602              		.loc 1 1102 7 is_stmt 1 view .LVU927
1100:Drivers/STM32H7xx_HAL_Driver/Src/stm32h7xx_hal_rcc.c ****     {
 2603              		.loc 1 1100 42 view .LVU928
1100:Drivers/STM32H7xx_HAL_Driver/Src/stm32h7xx_hal_rcc.c ****     {
 2604              		.loc 1 1100 12 is_stmt 0 view .LVU929
 2605 0118 3369     		ldr	r3, [r6, #16]
1100:Drivers/STM32H7xx_HAL_Driver/Src/stm32h7xx_hal_rcc.c ****     {
 2606              		.loc 1 1100 78 view .LVU930
 2607 011a 6268     		ldr	r2, [r4, #4]
ARM GAS  C:\Users\l1234\AppData\Local\Temp\cc5S3qmC.s 			page 88


1100:Drivers/STM32H7xx_HAL_Driver/Src/stm32h7xx_hal_rcc.c ****     {
 2608              		.loc 1 1100 12 view .LVU931
 2609 011c 03F03803 		and	r3, r3, #56
1100:Drivers/STM32H7xx_HAL_Driver/Src/stm32h7xx_hal_rcc.c ****     {
 2610              		.loc 1 1100 42 view .LVU932
 2611 0120 B3EBC20F 		cmp	r3, r2, lsl #3
 2612 0124 F2D1     		bne	.L239
1112:Drivers/STM32H7xx_HAL_Driver/Src/stm32h7xx_hal_rcc.c ****   {
 2613              		.loc 1 1112 3 is_stmt 1 view .LVU933
1112:Drivers/STM32H7xx_HAL_Driver/Src/stm32h7xx_hal_rcc.c ****   {
 2614              		.loc 1 1112 26 is_stmt 0 view .LVU934
 2615 0126 2368     		ldr	r3, [r4]
1112:Drivers/STM32H7xx_HAL_Driver/Src/stm32h7xx_hal_rcc.c ****   {
 2616              		.loc 1 1112 6 view .LVU935
 2617 0128 9E07     		lsls	r6, r3, #30
 2618 012a 06D5     		bpl	.L240
1115:Drivers/STM32H7xx_HAL_Driver/Src/stm32h7xx_hal_rcc.c ****     {
 2619              		.loc 1 1115 27 view .LVU936
 2620 012c E068     		ldr	r0, [r4, #12]
 2621              	.LVL206:
 2622              	.L251:
1115:Drivers/STM32H7xx_HAL_Driver/Src/stm32h7xx_hal_rcc.c ****     {
 2623              		.loc 1 1115 5 is_stmt 1 view .LVU937
1115:Drivers/STM32H7xx_HAL_Driver/Src/stm32h7xx_hal_rcc.c ****     {
 2624              		.loc 1 1115 50 is_stmt 0 view .LVU938
 2625 012e 4449     		ldr	r1, .L295+4
 2626 0130 8A69     		ldr	r2, [r1, #24]
1115:Drivers/STM32H7xx_HAL_Driver/Src/stm32h7xx_hal_rcc.c ****     {
 2627              		.loc 1 1115 59 view .LVU939
 2628 0132 02F00F02 		and	r2, r2, #15
1115:Drivers/STM32H7xx_HAL_Driver/Src/stm32h7xx_hal_rcc.c ****     {
 2629              		.loc 1 1115 8 view .LVU940
 2630 0136 8242     		cmp	r2, r0
 2631 0138 69D8     		bhi	.L294
 2632              	.L240:
1132:Drivers/STM32H7xx_HAL_Driver/Src/stm32h7xx_hal_rcc.c ****   {
 2633              		.loc 1 1132 3 is_stmt 1 view .LVU941
1132:Drivers/STM32H7xx_HAL_Driver/Src/stm32h7xx_hal_rcc.c ****   {
 2634              		.loc 1 1132 18 is_stmt 0 view .LVU942
 2635 013a 4049     		ldr	r1, .L295
 2636 013c 0A68     		ldr	r2, [r1]
 2637 013e 02F00F02 		and	r2, r2, #15
1132:Drivers/STM32H7xx_HAL_Driver/Src/stm32h7xx_hal_rcc.c ****   {
 2638              		.loc 1 1132 6 view .LVU943
 2639 0142 AA42     		cmp	r2, r5
 2640 0144 0AD9     		bls	.L246
1135:Drivers/STM32H7xx_HAL_Driver/Src/stm32h7xx_hal_rcc.c **** 
 2641              		.loc 1 1135 5 is_stmt 1 view .LVU944
 2642 0146 0A68     		ldr	r2, [r1]
 2643 0148 22F00F02 		bic	r2, r2, #15
 2644 014c 2A43     		orrs	r2, r2, r5
 2645 014e 0A60     		str	r2, [r1]
1139:Drivers/STM32H7xx_HAL_Driver/Src/stm32h7xx_hal_rcc.c ****     {
 2646              		.loc 1 1139 5 view .LVU945
1139:Drivers/STM32H7xx_HAL_Driver/Src/stm32h7xx_hal_rcc.c ****     {
 2647              		.loc 1 1139 9 is_stmt 0 view .LVU946
 2648 0150 0A68     		ldr	r2, [r1]
ARM GAS  C:\Users\l1234\AppData\Local\Temp\cc5S3qmC.s 			page 89


 2649 0152 02F00F02 		and	r2, r2, #15
1139:Drivers/STM32H7xx_HAL_Driver/Src/stm32h7xx_hal_rcc.c ****     {
 2650              		.loc 1 1139 8 view .LVU947
 2651 0156 AA42     		cmp	r2, r5
 2652 0158 7FF469AF 		bne	.L227
 2653              	.L246:
1146:Drivers/STM32H7xx_HAL_Driver/Src/stm32h7xx_hal_rcc.c ****   {
 2654              		.loc 1 1146 3 is_stmt 1 view .LVU948
1146:Drivers/STM32H7xx_HAL_Driver/Src/stm32h7xx_hal_rcc.c ****   {
 2655              		.loc 1 1146 6 is_stmt 0 view .LVU949
 2656 015c 5807     		lsls	r0, r3, #29
 2657 015e 0BD5     		bpl	.L245
1149:Drivers/STM32H7xx_HAL_Driver/Src/stm32h7xx_hal_rcc.c ****     {
 2658              		.loc 1 1149 5 is_stmt 1 view .LVU950
1149:Drivers/STM32H7xx_HAL_Driver/Src/stm32h7xx_hal_rcc.c ****     {
 2659              		.loc 1 1149 51 is_stmt 0 view .LVU951
 2660 0160 3749     		ldr	r1, .L295+4
1149:Drivers/STM32H7xx_HAL_Driver/Src/stm32h7xx_hal_rcc.c ****     {
 2661              		.loc 1 1149 27 view .LVU952
 2662 0162 2069     		ldr	r0, [r4, #16]
1149:Drivers/STM32H7xx_HAL_Driver/Src/stm32h7xx_hal_rcc.c ****     {
 2663              		.loc 1 1149 51 view .LVU953
 2664 0164 8A69     		ldr	r2, [r1, #24]
1149:Drivers/STM32H7xx_HAL_Driver/Src/stm32h7xx_hal_rcc.c ****     {
 2665              		.loc 1 1149 60 view .LVU954
 2666 0166 02F07002 		and	r2, r2, #112
1149:Drivers/STM32H7xx_HAL_Driver/Src/stm32h7xx_hal_rcc.c ****     {
 2667              		.loc 1 1149 8 view .LVU955
 2668 016a 9042     		cmp	r0, r2
 2669 016c 04D2     		bcs	.L245
1151:Drivers/STM32H7xx_HAL_Driver/Src/stm32h7xx_hal_rcc.c ****       MODIFY_REG(RCC->D1CFGR, RCC_D1CFGR_D1PPRE, RCC_ClkInitStruct->APB3CLKDivider);
 2670              		.loc 1 1151 7 is_stmt 1 view .LVU956
1152:Drivers/STM32H7xx_HAL_Driver/Src/stm32h7xx_hal_rcc.c ****     }
 2671              		.loc 1 1152 7 view .LVU957
 2672 016e 8A69     		ldr	r2, [r1, #24]
 2673 0170 22F07002 		bic	r2, r2, #112
 2674 0174 0243     		orrs	r2, r2, r0
 2675 0176 8A61     		str	r2, [r1, #24]
 2676              	.L245:
1164:Drivers/STM32H7xx_HAL_Driver/Src/stm32h7xx_hal_rcc.c ****   {
 2677              		.loc 1 1164 3 view .LVU958
1164:Drivers/STM32H7xx_HAL_Driver/Src/stm32h7xx_hal_rcc.c ****   {
 2678              		.loc 1 1164 6 is_stmt 0 view .LVU959
 2679 0178 1907     		lsls	r1, r3, #28
 2680 017a 0BD5     		bpl	.L247
1167:Drivers/STM32H7xx_HAL_Driver/Src/stm32h7xx_hal_rcc.c ****     {
 2681              		.loc 1 1167 5 is_stmt 1 view .LVU960
1167:Drivers/STM32H7xx_HAL_Driver/Src/stm32h7xx_hal_rcc.c ****     {
 2682              		.loc 1 1167 51 is_stmt 0 view .LVU961
 2683 017c 3049     		ldr	r1, .L295+4
1167:Drivers/STM32H7xx_HAL_Driver/Src/stm32h7xx_hal_rcc.c ****     {
 2684              		.loc 1 1167 27 view .LVU962
 2685 017e 6069     		ldr	r0, [r4, #20]
1167:Drivers/STM32H7xx_HAL_Driver/Src/stm32h7xx_hal_rcc.c ****     {
 2686              		.loc 1 1167 51 view .LVU963
 2687 0180 CA69     		ldr	r2, [r1, #28]
1167:Drivers/STM32H7xx_HAL_Driver/Src/stm32h7xx_hal_rcc.c ****     {
ARM GAS  C:\Users\l1234\AppData\Local\Temp\cc5S3qmC.s 			page 90


 2688              		.loc 1 1167 60 view .LVU964
 2689 0182 02F07002 		and	r2, r2, #112
1167:Drivers/STM32H7xx_HAL_Driver/Src/stm32h7xx_hal_rcc.c ****     {
 2690              		.loc 1 1167 8 view .LVU965
 2691 0186 9042     		cmp	r0, r2
 2692 0188 04D2     		bcs	.L247
1169:Drivers/STM32H7xx_HAL_Driver/Src/stm32h7xx_hal_rcc.c ****       MODIFY_REG(RCC->D2CFGR, RCC_D2CFGR_D2PPRE1, (RCC_ClkInitStruct->APB1CLKDivider));
 2693              		.loc 1 1169 7 is_stmt 1 view .LVU966
1170:Drivers/STM32H7xx_HAL_Driver/Src/stm32h7xx_hal_rcc.c ****     }
 2694              		.loc 1 1170 7 view .LVU967
 2695 018a CA69     		ldr	r2, [r1, #28]
 2696 018c 22F07002 		bic	r2, r2, #112
 2697 0190 0243     		orrs	r2, r2, r0
 2698 0192 CA61     		str	r2, [r1, #28]
 2699              	.L247:
1182:Drivers/STM32H7xx_HAL_Driver/Src/stm32h7xx_hal_rcc.c ****   {
 2700              		.loc 1 1182 3 view .LVU968
1182:Drivers/STM32H7xx_HAL_Driver/Src/stm32h7xx_hal_rcc.c ****   {
 2701              		.loc 1 1182 6 is_stmt 0 view .LVU969
 2702 0194 DA06     		lsls	r2, r3, #27
 2703 0196 0BD5     		bpl	.L248
1185:Drivers/STM32H7xx_HAL_Driver/Src/stm32h7xx_hal_rcc.c ****     {
 2704              		.loc 1 1185 5 is_stmt 1 view .LVU970
1185:Drivers/STM32H7xx_HAL_Driver/Src/stm32h7xx_hal_rcc.c ****     {
 2705              		.loc 1 1185 51 is_stmt 0 view .LVU971
 2706 0198 2949     		ldr	r1, .L295+4
1185:Drivers/STM32H7xx_HAL_Driver/Src/stm32h7xx_hal_rcc.c ****     {
 2707              		.loc 1 1185 27 view .LVU972
 2708 019a A069     		ldr	r0, [r4, #24]
1185:Drivers/STM32H7xx_HAL_Driver/Src/stm32h7xx_hal_rcc.c ****     {
 2709              		.loc 1 1185 51 view .LVU973
 2710 019c CA69     		ldr	r2, [r1, #28]
1185:Drivers/STM32H7xx_HAL_Driver/Src/stm32h7xx_hal_rcc.c ****     {
 2711              		.loc 1 1185 60 view .LVU974
 2712 019e 02F4E062 		and	r2, r2, #1792
1185:Drivers/STM32H7xx_HAL_Driver/Src/stm32h7xx_hal_rcc.c ****     {
 2713              		.loc 1 1185 8 view .LVU975
 2714 01a2 9042     		cmp	r0, r2
 2715 01a4 04D2     		bcs	.L248
1187:Drivers/STM32H7xx_HAL_Driver/Src/stm32h7xx_hal_rcc.c ****       MODIFY_REG(RCC->D2CFGR, RCC_D2CFGR_D2PPRE2, (RCC_ClkInitStruct->APB2CLKDivider));
 2716              		.loc 1 1187 7 is_stmt 1 view .LVU976
1188:Drivers/STM32H7xx_HAL_Driver/Src/stm32h7xx_hal_rcc.c ****     }
 2717              		.loc 1 1188 7 view .LVU977
 2718 01a6 CA69     		ldr	r2, [r1, #28]
 2719 01a8 22F4E062 		bic	r2, r2, #1792
 2720 01ac 0243     		orrs	r2, r2, r0
 2721 01ae CA61     		str	r2, [r1, #28]
 2722              	.L248:
1200:Drivers/STM32H7xx_HAL_Driver/Src/stm32h7xx_hal_rcc.c ****   {
 2723              		.loc 1 1200 3 view .LVU978
1200:Drivers/STM32H7xx_HAL_Driver/Src/stm32h7xx_hal_rcc.c ****   {
 2724              		.loc 1 1200 6 is_stmt 0 view .LVU979
 2725 01b0 9B06     		lsls	r3, r3, #26
 2726 01b2 0BD5     		bpl	.L249
1203:Drivers/STM32H7xx_HAL_Driver/Src/stm32h7xx_hal_rcc.c ****     {
 2727              		.loc 1 1203 5 is_stmt 1 view .LVU980
1203:Drivers/STM32H7xx_HAL_Driver/Src/stm32h7xx_hal_rcc.c ****     {
ARM GAS  C:\Users\l1234\AppData\Local\Temp\cc5S3qmC.s 			page 91


 2728              		.loc 1 1203 51 is_stmt 0 view .LVU981
 2729 01b4 224A     		ldr	r2, .L295+4
1203:Drivers/STM32H7xx_HAL_Driver/Src/stm32h7xx_hal_rcc.c ****     {
 2730              		.loc 1 1203 27 view .LVU982
 2731 01b6 E169     		ldr	r1, [r4, #28]
1203:Drivers/STM32H7xx_HAL_Driver/Src/stm32h7xx_hal_rcc.c ****     {
 2732              		.loc 1 1203 51 view .LVU983
 2733 01b8 136A     		ldr	r3, [r2, #32]
1203:Drivers/STM32H7xx_HAL_Driver/Src/stm32h7xx_hal_rcc.c ****     {
 2734              		.loc 1 1203 60 view .LVU984
 2735 01ba 03F07003 		and	r3, r3, #112
1203:Drivers/STM32H7xx_HAL_Driver/Src/stm32h7xx_hal_rcc.c ****     {
 2736              		.loc 1 1203 8 view .LVU985
 2737 01be 9942     		cmp	r1, r3
 2738 01c0 04D2     		bcs	.L249
1205:Drivers/STM32H7xx_HAL_Driver/Src/stm32h7xx_hal_rcc.c ****       MODIFY_REG(RCC->D3CFGR, RCC_D3CFGR_D3PPRE, (RCC_ClkInitStruct->APB4CLKDivider));
 2739              		.loc 1 1205 7 is_stmt 1 view .LVU986
1206:Drivers/STM32H7xx_HAL_Driver/Src/stm32h7xx_hal_rcc.c ****     }
 2740              		.loc 1 1206 7 view .LVU987
 2741 01c2 136A     		ldr	r3, [r2, #32]
 2742 01c4 23F07003 		bic	r3, r3, #112
 2743 01c8 0B43     		orrs	r3, r3, r1
 2744 01ca 1362     		str	r3, [r2, #32]
 2745              	.L249:
1219:Drivers/STM32H7xx_HAL_Driver/Src/stm32h7xx_hal_rcc.c **** #else
 2746              		.loc 1 1219 3 view .LVU988
1219:Drivers/STM32H7xx_HAL_Driver/Src/stm32h7xx_hal_rcc.c **** #else
 2747              		.loc 1 1219 25 is_stmt 0 view .LVU989
 2748 01cc FFF7FEFF 		bl	HAL_RCC_GetSysClockFreq
 2749              	.LVL207:
1219:Drivers/STM32H7xx_HAL_Driver/Src/stm32h7xx_hal_rcc.c **** #else
 2750              		.loc 1 1219 77 view .LVU990
 2751 01d0 1B4A     		ldr	r2, .L295+4
1219:Drivers/STM32H7xx_HAL_Driver/Src/stm32h7xx_hal_rcc.c **** #else
 2752              		.loc 1 1219 25 view .LVU991
 2753 01d2 0346     		mov	r3, r0
1219:Drivers/STM32H7xx_HAL_Driver/Src/stm32h7xx_hal_rcc.c **** #else
 2754              		.loc 1 1219 72 view .LVU992
 2755 01d4 1B48     		ldr	r0, .L295+8
1219:Drivers/STM32H7xx_HAL_Driver/Src/stm32h7xx_hal_rcc.c **** #else
 2756              		.loc 1 1219 77 view .LVU993
 2757 01d6 9169     		ldr	r1, [r2, #24]
1225:Drivers/STM32H7xx_HAL_Driver/Src/stm32h7xx_hal_rcc.c **** #else
 2758              		.loc 1 1225 66 view .LVU994
 2759 01d8 9269     		ldr	r2, [r2, #24]
1219:Drivers/STM32H7xx_HAL_Driver/Src/stm32h7xx_hal_rcc.c **** #else
 2760              		.loc 1 1219 107 view .LVU995
 2761 01da C1F30321 		ubfx	r1, r1, #8, #4
1233:Drivers/STM32H7xx_HAL_Driver/Src/stm32h7xx_hal_rcc.c **** #endif /* DUAL_CORE && CORE_CM4 */
 2762              		.loc 1 1233 19 view .LVU996
 2763 01de 1A4D     		ldr	r5, .L295+12
 2764              	.LVL208:
1225:Drivers/STM32H7xx_HAL_Driver/Src/stm32h7xx_hal_rcc.c **** #else
 2765              		.loc 1 1225 94 view .LVU997
 2766 01e0 02F00F02 		and	r2, r2, #15
1225:Drivers/STM32H7xx_HAL_Driver/Src/stm32h7xx_hal_rcc.c **** #else
 2767              		.loc 1 1225 17 view .LVU998
ARM GAS  C:\Users\l1234\AppData\Local\Temp\cc5S3qmC.s 			page 92


 2768 01e4 194C     		ldr	r4, .L295+16
 2769              	.LVL209:
1219:Drivers/STM32H7xx_HAL_Driver/Src/stm32h7xx_hal_rcc.c **** #else
 2770              		.loc 1 1219 134 view .LVU999
 2771 01e6 415C     		ldrb	r1, [r0, r1]	@ zero_extendqisi2
1225:Drivers/STM32H7xx_HAL_Driver/Src/stm32h7xx_hal_rcc.c **** #else
 2772              		.loc 1 1225 119 view .LVU1000
 2773 01e8 825C     		ldrb	r2, [r0, r2]	@ zero_extendqisi2
1219:Drivers/STM32H7xx_HAL_Driver/Src/stm32h7xx_hal_rcc.c **** #else
 2774              		.loc 1 1219 134 view .LVU1001
 2775 01ea 01F01F01 		and	r1, r1, #31
1237:Drivers/STM32H7xx_HAL_Driver/Src/stm32h7xx_hal_rcc.c **** 
 2776              		.loc 1 1237 15 view .LVU1002
 2777 01ee 1848     		ldr	r0, .L295+20
1225:Drivers/STM32H7xx_HAL_Driver/Src/stm32h7xx_hal_rcc.c **** #else
 2778              		.loc 1 1225 119 view .LVU1003
 2779 01f0 02F01F02 		and	r2, r2, #31
1219:Drivers/STM32H7xx_HAL_Driver/Src/stm32h7xx_hal_rcc.c **** #else
 2780              		.loc 1 1219 23 view .LVU1004
 2781 01f4 CB40     		lsrs	r3, r3, r1
 2782              	.LVL210:
1225:Drivers/STM32H7xx_HAL_Driver/Src/stm32h7xx_hal_rcc.c **** #else
 2783              		.loc 1 1225 3 is_stmt 1 view .LVU1005
1237:Drivers/STM32H7xx_HAL_Driver/Src/stm32h7xx_hal_rcc.c **** 
 2784              		.loc 1 1237 15 is_stmt 0 view .LVU1006
 2785 01f6 0068     		ldr	r0, [r0]
1233:Drivers/STM32H7xx_HAL_Driver/Src/stm32h7xx_hal_rcc.c **** #endif /* DUAL_CORE && CORE_CM4 */
 2786              		.loc 1 1233 19 view .LVU1007
 2787 01f8 2B60     		str	r3, [r5]
1225:Drivers/STM32H7xx_HAL_Driver/Src/stm32h7xx_hal_rcc.c **** #else
 2788              		.loc 1 1225 40 view .LVU1008
 2789 01fa D340     		lsrs	r3, r3, r2
 2790              	.LVL211:
1225:Drivers/STM32H7xx_HAL_Driver/Src/stm32h7xx_hal_rcc.c **** #else
 2791              		.loc 1 1225 17 view .LVU1009
 2792 01fc 2360     		str	r3, [r4]
1233:Drivers/STM32H7xx_HAL_Driver/Src/stm32h7xx_hal_rcc.c **** #endif /* DUAL_CORE && CORE_CM4 */
 2793              		.loc 1 1233 3 is_stmt 1 view .LVU1010
1237:Drivers/STM32H7xx_HAL_Driver/Src/stm32h7xx_hal_rcc.c **** 
 2794              		.loc 1 1237 3 view .LVU1011
1240:Drivers/STM32H7xx_HAL_Driver/Src/stm32h7xx_hal_rcc.c **** 
 2795              		.loc 1 1240 1 is_stmt 0 view .LVU1012
 2796 01fe BDE8F041 		pop	{r4, r5, r6, r7, r8, lr}
 2797              	.LCFI15:
 2798              		.cfi_remember_state
 2799              		.cfi_restore 14
 2800              		.cfi_restore 8
 2801              		.cfi_restore 7
 2802              		.cfi_restore 6
 2803              		.cfi_restore 5
 2804              		.cfi_restore 4
 2805              		.cfi_def_cfa_offset 0
 2806              	.LVL212:
1237:Drivers/STM32H7xx_HAL_Driver/Src/stm32h7xx_hal_rcc.c **** 
 2807              		.loc 1 1237 15 view .LVU1013
 2808 0202 FFF7FEBF 		b	HAL_InitTick
 2809              	.LVL213:
ARM GAS  C:\Users\l1234\AppData\Local\Temp\cc5S3qmC.s 			page 93


 2810              	.L232:
 2811              	.LCFI16:
 2812              		.cfi_restore_state
1050:Drivers/STM32H7xx_HAL_Driver/Src/stm32h7xx_hal_rcc.c ****   {
 2813              		.loc 1 1050 3 is_stmt 1 view .LVU1014
1050:Drivers/STM32H7xx_HAL_Driver/Src/stm32h7xx_hal_rcc.c ****   {
 2814              		.loc 1 1050 6 is_stmt 0 view .LVU1015
 2815 0206 002A     		cmp	r2, #0
 2816 0208 7FF460AF 		bne	.L250
 2817 020c 95E7     		b	.L240
 2818              	.L294:
1118:Drivers/STM32H7xx_HAL_Driver/Src/stm32h7xx_hal_rcc.c ****       MODIFY_REG(RCC->D1CFGR, RCC_D1CFGR_HPRE, RCC_ClkInitStruct->AHBCLKDivider);
 2819              		.loc 1 1118 7 is_stmt 1 view .LVU1016
1119:Drivers/STM32H7xx_HAL_Driver/Src/stm32h7xx_hal_rcc.c ****     }
 2820              		.loc 1 1119 7 view .LVU1017
 2821 020e 8A69     		ldr	r2, [r1, #24]
 2822 0210 22F00F02 		bic	r2, r2, #15
 2823 0214 0243     		orrs	r2, r2, r0
 2824 0216 8A61     		str	r2, [r1, #24]
 2825 0218 8FE7     		b	.L240
 2826              	.L292:
1072:Drivers/STM32H7xx_HAL_Driver/Src/stm32h7xx_hal_rcc.c ****       {
 2827              		.loc 1 1072 7 view .LVU1018
1072:Drivers/STM32H7xx_HAL_Driver/Src/stm32h7xx_hal_rcc.c ****       {
 2828              		.loc 1 1072 10 is_stmt 0 view .LVU1019
 2829 021a 9A01     		lsls	r2, r3, #6
 2830 021c 3FF56AAF 		bmi	.L235
 2831 0220 05E7     		b	.L227
 2832              	.LVL214:
 2833              	.L290:
 2834              	.LCFI17:
 2835              		.cfi_def_cfa_offset 0
 2836              		.cfi_restore 4
 2837              		.cfi_restore 5
 2838              		.cfi_restore 6
 2839              		.cfi_restore 7
 2840              		.cfi_restore 8
 2841              		.cfi_restore 14
 931:Drivers/STM32H7xx_HAL_Driver/Src/stm32h7xx_hal_rcc.c ****   }
 2842              		.loc 1 931 12 view .LVU1020
 2843 0222 0120     		movs	r0, #1
 2844              	.LVL215:
1240:Drivers/STM32H7xx_HAL_Driver/Src/stm32h7xx_hal_rcc.c **** 
 2845              		.loc 1 1240 1 view .LVU1021
 2846 0224 7047     		bx	lr
 2847              	.LVL216:
 2848              	.L291:
 2849              	.LCFI18:
 2850              		.cfi_def_cfa_offset 24
 2851              		.cfi_offset 4, -24
 2852              		.cfi_offset 5, -20
 2853              		.cfi_offset 6, -16
 2854              		.cfi_offset 7, -12
 2855              		.cfi_offset 8, -8
 2856              		.cfi_offset 14, -4
1063:Drivers/STM32H7xx_HAL_Driver/Src/stm32h7xx_hal_rcc.c ****       {
 2857              		.loc 1 1063 7 is_stmt 1 view .LVU1022
ARM GAS  C:\Users\l1234\AppData\Local\Temp\cc5S3qmC.s 			page 94


1063:Drivers/STM32H7xx_HAL_Driver/Src/stm32h7xx_hal_rcc.c ****       {
 2858              		.loc 1 1063 10 is_stmt 0 view .LVU1023
 2859 0226 9803     		lsls	r0, r3, #14
 2860 0228 3FF564AF 		bmi	.L235
 2861 022c FFE6     		b	.L227
 2862              	.LVL217:
 2863              	.L252:
1104:Drivers/STM32H7xx_HAL_Driver/Src/stm32h7xx_hal_rcc.c ****       }
 2864              		.loc 1 1104 16 view .LVU1024
 2865 022e 0320     		movs	r0, #3
 2866 0230 FEE6     		b	.L286
 2867              	.LVL218:
 2868              	.L293:
1081:Drivers/STM32H7xx_HAL_Driver/Src/stm32h7xx_hal_rcc.c ****       {
 2869              		.loc 1 1081 7 is_stmt 1 view .LVU1025
1081:Drivers/STM32H7xx_HAL_Driver/Src/stm32h7xx_hal_rcc.c ****       {
 2870              		.loc 1 1081 10 is_stmt 0 view .LVU1026
 2871 0232 DB05     		lsls	r3, r3, #23
 2872 0234 3FF55EAF 		bmi	.L235
 2873 0238 F9E6     		b	.L227
 2874              	.L296:
 2875 023a 00BF     		.align	2
 2876              	.L295:
 2877 023c 00200052 		.word	1375739904
 2878 0240 00440258 		.word	1476543488
 2879 0244 00000000 		.word	D1CorePrescTable
 2880 0248 00000000 		.word	SystemCoreClock
 2881 024c 00000000 		.word	SystemD2Clock
 2882 0250 00000000 		.word	uwTickPrio
 2883              		.cfi_endproc
 2884              	.LFE146:
 2886              		.section	.text.HAL_RCC_GetHCLKFreq,"ax",%progbits
 2887              		.align	1
 2888              		.p2align 2,,3
 2889              		.global	HAL_RCC_GetHCLKFreq
 2890              		.syntax unified
 2891              		.thumb
 2892              		.thumb_func
 2894              	HAL_RCC_GetHCLKFreq:
 2895              	.LFB151:
1474:Drivers/STM32H7xx_HAL_Driver/Src/stm32h7xx_hal_rcc.c **** 
1475:Drivers/STM32H7xx_HAL_Driver/Src/stm32h7xx_hal_rcc.c **** 
1476:Drivers/STM32H7xx_HAL_Driver/Src/stm32h7xx_hal_rcc.c **** /**
1477:Drivers/STM32H7xx_HAL_Driver/Src/stm32h7xx_hal_rcc.c ****   * @brief  Returns the HCLK frequency
1478:Drivers/STM32H7xx_HAL_Driver/Src/stm32h7xx_hal_rcc.c ****   * @note   Each time HCLK changes, this function must be called to update the
1479:Drivers/STM32H7xx_HAL_Driver/Src/stm32h7xx_hal_rcc.c ****   *         right HCLK value. Otherwise, any configuration based on this function will be incorrect
1480:Drivers/STM32H7xx_HAL_Driver/Src/stm32h7xx_hal_rcc.c ****   *
1481:Drivers/STM32H7xx_HAL_Driver/Src/stm32h7xx_hal_rcc.c ****   * @note   The SystemD2Clock CMSIS variable is used to store System domain2 Clock Frequency
1482:Drivers/STM32H7xx_HAL_Driver/Src/stm32h7xx_hal_rcc.c ****   *         and updated within this function
1483:Drivers/STM32H7xx_HAL_Driver/Src/stm32h7xx_hal_rcc.c ****   * @retval HCLK frequency
1484:Drivers/STM32H7xx_HAL_Driver/Src/stm32h7xx_hal_rcc.c ****   */
1485:Drivers/STM32H7xx_HAL_Driver/Src/stm32h7xx_hal_rcc.c **** uint32_t HAL_RCC_GetHCLKFreq(void)
1486:Drivers/STM32H7xx_HAL_Driver/Src/stm32h7xx_hal_rcc.c **** {
 2896              		.loc 1 1486 1 is_stmt 1 view -0
 2897              		.cfi_startproc
 2898              		@ args = 0, pretend = 0, frame = 0
 2899              		@ frame_needed = 0, uses_anonymous_args = 0
ARM GAS  C:\Users\l1234\AppData\Local\Temp\cc5S3qmC.s 			page 95


1487:Drivers/STM32H7xx_HAL_Driver/Src/stm32h7xx_hal_rcc.c ****   uint32_t common_system_clock;
 2900              		.loc 1 1487 3 view .LVU1028
1488:Drivers/STM32H7xx_HAL_Driver/Src/stm32h7xx_hal_rcc.c **** 
1489:Drivers/STM32H7xx_HAL_Driver/Src/stm32h7xx_hal_rcc.c **** #if defined(RCC_D1CFGR_D1CPRE)
1490:Drivers/STM32H7xx_HAL_Driver/Src/stm32h7xx_hal_rcc.c ****   common_system_clock = HAL_RCC_GetSysClockFreq() >> (D1CorePrescTable[(RCC->D1CFGR & RCC_D1CFGR_D1
 2901              		.loc 1 1490 3 view .LVU1029
 2902              	.LBB34:
 2903              	.LBI34:
1388:Drivers/STM32H7xx_HAL_Driver/Src/stm32h7xx_hal_rcc.c **** {
 2904              		.loc 1 1388 10 view .LVU1030
 2905              	.LBB35:
1390:Drivers/STM32H7xx_HAL_Driver/Src/stm32h7xx_hal_rcc.c ****   float_t fracn1, pllvco;
 2906              		.loc 1 1390 3 view .LVU1031
1391:Drivers/STM32H7xx_HAL_Driver/Src/stm32h7xx_hal_rcc.c ****   uint32_t sysclockfreq;
 2907              		.loc 1 1391 3 view .LVU1032
1392:Drivers/STM32H7xx_HAL_Driver/Src/stm32h7xx_hal_rcc.c **** 
 2908              		.loc 1 1392 3 view .LVU1033
1396:Drivers/STM32H7xx_HAL_Driver/Src/stm32h7xx_hal_rcc.c ****   {
 2909              		.loc 1 1396 3 view .LVU1034
1396:Drivers/STM32H7xx_HAL_Driver/Src/stm32h7xx_hal_rcc.c ****   {
 2910              		.loc 1 1396 14 is_stmt 0 view .LVU1035
 2911 0000 184A     		ldr	r2, .L305
 2912              	.LBE35:
 2913              	.LBE34:
1486:Drivers/STM32H7xx_HAL_Driver/Src/stm32h7xx_hal_rcc.c ****   uint32_t common_system_clock;
 2914              		.loc 1 1486 1 view .LVU1036
 2915 0002 38B5     		push	{r3, r4, r5, lr}
 2916              	.LCFI19:
 2917              		.cfi_def_cfa_offset 16
 2918              		.cfi_offset 3, -16
 2919              		.cfi_offset 4, -12
 2920              		.cfi_offset 5, -8
 2921              		.cfi_offset 14, -4
 2922              	.LBB38:
 2923              	.LBB36:
1396:Drivers/STM32H7xx_HAL_Driver/Src/stm32h7xx_hal_rcc.c ****   {
 2924              		.loc 1 1396 14 view .LVU1037
 2925 0004 1369     		ldr	r3, [r2, #16]
1396:Drivers/STM32H7xx_HAL_Driver/Src/stm32h7xx_hal_rcc.c ****   {
 2926              		.loc 1 1396 21 view .LVU1038
 2927 0006 03F03803 		and	r3, r3, #56
1396:Drivers/STM32H7xx_HAL_Driver/Src/stm32h7xx_hal_rcc.c ****   {
 2928              		.loc 1 1396 3 view .LVU1039
 2929 000a 102B     		cmp	r3, #16
 2930 000c 19D0     		beq	.L300
 2931 000e 182B     		cmp	r3, #24
 2932 0010 22D0     		beq	.L299
 2933 0012 C3B1     		cbz	r3, .L304
1412:Drivers/STM32H7xx_HAL_Driver/Src/stm32h7xx_hal_rcc.c ****       break;
 2934              		.loc 1 1412 20 view .LVU1040
 2935 0014 144B     		ldr	r3, .L305+4
 2936              	.L298:
 2937              	.LVL219:
1472:Drivers/STM32H7xx_HAL_Driver/Src/stm32h7xx_hal_rcc.c **** }
 2938              		.loc 1 1472 3 is_stmt 1 view .LVU1041
1472:Drivers/STM32H7xx_HAL_Driver/Src/stm32h7xx_hal_rcc.c **** }
 2939              		.loc 1 1472 3 is_stmt 0 view .LVU1042
ARM GAS  C:\Users\l1234\AppData\Local\Temp\cc5S3qmC.s 			page 96


 2940              	.LBE36:
 2941              	.LBE38:
 2942              		.loc 1 1490 76 view .LVU1043
 2943 0016 1349     		ldr	r1, .L305
 2944              		.loc 1 1490 71 view .LVU1044
 2945 0018 1448     		ldr	r0, .L305+8
 2946              		.loc 1 1490 76 view .LVU1045
 2947 001a 8A69     		ldr	r2, [r1, #24]
1491:Drivers/STM32H7xx_HAL_Driver/Src/stm32h7xx_hal_rcc.c **** #else
1492:Drivers/STM32H7xx_HAL_Driver/Src/stm32h7xx_hal_rcc.c ****   common_system_clock = HAL_RCC_GetSysClockFreq() >> (D1CorePrescTable[(RCC->CDCFGR1 & RCC_CDCFGR1_
1493:Drivers/STM32H7xx_HAL_Driver/Src/stm32h7xx_hal_rcc.c **** #endif
1494:Drivers/STM32H7xx_HAL_Driver/Src/stm32h7xx_hal_rcc.c **** 
1495:Drivers/STM32H7xx_HAL_Driver/Src/stm32h7xx_hal_rcc.c **** #if defined(RCC_D1CFGR_HPRE)
1496:Drivers/STM32H7xx_HAL_Driver/Src/stm32h7xx_hal_rcc.c ****   SystemD2Clock = (common_system_clock >> ((D1CorePrescTable[(RCC->D1CFGR & RCC_D1CFGR_HPRE) >> RCC
 2948              		.loc 1 1496 66 view .LVU1046
 2949 001c 8969     		ldr	r1, [r1, #24]
1490:Drivers/STM32H7xx_HAL_Driver/Src/stm32h7xx_hal_rcc.c **** #else
 2950              		.loc 1 1490 106 view .LVU1047
 2951 001e C2F30322 		ubfx	r2, r2, #8, #4
 2952              		.loc 1 1496 17 view .LVU1048
 2953 0022 134C     		ldr	r4, .L305+12
 2954              		.loc 1 1496 94 view .LVU1049
 2955 0024 01F00F01 		and	r1, r1, #15
1497:Drivers/STM32H7xx_HAL_Driver/Src/stm32h7xx_hal_rcc.c **** #else
1498:Drivers/STM32H7xx_HAL_Driver/Src/stm32h7xx_hal_rcc.c ****   SystemD2Clock = (common_system_clock >> ((D1CorePrescTable[(RCC->CDCFGR1 & RCC_CDCFGR1_HPRE) >> R
1499:Drivers/STM32H7xx_HAL_Driver/Src/stm32h7xx_hal_rcc.c **** #endif
1500:Drivers/STM32H7xx_HAL_Driver/Src/stm32h7xx_hal_rcc.c **** 
1501:Drivers/STM32H7xx_HAL_Driver/Src/stm32h7xx_hal_rcc.c **** #if defined(DUAL_CORE) && defined(CORE_CM4)
1502:Drivers/STM32H7xx_HAL_Driver/Src/stm32h7xx_hal_rcc.c ****   SystemCoreClock = SystemD2Clock;
1503:Drivers/STM32H7xx_HAL_Driver/Src/stm32h7xx_hal_rcc.c **** #else
1504:Drivers/STM32H7xx_HAL_Driver/Src/stm32h7xx_hal_rcc.c ****   SystemCoreClock = common_system_clock;
 2956              		.loc 1 1504 19 view .LVU1050
 2957 0028 124D     		ldr	r5, .L305+16
1490:Drivers/STM32H7xx_HAL_Driver/Src/stm32h7xx_hal_rcc.c **** #else
 2958              		.loc 1 1490 132 view .LVU1051
 2959 002a 825C     		ldrb	r2, [r0, r2]	@ zero_extendqisi2
1496:Drivers/STM32H7xx_HAL_Driver/Src/stm32h7xx_hal_rcc.c **** #else
 2960              		.loc 1 1496 119 view .LVU1052
 2961 002c 405C     		ldrb	r0, [r0, r1]	@ zero_extendqisi2
1490:Drivers/STM32H7xx_HAL_Driver/Src/stm32h7xx_hal_rcc.c **** #else
 2962              		.loc 1 1490 132 view .LVU1053
 2963 002e 02F01F02 		and	r2, r2, #31
1496:Drivers/STM32H7xx_HAL_Driver/Src/stm32h7xx_hal_rcc.c **** #else
 2964              		.loc 1 1496 119 view .LVU1054
 2965 0032 00F01F00 		and	r0, r0, #31
1490:Drivers/STM32H7xx_HAL_Driver/Src/stm32h7xx_hal_rcc.c **** #else
 2966              		.loc 1 1490 23 view .LVU1055
 2967 0036 D340     		lsrs	r3, r3, r2
 2968              	.LVL220:
1496:Drivers/STM32H7xx_HAL_Driver/Src/stm32h7xx_hal_rcc.c **** #else
 2969              		.loc 1 1496 3 is_stmt 1 view .LVU1056
1496:Drivers/STM32H7xx_HAL_Driver/Src/stm32h7xx_hal_rcc.c **** #else
 2970              		.loc 1 1496 40 is_stmt 0 view .LVU1057
 2971 0038 23FA00F0 		lsr	r0, r3, r0
 2972              		.loc 1 1504 19 view .LVU1058
 2973 003c 2B60     		str	r3, [r5]
1496:Drivers/STM32H7xx_HAL_Driver/Src/stm32h7xx_hal_rcc.c **** #else
ARM GAS  C:\Users\l1234\AppData\Local\Temp\cc5S3qmC.s 			page 97


 2974              		.loc 1 1496 17 view .LVU1059
 2975 003e 2060     		str	r0, [r4]
 2976              		.loc 1 1504 3 is_stmt 1 view .LVU1060
1505:Drivers/STM32H7xx_HAL_Driver/Src/stm32h7xx_hal_rcc.c **** #endif /* DUAL_CORE && CORE_CM4 */
1506:Drivers/STM32H7xx_HAL_Driver/Src/stm32h7xx_hal_rcc.c **** 
1507:Drivers/STM32H7xx_HAL_Driver/Src/stm32h7xx_hal_rcc.c ****   return SystemD2Clock;
 2977              		.loc 1 1507 3 view .LVU1061
1508:Drivers/STM32H7xx_HAL_Driver/Src/stm32h7xx_hal_rcc.c **** }
 2978              		.loc 1 1508 1 is_stmt 0 view .LVU1062
 2979 0040 38BD     		pop	{r3, r4, r5, pc}
 2980              	.LVL221:
 2981              	.L300:
 2982              	.LBB39:
 2983              	.LBB37:
1396:Drivers/STM32H7xx_HAL_Driver/Src/stm32h7xx_hal_rcc.c ****   {
 2984              		.loc 1 1396 3 view .LVU1063
 2985 0042 0D4B     		ldr	r3, .L305+20
 2986 0044 E7E7     		b	.L298
 2987              	.L304:
1400:Drivers/STM32H7xx_HAL_Driver/Src/stm32h7xx_hal_rcc.c ****       {
 2988              		.loc 1 1400 7 is_stmt 1 view .LVU1064
1400:Drivers/STM32H7xx_HAL_Driver/Src/stm32h7xx_hal_rcc.c ****       {
 2989              		.loc 1 1400 11 is_stmt 0 view .LVU1065
 2990 0046 1368     		ldr	r3, [r2]
1400:Drivers/STM32H7xx_HAL_Driver/Src/stm32h7xx_hal_rcc.c ****       {
 2991              		.loc 1 1400 10 view .LVU1066
 2992 0048 9B06     		lsls	r3, r3, #26
 2993 004a 09D5     		bpl	.L302
1402:Drivers/STM32H7xx_HAL_Driver/Src/stm32h7xx_hal_rcc.c ****       }
 2994              		.loc 1 1402 9 is_stmt 1 view .LVU1067
1402:Drivers/STM32H7xx_HAL_Driver/Src/stm32h7xx_hal_rcc.c ****       }
 2995              		.loc 1 1402 49 is_stmt 0 view .LVU1068
 2996 004c 1268     		ldr	r2, [r2]
1402:Drivers/STM32H7xx_HAL_Driver/Src/stm32h7xx_hal_rcc.c ****       }
 2997              		.loc 1 1402 22 view .LVU1069
 2998 004e 0B4B     		ldr	r3, .L305+24
1402:Drivers/STM32H7xx_HAL_Driver/Src/stm32h7xx_hal_rcc.c ****       }
 2999              		.loc 1 1402 77 view .LVU1070
 3000 0050 C2F3C102 		ubfx	r2, r2, #3, #2
1402:Drivers/STM32H7xx_HAL_Driver/Src/stm32h7xx_hal_rcc.c ****       }
 3001              		.loc 1 1402 22 view .LVU1071
 3002 0054 D340     		lsrs	r3, r3, r2
 3003              	.LVL222:
1402:Drivers/STM32H7xx_HAL_Driver/Src/stm32h7xx_hal_rcc.c ****       }
 3004              		.loc 1 1402 22 view .LVU1072
 3005 0056 DEE7     		b	.L298
 3006              	.LVL223:
 3007              	.L299:
1402:Drivers/STM32H7xx_HAL_Driver/Src/stm32h7xx_hal_rcc.c ****       }
 3008              		.loc 1 1402 22 view .LVU1073
 3009 0058 FFF7FEFF 		bl	HAL_RCC_GetSysClockFreq.part.0
 3010              	.LVL224:
 3011 005c 0346     		mov	r3, r0
 3012 005e DAE7     		b	.L298
 3013              	.L302:
1406:Drivers/STM32H7xx_HAL_Driver/Src/stm32h7xx_hal_rcc.c ****       }
 3014              		.loc 1 1406 22 view .LVU1074
ARM GAS  C:\Users\l1234\AppData\Local\Temp\cc5S3qmC.s 			page 98


 3015 0060 064B     		ldr	r3, .L305+24
 3016 0062 D8E7     		b	.L298
 3017              	.L306:
 3018              		.align	2
 3019              	.L305:
 3020 0064 00440258 		.word	1476543488
 3021 0068 00093D00 		.word	4000000
 3022 006c 00000000 		.word	D1CorePrescTable
 3023 0070 00000000 		.word	SystemD2Clock
 3024 0074 00000000 		.word	SystemCoreClock
 3025 0078 00366E01 		.word	24000000
 3026 007c 0090D003 		.word	64000000
 3027              	.LBE37:
 3028              	.LBE39:
 3029              		.cfi_endproc
 3030              	.LFE151:
 3032              		.section	.text.HAL_RCC_GetPCLK1Freq,"ax",%progbits
 3033              		.align	1
 3034              		.p2align 2,,3
 3035              		.global	HAL_RCC_GetPCLK1Freq
 3036              		.syntax unified
 3037              		.thumb
 3038              		.thumb_func
 3040              	HAL_RCC_GetPCLK1Freq:
 3041              	.LFB152:
1509:Drivers/STM32H7xx_HAL_Driver/Src/stm32h7xx_hal_rcc.c **** 
1510:Drivers/STM32H7xx_HAL_Driver/Src/stm32h7xx_hal_rcc.c **** 
1511:Drivers/STM32H7xx_HAL_Driver/Src/stm32h7xx_hal_rcc.c **** /**
1512:Drivers/STM32H7xx_HAL_Driver/Src/stm32h7xx_hal_rcc.c ****   * @brief  Returns the PCLK1 frequency
1513:Drivers/STM32H7xx_HAL_Driver/Src/stm32h7xx_hal_rcc.c ****   * @note   Each time PCLK1 changes, this function must be called to update the
1514:Drivers/STM32H7xx_HAL_Driver/Src/stm32h7xx_hal_rcc.c ****   *         right PCLK1 value. Otherwise, any configuration based on this function will be incorrec
1515:Drivers/STM32H7xx_HAL_Driver/Src/stm32h7xx_hal_rcc.c ****   * @retval PCLK1 frequency
1516:Drivers/STM32H7xx_HAL_Driver/Src/stm32h7xx_hal_rcc.c ****   */
1517:Drivers/STM32H7xx_HAL_Driver/Src/stm32h7xx_hal_rcc.c **** uint32_t HAL_RCC_GetPCLK1Freq(void)
1518:Drivers/STM32H7xx_HAL_Driver/Src/stm32h7xx_hal_rcc.c **** {
 3042              		.loc 1 1518 1 is_stmt 1 view -0
 3043              		.cfi_startproc
 3044              		@ args = 0, pretend = 0, frame = 0
 3045              		@ frame_needed = 0, uses_anonymous_args = 0
1519:Drivers/STM32H7xx_HAL_Driver/Src/stm32h7xx_hal_rcc.c **** #if defined (RCC_D2CFGR_D2PPRE1)
1520:Drivers/STM32H7xx_HAL_Driver/Src/stm32h7xx_hal_rcc.c ****   /* Get HCLK source and Compute PCLK1 frequency ---------------------------*/
1521:Drivers/STM32H7xx_HAL_Driver/Src/stm32h7xx_hal_rcc.c ****   return (HAL_RCC_GetHCLKFreq() >> ((D1CorePrescTable[(RCC->D2CFGR & RCC_D2CFGR_D2PPRE1) >> RCC_D2C
 3046              		.loc 1 1521 3 view .LVU1076
 3047              	.LBB44:
 3048              	.LBI44:
1485:Drivers/STM32H7xx_HAL_Driver/Src/stm32h7xx_hal_rcc.c **** {
 3049              		.loc 1 1485 10 view .LVU1077
 3050              	.LBB45:
1487:Drivers/STM32H7xx_HAL_Driver/Src/stm32h7xx_hal_rcc.c **** 
 3051              		.loc 1 1487 3 view .LVU1078
1490:Drivers/STM32H7xx_HAL_Driver/Src/stm32h7xx_hal_rcc.c **** #else
 3052              		.loc 1 1490 3 view .LVU1079
 3053              	.LBB46:
 3054              	.LBI46:
1388:Drivers/STM32H7xx_HAL_Driver/Src/stm32h7xx_hal_rcc.c **** {
 3055              		.loc 1 1388 10 view .LVU1080
 3056              	.LBB47:
ARM GAS  C:\Users\l1234\AppData\Local\Temp\cc5S3qmC.s 			page 99


1390:Drivers/STM32H7xx_HAL_Driver/Src/stm32h7xx_hal_rcc.c ****   float_t fracn1, pllvco;
 3057              		.loc 1 1390 3 view .LVU1081
1391:Drivers/STM32H7xx_HAL_Driver/Src/stm32h7xx_hal_rcc.c ****   uint32_t sysclockfreq;
 3058              		.loc 1 1391 3 view .LVU1082
1392:Drivers/STM32H7xx_HAL_Driver/Src/stm32h7xx_hal_rcc.c **** 
 3059              		.loc 1 1392 3 view .LVU1083
1396:Drivers/STM32H7xx_HAL_Driver/Src/stm32h7xx_hal_rcc.c ****   {
 3060              		.loc 1 1396 3 view .LVU1084
1396:Drivers/STM32H7xx_HAL_Driver/Src/stm32h7xx_hal_rcc.c ****   {
 3061              		.loc 1 1396 14 is_stmt 0 view .LVU1085
 3062 0000 1C4A     		ldr	r2, .L315
 3063              	.LBE47:
 3064              	.LBE46:
 3065              	.LBE45:
 3066              	.LBE44:
1518:Drivers/STM32H7xx_HAL_Driver/Src/stm32h7xx_hal_rcc.c **** #if defined (RCC_D2CFGR_D2PPRE1)
 3067              		.loc 1 1518 1 view .LVU1086
 3068 0002 38B5     		push	{r3, r4, r5, lr}
 3069              	.LCFI20:
 3070              		.cfi_def_cfa_offset 16
 3071              		.cfi_offset 3, -16
 3072              		.cfi_offset 4, -12
 3073              		.cfi_offset 5, -8
 3074              		.cfi_offset 14, -4
 3075              	.LBB54:
 3076              	.LBB52:
 3077              	.LBB50:
 3078              	.LBB48:
1396:Drivers/STM32H7xx_HAL_Driver/Src/stm32h7xx_hal_rcc.c ****   {
 3079              		.loc 1 1396 14 view .LVU1087
 3080 0004 1369     		ldr	r3, [r2, #16]
1396:Drivers/STM32H7xx_HAL_Driver/Src/stm32h7xx_hal_rcc.c ****   {
 3081              		.loc 1 1396 21 view .LVU1088
 3082 0006 03F03803 		and	r3, r3, #56
1396:Drivers/STM32H7xx_HAL_Driver/Src/stm32h7xx_hal_rcc.c ****   {
 3083              		.loc 1 1396 3 view .LVU1089
 3084 000a 102B     		cmp	r3, #16
 3085 000c 20D0     		beq	.L310
 3086 000e 182B     		cmp	r3, #24
 3087 0010 29D0     		beq	.L309
 3088 0012 FBB1     		cbz	r3, .L314
1412:Drivers/STM32H7xx_HAL_Driver/Src/stm32h7xx_hal_rcc.c ****       break;
 3089              		.loc 1 1412 20 view .LVU1090
 3090 0014 184B     		ldr	r3, .L315+4
 3091              	.L308:
 3092              	.LVL225:
1472:Drivers/STM32H7xx_HAL_Driver/Src/stm32h7xx_hal_rcc.c **** }
 3093              		.loc 1 1472 3 is_stmt 1 view .LVU1091
1472:Drivers/STM32H7xx_HAL_Driver/Src/stm32h7xx_hal_rcc.c **** }
 3094              		.loc 1 1472 3 is_stmt 0 view .LVU1092
 3095              	.LBE48:
 3096              	.LBE50:
1490:Drivers/STM32H7xx_HAL_Driver/Src/stm32h7xx_hal_rcc.c **** #else
 3097              		.loc 1 1490 76 view .LVU1093
 3098 0016 174A     		ldr	r2, .L315
1490:Drivers/STM32H7xx_HAL_Driver/Src/stm32h7xx_hal_rcc.c **** #else
 3099              		.loc 1 1490 71 view .LVU1094
ARM GAS  C:\Users\l1234\AppData\Local\Temp\cc5S3qmC.s 			page 100


 3100 0018 1849     		ldr	r1, .L315+8
1490:Drivers/STM32H7xx_HAL_Driver/Src/stm32h7xx_hal_rcc.c **** #else
 3101              		.loc 1 1490 76 view .LVU1095
 3102 001a 9069     		ldr	r0, [r2, #24]
1504:Drivers/STM32H7xx_HAL_Driver/Src/stm32h7xx_hal_rcc.c **** #endif /* DUAL_CORE && CORE_CM4 */
 3103              		.loc 1 1504 19 view .LVU1096
 3104 001c 184D     		ldr	r5, .L315+12
1490:Drivers/STM32H7xx_HAL_Driver/Src/stm32h7xx_hal_rcc.c **** #else
 3105              		.loc 1 1490 106 view .LVU1097
 3106 001e C0F30320 		ubfx	r0, r0, #8, #4
1496:Drivers/STM32H7xx_HAL_Driver/Src/stm32h7xx_hal_rcc.c **** #else
 3107              		.loc 1 1496 17 view .LVU1098
 3108 0022 184C     		ldr	r4, .L315+16
1490:Drivers/STM32H7xx_HAL_Driver/Src/stm32h7xx_hal_rcc.c **** #else
 3109              		.loc 1 1490 132 view .LVU1099
 3110 0024 085C     		ldrb	r0, [r1, r0]	@ zero_extendqisi2
 3111 0026 00F01F00 		and	r0, r0, #31
1490:Drivers/STM32H7xx_HAL_Driver/Src/stm32h7xx_hal_rcc.c **** #else
 3112              		.loc 1 1490 23 view .LVU1100
 3113 002a C340     		lsrs	r3, r3, r0
 3114              	.LVL226:
1496:Drivers/STM32H7xx_HAL_Driver/Src/stm32h7xx_hal_rcc.c **** #else
 3115              		.loc 1 1496 3 is_stmt 1 view .LVU1101
1496:Drivers/STM32H7xx_HAL_Driver/Src/stm32h7xx_hal_rcc.c **** #else
 3116              		.loc 1 1496 66 is_stmt 0 view .LVU1102
 3117 002c 9069     		ldr	r0, [r2, #24]
1496:Drivers/STM32H7xx_HAL_Driver/Src/stm32h7xx_hal_rcc.c **** #else
 3118              		.loc 1 1496 94 view .LVU1103
 3119 002e 00F00F00 		and	r0, r0, #15
1504:Drivers/STM32H7xx_HAL_Driver/Src/stm32h7xx_hal_rcc.c **** #endif /* DUAL_CORE && CORE_CM4 */
 3120              		.loc 1 1504 19 view .LVU1104
 3121 0032 2B60     		str	r3, [r5]
1496:Drivers/STM32H7xx_HAL_Driver/Src/stm32h7xx_hal_rcc.c **** #else
 3122              		.loc 1 1496 119 view .LVU1105
 3123 0034 085C     		ldrb	r0, [r1, r0]	@ zero_extendqisi2
 3124 0036 00F01F00 		and	r0, r0, #31
1496:Drivers/STM32H7xx_HAL_Driver/Src/stm32h7xx_hal_rcc.c **** #else
 3125              		.loc 1 1496 40 view .LVU1106
 3126 003a C340     		lsrs	r3, r3, r0
 3127              	.LVL227:
1496:Drivers/STM32H7xx_HAL_Driver/Src/stm32h7xx_hal_rcc.c **** #else
 3128              		.loc 1 1496 17 view .LVU1107
 3129 003c 2360     		str	r3, [r4]
1504:Drivers/STM32H7xx_HAL_Driver/Src/stm32h7xx_hal_rcc.c **** #endif /* DUAL_CORE && CORE_CM4 */
 3130              		.loc 1 1504 3 is_stmt 1 view .LVU1108
1507:Drivers/STM32H7xx_HAL_Driver/Src/stm32h7xx_hal_rcc.c **** }
 3131              		.loc 1 1507 3 view .LVU1109
 3132              	.LVL228:
1507:Drivers/STM32H7xx_HAL_Driver/Src/stm32h7xx_hal_rcc.c **** }
 3133              		.loc 1 1507 3 is_stmt 0 view .LVU1110
 3134              	.LBE52:
 3135              	.LBE54:
 3136              		.loc 1 1521 59 view .LVU1111
 3137 003e D269     		ldr	r2, [r2, #28]
 3138              		.loc 1 1521 90 view .LVU1112
 3139 0040 C2F30212 		ubfx	r2, r2, #4, #3
 3140              		.loc 1 1521 118 view .LVU1113
ARM GAS  C:\Users\l1234\AppData\Local\Temp\cc5S3qmC.s 			page 101


 3141 0044 885C     		ldrb	r0, [r1, r2]	@ zero_extendqisi2
 3142 0046 00F01F00 		and	r0, r0, #31
1522:Drivers/STM32H7xx_HAL_Driver/Src/stm32h7xx_hal_rcc.c **** #else
1523:Drivers/STM32H7xx_HAL_Driver/Src/stm32h7xx_hal_rcc.c ****   /* Get HCLK source and Compute PCLK1 frequency ---------------------------*/
1524:Drivers/STM32H7xx_HAL_Driver/Src/stm32h7xx_hal_rcc.c ****   return (HAL_RCC_GetHCLKFreq() >> ((D1CorePrescTable[(RCC->CDCFGR2 & RCC_CDCFGR2_CDPPRE1) >> RCC_C
1525:Drivers/STM32H7xx_HAL_Driver/Src/stm32h7xx_hal_rcc.c **** #endif
1526:Drivers/STM32H7xx_HAL_Driver/Src/stm32h7xx_hal_rcc.c **** }
 3143              		.loc 1 1526 1 view .LVU1114
 3144 004a 23FA00F0 		lsr	r0, r3, r0
 3145 004e 38BD     		pop	{r3, r4, r5, pc}
 3146              	.L310:
 3147              	.LBB55:
 3148              	.LBB53:
 3149              	.LBB51:
 3150              	.LBB49:
1396:Drivers/STM32H7xx_HAL_Driver/Src/stm32h7xx_hal_rcc.c ****   {
 3151              		.loc 1 1396 3 view .LVU1115
 3152 0050 0D4B     		ldr	r3, .L315+20
 3153 0052 E0E7     		b	.L308
 3154              	.L314:
1400:Drivers/STM32H7xx_HAL_Driver/Src/stm32h7xx_hal_rcc.c ****       {
 3155              		.loc 1 1400 7 is_stmt 1 view .LVU1116
1400:Drivers/STM32H7xx_HAL_Driver/Src/stm32h7xx_hal_rcc.c ****       {
 3156              		.loc 1 1400 11 is_stmt 0 view .LVU1117
 3157 0054 1368     		ldr	r3, [r2]
1400:Drivers/STM32H7xx_HAL_Driver/Src/stm32h7xx_hal_rcc.c ****       {
 3158              		.loc 1 1400 10 view .LVU1118
 3159 0056 9B06     		lsls	r3, r3, #26
 3160 0058 09D5     		bpl	.L312
1402:Drivers/STM32H7xx_HAL_Driver/Src/stm32h7xx_hal_rcc.c ****       }
 3161              		.loc 1 1402 9 is_stmt 1 view .LVU1119
1402:Drivers/STM32H7xx_HAL_Driver/Src/stm32h7xx_hal_rcc.c ****       }
 3162              		.loc 1 1402 49 is_stmt 0 view .LVU1120
 3163 005a 1268     		ldr	r2, [r2]
1402:Drivers/STM32H7xx_HAL_Driver/Src/stm32h7xx_hal_rcc.c ****       }
 3164              		.loc 1 1402 22 view .LVU1121
 3165 005c 0B4B     		ldr	r3, .L315+24
1402:Drivers/STM32H7xx_HAL_Driver/Src/stm32h7xx_hal_rcc.c ****       }
 3166              		.loc 1 1402 77 view .LVU1122
 3167 005e C2F3C102 		ubfx	r2, r2, #3, #2
1402:Drivers/STM32H7xx_HAL_Driver/Src/stm32h7xx_hal_rcc.c ****       }
 3168              		.loc 1 1402 22 view .LVU1123
 3169 0062 D340     		lsrs	r3, r3, r2
 3170              	.LVL229:
1402:Drivers/STM32H7xx_HAL_Driver/Src/stm32h7xx_hal_rcc.c ****       }
 3171              		.loc 1 1402 22 view .LVU1124
 3172 0064 D7E7     		b	.L308
 3173              	.LVL230:
 3174              	.L309:
1402:Drivers/STM32H7xx_HAL_Driver/Src/stm32h7xx_hal_rcc.c ****       }
 3175              		.loc 1 1402 22 view .LVU1125
 3176 0066 FFF7FEFF 		bl	HAL_RCC_GetSysClockFreq.part.0
 3177              	.LVL231:
 3178 006a 0346     		mov	r3, r0
 3179 006c D3E7     		b	.L308
 3180              	.L312:
1406:Drivers/STM32H7xx_HAL_Driver/Src/stm32h7xx_hal_rcc.c ****       }
ARM GAS  C:\Users\l1234\AppData\Local\Temp\cc5S3qmC.s 			page 102


 3181              		.loc 1 1406 22 view .LVU1126
 3182 006e 074B     		ldr	r3, .L315+24
 3183 0070 D1E7     		b	.L308
 3184              	.L316:
 3185 0072 00BF     		.align	2
 3186              	.L315:
 3187 0074 00440258 		.word	1476543488
 3188 0078 00093D00 		.word	4000000
 3189 007c 00000000 		.word	D1CorePrescTable
 3190 0080 00000000 		.word	SystemCoreClock
 3191 0084 00000000 		.word	SystemD2Clock
 3192 0088 00366E01 		.word	24000000
 3193 008c 0090D003 		.word	64000000
 3194              	.LBE49:
 3195              	.LBE51:
 3196              	.LBE53:
 3197              	.LBE55:
 3198              		.cfi_endproc
 3199              	.LFE152:
 3201              		.section	.text.HAL_RCC_GetPCLK2Freq,"ax",%progbits
 3202              		.align	1
 3203              		.p2align 2,,3
 3204              		.global	HAL_RCC_GetPCLK2Freq
 3205              		.syntax unified
 3206              		.thumb
 3207              		.thumb_func
 3209              	HAL_RCC_GetPCLK2Freq:
 3210              	.LFB153:
1527:Drivers/STM32H7xx_HAL_Driver/Src/stm32h7xx_hal_rcc.c **** 
1528:Drivers/STM32H7xx_HAL_Driver/Src/stm32h7xx_hal_rcc.c **** 
1529:Drivers/STM32H7xx_HAL_Driver/Src/stm32h7xx_hal_rcc.c **** /**
1530:Drivers/STM32H7xx_HAL_Driver/Src/stm32h7xx_hal_rcc.c ****   * @brief  Returns the D2 PCLK2 frequency
1531:Drivers/STM32H7xx_HAL_Driver/Src/stm32h7xx_hal_rcc.c ****   * @note   Each time PCLK2 changes, this function must be called to update the
1532:Drivers/STM32H7xx_HAL_Driver/Src/stm32h7xx_hal_rcc.c ****   *         right PCLK2 value. Otherwise, any configuration based on this function will be incorrec
1533:Drivers/STM32H7xx_HAL_Driver/Src/stm32h7xx_hal_rcc.c ****   * @retval PCLK1 frequency
1534:Drivers/STM32H7xx_HAL_Driver/Src/stm32h7xx_hal_rcc.c ****   */
1535:Drivers/STM32H7xx_HAL_Driver/Src/stm32h7xx_hal_rcc.c **** uint32_t HAL_RCC_GetPCLK2Freq(void)
1536:Drivers/STM32H7xx_HAL_Driver/Src/stm32h7xx_hal_rcc.c **** {
 3211              		.loc 1 1536 1 is_stmt 1 view -0
 3212              		.cfi_startproc
 3213              		@ args = 0, pretend = 0, frame = 0
 3214              		@ frame_needed = 0, uses_anonymous_args = 0
1537:Drivers/STM32H7xx_HAL_Driver/Src/stm32h7xx_hal_rcc.c ****   /* Get HCLK source and Compute PCLK1 frequency ---------------------------*/
1538:Drivers/STM32H7xx_HAL_Driver/Src/stm32h7xx_hal_rcc.c **** #if defined(RCC_D2CFGR_D2PPRE2)
1539:Drivers/STM32H7xx_HAL_Driver/Src/stm32h7xx_hal_rcc.c ****   return (HAL_RCC_GetHCLKFreq() >> ((D1CorePrescTable[(RCC->D2CFGR & RCC_D2CFGR_D2PPRE2) >> RCC_D2C
 3215              		.loc 1 1539 3 view .LVU1128
 3216              	.LBB60:
 3217              	.LBI60:
1485:Drivers/STM32H7xx_HAL_Driver/Src/stm32h7xx_hal_rcc.c **** {
 3218              		.loc 1 1485 10 view .LVU1129
 3219              	.LBB61:
1487:Drivers/STM32H7xx_HAL_Driver/Src/stm32h7xx_hal_rcc.c **** 
 3220              		.loc 1 1487 3 view .LVU1130
1490:Drivers/STM32H7xx_HAL_Driver/Src/stm32h7xx_hal_rcc.c **** #else
 3221              		.loc 1 1490 3 view .LVU1131
 3222              	.LBB62:
 3223              	.LBI62:
ARM GAS  C:\Users\l1234\AppData\Local\Temp\cc5S3qmC.s 			page 103


1388:Drivers/STM32H7xx_HAL_Driver/Src/stm32h7xx_hal_rcc.c **** {
 3224              		.loc 1 1388 10 view .LVU1132
 3225              	.LBB63:
1390:Drivers/STM32H7xx_HAL_Driver/Src/stm32h7xx_hal_rcc.c ****   float_t fracn1, pllvco;
 3226              		.loc 1 1390 3 view .LVU1133
1391:Drivers/STM32H7xx_HAL_Driver/Src/stm32h7xx_hal_rcc.c ****   uint32_t sysclockfreq;
 3227              		.loc 1 1391 3 view .LVU1134
1392:Drivers/STM32H7xx_HAL_Driver/Src/stm32h7xx_hal_rcc.c **** 
 3228              		.loc 1 1392 3 view .LVU1135
1396:Drivers/STM32H7xx_HAL_Driver/Src/stm32h7xx_hal_rcc.c ****   {
 3229              		.loc 1 1396 3 view .LVU1136
1396:Drivers/STM32H7xx_HAL_Driver/Src/stm32h7xx_hal_rcc.c ****   {
 3230              		.loc 1 1396 14 is_stmt 0 view .LVU1137
 3231 0000 1C4A     		ldr	r2, .L325
 3232              	.LBE63:
 3233              	.LBE62:
 3234              	.LBE61:
 3235              	.LBE60:
1536:Drivers/STM32H7xx_HAL_Driver/Src/stm32h7xx_hal_rcc.c ****   /* Get HCLK source and Compute PCLK1 frequency ---------------------------*/
 3236              		.loc 1 1536 1 view .LVU1138
 3237 0002 38B5     		push	{r3, r4, r5, lr}
 3238              	.LCFI21:
 3239              		.cfi_def_cfa_offset 16
 3240              		.cfi_offset 3, -16
 3241              		.cfi_offset 4, -12
 3242              		.cfi_offset 5, -8
 3243              		.cfi_offset 14, -4
 3244              	.LBB70:
 3245              	.LBB68:
 3246              	.LBB66:
 3247              	.LBB64:
1396:Drivers/STM32H7xx_HAL_Driver/Src/stm32h7xx_hal_rcc.c ****   {
 3248              		.loc 1 1396 14 view .LVU1139
 3249 0004 1369     		ldr	r3, [r2, #16]
1396:Drivers/STM32H7xx_HAL_Driver/Src/stm32h7xx_hal_rcc.c ****   {
 3250              		.loc 1 1396 21 view .LVU1140
 3251 0006 03F03803 		and	r3, r3, #56
1396:Drivers/STM32H7xx_HAL_Driver/Src/stm32h7xx_hal_rcc.c ****   {
 3252              		.loc 1 1396 3 view .LVU1141
 3253 000a 102B     		cmp	r3, #16
 3254 000c 20D0     		beq	.L320
 3255 000e 182B     		cmp	r3, #24
 3256 0010 29D0     		beq	.L319
 3257 0012 FBB1     		cbz	r3, .L324
1412:Drivers/STM32H7xx_HAL_Driver/Src/stm32h7xx_hal_rcc.c ****       break;
 3258              		.loc 1 1412 20 view .LVU1142
 3259 0014 184B     		ldr	r3, .L325+4
 3260              	.L318:
 3261              	.LVL232:
1472:Drivers/STM32H7xx_HAL_Driver/Src/stm32h7xx_hal_rcc.c **** }
 3262              		.loc 1 1472 3 is_stmt 1 view .LVU1143
1472:Drivers/STM32H7xx_HAL_Driver/Src/stm32h7xx_hal_rcc.c **** }
 3263              		.loc 1 1472 3 is_stmt 0 view .LVU1144
 3264              	.LBE64:
 3265              	.LBE66:
1490:Drivers/STM32H7xx_HAL_Driver/Src/stm32h7xx_hal_rcc.c **** #else
 3266              		.loc 1 1490 76 view .LVU1145
ARM GAS  C:\Users\l1234\AppData\Local\Temp\cc5S3qmC.s 			page 104


 3267 0016 174A     		ldr	r2, .L325
1490:Drivers/STM32H7xx_HAL_Driver/Src/stm32h7xx_hal_rcc.c **** #else
 3268              		.loc 1 1490 71 view .LVU1146
 3269 0018 1849     		ldr	r1, .L325+8
1490:Drivers/STM32H7xx_HAL_Driver/Src/stm32h7xx_hal_rcc.c **** #else
 3270              		.loc 1 1490 76 view .LVU1147
 3271 001a 9069     		ldr	r0, [r2, #24]
1504:Drivers/STM32H7xx_HAL_Driver/Src/stm32h7xx_hal_rcc.c **** #endif /* DUAL_CORE && CORE_CM4 */
 3272              		.loc 1 1504 19 view .LVU1148
 3273 001c 184D     		ldr	r5, .L325+12
1490:Drivers/STM32H7xx_HAL_Driver/Src/stm32h7xx_hal_rcc.c **** #else
 3274              		.loc 1 1490 106 view .LVU1149
 3275 001e C0F30320 		ubfx	r0, r0, #8, #4
1496:Drivers/STM32H7xx_HAL_Driver/Src/stm32h7xx_hal_rcc.c **** #else
 3276              		.loc 1 1496 17 view .LVU1150
 3277 0022 184C     		ldr	r4, .L325+16
1490:Drivers/STM32H7xx_HAL_Driver/Src/stm32h7xx_hal_rcc.c **** #else
 3278              		.loc 1 1490 132 view .LVU1151
 3279 0024 085C     		ldrb	r0, [r1, r0]	@ zero_extendqisi2
 3280 0026 00F01F00 		and	r0, r0, #31
1490:Drivers/STM32H7xx_HAL_Driver/Src/stm32h7xx_hal_rcc.c **** #else
 3281              		.loc 1 1490 23 view .LVU1152
 3282 002a C340     		lsrs	r3, r3, r0
 3283              	.LVL233:
1496:Drivers/STM32H7xx_HAL_Driver/Src/stm32h7xx_hal_rcc.c **** #else
 3284              		.loc 1 1496 3 is_stmt 1 view .LVU1153
1496:Drivers/STM32H7xx_HAL_Driver/Src/stm32h7xx_hal_rcc.c **** #else
 3285              		.loc 1 1496 66 is_stmt 0 view .LVU1154
 3286 002c 9069     		ldr	r0, [r2, #24]
1496:Drivers/STM32H7xx_HAL_Driver/Src/stm32h7xx_hal_rcc.c **** #else
 3287              		.loc 1 1496 94 view .LVU1155
 3288 002e 00F00F00 		and	r0, r0, #15
1504:Drivers/STM32H7xx_HAL_Driver/Src/stm32h7xx_hal_rcc.c **** #endif /* DUAL_CORE && CORE_CM4 */
 3289              		.loc 1 1504 19 view .LVU1156
 3290 0032 2B60     		str	r3, [r5]
1496:Drivers/STM32H7xx_HAL_Driver/Src/stm32h7xx_hal_rcc.c **** #else
 3291              		.loc 1 1496 119 view .LVU1157
 3292 0034 085C     		ldrb	r0, [r1, r0]	@ zero_extendqisi2
 3293 0036 00F01F00 		and	r0, r0, #31
1496:Drivers/STM32H7xx_HAL_Driver/Src/stm32h7xx_hal_rcc.c **** #else
 3294              		.loc 1 1496 40 view .LVU1158
 3295 003a C340     		lsrs	r3, r3, r0
 3296              	.LVL234:
1496:Drivers/STM32H7xx_HAL_Driver/Src/stm32h7xx_hal_rcc.c **** #else
 3297              		.loc 1 1496 17 view .LVU1159
 3298 003c 2360     		str	r3, [r4]
1504:Drivers/STM32H7xx_HAL_Driver/Src/stm32h7xx_hal_rcc.c **** #endif /* DUAL_CORE && CORE_CM4 */
 3299              		.loc 1 1504 3 is_stmt 1 view .LVU1160
1507:Drivers/STM32H7xx_HAL_Driver/Src/stm32h7xx_hal_rcc.c **** }
 3300              		.loc 1 1507 3 view .LVU1161
 3301              	.LVL235:
1507:Drivers/STM32H7xx_HAL_Driver/Src/stm32h7xx_hal_rcc.c **** }
 3302              		.loc 1 1507 3 is_stmt 0 view .LVU1162
 3303              	.LBE68:
 3304              	.LBE70:
 3305              		.loc 1 1539 59 view .LVU1163
 3306 003e D269     		ldr	r2, [r2, #28]
ARM GAS  C:\Users\l1234\AppData\Local\Temp\cc5S3qmC.s 			page 105


 3307              		.loc 1 1539 90 view .LVU1164
 3308 0040 C2F30222 		ubfx	r2, r2, #8, #3
 3309              		.loc 1 1539 118 view .LVU1165
 3310 0044 885C     		ldrb	r0, [r1, r2]	@ zero_extendqisi2
 3311 0046 00F01F00 		and	r0, r0, #31
1540:Drivers/STM32H7xx_HAL_Driver/Src/stm32h7xx_hal_rcc.c **** #else
1541:Drivers/STM32H7xx_HAL_Driver/Src/stm32h7xx_hal_rcc.c ****   return (HAL_RCC_GetHCLKFreq() >> ((D1CorePrescTable[(RCC->CDCFGR2 & RCC_CDCFGR2_CDPPRE2) >> RCC_C
1542:Drivers/STM32H7xx_HAL_Driver/Src/stm32h7xx_hal_rcc.c **** #endif
1543:Drivers/STM32H7xx_HAL_Driver/Src/stm32h7xx_hal_rcc.c **** }
 3312              		.loc 1 1543 1 view .LVU1166
 3313 004a 23FA00F0 		lsr	r0, r3, r0
 3314 004e 38BD     		pop	{r3, r4, r5, pc}
 3315              	.L320:
 3316              	.LBB71:
 3317              	.LBB69:
 3318              	.LBB67:
 3319              	.LBB65:
1396:Drivers/STM32H7xx_HAL_Driver/Src/stm32h7xx_hal_rcc.c ****   {
 3320              		.loc 1 1396 3 view .LVU1167
 3321 0050 0D4B     		ldr	r3, .L325+20
 3322 0052 E0E7     		b	.L318
 3323              	.L324:
1400:Drivers/STM32H7xx_HAL_Driver/Src/stm32h7xx_hal_rcc.c ****       {
 3324              		.loc 1 1400 7 is_stmt 1 view .LVU1168
1400:Drivers/STM32H7xx_HAL_Driver/Src/stm32h7xx_hal_rcc.c ****       {
 3325              		.loc 1 1400 11 is_stmt 0 view .LVU1169
 3326 0054 1368     		ldr	r3, [r2]
1400:Drivers/STM32H7xx_HAL_Driver/Src/stm32h7xx_hal_rcc.c ****       {
 3327              		.loc 1 1400 10 view .LVU1170
 3328 0056 9B06     		lsls	r3, r3, #26
 3329 0058 09D5     		bpl	.L322
1402:Drivers/STM32H7xx_HAL_Driver/Src/stm32h7xx_hal_rcc.c ****       }
 3330              		.loc 1 1402 9 is_stmt 1 view .LVU1171
1402:Drivers/STM32H7xx_HAL_Driver/Src/stm32h7xx_hal_rcc.c ****       }
 3331              		.loc 1 1402 49 is_stmt 0 view .LVU1172
 3332 005a 1268     		ldr	r2, [r2]
1402:Drivers/STM32H7xx_HAL_Driver/Src/stm32h7xx_hal_rcc.c ****       }
 3333              		.loc 1 1402 22 view .LVU1173
 3334 005c 0B4B     		ldr	r3, .L325+24
1402:Drivers/STM32H7xx_HAL_Driver/Src/stm32h7xx_hal_rcc.c ****       }
 3335              		.loc 1 1402 77 view .LVU1174
 3336 005e C2F3C102 		ubfx	r2, r2, #3, #2
1402:Drivers/STM32H7xx_HAL_Driver/Src/stm32h7xx_hal_rcc.c ****       }
 3337              		.loc 1 1402 22 view .LVU1175
 3338 0062 D340     		lsrs	r3, r3, r2
 3339              	.LVL236:
1402:Drivers/STM32H7xx_HAL_Driver/Src/stm32h7xx_hal_rcc.c ****       }
 3340              		.loc 1 1402 22 view .LVU1176
 3341 0064 D7E7     		b	.L318
 3342              	.LVL237:
 3343              	.L319:
1402:Drivers/STM32H7xx_HAL_Driver/Src/stm32h7xx_hal_rcc.c ****       }
 3344              		.loc 1 1402 22 view .LVU1177
 3345 0066 FFF7FEFF 		bl	HAL_RCC_GetSysClockFreq.part.0
 3346              	.LVL238:
 3347 006a 0346     		mov	r3, r0
 3348 006c D3E7     		b	.L318
ARM GAS  C:\Users\l1234\AppData\Local\Temp\cc5S3qmC.s 			page 106


 3349              	.L322:
1406:Drivers/STM32H7xx_HAL_Driver/Src/stm32h7xx_hal_rcc.c ****       }
 3350              		.loc 1 1406 22 view .LVU1178
 3351 006e 074B     		ldr	r3, .L325+24
 3352 0070 D1E7     		b	.L318
 3353              	.L326:
 3354 0072 00BF     		.align	2
 3355              	.L325:
 3356 0074 00440258 		.word	1476543488
 3357 0078 00093D00 		.word	4000000
 3358 007c 00000000 		.word	D1CorePrescTable
 3359 0080 00000000 		.word	SystemCoreClock
 3360 0084 00000000 		.word	SystemD2Clock
 3361 0088 00366E01 		.word	24000000
 3362 008c 0090D003 		.word	64000000
 3363              	.LBE65:
 3364              	.LBE67:
 3365              	.LBE69:
 3366              	.LBE71:
 3367              		.cfi_endproc
 3368              	.LFE153:
 3370              		.section	.text.HAL_RCC_GetOscConfig,"ax",%progbits
 3371              		.align	1
 3372              		.p2align 2,,3
 3373              		.global	HAL_RCC_GetOscConfig
 3374              		.syntax unified
 3375              		.thumb
 3376              		.thumb_func
 3378              	HAL_RCC_GetOscConfig:
 3379              	.LVL239:
 3380              	.LFB154:
1544:Drivers/STM32H7xx_HAL_Driver/Src/stm32h7xx_hal_rcc.c **** 
1545:Drivers/STM32H7xx_HAL_Driver/Src/stm32h7xx_hal_rcc.c **** /**
1546:Drivers/STM32H7xx_HAL_Driver/Src/stm32h7xx_hal_rcc.c ****   * @brief  Configures the RCC_OscInitStruct according to the internal
1547:Drivers/STM32H7xx_HAL_Driver/Src/stm32h7xx_hal_rcc.c ****   * RCC configuration registers.
1548:Drivers/STM32H7xx_HAL_Driver/Src/stm32h7xx_hal_rcc.c ****   * @param  RCC_OscInitStruct: pointer to an RCC_OscInitTypeDef structure that
1549:Drivers/STM32H7xx_HAL_Driver/Src/stm32h7xx_hal_rcc.c ****   * will be configured.
1550:Drivers/STM32H7xx_HAL_Driver/Src/stm32h7xx_hal_rcc.c ****   * @retval None
1551:Drivers/STM32H7xx_HAL_Driver/Src/stm32h7xx_hal_rcc.c ****   */
1552:Drivers/STM32H7xx_HAL_Driver/Src/stm32h7xx_hal_rcc.c **** void HAL_RCC_GetOscConfig(RCC_OscInitTypeDef  *RCC_OscInitStruct)
1553:Drivers/STM32H7xx_HAL_Driver/Src/stm32h7xx_hal_rcc.c **** {
 3381              		.loc 1 1553 1 is_stmt 1 view -0
 3382              		.cfi_startproc
 3383              		@ args = 0, pretend = 0, frame = 0
 3384              		@ frame_needed = 0, uses_anonymous_args = 0
 3385              		@ link register save eliminated.
1554:Drivers/STM32H7xx_HAL_Driver/Src/stm32h7xx_hal_rcc.c ****   /* Set all possible values for the Oscillator type parameter ---------------*/
1555:Drivers/STM32H7xx_HAL_Driver/Src/stm32h7xx_hal_rcc.c ****   RCC_OscInitStruct->OscillatorType = RCC_OSCILLATORTYPE_HSE | RCC_OSCILLATORTYPE_HSI | RCC_OSCILLA
 3386              		.loc 1 1555 3 view .LVU1180
 3387              		.loc 1 1555 37 is_stmt 0 view .LVU1181
 3388 0000 3F22     		movs	r2, #63
1556:Drivers/STM32H7xx_HAL_Driver/Src/stm32h7xx_hal_rcc.c ****                                       RCC_OSCILLATORTYPE_LSE | RCC_OSCILLATORTYPE_LSI | RCC_OSCILLA
1557:Drivers/STM32H7xx_HAL_Driver/Src/stm32h7xx_hal_rcc.c **** 
1558:Drivers/STM32H7xx_HAL_Driver/Src/stm32h7xx_hal_rcc.c ****   /* Get the HSE configuration -----------------------------------------------*/
1559:Drivers/STM32H7xx_HAL_Driver/Src/stm32h7xx_hal_rcc.c **** #if defined(RCC_CR_HSEEXT)
1560:Drivers/STM32H7xx_HAL_Driver/Src/stm32h7xx_hal_rcc.c ****   if ((RCC->CR & (RCC_CR_HSEBYP | RCC_CR_HSEEXT)) == RCC_CR_HSEBYP)
1561:Drivers/STM32H7xx_HAL_Driver/Src/stm32h7xx_hal_rcc.c ****   {
ARM GAS  C:\Users\l1234\AppData\Local\Temp\cc5S3qmC.s 			page 107


1562:Drivers/STM32H7xx_HAL_Driver/Src/stm32h7xx_hal_rcc.c ****     RCC_OscInitStruct->HSEState = RCC_HSE_BYPASS;
1563:Drivers/STM32H7xx_HAL_Driver/Src/stm32h7xx_hal_rcc.c ****   }
1564:Drivers/STM32H7xx_HAL_Driver/Src/stm32h7xx_hal_rcc.c ****   else if ((RCC->CR & (RCC_CR_HSEBYP | RCC_CR_HSEEXT)) == (RCC_CR_HSEBYP | RCC_CR_HSEEXT))
1565:Drivers/STM32H7xx_HAL_Driver/Src/stm32h7xx_hal_rcc.c ****   {
1566:Drivers/STM32H7xx_HAL_Driver/Src/stm32h7xx_hal_rcc.c ****     RCC_OscInitStruct->HSEState = RCC_HSE_BYPASS_DIGITAL;
1567:Drivers/STM32H7xx_HAL_Driver/Src/stm32h7xx_hal_rcc.c ****   }
1568:Drivers/STM32H7xx_HAL_Driver/Src/stm32h7xx_hal_rcc.c ****   else if ((RCC->CR & RCC_CR_HSEON) == RCC_CR_HSEON)
1569:Drivers/STM32H7xx_HAL_Driver/Src/stm32h7xx_hal_rcc.c ****   {
1570:Drivers/STM32H7xx_HAL_Driver/Src/stm32h7xx_hal_rcc.c ****     RCC_OscInitStruct->HSEState = RCC_HSE_ON;
1571:Drivers/STM32H7xx_HAL_Driver/Src/stm32h7xx_hal_rcc.c ****   }
1572:Drivers/STM32H7xx_HAL_Driver/Src/stm32h7xx_hal_rcc.c ****   else
1573:Drivers/STM32H7xx_HAL_Driver/Src/stm32h7xx_hal_rcc.c ****   {
1574:Drivers/STM32H7xx_HAL_Driver/Src/stm32h7xx_hal_rcc.c ****     RCC_OscInitStruct->HSEState = RCC_HSE_OFF;
1575:Drivers/STM32H7xx_HAL_Driver/Src/stm32h7xx_hal_rcc.c ****   }
1576:Drivers/STM32H7xx_HAL_Driver/Src/stm32h7xx_hal_rcc.c **** #else
1577:Drivers/STM32H7xx_HAL_Driver/Src/stm32h7xx_hal_rcc.c ****   if ((RCC->CR & RCC_CR_HSEBYP) == RCC_CR_HSEBYP)
 3389              		.loc 1 1577 11 view .LVU1182
 3390 0002 2F4B     		ldr	r3, .L334
1555:Drivers/STM32H7xx_HAL_Driver/Src/stm32h7xx_hal_rcc.c ****                                       RCC_OSCILLATORTYPE_LSE | RCC_OSCILLATORTYPE_LSI | RCC_OSCILLA
 3391              		.loc 1 1555 37 view .LVU1183
 3392 0004 0260     		str	r2, [r0]
 3393              		.loc 1 1577 3 is_stmt 1 view .LVU1184
 3394              		.loc 1 1577 11 is_stmt 0 view .LVU1185
 3395 0006 1A68     		ldr	r2, [r3]
 3396              		.loc 1 1577 6 view .LVU1186
 3397 0008 5103     		lsls	r1, r2, #13
 3398 000a 54D4     		bmi	.L331
1578:Drivers/STM32H7xx_HAL_Driver/Src/stm32h7xx_hal_rcc.c ****   {
1579:Drivers/STM32H7xx_HAL_Driver/Src/stm32h7xx_hal_rcc.c ****     RCC_OscInitStruct->HSEState = RCC_HSE_BYPASS;
1580:Drivers/STM32H7xx_HAL_Driver/Src/stm32h7xx_hal_rcc.c ****   }
1581:Drivers/STM32H7xx_HAL_Driver/Src/stm32h7xx_hal_rcc.c ****   else if ((RCC->CR & RCC_CR_HSEON) == RCC_CR_HSEON)
 3399              		.loc 1 1581 8 is_stmt 1 view .LVU1187
 3400              		.loc 1 1581 16 is_stmt 0 view .LVU1188
 3401 000c 1A68     		ldr	r2, [r3]
 3402              		.loc 1 1581 11 view .LVU1189
 3403 000e 02F48032 		and	r2, r2, #65536
 3404              	.L328:
1582:Drivers/STM32H7xx_HAL_Driver/Src/stm32h7xx_hal_rcc.c ****   {
1583:Drivers/STM32H7xx_HAL_Driver/Src/stm32h7xx_hal_rcc.c ****     RCC_OscInitStruct->HSEState = RCC_HSE_ON;
1584:Drivers/STM32H7xx_HAL_Driver/Src/stm32h7xx_hal_rcc.c ****   }
1585:Drivers/STM32H7xx_HAL_Driver/Src/stm32h7xx_hal_rcc.c ****   else
1586:Drivers/STM32H7xx_HAL_Driver/Src/stm32h7xx_hal_rcc.c ****   {
1587:Drivers/STM32H7xx_HAL_Driver/Src/stm32h7xx_hal_rcc.c ****     RCC_OscInitStruct->HSEState = RCC_HSE_OFF;
1588:Drivers/STM32H7xx_HAL_Driver/Src/stm32h7xx_hal_rcc.c ****   }
1589:Drivers/STM32H7xx_HAL_Driver/Src/stm32h7xx_hal_rcc.c **** #endif /* RCC_CR_HSEEXT */
1590:Drivers/STM32H7xx_HAL_Driver/Src/stm32h7xx_hal_rcc.c **** 
1591:Drivers/STM32H7xx_HAL_Driver/Src/stm32h7xx_hal_rcc.c ****   /* Get the CSI configuration -----------------------------------------------*/
1592:Drivers/STM32H7xx_HAL_Driver/Src/stm32h7xx_hal_rcc.c ****   if ((RCC->CR & RCC_CR_CSION) == RCC_CR_CSION)
 3405              		.loc 1 1592 11 view .LVU1190
 3406 0012 2B4B     		ldr	r3, .L334
1579:Drivers/STM32H7xx_HAL_Driver/Src/stm32h7xx_hal_rcc.c ****   }
 3407              		.loc 1 1579 33 view .LVU1191
 3408 0014 4260     		str	r2, [r0, #4]
 3409              		.loc 1 1592 3 is_stmt 1 view .LVU1192
 3410              		.loc 1 1592 11 is_stmt 0 view .LVU1193
 3411 0016 1A68     		ldr	r2, [r3]
 3412              		.loc 1 1592 6 view .LVU1194
ARM GAS  C:\Users\l1234\AppData\Local\Temp\cc5S3qmC.s 			page 108


 3413 0018 02F08002 		and	r2, r2, #128
 3414 001c C261     		str	r2, [r0, #28]
1593:Drivers/STM32H7xx_HAL_Driver/Src/stm32h7xx_hal_rcc.c ****   {
1594:Drivers/STM32H7xx_HAL_Driver/Src/stm32h7xx_hal_rcc.c ****     RCC_OscInitStruct->CSIState = RCC_CSI_ON;
1595:Drivers/STM32H7xx_HAL_Driver/Src/stm32h7xx_hal_rcc.c ****   }
1596:Drivers/STM32H7xx_HAL_Driver/Src/stm32h7xx_hal_rcc.c ****   else
1597:Drivers/STM32H7xx_HAL_Driver/Src/stm32h7xx_hal_rcc.c ****   {
1598:Drivers/STM32H7xx_HAL_Driver/Src/stm32h7xx_hal_rcc.c ****     RCC_OscInitStruct->CSIState = RCC_CSI_OFF;
1599:Drivers/STM32H7xx_HAL_Driver/Src/stm32h7xx_hal_rcc.c ****   }
1600:Drivers/STM32H7xx_HAL_Driver/Src/stm32h7xx_hal_rcc.c **** 
1601:Drivers/STM32H7xx_HAL_Driver/Src/stm32h7xx_hal_rcc.c **** #if defined(RCC_VER_X)
1602:Drivers/STM32H7xx_HAL_Driver/Src/stm32h7xx_hal_rcc.c ****   if (HAL_GetREVID() <= REV_ID_Y)
1603:Drivers/STM32H7xx_HAL_Driver/Src/stm32h7xx_hal_rcc.c ****   {
1604:Drivers/STM32H7xx_HAL_Driver/Src/stm32h7xx_hal_rcc.c ****     RCC_OscInitStruct->CSICalibrationValue = (uint32_t)(READ_BIT(RCC->HSICFGR, HAL_RCC_REV_Y_CSITRI
1605:Drivers/STM32H7xx_HAL_Driver/Src/stm32h7xx_hal_rcc.c ****   }
1606:Drivers/STM32H7xx_HAL_Driver/Src/stm32h7xx_hal_rcc.c ****   else
1607:Drivers/STM32H7xx_HAL_Driver/Src/stm32h7xx_hal_rcc.c ****   {
1608:Drivers/STM32H7xx_HAL_Driver/Src/stm32h7xx_hal_rcc.c ****     RCC_OscInitStruct->CSICalibrationValue = (uint32_t)(READ_BIT(RCC->CSICFGR, RCC_CSICFGR_CSITRIM)
1609:Drivers/STM32H7xx_HAL_Driver/Src/stm32h7xx_hal_rcc.c ****   }
1610:Drivers/STM32H7xx_HAL_Driver/Src/stm32h7xx_hal_rcc.c **** #else
1611:Drivers/STM32H7xx_HAL_Driver/Src/stm32h7xx_hal_rcc.c ****   RCC_OscInitStruct->CSICalibrationValue = (uint32_t)(READ_BIT(RCC->CSICFGR, RCC_CSICFGR_CSITRIM) >
 3415              		.loc 1 1611 3 is_stmt 1 view .LVU1195
 3416              		.loc 1 1611 55 is_stmt 0 view .LVU1196
 3417 001e DA68     		ldr	r2, [r3, #12]
 3418              		.loc 1 1611 44 view .LVU1197
 3419 0020 C2F30562 		ubfx	r2, r2, #24, #6
 3420              		.loc 1 1611 42 view .LVU1198
 3421 0024 0262     		str	r2, [r0, #32]
1612:Drivers/STM32H7xx_HAL_Driver/Src/stm32h7xx_hal_rcc.c **** #endif /*RCC_VER_X*/
1613:Drivers/STM32H7xx_HAL_Driver/Src/stm32h7xx_hal_rcc.c **** 
1614:Drivers/STM32H7xx_HAL_Driver/Src/stm32h7xx_hal_rcc.c ****   /* Get the HSI configuration -----------------------------------------------*/
1615:Drivers/STM32H7xx_HAL_Driver/Src/stm32h7xx_hal_rcc.c ****   if ((RCC->CR & RCC_CR_HSION) == RCC_CR_HSION)
 3422              		.loc 1 1615 3 is_stmt 1 view .LVU1199
 3423              		.loc 1 1615 11 is_stmt 0 view .LVU1200
 3424 0026 1A68     		ldr	r2, [r3]
 3425              		.loc 1 1615 16 view .LVU1201
 3426 0028 02F00102 		and	r2, r2, #1
 3427 002c C260     		str	r2, [r0, #12]
1616:Drivers/STM32H7xx_HAL_Driver/Src/stm32h7xx_hal_rcc.c ****   {
1617:Drivers/STM32H7xx_HAL_Driver/Src/stm32h7xx_hal_rcc.c ****     RCC_OscInitStruct->HSIState = RCC_HSI_ON;
1618:Drivers/STM32H7xx_HAL_Driver/Src/stm32h7xx_hal_rcc.c ****   }
1619:Drivers/STM32H7xx_HAL_Driver/Src/stm32h7xx_hal_rcc.c ****   else
1620:Drivers/STM32H7xx_HAL_Driver/Src/stm32h7xx_hal_rcc.c ****   {
1621:Drivers/STM32H7xx_HAL_Driver/Src/stm32h7xx_hal_rcc.c ****     RCC_OscInitStruct->HSIState = RCC_HSI_OFF;
1622:Drivers/STM32H7xx_HAL_Driver/Src/stm32h7xx_hal_rcc.c ****   }
1623:Drivers/STM32H7xx_HAL_Driver/Src/stm32h7xx_hal_rcc.c **** 
1624:Drivers/STM32H7xx_HAL_Driver/Src/stm32h7xx_hal_rcc.c **** #if defined(RCC_VER_X)
1625:Drivers/STM32H7xx_HAL_Driver/Src/stm32h7xx_hal_rcc.c ****   if (HAL_GetREVID() <= REV_ID_Y)
1626:Drivers/STM32H7xx_HAL_Driver/Src/stm32h7xx_hal_rcc.c ****   {
1627:Drivers/STM32H7xx_HAL_Driver/Src/stm32h7xx_hal_rcc.c ****     RCC_OscInitStruct->HSICalibrationValue = (uint32_t)(READ_BIT(RCC->HSICFGR, HAL_RCC_REV_Y_HSITRI
1628:Drivers/STM32H7xx_HAL_Driver/Src/stm32h7xx_hal_rcc.c ****   }
1629:Drivers/STM32H7xx_HAL_Driver/Src/stm32h7xx_hal_rcc.c ****   else
1630:Drivers/STM32H7xx_HAL_Driver/Src/stm32h7xx_hal_rcc.c ****   {
1631:Drivers/STM32H7xx_HAL_Driver/Src/stm32h7xx_hal_rcc.c ****     RCC_OscInitStruct->HSICalibrationValue = (uint32_t)(READ_BIT(RCC->HSICFGR, RCC_HSICFGR_HSITRIM)
1632:Drivers/STM32H7xx_HAL_Driver/Src/stm32h7xx_hal_rcc.c ****   }
1633:Drivers/STM32H7xx_HAL_Driver/Src/stm32h7xx_hal_rcc.c **** #else
1634:Drivers/STM32H7xx_HAL_Driver/Src/stm32h7xx_hal_rcc.c ****   RCC_OscInitStruct->HSICalibrationValue = (uint32_t)(READ_BIT(RCC->HSICFGR, RCC_HSICFGR_HSITRIM) >
ARM GAS  C:\Users\l1234\AppData\Local\Temp\cc5S3qmC.s 			page 109


 3428              		.loc 1 1634 3 is_stmt 1 view .LVU1202
 3429              		.loc 1 1634 55 is_stmt 0 view .LVU1203
 3430 002e 5A68     		ldr	r2, [r3, #4]
 3431              		.loc 1 1634 44 view .LVU1204
 3432 0030 C2F30662 		ubfx	r2, r2, #24, #7
 3433              		.loc 1 1634 42 view .LVU1205
 3434 0034 0261     		str	r2, [r0, #16]
1635:Drivers/STM32H7xx_HAL_Driver/Src/stm32h7xx_hal_rcc.c **** #endif /*RCC_VER_X*/
1636:Drivers/STM32H7xx_HAL_Driver/Src/stm32h7xx_hal_rcc.c **** 
1637:Drivers/STM32H7xx_HAL_Driver/Src/stm32h7xx_hal_rcc.c ****   /* Get the LSE configuration -----------------------------------------------*/
1638:Drivers/STM32H7xx_HAL_Driver/Src/stm32h7xx_hal_rcc.c **** #if defined(RCC_BDCR_LSEEXT)
1639:Drivers/STM32H7xx_HAL_Driver/Src/stm32h7xx_hal_rcc.c ****   if ((RCC->BDCR & (RCC_BDCR_LSEBYP | RCC_BDCR_LSEEXT)) == RCC_BDCR_LSEBYP)
1640:Drivers/STM32H7xx_HAL_Driver/Src/stm32h7xx_hal_rcc.c ****   {
1641:Drivers/STM32H7xx_HAL_Driver/Src/stm32h7xx_hal_rcc.c ****     RCC_OscInitStruct->LSEState = RCC_LSE_BYPASS;
1642:Drivers/STM32H7xx_HAL_Driver/Src/stm32h7xx_hal_rcc.c ****   }
1643:Drivers/STM32H7xx_HAL_Driver/Src/stm32h7xx_hal_rcc.c ****   else if ((RCC->BDCR & (RCC_BDCR_LSEBYP | RCC_BDCR_LSEEXT)) == (RCC_BDCR_LSEBYP | RCC_BDCR_LSEEXT)
1644:Drivers/STM32H7xx_HAL_Driver/Src/stm32h7xx_hal_rcc.c ****   {
1645:Drivers/STM32H7xx_HAL_Driver/Src/stm32h7xx_hal_rcc.c ****     RCC_OscInitStruct->LSEState = RCC_LSE_BYPASS_DIGITAL;
1646:Drivers/STM32H7xx_HAL_Driver/Src/stm32h7xx_hal_rcc.c ****   }
1647:Drivers/STM32H7xx_HAL_Driver/Src/stm32h7xx_hal_rcc.c ****   else if ((RCC->BDCR & RCC_BDCR_LSEON) == RCC_BDCR_LSEON)
1648:Drivers/STM32H7xx_HAL_Driver/Src/stm32h7xx_hal_rcc.c ****   {
1649:Drivers/STM32H7xx_HAL_Driver/Src/stm32h7xx_hal_rcc.c ****     RCC_OscInitStruct->LSEState = RCC_LSE_ON;
1650:Drivers/STM32H7xx_HAL_Driver/Src/stm32h7xx_hal_rcc.c ****   }
1651:Drivers/STM32H7xx_HAL_Driver/Src/stm32h7xx_hal_rcc.c ****   else
1652:Drivers/STM32H7xx_HAL_Driver/Src/stm32h7xx_hal_rcc.c ****   {
1653:Drivers/STM32H7xx_HAL_Driver/Src/stm32h7xx_hal_rcc.c ****     RCC_OscInitStruct->LSEState = RCC_LSE_OFF;
1654:Drivers/STM32H7xx_HAL_Driver/Src/stm32h7xx_hal_rcc.c ****   }
1655:Drivers/STM32H7xx_HAL_Driver/Src/stm32h7xx_hal_rcc.c **** #else
1656:Drivers/STM32H7xx_HAL_Driver/Src/stm32h7xx_hal_rcc.c ****   if ((RCC->BDCR & RCC_BDCR_LSEBYP) == RCC_BDCR_LSEBYP)
 3435              		.loc 1 1656 3 is_stmt 1 view .LVU1206
 3436              		.loc 1 1656 11 is_stmt 0 view .LVU1207
 3437 0036 1A6F     		ldr	r2, [r3, #112]
 3438              		.loc 1 1656 6 view .LVU1208
 3439 0038 5207     		lsls	r2, r2, #29
 3440 003a 3FD4     		bmi	.L332
1657:Drivers/STM32H7xx_HAL_Driver/Src/stm32h7xx_hal_rcc.c ****   {
1658:Drivers/STM32H7xx_HAL_Driver/Src/stm32h7xx_hal_rcc.c ****     RCC_OscInitStruct->LSEState = RCC_LSE_BYPASS;
1659:Drivers/STM32H7xx_HAL_Driver/Src/stm32h7xx_hal_rcc.c ****   }
1660:Drivers/STM32H7xx_HAL_Driver/Src/stm32h7xx_hal_rcc.c ****   else if ((RCC->BDCR & RCC_BDCR_LSEON) == RCC_BDCR_LSEON)
 3441              		.loc 1 1660 8 is_stmt 1 view .LVU1209
 3442              		.loc 1 1660 16 is_stmt 0 view .LVU1210
 3443 003c 1A6F     		ldr	r2, [r3, #112]
 3444              		.loc 1 1660 23 view .LVU1211
 3445 003e 02F00102 		and	r2, r2, #1
 3446              	.L329:
1661:Drivers/STM32H7xx_HAL_Driver/Src/stm32h7xx_hal_rcc.c ****   {
1662:Drivers/STM32H7xx_HAL_Driver/Src/stm32h7xx_hal_rcc.c ****     RCC_OscInitStruct->LSEState = RCC_LSE_ON;
1663:Drivers/STM32H7xx_HAL_Driver/Src/stm32h7xx_hal_rcc.c ****   }
1664:Drivers/STM32H7xx_HAL_Driver/Src/stm32h7xx_hal_rcc.c ****   else
1665:Drivers/STM32H7xx_HAL_Driver/Src/stm32h7xx_hal_rcc.c ****   {
1666:Drivers/STM32H7xx_HAL_Driver/Src/stm32h7xx_hal_rcc.c ****     RCC_OscInitStruct->LSEState = RCC_LSE_OFF;
1667:Drivers/STM32H7xx_HAL_Driver/Src/stm32h7xx_hal_rcc.c ****   }
1668:Drivers/STM32H7xx_HAL_Driver/Src/stm32h7xx_hal_rcc.c **** #endif /* RCC_BDCR_LSEEXT */
1669:Drivers/STM32H7xx_HAL_Driver/Src/stm32h7xx_hal_rcc.c **** 
1670:Drivers/STM32H7xx_HAL_Driver/Src/stm32h7xx_hal_rcc.c ****   /* Get the LSI configuration -----------------------------------------------*/
1671:Drivers/STM32H7xx_HAL_Driver/Src/stm32h7xx_hal_rcc.c ****   if ((RCC->CSR & RCC_CSR_LSION) == RCC_CSR_LSION)
 3447              		.loc 1 1671 11 view .LVU1212
ARM GAS  C:\Users\l1234\AppData\Local\Temp\cc5S3qmC.s 			page 110


 3448 0042 1F4B     		ldr	r3, .L334
1658:Drivers/STM32H7xx_HAL_Driver/Src/stm32h7xx_hal_rcc.c ****   }
 3449              		.loc 1 1658 33 view .LVU1213
 3450 0044 8260     		str	r2, [r0, #8]
 3451              		.loc 1 1671 3 is_stmt 1 view .LVU1214
 3452              		.loc 1 1671 11 is_stmt 0 view .LVU1215
 3453 0046 5A6F     		ldr	r2, [r3, #116]
 3454              		.loc 1 1671 17 view .LVU1216
 3455 0048 02F00102 		and	r2, r2, #1
 3456 004c 4261     		str	r2, [r0, #20]
1672:Drivers/STM32H7xx_HAL_Driver/Src/stm32h7xx_hal_rcc.c ****   {
1673:Drivers/STM32H7xx_HAL_Driver/Src/stm32h7xx_hal_rcc.c ****     RCC_OscInitStruct->LSIState = RCC_LSI_ON;
1674:Drivers/STM32H7xx_HAL_Driver/Src/stm32h7xx_hal_rcc.c ****   }
1675:Drivers/STM32H7xx_HAL_Driver/Src/stm32h7xx_hal_rcc.c ****   else
1676:Drivers/STM32H7xx_HAL_Driver/Src/stm32h7xx_hal_rcc.c ****   {
1677:Drivers/STM32H7xx_HAL_Driver/Src/stm32h7xx_hal_rcc.c ****     RCC_OscInitStruct->LSIState = RCC_LSI_OFF;
1678:Drivers/STM32H7xx_HAL_Driver/Src/stm32h7xx_hal_rcc.c ****   }
1679:Drivers/STM32H7xx_HAL_Driver/Src/stm32h7xx_hal_rcc.c **** 
1680:Drivers/STM32H7xx_HAL_Driver/Src/stm32h7xx_hal_rcc.c ****   /* Get the HSI48 configuration ---------------------------------------------*/
1681:Drivers/STM32H7xx_HAL_Driver/Src/stm32h7xx_hal_rcc.c ****   if ((RCC->CR & RCC_CR_HSI48ON) == RCC_CR_HSI48ON)
 3457              		.loc 1 1681 3 is_stmt 1 view .LVU1217
 3458              		.loc 1 1681 11 is_stmt 0 view .LVU1218
 3459 004e 1A68     		ldr	r2, [r3]
 3460              		.loc 1 1681 6 view .LVU1219
 3461 0050 C2F30032 		ubfx	r2, r2, #12, #1
 3462 0054 8261     		str	r2, [r0, #24]
1682:Drivers/STM32H7xx_HAL_Driver/Src/stm32h7xx_hal_rcc.c ****   {
1683:Drivers/STM32H7xx_HAL_Driver/Src/stm32h7xx_hal_rcc.c ****     RCC_OscInitStruct->HSI48State = RCC_HSI48_ON;
1684:Drivers/STM32H7xx_HAL_Driver/Src/stm32h7xx_hal_rcc.c ****   }
1685:Drivers/STM32H7xx_HAL_Driver/Src/stm32h7xx_hal_rcc.c ****   else
1686:Drivers/STM32H7xx_HAL_Driver/Src/stm32h7xx_hal_rcc.c ****   {
1687:Drivers/STM32H7xx_HAL_Driver/Src/stm32h7xx_hal_rcc.c ****     RCC_OscInitStruct->HSI48State = RCC_HSI48_OFF;
1688:Drivers/STM32H7xx_HAL_Driver/Src/stm32h7xx_hal_rcc.c ****   }
1689:Drivers/STM32H7xx_HAL_Driver/Src/stm32h7xx_hal_rcc.c **** 
1690:Drivers/STM32H7xx_HAL_Driver/Src/stm32h7xx_hal_rcc.c ****   /* Get the PLL configuration -----------------------------------------------*/
1691:Drivers/STM32H7xx_HAL_Driver/Src/stm32h7xx_hal_rcc.c ****   if ((RCC->CR & RCC_CR_PLLON) == RCC_CR_PLLON)
 3463              		.loc 1 1691 3 is_stmt 1 view .LVU1220
 3464              		.loc 1 1691 11 is_stmt 0 view .LVU1221
 3465 0056 1A68     		ldr	r2, [r3]
1692:Drivers/STM32H7xx_HAL_Driver/Src/stm32h7xx_hal_rcc.c ****   {
1693:Drivers/STM32H7xx_HAL_Driver/Src/stm32h7xx_hal_rcc.c ****     RCC_OscInitStruct->PLL.PLLState = RCC_PLL_ON;
 3466              		.loc 1 1693 37 view .LVU1222
 3467 0058 12F0807F 		tst	r2, #16777216
 3468 005c 0CBF     		ite	eq
 3469 005e 0122     		moveq	r2, #1
 3470 0060 0222     		movne	r2, #2
 3471 0062 4262     		str	r2, [r0, #36]
1694:Drivers/STM32H7xx_HAL_Driver/Src/stm32h7xx_hal_rcc.c ****   }
1695:Drivers/STM32H7xx_HAL_Driver/Src/stm32h7xx_hal_rcc.c ****   else
1696:Drivers/STM32H7xx_HAL_Driver/Src/stm32h7xx_hal_rcc.c ****   {
1697:Drivers/STM32H7xx_HAL_Driver/Src/stm32h7xx_hal_rcc.c ****     RCC_OscInitStruct->PLL.PLLState = RCC_PLL_OFF;
1698:Drivers/STM32H7xx_HAL_Driver/Src/stm32h7xx_hal_rcc.c ****   }
1699:Drivers/STM32H7xx_HAL_Driver/Src/stm32h7xx_hal_rcc.c ****   RCC_OscInitStruct->PLL.PLLSource = (uint32_t)(RCC->PLLCKSELR & RCC_PLLCKSELR_PLLSRC);
 3472              		.loc 1 1699 3 is_stmt 1 view .LVU1223
 3473              		.loc 1 1699 52 is_stmt 0 view .LVU1224
 3474 0064 9A6A     		ldr	r2, [r3, #40]
 3475              		.loc 1 1699 38 view .LVU1225
ARM GAS  C:\Users\l1234\AppData\Local\Temp\cc5S3qmC.s 			page 111


 3476 0066 02F00302 		and	r2, r2, #3
 3477              		.loc 1 1699 36 view .LVU1226
 3478 006a 8262     		str	r2, [r0, #40]
1700:Drivers/STM32H7xx_HAL_Driver/Src/stm32h7xx_hal_rcc.c ****   RCC_OscInitStruct->PLL.PLLM = (uint32_t)((RCC->PLLCKSELR & RCC_PLLCKSELR_DIVM1) >> RCC_PLLCKSELR_
 3479              		.loc 1 1700 3 is_stmt 1 view .LVU1227
 3480              		.loc 1 1700 48 is_stmt 0 view .LVU1228
 3481 006c 9A6A     		ldr	r2, [r3, #40]
 3482              		.loc 1 1700 33 view .LVU1229
 3483 006e C2F30512 		ubfx	r2, r2, #4, #6
 3484              		.loc 1 1700 31 view .LVU1230
 3485 0072 C262     		str	r2, [r0, #44]
1701:Drivers/STM32H7xx_HAL_Driver/Src/stm32h7xx_hal_rcc.c ****   RCC_OscInitStruct->PLL.PLLN = (uint32_t)((RCC->PLL1DIVR & RCC_PLL1DIVR_N1) >> RCC_PLL1DIVR_N1_Pos
 3486              		.loc 1 1701 3 is_stmt 1 view .LVU1231
 3487              		.loc 1 1701 48 is_stmt 0 view .LVU1232
 3488 0074 1A6B     		ldr	r2, [r3, #48]
 3489              		.loc 1 1701 33 view .LVU1233
 3490 0076 C2F30802 		ubfx	r2, r2, #0, #9
 3491              		.loc 1 1701 102 view .LVU1234
 3492 007a 0132     		adds	r2, r2, #1
 3493              		.loc 1 1701 31 view .LVU1235
 3494 007c 0263     		str	r2, [r0, #48]
1702:Drivers/STM32H7xx_HAL_Driver/Src/stm32h7xx_hal_rcc.c ****   RCC_OscInitStruct->PLL.PLLR = (uint32_t)((RCC->PLL1DIVR & RCC_PLL1DIVR_R1) >> RCC_PLL1DIVR_R1_Pos
 3495              		.loc 1 1702 3 is_stmt 1 view .LVU1236
 3496              		.loc 1 1702 48 is_stmt 0 view .LVU1237
 3497 007e 1A6B     		ldr	r2, [r3, #48]
 3498              		.loc 1 1702 33 view .LVU1238
 3499 0080 C2F30662 		ubfx	r2, r2, #24, #7
 3500              		.loc 1 1702 102 view .LVU1239
 3501 0084 0132     		adds	r2, r2, #1
 3502              		.loc 1 1702 31 view .LVU1240
 3503 0086 C263     		str	r2, [r0, #60]
1703:Drivers/STM32H7xx_HAL_Driver/Src/stm32h7xx_hal_rcc.c ****   RCC_OscInitStruct->PLL.PLLP = (uint32_t)((RCC->PLL1DIVR & RCC_PLL1DIVR_P1) >> RCC_PLL1DIVR_P1_Pos
 3504              		.loc 1 1703 3 is_stmt 1 view .LVU1241
 3505              		.loc 1 1703 48 is_stmt 0 view .LVU1242
 3506 0088 1A6B     		ldr	r2, [r3, #48]
 3507              		.loc 1 1703 33 view .LVU1243
 3508 008a C2F34622 		ubfx	r2, r2, #9, #7
 3509              		.loc 1 1703 102 view .LVU1244
 3510 008e 0132     		adds	r2, r2, #1
 3511              		.loc 1 1703 31 view .LVU1245
 3512 0090 4263     		str	r2, [r0, #52]
1704:Drivers/STM32H7xx_HAL_Driver/Src/stm32h7xx_hal_rcc.c ****   RCC_OscInitStruct->PLL.PLLQ = (uint32_t)((RCC->PLL1DIVR & RCC_PLL1DIVR_Q1) >> RCC_PLL1DIVR_Q1_Pos
 3513              		.loc 1 1704 3 is_stmt 1 view .LVU1246
 3514              		.loc 1 1704 48 is_stmt 0 view .LVU1247
 3515 0092 1A6B     		ldr	r2, [r3, #48]
 3516              		.loc 1 1704 33 view .LVU1248
 3517 0094 C2F30642 		ubfx	r2, r2, #16, #7
 3518              		.loc 1 1704 102 view .LVU1249
 3519 0098 0132     		adds	r2, r2, #1
 3520              		.loc 1 1704 31 view .LVU1250
 3521 009a 8263     		str	r2, [r0, #56]
1705:Drivers/STM32H7xx_HAL_Driver/Src/stm32h7xx_hal_rcc.c ****   RCC_OscInitStruct->PLL.PLLRGE = (uint32_t)((RCC->PLLCFGR & RCC_PLLCFGR_PLL1RGE));
 3522              		.loc 1 1705 3 is_stmt 1 view .LVU1251
 3523              		.loc 1 1705 50 is_stmt 0 view .LVU1252
 3524 009c DA6A     		ldr	r2, [r3, #44]
 3525              		.loc 1 1705 35 view .LVU1253
 3526 009e 02F00C02 		and	r2, r2, #12
ARM GAS  C:\Users\l1234\AppData\Local\Temp\cc5S3qmC.s 			page 112


 3527              		.loc 1 1705 33 view .LVU1254
 3528 00a2 0264     		str	r2, [r0, #64]
1706:Drivers/STM32H7xx_HAL_Driver/Src/stm32h7xx_hal_rcc.c ****   RCC_OscInitStruct->PLL.PLLVCOSEL = (uint32_t)((RCC->PLLCFGR & RCC_PLLCFGR_PLL1VCOSEL) >> RCC_PLLC
 3529              		.loc 1 1706 3 is_stmt 1 view .LVU1255
 3530              		.loc 1 1706 53 is_stmt 0 view .LVU1256
 3531 00a4 DA6A     		ldr	r2, [r3, #44]
 3532              		.loc 1 1706 38 view .LVU1257
 3533 00a6 C2F34002 		ubfx	r2, r2, #1, #1
 3534              		.loc 1 1706 36 view .LVU1258
 3535 00aa 4264     		str	r2, [r0, #68]
1707:Drivers/STM32H7xx_HAL_Driver/Src/stm32h7xx_hal_rcc.c ****   RCC_OscInitStruct->PLL.PLLFRACN = (uint32_t)(((RCC->PLL1FRACR & RCC_PLL1FRACR_FRACN1) >> RCC_PLL1
 3536              		.loc 1 1707 3 is_stmt 1 view .LVU1259
 3537              		.loc 1 1707 53 is_stmt 0 view .LVU1260
 3538 00ac 5B6B     		ldr	r3, [r3, #52]
 3539              		.loc 1 1707 37 view .LVU1261
 3540 00ae C3F3CC03 		ubfx	r3, r3, #3, #13
 3541              		.loc 1 1707 35 view .LVU1262
 3542 00b2 8364     		str	r3, [r0, #72]
1708:Drivers/STM32H7xx_HAL_Driver/Src/stm32h7xx_hal_rcc.c **** }
 3543              		.loc 1 1708 1 view .LVU1263
 3544 00b4 7047     		bx	lr
 3545              	.L331:
 3546              		.loc 1 1708 1 view .LVU1264
 3547 00b6 4FF4A022 		mov	r2, #327680
 3548 00ba AAE7     		b	.L328
 3549              	.L332:
 3550              		.loc 1 1708 1 view .LVU1265
 3551 00bc 0522     		movs	r2, #5
 3552 00be C0E7     		b	.L329
 3553              	.L335:
 3554              		.align	2
 3555              	.L334:
 3556 00c0 00440258 		.word	1476543488
 3557              		.cfi_endproc
 3558              	.LFE154:
 3560              		.section	.text.HAL_RCC_GetClockConfig,"ax",%progbits
 3561              		.align	1
 3562              		.p2align 2,,3
 3563              		.global	HAL_RCC_GetClockConfig
 3564              		.syntax unified
 3565              		.thumb
 3566              		.thumb_func
 3568              	HAL_RCC_GetClockConfig:
 3569              	.LVL240:
 3570              	.LFB155:
1709:Drivers/STM32H7xx_HAL_Driver/Src/stm32h7xx_hal_rcc.c **** 
1710:Drivers/STM32H7xx_HAL_Driver/Src/stm32h7xx_hal_rcc.c **** /**
1711:Drivers/STM32H7xx_HAL_Driver/Src/stm32h7xx_hal_rcc.c ****   * @brief  Configures the RCC_ClkInitStruct according to the internal
1712:Drivers/STM32H7xx_HAL_Driver/Src/stm32h7xx_hal_rcc.c ****   * RCC configuration registers.
1713:Drivers/STM32H7xx_HAL_Driver/Src/stm32h7xx_hal_rcc.c ****   * @param  RCC_ClkInitStruct: pointer to an RCC_ClkInitTypeDef structure that
1714:Drivers/STM32H7xx_HAL_Driver/Src/stm32h7xx_hal_rcc.c ****   * will be configured.
1715:Drivers/STM32H7xx_HAL_Driver/Src/stm32h7xx_hal_rcc.c ****   * @param  pFLatency: Pointer on the Flash Latency.
1716:Drivers/STM32H7xx_HAL_Driver/Src/stm32h7xx_hal_rcc.c ****   * @retval None
1717:Drivers/STM32H7xx_HAL_Driver/Src/stm32h7xx_hal_rcc.c ****   */
1718:Drivers/STM32H7xx_HAL_Driver/Src/stm32h7xx_hal_rcc.c **** void HAL_RCC_GetClockConfig(RCC_ClkInitTypeDef  *RCC_ClkInitStruct, uint32_t *pFLatency)
1719:Drivers/STM32H7xx_HAL_Driver/Src/stm32h7xx_hal_rcc.c **** {
 3571              		.loc 1 1719 1 is_stmt 1 view -0
ARM GAS  C:\Users\l1234\AppData\Local\Temp\cc5S3qmC.s 			page 113


 3572              		.cfi_startproc
 3573              		@ args = 0, pretend = 0, frame = 0
 3574              		@ frame_needed = 0, uses_anonymous_args = 0
 3575              		@ link register save eliminated.
1720:Drivers/STM32H7xx_HAL_Driver/Src/stm32h7xx_hal_rcc.c ****   /* Set all possible values for the Clock type parameter --------------------*/
1721:Drivers/STM32H7xx_HAL_Driver/Src/stm32h7xx_hal_rcc.c ****   RCC_ClkInitStruct->ClockType = RCC_CLOCKTYPE_SYSCLK | RCC_CLOCKTYPE_HCLK | RCC_CLOCKTYPE_D1PCLK1 
 3576              		.loc 1 1721 3 view .LVU1267
1722:Drivers/STM32H7xx_HAL_Driver/Src/stm32h7xx_hal_rcc.c ****                                  RCC_CLOCKTYPE_PCLK2 |  RCC_CLOCKTYPE_D3PCLK1  ;
1723:Drivers/STM32H7xx_HAL_Driver/Src/stm32h7xx_hal_rcc.c **** 
1724:Drivers/STM32H7xx_HAL_Driver/Src/stm32h7xx_hal_rcc.c ****   /* Get the SYSCLK configuration --------------------------------------------*/
1725:Drivers/STM32H7xx_HAL_Driver/Src/stm32h7xx_hal_rcc.c ****   RCC_ClkInitStruct->SYSCLKSource = (uint32_t)(RCC->CFGR & RCC_CFGR_SW);
 3577              		.loc 1 1725 51 is_stmt 0 view .LVU1268
 3578 0000 134B     		ldr	r3, .L338
1721:Drivers/STM32H7xx_HAL_Driver/Src/stm32h7xx_hal_rcc.c ****                                  RCC_CLOCKTYPE_PCLK2 |  RCC_CLOCKTYPE_D3PCLK1  ;
 3579              		.loc 1 1721 32 view .LVU1269
 3580 0002 3F22     		movs	r2, #63
 3581 0004 0260     		str	r2, [r0]
 3582              		.loc 1 1725 3 is_stmt 1 view .LVU1270
 3583              		.loc 1 1725 51 is_stmt 0 view .LVU1271
 3584 0006 1A69     		ldr	r2, [r3, #16]
 3585              		.loc 1 1725 37 view .LVU1272
 3586 0008 02F00702 		and	r2, r2, #7
 3587              		.loc 1 1725 35 view .LVU1273
 3588 000c 4260     		str	r2, [r0, #4]
1726:Drivers/STM32H7xx_HAL_Driver/Src/stm32h7xx_hal_rcc.c **** 
1727:Drivers/STM32H7xx_HAL_Driver/Src/stm32h7xx_hal_rcc.c **** #if defined(RCC_D1CFGR_D1CPRE)
1728:Drivers/STM32H7xx_HAL_Driver/Src/stm32h7xx_hal_rcc.c ****   /* Get the SYSCLK configuration ----------------------------------------------*/
1729:Drivers/STM32H7xx_HAL_Driver/Src/stm32h7xx_hal_rcc.c ****   RCC_ClkInitStruct->SYSCLKDivider = (uint32_t)(RCC->D1CFGR & RCC_D1CFGR_D1CPRE);
 3589              		.loc 1 1729 3 is_stmt 1 view .LVU1274
 3590              		.loc 1 1729 52 is_stmt 0 view .LVU1275
 3591 000e 9A69     		ldr	r2, [r3, #24]
 3592              		.loc 1 1729 38 view .LVU1276
 3593 0010 02F47062 		and	r2, r2, #3840
 3594              		.loc 1 1729 36 view .LVU1277
 3595 0014 8260     		str	r2, [r0, #8]
1730:Drivers/STM32H7xx_HAL_Driver/Src/stm32h7xx_hal_rcc.c **** 
1731:Drivers/STM32H7xx_HAL_Driver/Src/stm32h7xx_hal_rcc.c ****   /* Get the D1HCLK configuration ----------------------------------------------*/
1732:Drivers/STM32H7xx_HAL_Driver/Src/stm32h7xx_hal_rcc.c ****   RCC_ClkInitStruct->AHBCLKDivider = (uint32_t)(RCC->D1CFGR & RCC_D1CFGR_HPRE);
 3596              		.loc 1 1732 3 is_stmt 1 view .LVU1278
 3597              		.loc 1 1732 52 is_stmt 0 view .LVU1279
 3598 0016 9A69     		ldr	r2, [r3, #24]
 3599              		.loc 1 1732 38 view .LVU1280
 3600 0018 02F00F02 		and	r2, r2, #15
 3601              		.loc 1 1732 36 view .LVU1281
 3602 001c C260     		str	r2, [r0, #12]
1733:Drivers/STM32H7xx_HAL_Driver/Src/stm32h7xx_hal_rcc.c **** 
1734:Drivers/STM32H7xx_HAL_Driver/Src/stm32h7xx_hal_rcc.c ****   /* Get the APB3 configuration ----------------------------------------------*/
1735:Drivers/STM32H7xx_HAL_Driver/Src/stm32h7xx_hal_rcc.c ****   RCC_ClkInitStruct->APB3CLKDivider = (uint32_t)(RCC->D1CFGR & RCC_D1CFGR_D1PPRE);
 3603              		.loc 1 1735 3 is_stmt 1 view .LVU1282
 3604              		.loc 1 1735 53 is_stmt 0 view .LVU1283
 3605 001e 9A69     		ldr	r2, [r3, #24]
 3606              		.loc 1 1735 39 view .LVU1284
 3607 0020 02F07002 		and	r2, r2, #112
 3608              		.loc 1 1735 37 view .LVU1285
 3609 0024 0261     		str	r2, [r0, #16]
1736:Drivers/STM32H7xx_HAL_Driver/Src/stm32h7xx_hal_rcc.c **** 
1737:Drivers/STM32H7xx_HAL_Driver/Src/stm32h7xx_hal_rcc.c ****   /* Get the APB1 configuration ----------------------------------------------*/
ARM GAS  C:\Users\l1234\AppData\Local\Temp\cc5S3qmC.s 			page 114


1738:Drivers/STM32H7xx_HAL_Driver/Src/stm32h7xx_hal_rcc.c ****   RCC_ClkInitStruct->APB1CLKDivider = (uint32_t)(RCC->D2CFGR & RCC_D2CFGR_D2PPRE1);
 3610              		.loc 1 1738 3 is_stmt 1 view .LVU1286
 3611              		.loc 1 1738 53 is_stmt 0 view .LVU1287
 3612 0026 DA69     		ldr	r2, [r3, #28]
 3613              		.loc 1 1738 39 view .LVU1288
 3614 0028 02F07002 		and	r2, r2, #112
 3615              		.loc 1 1738 37 view .LVU1289
 3616 002c 4261     		str	r2, [r0, #20]
1739:Drivers/STM32H7xx_HAL_Driver/Src/stm32h7xx_hal_rcc.c **** 
1740:Drivers/STM32H7xx_HAL_Driver/Src/stm32h7xx_hal_rcc.c ****   /* Get the APB2 configuration ----------------------------------------------*/
1741:Drivers/STM32H7xx_HAL_Driver/Src/stm32h7xx_hal_rcc.c ****   RCC_ClkInitStruct->APB2CLKDivider = (uint32_t)(RCC->D2CFGR & RCC_D2CFGR_D2PPRE2);
 3617              		.loc 1 1741 3 is_stmt 1 view .LVU1290
 3618              		.loc 1 1741 53 is_stmt 0 view .LVU1291
 3619 002e DA69     		ldr	r2, [r3, #28]
 3620              		.loc 1 1741 39 view .LVU1292
 3621 0030 02F4E062 		and	r2, r2, #1792
 3622              		.loc 1 1741 37 view .LVU1293
 3623 0034 8261     		str	r2, [r0, #24]
1742:Drivers/STM32H7xx_HAL_Driver/Src/stm32h7xx_hal_rcc.c **** 
1743:Drivers/STM32H7xx_HAL_Driver/Src/stm32h7xx_hal_rcc.c ****   /* Get the APB4 configuration ----------------------------------------------*/
1744:Drivers/STM32H7xx_HAL_Driver/Src/stm32h7xx_hal_rcc.c ****   RCC_ClkInitStruct->APB4CLKDivider = (uint32_t)(RCC->D3CFGR & RCC_D3CFGR_D3PPRE);
 3624              		.loc 1 1744 3 is_stmt 1 view .LVU1294
 3625              		.loc 1 1744 53 is_stmt 0 view .LVU1295
 3626 0036 1B6A     		ldr	r3, [r3, #32]
1719:Drivers/STM32H7xx_HAL_Driver/Src/stm32h7xx_hal_rcc.c ****   /* Set all possible values for the Clock type parameter --------------------*/
 3627              		.loc 1 1719 1 view .LVU1296
 3628 0038 10B4     		push	{r4}
 3629              	.LCFI22:
 3630              		.cfi_def_cfa_offset 4
 3631              		.cfi_offset 4, -4
 3632              		.loc 1 1744 39 view .LVU1297
 3633 003a 03F07003 		and	r3, r3, #112
1745:Drivers/STM32H7xx_HAL_Driver/Src/stm32h7xx_hal_rcc.c **** #else
1746:Drivers/STM32H7xx_HAL_Driver/Src/stm32h7xx_hal_rcc.c ****   /* Get the SYSCLK configuration ----------------------------------------------*/
1747:Drivers/STM32H7xx_HAL_Driver/Src/stm32h7xx_hal_rcc.c ****   RCC_ClkInitStruct->SYSCLKDivider = (uint32_t)(RCC->CDCFGR1 & RCC_CDCFGR1_CDCPRE);
1748:Drivers/STM32H7xx_HAL_Driver/Src/stm32h7xx_hal_rcc.c **** 
1749:Drivers/STM32H7xx_HAL_Driver/Src/stm32h7xx_hal_rcc.c ****   /* Get the D1HCLK configuration ----------------------------------------------*/
1750:Drivers/STM32H7xx_HAL_Driver/Src/stm32h7xx_hal_rcc.c ****   RCC_ClkInitStruct->AHBCLKDivider = (uint32_t)(RCC->CDCFGR1 & RCC_CDCFGR1_HPRE);
1751:Drivers/STM32H7xx_HAL_Driver/Src/stm32h7xx_hal_rcc.c **** 
1752:Drivers/STM32H7xx_HAL_Driver/Src/stm32h7xx_hal_rcc.c ****   /* Get the APB3 configuration ----------------------------------------------*/
1753:Drivers/STM32H7xx_HAL_Driver/Src/stm32h7xx_hal_rcc.c ****   RCC_ClkInitStruct->APB3CLKDivider = (uint32_t)(RCC->CDCFGR1 & RCC_CDCFGR1_CDPPRE);
1754:Drivers/STM32H7xx_HAL_Driver/Src/stm32h7xx_hal_rcc.c **** 
1755:Drivers/STM32H7xx_HAL_Driver/Src/stm32h7xx_hal_rcc.c ****   /* Get the APB1 configuration ----------------------------------------------*/
1756:Drivers/STM32H7xx_HAL_Driver/Src/stm32h7xx_hal_rcc.c ****   RCC_ClkInitStruct->APB1CLKDivider = (uint32_t)(RCC->CDCFGR2 & RCC_CDCFGR2_CDPPRE1);
1757:Drivers/STM32H7xx_HAL_Driver/Src/stm32h7xx_hal_rcc.c **** 
1758:Drivers/STM32H7xx_HAL_Driver/Src/stm32h7xx_hal_rcc.c ****   /* Get the APB2 configuration ----------------------------------------------*/
1759:Drivers/STM32H7xx_HAL_Driver/Src/stm32h7xx_hal_rcc.c ****   RCC_ClkInitStruct->APB2CLKDivider = (uint32_t)(RCC->CDCFGR2 & RCC_CDCFGR2_CDPPRE2);
1760:Drivers/STM32H7xx_HAL_Driver/Src/stm32h7xx_hal_rcc.c **** 
1761:Drivers/STM32H7xx_HAL_Driver/Src/stm32h7xx_hal_rcc.c ****   /* Get the APB4 configuration ----------------------------------------------*/
1762:Drivers/STM32H7xx_HAL_Driver/Src/stm32h7xx_hal_rcc.c ****   RCC_ClkInitStruct->APB4CLKDivider = (uint32_t)(RCC->SRDCFGR & RCC_SRDCFGR_SRDPPRE);
1763:Drivers/STM32H7xx_HAL_Driver/Src/stm32h7xx_hal_rcc.c **** #endif
1764:Drivers/STM32H7xx_HAL_Driver/Src/stm32h7xx_hal_rcc.c **** 
1765:Drivers/STM32H7xx_HAL_Driver/Src/stm32h7xx_hal_rcc.c ****   /* Get the Flash Wait State (Latency) configuration ------------------------*/
1766:Drivers/STM32H7xx_HAL_Driver/Src/stm32h7xx_hal_rcc.c ****   *pFLatency = (uint32_t)(FLASH->ACR & FLASH_ACR_LATENCY);
 3634              		.loc 1 1766 32 view .LVU1298
 3635 003e 054C     		ldr	r4, .L338+4
1744:Drivers/STM32H7xx_HAL_Driver/Src/stm32h7xx_hal_rcc.c **** #else
ARM GAS  C:\Users\l1234\AppData\Local\Temp\cc5S3qmC.s 			page 115


 3636              		.loc 1 1744 37 view .LVU1299
 3637 0040 C361     		str	r3, [r0, #28]
 3638              		.loc 1 1766 3 is_stmt 1 view .LVU1300
 3639              		.loc 1 1766 32 is_stmt 0 view .LVU1301
 3640 0042 2368     		ldr	r3, [r4]
1767:Drivers/STM32H7xx_HAL_Driver/Src/stm32h7xx_hal_rcc.c **** }
 3641              		.loc 1 1767 1 view .LVU1302
 3642 0044 5DF8044B 		ldr	r4, [sp], #4
 3643              	.LCFI23:
 3644              		.cfi_restore 4
 3645              		.cfi_def_cfa_offset 0
1766:Drivers/STM32H7xx_HAL_Driver/Src/stm32h7xx_hal_rcc.c **** }
 3646              		.loc 1 1766 16 view .LVU1303
 3647 0048 03F00F03 		and	r3, r3, #15
1766:Drivers/STM32H7xx_HAL_Driver/Src/stm32h7xx_hal_rcc.c **** }
 3648              		.loc 1 1766 14 view .LVU1304
 3649 004c 0B60     		str	r3, [r1]
 3650              		.loc 1 1767 1 view .LVU1305
 3651 004e 7047     		bx	lr
 3652              	.L339:
 3653              		.align	2
 3654              	.L338:
 3655 0050 00440258 		.word	1476543488
 3656 0054 00200052 		.word	1375739904
 3657              		.cfi_endproc
 3658              	.LFE155:
 3660              		.section	.text.HAL_RCC_CSSCallback,"ax",%progbits
 3661              		.align	1
 3662              		.p2align 2,,3
 3663              		.weak	HAL_RCC_CSSCallback
 3664              		.syntax unified
 3665              		.thumb
 3666              		.thumb_func
 3668              	HAL_RCC_CSSCallback:
 3669              	.LFB157:
1768:Drivers/STM32H7xx_HAL_Driver/Src/stm32h7xx_hal_rcc.c **** 
1769:Drivers/STM32H7xx_HAL_Driver/Src/stm32h7xx_hal_rcc.c **** /**
1770:Drivers/STM32H7xx_HAL_Driver/Src/stm32h7xx_hal_rcc.c ****   * @brief This function handles the RCC CSS interrupt request.
1771:Drivers/STM32H7xx_HAL_Driver/Src/stm32h7xx_hal_rcc.c ****   * @note This API should be called under the NMI_Handler().
1772:Drivers/STM32H7xx_HAL_Driver/Src/stm32h7xx_hal_rcc.c ****   * @retval None
1773:Drivers/STM32H7xx_HAL_Driver/Src/stm32h7xx_hal_rcc.c ****   */
1774:Drivers/STM32H7xx_HAL_Driver/Src/stm32h7xx_hal_rcc.c **** void HAL_RCC_NMI_IRQHandler(void)
1775:Drivers/STM32H7xx_HAL_Driver/Src/stm32h7xx_hal_rcc.c **** {
1776:Drivers/STM32H7xx_HAL_Driver/Src/stm32h7xx_hal_rcc.c ****   /* Check RCC CSSF flag  */
1777:Drivers/STM32H7xx_HAL_Driver/Src/stm32h7xx_hal_rcc.c ****   if (__HAL_RCC_GET_IT(RCC_IT_CSS))
1778:Drivers/STM32H7xx_HAL_Driver/Src/stm32h7xx_hal_rcc.c ****   {
1779:Drivers/STM32H7xx_HAL_Driver/Src/stm32h7xx_hal_rcc.c ****     /* RCC Clock Security System interrupt user callback */
1780:Drivers/STM32H7xx_HAL_Driver/Src/stm32h7xx_hal_rcc.c ****     HAL_RCC_CSSCallback();
1781:Drivers/STM32H7xx_HAL_Driver/Src/stm32h7xx_hal_rcc.c **** 
1782:Drivers/STM32H7xx_HAL_Driver/Src/stm32h7xx_hal_rcc.c ****     /* Clear RCC CSS pending bit */
1783:Drivers/STM32H7xx_HAL_Driver/Src/stm32h7xx_hal_rcc.c ****     __HAL_RCC_CLEAR_IT(RCC_IT_CSS);
1784:Drivers/STM32H7xx_HAL_Driver/Src/stm32h7xx_hal_rcc.c ****   }
1785:Drivers/STM32H7xx_HAL_Driver/Src/stm32h7xx_hal_rcc.c **** }
1786:Drivers/STM32H7xx_HAL_Driver/Src/stm32h7xx_hal_rcc.c **** 
1787:Drivers/STM32H7xx_HAL_Driver/Src/stm32h7xx_hal_rcc.c **** /**
1788:Drivers/STM32H7xx_HAL_Driver/Src/stm32h7xx_hal_rcc.c ****   * @brief  RCC Clock Security System interrupt callback
1789:Drivers/STM32H7xx_HAL_Driver/Src/stm32h7xx_hal_rcc.c ****   * @retval none
ARM GAS  C:\Users\l1234\AppData\Local\Temp\cc5S3qmC.s 			page 116


1790:Drivers/STM32H7xx_HAL_Driver/Src/stm32h7xx_hal_rcc.c ****   */
1791:Drivers/STM32H7xx_HAL_Driver/Src/stm32h7xx_hal_rcc.c **** __weak void HAL_RCC_CSSCallback(void)
1792:Drivers/STM32H7xx_HAL_Driver/Src/stm32h7xx_hal_rcc.c **** {
 3670              		.loc 1 1792 1 is_stmt 1 view -0
 3671              		.cfi_startproc
 3672              		@ args = 0, pretend = 0, frame = 0
 3673              		@ frame_needed = 0, uses_anonymous_args = 0
 3674              		@ link register save eliminated.
1793:Drivers/STM32H7xx_HAL_Driver/Src/stm32h7xx_hal_rcc.c ****   /* NOTE : This function Should not be modified, when the callback is needed,
1794:Drivers/STM32H7xx_HAL_Driver/Src/stm32h7xx_hal_rcc.c ****             the HAL_RCC_CSSCallback could be implemented in the user file
1795:Drivers/STM32H7xx_HAL_Driver/Src/stm32h7xx_hal_rcc.c ****    */
1796:Drivers/STM32H7xx_HAL_Driver/Src/stm32h7xx_hal_rcc.c **** }
 3675              		.loc 1 1796 1 view .LVU1307
 3676 0000 7047     		bx	lr
 3677              		.cfi_endproc
 3678              	.LFE157:
 3680 0002 00BF     		.section	.text.HAL_RCC_NMI_IRQHandler,"ax",%progbits
 3681              		.align	1
 3682              		.p2align 2,,3
 3683              		.global	HAL_RCC_NMI_IRQHandler
 3684              		.syntax unified
 3685              		.thumb
 3686              		.thumb_func
 3688              	HAL_RCC_NMI_IRQHandler:
 3689              	.LFB156:
1775:Drivers/STM32H7xx_HAL_Driver/Src/stm32h7xx_hal_rcc.c ****   /* Check RCC CSSF flag  */
 3690              		.loc 1 1775 1 view -0
 3691              		.cfi_startproc
 3692              		@ args = 0, pretend = 0, frame = 0
 3693              		@ frame_needed = 0, uses_anonymous_args = 0
1777:Drivers/STM32H7xx_HAL_Driver/Src/stm32h7xx_hal_rcc.c ****   {
 3694              		.loc 1 1777 3 view .LVU1309
1775:Drivers/STM32H7xx_HAL_Driver/Src/stm32h7xx_hal_rcc.c ****   /* Check RCC CSSF flag  */
 3695              		.loc 1 1775 1 is_stmt 0 view .LVU1310
 3696 0000 10B5     		push	{r4, lr}
 3697              	.LCFI24:
 3698              		.cfi_def_cfa_offset 8
 3699              		.cfi_offset 4, -8
 3700              		.cfi_offset 14, -4
1777:Drivers/STM32H7xx_HAL_Driver/Src/stm32h7xx_hal_rcc.c ****   {
 3701              		.loc 1 1777 7 view .LVU1311
 3702 0002 054C     		ldr	r4, .L348
 3703 0004 636E     		ldr	r3, [r4, #100]
1777:Drivers/STM32H7xx_HAL_Driver/Src/stm32h7xx_hal_rcc.c ****   {
 3704              		.loc 1 1777 6 view .LVU1312
 3705 0006 5B05     		lsls	r3, r3, #21
 3706 0008 00D4     		bmi	.L347
1785:Drivers/STM32H7xx_HAL_Driver/Src/stm32h7xx_hal_rcc.c **** 
 3707              		.loc 1 1785 1 view .LVU1313
 3708 000a 10BD     		pop	{r4, pc}
 3709              	.L347:
1780:Drivers/STM32H7xx_HAL_Driver/Src/stm32h7xx_hal_rcc.c **** 
 3710              		.loc 1 1780 5 is_stmt 1 view .LVU1314
 3711 000c FFF7FEFF 		bl	HAL_RCC_CSSCallback
 3712              	.LVL241:
1783:Drivers/STM32H7xx_HAL_Driver/Src/stm32h7xx_hal_rcc.c ****   }
 3713              		.loc 1 1783 5 view .LVU1315
ARM GAS  C:\Users\l1234\AppData\Local\Temp\cc5S3qmC.s 			page 117


 3714 0010 4FF48063 		mov	r3, #1024
 3715 0014 A366     		str	r3, [r4, #104]
1785:Drivers/STM32H7xx_HAL_Driver/Src/stm32h7xx_hal_rcc.c **** 
 3716              		.loc 1 1785 1 is_stmt 0 view .LVU1316
 3717 0016 10BD     		pop	{r4, pc}
 3718              	.L349:
 3719              		.align	2
 3720              	.L348:
 3721 0018 00440258 		.word	1476543488
 3722              		.cfi_endproc
 3723              	.LFE156:
 3725              		.text
 3726              	.Letext0:
 3727              		.file 2 "c:\\msys64\\mingw64\\arm-none-eabi\\include\\machine\\_default_types.h"
 3728              		.file 3 "c:\\msys64\\mingw64\\arm-none-eabi\\include\\sys\\_stdint.h"
 3729              		.file 4 "Drivers/CMSIS/Device/ST/STM32H7xx/Include/system_stm32h7xx.h"
 3730              		.file 5 "Drivers/CMSIS/Device/ST/STM32H7xx/Include/stm32h723xx.h"
 3731              		.file 6 "c:\\msys64\\mingw64\\arm-none-eabi\\include\\math.h"
 3732              		.file 7 "Drivers/STM32H7xx_HAL_Driver/Inc/stm32h7xx_hal_def.h"
 3733              		.file 8 "Drivers/STM32H7xx_HAL_Driver/Inc/stm32h7xx_hal_rcc.h"
 3734              		.file 9 "Drivers/STM32H7xx_HAL_Driver/Inc/stm32h7xx_hal_gpio.h"
 3735              		.file 10 "Drivers/STM32H7xx_HAL_Driver/Inc/stm32h7xx_hal.h"
ARM GAS  C:\Users\l1234\AppData\Local\Temp\cc5S3qmC.s 			page 118


DEFINED SYMBOLS
                            *ABS*:00000000 stm32h7xx_hal_rcc.c
C:\Users\l1234\AppData\Local\Temp\cc5S3qmC.s:20     .text.HAL_RCC_GetSysClockFreq.part.0:00000000 $t
C:\Users\l1234\AppData\Local\Temp\cc5S3qmC.s:26     .text.HAL_RCC_GetSysClockFreq.part.0:00000000 HAL_RCC_GetSysClockFreq.part.0
C:\Users\l1234\AppData\Local\Temp\cc5S3qmC.s:205    .text.HAL_RCC_GetSysClockFreq.part.0:000000d0 $d
C:\Users\l1234\AppData\Local\Temp\cc5S3qmC.s:214    .text.HAL_RCC_DeInit:00000000 $t
C:\Users\l1234\AppData\Local\Temp\cc5S3qmC.s:221    .text.HAL_RCC_DeInit:00000000 HAL_RCC_DeInit
C:\Users\l1234\AppData\Local\Temp\cc5S3qmC.s:589    .text.HAL_RCC_DeInit:00000178 $d
C:\Users\l1234\AppData\Local\Temp\cc5S3qmC.s:603    .text.HAL_RCC_OscConfig:00000000 $t
C:\Users\l1234\AppData\Local\Temp\cc5S3qmC.s:610    .text.HAL_RCC_OscConfig:00000000 HAL_RCC_OscConfig
C:\Users\l1234\AppData\Local\Temp\cc5S3qmC.s:1241   .text.HAL_RCC_OscConfig:00000280 $d
C:\Users\l1234\AppData\Local\Temp\cc5S3qmC.s:1247   .text.HAL_RCC_OscConfig:00000288 $t
C:\Users\l1234\AppData\Local\Temp\cc5S3qmC.s:1818   .text.HAL_RCC_OscConfig:0000052c $d
C:\Users\l1234\AppData\Local\Temp\cc5S3qmC.s:1823   .text.HAL_RCC_OscConfig:00000538 $t
C:\Users\l1234\AppData\Local\Temp\cc5S3qmC.s:1851   .text.HAL_RCC_MCOConfig:00000000 $t
C:\Users\l1234\AppData\Local\Temp\cc5S3qmC.s:1858   .text.HAL_RCC_MCOConfig:00000000 HAL_RCC_MCOConfig
C:\Users\l1234\AppData\Local\Temp\cc5S3qmC.s:2026   .text.HAL_RCC_MCOConfig:00000098 $d
C:\Users\l1234\AppData\Local\Temp\cc5S3qmC.s:2033   .text.HAL_RCC_EnableCSS:00000000 $t
C:\Users\l1234\AppData\Local\Temp\cc5S3qmC.s:2040   .text.HAL_RCC_EnableCSS:00000000 HAL_RCC_EnableCSS
C:\Users\l1234\AppData\Local\Temp\cc5S3qmC.s:2057   .text.HAL_RCC_EnableCSS:0000000c $d
C:\Users\l1234\AppData\Local\Temp\cc5S3qmC.s:2062   .text.HAL_RCC_DisableCSS:00000000 $t
C:\Users\l1234\AppData\Local\Temp\cc5S3qmC.s:2069   .text.HAL_RCC_DisableCSS:00000000 HAL_RCC_DisableCSS
C:\Users\l1234\AppData\Local\Temp\cc5S3qmC.s:2086   .text.HAL_RCC_DisableCSS:0000000c $d
C:\Users\l1234\AppData\Local\Temp\cc5S3qmC.s:2091   .text.HAL_RCC_GetSysClockFreq:00000000 $t
C:\Users\l1234\AppData\Local\Temp\cc5S3qmC.s:2098   .text.HAL_RCC_GetSysClockFreq:00000000 HAL_RCC_GetSysClockFreq
C:\Users\l1234\AppData\Local\Temp\cc5S3qmC.s:2337   .text.HAL_RCC_GetSysClockFreq:00000100 $d
C:\Users\l1234\AppData\Local\Temp\cc5S3qmC.s:2350   .text.HAL_RCC_ClockConfig:00000000 $t
C:\Users\l1234\AppData\Local\Temp\cc5S3qmC.s:2357   .text.HAL_RCC_ClockConfig:00000000 HAL_RCC_ClockConfig
C:\Users\l1234\AppData\Local\Temp\cc5S3qmC.s:2877   .text.HAL_RCC_ClockConfig:0000023c $d
C:\Users\l1234\AppData\Local\Temp\cc5S3qmC.s:2887   .text.HAL_RCC_GetHCLKFreq:00000000 $t
C:\Users\l1234\AppData\Local\Temp\cc5S3qmC.s:2894   .text.HAL_RCC_GetHCLKFreq:00000000 HAL_RCC_GetHCLKFreq
C:\Users\l1234\AppData\Local\Temp\cc5S3qmC.s:3020   .text.HAL_RCC_GetHCLKFreq:00000064 $d
C:\Users\l1234\AppData\Local\Temp\cc5S3qmC.s:3033   .text.HAL_RCC_GetPCLK1Freq:00000000 $t
C:\Users\l1234\AppData\Local\Temp\cc5S3qmC.s:3040   .text.HAL_RCC_GetPCLK1Freq:00000000 HAL_RCC_GetPCLK1Freq
C:\Users\l1234\AppData\Local\Temp\cc5S3qmC.s:3187   .text.HAL_RCC_GetPCLK1Freq:00000074 $d
C:\Users\l1234\AppData\Local\Temp\cc5S3qmC.s:3202   .text.HAL_RCC_GetPCLK2Freq:00000000 $t
C:\Users\l1234\AppData\Local\Temp\cc5S3qmC.s:3209   .text.HAL_RCC_GetPCLK2Freq:00000000 HAL_RCC_GetPCLK2Freq
C:\Users\l1234\AppData\Local\Temp\cc5S3qmC.s:3356   .text.HAL_RCC_GetPCLK2Freq:00000074 $d
C:\Users\l1234\AppData\Local\Temp\cc5S3qmC.s:3371   .text.HAL_RCC_GetOscConfig:00000000 $t
C:\Users\l1234\AppData\Local\Temp\cc5S3qmC.s:3378   .text.HAL_RCC_GetOscConfig:00000000 HAL_RCC_GetOscConfig
C:\Users\l1234\AppData\Local\Temp\cc5S3qmC.s:3556   .text.HAL_RCC_GetOscConfig:000000c0 $d
C:\Users\l1234\AppData\Local\Temp\cc5S3qmC.s:3561   .text.HAL_RCC_GetClockConfig:00000000 $t
C:\Users\l1234\AppData\Local\Temp\cc5S3qmC.s:3568   .text.HAL_RCC_GetClockConfig:00000000 HAL_RCC_GetClockConfig
C:\Users\l1234\AppData\Local\Temp\cc5S3qmC.s:3655   .text.HAL_RCC_GetClockConfig:00000050 $d
C:\Users\l1234\AppData\Local\Temp\cc5S3qmC.s:3661   .text.HAL_RCC_CSSCallback:00000000 $t
C:\Users\l1234\AppData\Local\Temp\cc5S3qmC.s:3668   .text.HAL_RCC_CSSCallback:00000000 HAL_RCC_CSSCallback
C:\Users\l1234\AppData\Local\Temp\cc5S3qmC.s:3681   .text.HAL_RCC_NMI_IRQHandler:00000000 $t
C:\Users\l1234\AppData\Local\Temp\cc5S3qmC.s:3688   .text.HAL_RCC_NMI_IRQHandler:00000000 HAL_RCC_NMI_IRQHandler
C:\Users\l1234\AppData\Local\Temp\cc5S3qmC.s:3721   .text.HAL_RCC_NMI_IRQHandler:00000018 $d

UNDEFINED SYMBOLS
HAL_GetTick
HAL_InitTick
uwTickPrio
SystemCoreClock
SystemD2Clock
HAL_GPIO_Init
ARM GAS  C:\Users\l1234\AppData\Local\Temp\cc5S3qmC.s 			page 119


D1CorePrescTable
