ARM GAS  C:\Users\l1234\AppData\Local\Temp\ccQ59T7L.s 			page 1


   1              		.cpu cortex-m7
   2              		.arch armv7e-m
   3              		.fpu fpv5-d16
   4              		.eabi_attribute 28, 1
   5              		.eabi_attribute 20, 1
   6              		.eabi_attribute 21, 1
   7              		.eabi_attribute 23, 3
   8              		.eabi_attribute 24, 1
   9              		.eabi_attribute 25, 1
  10              		.eabi_attribute 26, 1
  11              		.eabi_attribute 30, 2
  12              		.eabi_attribute 34, 1
  13              		.eabi_attribute 18, 4
  14              		.file	"stm32h7xx_hal_dma.c"
  15              		.text
  16              	.Ltext0:
  17              		.cfi_sections	.debug_frame
  18              		.file 1 "Drivers/STM32H7xx_HAL_Driver/Src/stm32h7xx_hal_dma.c"
  19              		.section	.text.DMA_CalcBaseAndBitshift,"ax",%progbits
  20              		.align	1
  21              		.p2align 2,,3
  22              		.syntax unified
  23              		.thumb
  24              		.thumb_func
  26              	DMA_CalcBaseAndBitshift:
  27              	.LVL0:
  28              	.LFB157:
   1:Drivers/STM32H7xx_HAL_Driver/Src/stm32h7xx_hal_dma.c **** /**
   2:Drivers/STM32H7xx_HAL_Driver/Src/stm32h7xx_hal_dma.c ****   ******************************************************************************
   3:Drivers/STM32H7xx_HAL_Driver/Src/stm32h7xx_hal_dma.c ****   * @file    stm32h7xx_hal_dma.c
   4:Drivers/STM32H7xx_HAL_Driver/Src/stm32h7xx_hal_dma.c ****   * @author  MCD Application Team
   5:Drivers/STM32H7xx_HAL_Driver/Src/stm32h7xx_hal_dma.c ****   * @brief   DMA HAL module driver.
   6:Drivers/STM32H7xx_HAL_Driver/Src/stm32h7xx_hal_dma.c ****   *          This file provides firmware functions to manage the following
   7:Drivers/STM32H7xx_HAL_Driver/Src/stm32h7xx_hal_dma.c ****   *          functionalities of the Direct Memory Access (DMA) peripheral:
   8:Drivers/STM32H7xx_HAL_Driver/Src/stm32h7xx_hal_dma.c ****   *           + Initialization and de-initialization functions
   9:Drivers/STM32H7xx_HAL_Driver/Src/stm32h7xx_hal_dma.c ****   *           + IO operation functions
  10:Drivers/STM32H7xx_HAL_Driver/Src/stm32h7xx_hal_dma.c ****   *           + Peripheral State and errors functions
  11:Drivers/STM32H7xx_HAL_Driver/Src/stm32h7xx_hal_dma.c ****   ******************************************************************************
  12:Drivers/STM32H7xx_HAL_Driver/Src/stm32h7xx_hal_dma.c ****   * @attention
  13:Drivers/STM32H7xx_HAL_Driver/Src/stm32h7xx_hal_dma.c ****   *
  14:Drivers/STM32H7xx_HAL_Driver/Src/stm32h7xx_hal_dma.c ****   * Copyright (c) 2017 STMicroelectronics.
  15:Drivers/STM32H7xx_HAL_Driver/Src/stm32h7xx_hal_dma.c ****   * All rights reserved.
  16:Drivers/STM32H7xx_HAL_Driver/Src/stm32h7xx_hal_dma.c ****   *
  17:Drivers/STM32H7xx_HAL_Driver/Src/stm32h7xx_hal_dma.c ****   * This software is licensed under terms that can be found in the LICENSE file
  18:Drivers/STM32H7xx_HAL_Driver/Src/stm32h7xx_hal_dma.c ****   * in the root directory of this software component.
  19:Drivers/STM32H7xx_HAL_Driver/Src/stm32h7xx_hal_dma.c ****   * If no LICENSE file comes with this software, it is provided AS-IS.
  20:Drivers/STM32H7xx_HAL_Driver/Src/stm32h7xx_hal_dma.c ****   *
  21:Drivers/STM32H7xx_HAL_Driver/Src/stm32h7xx_hal_dma.c ****   ******************************************************************************
  22:Drivers/STM32H7xx_HAL_Driver/Src/stm32h7xx_hal_dma.c ****   @verbatim
  23:Drivers/STM32H7xx_HAL_Driver/Src/stm32h7xx_hal_dma.c ****   ==============================================================================
  24:Drivers/STM32H7xx_HAL_Driver/Src/stm32h7xx_hal_dma.c ****                         ##### How to use this driver #####
  25:Drivers/STM32H7xx_HAL_Driver/Src/stm32h7xx_hal_dma.c ****   ==============================================================================
  26:Drivers/STM32H7xx_HAL_Driver/Src/stm32h7xx_hal_dma.c ****   [..]
  27:Drivers/STM32H7xx_HAL_Driver/Src/stm32h7xx_hal_dma.c ****    (#) Enable and configure the peripheral to be connected to the DMA Stream
  28:Drivers/STM32H7xx_HAL_Driver/Src/stm32h7xx_hal_dma.c ****        (except for internal SRAM/FLASH memories: no initialization is
  29:Drivers/STM32H7xx_HAL_Driver/Src/stm32h7xx_hal_dma.c ****        necessary) please refer to Reference manual for connection between peripherals
  30:Drivers/STM32H7xx_HAL_Driver/Src/stm32h7xx_hal_dma.c ****        and DMA requests .
ARM GAS  C:\Users\l1234\AppData\Local\Temp\ccQ59T7L.s 			page 2


  31:Drivers/STM32H7xx_HAL_Driver/Src/stm32h7xx_hal_dma.c **** 
  32:Drivers/STM32H7xx_HAL_Driver/Src/stm32h7xx_hal_dma.c ****    (#) For a given Stream, program the required configuration through the following parameters:
  33:Drivers/STM32H7xx_HAL_Driver/Src/stm32h7xx_hal_dma.c ****        Transfer Direction, Source and Destination data formats,
  34:Drivers/STM32H7xx_HAL_Driver/Src/stm32h7xx_hal_dma.c ****        Circular, Normal or peripheral flow control mode, Stream Priority level,
  35:Drivers/STM32H7xx_HAL_Driver/Src/stm32h7xx_hal_dma.c ****        Source and Destination Increment mode, FIFO mode and its Threshold (if needed),
  36:Drivers/STM32H7xx_HAL_Driver/Src/stm32h7xx_hal_dma.c ****        Burst mode for Source and/or Destination (if needed) using HAL_DMA_Init() function.
  37:Drivers/STM32H7xx_HAL_Driver/Src/stm32h7xx_hal_dma.c **** 
  38:Drivers/STM32H7xx_HAL_Driver/Src/stm32h7xx_hal_dma.c ****      *** Polling mode IO operation ***
  39:Drivers/STM32H7xx_HAL_Driver/Src/stm32h7xx_hal_dma.c ****      =================================
  40:Drivers/STM32H7xx_HAL_Driver/Src/stm32h7xx_hal_dma.c ****     [..]
  41:Drivers/STM32H7xx_HAL_Driver/Src/stm32h7xx_hal_dma.c ****           (+) Use HAL_DMA_Start() to start DMA transfer after the configuration of Source
  42:Drivers/STM32H7xx_HAL_Driver/Src/stm32h7xx_hal_dma.c ****               address and destination address and the Length of data to be transferred
  43:Drivers/STM32H7xx_HAL_Driver/Src/stm32h7xx_hal_dma.c ****           (+) Use HAL_DMA_PollForTransfer() to poll for the end of current transfer, in this
  44:Drivers/STM32H7xx_HAL_Driver/Src/stm32h7xx_hal_dma.c ****               case a fixed Timeout can be configured by User depending from his application.
  45:Drivers/STM32H7xx_HAL_Driver/Src/stm32h7xx_hal_dma.c **** 
  46:Drivers/STM32H7xx_HAL_Driver/Src/stm32h7xx_hal_dma.c ****      *** Interrupt mode IO operation ***
  47:Drivers/STM32H7xx_HAL_Driver/Src/stm32h7xx_hal_dma.c ****      ===================================
  48:Drivers/STM32H7xx_HAL_Driver/Src/stm32h7xx_hal_dma.c ****     [..]
  49:Drivers/STM32H7xx_HAL_Driver/Src/stm32h7xx_hal_dma.c ****           (+) Configure the DMA interrupt priority using HAL_NVIC_SetPriority()
  50:Drivers/STM32H7xx_HAL_Driver/Src/stm32h7xx_hal_dma.c ****           (+) Enable the DMA IRQ handler using HAL_NVIC_EnableIRQ()
  51:Drivers/STM32H7xx_HAL_Driver/Src/stm32h7xx_hal_dma.c ****           (+) Use HAL_DMA_Start_IT() to start DMA transfer after the configuration of
  52:Drivers/STM32H7xx_HAL_Driver/Src/stm32h7xx_hal_dma.c ****               Source address and destination address and the Length of data to be transferred. In t
  53:Drivers/STM32H7xx_HAL_Driver/Src/stm32h7xx_hal_dma.c ****               case the DMA interrupt is configured
  54:Drivers/STM32H7xx_HAL_Driver/Src/stm32h7xx_hal_dma.c ****           (+) Use HAL_DMA_IRQHandler() called under DMA_IRQHandler() Interrupt subroutine
  55:Drivers/STM32H7xx_HAL_Driver/Src/stm32h7xx_hal_dma.c ****           (+) At the end of data transfer HAL_DMA_IRQHandler() function is executed and user can
  56:Drivers/STM32H7xx_HAL_Driver/Src/stm32h7xx_hal_dma.c ****               add his own function by customization of function pointer XferCpltCallback and
  57:Drivers/STM32H7xx_HAL_Driver/Src/stm32h7xx_hal_dma.c ****               XferErrorCallback (i.e a member of DMA handle structure).
  58:Drivers/STM32H7xx_HAL_Driver/Src/stm32h7xx_hal_dma.c ****     [..]
  59:Drivers/STM32H7xx_HAL_Driver/Src/stm32h7xx_hal_dma.c ****      (#) Use HAL_DMA_GetState() function to return the DMA state and HAL_DMA_GetError() in case of 
  60:Drivers/STM32H7xx_HAL_Driver/Src/stm32h7xx_hal_dma.c ****          detection.
  61:Drivers/STM32H7xx_HAL_Driver/Src/stm32h7xx_hal_dma.c **** 
  62:Drivers/STM32H7xx_HAL_Driver/Src/stm32h7xx_hal_dma.c ****      (#) Use HAL_DMA_Abort() function to abort the current transfer
  63:Drivers/STM32H7xx_HAL_Driver/Src/stm32h7xx_hal_dma.c **** 
  64:Drivers/STM32H7xx_HAL_Driver/Src/stm32h7xx_hal_dma.c ****      -@-   In Memory-to-Memory transfer mode, Circular mode is not allowed.
  65:Drivers/STM32H7xx_HAL_Driver/Src/stm32h7xx_hal_dma.c **** 
  66:Drivers/STM32H7xx_HAL_Driver/Src/stm32h7xx_hal_dma.c ****      -@-   The FIFO is used mainly to reduce bus usage and to allow data packing/unpacking: it is
  67:Drivers/STM32H7xx_HAL_Driver/Src/stm32h7xx_hal_dma.c ****            possible to set different Data Sizes for the Peripheral and the Memory (ie. you can set
  68:Drivers/STM32H7xx_HAL_Driver/Src/stm32h7xx_hal_dma.c ****            Half-Word data size for the peripheral to access its data register and set Word data siz
  69:Drivers/STM32H7xx_HAL_Driver/Src/stm32h7xx_hal_dma.c ****            for the Memory to gain in access time. Each two half words will be packed and written in
  70:Drivers/STM32H7xx_HAL_Driver/Src/stm32h7xx_hal_dma.c ****            a single access to a Word in the Memory).
  71:Drivers/STM32H7xx_HAL_Driver/Src/stm32h7xx_hal_dma.c **** 
  72:Drivers/STM32H7xx_HAL_Driver/Src/stm32h7xx_hal_dma.c ****      -@-   When FIFO is disabled, it is not allowed to configure different Data Sizes for Source
  73:Drivers/STM32H7xx_HAL_Driver/Src/stm32h7xx_hal_dma.c ****            and Destination. In this case the Peripheral Data Size will be applied to both Source
  74:Drivers/STM32H7xx_HAL_Driver/Src/stm32h7xx_hal_dma.c ****            and Destination.
  75:Drivers/STM32H7xx_HAL_Driver/Src/stm32h7xx_hal_dma.c **** 
  76:Drivers/STM32H7xx_HAL_Driver/Src/stm32h7xx_hal_dma.c ****      *** DMA HAL driver macros list ***
  77:Drivers/STM32H7xx_HAL_Driver/Src/stm32h7xx_hal_dma.c ****      =============================================
  78:Drivers/STM32H7xx_HAL_Driver/Src/stm32h7xx_hal_dma.c ****      [..]
  79:Drivers/STM32H7xx_HAL_Driver/Src/stm32h7xx_hal_dma.c ****        Below the list of most used macros in DMA HAL driver.
  80:Drivers/STM32H7xx_HAL_Driver/Src/stm32h7xx_hal_dma.c **** 
  81:Drivers/STM32H7xx_HAL_Driver/Src/stm32h7xx_hal_dma.c ****       (+) __HAL_DMA_ENABLE: Enable the specified DMA Stream.
  82:Drivers/STM32H7xx_HAL_Driver/Src/stm32h7xx_hal_dma.c ****       (+) __HAL_DMA_DISABLE: Disable the specified DMA Stream.
  83:Drivers/STM32H7xx_HAL_Driver/Src/stm32h7xx_hal_dma.c ****       (+) __HAL_DMA_GET_FS: Return the current DMA Stream FIFO filled level.
  84:Drivers/STM32H7xx_HAL_Driver/Src/stm32h7xx_hal_dma.c ****       (+) __HAL_DMA_ENABLE_IT: Enable the specified DMA Stream interrupts.
  85:Drivers/STM32H7xx_HAL_Driver/Src/stm32h7xx_hal_dma.c ****       (+) __HAL_DMA_DISABLE_IT: Disable the specified DMA Stream interrupts.
  86:Drivers/STM32H7xx_HAL_Driver/Src/stm32h7xx_hal_dma.c ****       (+) __HAL_DMA_GET_IT_SOURCE: Check whether the specified DMA Stream interrupt has occurred or
  87:Drivers/STM32H7xx_HAL_Driver/Src/stm32h7xx_hal_dma.c **** 
ARM GAS  C:\Users\l1234\AppData\Local\Temp\ccQ59T7L.s 			page 3


  88:Drivers/STM32H7xx_HAL_Driver/Src/stm32h7xx_hal_dma.c ****      [..]
  89:Drivers/STM32H7xx_HAL_Driver/Src/stm32h7xx_hal_dma.c ****       (@) You can refer to the DMA HAL driver header file for more useful macros.
  90:Drivers/STM32H7xx_HAL_Driver/Src/stm32h7xx_hal_dma.c **** 
  91:Drivers/STM32H7xx_HAL_Driver/Src/stm32h7xx_hal_dma.c ****   @endverbatim
  92:Drivers/STM32H7xx_HAL_Driver/Src/stm32h7xx_hal_dma.c ****   */
  93:Drivers/STM32H7xx_HAL_Driver/Src/stm32h7xx_hal_dma.c **** 
  94:Drivers/STM32H7xx_HAL_Driver/Src/stm32h7xx_hal_dma.c **** /* Includes ------------------------------------------------------------------*/
  95:Drivers/STM32H7xx_HAL_Driver/Src/stm32h7xx_hal_dma.c **** #include "stm32h7xx_hal.h"
  96:Drivers/STM32H7xx_HAL_Driver/Src/stm32h7xx_hal_dma.c **** 
  97:Drivers/STM32H7xx_HAL_Driver/Src/stm32h7xx_hal_dma.c **** /** @addtogroup STM32H7xx_HAL_Driver
  98:Drivers/STM32H7xx_HAL_Driver/Src/stm32h7xx_hal_dma.c ****   * @{
  99:Drivers/STM32H7xx_HAL_Driver/Src/stm32h7xx_hal_dma.c ****   */
 100:Drivers/STM32H7xx_HAL_Driver/Src/stm32h7xx_hal_dma.c **** 
 101:Drivers/STM32H7xx_HAL_Driver/Src/stm32h7xx_hal_dma.c **** /** @defgroup DMA DMA
 102:Drivers/STM32H7xx_HAL_Driver/Src/stm32h7xx_hal_dma.c ****   * @brief DMA HAL module driver
 103:Drivers/STM32H7xx_HAL_Driver/Src/stm32h7xx_hal_dma.c ****   * @{
 104:Drivers/STM32H7xx_HAL_Driver/Src/stm32h7xx_hal_dma.c ****   */
 105:Drivers/STM32H7xx_HAL_Driver/Src/stm32h7xx_hal_dma.c **** 
 106:Drivers/STM32H7xx_HAL_Driver/Src/stm32h7xx_hal_dma.c **** #ifdef HAL_DMA_MODULE_ENABLED
 107:Drivers/STM32H7xx_HAL_Driver/Src/stm32h7xx_hal_dma.c **** 
 108:Drivers/STM32H7xx_HAL_Driver/Src/stm32h7xx_hal_dma.c **** /* Private types -------------------------------------------------------------*/
 109:Drivers/STM32H7xx_HAL_Driver/Src/stm32h7xx_hal_dma.c **** /** @addtogroup DMA_Private_Types
 110:Drivers/STM32H7xx_HAL_Driver/Src/stm32h7xx_hal_dma.c ****   * @{
 111:Drivers/STM32H7xx_HAL_Driver/Src/stm32h7xx_hal_dma.c ****   */
 112:Drivers/STM32H7xx_HAL_Driver/Src/stm32h7xx_hal_dma.c **** typedef struct
 113:Drivers/STM32H7xx_HAL_Driver/Src/stm32h7xx_hal_dma.c **** {
 114:Drivers/STM32H7xx_HAL_Driver/Src/stm32h7xx_hal_dma.c ****   __IO uint32_t ISR;   /*!< DMA interrupt status register */
 115:Drivers/STM32H7xx_HAL_Driver/Src/stm32h7xx_hal_dma.c ****   __IO uint32_t Reserved0;
 116:Drivers/STM32H7xx_HAL_Driver/Src/stm32h7xx_hal_dma.c ****   __IO uint32_t IFCR;  /*!< DMA interrupt flag clear register */
 117:Drivers/STM32H7xx_HAL_Driver/Src/stm32h7xx_hal_dma.c **** } DMA_Base_Registers;
 118:Drivers/STM32H7xx_HAL_Driver/Src/stm32h7xx_hal_dma.c **** 
 119:Drivers/STM32H7xx_HAL_Driver/Src/stm32h7xx_hal_dma.c **** typedef struct
 120:Drivers/STM32H7xx_HAL_Driver/Src/stm32h7xx_hal_dma.c **** {
 121:Drivers/STM32H7xx_HAL_Driver/Src/stm32h7xx_hal_dma.c ****   __IO uint32_t ISR;   /*!< BDMA interrupt status register */
 122:Drivers/STM32H7xx_HAL_Driver/Src/stm32h7xx_hal_dma.c ****   __IO uint32_t IFCR;  /*!< BDMA interrupt flag clear register */
 123:Drivers/STM32H7xx_HAL_Driver/Src/stm32h7xx_hal_dma.c **** } BDMA_Base_Registers;
 124:Drivers/STM32H7xx_HAL_Driver/Src/stm32h7xx_hal_dma.c **** /**
 125:Drivers/STM32H7xx_HAL_Driver/Src/stm32h7xx_hal_dma.c ****   * @}
 126:Drivers/STM32H7xx_HAL_Driver/Src/stm32h7xx_hal_dma.c ****   */
 127:Drivers/STM32H7xx_HAL_Driver/Src/stm32h7xx_hal_dma.c **** 
 128:Drivers/STM32H7xx_HAL_Driver/Src/stm32h7xx_hal_dma.c **** /* Private variables ---------------------------------------------------------*/
 129:Drivers/STM32H7xx_HAL_Driver/Src/stm32h7xx_hal_dma.c **** /* Private constants ---------------------------------------------------------*/
 130:Drivers/STM32H7xx_HAL_Driver/Src/stm32h7xx_hal_dma.c **** /** @addtogroup DMA_Private_Constants
 131:Drivers/STM32H7xx_HAL_Driver/Src/stm32h7xx_hal_dma.c ****  * @{
 132:Drivers/STM32H7xx_HAL_Driver/Src/stm32h7xx_hal_dma.c ****  */
 133:Drivers/STM32H7xx_HAL_Driver/Src/stm32h7xx_hal_dma.c **** #define HAL_TIMEOUT_DMA_ABORT         (5U)  /* 5 ms */
 134:Drivers/STM32H7xx_HAL_Driver/Src/stm32h7xx_hal_dma.c **** 
 135:Drivers/STM32H7xx_HAL_Driver/Src/stm32h7xx_hal_dma.c **** #define BDMA_PERIPH_TO_MEMORY         (0x00000000U)                /*!< Peripheral to memory direct
 136:Drivers/STM32H7xx_HAL_Driver/Src/stm32h7xx_hal_dma.c **** #define BDMA_MEMORY_TO_PERIPH         ((uint32_t)BDMA_CCR_DIR)     /*!< Memory to peripheral direct
 137:Drivers/STM32H7xx_HAL_Driver/Src/stm32h7xx_hal_dma.c **** #define BDMA_MEMORY_TO_MEMORY         ((uint32_t)BDMA_CCR_MEM2MEM) /*!< Memory to memory direction 
 138:Drivers/STM32H7xx_HAL_Driver/Src/stm32h7xx_hal_dma.c **** 
 139:Drivers/STM32H7xx_HAL_Driver/Src/stm32h7xx_hal_dma.c **** /* DMA to BDMA conversion */
 140:Drivers/STM32H7xx_HAL_Driver/Src/stm32h7xx_hal_dma.c **** #define DMA_TO_BDMA_DIRECTION(__DMA_DIRECTION__) (((__DMA_DIRECTION__) == DMA_MEMORY_TO_PERIPH)? BD
 141:Drivers/STM32H7xx_HAL_Driver/Src/stm32h7xx_hal_dma.c ****                                                   ((__DMA_DIRECTION__) == DMA_MEMORY_TO_MEMORY)? BD
 142:Drivers/STM32H7xx_HAL_Driver/Src/stm32h7xx_hal_dma.c ****                                                   BDMA_PERIPH_TO_MEMORY)
 143:Drivers/STM32H7xx_HAL_Driver/Src/stm32h7xx_hal_dma.c **** 
 144:Drivers/STM32H7xx_HAL_Driver/Src/stm32h7xx_hal_dma.c **** #define DMA_TO_BDMA_PERIPHERAL_INC(__DMA_PERIPHERAL_INC__) ((__DMA_PERIPHERAL_INC__) >> 3U)
ARM GAS  C:\Users\l1234\AppData\Local\Temp\ccQ59T7L.s 			page 4


 145:Drivers/STM32H7xx_HAL_Driver/Src/stm32h7xx_hal_dma.c **** #define DMA_TO_BDMA_MEMORY_INC(__DMA_MEMORY_INC__) ((__DMA_MEMORY_INC__) >> 3U)
 146:Drivers/STM32H7xx_HAL_Driver/Src/stm32h7xx_hal_dma.c **** 
 147:Drivers/STM32H7xx_HAL_Driver/Src/stm32h7xx_hal_dma.c **** #define DMA_TO_BDMA_PDATA_SIZE(__DMA_PDATA_SIZE__) ((__DMA_PDATA_SIZE__) >> 3U)
 148:Drivers/STM32H7xx_HAL_Driver/Src/stm32h7xx_hal_dma.c **** #define DMA_TO_BDMA_MDATA_SIZE(__DMA_MDATA_SIZE__) ((__DMA_MDATA_SIZE__) >> 3U)
 149:Drivers/STM32H7xx_HAL_Driver/Src/stm32h7xx_hal_dma.c **** 
 150:Drivers/STM32H7xx_HAL_Driver/Src/stm32h7xx_hal_dma.c **** #define DMA_TO_BDMA_MODE(__DMA_MODE__) ((__DMA_MODE__) >> 3U)
 151:Drivers/STM32H7xx_HAL_Driver/Src/stm32h7xx_hal_dma.c **** 
 152:Drivers/STM32H7xx_HAL_Driver/Src/stm32h7xx_hal_dma.c **** #define DMA_TO_BDMA_PRIORITY(__DMA_PRIORITY__) ((__DMA_PRIORITY__) >> 4U)
 153:Drivers/STM32H7xx_HAL_Driver/Src/stm32h7xx_hal_dma.c **** 
 154:Drivers/STM32H7xx_HAL_Driver/Src/stm32h7xx_hal_dma.c **** #if defined(UART9)
 155:Drivers/STM32H7xx_HAL_Driver/Src/stm32h7xx_hal_dma.c **** #define IS_DMA_UART_USART_REQUEST(__REQUEST__) ((((__REQUEST__) >= DMA_REQUEST_USART1_RX)  &&  ((__
 156:Drivers/STM32H7xx_HAL_Driver/Src/stm32h7xx_hal_dma.c ****                                                  (((__REQUEST__) >= DMA_REQUEST_UART4_RX)  &&  ((__
 157:Drivers/STM32H7xx_HAL_Driver/Src/stm32h7xx_hal_dma.c ****                                                  (((__REQUEST__) >= DMA_REQUEST_USART6_RX) &&  ((__
 158:Drivers/STM32H7xx_HAL_Driver/Src/stm32h7xx_hal_dma.c ****                                                  (((__REQUEST__) >= DMA_REQUEST_UART7_RX)  &&  ((__
 159:Drivers/STM32H7xx_HAL_Driver/Src/stm32h7xx_hal_dma.c ****                                                  (((__REQUEST__) >= DMA_REQUEST_UART9_RX)  &&  ((__
 160:Drivers/STM32H7xx_HAL_Driver/Src/stm32h7xx_hal_dma.c **** #else
 161:Drivers/STM32H7xx_HAL_Driver/Src/stm32h7xx_hal_dma.c **** #define IS_DMA_UART_USART_REQUEST(__REQUEST__) ((((__REQUEST__) >= DMA_REQUEST_USART1_RX)  &&  ((__
 162:Drivers/STM32H7xx_HAL_Driver/Src/stm32h7xx_hal_dma.c ****                                                  (((__REQUEST__) >= DMA_REQUEST_UART4_RX)  &&  ((__
 163:Drivers/STM32H7xx_HAL_Driver/Src/stm32h7xx_hal_dma.c ****                                                  (((__REQUEST__) >= DMA_REQUEST_USART6_RX) &&  ((__
 164:Drivers/STM32H7xx_HAL_Driver/Src/stm32h7xx_hal_dma.c ****                                                  (((__REQUEST__) >= DMA_REQUEST_UART7_RX)  &&  ((__
 165:Drivers/STM32H7xx_HAL_Driver/Src/stm32h7xx_hal_dma.c **** 
 166:Drivers/STM32H7xx_HAL_Driver/Src/stm32h7xx_hal_dma.c **** #endif
 167:Drivers/STM32H7xx_HAL_Driver/Src/stm32h7xx_hal_dma.c **** /**
 168:Drivers/STM32H7xx_HAL_Driver/Src/stm32h7xx_hal_dma.c ****   * @}
 169:Drivers/STM32H7xx_HAL_Driver/Src/stm32h7xx_hal_dma.c ****   */
 170:Drivers/STM32H7xx_HAL_Driver/Src/stm32h7xx_hal_dma.c **** /* Private macros ------------------------------------------------------------*/
 171:Drivers/STM32H7xx_HAL_Driver/Src/stm32h7xx_hal_dma.c **** /* Private functions ---------------------------------------------------------*/
 172:Drivers/STM32H7xx_HAL_Driver/Src/stm32h7xx_hal_dma.c **** /** @addtogroup DMA_Private_Functions
 173:Drivers/STM32H7xx_HAL_Driver/Src/stm32h7xx_hal_dma.c ****   * @{
 174:Drivers/STM32H7xx_HAL_Driver/Src/stm32h7xx_hal_dma.c ****   */
 175:Drivers/STM32H7xx_HAL_Driver/Src/stm32h7xx_hal_dma.c **** static void DMA_SetConfig(DMA_HandleTypeDef *hdma, uint32_t SrcAddress, uint32_t DstAddress, uint32
 176:Drivers/STM32H7xx_HAL_Driver/Src/stm32h7xx_hal_dma.c **** static uint32_t DMA_CalcBaseAndBitshift(DMA_HandleTypeDef *hdma);
 177:Drivers/STM32H7xx_HAL_Driver/Src/stm32h7xx_hal_dma.c **** static HAL_StatusTypeDef DMA_CheckFifoParam(const DMA_HandleTypeDef *hdma);
 178:Drivers/STM32H7xx_HAL_Driver/Src/stm32h7xx_hal_dma.c **** static void DMA_CalcDMAMUXChannelBaseAndMask(DMA_HandleTypeDef *hdma);
 179:Drivers/STM32H7xx_HAL_Driver/Src/stm32h7xx_hal_dma.c **** static void DMA_CalcDMAMUXRequestGenBaseAndMask(DMA_HandleTypeDef *hdma);
 180:Drivers/STM32H7xx_HAL_Driver/Src/stm32h7xx_hal_dma.c **** 
 181:Drivers/STM32H7xx_HAL_Driver/Src/stm32h7xx_hal_dma.c **** /**
 182:Drivers/STM32H7xx_HAL_Driver/Src/stm32h7xx_hal_dma.c ****   * @}
 183:Drivers/STM32H7xx_HAL_Driver/Src/stm32h7xx_hal_dma.c ****   */
 184:Drivers/STM32H7xx_HAL_Driver/Src/stm32h7xx_hal_dma.c **** 
 185:Drivers/STM32H7xx_HAL_Driver/Src/stm32h7xx_hal_dma.c **** /* Exported functions ---------------------------------------------------------*/
 186:Drivers/STM32H7xx_HAL_Driver/Src/stm32h7xx_hal_dma.c **** /** @addtogroup DMA_Exported_Functions
 187:Drivers/STM32H7xx_HAL_Driver/Src/stm32h7xx_hal_dma.c ****   * @{
 188:Drivers/STM32H7xx_HAL_Driver/Src/stm32h7xx_hal_dma.c ****   */
 189:Drivers/STM32H7xx_HAL_Driver/Src/stm32h7xx_hal_dma.c **** 
 190:Drivers/STM32H7xx_HAL_Driver/Src/stm32h7xx_hal_dma.c **** /** @addtogroup DMA_Exported_Functions_Group1
 191:Drivers/STM32H7xx_HAL_Driver/Src/stm32h7xx_hal_dma.c ****   *
 192:Drivers/STM32H7xx_HAL_Driver/Src/stm32h7xx_hal_dma.c **** @verbatim
 193:Drivers/STM32H7xx_HAL_Driver/Src/stm32h7xx_hal_dma.c ****  ===============================================================================
 194:Drivers/STM32H7xx_HAL_Driver/Src/stm32h7xx_hal_dma.c ****              ##### Initialization and de-initialization functions  #####
 195:Drivers/STM32H7xx_HAL_Driver/Src/stm32h7xx_hal_dma.c ****  ===============================================================================
 196:Drivers/STM32H7xx_HAL_Driver/Src/stm32h7xx_hal_dma.c ****     [..]
 197:Drivers/STM32H7xx_HAL_Driver/Src/stm32h7xx_hal_dma.c ****     This section provides functions allowing to initialize the DMA Stream source
 198:Drivers/STM32H7xx_HAL_Driver/Src/stm32h7xx_hal_dma.c ****     and destination incrementation and data sizes, transfer direction,
 199:Drivers/STM32H7xx_HAL_Driver/Src/stm32h7xx_hal_dma.c ****     circular/normal mode selection, memory-to-memory mode selection and Stream priority value.
 200:Drivers/STM32H7xx_HAL_Driver/Src/stm32h7xx_hal_dma.c ****     [..]
 201:Drivers/STM32H7xx_HAL_Driver/Src/stm32h7xx_hal_dma.c ****     The HAL_DMA_Init() function follows the DMA configuration procedures as described in
ARM GAS  C:\Users\l1234\AppData\Local\Temp\ccQ59T7L.s 			page 5


 202:Drivers/STM32H7xx_HAL_Driver/Src/stm32h7xx_hal_dma.c ****     reference manual.
 203:Drivers/STM32H7xx_HAL_Driver/Src/stm32h7xx_hal_dma.c ****     The HAL_DMA_DeInit function allows to deinitialize the DMA stream.
 204:Drivers/STM32H7xx_HAL_Driver/Src/stm32h7xx_hal_dma.c **** 
 205:Drivers/STM32H7xx_HAL_Driver/Src/stm32h7xx_hal_dma.c **** @endverbatim
 206:Drivers/STM32H7xx_HAL_Driver/Src/stm32h7xx_hal_dma.c ****   * @{
 207:Drivers/STM32H7xx_HAL_Driver/Src/stm32h7xx_hal_dma.c ****   */
 208:Drivers/STM32H7xx_HAL_Driver/Src/stm32h7xx_hal_dma.c **** 
 209:Drivers/STM32H7xx_HAL_Driver/Src/stm32h7xx_hal_dma.c **** /**
 210:Drivers/STM32H7xx_HAL_Driver/Src/stm32h7xx_hal_dma.c ****   * @brief  Initialize the DMA according to the specified
 211:Drivers/STM32H7xx_HAL_Driver/Src/stm32h7xx_hal_dma.c ****   *         parameters in the DMA_InitTypeDef and create the associated handle.
 212:Drivers/STM32H7xx_HAL_Driver/Src/stm32h7xx_hal_dma.c ****   * @param  hdma: Pointer to a DMA_HandleTypeDef structure that contains
 213:Drivers/STM32H7xx_HAL_Driver/Src/stm32h7xx_hal_dma.c ****   *               the configuration information for the specified DMA Stream.
 214:Drivers/STM32H7xx_HAL_Driver/Src/stm32h7xx_hal_dma.c ****   * @retval HAL status
 215:Drivers/STM32H7xx_HAL_Driver/Src/stm32h7xx_hal_dma.c ****   */
 216:Drivers/STM32H7xx_HAL_Driver/Src/stm32h7xx_hal_dma.c **** HAL_StatusTypeDef HAL_DMA_Init(DMA_HandleTypeDef *hdma)
 217:Drivers/STM32H7xx_HAL_Driver/Src/stm32h7xx_hal_dma.c **** {
 218:Drivers/STM32H7xx_HAL_Driver/Src/stm32h7xx_hal_dma.c ****   uint32_t registerValue;
 219:Drivers/STM32H7xx_HAL_Driver/Src/stm32h7xx_hal_dma.c ****   uint32_t tickstart = HAL_GetTick();
 220:Drivers/STM32H7xx_HAL_Driver/Src/stm32h7xx_hal_dma.c ****   DMA_Base_Registers *regs_dma;
 221:Drivers/STM32H7xx_HAL_Driver/Src/stm32h7xx_hal_dma.c ****   BDMA_Base_Registers *regs_bdma;
 222:Drivers/STM32H7xx_HAL_Driver/Src/stm32h7xx_hal_dma.c **** 
 223:Drivers/STM32H7xx_HAL_Driver/Src/stm32h7xx_hal_dma.c ****   /* Check the DMA peripheral handle */
 224:Drivers/STM32H7xx_HAL_Driver/Src/stm32h7xx_hal_dma.c ****   if(hdma == NULL)
 225:Drivers/STM32H7xx_HAL_Driver/Src/stm32h7xx_hal_dma.c ****   {
 226:Drivers/STM32H7xx_HAL_Driver/Src/stm32h7xx_hal_dma.c ****     return HAL_ERROR;
 227:Drivers/STM32H7xx_HAL_Driver/Src/stm32h7xx_hal_dma.c ****   }
 228:Drivers/STM32H7xx_HAL_Driver/Src/stm32h7xx_hal_dma.c **** 
 229:Drivers/STM32H7xx_HAL_Driver/Src/stm32h7xx_hal_dma.c ****   /* Check the parameters */
 230:Drivers/STM32H7xx_HAL_Driver/Src/stm32h7xx_hal_dma.c ****   assert_param(IS_DMA_ALL_INSTANCE(hdma->Instance));
 231:Drivers/STM32H7xx_HAL_Driver/Src/stm32h7xx_hal_dma.c ****   assert_param(IS_DMA_DIRECTION(hdma->Init.Direction));
 232:Drivers/STM32H7xx_HAL_Driver/Src/stm32h7xx_hal_dma.c ****   assert_param(IS_DMA_PERIPHERAL_INC_STATE(hdma->Init.PeriphInc));
 233:Drivers/STM32H7xx_HAL_Driver/Src/stm32h7xx_hal_dma.c ****   assert_param(IS_DMA_MEMORY_INC_STATE(hdma->Init.MemInc));
 234:Drivers/STM32H7xx_HAL_Driver/Src/stm32h7xx_hal_dma.c ****   assert_param(IS_DMA_PERIPHERAL_DATA_SIZE(hdma->Init.PeriphDataAlignment));
 235:Drivers/STM32H7xx_HAL_Driver/Src/stm32h7xx_hal_dma.c ****   assert_param(IS_DMA_MEMORY_DATA_SIZE(hdma->Init.MemDataAlignment));
 236:Drivers/STM32H7xx_HAL_Driver/Src/stm32h7xx_hal_dma.c ****   assert_param(IS_DMA_MODE(hdma->Init.Mode));
 237:Drivers/STM32H7xx_HAL_Driver/Src/stm32h7xx_hal_dma.c ****   assert_param(IS_DMA_PRIORITY(hdma->Init.Priority));
 238:Drivers/STM32H7xx_HAL_Driver/Src/stm32h7xx_hal_dma.c **** 
 239:Drivers/STM32H7xx_HAL_Driver/Src/stm32h7xx_hal_dma.c ****   if(IS_DMA_STREAM_INSTANCE(hdma->Instance) != 0U) /* DMA1 or DMA2 instance */
 240:Drivers/STM32H7xx_HAL_Driver/Src/stm32h7xx_hal_dma.c ****   {
 241:Drivers/STM32H7xx_HAL_Driver/Src/stm32h7xx_hal_dma.c ****     assert_param(IS_DMA_REQUEST(hdma->Init.Request));
 242:Drivers/STM32H7xx_HAL_Driver/Src/stm32h7xx_hal_dma.c ****     assert_param(IS_DMA_FIFO_MODE_STATE(hdma->Init.FIFOMode));
 243:Drivers/STM32H7xx_HAL_Driver/Src/stm32h7xx_hal_dma.c ****     /* Check the memory burst, peripheral burst and FIFO threshold parameters only
 244:Drivers/STM32H7xx_HAL_Driver/Src/stm32h7xx_hal_dma.c ****        when FIFO mode is enabled */
 245:Drivers/STM32H7xx_HAL_Driver/Src/stm32h7xx_hal_dma.c ****     if(hdma->Init.FIFOMode != DMA_FIFOMODE_DISABLE)
 246:Drivers/STM32H7xx_HAL_Driver/Src/stm32h7xx_hal_dma.c ****     {
 247:Drivers/STM32H7xx_HAL_Driver/Src/stm32h7xx_hal_dma.c ****       assert_param(IS_DMA_FIFO_THRESHOLD(hdma->Init.FIFOThreshold));
 248:Drivers/STM32H7xx_HAL_Driver/Src/stm32h7xx_hal_dma.c ****       assert_param(IS_DMA_MEMORY_BURST(hdma->Init.MemBurst));
 249:Drivers/STM32H7xx_HAL_Driver/Src/stm32h7xx_hal_dma.c ****       assert_param(IS_DMA_PERIPHERAL_BURST(hdma->Init.PeriphBurst));
 250:Drivers/STM32H7xx_HAL_Driver/Src/stm32h7xx_hal_dma.c ****     }
 251:Drivers/STM32H7xx_HAL_Driver/Src/stm32h7xx_hal_dma.c **** 
 252:Drivers/STM32H7xx_HAL_Driver/Src/stm32h7xx_hal_dma.c ****     /* Change DMA peripheral state */
 253:Drivers/STM32H7xx_HAL_Driver/Src/stm32h7xx_hal_dma.c ****     hdma->State = HAL_DMA_STATE_BUSY;
 254:Drivers/STM32H7xx_HAL_Driver/Src/stm32h7xx_hal_dma.c **** 
 255:Drivers/STM32H7xx_HAL_Driver/Src/stm32h7xx_hal_dma.c ****     /* Allocate lock resource */
 256:Drivers/STM32H7xx_HAL_Driver/Src/stm32h7xx_hal_dma.c ****     __HAL_UNLOCK(hdma);
 257:Drivers/STM32H7xx_HAL_Driver/Src/stm32h7xx_hal_dma.c **** 
 258:Drivers/STM32H7xx_HAL_Driver/Src/stm32h7xx_hal_dma.c ****     /* Disable the peripheral */
ARM GAS  C:\Users\l1234\AppData\Local\Temp\ccQ59T7L.s 			page 6


 259:Drivers/STM32H7xx_HAL_Driver/Src/stm32h7xx_hal_dma.c ****     __HAL_DMA_DISABLE(hdma);
 260:Drivers/STM32H7xx_HAL_Driver/Src/stm32h7xx_hal_dma.c **** 
 261:Drivers/STM32H7xx_HAL_Driver/Src/stm32h7xx_hal_dma.c ****     /* Check if the DMA Stream is effectively disabled */
 262:Drivers/STM32H7xx_HAL_Driver/Src/stm32h7xx_hal_dma.c ****     while((((DMA_Stream_TypeDef   *)hdma->Instance)->CR & DMA_SxCR_EN) != 0U)
 263:Drivers/STM32H7xx_HAL_Driver/Src/stm32h7xx_hal_dma.c ****     {
 264:Drivers/STM32H7xx_HAL_Driver/Src/stm32h7xx_hal_dma.c ****       /* Check for the Timeout */
 265:Drivers/STM32H7xx_HAL_Driver/Src/stm32h7xx_hal_dma.c ****       if((HAL_GetTick() - tickstart ) > HAL_TIMEOUT_DMA_ABORT)
 266:Drivers/STM32H7xx_HAL_Driver/Src/stm32h7xx_hal_dma.c ****       {
 267:Drivers/STM32H7xx_HAL_Driver/Src/stm32h7xx_hal_dma.c ****         /* Update error code */
 268:Drivers/STM32H7xx_HAL_Driver/Src/stm32h7xx_hal_dma.c ****         hdma->ErrorCode = HAL_DMA_ERROR_TIMEOUT;
 269:Drivers/STM32H7xx_HAL_Driver/Src/stm32h7xx_hal_dma.c **** 
 270:Drivers/STM32H7xx_HAL_Driver/Src/stm32h7xx_hal_dma.c ****         /* Change the DMA state */
 271:Drivers/STM32H7xx_HAL_Driver/Src/stm32h7xx_hal_dma.c ****         hdma->State = HAL_DMA_STATE_ERROR;
 272:Drivers/STM32H7xx_HAL_Driver/Src/stm32h7xx_hal_dma.c **** 
 273:Drivers/STM32H7xx_HAL_Driver/Src/stm32h7xx_hal_dma.c ****         return HAL_ERROR;
 274:Drivers/STM32H7xx_HAL_Driver/Src/stm32h7xx_hal_dma.c ****       }
 275:Drivers/STM32H7xx_HAL_Driver/Src/stm32h7xx_hal_dma.c ****     }
 276:Drivers/STM32H7xx_HAL_Driver/Src/stm32h7xx_hal_dma.c **** 
 277:Drivers/STM32H7xx_HAL_Driver/Src/stm32h7xx_hal_dma.c ****     /* Get the CR register value */
 278:Drivers/STM32H7xx_HAL_Driver/Src/stm32h7xx_hal_dma.c ****     registerValue = ((DMA_Stream_TypeDef   *)hdma->Instance)->CR;
 279:Drivers/STM32H7xx_HAL_Driver/Src/stm32h7xx_hal_dma.c **** 
 280:Drivers/STM32H7xx_HAL_Driver/Src/stm32h7xx_hal_dma.c ****     /* Clear CHSEL, MBURST, PBURST, PL, MSIZE, PSIZE, MINC, PINC, CIRC, DIR, CT and DBM bits */
 281:Drivers/STM32H7xx_HAL_Driver/Src/stm32h7xx_hal_dma.c ****     registerValue &= ((uint32_t)~(DMA_SxCR_MBURST | DMA_SxCR_PBURST | \
 282:Drivers/STM32H7xx_HAL_Driver/Src/stm32h7xx_hal_dma.c ****                         DMA_SxCR_PL    | DMA_SxCR_MSIZE  | DMA_SxCR_PSIZE  | \
 283:Drivers/STM32H7xx_HAL_Driver/Src/stm32h7xx_hal_dma.c ****                         DMA_SxCR_MINC  | DMA_SxCR_PINC   | DMA_SxCR_CIRC   | \
 284:Drivers/STM32H7xx_HAL_Driver/Src/stm32h7xx_hal_dma.c ****                         DMA_SxCR_DIR   | DMA_SxCR_CT     | DMA_SxCR_DBM));
 285:Drivers/STM32H7xx_HAL_Driver/Src/stm32h7xx_hal_dma.c **** 
 286:Drivers/STM32H7xx_HAL_Driver/Src/stm32h7xx_hal_dma.c ****     /* Prepare the DMA Stream configuration */
 287:Drivers/STM32H7xx_HAL_Driver/Src/stm32h7xx_hal_dma.c ****     registerValue |=  hdma->Init.Direction           |
 288:Drivers/STM32H7xx_HAL_Driver/Src/stm32h7xx_hal_dma.c ****             hdma->Init.PeriphInc           | hdma->Init.MemInc           |
 289:Drivers/STM32H7xx_HAL_Driver/Src/stm32h7xx_hal_dma.c ****             hdma->Init.PeriphDataAlignment | hdma->Init.MemDataAlignment |
 290:Drivers/STM32H7xx_HAL_Driver/Src/stm32h7xx_hal_dma.c ****             hdma->Init.Mode                | hdma->Init.Priority;
 291:Drivers/STM32H7xx_HAL_Driver/Src/stm32h7xx_hal_dma.c **** 
 292:Drivers/STM32H7xx_HAL_Driver/Src/stm32h7xx_hal_dma.c ****     /* the Memory burst and peripheral burst are not used when the FIFO is disabled */
 293:Drivers/STM32H7xx_HAL_Driver/Src/stm32h7xx_hal_dma.c ****     if(hdma->Init.FIFOMode == DMA_FIFOMODE_ENABLE)
 294:Drivers/STM32H7xx_HAL_Driver/Src/stm32h7xx_hal_dma.c ****     {
 295:Drivers/STM32H7xx_HAL_Driver/Src/stm32h7xx_hal_dma.c ****       /* Get memory burst and peripheral burst */
 296:Drivers/STM32H7xx_HAL_Driver/Src/stm32h7xx_hal_dma.c ****       registerValue |=  hdma->Init.MemBurst | hdma->Init.PeriphBurst;
 297:Drivers/STM32H7xx_HAL_Driver/Src/stm32h7xx_hal_dma.c ****     }
 298:Drivers/STM32H7xx_HAL_Driver/Src/stm32h7xx_hal_dma.c **** 
 299:Drivers/STM32H7xx_HAL_Driver/Src/stm32h7xx_hal_dma.c ****     /* Work around for Errata 2.22: UART/USART- DMA transfer lock: DMA stream could be
 300:Drivers/STM32H7xx_HAL_Driver/Src/stm32h7xx_hal_dma.c ****                                     lock when transferring data to/from USART/UART */
 301:Drivers/STM32H7xx_HAL_Driver/Src/stm32h7xx_hal_dma.c **** #if (STM32H7_DEV_ID == 0x450UL)
 302:Drivers/STM32H7xx_HAL_Driver/Src/stm32h7xx_hal_dma.c ****     if((DBGMCU->IDCODE & 0xFFFF0000U) >= 0x20000000U)
 303:Drivers/STM32H7xx_HAL_Driver/Src/stm32h7xx_hal_dma.c ****     {
 304:Drivers/STM32H7xx_HAL_Driver/Src/stm32h7xx_hal_dma.c **** #endif /* STM32H7_DEV_ID == 0x450UL */
 305:Drivers/STM32H7xx_HAL_Driver/Src/stm32h7xx_hal_dma.c ****       if(IS_DMA_UART_USART_REQUEST(hdma->Init.Request) != 0U)
 306:Drivers/STM32H7xx_HAL_Driver/Src/stm32h7xx_hal_dma.c ****       {
 307:Drivers/STM32H7xx_HAL_Driver/Src/stm32h7xx_hal_dma.c ****         registerValue |= DMA_SxCR_TRBUFF;
 308:Drivers/STM32H7xx_HAL_Driver/Src/stm32h7xx_hal_dma.c ****       }
 309:Drivers/STM32H7xx_HAL_Driver/Src/stm32h7xx_hal_dma.c **** #if (STM32H7_DEV_ID == 0x450UL)
 310:Drivers/STM32H7xx_HAL_Driver/Src/stm32h7xx_hal_dma.c ****     }
 311:Drivers/STM32H7xx_HAL_Driver/Src/stm32h7xx_hal_dma.c **** #endif /* STM32H7_DEV_ID == 0x450UL */
 312:Drivers/STM32H7xx_HAL_Driver/Src/stm32h7xx_hal_dma.c **** 
 313:Drivers/STM32H7xx_HAL_Driver/Src/stm32h7xx_hal_dma.c ****     /* Write to DMA Stream CR register */
 314:Drivers/STM32H7xx_HAL_Driver/Src/stm32h7xx_hal_dma.c ****     ((DMA_Stream_TypeDef   *)hdma->Instance)->CR = registerValue;
 315:Drivers/STM32H7xx_HAL_Driver/Src/stm32h7xx_hal_dma.c **** 
ARM GAS  C:\Users\l1234\AppData\Local\Temp\ccQ59T7L.s 			page 7


 316:Drivers/STM32H7xx_HAL_Driver/Src/stm32h7xx_hal_dma.c ****     /* Get the FCR register value */
 317:Drivers/STM32H7xx_HAL_Driver/Src/stm32h7xx_hal_dma.c ****     registerValue = ((DMA_Stream_TypeDef   *)hdma->Instance)->FCR;
 318:Drivers/STM32H7xx_HAL_Driver/Src/stm32h7xx_hal_dma.c **** 
 319:Drivers/STM32H7xx_HAL_Driver/Src/stm32h7xx_hal_dma.c ****     /* Clear Direct mode and FIFO threshold bits */
 320:Drivers/STM32H7xx_HAL_Driver/Src/stm32h7xx_hal_dma.c ****     registerValue &= (uint32_t)~(DMA_SxFCR_DMDIS | DMA_SxFCR_FTH);
 321:Drivers/STM32H7xx_HAL_Driver/Src/stm32h7xx_hal_dma.c **** 
 322:Drivers/STM32H7xx_HAL_Driver/Src/stm32h7xx_hal_dma.c ****     /* Prepare the DMA Stream FIFO configuration */
 323:Drivers/STM32H7xx_HAL_Driver/Src/stm32h7xx_hal_dma.c ****     registerValue |= hdma->Init.FIFOMode;
 324:Drivers/STM32H7xx_HAL_Driver/Src/stm32h7xx_hal_dma.c **** 
 325:Drivers/STM32H7xx_HAL_Driver/Src/stm32h7xx_hal_dma.c ****     /* the FIFO threshold is not used when the FIFO mode is disabled */
 326:Drivers/STM32H7xx_HAL_Driver/Src/stm32h7xx_hal_dma.c ****     if(hdma->Init.FIFOMode == DMA_FIFOMODE_ENABLE)
 327:Drivers/STM32H7xx_HAL_Driver/Src/stm32h7xx_hal_dma.c ****     {
 328:Drivers/STM32H7xx_HAL_Driver/Src/stm32h7xx_hal_dma.c ****       /* Get the FIFO threshold */
 329:Drivers/STM32H7xx_HAL_Driver/Src/stm32h7xx_hal_dma.c ****       registerValue |= hdma->Init.FIFOThreshold;
 330:Drivers/STM32H7xx_HAL_Driver/Src/stm32h7xx_hal_dma.c **** 
 331:Drivers/STM32H7xx_HAL_Driver/Src/stm32h7xx_hal_dma.c ****       /* Check compatibility between FIFO threshold level and size of the memory burst */
 332:Drivers/STM32H7xx_HAL_Driver/Src/stm32h7xx_hal_dma.c ****       /* for INCR4, INCR8, INCR16 */
 333:Drivers/STM32H7xx_HAL_Driver/Src/stm32h7xx_hal_dma.c ****       if(hdma->Init.MemBurst != DMA_MBURST_SINGLE)
 334:Drivers/STM32H7xx_HAL_Driver/Src/stm32h7xx_hal_dma.c ****       {
 335:Drivers/STM32H7xx_HAL_Driver/Src/stm32h7xx_hal_dma.c ****         if (DMA_CheckFifoParam(hdma) != HAL_OK)
 336:Drivers/STM32H7xx_HAL_Driver/Src/stm32h7xx_hal_dma.c ****         {
 337:Drivers/STM32H7xx_HAL_Driver/Src/stm32h7xx_hal_dma.c ****           /* Update error code */
 338:Drivers/STM32H7xx_HAL_Driver/Src/stm32h7xx_hal_dma.c ****           hdma->ErrorCode = HAL_DMA_ERROR_PARAM;
 339:Drivers/STM32H7xx_HAL_Driver/Src/stm32h7xx_hal_dma.c **** 
 340:Drivers/STM32H7xx_HAL_Driver/Src/stm32h7xx_hal_dma.c ****           /* Change the DMA state */
 341:Drivers/STM32H7xx_HAL_Driver/Src/stm32h7xx_hal_dma.c ****           hdma->State = HAL_DMA_STATE_READY;
 342:Drivers/STM32H7xx_HAL_Driver/Src/stm32h7xx_hal_dma.c **** 
 343:Drivers/STM32H7xx_HAL_Driver/Src/stm32h7xx_hal_dma.c ****           return HAL_ERROR;
 344:Drivers/STM32H7xx_HAL_Driver/Src/stm32h7xx_hal_dma.c ****         }
 345:Drivers/STM32H7xx_HAL_Driver/Src/stm32h7xx_hal_dma.c ****       }
 346:Drivers/STM32H7xx_HAL_Driver/Src/stm32h7xx_hal_dma.c ****     }
 347:Drivers/STM32H7xx_HAL_Driver/Src/stm32h7xx_hal_dma.c **** 
 348:Drivers/STM32H7xx_HAL_Driver/Src/stm32h7xx_hal_dma.c ****     /* Write to DMA Stream FCR */
 349:Drivers/STM32H7xx_HAL_Driver/Src/stm32h7xx_hal_dma.c ****     ((DMA_Stream_TypeDef   *)hdma->Instance)->FCR = registerValue;
 350:Drivers/STM32H7xx_HAL_Driver/Src/stm32h7xx_hal_dma.c **** 
 351:Drivers/STM32H7xx_HAL_Driver/Src/stm32h7xx_hal_dma.c ****     /* Initialize StreamBaseAddress and StreamIndex parameters to be used to calculate
 352:Drivers/STM32H7xx_HAL_Driver/Src/stm32h7xx_hal_dma.c ****        DMA steam Base Address needed by HAL_DMA_IRQHandler() and HAL_DMA_PollForTransfer() */
 353:Drivers/STM32H7xx_HAL_Driver/Src/stm32h7xx_hal_dma.c ****     regs_dma = (DMA_Base_Registers *)DMA_CalcBaseAndBitshift(hdma);
 354:Drivers/STM32H7xx_HAL_Driver/Src/stm32h7xx_hal_dma.c **** 
 355:Drivers/STM32H7xx_HAL_Driver/Src/stm32h7xx_hal_dma.c ****     /* Clear all interrupt flags */
 356:Drivers/STM32H7xx_HAL_Driver/Src/stm32h7xx_hal_dma.c ****     regs_dma->IFCR = 0x3FUL << (hdma->StreamIndex & 0x1FU);
 357:Drivers/STM32H7xx_HAL_Driver/Src/stm32h7xx_hal_dma.c ****   }
 358:Drivers/STM32H7xx_HAL_Driver/Src/stm32h7xx_hal_dma.c ****   else if(IS_BDMA_CHANNEL_INSTANCE(hdma->Instance) != 0U) /* BDMA instance(s) */
 359:Drivers/STM32H7xx_HAL_Driver/Src/stm32h7xx_hal_dma.c ****   {
 360:Drivers/STM32H7xx_HAL_Driver/Src/stm32h7xx_hal_dma.c ****     if(IS_BDMA_CHANNEL_DMAMUX_INSTANCE(hdma->Instance) != 0U)
 361:Drivers/STM32H7xx_HAL_Driver/Src/stm32h7xx_hal_dma.c ****     {
 362:Drivers/STM32H7xx_HAL_Driver/Src/stm32h7xx_hal_dma.c ****       /* Check the request parameter */
 363:Drivers/STM32H7xx_HAL_Driver/Src/stm32h7xx_hal_dma.c ****       assert_param(IS_BDMA_REQUEST(hdma->Init.Request));
 364:Drivers/STM32H7xx_HAL_Driver/Src/stm32h7xx_hal_dma.c ****     }
 365:Drivers/STM32H7xx_HAL_Driver/Src/stm32h7xx_hal_dma.c **** 
 366:Drivers/STM32H7xx_HAL_Driver/Src/stm32h7xx_hal_dma.c ****     /* Change DMA peripheral state */
 367:Drivers/STM32H7xx_HAL_Driver/Src/stm32h7xx_hal_dma.c ****     hdma->State = HAL_DMA_STATE_BUSY;
 368:Drivers/STM32H7xx_HAL_Driver/Src/stm32h7xx_hal_dma.c **** 
 369:Drivers/STM32H7xx_HAL_Driver/Src/stm32h7xx_hal_dma.c ****     /* Allocate lock resource */
 370:Drivers/STM32H7xx_HAL_Driver/Src/stm32h7xx_hal_dma.c ****     __HAL_UNLOCK(hdma);
 371:Drivers/STM32H7xx_HAL_Driver/Src/stm32h7xx_hal_dma.c **** 
 372:Drivers/STM32H7xx_HAL_Driver/Src/stm32h7xx_hal_dma.c ****     /* Get the CR register value */
ARM GAS  C:\Users\l1234\AppData\Local\Temp\ccQ59T7L.s 			page 8


 373:Drivers/STM32H7xx_HAL_Driver/Src/stm32h7xx_hal_dma.c ****     registerValue = ((BDMA_Channel_TypeDef *)hdma->Instance)->CCR;
 374:Drivers/STM32H7xx_HAL_Driver/Src/stm32h7xx_hal_dma.c **** 
 375:Drivers/STM32H7xx_HAL_Driver/Src/stm32h7xx_hal_dma.c ****     /* Clear PL, MSIZE, PSIZE, MINC, PINC, CIRC, DIR, MEM2MEM, DBM and CT bits */
 376:Drivers/STM32H7xx_HAL_Driver/Src/stm32h7xx_hal_dma.c ****     registerValue &= ((uint32_t)~(BDMA_CCR_PL    | BDMA_CCR_MSIZE   | BDMA_CCR_PSIZE  | \
 377:Drivers/STM32H7xx_HAL_Driver/Src/stm32h7xx_hal_dma.c ****                                   BDMA_CCR_MINC  | BDMA_CCR_PINC    | BDMA_CCR_CIRC   | \
 378:Drivers/STM32H7xx_HAL_Driver/Src/stm32h7xx_hal_dma.c ****                                   BDMA_CCR_DIR   | BDMA_CCR_MEM2MEM | BDMA_CCR_DBM    | \
 379:Drivers/STM32H7xx_HAL_Driver/Src/stm32h7xx_hal_dma.c ****                                   BDMA_CCR_CT));
 380:Drivers/STM32H7xx_HAL_Driver/Src/stm32h7xx_hal_dma.c **** 
 381:Drivers/STM32H7xx_HAL_Driver/Src/stm32h7xx_hal_dma.c ****     /* Prepare the DMA Channel configuration */
 382:Drivers/STM32H7xx_HAL_Driver/Src/stm32h7xx_hal_dma.c ****     registerValue |=  DMA_TO_BDMA_DIRECTION(hdma->Init.Direction)            |
 383:Drivers/STM32H7xx_HAL_Driver/Src/stm32h7xx_hal_dma.c ****                       DMA_TO_BDMA_PERIPHERAL_INC(hdma->Init.PeriphInc)       |
 384:Drivers/STM32H7xx_HAL_Driver/Src/stm32h7xx_hal_dma.c ****                       DMA_TO_BDMA_MEMORY_INC(hdma->Init.MemInc)              |
 385:Drivers/STM32H7xx_HAL_Driver/Src/stm32h7xx_hal_dma.c ****                       DMA_TO_BDMA_PDATA_SIZE(hdma->Init.PeriphDataAlignment) |
 386:Drivers/STM32H7xx_HAL_Driver/Src/stm32h7xx_hal_dma.c ****                       DMA_TO_BDMA_MDATA_SIZE(hdma->Init.MemDataAlignment)    |
 387:Drivers/STM32H7xx_HAL_Driver/Src/stm32h7xx_hal_dma.c ****                       DMA_TO_BDMA_MODE(hdma->Init.Mode)                      |
 388:Drivers/STM32H7xx_HAL_Driver/Src/stm32h7xx_hal_dma.c ****                       DMA_TO_BDMA_PRIORITY(hdma->Init.Priority);
 389:Drivers/STM32H7xx_HAL_Driver/Src/stm32h7xx_hal_dma.c **** 
 390:Drivers/STM32H7xx_HAL_Driver/Src/stm32h7xx_hal_dma.c ****     /* Write to DMA Channel CR register */
 391:Drivers/STM32H7xx_HAL_Driver/Src/stm32h7xx_hal_dma.c ****     ((BDMA_Channel_TypeDef *)hdma->Instance)->CCR = registerValue;
 392:Drivers/STM32H7xx_HAL_Driver/Src/stm32h7xx_hal_dma.c **** 
 393:Drivers/STM32H7xx_HAL_Driver/Src/stm32h7xx_hal_dma.c ****     /* calculation of the channel index */
 394:Drivers/STM32H7xx_HAL_Driver/Src/stm32h7xx_hal_dma.c ****     hdma->StreamIndex = (((uint32_t)((uint32_t*)hdma->Instance) - (uint32_t)BDMA_Channel0) / ((uint
 395:Drivers/STM32H7xx_HAL_Driver/Src/stm32h7xx_hal_dma.c **** 
 396:Drivers/STM32H7xx_HAL_Driver/Src/stm32h7xx_hal_dma.c ****     /* Initialize StreamBaseAddress and StreamIndex parameters to be used to calculate
 397:Drivers/STM32H7xx_HAL_Driver/Src/stm32h7xx_hal_dma.c ****     DMA steam Base Address needed by HAL_DMA_IRQHandler() and HAL_DMA_PollForTransfer() */
 398:Drivers/STM32H7xx_HAL_Driver/Src/stm32h7xx_hal_dma.c ****     regs_bdma = (BDMA_Base_Registers *)DMA_CalcBaseAndBitshift(hdma);
 399:Drivers/STM32H7xx_HAL_Driver/Src/stm32h7xx_hal_dma.c **** 
 400:Drivers/STM32H7xx_HAL_Driver/Src/stm32h7xx_hal_dma.c ****     /* Clear all interrupt flags */
 401:Drivers/STM32H7xx_HAL_Driver/Src/stm32h7xx_hal_dma.c ****     regs_bdma->IFCR = ((BDMA_IFCR_CGIF0) << (hdma->StreamIndex & 0x1FU));
 402:Drivers/STM32H7xx_HAL_Driver/Src/stm32h7xx_hal_dma.c ****   }
 403:Drivers/STM32H7xx_HAL_Driver/Src/stm32h7xx_hal_dma.c ****   else
 404:Drivers/STM32H7xx_HAL_Driver/Src/stm32h7xx_hal_dma.c ****   {
 405:Drivers/STM32H7xx_HAL_Driver/Src/stm32h7xx_hal_dma.c ****     hdma->ErrorCode = HAL_DMA_ERROR_PARAM;
 406:Drivers/STM32H7xx_HAL_Driver/Src/stm32h7xx_hal_dma.c ****     hdma->State     = HAL_DMA_STATE_ERROR;
 407:Drivers/STM32H7xx_HAL_Driver/Src/stm32h7xx_hal_dma.c **** 
 408:Drivers/STM32H7xx_HAL_Driver/Src/stm32h7xx_hal_dma.c ****     return HAL_ERROR;
 409:Drivers/STM32H7xx_HAL_Driver/Src/stm32h7xx_hal_dma.c ****   }
 410:Drivers/STM32H7xx_HAL_Driver/Src/stm32h7xx_hal_dma.c **** 
 411:Drivers/STM32H7xx_HAL_Driver/Src/stm32h7xx_hal_dma.c ****   if(IS_DMA_DMAMUX_ALL_INSTANCE(hdma->Instance) != 0U) /* No DMAMUX available for BDMA1 */
 412:Drivers/STM32H7xx_HAL_Driver/Src/stm32h7xx_hal_dma.c ****   {
 413:Drivers/STM32H7xx_HAL_Driver/Src/stm32h7xx_hal_dma.c ****     /* Initialize parameters for DMAMUX channel :
 414:Drivers/STM32H7xx_HAL_Driver/Src/stm32h7xx_hal_dma.c ****     DMAmuxChannel, DMAmuxChannelStatus and DMAmuxChannelStatusMask
 415:Drivers/STM32H7xx_HAL_Driver/Src/stm32h7xx_hal_dma.c ****     */
 416:Drivers/STM32H7xx_HAL_Driver/Src/stm32h7xx_hal_dma.c ****     DMA_CalcDMAMUXChannelBaseAndMask(hdma);
 417:Drivers/STM32H7xx_HAL_Driver/Src/stm32h7xx_hal_dma.c **** 
 418:Drivers/STM32H7xx_HAL_Driver/Src/stm32h7xx_hal_dma.c ****     if(hdma->Init.Direction == DMA_MEMORY_TO_MEMORY)
 419:Drivers/STM32H7xx_HAL_Driver/Src/stm32h7xx_hal_dma.c ****     {
 420:Drivers/STM32H7xx_HAL_Driver/Src/stm32h7xx_hal_dma.c ****       /* if memory to memory force the request to 0*/
 421:Drivers/STM32H7xx_HAL_Driver/Src/stm32h7xx_hal_dma.c ****       hdma->Init.Request = DMA_REQUEST_MEM2MEM;
 422:Drivers/STM32H7xx_HAL_Driver/Src/stm32h7xx_hal_dma.c ****     }
 423:Drivers/STM32H7xx_HAL_Driver/Src/stm32h7xx_hal_dma.c **** 
 424:Drivers/STM32H7xx_HAL_Driver/Src/stm32h7xx_hal_dma.c ****     /* Set peripheral request  to DMAMUX channel */
 425:Drivers/STM32H7xx_HAL_Driver/Src/stm32h7xx_hal_dma.c ****     hdma->DMAmuxChannel->CCR = (hdma->Init.Request & DMAMUX_CxCR_DMAREQ_ID);
 426:Drivers/STM32H7xx_HAL_Driver/Src/stm32h7xx_hal_dma.c **** 
 427:Drivers/STM32H7xx_HAL_Driver/Src/stm32h7xx_hal_dma.c ****     /* Clear the DMAMUX synchro overrun flag */
 428:Drivers/STM32H7xx_HAL_Driver/Src/stm32h7xx_hal_dma.c ****     hdma->DMAmuxChannelStatus->CFR = hdma->DMAmuxChannelStatusMask;
 429:Drivers/STM32H7xx_HAL_Driver/Src/stm32h7xx_hal_dma.c **** 
ARM GAS  C:\Users\l1234\AppData\Local\Temp\ccQ59T7L.s 			page 9


 430:Drivers/STM32H7xx_HAL_Driver/Src/stm32h7xx_hal_dma.c ****     /* Initialize parameters for DMAMUX request generator :
 431:Drivers/STM32H7xx_HAL_Driver/Src/stm32h7xx_hal_dma.c ****     if the DMA request is DMA_REQUEST_GENERATOR0 to DMA_REQUEST_GENERATOR7
 432:Drivers/STM32H7xx_HAL_Driver/Src/stm32h7xx_hal_dma.c ****     */
 433:Drivers/STM32H7xx_HAL_Driver/Src/stm32h7xx_hal_dma.c ****     if((hdma->Init.Request >= DMA_REQUEST_GENERATOR0) && (hdma->Init.Request <= DMA_REQUEST_GENERAT
 434:Drivers/STM32H7xx_HAL_Driver/Src/stm32h7xx_hal_dma.c ****     {
 435:Drivers/STM32H7xx_HAL_Driver/Src/stm32h7xx_hal_dma.c ****       /* Initialize parameters for DMAMUX request generator :
 436:Drivers/STM32H7xx_HAL_Driver/Src/stm32h7xx_hal_dma.c ****       DMAmuxRequestGen, DMAmuxRequestGenStatus and DMAmuxRequestGenStatusMask */
 437:Drivers/STM32H7xx_HAL_Driver/Src/stm32h7xx_hal_dma.c ****       DMA_CalcDMAMUXRequestGenBaseAndMask(hdma);
 438:Drivers/STM32H7xx_HAL_Driver/Src/stm32h7xx_hal_dma.c **** 
 439:Drivers/STM32H7xx_HAL_Driver/Src/stm32h7xx_hal_dma.c ****       /* Reset the DMAMUX request generator register */
 440:Drivers/STM32H7xx_HAL_Driver/Src/stm32h7xx_hal_dma.c ****       hdma->DMAmuxRequestGen->RGCR = 0U;
 441:Drivers/STM32H7xx_HAL_Driver/Src/stm32h7xx_hal_dma.c **** 
 442:Drivers/STM32H7xx_HAL_Driver/Src/stm32h7xx_hal_dma.c ****       /* Clear the DMAMUX request generator overrun flag */
 443:Drivers/STM32H7xx_HAL_Driver/Src/stm32h7xx_hal_dma.c ****       hdma->DMAmuxRequestGenStatus->RGCFR = hdma->DMAmuxRequestGenStatusMask;
 444:Drivers/STM32H7xx_HAL_Driver/Src/stm32h7xx_hal_dma.c ****     }
 445:Drivers/STM32H7xx_HAL_Driver/Src/stm32h7xx_hal_dma.c ****     else
 446:Drivers/STM32H7xx_HAL_Driver/Src/stm32h7xx_hal_dma.c ****     {
 447:Drivers/STM32H7xx_HAL_Driver/Src/stm32h7xx_hal_dma.c ****       hdma->DMAmuxRequestGen = 0U;
 448:Drivers/STM32H7xx_HAL_Driver/Src/stm32h7xx_hal_dma.c ****       hdma->DMAmuxRequestGenStatus = 0U;
 449:Drivers/STM32H7xx_HAL_Driver/Src/stm32h7xx_hal_dma.c ****       hdma->DMAmuxRequestGenStatusMask = 0U;
 450:Drivers/STM32H7xx_HAL_Driver/Src/stm32h7xx_hal_dma.c ****     }
 451:Drivers/STM32H7xx_HAL_Driver/Src/stm32h7xx_hal_dma.c ****   }
 452:Drivers/STM32H7xx_HAL_Driver/Src/stm32h7xx_hal_dma.c **** 
 453:Drivers/STM32H7xx_HAL_Driver/Src/stm32h7xx_hal_dma.c ****   /* Initialize the error code */
 454:Drivers/STM32H7xx_HAL_Driver/Src/stm32h7xx_hal_dma.c ****   hdma->ErrorCode = HAL_DMA_ERROR_NONE;
 455:Drivers/STM32H7xx_HAL_Driver/Src/stm32h7xx_hal_dma.c **** 
 456:Drivers/STM32H7xx_HAL_Driver/Src/stm32h7xx_hal_dma.c ****   /* Initialize the DMA state */
 457:Drivers/STM32H7xx_HAL_Driver/Src/stm32h7xx_hal_dma.c ****   hdma->State = HAL_DMA_STATE_READY;
 458:Drivers/STM32H7xx_HAL_Driver/Src/stm32h7xx_hal_dma.c **** 
 459:Drivers/STM32H7xx_HAL_Driver/Src/stm32h7xx_hal_dma.c ****   return HAL_OK;
 460:Drivers/STM32H7xx_HAL_Driver/Src/stm32h7xx_hal_dma.c **** }
 461:Drivers/STM32H7xx_HAL_Driver/Src/stm32h7xx_hal_dma.c **** 
 462:Drivers/STM32H7xx_HAL_Driver/Src/stm32h7xx_hal_dma.c **** /**
 463:Drivers/STM32H7xx_HAL_Driver/Src/stm32h7xx_hal_dma.c ****   * @brief  DeInitializes the DMA peripheral
 464:Drivers/STM32H7xx_HAL_Driver/Src/stm32h7xx_hal_dma.c ****   * @param  hdma: pointer to a DMA_HandleTypeDef structure that contains
 465:Drivers/STM32H7xx_HAL_Driver/Src/stm32h7xx_hal_dma.c ****   *               the configuration information for the specified DMA Stream.
 466:Drivers/STM32H7xx_HAL_Driver/Src/stm32h7xx_hal_dma.c ****   * @retval HAL status
 467:Drivers/STM32H7xx_HAL_Driver/Src/stm32h7xx_hal_dma.c ****   */
 468:Drivers/STM32H7xx_HAL_Driver/Src/stm32h7xx_hal_dma.c **** HAL_StatusTypeDef HAL_DMA_DeInit(DMA_HandleTypeDef *hdma)
 469:Drivers/STM32H7xx_HAL_Driver/Src/stm32h7xx_hal_dma.c **** {
 470:Drivers/STM32H7xx_HAL_Driver/Src/stm32h7xx_hal_dma.c ****   DMA_Base_Registers *regs_dma;
 471:Drivers/STM32H7xx_HAL_Driver/Src/stm32h7xx_hal_dma.c ****   BDMA_Base_Registers *regs_bdma;
 472:Drivers/STM32H7xx_HAL_Driver/Src/stm32h7xx_hal_dma.c **** 
 473:Drivers/STM32H7xx_HAL_Driver/Src/stm32h7xx_hal_dma.c ****   /* Check the DMA peripheral handle */
 474:Drivers/STM32H7xx_HAL_Driver/Src/stm32h7xx_hal_dma.c ****   if(hdma == NULL)
 475:Drivers/STM32H7xx_HAL_Driver/Src/stm32h7xx_hal_dma.c ****   {
 476:Drivers/STM32H7xx_HAL_Driver/Src/stm32h7xx_hal_dma.c ****     return HAL_ERROR;
 477:Drivers/STM32H7xx_HAL_Driver/Src/stm32h7xx_hal_dma.c ****   }
 478:Drivers/STM32H7xx_HAL_Driver/Src/stm32h7xx_hal_dma.c **** 
 479:Drivers/STM32H7xx_HAL_Driver/Src/stm32h7xx_hal_dma.c ****   /* Disable the selected DMA Streamx */
 480:Drivers/STM32H7xx_HAL_Driver/Src/stm32h7xx_hal_dma.c ****   __HAL_DMA_DISABLE(hdma);
 481:Drivers/STM32H7xx_HAL_Driver/Src/stm32h7xx_hal_dma.c **** 
 482:Drivers/STM32H7xx_HAL_Driver/Src/stm32h7xx_hal_dma.c ****   if(IS_DMA_STREAM_INSTANCE(hdma->Instance) != 0U) /* DMA1 or DMA2 instance */
 483:Drivers/STM32H7xx_HAL_Driver/Src/stm32h7xx_hal_dma.c ****   {
 484:Drivers/STM32H7xx_HAL_Driver/Src/stm32h7xx_hal_dma.c ****     /* Reset DMA Streamx control register */
 485:Drivers/STM32H7xx_HAL_Driver/Src/stm32h7xx_hal_dma.c ****     ((DMA_Stream_TypeDef   *)hdma->Instance)->CR   = 0U;
 486:Drivers/STM32H7xx_HAL_Driver/Src/stm32h7xx_hal_dma.c **** 
ARM GAS  C:\Users\l1234\AppData\Local\Temp\ccQ59T7L.s 			page 10


 487:Drivers/STM32H7xx_HAL_Driver/Src/stm32h7xx_hal_dma.c ****     /* Reset DMA Streamx number of data to transfer register */
 488:Drivers/STM32H7xx_HAL_Driver/Src/stm32h7xx_hal_dma.c ****     ((DMA_Stream_TypeDef   *)hdma->Instance)->NDTR = 0U;
 489:Drivers/STM32H7xx_HAL_Driver/Src/stm32h7xx_hal_dma.c **** 
 490:Drivers/STM32H7xx_HAL_Driver/Src/stm32h7xx_hal_dma.c ****     /* Reset DMA Streamx peripheral address register */
 491:Drivers/STM32H7xx_HAL_Driver/Src/stm32h7xx_hal_dma.c ****     ((DMA_Stream_TypeDef   *)hdma->Instance)->PAR  = 0U;
 492:Drivers/STM32H7xx_HAL_Driver/Src/stm32h7xx_hal_dma.c **** 
 493:Drivers/STM32H7xx_HAL_Driver/Src/stm32h7xx_hal_dma.c ****     /* Reset DMA Streamx memory 0 address register */
 494:Drivers/STM32H7xx_HAL_Driver/Src/stm32h7xx_hal_dma.c ****     ((DMA_Stream_TypeDef   *)hdma->Instance)->M0AR = 0U;
 495:Drivers/STM32H7xx_HAL_Driver/Src/stm32h7xx_hal_dma.c **** 
 496:Drivers/STM32H7xx_HAL_Driver/Src/stm32h7xx_hal_dma.c ****     /* Reset DMA Streamx memory 1 address register */
 497:Drivers/STM32H7xx_HAL_Driver/Src/stm32h7xx_hal_dma.c ****     ((DMA_Stream_TypeDef   *)hdma->Instance)->M1AR = 0U;
 498:Drivers/STM32H7xx_HAL_Driver/Src/stm32h7xx_hal_dma.c **** 
 499:Drivers/STM32H7xx_HAL_Driver/Src/stm32h7xx_hal_dma.c ****     /* Reset DMA Streamx FIFO control register */
 500:Drivers/STM32H7xx_HAL_Driver/Src/stm32h7xx_hal_dma.c ****     ((DMA_Stream_TypeDef   *)hdma->Instance)->FCR  = (uint32_t)0x00000021U;
 501:Drivers/STM32H7xx_HAL_Driver/Src/stm32h7xx_hal_dma.c **** 
 502:Drivers/STM32H7xx_HAL_Driver/Src/stm32h7xx_hal_dma.c ****     /* Get DMA steam Base Address */
 503:Drivers/STM32H7xx_HAL_Driver/Src/stm32h7xx_hal_dma.c ****     regs_dma = (DMA_Base_Registers *)DMA_CalcBaseAndBitshift(hdma);
 504:Drivers/STM32H7xx_HAL_Driver/Src/stm32h7xx_hal_dma.c **** 
 505:Drivers/STM32H7xx_HAL_Driver/Src/stm32h7xx_hal_dma.c ****     /* Clear all interrupt flags at correct offset within the register */
 506:Drivers/STM32H7xx_HAL_Driver/Src/stm32h7xx_hal_dma.c ****     regs_dma->IFCR = 0x3FUL << (hdma->StreamIndex & 0x1FU);
 507:Drivers/STM32H7xx_HAL_Driver/Src/stm32h7xx_hal_dma.c ****   }
 508:Drivers/STM32H7xx_HAL_Driver/Src/stm32h7xx_hal_dma.c ****   else if(IS_BDMA_CHANNEL_INSTANCE(hdma->Instance) != 0U) /* BDMA instance(s) */
 509:Drivers/STM32H7xx_HAL_Driver/Src/stm32h7xx_hal_dma.c ****   {
 510:Drivers/STM32H7xx_HAL_Driver/Src/stm32h7xx_hal_dma.c ****     /* Reset DMA Channel control register */
 511:Drivers/STM32H7xx_HAL_Driver/Src/stm32h7xx_hal_dma.c ****     ((BDMA_Channel_TypeDef *)hdma->Instance)->CCR  = 0U;
 512:Drivers/STM32H7xx_HAL_Driver/Src/stm32h7xx_hal_dma.c **** 
 513:Drivers/STM32H7xx_HAL_Driver/Src/stm32h7xx_hal_dma.c ****     /* Reset DMA Channel Number of Data to Transfer register */
 514:Drivers/STM32H7xx_HAL_Driver/Src/stm32h7xx_hal_dma.c ****     ((BDMA_Channel_TypeDef *)hdma->Instance)->CNDTR = 0U;
 515:Drivers/STM32H7xx_HAL_Driver/Src/stm32h7xx_hal_dma.c **** 
 516:Drivers/STM32H7xx_HAL_Driver/Src/stm32h7xx_hal_dma.c ****     /* Reset DMA Channel peripheral address register */
 517:Drivers/STM32H7xx_HAL_Driver/Src/stm32h7xx_hal_dma.c ****     ((BDMA_Channel_TypeDef *)hdma->Instance)->CPAR  = 0U;
 518:Drivers/STM32H7xx_HAL_Driver/Src/stm32h7xx_hal_dma.c **** 
 519:Drivers/STM32H7xx_HAL_Driver/Src/stm32h7xx_hal_dma.c ****     /* Reset DMA Channel memory 0 address register */
 520:Drivers/STM32H7xx_HAL_Driver/Src/stm32h7xx_hal_dma.c ****     ((BDMA_Channel_TypeDef *)hdma->Instance)->CM0AR = 0U;
 521:Drivers/STM32H7xx_HAL_Driver/Src/stm32h7xx_hal_dma.c **** 
 522:Drivers/STM32H7xx_HAL_Driver/Src/stm32h7xx_hal_dma.c ****     /* Reset DMA Channel memory 1 address register */
 523:Drivers/STM32H7xx_HAL_Driver/Src/stm32h7xx_hal_dma.c ****     ((BDMA_Channel_TypeDef *)hdma->Instance)->CM1AR = 0U;
 524:Drivers/STM32H7xx_HAL_Driver/Src/stm32h7xx_hal_dma.c **** 
 525:Drivers/STM32H7xx_HAL_Driver/Src/stm32h7xx_hal_dma.c ****     /* Get DMA steam Base Address */
 526:Drivers/STM32H7xx_HAL_Driver/Src/stm32h7xx_hal_dma.c ****     regs_bdma = (BDMA_Base_Registers *)DMA_CalcBaseAndBitshift(hdma);
 527:Drivers/STM32H7xx_HAL_Driver/Src/stm32h7xx_hal_dma.c **** 
 528:Drivers/STM32H7xx_HAL_Driver/Src/stm32h7xx_hal_dma.c ****     /* Clear all interrupt flags at correct offset within the register */
 529:Drivers/STM32H7xx_HAL_Driver/Src/stm32h7xx_hal_dma.c ****     regs_bdma->IFCR = ((BDMA_IFCR_CGIF0) << (hdma->StreamIndex & 0x1FU));
 530:Drivers/STM32H7xx_HAL_Driver/Src/stm32h7xx_hal_dma.c ****   }
 531:Drivers/STM32H7xx_HAL_Driver/Src/stm32h7xx_hal_dma.c ****   else
 532:Drivers/STM32H7xx_HAL_Driver/Src/stm32h7xx_hal_dma.c ****   {
 533:Drivers/STM32H7xx_HAL_Driver/Src/stm32h7xx_hal_dma.c ****     /* Return error status */
 534:Drivers/STM32H7xx_HAL_Driver/Src/stm32h7xx_hal_dma.c ****     return HAL_ERROR;
 535:Drivers/STM32H7xx_HAL_Driver/Src/stm32h7xx_hal_dma.c ****   }
 536:Drivers/STM32H7xx_HAL_Driver/Src/stm32h7xx_hal_dma.c **** 
 537:Drivers/STM32H7xx_HAL_Driver/Src/stm32h7xx_hal_dma.c **** #if defined (BDMA1) /* No DMAMUX available for BDMA1 available on  STM32H7Ax/Bx devices only */
 538:Drivers/STM32H7xx_HAL_Driver/Src/stm32h7xx_hal_dma.c ****   if(IS_DMA_DMAMUX_ALL_INSTANCE(hdma->Instance) != 0U) /* No DMAMUX available for BDMA1 */
 539:Drivers/STM32H7xx_HAL_Driver/Src/stm32h7xx_hal_dma.c **** #endif /* BDMA1 */
 540:Drivers/STM32H7xx_HAL_Driver/Src/stm32h7xx_hal_dma.c ****   {
 541:Drivers/STM32H7xx_HAL_Driver/Src/stm32h7xx_hal_dma.c ****     /* Initialize parameters for DMAMUX channel :
 542:Drivers/STM32H7xx_HAL_Driver/Src/stm32h7xx_hal_dma.c ****     DMAmuxChannel, DMAmuxChannelStatus and DMAmuxChannelStatusMask */
 543:Drivers/STM32H7xx_HAL_Driver/Src/stm32h7xx_hal_dma.c ****     DMA_CalcDMAMUXChannelBaseAndMask(hdma);
ARM GAS  C:\Users\l1234\AppData\Local\Temp\ccQ59T7L.s 			page 11


 544:Drivers/STM32H7xx_HAL_Driver/Src/stm32h7xx_hal_dma.c **** 
 545:Drivers/STM32H7xx_HAL_Driver/Src/stm32h7xx_hal_dma.c ****     if(hdma->DMAmuxChannel != 0U)
 546:Drivers/STM32H7xx_HAL_Driver/Src/stm32h7xx_hal_dma.c ****     {
 547:Drivers/STM32H7xx_HAL_Driver/Src/stm32h7xx_hal_dma.c ****       /* Resett he DMAMUX channel that corresponds to the DMA stream */
 548:Drivers/STM32H7xx_HAL_Driver/Src/stm32h7xx_hal_dma.c ****       hdma->DMAmuxChannel->CCR = 0U;
 549:Drivers/STM32H7xx_HAL_Driver/Src/stm32h7xx_hal_dma.c **** 
 550:Drivers/STM32H7xx_HAL_Driver/Src/stm32h7xx_hal_dma.c ****       /* Clear the DMAMUX synchro overrun flag */
 551:Drivers/STM32H7xx_HAL_Driver/Src/stm32h7xx_hal_dma.c ****       hdma->DMAmuxChannelStatus->CFR = hdma->DMAmuxChannelStatusMask;
 552:Drivers/STM32H7xx_HAL_Driver/Src/stm32h7xx_hal_dma.c ****     }
 553:Drivers/STM32H7xx_HAL_Driver/Src/stm32h7xx_hal_dma.c **** 
 554:Drivers/STM32H7xx_HAL_Driver/Src/stm32h7xx_hal_dma.c ****     if((hdma->Init.Request >= DMA_REQUEST_GENERATOR0) && (hdma->Init.Request <= DMA_REQUEST_GENERAT
 555:Drivers/STM32H7xx_HAL_Driver/Src/stm32h7xx_hal_dma.c ****     {
 556:Drivers/STM32H7xx_HAL_Driver/Src/stm32h7xx_hal_dma.c ****       /* Initialize parameters for DMAMUX request generator :
 557:Drivers/STM32H7xx_HAL_Driver/Src/stm32h7xx_hal_dma.c ****       DMAmuxRequestGen, DMAmuxRequestGenStatus and DMAmuxRequestGenStatusMask */
 558:Drivers/STM32H7xx_HAL_Driver/Src/stm32h7xx_hal_dma.c ****       DMA_CalcDMAMUXRequestGenBaseAndMask(hdma);
 559:Drivers/STM32H7xx_HAL_Driver/Src/stm32h7xx_hal_dma.c **** 
 560:Drivers/STM32H7xx_HAL_Driver/Src/stm32h7xx_hal_dma.c ****       /* Reset the DMAMUX request generator register */
 561:Drivers/STM32H7xx_HAL_Driver/Src/stm32h7xx_hal_dma.c ****       hdma->DMAmuxRequestGen->RGCR = 0U;
 562:Drivers/STM32H7xx_HAL_Driver/Src/stm32h7xx_hal_dma.c **** 
 563:Drivers/STM32H7xx_HAL_Driver/Src/stm32h7xx_hal_dma.c ****       /* Clear the DMAMUX request generator overrun flag */
 564:Drivers/STM32H7xx_HAL_Driver/Src/stm32h7xx_hal_dma.c ****       hdma->DMAmuxRequestGenStatus->RGCFR = hdma->DMAmuxRequestGenStatusMask;
 565:Drivers/STM32H7xx_HAL_Driver/Src/stm32h7xx_hal_dma.c ****     }
 566:Drivers/STM32H7xx_HAL_Driver/Src/stm32h7xx_hal_dma.c **** 
 567:Drivers/STM32H7xx_HAL_Driver/Src/stm32h7xx_hal_dma.c ****     hdma->DMAmuxRequestGen = 0U;
 568:Drivers/STM32H7xx_HAL_Driver/Src/stm32h7xx_hal_dma.c ****     hdma->DMAmuxRequestGenStatus = 0U;
 569:Drivers/STM32H7xx_HAL_Driver/Src/stm32h7xx_hal_dma.c ****     hdma->DMAmuxRequestGenStatusMask = 0U;
 570:Drivers/STM32H7xx_HAL_Driver/Src/stm32h7xx_hal_dma.c ****   }
 571:Drivers/STM32H7xx_HAL_Driver/Src/stm32h7xx_hal_dma.c **** 
 572:Drivers/STM32H7xx_HAL_Driver/Src/stm32h7xx_hal_dma.c **** 
 573:Drivers/STM32H7xx_HAL_Driver/Src/stm32h7xx_hal_dma.c ****   /* Clean callbacks */
 574:Drivers/STM32H7xx_HAL_Driver/Src/stm32h7xx_hal_dma.c ****   hdma->XferCpltCallback       = NULL;
 575:Drivers/STM32H7xx_HAL_Driver/Src/stm32h7xx_hal_dma.c ****   hdma->XferHalfCpltCallback   = NULL;
 576:Drivers/STM32H7xx_HAL_Driver/Src/stm32h7xx_hal_dma.c ****   hdma->XferM1CpltCallback     = NULL;
 577:Drivers/STM32H7xx_HAL_Driver/Src/stm32h7xx_hal_dma.c ****   hdma->XferM1HalfCpltCallback = NULL;
 578:Drivers/STM32H7xx_HAL_Driver/Src/stm32h7xx_hal_dma.c ****   hdma->XferErrorCallback      = NULL;
 579:Drivers/STM32H7xx_HAL_Driver/Src/stm32h7xx_hal_dma.c ****   hdma->XferAbortCallback      = NULL;
 580:Drivers/STM32H7xx_HAL_Driver/Src/stm32h7xx_hal_dma.c **** 
 581:Drivers/STM32H7xx_HAL_Driver/Src/stm32h7xx_hal_dma.c ****   /* Initialize the error code */
 582:Drivers/STM32H7xx_HAL_Driver/Src/stm32h7xx_hal_dma.c ****   hdma->ErrorCode = HAL_DMA_ERROR_NONE;
 583:Drivers/STM32H7xx_HAL_Driver/Src/stm32h7xx_hal_dma.c **** 
 584:Drivers/STM32H7xx_HAL_Driver/Src/stm32h7xx_hal_dma.c ****   /* Initialize the DMA state */
 585:Drivers/STM32H7xx_HAL_Driver/Src/stm32h7xx_hal_dma.c ****   hdma->State = HAL_DMA_STATE_RESET;
 586:Drivers/STM32H7xx_HAL_Driver/Src/stm32h7xx_hal_dma.c **** 
 587:Drivers/STM32H7xx_HAL_Driver/Src/stm32h7xx_hal_dma.c ****   /* Release Lock */
 588:Drivers/STM32H7xx_HAL_Driver/Src/stm32h7xx_hal_dma.c ****   __HAL_UNLOCK(hdma);
 589:Drivers/STM32H7xx_HAL_Driver/Src/stm32h7xx_hal_dma.c **** 
 590:Drivers/STM32H7xx_HAL_Driver/Src/stm32h7xx_hal_dma.c ****   return HAL_OK;
 591:Drivers/STM32H7xx_HAL_Driver/Src/stm32h7xx_hal_dma.c **** }
 592:Drivers/STM32H7xx_HAL_Driver/Src/stm32h7xx_hal_dma.c **** 
 593:Drivers/STM32H7xx_HAL_Driver/Src/stm32h7xx_hal_dma.c **** /**
 594:Drivers/STM32H7xx_HAL_Driver/Src/stm32h7xx_hal_dma.c ****   * @}
 595:Drivers/STM32H7xx_HAL_Driver/Src/stm32h7xx_hal_dma.c ****   */
 596:Drivers/STM32H7xx_HAL_Driver/Src/stm32h7xx_hal_dma.c **** 
 597:Drivers/STM32H7xx_HAL_Driver/Src/stm32h7xx_hal_dma.c **** /** @addtogroup DMA_Exported_Functions_Group2
 598:Drivers/STM32H7xx_HAL_Driver/Src/stm32h7xx_hal_dma.c ****   *
 599:Drivers/STM32H7xx_HAL_Driver/Src/stm32h7xx_hal_dma.c **** @verbatim
 600:Drivers/STM32H7xx_HAL_Driver/Src/stm32h7xx_hal_dma.c ****  ===============================================================================
ARM GAS  C:\Users\l1234\AppData\Local\Temp\ccQ59T7L.s 			page 12


 601:Drivers/STM32H7xx_HAL_Driver/Src/stm32h7xx_hal_dma.c ****                       #####  IO operation functions  #####
 602:Drivers/STM32H7xx_HAL_Driver/Src/stm32h7xx_hal_dma.c ****  ===============================================================================
 603:Drivers/STM32H7xx_HAL_Driver/Src/stm32h7xx_hal_dma.c ****     [..]  This section provides functions allowing to:
 604:Drivers/STM32H7xx_HAL_Driver/Src/stm32h7xx_hal_dma.c ****       (+) Configure the source, destination address and data length and Start DMA transfer
 605:Drivers/STM32H7xx_HAL_Driver/Src/stm32h7xx_hal_dma.c ****       (+) Configure the source, destination address and data length and
 606:Drivers/STM32H7xx_HAL_Driver/Src/stm32h7xx_hal_dma.c ****           Start DMA transfer with interrupt
 607:Drivers/STM32H7xx_HAL_Driver/Src/stm32h7xx_hal_dma.c ****       (+) Register and Unregister DMA callbacks
 608:Drivers/STM32H7xx_HAL_Driver/Src/stm32h7xx_hal_dma.c ****       (+) Abort DMA transfer
 609:Drivers/STM32H7xx_HAL_Driver/Src/stm32h7xx_hal_dma.c ****       (+) Poll for transfer complete
 610:Drivers/STM32H7xx_HAL_Driver/Src/stm32h7xx_hal_dma.c ****       (+) Handle DMA interrupt request
 611:Drivers/STM32H7xx_HAL_Driver/Src/stm32h7xx_hal_dma.c **** 
 612:Drivers/STM32H7xx_HAL_Driver/Src/stm32h7xx_hal_dma.c **** @endverbatim
 613:Drivers/STM32H7xx_HAL_Driver/Src/stm32h7xx_hal_dma.c ****   * @{
 614:Drivers/STM32H7xx_HAL_Driver/Src/stm32h7xx_hal_dma.c ****   */
 615:Drivers/STM32H7xx_HAL_Driver/Src/stm32h7xx_hal_dma.c **** 
 616:Drivers/STM32H7xx_HAL_Driver/Src/stm32h7xx_hal_dma.c **** /**
 617:Drivers/STM32H7xx_HAL_Driver/Src/stm32h7xx_hal_dma.c ****   * @brief  Starts the DMA Transfer.
 618:Drivers/STM32H7xx_HAL_Driver/Src/stm32h7xx_hal_dma.c ****   * @param  hdma      : pointer to a DMA_HandleTypeDef structure that contains
 619:Drivers/STM32H7xx_HAL_Driver/Src/stm32h7xx_hal_dma.c ****   *                     the configuration information for the specified DMA Stream.
 620:Drivers/STM32H7xx_HAL_Driver/Src/stm32h7xx_hal_dma.c ****   * @param  SrcAddress: The source memory Buffer address
 621:Drivers/STM32H7xx_HAL_Driver/Src/stm32h7xx_hal_dma.c ****   * @param  DstAddress: The destination memory Buffer address
 622:Drivers/STM32H7xx_HAL_Driver/Src/stm32h7xx_hal_dma.c ****   * @param  DataLength: The length of data to be transferred from source to destination
 623:Drivers/STM32H7xx_HAL_Driver/Src/stm32h7xx_hal_dma.c ****   * @retval HAL status
 624:Drivers/STM32H7xx_HAL_Driver/Src/stm32h7xx_hal_dma.c ****   */
 625:Drivers/STM32H7xx_HAL_Driver/Src/stm32h7xx_hal_dma.c **** HAL_StatusTypeDef HAL_DMA_Start(DMA_HandleTypeDef *hdma, uint32_t SrcAddress, uint32_t DstAddress, 
 626:Drivers/STM32H7xx_HAL_Driver/Src/stm32h7xx_hal_dma.c **** {
 627:Drivers/STM32H7xx_HAL_Driver/Src/stm32h7xx_hal_dma.c ****   HAL_StatusTypeDef status = HAL_OK;
 628:Drivers/STM32H7xx_HAL_Driver/Src/stm32h7xx_hal_dma.c **** 
 629:Drivers/STM32H7xx_HAL_Driver/Src/stm32h7xx_hal_dma.c ****   /* Check the parameters */
 630:Drivers/STM32H7xx_HAL_Driver/Src/stm32h7xx_hal_dma.c ****   assert_param(IS_DMA_BUFFER_SIZE(DataLength));
 631:Drivers/STM32H7xx_HAL_Driver/Src/stm32h7xx_hal_dma.c **** 
 632:Drivers/STM32H7xx_HAL_Driver/Src/stm32h7xx_hal_dma.c ****   /* Check the DMA peripheral handle */
 633:Drivers/STM32H7xx_HAL_Driver/Src/stm32h7xx_hal_dma.c ****   if(hdma == NULL)
 634:Drivers/STM32H7xx_HAL_Driver/Src/stm32h7xx_hal_dma.c ****   {
 635:Drivers/STM32H7xx_HAL_Driver/Src/stm32h7xx_hal_dma.c ****     return HAL_ERROR;
 636:Drivers/STM32H7xx_HAL_Driver/Src/stm32h7xx_hal_dma.c ****   }
 637:Drivers/STM32H7xx_HAL_Driver/Src/stm32h7xx_hal_dma.c **** 
 638:Drivers/STM32H7xx_HAL_Driver/Src/stm32h7xx_hal_dma.c ****   /* Process locked */
 639:Drivers/STM32H7xx_HAL_Driver/Src/stm32h7xx_hal_dma.c ****   __HAL_LOCK(hdma);
 640:Drivers/STM32H7xx_HAL_Driver/Src/stm32h7xx_hal_dma.c **** 
 641:Drivers/STM32H7xx_HAL_Driver/Src/stm32h7xx_hal_dma.c ****   if(HAL_DMA_STATE_READY == hdma->State)
 642:Drivers/STM32H7xx_HAL_Driver/Src/stm32h7xx_hal_dma.c ****   {
 643:Drivers/STM32H7xx_HAL_Driver/Src/stm32h7xx_hal_dma.c ****     /* Change DMA peripheral state */
 644:Drivers/STM32H7xx_HAL_Driver/Src/stm32h7xx_hal_dma.c ****     hdma->State = HAL_DMA_STATE_BUSY;
 645:Drivers/STM32H7xx_HAL_Driver/Src/stm32h7xx_hal_dma.c **** 
 646:Drivers/STM32H7xx_HAL_Driver/Src/stm32h7xx_hal_dma.c ****     /* Initialize the error code */
 647:Drivers/STM32H7xx_HAL_Driver/Src/stm32h7xx_hal_dma.c ****     hdma->ErrorCode = HAL_DMA_ERROR_NONE;
 648:Drivers/STM32H7xx_HAL_Driver/Src/stm32h7xx_hal_dma.c **** 
 649:Drivers/STM32H7xx_HAL_Driver/Src/stm32h7xx_hal_dma.c ****     /* Disable the peripheral */
 650:Drivers/STM32H7xx_HAL_Driver/Src/stm32h7xx_hal_dma.c ****     __HAL_DMA_DISABLE(hdma);
 651:Drivers/STM32H7xx_HAL_Driver/Src/stm32h7xx_hal_dma.c **** 
 652:Drivers/STM32H7xx_HAL_Driver/Src/stm32h7xx_hal_dma.c ****     /* Configure the source, destination address and the data length */
 653:Drivers/STM32H7xx_HAL_Driver/Src/stm32h7xx_hal_dma.c ****     DMA_SetConfig(hdma, SrcAddress, DstAddress, DataLength);
 654:Drivers/STM32H7xx_HAL_Driver/Src/stm32h7xx_hal_dma.c **** 
 655:Drivers/STM32H7xx_HAL_Driver/Src/stm32h7xx_hal_dma.c ****     /* Enable the Peripheral */
 656:Drivers/STM32H7xx_HAL_Driver/Src/stm32h7xx_hal_dma.c ****     __HAL_DMA_ENABLE(hdma);
 657:Drivers/STM32H7xx_HAL_Driver/Src/stm32h7xx_hal_dma.c ****   }
ARM GAS  C:\Users\l1234\AppData\Local\Temp\ccQ59T7L.s 			page 13


 658:Drivers/STM32H7xx_HAL_Driver/Src/stm32h7xx_hal_dma.c ****   else
 659:Drivers/STM32H7xx_HAL_Driver/Src/stm32h7xx_hal_dma.c ****   {
 660:Drivers/STM32H7xx_HAL_Driver/Src/stm32h7xx_hal_dma.c ****     /* Set the error code to busy */
 661:Drivers/STM32H7xx_HAL_Driver/Src/stm32h7xx_hal_dma.c ****     hdma->ErrorCode = HAL_DMA_ERROR_BUSY;
 662:Drivers/STM32H7xx_HAL_Driver/Src/stm32h7xx_hal_dma.c **** 
 663:Drivers/STM32H7xx_HAL_Driver/Src/stm32h7xx_hal_dma.c ****     /* Process unlocked */
 664:Drivers/STM32H7xx_HAL_Driver/Src/stm32h7xx_hal_dma.c ****     __HAL_UNLOCK(hdma);
 665:Drivers/STM32H7xx_HAL_Driver/Src/stm32h7xx_hal_dma.c **** 
 666:Drivers/STM32H7xx_HAL_Driver/Src/stm32h7xx_hal_dma.c ****     /* Return error status */
 667:Drivers/STM32H7xx_HAL_Driver/Src/stm32h7xx_hal_dma.c ****     status = HAL_ERROR;
 668:Drivers/STM32H7xx_HAL_Driver/Src/stm32h7xx_hal_dma.c ****   }
 669:Drivers/STM32H7xx_HAL_Driver/Src/stm32h7xx_hal_dma.c ****   return status;
 670:Drivers/STM32H7xx_HAL_Driver/Src/stm32h7xx_hal_dma.c **** }
 671:Drivers/STM32H7xx_HAL_Driver/Src/stm32h7xx_hal_dma.c **** 
 672:Drivers/STM32H7xx_HAL_Driver/Src/stm32h7xx_hal_dma.c **** /**
 673:Drivers/STM32H7xx_HAL_Driver/Src/stm32h7xx_hal_dma.c ****   * @brief  Start the DMA Transfer with interrupt enabled.
 674:Drivers/STM32H7xx_HAL_Driver/Src/stm32h7xx_hal_dma.c ****   * @param  hdma:       pointer to a DMA_HandleTypeDef structure that contains
 675:Drivers/STM32H7xx_HAL_Driver/Src/stm32h7xx_hal_dma.c ****   *                     the configuration information for the specified DMA Stream.
 676:Drivers/STM32H7xx_HAL_Driver/Src/stm32h7xx_hal_dma.c ****   * @param  SrcAddress: The source memory Buffer address
 677:Drivers/STM32H7xx_HAL_Driver/Src/stm32h7xx_hal_dma.c ****   * @param  DstAddress: The destination memory Buffer address
 678:Drivers/STM32H7xx_HAL_Driver/Src/stm32h7xx_hal_dma.c ****   * @param  DataLength: The length of data to be transferred from source to destination
 679:Drivers/STM32H7xx_HAL_Driver/Src/stm32h7xx_hal_dma.c ****   * @retval HAL status
 680:Drivers/STM32H7xx_HAL_Driver/Src/stm32h7xx_hal_dma.c ****   */
 681:Drivers/STM32H7xx_HAL_Driver/Src/stm32h7xx_hal_dma.c **** HAL_StatusTypeDef HAL_DMA_Start_IT(DMA_HandleTypeDef *hdma, uint32_t SrcAddress, uint32_t DstAddres
 682:Drivers/STM32H7xx_HAL_Driver/Src/stm32h7xx_hal_dma.c **** {
 683:Drivers/STM32H7xx_HAL_Driver/Src/stm32h7xx_hal_dma.c ****   HAL_StatusTypeDef status = HAL_OK;
 684:Drivers/STM32H7xx_HAL_Driver/Src/stm32h7xx_hal_dma.c **** 
 685:Drivers/STM32H7xx_HAL_Driver/Src/stm32h7xx_hal_dma.c ****   /* Check the parameters */
 686:Drivers/STM32H7xx_HAL_Driver/Src/stm32h7xx_hal_dma.c ****   assert_param(IS_DMA_BUFFER_SIZE(DataLength));
 687:Drivers/STM32H7xx_HAL_Driver/Src/stm32h7xx_hal_dma.c **** 
 688:Drivers/STM32H7xx_HAL_Driver/Src/stm32h7xx_hal_dma.c ****   /* Check the DMA peripheral handle */
 689:Drivers/STM32H7xx_HAL_Driver/Src/stm32h7xx_hal_dma.c ****   if(hdma == NULL)
 690:Drivers/STM32H7xx_HAL_Driver/Src/stm32h7xx_hal_dma.c ****   {
 691:Drivers/STM32H7xx_HAL_Driver/Src/stm32h7xx_hal_dma.c ****     return HAL_ERROR;
 692:Drivers/STM32H7xx_HAL_Driver/Src/stm32h7xx_hal_dma.c ****   }
 693:Drivers/STM32H7xx_HAL_Driver/Src/stm32h7xx_hal_dma.c **** 
 694:Drivers/STM32H7xx_HAL_Driver/Src/stm32h7xx_hal_dma.c ****   /* Process locked */
 695:Drivers/STM32H7xx_HAL_Driver/Src/stm32h7xx_hal_dma.c ****   __HAL_LOCK(hdma);
 696:Drivers/STM32H7xx_HAL_Driver/Src/stm32h7xx_hal_dma.c **** 
 697:Drivers/STM32H7xx_HAL_Driver/Src/stm32h7xx_hal_dma.c ****   if(HAL_DMA_STATE_READY == hdma->State)
 698:Drivers/STM32H7xx_HAL_Driver/Src/stm32h7xx_hal_dma.c ****   {
 699:Drivers/STM32H7xx_HAL_Driver/Src/stm32h7xx_hal_dma.c ****     /* Change DMA peripheral state */
 700:Drivers/STM32H7xx_HAL_Driver/Src/stm32h7xx_hal_dma.c ****     hdma->State = HAL_DMA_STATE_BUSY;
 701:Drivers/STM32H7xx_HAL_Driver/Src/stm32h7xx_hal_dma.c **** 
 702:Drivers/STM32H7xx_HAL_Driver/Src/stm32h7xx_hal_dma.c ****     /* Initialize the error code */
 703:Drivers/STM32H7xx_HAL_Driver/Src/stm32h7xx_hal_dma.c ****     hdma->ErrorCode = HAL_DMA_ERROR_NONE;
 704:Drivers/STM32H7xx_HAL_Driver/Src/stm32h7xx_hal_dma.c **** 
 705:Drivers/STM32H7xx_HAL_Driver/Src/stm32h7xx_hal_dma.c ****     /* Disable the peripheral */
 706:Drivers/STM32H7xx_HAL_Driver/Src/stm32h7xx_hal_dma.c ****     __HAL_DMA_DISABLE(hdma);
 707:Drivers/STM32H7xx_HAL_Driver/Src/stm32h7xx_hal_dma.c **** 
 708:Drivers/STM32H7xx_HAL_Driver/Src/stm32h7xx_hal_dma.c ****     /* Configure the source, destination address and the data length */
 709:Drivers/STM32H7xx_HAL_Driver/Src/stm32h7xx_hal_dma.c ****     DMA_SetConfig(hdma, SrcAddress, DstAddress, DataLength);
 710:Drivers/STM32H7xx_HAL_Driver/Src/stm32h7xx_hal_dma.c **** 
 711:Drivers/STM32H7xx_HAL_Driver/Src/stm32h7xx_hal_dma.c ****     if(IS_DMA_STREAM_INSTANCE(hdma->Instance) != 0U) /* DMA1 or DMA2 instance */
 712:Drivers/STM32H7xx_HAL_Driver/Src/stm32h7xx_hal_dma.c ****     {
 713:Drivers/STM32H7xx_HAL_Driver/Src/stm32h7xx_hal_dma.c ****       /* Enable Common interrupts*/
 714:Drivers/STM32H7xx_HAL_Driver/Src/stm32h7xx_hal_dma.c ****       MODIFY_REG(((DMA_Stream_TypeDef   *)hdma->Instance)->CR, (DMA_IT_TC | DMA_IT_TE | DMA_IT_DME 
ARM GAS  C:\Users\l1234\AppData\Local\Temp\ccQ59T7L.s 			page 14


 715:Drivers/STM32H7xx_HAL_Driver/Src/stm32h7xx_hal_dma.c **** 
 716:Drivers/STM32H7xx_HAL_Driver/Src/stm32h7xx_hal_dma.c ****       if(hdma->XferHalfCpltCallback != NULL)
 717:Drivers/STM32H7xx_HAL_Driver/Src/stm32h7xx_hal_dma.c ****       {
 718:Drivers/STM32H7xx_HAL_Driver/Src/stm32h7xx_hal_dma.c ****         /* Enable Half Transfer IT if corresponding Callback is set */
 719:Drivers/STM32H7xx_HAL_Driver/Src/stm32h7xx_hal_dma.c ****         ((DMA_Stream_TypeDef   *)hdma->Instance)->CR  |= DMA_IT_HT;
 720:Drivers/STM32H7xx_HAL_Driver/Src/stm32h7xx_hal_dma.c ****       }
 721:Drivers/STM32H7xx_HAL_Driver/Src/stm32h7xx_hal_dma.c ****     }
 722:Drivers/STM32H7xx_HAL_Driver/Src/stm32h7xx_hal_dma.c ****     else /* BDMA channel */
 723:Drivers/STM32H7xx_HAL_Driver/Src/stm32h7xx_hal_dma.c ****     {
 724:Drivers/STM32H7xx_HAL_Driver/Src/stm32h7xx_hal_dma.c ****       /* Enable Common interrupts */
 725:Drivers/STM32H7xx_HAL_Driver/Src/stm32h7xx_hal_dma.c ****       MODIFY_REG(((BDMA_Channel_TypeDef   *)hdma->Instance)->CCR, (BDMA_CCR_TCIE | BDMA_CCR_HTIE | 
 726:Drivers/STM32H7xx_HAL_Driver/Src/stm32h7xx_hal_dma.c **** 
 727:Drivers/STM32H7xx_HAL_Driver/Src/stm32h7xx_hal_dma.c ****       if(hdma->XferHalfCpltCallback != NULL)
 728:Drivers/STM32H7xx_HAL_Driver/Src/stm32h7xx_hal_dma.c ****       {
 729:Drivers/STM32H7xx_HAL_Driver/Src/stm32h7xx_hal_dma.c ****         /*Enable Half Transfer IT if corresponding Callback is set */
 730:Drivers/STM32H7xx_HAL_Driver/Src/stm32h7xx_hal_dma.c ****         ((BDMA_Channel_TypeDef   *)hdma->Instance)->CCR  |= BDMA_CCR_HTIE;
 731:Drivers/STM32H7xx_HAL_Driver/Src/stm32h7xx_hal_dma.c ****       }
 732:Drivers/STM32H7xx_HAL_Driver/Src/stm32h7xx_hal_dma.c ****     }
 733:Drivers/STM32H7xx_HAL_Driver/Src/stm32h7xx_hal_dma.c **** 
 734:Drivers/STM32H7xx_HAL_Driver/Src/stm32h7xx_hal_dma.c ****     if(IS_DMA_DMAMUX_ALL_INSTANCE(hdma->Instance) != 0U) /* No DMAMUX available for BDMA1 */
 735:Drivers/STM32H7xx_HAL_Driver/Src/stm32h7xx_hal_dma.c ****     {
 736:Drivers/STM32H7xx_HAL_Driver/Src/stm32h7xx_hal_dma.c ****       /* Check if DMAMUX Synchronization is enabled */
 737:Drivers/STM32H7xx_HAL_Driver/Src/stm32h7xx_hal_dma.c ****       if((hdma->DMAmuxChannel->CCR & DMAMUX_CxCR_SE) != 0U)
 738:Drivers/STM32H7xx_HAL_Driver/Src/stm32h7xx_hal_dma.c ****       {
 739:Drivers/STM32H7xx_HAL_Driver/Src/stm32h7xx_hal_dma.c ****         /* Enable DMAMUX sync overrun IT*/
 740:Drivers/STM32H7xx_HAL_Driver/Src/stm32h7xx_hal_dma.c ****         hdma->DMAmuxChannel->CCR |= DMAMUX_CxCR_SOIE;
 741:Drivers/STM32H7xx_HAL_Driver/Src/stm32h7xx_hal_dma.c ****       }
 742:Drivers/STM32H7xx_HAL_Driver/Src/stm32h7xx_hal_dma.c **** 
 743:Drivers/STM32H7xx_HAL_Driver/Src/stm32h7xx_hal_dma.c ****       if(hdma->DMAmuxRequestGen != 0U)
 744:Drivers/STM32H7xx_HAL_Driver/Src/stm32h7xx_hal_dma.c ****       {
 745:Drivers/STM32H7xx_HAL_Driver/Src/stm32h7xx_hal_dma.c ****         /* if using DMAMUX request generator, enable the DMAMUX request generator overrun IT*/
 746:Drivers/STM32H7xx_HAL_Driver/Src/stm32h7xx_hal_dma.c ****         /* enable the request gen overrun IT */
 747:Drivers/STM32H7xx_HAL_Driver/Src/stm32h7xx_hal_dma.c ****         hdma->DMAmuxRequestGen->RGCR |= DMAMUX_RGxCR_OIE;
 748:Drivers/STM32H7xx_HAL_Driver/Src/stm32h7xx_hal_dma.c ****       }
 749:Drivers/STM32H7xx_HAL_Driver/Src/stm32h7xx_hal_dma.c ****     }
 750:Drivers/STM32H7xx_HAL_Driver/Src/stm32h7xx_hal_dma.c **** 
 751:Drivers/STM32H7xx_HAL_Driver/Src/stm32h7xx_hal_dma.c ****     /* Enable the Peripheral */
 752:Drivers/STM32H7xx_HAL_Driver/Src/stm32h7xx_hal_dma.c ****     __HAL_DMA_ENABLE(hdma);
 753:Drivers/STM32H7xx_HAL_Driver/Src/stm32h7xx_hal_dma.c ****   }
 754:Drivers/STM32H7xx_HAL_Driver/Src/stm32h7xx_hal_dma.c ****   else
 755:Drivers/STM32H7xx_HAL_Driver/Src/stm32h7xx_hal_dma.c ****   {
 756:Drivers/STM32H7xx_HAL_Driver/Src/stm32h7xx_hal_dma.c ****     /* Set the error code to busy */
 757:Drivers/STM32H7xx_HAL_Driver/Src/stm32h7xx_hal_dma.c ****     hdma->ErrorCode = HAL_DMA_ERROR_BUSY;
 758:Drivers/STM32H7xx_HAL_Driver/Src/stm32h7xx_hal_dma.c **** 
 759:Drivers/STM32H7xx_HAL_Driver/Src/stm32h7xx_hal_dma.c ****     /* Process unlocked */
 760:Drivers/STM32H7xx_HAL_Driver/Src/stm32h7xx_hal_dma.c ****     __HAL_UNLOCK(hdma);
 761:Drivers/STM32H7xx_HAL_Driver/Src/stm32h7xx_hal_dma.c **** 
 762:Drivers/STM32H7xx_HAL_Driver/Src/stm32h7xx_hal_dma.c ****     /* Return error status */
 763:Drivers/STM32H7xx_HAL_Driver/Src/stm32h7xx_hal_dma.c ****     status = HAL_ERROR;
 764:Drivers/STM32H7xx_HAL_Driver/Src/stm32h7xx_hal_dma.c ****   }
 765:Drivers/STM32H7xx_HAL_Driver/Src/stm32h7xx_hal_dma.c **** 
 766:Drivers/STM32H7xx_HAL_Driver/Src/stm32h7xx_hal_dma.c ****   return status;
 767:Drivers/STM32H7xx_HAL_Driver/Src/stm32h7xx_hal_dma.c **** }
 768:Drivers/STM32H7xx_HAL_Driver/Src/stm32h7xx_hal_dma.c **** 
 769:Drivers/STM32H7xx_HAL_Driver/Src/stm32h7xx_hal_dma.c **** /**
 770:Drivers/STM32H7xx_HAL_Driver/Src/stm32h7xx_hal_dma.c ****   * @brief  Aborts the DMA Transfer.
 771:Drivers/STM32H7xx_HAL_Driver/Src/stm32h7xx_hal_dma.c ****   * @param  hdma  : pointer to a DMA_HandleTypeDef structure that contains
ARM GAS  C:\Users\l1234\AppData\Local\Temp\ccQ59T7L.s 			page 15


 772:Drivers/STM32H7xx_HAL_Driver/Src/stm32h7xx_hal_dma.c ****   *                 the configuration information for the specified DMA Stream.
 773:Drivers/STM32H7xx_HAL_Driver/Src/stm32h7xx_hal_dma.c ****   *
 774:Drivers/STM32H7xx_HAL_Driver/Src/stm32h7xx_hal_dma.c ****   * @note  After disabling a DMA Stream, a check for wait until the DMA Stream is
 775:Drivers/STM32H7xx_HAL_Driver/Src/stm32h7xx_hal_dma.c ****   *        effectively disabled is added. If a Stream is disabled
 776:Drivers/STM32H7xx_HAL_Driver/Src/stm32h7xx_hal_dma.c ****   *        while a data transfer is ongoing, the current data will be transferred
 777:Drivers/STM32H7xx_HAL_Driver/Src/stm32h7xx_hal_dma.c ****   *        and the Stream will be effectively disabled only after the transfer of
 778:Drivers/STM32H7xx_HAL_Driver/Src/stm32h7xx_hal_dma.c ****   *        this single data is finished.
 779:Drivers/STM32H7xx_HAL_Driver/Src/stm32h7xx_hal_dma.c ****   * @retval HAL status
 780:Drivers/STM32H7xx_HAL_Driver/Src/stm32h7xx_hal_dma.c ****   */
 781:Drivers/STM32H7xx_HAL_Driver/Src/stm32h7xx_hal_dma.c **** HAL_StatusTypeDef HAL_DMA_Abort(DMA_HandleTypeDef *hdma)
 782:Drivers/STM32H7xx_HAL_Driver/Src/stm32h7xx_hal_dma.c **** {
 783:Drivers/STM32H7xx_HAL_Driver/Src/stm32h7xx_hal_dma.c ****   /* calculate DMA base and stream number */
 784:Drivers/STM32H7xx_HAL_Driver/Src/stm32h7xx_hal_dma.c ****   DMA_Base_Registers *regs_dma;
 785:Drivers/STM32H7xx_HAL_Driver/Src/stm32h7xx_hal_dma.c ****   BDMA_Base_Registers *regs_bdma;
 786:Drivers/STM32H7xx_HAL_Driver/Src/stm32h7xx_hal_dma.c ****   const __IO uint32_t *enableRegister;
 787:Drivers/STM32H7xx_HAL_Driver/Src/stm32h7xx_hal_dma.c **** 
 788:Drivers/STM32H7xx_HAL_Driver/Src/stm32h7xx_hal_dma.c ****   uint32_t tickstart = HAL_GetTick();
 789:Drivers/STM32H7xx_HAL_Driver/Src/stm32h7xx_hal_dma.c **** 
 790:Drivers/STM32H7xx_HAL_Driver/Src/stm32h7xx_hal_dma.c ****  /* Check the DMA peripheral handle */
 791:Drivers/STM32H7xx_HAL_Driver/Src/stm32h7xx_hal_dma.c ****   if(hdma == NULL)
 792:Drivers/STM32H7xx_HAL_Driver/Src/stm32h7xx_hal_dma.c ****   {
 793:Drivers/STM32H7xx_HAL_Driver/Src/stm32h7xx_hal_dma.c ****     return HAL_ERROR;
 794:Drivers/STM32H7xx_HAL_Driver/Src/stm32h7xx_hal_dma.c ****   }
 795:Drivers/STM32H7xx_HAL_Driver/Src/stm32h7xx_hal_dma.c **** 
 796:Drivers/STM32H7xx_HAL_Driver/Src/stm32h7xx_hal_dma.c ****   /* Check the DMA peripheral state */
 797:Drivers/STM32H7xx_HAL_Driver/Src/stm32h7xx_hal_dma.c ****   if(hdma->State != HAL_DMA_STATE_BUSY)
 798:Drivers/STM32H7xx_HAL_Driver/Src/stm32h7xx_hal_dma.c ****   {
 799:Drivers/STM32H7xx_HAL_Driver/Src/stm32h7xx_hal_dma.c ****     hdma->ErrorCode = HAL_DMA_ERROR_NO_XFER;
 800:Drivers/STM32H7xx_HAL_Driver/Src/stm32h7xx_hal_dma.c **** 
 801:Drivers/STM32H7xx_HAL_Driver/Src/stm32h7xx_hal_dma.c ****     /* Process Unlocked */
 802:Drivers/STM32H7xx_HAL_Driver/Src/stm32h7xx_hal_dma.c ****     __HAL_UNLOCK(hdma);
 803:Drivers/STM32H7xx_HAL_Driver/Src/stm32h7xx_hal_dma.c **** 
 804:Drivers/STM32H7xx_HAL_Driver/Src/stm32h7xx_hal_dma.c ****     return HAL_ERROR;
 805:Drivers/STM32H7xx_HAL_Driver/Src/stm32h7xx_hal_dma.c ****   }
 806:Drivers/STM32H7xx_HAL_Driver/Src/stm32h7xx_hal_dma.c ****   else
 807:Drivers/STM32H7xx_HAL_Driver/Src/stm32h7xx_hal_dma.c ****   {
 808:Drivers/STM32H7xx_HAL_Driver/Src/stm32h7xx_hal_dma.c ****     /* Disable all the transfer interrupts */
 809:Drivers/STM32H7xx_HAL_Driver/Src/stm32h7xx_hal_dma.c ****     if(IS_DMA_STREAM_INSTANCE(hdma->Instance) != 0U) /* DMA1 or DMA2 instance */
 810:Drivers/STM32H7xx_HAL_Driver/Src/stm32h7xx_hal_dma.c ****     {
 811:Drivers/STM32H7xx_HAL_Driver/Src/stm32h7xx_hal_dma.c ****        /* Disable DMA All Interrupts  */
 812:Drivers/STM32H7xx_HAL_Driver/Src/stm32h7xx_hal_dma.c ****       ((DMA_Stream_TypeDef   *)hdma->Instance)->CR  &= ~(DMA_IT_TC | DMA_IT_TE | DMA_IT_DME | DMA_I
 813:Drivers/STM32H7xx_HAL_Driver/Src/stm32h7xx_hal_dma.c ****       ((DMA_Stream_TypeDef   *)hdma->Instance)->FCR &= ~(DMA_IT_FE);
 814:Drivers/STM32H7xx_HAL_Driver/Src/stm32h7xx_hal_dma.c **** 
 815:Drivers/STM32H7xx_HAL_Driver/Src/stm32h7xx_hal_dma.c ****       enableRegister = (__IO uint32_t *)(&(((DMA_Stream_TypeDef   *)hdma->Instance)->CR));
 816:Drivers/STM32H7xx_HAL_Driver/Src/stm32h7xx_hal_dma.c ****     }
 817:Drivers/STM32H7xx_HAL_Driver/Src/stm32h7xx_hal_dma.c ****     else /* BDMA channel */
 818:Drivers/STM32H7xx_HAL_Driver/Src/stm32h7xx_hal_dma.c ****     {
 819:Drivers/STM32H7xx_HAL_Driver/Src/stm32h7xx_hal_dma.c ****       /* Disable DMA All Interrupts */
 820:Drivers/STM32H7xx_HAL_Driver/Src/stm32h7xx_hal_dma.c ****       ((BDMA_Channel_TypeDef   *)hdma->Instance)->CCR  &= ~(BDMA_CCR_TCIE | BDMA_CCR_HTIE | BDMA_CC
 821:Drivers/STM32H7xx_HAL_Driver/Src/stm32h7xx_hal_dma.c **** 
 822:Drivers/STM32H7xx_HAL_Driver/Src/stm32h7xx_hal_dma.c ****       enableRegister = (__IO uint32_t *)(&(((BDMA_Channel_TypeDef   *)hdma->Instance)->CCR));
 823:Drivers/STM32H7xx_HAL_Driver/Src/stm32h7xx_hal_dma.c ****     }
 824:Drivers/STM32H7xx_HAL_Driver/Src/stm32h7xx_hal_dma.c **** 
 825:Drivers/STM32H7xx_HAL_Driver/Src/stm32h7xx_hal_dma.c ****     if(IS_DMA_DMAMUX_ALL_INSTANCE(hdma->Instance) != 0U) /* No DMAMUX available for BDMA1 */
 826:Drivers/STM32H7xx_HAL_Driver/Src/stm32h7xx_hal_dma.c ****     {
 827:Drivers/STM32H7xx_HAL_Driver/Src/stm32h7xx_hal_dma.c ****       /* disable the DMAMUX sync overrun IT */
 828:Drivers/STM32H7xx_HAL_Driver/Src/stm32h7xx_hal_dma.c ****       hdma->DMAmuxChannel->CCR &= ~DMAMUX_CxCR_SOIE;
ARM GAS  C:\Users\l1234\AppData\Local\Temp\ccQ59T7L.s 			page 16


 829:Drivers/STM32H7xx_HAL_Driver/Src/stm32h7xx_hal_dma.c ****     }
 830:Drivers/STM32H7xx_HAL_Driver/Src/stm32h7xx_hal_dma.c **** 
 831:Drivers/STM32H7xx_HAL_Driver/Src/stm32h7xx_hal_dma.c ****     /* Disable the stream */
 832:Drivers/STM32H7xx_HAL_Driver/Src/stm32h7xx_hal_dma.c ****     __HAL_DMA_DISABLE(hdma);
 833:Drivers/STM32H7xx_HAL_Driver/Src/stm32h7xx_hal_dma.c **** 
 834:Drivers/STM32H7xx_HAL_Driver/Src/stm32h7xx_hal_dma.c ****     /* Check if the DMA Stream is effectively disabled */
 835:Drivers/STM32H7xx_HAL_Driver/Src/stm32h7xx_hal_dma.c ****     while(((*enableRegister) & DMA_SxCR_EN) != 0U)
 836:Drivers/STM32H7xx_HAL_Driver/Src/stm32h7xx_hal_dma.c ****     {
 837:Drivers/STM32H7xx_HAL_Driver/Src/stm32h7xx_hal_dma.c ****       /* Check for the Timeout */
 838:Drivers/STM32H7xx_HAL_Driver/Src/stm32h7xx_hal_dma.c ****       if((HAL_GetTick() - tickstart ) > HAL_TIMEOUT_DMA_ABORT)
 839:Drivers/STM32H7xx_HAL_Driver/Src/stm32h7xx_hal_dma.c ****       {
 840:Drivers/STM32H7xx_HAL_Driver/Src/stm32h7xx_hal_dma.c ****         /* Update error code */
 841:Drivers/STM32H7xx_HAL_Driver/Src/stm32h7xx_hal_dma.c ****         hdma->ErrorCode = HAL_DMA_ERROR_TIMEOUT;
 842:Drivers/STM32H7xx_HAL_Driver/Src/stm32h7xx_hal_dma.c **** 
 843:Drivers/STM32H7xx_HAL_Driver/Src/stm32h7xx_hal_dma.c ****         /* Change the DMA state */
 844:Drivers/STM32H7xx_HAL_Driver/Src/stm32h7xx_hal_dma.c ****         hdma->State = HAL_DMA_STATE_ERROR;
 845:Drivers/STM32H7xx_HAL_Driver/Src/stm32h7xx_hal_dma.c **** 
 846:Drivers/STM32H7xx_HAL_Driver/Src/stm32h7xx_hal_dma.c ****         /* Process Unlocked */
 847:Drivers/STM32H7xx_HAL_Driver/Src/stm32h7xx_hal_dma.c ****         __HAL_UNLOCK(hdma);
 848:Drivers/STM32H7xx_HAL_Driver/Src/stm32h7xx_hal_dma.c **** 
 849:Drivers/STM32H7xx_HAL_Driver/Src/stm32h7xx_hal_dma.c ****         return HAL_ERROR;
 850:Drivers/STM32H7xx_HAL_Driver/Src/stm32h7xx_hal_dma.c ****       }
 851:Drivers/STM32H7xx_HAL_Driver/Src/stm32h7xx_hal_dma.c ****     }
 852:Drivers/STM32H7xx_HAL_Driver/Src/stm32h7xx_hal_dma.c **** 
 853:Drivers/STM32H7xx_HAL_Driver/Src/stm32h7xx_hal_dma.c ****     /* Clear all interrupt flags at correct offset within the register */
 854:Drivers/STM32H7xx_HAL_Driver/Src/stm32h7xx_hal_dma.c ****     if(IS_DMA_STREAM_INSTANCE(hdma->Instance) != 0U) /* DMA1 or DMA2 instance */
 855:Drivers/STM32H7xx_HAL_Driver/Src/stm32h7xx_hal_dma.c ****     {
 856:Drivers/STM32H7xx_HAL_Driver/Src/stm32h7xx_hal_dma.c ****       regs_dma = (DMA_Base_Registers *)hdma->StreamBaseAddress;
 857:Drivers/STM32H7xx_HAL_Driver/Src/stm32h7xx_hal_dma.c ****       regs_dma->IFCR = 0x3FUL << (hdma->StreamIndex & 0x1FU);
 858:Drivers/STM32H7xx_HAL_Driver/Src/stm32h7xx_hal_dma.c ****     }
 859:Drivers/STM32H7xx_HAL_Driver/Src/stm32h7xx_hal_dma.c ****     else /* BDMA channel */
 860:Drivers/STM32H7xx_HAL_Driver/Src/stm32h7xx_hal_dma.c ****     {
 861:Drivers/STM32H7xx_HAL_Driver/Src/stm32h7xx_hal_dma.c ****       regs_bdma = (BDMA_Base_Registers *)hdma->StreamBaseAddress;
 862:Drivers/STM32H7xx_HAL_Driver/Src/stm32h7xx_hal_dma.c ****       regs_bdma->IFCR = ((BDMA_IFCR_CGIF0) << (hdma->StreamIndex & 0x1FU));
 863:Drivers/STM32H7xx_HAL_Driver/Src/stm32h7xx_hal_dma.c ****     }
 864:Drivers/STM32H7xx_HAL_Driver/Src/stm32h7xx_hal_dma.c **** 
 865:Drivers/STM32H7xx_HAL_Driver/Src/stm32h7xx_hal_dma.c ****     if(IS_DMA_DMAMUX_ALL_INSTANCE(hdma->Instance) != 0U) /* No DMAMUX available for BDMA1 */
 866:Drivers/STM32H7xx_HAL_Driver/Src/stm32h7xx_hal_dma.c ****     {
 867:Drivers/STM32H7xx_HAL_Driver/Src/stm32h7xx_hal_dma.c ****       /* Clear the DMAMUX synchro overrun flag */
 868:Drivers/STM32H7xx_HAL_Driver/Src/stm32h7xx_hal_dma.c ****       hdma->DMAmuxChannelStatus->CFR = hdma->DMAmuxChannelStatusMask;
 869:Drivers/STM32H7xx_HAL_Driver/Src/stm32h7xx_hal_dma.c **** 
 870:Drivers/STM32H7xx_HAL_Driver/Src/stm32h7xx_hal_dma.c ****       if(hdma->DMAmuxRequestGen != 0U)
 871:Drivers/STM32H7xx_HAL_Driver/Src/stm32h7xx_hal_dma.c ****       {
 872:Drivers/STM32H7xx_HAL_Driver/Src/stm32h7xx_hal_dma.c ****         /* if using DMAMUX request generator, disable the DMAMUX request generator overrun IT */
 873:Drivers/STM32H7xx_HAL_Driver/Src/stm32h7xx_hal_dma.c ****         /* disable the request gen overrun IT */
 874:Drivers/STM32H7xx_HAL_Driver/Src/stm32h7xx_hal_dma.c ****         hdma->DMAmuxRequestGen->RGCR &= ~DMAMUX_RGxCR_OIE;
 875:Drivers/STM32H7xx_HAL_Driver/Src/stm32h7xx_hal_dma.c **** 
 876:Drivers/STM32H7xx_HAL_Driver/Src/stm32h7xx_hal_dma.c ****         /* Clear the DMAMUX request generator overrun flag */
 877:Drivers/STM32H7xx_HAL_Driver/Src/stm32h7xx_hal_dma.c ****         hdma->DMAmuxRequestGenStatus->RGCFR = hdma->DMAmuxRequestGenStatusMask;
 878:Drivers/STM32H7xx_HAL_Driver/Src/stm32h7xx_hal_dma.c ****       }
 879:Drivers/STM32H7xx_HAL_Driver/Src/stm32h7xx_hal_dma.c ****     }
 880:Drivers/STM32H7xx_HAL_Driver/Src/stm32h7xx_hal_dma.c **** 
 881:Drivers/STM32H7xx_HAL_Driver/Src/stm32h7xx_hal_dma.c ****     /* Change the DMA state */
 882:Drivers/STM32H7xx_HAL_Driver/Src/stm32h7xx_hal_dma.c ****     hdma->State = HAL_DMA_STATE_READY;
 883:Drivers/STM32H7xx_HAL_Driver/Src/stm32h7xx_hal_dma.c **** 
 884:Drivers/STM32H7xx_HAL_Driver/Src/stm32h7xx_hal_dma.c ****     /* Process Unlocked */
 885:Drivers/STM32H7xx_HAL_Driver/Src/stm32h7xx_hal_dma.c ****     __HAL_UNLOCK(hdma);
ARM GAS  C:\Users\l1234\AppData\Local\Temp\ccQ59T7L.s 			page 17


 886:Drivers/STM32H7xx_HAL_Driver/Src/stm32h7xx_hal_dma.c ****   }
 887:Drivers/STM32H7xx_HAL_Driver/Src/stm32h7xx_hal_dma.c **** 
 888:Drivers/STM32H7xx_HAL_Driver/Src/stm32h7xx_hal_dma.c ****   return HAL_OK;
 889:Drivers/STM32H7xx_HAL_Driver/Src/stm32h7xx_hal_dma.c **** }
 890:Drivers/STM32H7xx_HAL_Driver/Src/stm32h7xx_hal_dma.c **** 
 891:Drivers/STM32H7xx_HAL_Driver/Src/stm32h7xx_hal_dma.c **** /**
 892:Drivers/STM32H7xx_HAL_Driver/Src/stm32h7xx_hal_dma.c ****   * @brief  Aborts the DMA Transfer in Interrupt mode.
 893:Drivers/STM32H7xx_HAL_Driver/Src/stm32h7xx_hal_dma.c ****   * @param  hdma  : pointer to a DMA_HandleTypeDef structure that contains
 894:Drivers/STM32H7xx_HAL_Driver/Src/stm32h7xx_hal_dma.c ****   *                 the configuration information for the specified DMA Stream.
 895:Drivers/STM32H7xx_HAL_Driver/Src/stm32h7xx_hal_dma.c ****   * @retval HAL status
 896:Drivers/STM32H7xx_HAL_Driver/Src/stm32h7xx_hal_dma.c ****   */
 897:Drivers/STM32H7xx_HAL_Driver/Src/stm32h7xx_hal_dma.c **** HAL_StatusTypeDef HAL_DMA_Abort_IT(DMA_HandleTypeDef *hdma)
 898:Drivers/STM32H7xx_HAL_Driver/Src/stm32h7xx_hal_dma.c **** {
 899:Drivers/STM32H7xx_HAL_Driver/Src/stm32h7xx_hal_dma.c ****   BDMA_Base_Registers *regs_bdma;
 900:Drivers/STM32H7xx_HAL_Driver/Src/stm32h7xx_hal_dma.c **** 
 901:Drivers/STM32H7xx_HAL_Driver/Src/stm32h7xx_hal_dma.c ****   /* Check the DMA peripheral handle */
 902:Drivers/STM32H7xx_HAL_Driver/Src/stm32h7xx_hal_dma.c ****   if(hdma == NULL)
 903:Drivers/STM32H7xx_HAL_Driver/Src/stm32h7xx_hal_dma.c ****   {
 904:Drivers/STM32H7xx_HAL_Driver/Src/stm32h7xx_hal_dma.c ****     return HAL_ERROR;
 905:Drivers/STM32H7xx_HAL_Driver/Src/stm32h7xx_hal_dma.c ****   }
 906:Drivers/STM32H7xx_HAL_Driver/Src/stm32h7xx_hal_dma.c **** 
 907:Drivers/STM32H7xx_HAL_Driver/Src/stm32h7xx_hal_dma.c ****   if(hdma->State != HAL_DMA_STATE_BUSY)
 908:Drivers/STM32H7xx_HAL_Driver/Src/stm32h7xx_hal_dma.c ****   {
 909:Drivers/STM32H7xx_HAL_Driver/Src/stm32h7xx_hal_dma.c ****     hdma->ErrorCode = HAL_DMA_ERROR_NO_XFER;
 910:Drivers/STM32H7xx_HAL_Driver/Src/stm32h7xx_hal_dma.c ****     return HAL_ERROR;
 911:Drivers/STM32H7xx_HAL_Driver/Src/stm32h7xx_hal_dma.c ****   }
 912:Drivers/STM32H7xx_HAL_Driver/Src/stm32h7xx_hal_dma.c ****   else
 913:Drivers/STM32H7xx_HAL_Driver/Src/stm32h7xx_hal_dma.c ****   {
 914:Drivers/STM32H7xx_HAL_Driver/Src/stm32h7xx_hal_dma.c ****     if(IS_DMA_STREAM_INSTANCE(hdma->Instance) != 0U) /* DMA1 or DMA2 instance */
 915:Drivers/STM32H7xx_HAL_Driver/Src/stm32h7xx_hal_dma.c ****     {
 916:Drivers/STM32H7xx_HAL_Driver/Src/stm32h7xx_hal_dma.c ****       /* Set Abort State  */
 917:Drivers/STM32H7xx_HAL_Driver/Src/stm32h7xx_hal_dma.c ****       hdma->State = HAL_DMA_STATE_ABORT;
 918:Drivers/STM32H7xx_HAL_Driver/Src/stm32h7xx_hal_dma.c **** 
 919:Drivers/STM32H7xx_HAL_Driver/Src/stm32h7xx_hal_dma.c ****       /* Disable the stream */
 920:Drivers/STM32H7xx_HAL_Driver/Src/stm32h7xx_hal_dma.c ****       __HAL_DMA_DISABLE(hdma);
 921:Drivers/STM32H7xx_HAL_Driver/Src/stm32h7xx_hal_dma.c ****     }
 922:Drivers/STM32H7xx_HAL_Driver/Src/stm32h7xx_hal_dma.c ****     else /* BDMA channel */
 923:Drivers/STM32H7xx_HAL_Driver/Src/stm32h7xx_hal_dma.c ****     {
 924:Drivers/STM32H7xx_HAL_Driver/Src/stm32h7xx_hal_dma.c ****       /* Disable DMA All Interrupts  */
 925:Drivers/STM32H7xx_HAL_Driver/Src/stm32h7xx_hal_dma.c ****       ((BDMA_Channel_TypeDef   *)hdma->Instance)->CCR  &= ~(BDMA_CCR_TCIE | BDMA_CCR_HTIE | BDMA_CC
 926:Drivers/STM32H7xx_HAL_Driver/Src/stm32h7xx_hal_dma.c **** 
 927:Drivers/STM32H7xx_HAL_Driver/Src/stm32h7xx_hal_dma.c ****       /* Disable the channel */
 928:Drivers/STM32H7xx_HAL_Driver/Src/stm32h7xx_hal_dma.c ****       __HAL_DMA_DISABLE(hdma);
 929:Drivers/STM32H7xx_HAL_Driver/Src/stm32h7xx_hal_dma.c **** 
 930:Drivers/STM32H7xx_HAL_Driver/Src/stm32h7xx_hal_dma.c ****       if(IS_DMA_DMAMUX_ALL_INSTANCE(hdma->Instance) != 0U) /* No DMAMUX available for BDMA1 */
 931:Drivers/STM32H7xx_HAL_Driver/Src/stm32h7xx_hal_dma.c ****       {
 932:Drivers/STM32H7xx_HAL_Driver/Src/stm32h7xx_hal_dma.c ****         /* disable the DMAMUX sync overrun IT */
 933:Drivers/STM32H7xx_HAL_Driver/Src/stm32h7xx_hal_dma.c ****         hdma->DMAmuxChannel->CCR &= ~DMAMUX_CxCR_SOIE;
 934:Drivers/STM32H7xx_HAL_Driver/Src/stm32h7xx_hal_dma.c **** 
 935:Drivers/STM32H7xx_HAL_Driver/Src/stm32h7xx_hal_dma.c ****         /* Clear all flags */
 936:Drivers/STM32H7xx_HAL_Driver/Src/stm32h7xx_hal_dma.c ****         regs_bdma = (BDMA_Base_Registers *)hdma->StreamBaseAddress;
 937:Drivers/STM32H7xx_HAL_Driver/Src/stm32h7xx_hal_dma.c ****         regs_bdma->IFCR = ((BDMA_IFCR_CGIF0) << (hdma->StreamIndex & 0x1FU));
 938:Drivers/STM32H7xx_HAL_Driver/Src/stm32h7xx_hal_dma.c **** 
 939:Drivers/STM32H7xx_HAL_Driver/Src/stm32h7xx_hal_dma.c ****         /* Clear the DMAMUX synchro overrun flag */
 940:Drivers/STM32H7xx_HAL_Driver/Src/stm32h7xx_hal_dma.c ****         hdma->DMAmuxChannelStatus->CFR = hdma->DMAmuxChannelStatusMask;
 941:Drivers/STM32H7xx_HAL_Driver/Src/stm32h7xx_hal_dma.c **** 
 942:Drivers/STM32H7xx_HAL_Driver/Src/stm32h7xx_hal_dma.c ****         if(hdma->DMAmuxRequestGen != 0U)
ARM GAS  C:\Users\l1234\AppData\Local\Temp\ccQ59T7L.s 			page 18


 943:Drivers/STM32H7xx_HAL_Driver/Src/stm32h7xx_hal_dma.c ****         {
 944:Drivers/STM32H7xx_HAL_Driver/Src/stm32h7xx_hal_dma.c ****           /* if using DMAMUX request generator, disable the DMAMUX request generator overrun IT*/
 945:Drivers/STM32H7xx_HAL_Driver/Src/stm32h7xx_hal_dma.c ****           /* disable the request gen overrun IT */
 946:Drivers/STM32H7xx_HAL_Driver/Src/stm32h7xx_hal_dma.c ****           hdma->DMAmuxRequestGen->RGCR &= ~DMAMUX_RGxCR_OIE;
 947:Drivers/STM32H7xx_HAL_Driver/Src/stm32h7xx_hal_dma.c **** 
 948:Drivers/STM32H7xx_HAL_Driver/Src/stm32h7xx_hal_dma.c ****           /* Clear the DMAMUX request generator overrun flag */
 949:Drivers/STM32H7xx_HAL_Driver/Src/stm32h7xx_hal_dma.c ****           hdma->DMAmuxRequestGenStatus->RGCFR = hdma->DMAmuxRequestGenStatusMask;
 950:Drivers/STM32H7xx_HAL_Driver/Src/stm32h7xx_hal_dma.c ****         }
 951:Drivers/STM32H7xx_HAL_Driver/Src/stm32h7xx_hal_dma.c ****       }
 952:Drivers/STM32H7xx_HAL_Driver/Src/stm32h7xx_hal_dma.c **** 
 953:Drivers/STM32H7xx_HAL_Driver/Src/stm32h7xx_hal_dma.c ****       /* Change the DMA state */
 954:Drivers/STM32H7xx_HAL_Driver/Src/stm32h7xx_hal_dma.c ****       hdma->State = HAL_DMA_STATE_READY;
 955:Drivers/STM32H7xx_HAL_Driver/Src/stm32h7xx_hal_dma.c **** 
 956:Drivers/STM32H7xx_HAL_Driver/Src/stm32h7xx_hal_dma.c ****       /* Process Unlocked */
 957:Drivers/STM32H7xx_HAL_Driver/Src/stm32h7xx_hal_dma.c ****       __HAL_UNLOCK(hdma);
 958:Drivers/STM32H7xx_HAL_Driver/Src/stm32h7xx_hal_dma.c **** 
 959:Drivers/STM32H7xx_HAL_Driver/Src/stm32h7xx_hal_dma.c ****       /* Call User Abort callback */
 960:Drivers/STM32H7xx_HAL_Driver/Src/stm32h7xx_hal_dma.c ****       if(hdma->XferAbortCallback != NULL)
 961:Drivers/STM32H7xx_HAL_Driver/Src/stm32h7xx_hal_dma.c ****       {
 962:Drivers/STM32H7xx_HAL_Driver/Src/stm32h7xx_hal_dma.c ****         hdma->XferAbortCallback(hdma);
 963:Drivers/STM32H7xx_HAL_Driver/Src/stm32h7xx_hal_dma.c ****       }
 964:Drivers/STM32H7xx_HAL_Driver/Src/stm32h7xx_hal_dma.c ****     }
 965:Drivers/STM32H7xx_HAL_Driver/Src/stm32h7xx_hal_dma.c ****   }
 966:Drivers/STM32H7xx_HAL_Driver/Src/stm32h7xx_hal_dma.c **** 
 967:Drivers/STM32H7xx_HAL_Driver/Src/stm32h7xx_hal_dma.c ****   return HAL_OK;
 968:Drivers/STM32H7xx_HAL_Driver/Src/stm32h7xx_hal_dma.c **** }
 969:Drivers/STM32H7xx_HAL_Driver/Src/stm32h7xx_hal_dma.c **** 
 970:Drivers/STM32H7xx_HAL_Driver/Src/stm32h7xx_hal_dma.c **** /**
 971:Drivers/STM32H7xx_HAL_Driver/Src/stm32h7xx_hal_dma.c ****   * @brief  Polling for transfer complete.
 972:Drivers/STM32H7xx_HAL_Driver/Src/stm32h7xx_hal_dma.c ****   * @param  hdma:          pointer to a DMA_HandleTypeDef structure that contains
 973:Drivers/STM32H7xx_HAL_Driver/Src/stm32h7xx_hal_dma.c ****   *                        the configuration information for the specified DMA Stream.
 974:Drivers/STM32H7xx_HAL_Driver/Src/stm32h7xx_hal_dma.c ****   * @param  CompleteLevel: Specifies the DMA level complete.
 975:Drivers/STM32H7xx_HAL_Driver/Src/stm32h7xx_hal_dma.c ****   * @note   The polling mode is kept in this version for legacy. it is recommended to use the IT mo
 976:Drivers/STM32H7xx_HAL_Driver/Src/stm32h7xx_hal_dma.c ****   *         This model could be used for debug purpose.
 977:Drivers/STM32H7xx_HAL_Driver/Src/stm32h7xx_hal_dma.c ****   * @note   The HAL_DMA_PollForTransfer API cannot be used in circular and double buffering mode (a
 978:Drivers/STM32H7xx_HAL_Driver/Src/stm32h7xx_hal_dma.c ****   * @param  Timeout:       Timeout duration.
 979:Drivers/STM32H7xx_HAL_Driver/Src/stm32h7xx_hal_dma.c ****   * @retval HAL status
 980:Drivers/STM32H7xx_HAL_Driver/Src/stm32h7xx_hal_dma.c ****   */
 981:Drivers/STM32H7xx_HAL_Driver/Src/stm32h7xx_hal_dma.c **** HAL_StatusTypeDef HAL_DMA_PollForTransfer(DMA_HandleTypeDef *hdma, HAL_DMA_LevelCompleteTypeDef Com
 982:Drivers/STM32H7xx_HAL_Driver/Src/stm32h7xx_hal_dma.c **** {
 983:Drivers/STM32H7xx_HAL_Driver/Src/stm32h7xx_hal_dma.c ****   HAL_StatusTypeDef status = HAL_OK;
 984:Drivers/STM32H7xx_HAL_Driver/Src/stm32h7xx_hal_dma.c ****   uint32_t cpltlevel_mask;
 985:Drivers/STM32H7xx_HAL_Driver/Src/stm32h7xx_hal_dma.c ****   uint32_t tickstart = HAL_GetTick();
 986:Drivers/STM32H7xx_HAL_Driver/Src/stm32h7xx_hal_dma.c **** 
 987:Drivers/STM32H7xx_HAL_Driver/Src/stm32h7xx_hal_dma.c ****   /* IT status register */
 988:Drivers/STM32H7xx_HAL_Driver/Src/stm32h7xx_hal_dma.c ****   __IO uint32_t *isr_reg;
 989:Drivers/STM32H7xx_HAL_Driver/Src/stm32h7xx_hal_dma.c ****   /* IT clear flag register */
 990:Drivers/STM32H7xx_HAL_Driver/Src/stm32h7xx_hal_dma.c ****   __IO uint32_t *ifcr_reg;
 991:Drivers/STM32H7xx_HAL_Driver/Src/stm32h7xx_hal_dma.c **** 
 992:Drivers/STM32H7xx_HAL_Driver/Src/stm32h7xx_hal_dma.c ****   /* Check the DMA peripheral handle */
 993:Drivers/STM32H7xx_HAL_Driver/Src/stm32h7xx_hal_dma.c ****   if(hdma == NULL)
 994:Drivers/STM32H7xx_HAL_Driver/Src/stm32h7xx_hal_dma.c ****   {
 995:Drivers/STM32H7xx_HAL_Driver/Src/stm32h7xx_hal_dma.c ****     return HAL_ERROR;
 996:Drivers/STM32H7xx_HAL_Driver/Src/stm32h7xx_hal_dma.c ****   }
 997:Drivers/STM32H7xx_HAL_Driver/Src/stm32h7xx_hal_dma.c **** 
 998:Drivers/STM32H7xx_HAL_Driver/Src/stm32h7xx_hal_dma.c ****   if(HAL_DMA_STATE_BUSY != hdma->State)
 999:Drivers/STM32H7xx_HAL_Driver/Src/stm32h7xx_hal_dma.c ****   {
ARM GAS  C:\Users\l1234\AppData\Local\Temp\ccQ59T7L.s 			page 19


1000:Drivers/STM32H7xx_HAL_Driver/Src/stm32h7xx_hal_dma.c ****     /* No transfer ongoing */
1001:Drivers/STM32H7xx_HAL_Driver/Src/stm32h7xx_hal_dma.c ****     hdma->ErrorCode = HAL_DMA_ERROR_NO_XFER;
1002:Drivers/STM32H7xx_HAL_Driver/Src/stm32h7xx_hal_dma.c ****     __HAL_UNLOCK(hdma);
1003:Drivers/STM32H7xx_HAL_Driver/Src/stm32h7xx_hal_dma.c **** 
1004:Drivers/STM32H7xx_HAL_Driver/Src/stm32h7xx_hal_dma.c ****     return HAL_ERROR;
1005:Drivers/STM32H7xx_HAL_Driver/Src/stm32h7xx_hal_dma.c ****   }
1006:Drivers/STM32H7xx_HAL_Driver/Src/stm32h7xx_hal_dma.c **** 
1007:Drivers/STM32H7xx_HAL_Driver/Src/stm32h7xx_hal_dma.c ****   if(IS_DMA_STREAM_INSTANCE(hdma->Instance) != 0U) /* DMA1 or DMA2 instance */
1008:Drivers/STM32H7xx_HAL_Driver/Src/stm32h7xx_hal_dma.c ****   {
1009:Drivers/STM32H7xx_HAL_Driver/Src/stm32h7xx_hal_dma.c ****     /* Polling mode not supported in circular mode and double buffering mode */
1010:Drivers/STM32H7xx_HAL_Driver/Src/stm32h7xx_hal_dma.c ****     if ((((DMA_Stream_TypeDef   *)hdma->Instance)->CR & DMA_SxCR_CIRC) != 0U)
1011:Drivers/STM32H7xx_HAL_Driver/Src/stm32h7xx_hal_dma.c ****     {
1012:Drivers/STM32H7xx_HAL_Driver/Src/stm32h7xx_hal_dma.c ****       hdma->ErrorCode = HAL_DMA_ERROR_NOT_SUPPORTED;
1013:Drivers/STM32H7xx_HAL_Driver/Src/stm32h7xx_hal_dma.c ****       return HAL_ERROR;
1014:Drivers/STM32H7xx_HAL_Driver/Src/stm32h7xx_hal_dma.c ****     }
1015:Drivers/STM32H7xx_HAL_Driver/Src/stm32h7xx_hal_dma.c **** 
1016:Drivers/STM32H7xx_HAL_Driver/Src/stm32h7xx_hal_dma.c ****     /* Get the level transfer complete flag */
1017:Drivers/STM32H7xx_HAL_Driver/Src/stm32h7xx_hal_dma.c ****     if(CompleteLevel == HAL_DMA_FULL_TRANSFER)
1018:Drivers/STM32H7xx_HAL_Driver/Src/stm32h7xx_hal_dma.c ****     {
1019:Drivers/STM32H7xx_HAL_Driver/Src/stm32h7xx_hal_dma.c ****       /* Transfer Complete flag */
1020:Drivers/STM32H7xx_HAL_Driver/Src/stm32h7xx_hal_dma.c ****       cpltlevel_mask = DMA_FLAG_TCIF0_4 << (hdma->StreamIndex & 0x1FU);
1021:Drivers/STM32H7xx_HAL_Driver/Src/stm32h7xx_hal_dma.c ****     }
1022:Drivers/STM32H7xx_HAL_Driver/Src/stm32h7xx_hal_dma.c ****     else
1023:Drivers/STM32H7xx_HAL_Driver/Src/stm32h7xx_hal_dma.c ****     {
1024:Drivers/STM32H7xx_HAL_Driver/Src/stm32h7xx_hal_dma.c ****       /* Half Transfer Complete flag */
1025:Drivers/STM32H7xx_HAL_Driver/Src/stm32h7xx_hal_dma.c ****       cpltlevel_mask = DMA_FLAG_HTIF0_4 << (hdma->StreamIndex & 0x1FU);
1026:Drivers/STM32H7xx_HAL_Driver/Src/stm32h7xx_hal_dma.c ****     }
1027:Drivers/STM32H7xx_HAL_Driver/Src/stm32h7xx_hal_dma.c **** 
1028:Drivers/STM32H7xx_HAL_Driver/Src/stm32h7xx_hal_dma.c ****     isr_reg  = &(((DMA_Base_Registers *)hdma->StreamBaseAddress)->ISR);
1029:Drivers/STM32H7xx_HAL_Driver/Src/stm32h7xx_hal_dma.c ****     ifcr_reg = &(((DMA_Base_Registers *)hdma->StreamBaseAddress)->IFCR);
1030:Drivers/STM32H7xx_HAL_Driver/Src/stm32h7xx_hal_dma.c ****   }
1031:Drivers/STM32H7xx_HAL_Driver/Src/stm32h7xx_hal_dma.c ****   else /* BDMA channel */
1032:Drivers/STM32H7xx_HAL_Driver/Src/stm32h7xx_hal_dma.c ****   {
1033:Drivers/STM32H7xx_HAL_Driver/Src/stm32h7xx_hal_dma.c ****     /* Polling mode not supported in circular mode */
1034:Drivers/STM32H7xx_HAL_Driver/Src/stm32h7xx_hal_dma.c ****     if ((((BDMA_Channel_TypeDef   *)hdma->Instance)->CCR & BDMA_CCR_CIRC) != 0U)
1035:Drivers/STM32H7xx_HAL_Driver/Src/stm32h7xx_hal_dma.c ****     {
1036:Drivers/STM32H7xx_HAL_Driver/Src/stm32h7xx_hal_dma.c ****       hdma->ErrorCode = HAL_DMA_ERROR_NOT_SUPPORTED;
1037:Drivers/STM32H7xx_HAL_Driver/Src/stm32h7xx_hal_dma.c ****       return HAL_ERROR;
1038:Drivers/STM32H7xx_HAL_Driver/Src/stm32h7xx_hal_dma.c ****     }
1039:Drivers/STM32H7xx_HAL_Driver/Src/stm32h7xx_hal_dma.c **** 
1040:Drivers/STM32H7xx_HAL_Driver/Src/stm32h7xx_hal_dma.c ****     /* Get the level transfer complete flag */
1041:Drivers/STM32H7xx_HAL_Driver/Src/stm32h7xx_hal_dma.c ****     if(CompleteLevel == HAL_DMA_FULL_TRANSFER)
1042:Drivers/STM32H7xx_HAL_Driver/Src/stm32h7xx_hal_dma.c ****     {
1043:Drivers/STM32H7xx_HAL_Driver/Src/stm32h7xx_hal_dma.c ****       /* Transfer Complete flag */
1044:Drivers/STM32H7xx_HAL_Driver/Src/stm32h7xx_hal_dma.c ****       cpltlevel_mask = BDMA_FLAG_TC0 << (hdma->StreamIndex & 0x1FU);
1045:Drivers/STM32H7xx_HAL_Driver/Src/stm32h7xx_hal_dma.c ****     }
1046:Drivers/STM32H7xx_HAL_Driver/Src/stm32h7xx_hal_dma.c ****     else
1047:Drivers/STM32H7xx_HAL_Driver/Src/stm32h7xx_hal_dma.c ****     {
1048:Drivers/STM32H7xx_HAL_Driver/Src/stm32h7xx_hal_dma.c ****       /* Half Transfer Complete flag */
1049:Drivers/STM32H7xx_HAL_Driver/Src/stm32h7xx_hal_dma.c ****       cpltlevel_mask = BDMA_FLAG_HT0 << (hdma->StreamIndex & 0x1FU);
1050:Drivers/STM32H7xx_HAL_Driver/Src/stm32h7xx_hal_dma.c ****     }
1051:Drivers/STM32H7xx_HAL_Driver/Src/stm32h7xx_hal_dma.c **** 
1052:Drivers/STM32H7xx_HAL_Driver/Src/stm32h7xx_hal_dma.c ****     isr_reg  = &(((BDMA_Base_Registers *)hdma->StreamBaseAddress)->ISR);
1053:Drivers/STM32H7xx_HAL_Driver/Src/stm32h7xx_hal_dma.c ****     ifcr_reg = &(((BDMA_Base_Registers *)hdma->StreamBaseAddress)->IFCR);
1054:Drivers/STM32H7xx_HAL_Driver/Src/stm32h7xx_hal_dma.c ****   }
1055:Drivers/STM32H7xx_HAL_Driver/Src/stm32h7xx_hal_dma.c **** 
1056:Drivers/STM32H7xx_HAL_Driver/Src/stm32h7xx_hal_dma.c ****   while(((*isr_reg) & cpltlevel_mask) == 0U)
ARM GAS  C:\Users\l1234\AppData\Local\Temp\ccQ59T7L.s 			page 20


1057:Drivers/STM32H7xx_HAL_Driver/Src/stm32h7xx_hal_dma.c ****   {
1058:Drivers/STM32H7xx_HAL_Driver/Src/stm32h7xx_hal_dma.c ****     if(IS_DMA_STREAM_INSTANCE(hdma->Instance) != 0U) /* DMA1 or DMA2 instance */
1059:Drivers/STM32H7xx_HAL_Driver/Src/stm32h7xx_hal_dma.c ****     {
1060:Drivers/STM32H7xx_HAL_Driver/Src/stm32h7xx_hal_dma.c ****       if(((*isr_reg) & (DMA_FLAG_FEIF0_4 << (hdma->StreamIndex & 0x1FU))) != 0U)
1061:Drivers/STM32H7xx_HAL_Driver/Src/stm32h7xx_hal_dma.c ****       {
1062:Drivers/STM32H7xx_HAL_Driver/Src/stm32h7xx_hal_dma.c ****         /* Update error code */
1063:Drivers/STM32H7xx_HAL_Driver/Src/stm32h7xx_hal_dma.c ****         hdma->ErrorCode |= HAL_DMA_ERROR_FE;
1064:Drivers/STM32H7xx_HAL_Driver/Src/stm32h7xx_hal_dma.c **** 
1065:Drivers/STM32H7xx_HAL_Driver/Src/stm32h7xx_hal_dma.c ****         /* Clear the FIFO error flag */
1066:Drivers/STM32H7xx_HAL_Driver/Src/stm32h7xx_hal_dma.c ****         (*ifcr_reg) = DMA_FLAG_FEIF0_4 << (hdma->StreamIndex & 0x1FU);
1067:Drivers/STM32H7xx_HAL_Driver/Src/stm32h7xx_hal_dma.c ****       }
1068:Drivers/STM32H7xx_HAL_Driver/Src/stm32h7xx_hal_dma.c **** 
1069:Drivers/STM32H7xx_HAL_Driver/Src/stm32h7xx_hal_dma.c ****       if(((*isr_reg) & (DMA_FLAG_DMEIF0_4 << (hdma->StreamIndex & 0x1FU))) != 0U)
1070:Drivers/STM32H7xx_HAL_Driver/Src/stm32h7xx_hal_dma.c ****       {
1071:Drivers/STM32H7xx_HAL_Driver/Src/stm32h7xx_hal_dma.c ****         /* Update error code */
1072:Drivers/STM32H7xx_HAL_Driver/Src/stm32h7xx_hal_dma.c ****         hdma->ErrorCode |= HAL_DMA_ERROR_DME;
1073:Drivers/STM32H7xx_HAL_Driver/Src/stm32h7xx_hal_dma.c **** 
1074:Drivers/STM32H7xx_HAL_Driver/Src/stm32h7xx_hal_dma.c ****         /* Clear the Direct Mode error flag */
1075:Drivers/STM32H7xx_HAL_Driver/Src/stm32h7xx_hal_dma.c ****         (*ifcr_reg) = DMA_FLAG_DMEIF0_4 << (hdma->StreamIndex & 0x1FU);
1076:Drivers/STM32H7xx_HAL_Driver/Src/stm32h7xx_hal_dma.c ****       }
1077:Drivers/STM32H7xx_HAL_Driver/Src/stm32h7xx_hal_dma.c **** 
1078:Drivers/STM32H7xx_HAL_Driver/Src/stm32h7xx_hal_dma.c ****       if(((*isr_reg) & (DMA_FLAG_TEIF0_4 << (hdma->StreamIndex & 0x1FU))) != 0U)
1079:Drivers/STM32H7xx_HAL_Driver/Src/stm32h7xx_hal_dma.c ****       {
1080:Drivers/STM32H7xx_HAL_Driver/Src/stm32h7xx_hal_dma.c ****         /* Update error code */
1081:Drivers/STM32H7xx_HAL_Driver/Src/stm32h7xx_hal_dma.c ****         hdma->ErrorCode |= HAL_DMA_ERROR_TE;
1082:Drivers/STM32H7xx_HAL_Driver/Src/stm32h7xx_hal_dma.c **** 
1083:Drivers/STM32H7xx_HAL_Driver/Src/stm32h7xx_hal_dma.c ****         /* Clear the transfer error flag */
1084:Drivers/STM32H7xx_HAL_Driver/Src/stm32h7xx_hal_dma.c ****         (*ifcr_reg) = DMA_FLAG_TEIF0_4 << (hdma->StreamIndex & 0x1FU);
1085:Drivers/STM32H7xx_HAL_Driver/Src/stm32h7xx_hal_dma.c **** 
1086:Drivers/STM32H7xx_HAL_Driver/Src/stm32h7xx_hal_dma.c ****         /* Change the DMA state */
1087:Drivers/STM32H7xx_HAL_Driver/Src/stm32h7xx_hal_dma.c ****         hdma->State = HAL_DMA_STATE_READY;
1088:Drivers/STM32H7xx_HAL_Driver/Src/stm32h7xx_hal_dma.c **** 
1089:Drivers/STM32H7xx_HAL_Driver/Src/stm32h7xx_hal_dma.c ****         /* Process Unlocked */
1090:Drivers/STM32H7xx_HAL_Driver/Src/stm32h7xx_hal_dma.c ****         __HAL_UNLOCK(hdma);
1091:Drivers/STM32H7xx_HAL_Driver/Src/stm32h7xx_hal_dma.c **** 
1092:Drivers/STM32H7xx_HAL_Driver/Src/stm32h7xx_hal_dma.c ****         return HAL_ERROR;
1093:Drivers/STM32H7xx_HAL_Driver/Src/stm32h7xx_hal_dma.c ****       }
1094:Drivers/STM32H7xx_HAL_Driver/Src/stm32h7xx_hal_dma.c ****     }
1095:Drivers/STM32H7xx_HAL_Driver/Src/stm32h7xx_hal_dma.c ****     else /* BDMA channel */
1096:Drivers/STM32H7xx_HAL_Driver/Src/stm32h7xx_hal_dma.c ****     {
1097:Drivers/STM32H7xx_HAL_Driver/Src/stm32h7xx_hal_dma.c ****       if(((*isr_reg) & (BDMA_FLAG_TE0 << (hdma->StreamIndex & 0x1FU))) != 0U)
1098:Drivers/STM32H7xx_HAL_Driver/Src/stm32h7xx_hal_dma.c ****       {
1099:Drivers/STM32H7xx_HAL_Driver/Src/stm32h7xx_hal_dma.c ****         /* When a DMA transfer error occurs */
1100:Drivers/STM32H7xx_HAL_Driver/Src/stm32h7xx_hal_dma.c ****         /* A hardware clear of its EN bits is performed */
1101:Drivers/STM32H7xx_HAL_Driver/Src/stm32h7xx_hal_dma.c ****         /* Clear all flags */
1102:Drivers/STM32H7xx_HAL_Driver/Src/stm32h7xx_hal_dma.c ****         (*isr_reg) = ((BDMA_ISR_GIF0) << (hdma->StreamIndex & 0x1FU));
1103:Drivers/STM32H7xx_HAL_Driver/Src/stm32h7xx_hal_dma.c **** 
1104:Drivers/STM32H7xx_HAL_Driver/Src/stm32h7xx_hal_dma.c ****         /* Update error code */
1105:Drivers/STM32H7xx_HAL_Driver/Src/stm32h7xx_hal_dma.c ****         hdma->ErrorCode = HAL_DMA_ERROR_TE;
1106:Drivers/STM32H7xx_HAL_Driver/Src/stm32h7xx_hal_dma.c **** 
1107:Drivers/STM32H7xx_HAL_Driver/Src/stm32h7xx_hal_dma.c ****         /* Change the DMA state */
1108:Drivers/STM32H7xx_HAL_Driver/Src/stm32h7xx_hal_dma.c ****         hdma->State = HAL_DMA_STATE_READY;
1109:Drivers/STM32H7xx_HAL_Driver/Src/stm32h7xx_hal_dma.c **** 
1110:Drivers/STM32H7xx_HAL_Driver/Src/stm32h7xx_hal_dma.c ****         /* Process Unlocked */
1111:Drivers/STM32H7xx_HAL_Driver/Src/stm32h7xx_hal_dma.c ****         __HAL_UNLOCK(hdma);
1112:Drivers/STM32H7xx_HAL_Driver/Src/stm32h7xx_hal_dma.c **** 
1113:Drivers/STM32H7xx_HAL_Driver/Src/stm32h7xx_hal_dma.c ****         return HAL_ERROR;
ARM GAS  C:\Users\l1234\AppData\Local\Temp\ccQ59T7L.s 			page 21


1114:Drivers/STM32H7xx_HAL_Driver/Src/stm32h7xx_hal_dma.c ****       }
1115:Drivers/STM32H7xx_HAL_Driver/Src/stm32h7xx_hal_dma.c ****     }
1116:Drivers/STM32H7xx_HAL_Driver/Src/stm32h7xx_hal_dma.c **** 
1117:Drivers/STM32H7xx_HAL_Driver/Src/stm32h7xx_hal_dma.c ****     /* Check for the Timeout (Not applicable in circular mode)*/
1118:Drivers/STM32H7xx_HAL_Driver/Src/stm32h7xx_hal_dma.c ****     if(Timeout != HAL_MAX_DELAY)
1119:Drivers/STM32H7xx_HAL_Driver/Src/stm32h7xx_hal_dma.c ****     {
1120:Drivers/STM32H7xx_HAL_Driver/Src/stm32h7xx_hal_dma.c ****       if(((HAL_GetTick() - tickstart ) > Timeout)||(Timeout == 0U))
1121:Drivers/STM32H7xx_HAL_Driver/Src/stm32h7xx_hal_dma.c ****       {
1122:Drivers/STM32H7xx_HAL_Driver/Src/stm32h7xx_hal_dma.c ****         /* Update error code */
1123:Drivers/STM32H7xx_HAL_Driver/Src/stm32h7xx_hal_dma.c ****         hdma->ErrorCode = HAL_DMA_ERROR_TIMEOUT;
1124:Drivers/STM32H7xx_HAL_Driver/Src/stm32h7xx_hal_dma.c **** 
1125:Drivers/STM32H7xx_HAL_Driver/Src/stm32h7xx_hal_dma.c ****         /* if timeout then abort the current transfer */
1126:Drivers/STM32H7xx_HAL_Driver/Src/stm32h7xx_hal_dma.c ****         /* No need to check return value: as in this case we will return HAL_ERROR with HAL_DMA_ERR
1127:Drivers/STM32H7xx_HAL_Driver/Src/stm32h7xx_hal_dma.c ****         (void) HAL_DMA_Abort(hdma);
1128:Drivers/STM32H7xx_HAL_Driver/Src/stm32h7xx_hal_dma.c ****           /*
1129:Drivers/STM32H7xx_HAL_Driver/Src/stm32h7xx_hal_dma.c ****             Note that the Abort function will
1130:Drivers/STM32H7xx_HAL_Driver/Src/stm32h7xx_hal_dma.c ****               - Clear the transfer error flags
1131:Drivers/STM32H7xx_HAL_Driver/Src/stm32h7xx_hal_dma.c ****               - Unlock
1132:Drivers/STM32H7xx_HAL_Driver/Src/stm32h7xx_hal_dma.c ****               - Set the State
1133:Drivers/STM32H7xx_HAL_Driver/Src/stm32h7xx_hal_dma.c ****           */
1134:Drivers/STM32H7xx_HAL_Driver/Src/stm32h7xx_hal_dma.c **** 
1135:Drivers/STM32H7xx_HAL_Driver/Src/stm32h7xx_hal_dma.c ****         return HAL_ERROR;
1136:Drivers/STM32H7xx_HAL_Driver/Src/stm32h7xx_hal_dma.c ****       }
1137:Drivers/STM32H7xx_HAL_Driver/Src/stm32h7xx_hal_dma.c ****     }
1138:Drivers/STM32H7xx_HAL_Driver/Src/stm32h7xx_hal_dma.c **** 
1139:Drivers/STM32H7xx_HAL_Driver/Src/stm32h7xx_hal_dma.c ****     if(IS_DMA_DMAMUX_ALL_INSTANCE(hdma->Instance) != 0U) /* No DMAMUX available for BDMA1 */
1140:Drivers/STM32H7xx_HAL_Driver/Src/stm32h7xx_hal_dma.c ****     {
1141:Drivers/STM32H7xx_HAL_Driver/Src/stm32h7xx_hal_dma.c ****       /* Check for DMAMUX Request generator (if used) overrun status */
1142:Drivers/STM32H7xx_HAL_Driver/Src/stm32h7xx_hal_dma.c ****       if(hdma->DMAmuxRequestGen != 0U)
1143:Drivers/STM32H7xx_HAL_Driver/Src/stm32h7xx_hal_dma.c ****       {
1144:Drivers/STM32H7xx_HAL_Driver/Src/stm32h7xx_hal_dma.c ****         /* if using DMAMUX request generator Check for DMAMUX request generator overrun */
1145:Drivers/STM32H7xx_HAL_Driver/Src/stm32h7xx_hal_dma.c ****         if((hdma->DMAmuxRequestGenStatus->RGSR & hdma->DMAmuxRequestGenStatusMask) != 0U)
1146:Drivers/STM32H7xx_HAL_Driver/Src/stm32h7xx_hal_dma.c ****         {
1147:Drivers/STM32H7xx_HAL_Driver/Src/stm32h7xx_hal_dma.c ****           /* Clear the DMAMUX request generator overrun flag */
1148:Drivers/STM32H7xx_HAL_Driver/Src/stm32h7xx_hal_dma.c ****           hdma->DMAmuxRequestGenStatus->RGCFR = hdma->DMAmuxRequestGenStatusMask;
1149:Drivers/STM32H7xx_HAL_Driver/Src/stm32h7xx_hal_dma.c **** 
1150:Drivers/STM32H7xx_HAL_Driver/Src/stm32h7xx_hal_dma.c ****           /* Update error code */
1151:Drivers/STM32H7xx_HAL_Driver/Src/stm32h7xx_hal_dma.c ****           hdma->ErrorCode |= HAL_DMA_ERROR_REQGEN;
1152:Drivers/STM32H7xx_HAL_Driver/Src/stm32h7xx_hal_dma.c ****         }
1153:Drivers/STM32H7xx_HAL_Driver/Src/stm32h7xx_hal_dma.c ****       }
1154:Drivers/STM32H7xx_HAL_Driver/Src/stm32h7xx_hal_dma.c **** 
1155:Drivers/STM32H7xx_HAL_Driver/Src/stm32h7xx_hal_dma.c ****       /* Check for DMAMUX Synchronization overrun */
1156:Drivers/STM32H7xx_HAL_Driver/Src/stm32h7xx_hal_dma.c ****       if((hdma->DMAmuxChannelStatus->CSR & hdma->DMAmuxChannelStatusMask) != 0U)
1157:Drivers/STM32H7xx_HAL_Driver/Src/stm32h7xx_hal_dma.c ****       {
1158:Drivers/STM32H7xx_HAL_Driver/Src/stm32h7xx_hal_dma.c ****         /* Clear the DMAMUX synchro overrun flag */
1159:Drivers/STM32H7xx_HAL_Driver/Src/stm32h7xx_hal_dma.c ****         hdma->DMAmuxChannelStatus->CFR = hdma->DMAmuxChannelStatusMask;
1160:Drivers/STM32H7xx_HAL_Driver/Src/stm32h7xx_hal_dma.c **** 
1161:Drivers/STM32H7xx_HAL_Driver/Src/stm32h7xx_hal_dma.c ****         /* Update error code */
1162:Drivers/STM32H7xx_HAL_Driver/Src/stm32h7xx_hal_dma.c ****         hdma->ErrorCode |= HAL_DMA_ERROR_SYNC;
1163:Drivers/STM32H7xx_HAL_Driver/Src/stm32h7xx_hal_dma.c ****       }
1164:Drivers/STM32H7xx_HAL_Driver/Src/stm32h7xx_hal_dma.c ****     }
1165:Drivers/STM32H7xx_HAL_Driver/Src/stm32h7xx_hal_dma.c ****   }
1166:Drivers/STM32H7xx_HAL_Driver/Src/stm32h7xx_hal_dma.c **** 
1167:Drivers/STM32H7xx_HAL_Driver/Src/stm32h7xx_hal_dma.c **** 
1168:Drivers/STM32H7xx_HAL_Driver/Src/stm32h7xx_hal_dma.c ****   /* Get the level transfer complete flag */
1169:Drivers/STM32H7xx_HAL_Driver/Src/stm32h7xx_hal_dma.c ****   if(CompleteLevel == HAL_DMA_FULL_TRANSFER)
1170:Drivers/STM32H7xx_HAL_Driver/Src/stm32h7xx_hal_dma.c ****   {
ARM GAS  C:\Users\l1234\AppData\Local\Temp\ccQ59T7L.s 			page 22


1171:Drivers/STM32H7xx_HAL_Driver/Src/stm32h7xx_hal_dma.c ****     /* Clear the half transfer and transfer complete flags */
1172:Drivers/STM32H7xx_HAL_Driver/Src/stm32h7xx_hal_dma.c ****     if(IS_DMA_STREAM_INSTANCE(hdma->Instance) != 0U) /* DMA1 or DMA2 instance */
1173:Drivers/STM32H7xx_HAL_Driver/Src/stm32h7xx_hal_dma.c ****     {
1174:Drivers/STM32H7xx_HAL_Driver/Src/stm32h7xx_hal_dma.c ****       (*ifcr_reg) = (DMA_FLAG_HTIF0_4 | DMA_FLAG_TCIF0_4) << (hdma->StreamIndex & 0x1FU);
1175:Drivers/STM32H7xx_HAL_Driver/Src/stm32h7xx_hal_dma.c ****     }
1176:Drivers/STM32H7xx_HAL_Driver/Src/stm32h7xx_hal_dma.c ****     else /* BDMA channel */
1177:Drivers/STM32H7xx_HAL_Driver/Src/stm32h7xx_hal_dma.c ****     {
1178:Drivers/STM32H7xx_HAL_Driver/Src/stm32h7xx_hal_dma.c ****       (*ifcr_reg) = (BDMA_FLAG_TC0 << (hdma->StreamIndex & 0x1FU));
1179:Drivers/STM32H7xx_HAL_Driver/Src/stm32h7xx_hal_dma.c ****     }
1180:Drivers/STM32H7xx_HAL_Driver/Src/stm32h7xx_hal_dma.c **** 
1181:Drivers/STM32H7xx_HAL_Driver/Src/stm32h7xx_hal_dma.c ****     hdma->State = HAL_DMA_STATE_READY;
1182:Drivers/STM32H7xx_HAL_Driver/Src/stm32h7xx_hal_dma.c **** 
1183:Drivers/STM32H7xx_HAL_Driver/Src/stm32h7xx_hal_dma.c ****     /* Process Unlocked */
1184:Drivers/STM32H7xx_HAL_Driver/Src/stm32h7xx_hal_dma.c ****     __HAL_UNLOCK(hdma);
1185:Drivers/STM32H7xx_HAL_Driver/Src/stm32h7xx_hal_dma.c ****   }
1186:Drivers/STM32H7xx_HAL_Driver/Src/stm32h7xx_hal_dma.c ****   else /*CompleteLevel = HAL_DMA_HALF_TRANSFER*/
1187:Drivers/STM32H7xx_HAL_Driver/Src/stm32h7xx_hal_dma.c ****   {
1188:Drivers/STM32H7xx_HAL_Driver/Src/stm32h7xx_hal_dma.c ****     /* Clear the half transfer and transfer complete flags */
1189:Drivers/STM32H7xx_HAL_Driver/Src/stm32h7xx_hal_dma.c ****     if(IS_DMA_STREAM_INSTANCE(hdma->Instance) != 0U) /* DMA1 or DMA2 instance */
1190:Drivers/STM32H7xx_HAL_Driver/Src/stm32h7xx_hal_dma.c ****     {
1191:Drivers/STM32H7xx_HAL_Driver/Src/stm32h7xx_hal_dma.c ****       (*ifcr_reg) = (DMA_FLAG_HTIF0_4) << (hdma->StreamIndex & 0x1FU);
1192:Drivers/STM32H7xx_HAL_Driver/Src/stm32h7xx_hal_dma.c ****     }
1193:Drivers/STM32H7xx_HAL_Driver/Src/stm32h7xx_hal_dma.c ****     else /* BDMA channel */
1194:Drivers/STM32H7xx_HAL_Driver/Src/stm32h7xx_hal_dma.c ****     {
1195:Drivers/STM32H7xx_HAL_Driver/Src/stm32h7xx_hal_dma.c ****       (*ifcr_reg) = (BDMA_FLAG_HT0 << (hdma->StreamIndex & 0x1FU));
1196:Drivers/STM32H7xx_HAL_Driver/Src/stm32h7xx_hal_dma.c ****     }
1197:Drivers/STM32H7xx_HAL_Driver/Src/stm32h7xx_hal_dma.c ****   }
1198:Drivers/STM32H7xx_HAL_Driver/Src/stm32h7xx_hal_dma.c **** 
1199:Drivers/STM32H7xx_HAL_Driver/Src/stm32h7xx_hal_dma.c ****   return status;
1200:Drivers/STM32H7xx_HAL_Driver/Src/stm32h7xx_hal_dma.c **** }
1201:Drivers/STM32H7xx_HAL_Driver/Src/stm32h7xx_hal_dma.c **** 
1202:Drivers/STM32H7xx_HAL_Driver/Src/stm32h7xx_hal_dma.c **** /**
1203:Drivers/STM32H7xx_HAL_Driver/Src/stm32h7xx_hal_dma.c ****   * @brief  Handles DMA interrupt request.
1204:Drivers/STM32H7xx_HAL_Driver/Src/stm32h7xx_hal_dma.c ****   * @param  hdma: pointer to a DMA_HandleTypeDef structure that contains
1205:Drivers/STM32H7xx_HAL_Driver/Src/stm32h7xx_hal_dma.c ****   *               the configuration information for the specified DMA Stream.
1206:Drivers/STM32H7xx_HAL_Driver/Src/stm32h7xx_hal_dma.c ****   * @retval None
1207:Drivers/STM32H7xx_HAL_Driver/Src/stm32h7xx_hal_dma.c ****   */
1208:Drivers/STM32H7xx_HAL_Driver/Src/stm32h7xx_hal_dma.c **** void HAL_DMA_IRQHandler(DMA_HandleTypeDef *hdma)
1209:Drivers/STM32H7xx_HAL_Driver/Src/stm32h7xx_hal_dma.c **** {
1210:Drivers/STM32H7xx_HAL_Driver/Src/stm32h7xx_hal_dma.c ****   uint32_t tmpisr_dma, tmpisr_bdma;
1211:Drivers/STM32H7xx_HAL_Driver/Src/stm32h7xx_hal_dma.c ****   uint32_t ccr_reg;
1212:Drivers/STM32H7xx_HAL_Driver/Src/stm32h7xx_hal_dma.c ****   __IO uint32_t count = 0U;
1213:Drivers/STM32H7xx_HAL_Driver/Src/stm32h7xx_hal_dma.c ****   uint32_t timeout = SystemCoreClock / 9600U;
1214:Drivers/STM32H7xx_HAL_Driver/Src/stm32h7xx_hal_dma.c **** 
1215:Drivers/STM32H7xx_HAL_Driver/Src/stm32h7xx_hal_dma.c ****   /* calculate DMA base and stream number */
1216:Drivers/STM32H7xx_HAL_Driver/Src/stm32h7xx_hal_dma.c ****   DMA_Base_Registers  *regs_dma  = (DMA_Base_Registers *)hdma->StreamBaseAddress;
1217:Drivers/STM32H7xx_HAL_Driver/Src/stm32h7xx_hal_dma.c ****   BDMA_Base_Registers *regs_bdma = (BDMA_Base_Registers *)hdma->StreamBaseAddress;
1218:Drivers/STM32H7xx_HAL_Driver/Src/stm32h7xx_hal_dma.c **** 
1219:Drivers/STM32H7xx_HAL_Driver/Src/stm32h7xx_hal_dma.c ****   tmpisr_dma  = regs_dma->ISR;
1220:Drivers/STM32H7xx_HAL_Driver/Src/stm32h7xx_hal_dma.c ****   tmpisr_bdma = regs_bdma->ISR;
1221:Drivers/STM32H7xx_HAL_Driver/Src/stm32h7xx_hal_dma.c **** 
1222:Drivers/STM32H7xx_HAL_Driver/Src/stm32h7xx_hal_dma.c ****   if(IS_DMA_STREAM_INSTANCE(hdma->Instance) != 0U)  /* DMA1 or DMA2 instance */
1223:Drivers/STM32H7xx_HAL_Driver/Src/stm32h7xx_hal_dma.c ****   {
1224:Drivers/STM32H7xx_HAL_Driver/Src/stm32h7xx_hal_dma.c ****     /* Transfer Error Interrupt management ***************************************/
1225:Drivers/STM32H7xx_HAL_Driver/Src/stm32h7xx_hal_dma.c ****     if ((tmpisr_dma & (DMA_FLAG_TEIF0_4 << (hdma->StreamIndex & 0x1FU))) != 0U)
1226:Drivers/STM32H7xx_HAL_Driver/Src/stm32h7xx_hal_dma.c ****     {
1227:Drivers/STM32H7xx_HAL_Driver/Src/stm32h7xx_hal_dma.c ****       if(__HAL_DMA_GET_IT_SOURCE(hdma, DMA_IT_TE) != 0U)
ARM GAS  C:\Users\l1234\AppData\Local\Temp\ccQ59T7L.s 			page 23


1228:Drivers/STM32H7xx_HAL_Driver/Src/stm32h7xx_hal_dma.c ****       {
1229:Drivers/STM32H7xx_HAL_Driver/Src/stm32h7xx_hal_dma.c ****         /* Disable the transfer error interrupt */
1230:Drivers/STM32H7xx_HAL_Driver/Src/stm32h7xx_hal_dma.c ****         ((DMA_Stream_TypeDef   *)hdma->Instance)->CR  &= ~(DMA_IT_TE);
1231:Drivers/STM32H7xx_HAL_Driver/Src/stm32h7xx_hal_dma.c **** 
1232:Drivers/STM32H7xx_HAL_Driver/Src/stm32h7xx_hal_dma.c ****         /* Clear the transfer error flag */
1233:Drivers/STM32H7xx_HAL_Driver/Src/stm32h7xx_hal_dma.c ****         regs_dma->IFCR = DMA_FLAG_TEIF0_4 << (hdma->StreamIndex & 0x1FU);
1234:Drivers/STM32H7xx_HAL_Driver/Src/stm32h7xx_hal_dma.c **** 
1235:Drivers/STM32H7xx_HAL_Driver/Src/stm32h7xx_hal_dma.c ****         /* Update error code */
1236:Drivers/STM32H7xx_HAL_Driver/Src/stm32h7xx_hal_dma.c ****         hdma->ErrorCode |= HAL_DMA_ERROR_TE;
1237:Drivers/STM32H7xx_HAL_Driver/Src/stm32h7xx_hal_dma.c ****       }
1238:Drivers/STM32H7xx_HAL_Driver/Src/stm32h7xx_hal_dma.c ****     }
1239:Drivers/STM32H7xx_HAL_Driver/Src/stm32h7xx_hal_dma.c ****     /* FIFO Error Interrupt management ******************************************/
1240:Drivers/STM32H7xx_HAL_Driver/Src/stm32h7xx_hal_dma.c ****     if ((tmpisr_dma & (DMA_FLAG_FEIF0_4 << (hdma->StreamIndex & 0x1FU))) != 0U)
1241:Drivers/STM32H7xx_HAL_Driver/Src/stm32h7xx_hal_dma.c ****     {
1242:Drivers/STM32H7xx_HAL_Driver/Src/stm32h7xx_hal_dma.c ****       if(__HAL_DMA_GET_IT_SOURCE(hdma, DMA_IT_FE) != 0U)
1243:Drivers/STM32H7xx_HAL_Driver/Src/stm32h7xx_hal_dma.c ****       {
1244:Drivers/STM32H7xx_HAL_Driver/Src/stm32h7xx_hal_dma.c ****         /* Clear the FIFO error flag */
1245:Drivers/STM32H7xx_HAL_Driver/Src/stm32h7xx_hal_dma.c ****         regs_dma->IFCR = DMA_FLAG_FEIF0_4 << (hdma->StreamIndex & 0x1FU);
1246:Drivers/STM32H7xx_HAL_Driver/Src/stm32h7xx_hal_dma.c **** 
1247:Drivers/STM32H7xx_HAL_Driver/Src/stm32h7xx_hal_dma.c ****         /* Update error code */
1248:Drivers/STM32H7xx_HAL_Driver/Src/stm32h7xx_hal_dma.c ****         hdma->ErrorCode |= HAL_DMA_ERROR_FE;
1249:Drivers/STM32H7xx_HAL_Driver/Src/stm32h7xx_hal_dma.c ****       }
1250:Drivers/STM32H7xx_HAL_Driver/Src/stm32h7xx_hal_dma.c ****     }
1251:Drivers/STM32H7xx_HAL_Driver/Src/stm32h7xx_hal_dma.c ****     /* Direct Mode Error Interrupt management ***********************************/
1252:Drivers/STM32H7xx_HAL_Driver/Src/stm32h7xx_hal_dma.c ****     if ((tmpisr_dma & (DMA_FLAG_DMEIF0_4 << (hdma->StreamIndex & 0x1FU))) != 0U)
1253:Drivers/STM32H7xx_HAL_Driver/Src/stm32h7xx_hal_dma.c ****     {
1254:Drivers/STM32H7xx_HAL_Driver/Src/stm32h7xx_hal_dma.c ****       if(__HAL_DMA_GET_IT_SOURCE(hdma, DMA_IT_DME) != 0U)
1255:Drivers/STM32H7xx_HAL_Driver/Src/stm32h7xx_hal_dma.c ****       {
1256:Drivers/STM32H7xx_HAL_Driver/Src/stm32h7xx_hal_dma.c ****         /* Clear the direct mode error flag */
1257:Drivers/STM32H7xx_HAL_Driver/Src/stm32h7xx_hal_dma.c ****         regs_dma->IFCR = DMA_FLAG_DMEIF0_4 << (hdma->StreamIndex & 0x1FU);
1258:Drivers/STM32H7xx_HAL_Driver/Src/stm32h7xx_hal_dma.c **** 
1259:Drivers/STM32H7xx_HAL_Driver/Src/stm32h7xx_hal_dma.c ****         /* Update error code */
1260:Drivers/STM32H7xx_HAL_Driver/Src/stm32h7xx_hal_dma.c ****         hdma->ErrorCode |= HAL_DMA_ERROR_DME;
1261:Drivers/STM32H7xx_HAL_Driver/Src/stm32h7xx_hal_dma.c ****       }
1262:Drivers/STM32H7xx_HAL_Driver/Src/stm32h7xx_hal_dma.c ****     }
1263:Drivers/STM32H7xx_HAL_Driver/Src/stm32h7xx_hal_dma.c ****     /* Half Transfer Complete Interrupt management ******************************/
1264:Drivers/STM32H7xx_HAL_Driver/Src/stm32h7xx_hal_dma.c ****     if ((tmpisr_dma & (DMA_FLAG_HTIF0_4 << (hdma->StreamIndex & 0x1FU))) != 0U)
1265:Drivers/STM32H7xx_HAL_Driver/Src/stm32h7xx_hal_dma.c ****     {
1266:Drivers/STM32H7xx_HAL_Driver/Src/stm32h7xx_hal_dma.c ****       if(__HAL_DMA_GET_IT_SOURCE(hdma, DMA_IT_HT) != 0U)
1267:Drivers/STM32H7xx_HAL_Driver/Src/stm32h7xx_hal_dma.c ****       {
1268:Drivers/STM32H7xx_HAL_Driver/Src/stm32h7xx_hal_dma.c ****         /* Clear the half transfer complete flag */
1269:Drivers/STM32H7xx_HAL_Driver/Src/stm32h7xx_hal_dma.c ****         regs_dma->IFCR = DMA_FLAG_HTIF0_4 << (hdma->StreamIndex & 0x1FU);
1270:Drivers/STM32H7xx_HAL_Driver/Src/stm32h7xx_hal_dma.c **** 
1271:Drivers/STM32H7xx_HAL_Driver/Src/stm32h7xx_hal_dma.c ****         /* Multi_Buffering mode enabled */
1272:Drivers/STM32H7xx_HAL_Driver/Src/stm32h7xx_hal_dma.c ****         if(((((DMA_Stream_TypeDef   *)hdma->Instance)->CR) & (uint32_t)(DMA_SxCR_DBM)) != 0U)
1273:Drivers/STM32H7xx_HAL_Driver/Src/stm32h7xx_hal_dma.c ****         {
1274:Drivers/STM32H7xx_HAL_Driver/Src/stm32h7xx_hal_dma.c ****           /* Current memory buffer used is Memory 0 */
1275:Drivers/STM32H7xx_HAL_Driver/Src/stm32h7xx_hal_dma.c ****           if((((DMA_Stream_TypeDef   *)hdma->Instance)->CR & DMA_SxCR_CT) == 0U)
1276:Drivers/STM32H7xx_HAL_Driver/Src/stm32h7xx_hal_dma.c ****           {
1277:Drivers/STM32H7xx_HAL_Driver/Src/stm32h7xx_hal_dma.c ****             if(hdma->XferHalfCpltCallback != NULL)
1278:Drivers/STM32H7xx_HAL_Driver/Src/stm32h7xx_hal_dma.c ****             {
1279:Drivers/STM32H7xx_HAL_Driver/Src/stm32h7xx_hal_dma.c ****               /* Half transfer callback */
1280:Drivers/STM32H7xx_HAL_Driver/Src/stm32h7xx_hal_dma.c ****               hdma->XferHalfCpltCallback(hdma);
1281:Drivers/STM32H7xx_HAL_Driver/Src/stm32h7xx_hal_dma.c ****             }
1282:Drivers/STM32H7xx_HAL_Driver/Src/stm32h7xx_hal_dma.c ****           }
1283:Drivers/STM32H7xx_HAL_Driver/Src/stm32h7xx_hal_dma.c ****           /* Current memory buffer used is Memory 1 */
1284:Drivers/STM32H7xx_HAL_Driver/Src/stm32h7xx_hal_dma.c ****           else
ARM GAS  C:\Users\l1234\AppData\Local\Temp\ccQ59T7L.s 			page 24


1285:Drivers/STM32H7xx_HAL_Driver/Src/stm32h7xx_hal_dma.c ****           {
1286:Drivers/STM32H7xx_HAL_Driver/Src/stm32h7xx_hal_dma.c ****             if(hdma->XferM1HalfCpltCallback != NULL)
1287:Drivers/STM32H7xx_HAL_Driver/Src/stm32h7xx_hal_dma.c ****             {
1288:Drivers/STM32H7xx_HAL_Driver/Src/stm32h7xx_hal_dma.c ****               /* Half transfer callback */
1289:Drivers/STM32H7xx_HAL_Driver/Src/stm32h7xx_hal_dma.c ****               hdma->XferM1HalfCpltCallback(hdma);
1290:Drivers/STM32H7xx_HAL_Driver/Src/stm32h7xx_hal_dma.c ****             }
1291:Drivers/STM32H7xx_HAL_Driver/Src/stm32h7xx_hal_dma.c ****           }
1292:Drivers/STM32H7xx_HAL_Driver/Src/stm32h7xx_hal_dma.c ****         }
1293:Drivers/STM32H7xx_HAL_Driver/Src/stm32h7xx_hal_dma.c ****         else
1294:Drivers/STM32H7xx_HAL_Driver/Src/stm32h7xx_hal_dma.c ****         {
1295:Drivers/STM32H7xx_HAL_Driver/Src/stm32h7xx_hal_dma.c ****           /* Disable the half transfer interrupt if the DMA mode is not CIRCULAR */
1296:Drivers/STM32H7xx_HAL_Driver/Src/stm32h7xx_hal_dma.c ****           if((((DMA_Stream_TypeDef   *)hdma->Instance)->CR & DMA_SxCR_CIRC) == 0U)
1297:Drivers/STM32H7xx_HAL_Driver/Src/stm32h7xx_hal_dma.c ****           {
1298:Drivers/STM32H7xx_HAL_Driver/Src/stm32h7xx_hal_dma.c ****             /* Disable the half transfer interrupt */
1299:Drivers/STM32H7xx_HAL_Driver/Src/stm32h7xx_hal_dma.c ****             ((DMA_Stream_TypeDef   *)hdma->Instance)->CR  &= ~(DMA_IT_HT);
1300:Drivers/STM32H7xx_HAL_Driver/Src/stm32h7xx_hal_dma.c ****           }
1301:Drivers/STM32H7xx_HAL_Driver/Src/stm32h7xx_hal_dma.c **** 
1302:Drivers/STM32H7xx_HAL_Driver/Src/stm32h7xx_hal_dma.c ****           if(hdma->XferHalfCpltCallback != NULL)
1303:Drivers/STM32H7xx_HAL_Driver/Src/stm32h7xx_hal_dma.c ****           {
1304:Drivers/STM32H7xx_HAL_Driver/Src/stm32h7xx_hal_dma.c ****             /* Half transfer callback */
1305:Drivers/STM32H7xx_HAL_Driver/Src/stm32h7xx_hal_dma.c ****             hdma->XferHalfCpltCallback(hdma);
1306:Drivers/STM32H7xx_HAL_Driver/Src/stm32h7xx_hal_dma.c ****           }
1307:Drivers/STM32H7xx_HAL_Driver/Src/stm32h7xx_hal_dma.c ****         }
1308:Drivers/STM32H7xx_HAL_Driver/Src/stm32h7xx_hal_dma.c ****       }
1309:Drivers/STM32H7xx_HAL_Driver/Src/stm32h7xx_hal_dma.c ****     }
1310:Drivers/STM32H7xx_HAL_Driver/Src/stm32h7xx_hal_dma.c ****     /* Transfer Complete Interrupt management ***********************************/
1311:Drivers/STM32H7xx_HAL_Driver/Src/stm32h7xx_hal_dma.c ****     if ((tmpisr_dma & (DMA_FLAG_TCIF0_4 << (hdma->StreamIndex & 0x1FU))) != 0U)
1312:Drivers/STM32H7xx_HAL_Driver/Src/stm32h7xx_hal_dma.c ****     {
1313:Drivers/STM32H7xx_HAL_Driver/Src/stm32h7xx_hal_dma.c ****       if(__HAL_DMA_GET_IT_SOURCE(hdma, DMA_IT_TC) != 0U)
1314:Drivers/STM32H7xx_HAL_Driver/Src/stm32h7xx_hal_dma.c ****       {
1315:Drivers/STM32H7xx_HAL_Driver/Src/stm32h7xx_hal_dma.c ****         /* Clear the transfer complete flag */
1316:Drivers/STM32H7xx_HAL_Driver/Src/stm32h7xx_hal_dma.c ****         regs_dma->IFCR = DMA_FLAG_TCIF0_4 << (hdma->StreamIndex & 0x1FU);
1317:Drivers/STM32H7xx_HAL_Driver/Src/stm32h7xx_hal_dma.c **** 
1318:Drivers/STM32H7xx_HAL_Driver/Src/stm32h7xx_hal_dma.c ****         if(HAL_DMA_STATE_ABORT == hdma->State)
1319:Drivers/STM32H7xx_HAL_Driver/Src/stm32h7xx_hal_dma.c ****         {
1320:Drivers/STM32H7xx_HAL_Driver/Src/stm32h7xx_hal_dma.c ****           /* Disable all the transfer interrupts */
1321:Drivers/STM32H7xx_HAL_Driver/Src/stm32h7xx_hal_dma.c ****           ((DMA_Stream_TypeDef   *)hdma->Instance)->CR  &= ~(DMA_IT_TC | DMA_IT_TE | DMA_IT_DME);
1322:Drivers/STM32H7xx_HAL_Driver/Src/stm32h7xx_hal_dma.c ****           ((DMA_Stream_TypeDef   *)hdma->Instance)->FCR &= ~(DMA_IT_FE);
1323:Drivers/STM32H7xx_HAL_Driver/Src/stm32h7xx_hal_dma.c **** 
1324:Drivers/STM32H7xx_HAL_Driver/Src/stm32h7xx_hal_dma.c ****           if((hdma->XferHalfCpltCallback != NULL) || (hdma->XferM1HalfCpltCallback != NULL))
1325:Drivers/STM32H7xx_HAL_Driver/Src/stm32h7xx_hal_dma.c ****           {
1326:Drivers/STM32H7xx_HAL_Driver/Src/stm32h7xx_hal_dma.c ****             ((DMA_Stream_TypeDef   *)hdma->Instance)->CR  &= ~(DMA_IT_HT);
1327:Drivers/STM32H7xx_HAL_Driver/Src/stm32h7xx_hal_dma.c ****           }
1328:Drivers/STM32H7xx_HAL_Driver/Src/stm32h7xx_hal_dma.c **** 
1329:Drivers/STM32H7xx_HAL_Driver/Src/stm32h7xx_hal_dma.c ****           /* Clear all interrupt flags at correct offset within the register */
1330:Drivers/STM32H7xx_HAL_Driver/Src/stm32h7xx_hal_dma.c ****           regs_dma->IFCR = 0x3FUL << (hdma->StreamIndex & 0x1FU);
1331:Drivers/STM32H7xx_HAL_Driver/Src/stm32h7xx_hal_dma.c **** 
1332:Drivers/STM32H7xx_HAL_Driver/Src/stm32h7xx_hal_dma.c ****           /* Change the DMA state */
1333:Drivers/STM32H7xx_HAL_Driver/Src/stm32h7xx_hal_dma.c ****           hdma->State = HAL_DMA_STATE_READY;
1334:Drivers/STM32H7xx_HAL_Driver/Src/stm32h7xx_hal_dma.c **** 
1335:Drivers/STM32H7xx_HAL_Driver/Src/stm32h7xx_hal_dma.c ****           /* Process Unlocked */
1336:Drivers/STM32H7xx_HAL_Driver/Src/stm32h7xx_hal_dma.c ****           __HAL_UNLOCK(hdma);
1337:Drivers/STM32H7xx_HAL_Driver/Src/stm32h7xx_hal_dma.c **** 
1338:Drivers/STM32H7xx_HAL_Driver/Src/stm32h7xx_hal_dma.c ****           if(hdma->XferAbortCallback != NULL)
1339:Drivers/STM32H7xx_HAL_Driver/Src/stm32h7xx_hal_dma.c ****           {
1340:Drivers/STM32H7xx_HAL_Driver/Src/stm32h7xx_hal_dma.c ****             hdma->XferAbortCallback(hdma);
1341:Drivers/STM32H7xx_HAL_Driver/Src/stm32h7xx_hal_dma.c ****           }
ARM GAS  C:\Users\l1234\AppData\Local\Temp\ccQ59T7L.s 			page 25


1342:Drivers/STM32H7xx_HAL_Driver/Src/stm32h7xx_hal_dma.c ****           return;
1343:Drivers/STM32H7xx_HAL_Driver/Src/stm32h7xx_hal_dma.c ****         }
1344:Drivers/STM32H7xx_HAL_Driver/Src/stm32h7xx_hal_dma.c **** 
1345:Drivers/STM32H7xx_HAL_Driver/Src/stm32h7xx_hal_dma.c ****         if(((((DMA_Stream_TypeDef   *)hdma->Instance)->CR) & (uint32_t)(DMA_SxCR_DBM)) != 0U)
1346:Drivers/STM32H7xx_HAL_Driver/Src/stm32h7xx_hal_dma.c ****         {
1347:Drivers/STM32H7xx_HAL_Driver/Src/stm32h7xx_hal_dma.c ****           /* Current memory buffer used is Memory 0 */
1348:Drivers/STM32H7xx_HAL_Driver/Src/stm32h7xx_hal_dma.c ****           if((((DMA_Stream_TypeDef   *)hdma->Instance)->CR & DMA_SxCR_CT) == 0U)
1349:Drivers/STM32H7xx_HAL_Driver/Src/stm32h7xx_hal_dma.c ****           {
1350:Drivers/STM32H7xx_HAL_Driver/Src/stm32h7xx_hal_dma.c ****             if(hdma->XferM1CpltCallback != NULL)
1351:Drivers/STM32H7xx_HAL_Driver/Src/stm32h7xx_hal_dma.c ****             {
1352:Drivers/STM32H7xx_HAL_Driver/Src/stm32h7xx_hal_dma.c ****               /* Transfer complete Callback for memory1 */
1353:Drivers/STM32H7xx_HAL_Driver/Src/stm32h7xx_hal_dma.c ****               hdma->XferM1CpltCallback(hdma);
1354:Drivers/STM32H7xx_HAL_Driver/Src/stm32h7xx_hal_dma.c ****             }
1355:Drivers/STM32H7xx_HAL_Driver/Src/stm32h7xx_hal_dma.c ****           }
1356:Drivers/STM32H7xx_HAL_Driver/Src/stm32h7xx_hal_dma.c ****           /* Current memory buffer used is Memory 1 */
1357:Drivers/STM32H7xx_HAL_Driver/Src/stm32h7xx_hal_dma.c ****           else
1358:Drivers/STM32H7xx_HAL_Driver/Src/stm32h7xx_hal_dma.c ****           {
1359:Drivers/STM32H7xx_HAL_Driver/Src/stm32h7xx_hal_dma.c ****             if(hdma->XferCpltCallback != NULL)
1360:Drivers/STM32H7xx_HAL_Driver/Src/stm32h7xx_hal_dma.c ****             {
1361:Drivers/STM32H7xx_HAL_Driver/Src/stm32h7xx_hal_dma.c ****               /* Transfer complete Callback for memory0 */
1362:Drivers/STM32H7xx_HAL_Driver/Src/stm32h7xx_hal_dma.c ****               hdma->XferCpltCallback(hdma);
1363:Drivers/STM32H7xx_HAL_Driver/Src/stm32h7xx_hal_dma.c ****             }
1364:Drivers/STM32H7xx_HAL_Driver/Src/stm32h7xx_hal_dma.c ****           }
1365:Drivers/STM32H7xx_HAL_Driver/Src/stm32h7xx_hal_dma.c ****         }
1366:Drivers/STM32H7xx_HAL_Driver/Src/stm32h7xx_hal_dma.c ****         /* Disable the transfer complete interrupt if the DMA mode is not CIRCULAR */
1367:Drivers/STM32H7xx_HAL_Driver/Src/stm32h7xx_hal_dma.c ****         else
1368:Drivers/STM32H7xx_HAL_Driver/Src/stm32h7xx_hal_dma.c ****         {
1369:Drivers/STM32H7xx_HAL_Driver/Src/stm32h7xx_hal_dma.c ****           if((((DMA_Stream_TypeDef   *)hdma->Instance)->CR & DMA_SxCR_CIRC) == 0U)
1370:Drivers/STM32H7xx_HAL_Driver/Src/stm32h7xx_hal_dma.c ****           {
1371:Drivers/STM32H7xx_HAL_Driver/Src/stm32h7xx_hal_dma.c ****             /* Disable the transfer complete interrupt */
1372:Drivers/STM32H7xx_HAL_Driver/Src/stm32h7xx_hal_dma.c ****             ((DMA_Stream_TypeDef   *)hdma->Instance)->CR  &= ~(DMA_IT_TC);
1373:Drivers/STM32H7xx_HAL_Driver/Src/stm32h7xx_hal_dma.c **** 
1374:Drivers/STM32H7xx_HAL_Driver/Src/stm32h7xx_hal_dma.c ****             /* Change the DMA state */
1375:Drivers/STM32H7xx_HAL_Driver/Src/stm32h7xx_hal_dma.c ****             hdma->State = HAL_DMA_STATE_READY;
1376:Drivers/STM32H7xx_HAL_Driver/Src/stm32h7xx_hal_dma.c **** 
1377:Drivers/STM32H7xx_HAL_Driver/Src/stm32h7xx_hal_dma.c ****             /* Process Unlocked */
1378:Drivers/STM32H7xx_HAL_Driver/Src/stm32h7xx_hal_dma.c ****             __HAL_UNLOCK(hdma);
1379:Drivers/STM32H7xx_HAL_Driver/Src/stm32h7xx_hal_dma.c ****           }
1380:Drivers/STM32H7xx_HAL_Driver/Src/stm32h7xx_hal_dma.c **** 
1381:Drivers/STM32H7xx_HAL_Driver/Src/stm32h7xx_hal_dma.c ****           if(hdma->XferCpltCallback != NULL)
1382:Drivers/STM32H7xx_HAL_Driver/Src/stm32h7xx_hal_dma.c ****           {
1383:Drivers/STM32H7xx_HAL_Driver/Src/stm32h7xx_hal_dma.c ****             /* Transfer complete callback */
1384:Drivers/STM32H7xx_HAL_Driver/Src/stm32h7xx_hal_dma.c ****             hdma->XferCpltCallback(hdma);
1385:Drivers/STM32H7xx_HAL_Driver/Src/stm32h7xx_hal_dma.c ****           }
1386:Drivers/STM32H7xx_HAL_Driver/Src/stm32h7xx_hal_dma.c ****         }
1387:Drivers/STM32H7xx_HAL_Driver/Src/stm32h7xx_hal_dma.c ****       }
1388:Drivers/STM32H7xx_HAL_Driver/Src/stm32h7xx_hal_dma.c ****     }
1389:Drivers/STM32H7xx_HAL_Driver/Src/stm32h7xx_hal_dma.c **** 
1390:Drivers/STM32H7xx_HAL_Driver/Src/stm32h7xx_hal_dma.c ****     /* manage error case */
1391:Drivers/STM32H7xx_HAL_Driver/Src/stm32h7xx_hal_dma.c ****     if(hdma->ErrorCode != HAL_DMA_ERROR_NONE)
1392:Drivers/STM32H7xx_HAL_Driver/Src/stm32h7xx_hal_dma.c ****     {
1393:Drivers/STM32H7xx_HAL_Driver/Src/stm32h7xx_hal_dma.c ****       if((hdma->ErrorCode & HAL_DMA_ERROR_TE) != 0U)
1394:Drivers/STM32H7xx_HAL_Driver/Src/stm32h7xx_hal_dma.c ****       {
1395:Drivers/STM32H7xx_HAL_Driver/Src/stm32h7xx_hal_dma.c ****         hdma->State = HAL_DMA_STATE_ABORT;
1396:Drivers/STM32H7xx_HAL_Driver/Src/stm32h7xx_hal_dma.c **** 
1397:Drivers/STM32H7xx_HAL_Driver/Src/stm32h7xx_hal_dma.c ****         /* Disable the stream */
1398:Drivers/STM32H7xx_HAL_Driver/Src/stm32h7xx_hal_dma.c ****         __HAL_DMA_DISABLE(hdma);
ARM GAS  C:\Users\l1234\AppData\Local\Temp\ccQ59T7L.s 			page 26


1399:Drivers/STM32H7xx_HAL_Driver/Src/stm32h7xx_hal_dma.c **** 
1400:Drivers/STM32H7xx_HAL_Driver/Src/stm32h7xx_hal_dma.c ****         do
1401:Drivers/STM32H7xx_HAL_Driver/Src/stm32h7xx_hal_dma.c ****         {
1402:Drivers/STM32H7xx_HAL_Driver/Src/stm32h7xx_hal_dma.c ****           if (++count > timeout)
1403:Drivers/STM32H7xx_HAL_Driver/Src/stm32h7xx_hal_dma.c ****           {
1404:Drivers/STM32H7xx_HAL_Driver/Src/stm32h7xx_hal_dma.c ****             break;
1405:Drivers/STM32H7xx_HAL_Driver/Src/stm32h7xx_hal_dma.c ****           }
1406:Drivers/STM32H7xx_HAL_Driver/Src/stm32h7xx_hal_dma.c ****         }
1407:Drivers/STM32H7xx_HAL_Driver/Src/stm32h7xx_hal_dma.c ****         while((((DMA_Stream_TypeDef   *)hdma->Instance)->CR & DMA_SxCR_EN) != 0U);
1408:Drivers/STM32H7xx_HAL_Driver/Src/stm32h7xx_hal_dma.c **** 
1409:Drivers/STM32H7xx_HAL_Driver/Src/stm32h7xx_hal_dma.c ****         if((((DMA_Stream_TypeDef   *)hdma->Instance)->CR & DMA_SxCR_EN) != 0U)
1410:Drivers/STM32H7xx_HAL_Driver/Src/stm32h7xx_hal_dma.c ****         {
1411:Drivers/STM32H7xx_HAL_Driver/Src/stm32h7xx_hal_dma.c ****           /* Change the DMA state to error if DMA disable fails */
1412:Drivers/STM32H7xx_HAL_Driver/Src/stm32h7xx_hal_dma.c ****           hdma->State = HAL_DMA_STATE_ERROR;
1413:Drivers/STM32H7xx_HAL_Driver/Src/stm32h7xx_hal_dma.c ****         }
1414:Drivers/STM32H7xx_HAL_Driver/Src/stm32h7xx_hal_dma.c ****         else
1415:Drivers/STM32H7xx_HAL_Driver/Src/stm32h7xx_hal_dma.c ****         {
1416:Drivers/STM32H7xx_HAL_Driver/Src/stm32h7xx_hal_dma.c ****           /* Change the DMA state to Ready if DMA disable success */
1417:Drivers/STM32H7xx_HAL_Driver/Src/stm32h7xx_hal_dma.c ****           hdma->State = HAL_DMA_STATE_READY;
1418:Drivers/STM32H7xx_HAL_Driver/Src/stm32h7xx_hal_dma.c ****         }
1419:Drivers/STM32H7xx_HAL_Driver/Src/stm32h7xx_hal_dma.c **** 
1420:Drivers/STM32H7xx_HAL_Driver/Src/stm32h7xx_hal_dma.c ****         /* Process Unlocked */
1421:Drivers/STM32H7xx_HAL_Driver/Src/stm32h7xx_hal_dma.c ****         __HAL_UNLOCK(hdma);
1422:Drivers/STM32H7xx_HAL_Driver/Src/stm32h7xx_hal_dma.c ****       }
1423:Drivers/STM32H7xx_HAL_Driver/Src/stm32h7xx_hal_dma.c **** 
1424:Drivers/STM32H7xx_HAL_Driver/Src/stm32h7xx_hal_dma.c ****       if(hdma->XferErrorCallback != NULL)
1425:Drivers/STM32H7xx_HAL_Driver/Src/stm32h7xx_hal_dma.c ****       {
1426:Drivers/STM32H7xx_HAL_Driver/Src/stm32h7xx_hal_dma.c ****         /* Transfer error callback */
1427:Drivers/STM32H7xx_HAL_Driver/Src/stm32h7xx_hal_dma.c ****         hdma->XferErrorCallback(hdma);
1428:Drivers/STM32H7xx_HAL_Driver/Src/stm32h7xx_hal_dma.c ****       }
1429:Drivers/STM32H7xx_HAL_Driver/Src/stm32h7xx_hal_dma.c ****     }
1430:Drivers/STM32H7xx_HAL_Driver/Src/stm32h7xx_hal_dma.c ****   }
1431:Drivers/STM32H7xx_HAL_Driver/Src/stm32h7xx_hal_dma.c ****   else if(IS_BDMA_CHANNEL_INSTANCE(hdma->Instance) != 0U)  /* BDMA instance(s) */
1432:Drivers/STM32H7xx_HAL_Driver/Src/stm32h7xx_hal_dma.c ****   {
1433:Drivers/STM32H7xx_HAL_Driver/Src/stm32h7xx_hal_dma.c ****     ccr_reg = (((BDMA_Channel_TypeDef   *)hdma->Instance)->CCR);
1434:Drivers/STM32H7xx_HAL_Driver/Src/stm32h7xx_hal_dma.c **** 
1435:Drivers/STM32H7xx_HAL_Driver/Src/stm32h7xx_hal_dma.c ****     /* Half Transfer Complete Interrupt management ******************************/
1436:Drivers/STM32H7xx_HAL_Driver/Src/stm32h7xx_hal_dma.c ****     if (((tmpisr_bdma & (BDMA_FLAG_HT0 << (hdma->StreamIndex & 0x1FU))) != 0U) && ((ccr_reg & BDMA_
1437:Drivers/STM32H7xx_HAL_Driver/Src/stm32h7xx_hal_dma.c ****     {
1438:Drivers/STM32H7xx_HAL_Driver/Src/stm32h7xx_hal_dma.c ****       /* Clear the half transfer complete flag */
1439:Drivers/STM32H7xx_HAL_Driver/Src/stm32h7xx_hal_dma.c ****       regs_bdma->IFCR = (BDMA_ISR_HTIF0 << (hdma->StreamIndex & 0x1FU));
1440:Drivers/STM32H7xx_HAL_Driver/Src/stm32h7xx_hal_dma.c **** 
1441:Drivers/STM32H7xx_HAL_Driver/Src/stm32h7xx_hal_dma.c ****       /* Disable the transfer complete interrupt if the DMA mode is Double Buffering */
1442:Drivers/STM32H7xx_HAL_Driver/Src/stm32h7xx_hal_dma.c ****       if((ccr_reg & BDMA_CCR_DBM) != 0U)
1443:Drivers/STM32H7xx_HAL_Driver/Src/stm32h7xx_hal_dma.c ****       {
1444:Drivers/STM32H7xx_HAL_Driver/Src/stm32h7xx_hal_dma.c ****         /* Current memory buffer used is Memory 0 */
1445:Drivers/STM32H7xx_HAL_Driver/Src/stm32h7xx_hal_dma.c ****         if((ccr_reg & BDMA_CCR_CT) == 0U)
1446:Drivers/STM32H7xx_HAL_Driver/Src/stm32h7xx_hal_dma.c ****         {
1447:Drivers/STM32H7xx_HAL_Driver/Src/stm32h7xx_hal_dma.c ****           if(hdma->XferM1HalfCpltCallback != NULL)
1448:Drivers/STM32H7xx_HAL_Driver/Src/stm32h7xx_hal_dma.c ****           {
1449:Drivers/STM32H7xx_HAL_Driver/Src/stm32h7xx_hal_dma.c ****             /* Half transfer Callback for Memory 1 */
1450:Drivers/STM32H7xx_HAL_Driver/Src/stm32h7xx_hal_dma.c ****             hdma->XferM1HalfCpltCallback(hdma);
1451:Drivers/STM32H7xx_HAL_Driver/Src/stm32h7xx_hal_dma.c ****           }
1452:Drivers/STM32H7xx_HAL_Driver/Src/stm32h7xx_hal_dma.c ****         }
1453:Drivers/STM32H7xx_HAL_Driver/Src/stm32h7xx_hal_dma.c ****         /* Current memory buffer used is Memory 1 */
1454:Drivers/STM32H7xx_HAL_Driver/Src/stm32h7xx_hal_dma.c ****         else
1455:Drivers/STM32H7xx_HAL_Driver/Src/stm32h7xx_hal_dma.c ****         {
ARM GAS  C:\Users\l1234\AppData\Local\Temp\ccQ59T7L.s 			page 27


1456:Drivers/STM32H7xx_HAL_Driver/Src/stm32h7xx_hal_dma.c ****           if(hdma->XferHalfCpltCallback != NULL)
1457:Drivers/STM32H7xx_HAL_Driver/Src/stm32h7xx_hal_dma.c ****           {
1458:Drivers/STM32H7xx_HAL_Driver/Src/stm32h7xx_hal_dma.c ****             /* Half transfer Callback for Memory 0 */
1459:Drivers/STM32H7xx_HAL_Driver/Src/stm32h7xx_hal_dma.c ****             hdma->XferHalfCpltCallback(hdma);
1460:Drivers/STM32H7xx_HAL_Driver/Src/stm32h7xx_hal_dma.c ****           }
1461:Drivers/STM32H7xx_HAL_Driver/Src/stm32h7xx_hal_dma.c ****         }
1462:Drivers/STM32H7xx_HAL_Driver/Src/stm32h7xx_hal_dma.c ****       }
1463:Drivers/STM32H7xx_HAL_Driver/Src/stm32h7xx_hal_dma.c ****       else
1464:Drivers/STM32H7xx_HAL_Driver/Src/stm32h7xx_hal_dma.c ****       {
1465:Drivers/STM32H7xx_HAL_Driver/Src/stm32h7xx_hal_dma.c ****         if((ccr_reg & BDMA_CCR_CIRC) == 0U)
1466:Drivers/STM32H7xx_HAL_Driver/Src/stm32h7xx_hal_dma.c ****         {
1467:Drivers/STM32H7xx_HAL_Driver/Src/stm32h7xx_hal_dma.c ****           /* Disable the half transfer interrupt */
1468:Drivers/STM32H7xx_HAL_Driver/Src/stm32h7xx_hal_dma.c ****           __HAL_DMA_DISABLE_IT(hdma, DMA_IT_HT);
1469:Drivers/STM32H7xx_HAL_Driver/Src/stm32h7xx_hal_dma.c ****         }
1470:Drivers/STM32H7xx_HAL_Driver/Src/stm32h7xx_hal_dma.c **** 
1471:Drivers/STM32H7xx_HAL_Driver/Src/stm32h7xx_hal_dma.c ****         /* DMA peripheral state is not updated in Half Transfer */
1472:Drivers/STM32H7xx_HAL_Driver/Src/stm32h7xx_hal_dma.c ****         /* but in Transfer Complete case */
1473:Drivers/STM32H7xx_HAL_Driver/Src/stm32h7xx_hal_dma.c **** 
1474:Drivers/STM32H7xx_HAL_Driver/Src/stm32h7xx_hal_dma.c ****        if(hdma->XferHalfCpltCallback != NULL)
1475:Drivers/STM32H7xx_HAL_Driver/Src/stm32h7xx_hal_dma.c ****         {
1476:Drivers/STM32H7xx_HAL_Driver/Src/stm32h7xx_hal_dma.c ****           /* Half transfer callback */
1477:Drivers/STM32H7xx_HAL_Driver/Src/stm32h7xx_hal_dma.c ****           hdma->XferHalfCpltCallback(hdma);
1478:Drivers/STM32H7xx_HAL_Driver/Src/stm32h7xx_hal_dma.c ****         }
1479:Drivers/STM32H7xx_HAL_Driver/Src/stm32h7xx_hal_dma.c ****       }
1480:Drivers/STM32H7xx_HAL_Driver/Src/stm32h7xx_hal_dma.c ****     }
1481:Drivers/STM32H7xx_HAL_Driver/Src/stm32h7xx_hal_dma.c **** 
1482:Drivers/STM32H7xx_HAL_Driver/Src/stm32h7xx_hal_dma.c ****     /* Transfer Complete Interrupt management ***********************************/
1483:Drivers/STM32H7xx_HAL_Driver/Src/stm32h7xx_hal_dma.c ****     else if (((tmpisr_bdma & (BDMA_FLAG_TC0 << (hdma->StreamIndex & 0x1FU))) != 0U) && ((ccr_reg & 
1484:Drivers/STM32H7xx_HAL_Driver/Src/stm32h7xx_hal_dma.c ****     {
1485:Drivers/STM32H7xx_HAL_Driver/Src/stm32h7xx_hal_dma.c ****       /* Clear the transfer complete flag */
1486:Drivers/STM32H7xx_HAL_Driver/Src/stm32h7xx_hal_dma.c ****       regs_bdma->IFCR = (BDMA_ISR_TCIF0) << (hdma->StreamIndex & 0x1FU);
1487:Drivers/STM32H7xx_HAL_Driver/Src/stm32h7xx_hal_dma.c **** 
1488:Drivers/STM32H7xx_HAL_Driver/Src/stm32h7xx_hal_dma.c ****       /* Disable the transfer complete interrupt if the DMA mode is Double Buffering */
1489:Drivers/STM32H7xx_HAL_Driver/Src/stm32h7xx_hal_dma.c ****       if((ccr_reg & BDMA_CCR_DBM) != 0U)
1490:Drivers/STM32H7xx_HAL_Driver/Src/stm32h7xx_hal_dma.c ****       {
1491:Drivers/STM32H7xx_HAL_Driver/Src/stm32h7xx_hal_dma.c ****         /* Current memory buffer used is Memory 0 */
1492:Drivers/STM32H7xx_HAL_Driver/Src/stm32h7xx_hal_dma.c ****         if((ccr_reg & BDMA_CCR_CT) == 0U)
1493:Drivers/STM32H7xx_HAL_Driver/Src/stm32h7xx_hal_dma.c ****         {
1494:Drivers/STM32H7xx_HAL_Driver/Src/stm32h7xx_hal_dma.c ****           if(hdma->XferM1CpltCallback != NULL)
1495:Drivers/STM32H7xx_HAL_Driver/Src/stm32h7xx_hal_dma.c ****           {
1496:Drivers/STM32H7xx_HAL_Driver/Src/stm32h7xx_hal_dma.c ****             /* Transfer complete Callback for Memory 1 */
1497:Drivers/STM32H7xx_HAL_Driver/Src/stm32h7xx_hal_dma.c ****             hdma->XferM1CpltCallback(hdma);
1498:Drivers/STM32H7xx_HAL_Driver/Src/stm32h7xx_hal_dma.c ****           }
1499:Drivers/STM32H7xx_HAL_Driver/Src/stm32h7xx_hal_dma.c ****         }
1500:Drivers/STM32H7xx_HAL_Driver/Src/stm32h7xx_hal_dma.c ****         /* Current memory buffer used is Memory 1 */
1501:Drivers/STM32H7xx_HAL_Driver/Src/stm32h7xx_hal_dma.c ****         else
1502:Drivers/STM32H7xx_HAL_Driver/Src/stm32h7xx_hal_dma.c ****         {
1503:Drivers/STM32H7xx_HAL_Driver/Src/stm32h7xx_hal_dma.c ****           if(hdma->XferCpltCallback != NULL)
1504:Drivers/STM32H7xx_HAL_Driver/Src/stm32h7xx_hal_dma.c ****           {
1505:Drivers/STM32H7xx_HAL_Driver/Src/stm32h7xx_hal_dma.c ****             /* Transfer complete Callback for Memory 0 */
1506:Drivers/STM32H7xx_HAL_Driver/Src/stm32h7xx_hal_dma.c ****             hdma->XferCpltCallback(hdma);
1507:Drivers/STM32H7xx_HAL_Driver/Src/stm32h7xx_hal_dma.c ****           }
1508:Drivers/STM32H7xx_HAL_Driver/Src/stm32h7xx_hal_dma.c ****         }
1509:Drivers/STM32H7xx_HAL_Driver/Src/stm32h7xx_hal_dma.c ****       }
1510:Drivers/STM32H7xx_HAL_Driver/Src/stm32h7xx_hal_dma.c ****       else
1511:Drivers/STM32H7xx_HAL_Driver/Src/stm32h7xx_hal_dma.c ****       {
1512:Drivers/STM32H7xx_HAL_Driver/Src/stm32h7xx_hal_dma.c ****         if((ccr_reg & BDMA_CCR_CIRC) == 0U)
ARM GAS  C:\Users\l1234\AppData\Local\Temp\ccQ59T7L.s 			page 28


1513:Drivers/STM32H7xx_HAL_Driver/Src/stm32h7xx_hal_dma.c ****         {
1514:Drivers/STM32H7xx_HAL_Driver/Src/stm32h7xx_hal_dma.c ****           /* Disable the transfer complete and error interrupt, if the DMA mode is not CIRCULAR */
1515:Drivers/STM32H7xx_HAL_Driver/Src/stm32h7xx_hal_dma.c ****           __HAL_DMA_DISABLE_IT(hdma, DMA_IT_TE | DMA_IT_TC);
1516:Drivers/STM32H7xx_HAL_Driver/Src/stm32h7xx_hal_dma.c **** 
1517:Drivers/STM32H7xx_HAL_Driver/Src/stm32h7xx_hal_dma.c ****           /* Change the DMA state */
1518:Drivers/STM32H7xx_HAL_Driver/Src/stm32h7xx_hal_dma.c ****           hdma->State = HAL_DMA_STATE_READY;
1519:Drivers/STM32H7xx_HAL_Driver/Src/stm32h7xx_hal_dma.c **** 
1520:Drivers/STM32H7xx_HAL_Driver/Src/stm32h7xx_hal_dma.c ****           /* Process Unlocked */
1521:Drivers/STM32H7xx_HAL_Driver/Src/stm32h7xx_hal_dma.c ****           __HAL_UNLOCK(hdma);
1522:Drivers/STM32H7xx_HAL_Driver/Src/stm32h7xx_hal_dma.c ****         }
1523:Drivers/STM32H7xx_HAL_Driver/Src/stm32h7xx_hal_dma.c **** 
1524:Drivers/STM32H7xx_HAL_Driver/Src/stm32h7xx_hal_dma.c ****         if(hdma->XferCpltCallback != NULL)
1525:Drivers/STM32H7xx_HAL_Driver/Src/stm32h7xx_hal_dma.c ****         {
1526:Drivers/STM32H7xx_HAL_Driver/Src/stm32h7xx_hal_dma.c ****           /* Transfer complete callback */
1527:Drivers/STM32H7xx_HAL_Driver/Src/stm32h7xx_hal_dma.c ****           hdma->XferCpltCallback(hdma);
1528:Drivers/STM32H7xx_HAL_Driver/Src/stm32h7xx_hal_dma.c ****         }
1529:Drivers/STM32H7xx_HAL_Driver/Src/stm32h7xx_hal_dma.c ****       }
1530:Drivers/STM32H7xx_HAL_Driver/Src/stm32h7xx_hal_dma.c ****     }
1531:Drivers/STM32H7xx_HAL_Driver/Src/stm32h7xx_hal_dma.c ****     /* Transfer Error Interrupt management **************************************/
1532:Drivers/STM32H7xx_HAL_Driver/Src/stm32h7xx_hal_dma.c ****     else if (((tmpisr_bdma & (BDMA_FLAG_TE0 << (hdma->StreamIndex & 0x1FU))) != 0U) && ((ccr_reg & 
1533:Drivers/STM32H7xx_HAL_Driver/Src/stm32h7xx_hal_dma.c ****     {
1534:Drivers/STM32H7xx_HAL_Driver/Src/stm32h7xx_hal_dma.c ****       /* When a DMA transfer error occurs */
1535:Drivers/STM32H7xx_HAL_Driver/Src/stm32h7xx_hal_dma.c ****       /* A hardware clear of its EN bits is performed */
1536:Drivers/STM32H7xx_HAL_Driver/Src/stm32h7xx_hal_dma.c ****       /* Disable ALL DMA IT */
1537:Drivers/STM32H7xx_HAL_Driver/Src/stm32h7xx_hal_dma.c ****       __HAL_DMA_DISABLE_IT(hdma, (DMA_IT_TC | DMA_IT_HT | DMA_IT_TE));
1538:Drivers/STM32H7xx_HAL_Driver/Src/stm32h7xx_hal_dma.c **** 
1539:Drivers/STM32H7xx_HAL_Driver/Src/stm32h7xx_hal_dma.c ****       /* Clear all flags */
1540:Drivers/STM32H7xx_HAL_Driver/Src/stm32h7xx_hal_dma.c ****       regs_bdma->IFCR = (BDMA_ISR_GIF0) << (hdma->StreamIndex & 0x1FU);
1541:Drivers/STM32H7xx_HAL_Driver/Src/stm32h7xx_hal_dma.c **** 
1542:Drivers/STM32H7xx_HAL_Driver/Src/stm32h7xx_hal_dma.c ****       /* Update error code */
1543:Drivers/STM32H7xx_HAL_Driver/Src/stm32h7xx_hal_dma.c ****       hdma->ErrorCode = HAL_DMA_ERROR_TE;
1544:Drivers/STM32H7xx_HAL_Driver/Src/stm32h7xx_hal_dma.c **** 
1545:Drivers/STM32H7xx_HAL_Driver/Src/stm32h7xx_hal_dma.c ****       /* Change the DMA state */
1546:Drivers/STM32H7xx_HAL_Driver/Src/stm32h7xx_hal_dma.c ****       hdma->State = HAL_DMA_STATE_READY;
1547:Drivers/STM32H7xx_HAL_Driver/Src/stm32h7xx_hal_dma.c **** 
1548:Drivers/STM32H7xx_HAL_Driver/Src/stm32h7xx_hal_dma.c ****       /* Process Unlocked */
1549:Drivers/STM32H7xx_HAL_Driver/Src/stm32h7xx_hal_dma.c ****       __HAL_UNLOCK(hdma);
1550:Drivers/STM32H7xx_HAL_Driver/Src/stm32h7xx_hal_dma.c **** 
1551:Drivers/STM32H7xx_HAL_Driver/Src/stm32h7xx_hal_dma.c ****       if (hdma->XferErrorCallback != NULL)
1552:Drivers/STM32H7xx_HAL_Driver/Src/stm32h7xx_hal_dma.c ****       {
1553:Drivers/STM32H7xx_HAL_Driver/Src/stm32h7xx_hal_dma.c ****         /* Transfer error callback */
1554:Drivers/STM32H7xx_HAL_Driver/Src/stm32h7xx_hal_dma.c ****         hdma->XferErrorCallback(hdma);
1555:Drivers/STM32H7xx_HAL_Driver/Src/stm32h7xx_hal_dma.c ****       }
1556:Drivers/STM32H7xx_HAL_Driver/Src/stm32h7xx_hal_dma.c ****     }
1557:Drivers/STM32H7xx_HAL_Driver/Src/stm32h7xx_hal_dma.c ****     else
1558:Drivers/STM32H7xx_HAL_Driver/Src/stm32h7xx_hal_dma.c ****     {
1559:Drivers/STM32H7xx_HAL_Driver/Src/stm32h7xx_hal_dma.c ****       /* Nothing To Do */
1560:Drivers/STM32H7xx_HAL_Driver/Src/stm32h7xx_hal_dma.c ****     }
1561:Drivers/STM32H7xx_HAL_Driver/Src/stm32h7xx_hal_dma.c ****   }
1562:Drivers/STM32H7xx_HAL_Driver/Src/stm32h7xx_hal_dma.c ****   else
1563:Drivers/STM32H7xx_HAL_Driver/Src/stm32h7xx_hal_dma.c ****   {
1564:Drivers/STM32H7xx_HAL_Driver/Src/stm32h7xx_hal_dma.c ****     /* Nothing To Do */
1565:Drivers/STM32H7xx_HAL_Driver/Src/stm32h7xx_hal_dma.c ****   }
1566:Drivers/STM32H7xx_HAL_Driver/Src/stm32h7xx_hal_dma.c **** }
1567:Drivers/STM32H7xx_HAL_Driver/Src/stm32h7xx_hal_dma.c **** 
1568:Drivers/STM32H7xx_HAL_Driver/Src/stm32h7xx_hal_dma.c **** /**
1569:Drivers/STM32H7xx_HAL_Driver/Src/stm32h7xx_hal_dma.c ****   * @brief  Register callbacks
ARM GAS  C:\Users\l1234\AppData\Local\Temp\ccQ59T7L.s 			page 29


1570:Drivers/STM32H7xx_HAL_Driver/Src/stm32h7xx_hal_dma.c ****   * @param  hdma:                 pointer to a DMA_HandleTypeDef structure that contains
1571:Drivers/STM32H7xx_HAL_Driver/Src/stm32h7xx_hal_dma.c ****   *                               the configuration information for the specified DMA Stream.
1572:Drivers/STM32H7xx_HAL_Driver/Src/stm32h7xx_hal_dma.c ****   * @param  CallbackID:           User Callback identifier
1573:Drivers/STM32H7xx_HAL_Driver/Src/stm32h7xx_hal_dma.c ****   *                               a DMA_HandleTypeDef structure as parameter.
1574:Drivers/STM32H7xx_HAL_Driver/Src/stm32h7xx_hal_dma.c ****   * @param  pCallback:            pointer to private callback function which has pointer to
1575:Drivers/STM32H7xx_HAL_Driver/Src/stm32h7xx_hal_dma.c ****   *                               a DMA_HandleTypeDef structure as parameter.
1576:Drivers/STM32H7xx_HAL_Driver/Src/stm32h7xx_hal_dma.c ****   * @retval HAL status
1577:Drivers/STM32H7xx_HAL_Driver/Src/stm32h7xx_hal_dma.c ****   */
1578:Drivers/STM32H7xx_HAL_Driver/Src/stm32h7xx_hal_dma.c **** HAL_StatusTypeDef HAL_DMA_RegisterCallback(DMA_HandleTypeDef *hdma, HAL_DMA_CallbackIDTypeDef Callb
1579:Drivers/STM32H7xx_HAL_Driver/Src/stm32h7xx_hal_dma.c **** {
1580:Drivers/STM32H7xx_HAL_Driver/Src/stm32h7xx_hal_dma.c **** 
1581:Drivers/STM32H7xx_HAL_Driver/Src/stm32h7xx_hal_dma.c ****   HAL_StatusTypeDef status = HAL_OK;
1582:Drivers/STM32H7xx_HAL_Driver/Src/stm32h7xx_hal_dma.c **** 
1583:Drivers/STM32H7xx_HAL_Driver/Src/stm32h7xx_hal_dma.c ****   /* Check the DMA peripheral handle */
1584:Drivers/STM32H7xx_HAL_Driver/Src/stm32h7xx_hal_dma.c ****   if(hdma == NULL)
1585:Drivers/STM32H7xx_HAL_Driver/Src/stm32h7xx_hal_dma.c ****   {
1586:Drivers/STM32H7xx_HAL_Driver/Src/stm32h7xx_hal_dma.c ****     return HAL_ERROR;
1587:Drivers/STM32H7xx_HAL_Driver/Src/stm32h7xx_hal_dma.c ****   }
1588:Drivers/STM32H7xx_HAL_Driver/Src/stm32h7xx_hal_dma.c **** 
1589:Drivers/STM32H7xx_HAL_Driver/Src/stm32h7xx_hal_dma.c ****   /* Process locked */
1590:Drivers/STM32H7xx_HAL_Driver/Src/stm32h7xx_hal_dma.c ****   __HAL_LOCK(hdma);
1591:Drivers/STM32H7xx_HAL_Driver/Src/stm32h7xx_hal_dma.c **** 
1592:Drivers/STM32H7xx_HAL_Driver/Src/stm32h7xx_hal_dma.c ****   if(HAL_DMA_STATE_READY == hdma->State)
1593:Drivers/STM32H7xx_HAL_Driver/Src/stm32h7xx_hal_dma.c ****   {
1594:Drivers/STM32H7xx_HAL_Driver/Src/stm32h7xx_hal_dma.c ****     switch (CallbackID)
1595:Drivers/STM32H7xx_HAL_Driver/Src/stm32h7xx_hal_dma.c ****     {
1596:Drivers/STM32H7xx_HAL_Driver/Src/stm32h7xx_hal_dma.c ****     case  HAL_DMA_XFER_CPLT_CB_ID:
1597:Drivers/STM32H7xx_HAL_Driver/Src/stm32h7xx_hal_dma.c ****       hdma->XferCpltCallback = pCallback;
1598:Drivers/STM32H7xx_HAL_Driver/Src/stm32h7xx_hal_dma.c ****       break;
1599:Drivers/STM32H7xx_HAL_Driver/Src/stm32h7xx_hal_dma.c **** 
1600:Drivers/STM32H7xx_HAL_Driver/Src/stm32h7xx_hal_dma.c ****     case  HAL_DMA_XFER_HALFCPLT_CB_ID:
1601:Drivers/STM32H7xx_HAL_Driver/Src/stm32h7xx_hal_dma.c ****       hdma->XferHalfCpltCallback = pCallback;
1602:Drivers/STM32H7xx_HAL_Driver/Src/stm32h7xx_hal_dma.c ****       break;
1603:Drivers/STM32H7xx_HAL_Driver/Src/stm32h7xx_hal_dma.c **** 
1604:Drivers/STM32H7xx_HAL_Driver/Src/stm32h7xx_hal_dma.c ****     case  HAL_DMA_XFER_M1CPLT_CB_ID:
1605:Drivers/STM32H7xx_HAL_Driver/Src/stm32h7xx_hal_dma.c ****       hdma->XferM1CpltCallback = pCallback;
1606:Drivers/STM32H7xx_HAL_Driver/Src/stm32h7xx_hal_dma.c ****       break;
1607:Drivers/STM32H7xx_HAL_Driver/Src/stm32h7xx_hal_dma.c **** 
1608:Drivers/STM32H7xx_HAL_Driver/Src/stm32h7xx_hal_dma.c ****     case  HAL_DMA_XFER_M1HALFCPLT_CB_ID:
1609:Drivers/STM32H7xx_HAL_Driver/Src/stm32h7xx_hal_dma.c ****       hdma->XferM1HalfCpltCallback = pCallback;
1610:Drivers/STM32H7xx_HAL_Driver/Src/stm32h7xx_hal_dma.c ****       break;
1611:Drivers/STM32H7xx_HAL_Driver/Src/stm32h7xx_hal_dma.c **** 
1612:Drivers/STM32H7xx_HAL_Driver/Src/stm32h7xx_hal_dma.c ****     case  HAL_DMA_XFER_ERROR_CB_ID:
1613:Drivers/STM32H7xx_HAL_Driver/Src/stm32h7xx_hal_dma.c ****       hdma->XferErrorCallback = pCallback;
1614:Drivers/STM32H7xx_HAL_Driver/Src/stm32h7xx_hal_dma.c ****       break;
1615:Drivers/STM32H7xx_HAL_Driver/Src/stm32h7xx_hal_dma.c **** 
1616:Drivers/STM32H7xx_HAL_Driver/Src/stm32h7xx_hal_dma.c ****     case  HAL_DMA_XFER_ABORT_CB_ID:
1617:Drivers/STM32H7xx_HAL_Driver/Src/stm32h7xx_hal_dma.c ****       hdma->XferAbortCallback = pCallback;
1618:Drivers/STM32H7xx_HAL_Driver/Src/stm32h7xx_hal_dma.c ****       break;
1619:Drivers/STM32H7xx_HAL_Driver/Src/stm32h7xx_hal_dma.c **** 
1620:Drivers/STM32H7xx_HAL_Driver/Src/stm32h7xx_hal_dma.c ****     default:
1621:Drivers/STM32H7xx_HAL_Driver/Src/stm32h7xx_hal_dma.c ****       status =  HAL_ERROR;
1622:Drivers/STM32H7xx_HAL_Driver/Src/stm32h7xx_hal_dma.c ****       break;
1623:Drivers/STM32H7xx_HAL_Driver/Src/stm32h7xx_hal_dma.c ****     }
1624:Drivers/STM32H7xx_HAL_Driver/Src/stm32h7xx_hal_dma.c ****   }
1625:Drivers/STM32H7xx_HAL_Driver/Src/stm32h7xx_hal_dma.c ****   else
1626:Drivers/STM32H7xx_HAL_Driver/Src/stm32h7xx_hal_dma.c ****   {
ARM GAS  C:\Users\l1234\AppData\Local\Temp\ccQ59T7L.s 			page 30


1627:Drivers/STM32H7xx_HAL_Driver/Src/stm32h7xx_hal_dma.c ****     /* Return error status */
1628:Drivers/STM32H7xx_HAL_Driver/Src/stm32h7xx_hal_dma.c ****     status =  HAL_ERROR;
1629:Drivers/STM32H7xx_HAL_Driver/Src/stm32h7xx_hal_dma.c ****   }
1630:Drivers/STM32H7xx_HAL_Driver/Src/stm32h7xx_hal_dma.c **** 
1631:Drivers/STM32H7xx_HAL_Driver/Src/stm32h7xx_hal_dma.c ****   /* Release Lock */
1632:Drivers/STM32H7xx_HAL_Driver/Src/stm32h7xx_hal_dma.c ****   __HAL_UNLOCK(hdma);
1633:Drivers/STM32H7xx_HAL_Driver/Src/stm32h7xx_hal_dma.c **** 
1634:Drivers/STM32H7xx_HAL_Driver/Src/stm32h7xx_hal_dma.c ****   return status;
1635:Drivers/STM32H7xx_HAL_Driver/Src/stm32h7xx_hal_dma.c **** }
1636:Drivers/STM32H7xx_HAL_Driver/Src/stm32h7xx_hal_dma.c **** 
1637:Drivers/STM32H7xx_HAL_Driver/Src/stm32h7xx_hal_dma.c **** /**
1638:Drivers/STM32H7xx_HAL_Driver/Src/stm32h7xx_hal_dma.c ****   * @brief  UnRegister callbacks
1639:Drivers/STM32H7xx_HAL_Driver/Src/stm32h7xx_hal_dma.c ****   * @param  hdma:                 pointer to a DMA_HandleTypeDef structure that contains
1640:Drivers/STM32H7xx_HAL_Driver/Src/stm32h7xx_hal_dma.c ****   *                               the configuration information for the specified DMA Stream.
1641:Drivers/STM32H7xx_HAL_Driver/Src/stm32h7xx_hal_dma.c ****   * @param  CallbackID:           User Callback identifier
1642:Drivers/STM32H7xx_HAL_Driver/Src/stm32h7xx_hal_dma.c ****   *                               a HAL_DMA_CallbackIDTypeDef ENUM as parameter.
1643:Drivers/STM32H7xx_HAL_Driver/Src/stm32h7xx_hal_dma.c ****   * @retval HAL status
1644:Drivers/STM32H7xx_HAL_Driver/Src/stm32h7xx_hal_dma.c ****   */
1645:Drivers/STM32H7xx_HAL_Driver/Src/stm32h7xx_hal_dma.c **** HAL_StatusTypeDef HAL_DMA_UnRegisterCallback(DMA_HandleTypeDef *hdma, HAL_DMA_CallbackIDTypeDef Cal
1646:Drivers/STM32H7xx_HAL_Driver/Src/stm32h7xx_hal_dma.c **** {
1647:Drivers/STM32H7xx_HAL_Driver/Src/stm32h7xx_hal_dma.c ****   HAL_StatusTypeDef status = HAL_OK;
1648:Drivers/STM32H7xx_HAL_Driver/Src/stm32h7xx_hal_dma.c **** 
1649:Drivers/STM32H7xx_HAL_Driver/Src/stm32h7xx_hal_dma.c ****   /* Check the DMA peripheral handle */
1650:Drivers/STM32H7xx_HAL_Driver/Src/stm32h7xx_hal_dma.c ****   if(hdma == NULL)
1651:Drivers/STM32H7xx_HAL_Driver/Src/stm32h7xx_hal_dma.c ****   {
1652:Drivers/STM32H7xx_HAL_Driver/Src/stm32h7xx_hal_dma.c ****     return HAL_ERROR;
1653:Drivers/STM32H7xx_HAL_Driver/Src/stm32h7xx_hal_dma.c ****   }
1654:Drivers/STM32H7xx_HAL_Driver/Src/stm32h7xx_hal_dma.c **** 
1655:Drivers/STM32H7xx_HAL_Driver/Src/stm32h7xx_hal_dma.c ****   /* Process locked */
1656:Drivers/STM32H7xx_HAL_Driver/Src/stm32h7xx_hal_dma.c ****   __HAL_LOCK(hdma);
1657:Drivers/STM32H7xx_HAL_Driver/Src/stm32h7xx_hal_dma.c **** 
1658:Drivers/STM32H7xx_HAL_Driver/Src/stm32h7xx_hal_dma.c ****   if(HAL_DMA_STATE_READY == hdma->State)
1659:Drivers/STM32H7xx_HAL_Driver/Src/stm32h7xx_hal_dma.c ****   {
1660:Drivers/STM32H7xx_HAL_Driver/Src/stm32h7xx_hal_dma.c ****     switch (CallbackID)
1661:Drivers/STM32H7xx_HAL_Driver/Src/stm32h7xx_hal_dma.c ****     {
1662:Drivers/STM32H7xx_HAL_Driver/Src/stm32h7xx_hal_dma.c ****     case  HAL_DMA_XFER_CPLT_CB_ID:
1663:Drivers/STM32H7xx_HAL_Driver/Src/stm32h7xx_hal_dma.c ****       hdma->XferCpltCallback = NULL;
1664:Drivers/STM32H7xx_HAL_Driver/Src/stm32h7xx_hal_dma.c ****       break;
1665:Drivers/STM32H7xx_HAL_Driver/Src/stm32h7xx_hal_dma.c **** 
1666:Drivers/STM32H7xx_HAL_Driver/Src/stm32h7xx_hal_dma.c ****     case  HAL_DMA_XFER_HALFCPLT_CB_ID:
1667:Drivers/STM32H7xx_HAL_Driver/Src/stm32h7xx_hal_dma.c ****       hdma->XferHalfCpltCallback = NULL;
1668:Drivers/STM32H7xx_HAL_Driver/Src/stm32h7xx_hal_dma.c ****       break;
1669:Drivers/STM32H7xx_HAL_Driver/Src/stm32h7xx_hal_dma.c **** 
1670:Drivers/STM32H7xx_HAL_Driver/Src/stm32h7xx_hal_dma.c ****     case  HAL_DMA_XFER_M1CPLT_CB_ID:
1671:Drivers/STM32H7xx_HAL_Driver/Src/stm32h7xx_hal_dma.c ****       hdma->XferM1CpltCallback = NULL;
1672:Drivers/STM32H7xx_HAL_Driver/Src/stm32h7xx_hal_dma.c ****       break;
1673:Drivers/STM32H7xx_HAL_Driver/Src/stm32h7xx_hal_dma.c **** 
1674:Drivers/STM32H7xx_HAL_Driver/Src/stm32h7xx_hal_dma.c ****     case  HAL_DMA_XFER_M1HALFCPLT_CB_ID:
1675:Drivers/STM32H7xx_HAL_Driver/Src/stm32h7xx_hal_dma.c ****       hdma->XferM1HalfCpltCallback = NULL;
1676:Drivers/STM32H7xx_HAL_Driver/Src/stm32h7xx_hal_dma.c ****       break;
1677:Drivers/STM32H7xx_HAL_Driver/Src/stm32h7xx_hal_dma.c **** 
1678:Drivers/STM32H7xx_HAL_Driver/Src/stm32h7xx_hal_dma.c ****     case  HAL_DMA_XFER_ERROR_CB_ID:
1679:Drivers/STM32H7xx_HAL_Driver/Src/stm32h7xx_hal_dma.c ****       hdma->XferErrorCallback = NULL;
1680:Drivers/STM32H7xx_HAL_Driver/Src/stm32h7xx_hal_dma.c ****       break;
1681:Drivers/STM32H7xx_HAL_Driver/Src/stm32h7xx_hal_dma.c **** 
1682:Drivers/STM32H7xx_HAL_Driver/Src/stm32h7xx_hal_dma.c ****     case  HAL_DMA_XFER_ABORT_CB_ID:
1683:Drivers/STM32H7xx_HAL_Driver/Src/stm32h7xx_hal_dma.c ****       hdma->XferAbortCallback = NULL;
ARM GAS  C:\Users\l1234\AppData\Local\Temp\ccQ59T7L.s 			page 31


1684:Drivers/STM32H7xx_HAL_Driver/Src/stm32h7xx_hal_dma.c ****       break;
1685:Drivers/STM32H7xx_HAL_Driver/Src/stm32h7xx_hal_dma.c **** 
1686:Drivers/STM32H7xx_HAL_Driver/Src/stm32h7xx_hal_dma.c ****     case   HAL_DMA_XFER_ALL_CB_ID:
1687:Drivers/STM32H7xx_HAL_Driver/Src/stm32h7xx_hal_dma.c ****       hdma->XferCpltCallback = NULL;
1688:Drivers/STM32H7xx_HAL_Driver/Src/stm32h7xx_hal_dma.c ****       hdma->XferHalfCpltCallback = NULL;
1689:Drivers/STM32H7xx_HAL_Driver/Src/stm32h7xx_hal_dma.c ****       hdma->XferM1CpltCallback = NULL;
1690:Drivers/STM32H7xx_HAL_Driver/Src/stm32h7xx_hal_dma.c ****       hdma->XferM1HalfCpltCallback = NULL;
1691:Drivers/STM32H7xx_HAL_Driver/Src/stm32h7xx_hal_dma.c ****       hdma->XferErrorCallback = NULL;
1692:Drivers/STM32H7xx_HAL_Driver/Src/stm32h7xx_hal_dma.c ****       hdma->XferAbortCallback = NULL;
1693:Drivers/STM32H7xx_HAL_Driver/Src/stm32h7xx_hal_dma.c ****       break;
1694:Drivers/STM32H7xx_HAL_Driver/Src/stm32h7xx_hal_dma.c **** 
1695:Drivers/STM32H7xx_HAL_Driver/Src/stm32h7xx_hal_dma.c ****     default:
1696:Drivers/STM32H7xx_HAL_Driver/Src/stm32h7xx_hal_dma.c ****       status = HAL_ERROR;
1697:Drivers/STM32H7xx_HAL_Driver/Src/stm32h7xx_hal_dma.c ****       break;
1698:Drivers/STM32H7xx_HAL_Driver/Src/stm32h7xx_hal_dma.c ****     }
1699:Drivers/STM32H7xx_HAL_Driver/Src/stm32h7xx_hal_dma.c ****   }
1700:Drivers/STM32H7xx_HAL_Driver/Src/stm32h7xx_hal_dma.c ****   else
1701:Drivers/STM32H7xx_HAL_Driver/Src/stm32h7xx_hal_dma.c ****   {
1702:Drivers/STM32H7xx_HAL_Driver/Src/stm32h7xx_hal_dma.c ****     status = HAL_ERROR;
1703:Drivers/STM32H7xx_HAL_Driver/Src/stm32h7xx_hal_dma.c ****   }
1704:Drivers/STM32H7xx_HAL_Driver/Src/stm32h7xx_hal_dma.c **** 
1705:Drivers/STM32H7xx_HAL_Driver/Src/stm32h7xx_hal_dma.c ****   /* Release Lock */
1706:Drivers/STM32H7xx_HAL_Driver/Src/stm32h7xx_hal_dma.c ****   __HAL_UNLOCK(hdma);
1707:Drivers/STM32H7xx_HAL_Driver/Src/stm32h7xx_hal_dma.c **** 
1708:Drivers/STM32H7xx_HAL_Driver/Src/stm32h7xx_hal_dma.c ****   return status;
1709:Drivers/STM32H7xx_HAL_Driver/Src/stm32h7xx_hal_dma.c **** }
1710:Drivers/STM32H7xx_HAL_Driver/Src/stm32h7xx_hal_dma.c **** 
1711:Drivers/STM32H7xx_HAL_Driver/Src/stm32h7xx_hal_dma.c **** /**
1712:Drivers/STM32H7xx_HAL_Driver/Src/stm32h7xx_hal_dma.c ****   * @}
1713:Drivers/STM32H7xx_HAL_Driver/Src/stm32h7xx_hal_dma.c ****   */
1714:Drivers/STM32H7xx_HAL_Driver/Src/stm32h7xx_hal_dma.c **** 
1715:Drivers/STM32H7xx_HAL_Driver/Src/stm32h7xx_hal_dma.c **** /** @addtogroup DMA_Exported_Functions_Group3
1716:Drivers/STM32H7xx_HAL_Driver/Src/stm32h7xx_hal_dma.c ****   *
1717:Drivers/STM32H7xx_HAL_Driver/Src/stm32h7xx_hal_dma.c **** @verbatim
1718:Drivers/STM32H7xx_HAL_Driver/Src/stm32h7xx_hal_dma.c ****  ===============================================================================
1719:Drivers/STM32H7xx_HAL_Driver/Src/stm32h7xx_hal_dma.c ****                     ##### State and Errors functions #####
1720:Drivers/STM32H7xx_HAL_Driver/Src/stm32h7xx_hal_dma.c ****  ===============================================================================
1721:Drivers/STM32H7xx_HAL_Driver/Src/stm32h7xx_hal_dma.c ****     [..]
1722:Drivers/STM32H7xx_HAL_Driver/Src/stm32h7xx_hal_dma.c ****     This subsection provides functions allowing to
1723:Drivers/STM32H7xx_HAL_Driver/Src/stm32h7xx_hal_dma.c ****       (+) Check the DMA state
1724:Drivers/STM32H7xx_HAL_Driver/Src/stm32h7xx_hal_dma.c ****       (+) Get error code
1725:Drivers/STM32H7xx_HAL_Driver/Src/stm32h7xx_hal_dma.c **** 
1726:Drivers/STM32H7xx_HAL_Driver/Src/stm32h7xx_hal_dma.c **** @endverbatim
1727:Drivers/STM32H7xx_HAL_Driver/Src/stm32h7xx_hal_dma.c ****   * @{
1728:Drivers/STM32H7xx_HAL_Driver/Src/stm32h7xx_hal_dma.c ****   */
1729:Drivers/STM32H7xx_HAL_Driver/Src/stm32h7xx_hal_dma.c **** 
1730:Drivers/STM32H7xx_HAL_Driver/Src/stm32h7xx_hal_dma.c **** /**
1731:Drivers/STM32H7xx_HAL_Driver/Src/stm32h7xx_hal_dma.c ****   * @brief  Returns the DMA state.
1732:Drivers/STM32H7xx_HAL_Driver/Src/stm32h7xx_hal_dma.c ****   * @param  hdma: pointer to a DMA_HandleTypeDef structure that contains
1733:Drivers/STM32H7xx_HAL_Driver/Src/stm32h7xx_hal_dma.c ****   *               the configuration information for the specified DMA Stream.
1734:Drivers/STM32H7xx_HAL_Driver/Src/stm32h7xx_hal_dma.c ****   * @retval HAL state
1735:Drivers/STM32H7xx_HAL_Driver/Src/stm32h7xx_hal_dma.c ****   */
1736:Drivers/STM32H7xx_HAL_Driver/Src/stm32h7xx_hal_dma.c **** HAL_DMA_StateTypeDef HAL_DMA_GetState(const DMA_HandleTypeDef *hdma)
1737:Drivers/STM32H7xx_HAL_Driver/Src/stm32h7xx_hal_dma.c **** {
1738:Drivers/STM32H7xx_HAL_Driver/Src/stm32h7xx_hal_dma.c ****   return hdma->State;
1739:Drivers/STM32H7xx_HAL_Driver/Src/stm32h7xx_hal_dma.c **** }
1740:Drivers/STM32H7xx_HAL_Driver/Src/stm32h7xx_hal_dma.c **** 
ARM GAS  C:\Users\l1234\AppData\Local\Temp\ccQ59T7L.s 			page 32


1741:Drivers/STM32H7xx_HAL_Driver/Src/stm32h7xx_hal_dma.c **** /**
1742:Drivers/STM32H7xx_HAL_Driver/Src/stm32h7xx_hal_dma.c ****   * @brief  Return the DMA error code
1743:Drivers/STM32H7xx_HAL_Driver/Src/stm32h7xx_hal_dma.c ****   * @param  hdma : pointer to a DMA_HandleTypeDef structure that contains
1744:Drivers/STM32H7xx_HAL_Driver/Src/stm32h7xx_hal_dma.c ****   *              the configuration information for the specified DMA Stream.
1745:Drivers/STM32H7xx_HAL_Driver/Src/stm32h7xx_hal_dma.c ****   * @retval DMA Error Code
1746:Drivers/STM32H7xx_HAL_Driver/Src/stm32h7xx_hal_dma.c ****   */
1747:Drivers/STM32H7xx_HAL_Driver/Src/stm32h7xx_hal_dma.c **** uint32_t HAL_DMA_GetError(const DMA_HandleTypeDef *hdma)
1748:Drivers/STM32H7xx_HAL_Driver/Src/stm32h7xx_hal_dma.c **** {
1749:Drivers/STM32H7xx_HAL_Driver/Src/stm32h7xx_hal_dma.c ****   return hdma->ErrorCode;
1750:Drivers/STM32H7xx_HAL_Driver/Src/stm32h7xx_hal_dma.c **** }
1751:Drivers/STM32H7xx_HAL_Driver/Src/stm32h7xx_hal_dma.c **** 
1752:Drivers/STM32H7xx_HAL_Driver/Src/stm32h7xx_hal_dma.c **** /**
1753:Drivers/STM32H7xx_HAL_Driver/Src/stm32h7xx_hal_dma.c ****   * @}
1754:Drivers/STM32H7xx_HAL_Driver/Src/stm32h7xx_hal_dma.c ****   */
1755:Drivers/STM32H7xx_HAL_Driver/Src/stm32h7xx_hal_dma.c **** 
1756:Drivers/STM32H7xx_HAL_Driver/Src/stm32h7xx_hal_dma.c **** /**
1757:Drivers/STM32H7xx_HAL_Driver/Src/stm32h7xx_hal_dma.c ****   * @}
1758:Drivers/STM32H7xx_HAL_Driver/Src/stm32h7xx_hal_dma.c ****   */
1759:Drivers/STM32H7xx_HAL_Driver/Src/stm32h7xx_hal_dma.c **** 
1760:Drivers/STM32H7xx_HAL_Driver/Src/stm32h7xx_hal_dma.c **** /** @addtogroup DMA_Private_Functions
1761:Drivers/STM32H7xx_HAL_Driver/Src/stm32h7xx_hal_dma.c ****   * @{
1762:Drivers/STM32H7xx_HAL_Driver/Src/stm32h7xx_hal_dma.c ****   */
1763:Drivers/STM32H7xx_HAL_Driver/Src/stm32h7xx_hal_dma.c **** 
1764:Drivers/STM32H7xx_HAL_Driver/Src/stm32h7xx_hal_dma.c **** /**
1765:Drivers/STM32H7xx_HAL_Driver/Src/stm32h7xx_hal_dma.c ****   * @brief  Sets the DMA Transfer parameter.
1766:Drivers/STM32H7xx_HAL_Driver/Src/stm32h7xx_hal_dma.c ****   * @param  hdma:       pointer to a DMA_HandleTypeDef structure that contains
1767:Drivers/STM32H7xx_HAL_Driver/Src/stm32h7xx_hal_dma.c ****   *                     the configuration information for the specified DMA Stream.
1768:Drivers/STM32H7xx_HAL_Driver/Src/stm32h7xx_hal_dma.c ****   * @param  SrcAddress: The source memory Buffer address
1769:Drivers/STM32H7xx_HAL_Driver/Src/stm32h7xx_hal_dma.c ****   * @param  DstAddress: The destination memory Buffer address
1770:Drivers/STM32H7xx_HAL_Driver/Src/stm32h7xx_hal_dma.c ****   * @param  DataLength: The length of data to be transferred from source to destination
1771:Drivers/STM32H7xx_HAL_Driver/Src/stm32h7xx_hal_dma.c ****   * @retval None
1772:Drivers/STM32H7xx_HAL_Driver/Src/stm32h7xx_hal_dma.c ****   */
1773:Drivers/STM32H7xx_HAL_Driver/Src/stm32h7xx_hal_dma.c **** static void DMA_SetConfig(DMA_HandleTypeDef *hdma, uint32_t SrcAddress, uint32_t DstAddress, uint32
1774:Drivers/STM32H7xx_HAL_Driver/Src/stm32h7xx_hal_dma.c **** {
1775:Drivers/STM32H7xx_HAL_Driver/Src/stm32h7xx_hal_dma.c ****   /* calculate DMA base and stream number */
1776:Drivers/STM32H7xx_HAL_Driver/Src/stm32h7xx_hal_dma.c ****   DMA_Base_Registers  *regs_dma  = (DMA_Base_Registers *)hdma->StreamBaseAddress;
1777:Drivers/STM32H7xx_HAL_Driver/Src/stm32h7xx_hal_dma.c ****   BDMA_Base_Registers *regs_bdma = (BDMA_Base_Registers *)hdma->StreamBaseAddress;
1778:Drivers/STM32H7xx_HAL_Driver/Src/stm32h7xx_hal_dma.c **** 
1779:Drivers/STM32H7xx_HAL_Driver/Src/stm32h7xx_hal_dma.c ****   if(IS_DMA_DMAMUX_ALL_INSTANCE(hdma->Instance) != 0U) /* No DMAMUX available for BDMA1 */
1780:Drivers/STM32H7xx_HAL_Driver/Src/stm32h7xx_hal_dma.c ****   {
1781:Drivers/STM32H7xx_HAL_Driver/Src/stm32h7xx_hal_dma.c ****     /* Clear the DMAMUX synchro overrun flag */
1782:Drivers/STM32H7xx_HAL_Driver/Src/stm32h7xx_hal_dma.c ****     hdma->DMAmuxChannelStatus->CFR = hdma->DMAmuxChannelStatusMask;
1783:Drivers/STM32H7xx_HAL_Driver/Src/stm32h7xx_hal_dma.c **** 
1784:Drivers/STM32H7xx_HAL_Driver/Src/stm32h7xx_hal_dma.c ****     if(hdma->DMAmuxRequestGen != 0U)
1785:Drivers/STM32H7xx_HAL_Driver/Src/stm32h7xx_hal_dma.c ****     {
1786:Drivers/STM32H7xx_HAL_Driver/Src/stm32h7xx_hal_dma.c ****       /* Clear the DMAMUX request generator overrun flag */
1787:Drivers/STM32H7xx_HAL_Driver/Src/stm32h7xx_hal_dma.c ****       hdma->DMAmuxRequestGenStatus->RGCFR = hdma->DMAmuxRequestGenStatusMask;
1788:Drivers/STM32H7xx_HAL_Driver/Src/stm32h7xx_hal_dma.c ****     }
1789:Drivers/STM32H7xx_HAL_Driver/Src/stm32h7xx_hal_dma.c ****   }
1790:Drivers/STM32H7xx_HAL_Driver/Src/stm32h7xx_hal_dma.c **** 
1791:Drivers/STM32H7xx_HAL_Driver/Src/stm32h7xx_hal_dma.c ****   if(IS_DMA_STREAM_INSTANCE(hdma->Instance) != 0U) /* DMA1 or DMA2 instance */
1792:Drivers/STM32H7xx_HAL_Driver/Src/stm32h7xx_hal_dma.c ****   {
1793:Drivers/STM32H7xx_HAL_Driver/Src/stm32h7xx_hal_dma.c ****     /* Clear all interrupt flags at correct offset within the register */
1794:Drivers/STM32H7xx_HAL_Driver/Src/stm32h7xx_hal_dma.c ****     regs_dma->IFCR = 0x3FUL << (hdma->StreamIndex & 0x1FU);
1795:Drivers/STM32H7xx_HAL_Driver/Src/stm32h7xx_hal_dma.c **** 
1796:Drivers/STM32H7xx_HAL_Driver/Src/stm32h7xx_hal_dma.c ****     /* Clear DBM bit */
1797:Drivers/STM32H7xx_HAL_Driver/Src/stm32h7xx_hal_dma.c ****     ((DMA_Stream_TypeDef *)hdma->Instance)->CR &= (uint32_t)(~DMA_SxCR_DBM);
ARM GAS  C:\Users\l1234\AppData\Local\Temp\ccQ59T7L.s 			page 33


1798:Drivers/STM32H7xx_HAL_Driver/Src/stm32h7xx_hal_dma.c **** 
1799:Drivers/STM32H7xx_HAL_Driver/Src/stm32h7xx_hal_dma.c ****     /* Configure DMA Stream data length */
1800:Drivers/STM32H7xx_HAL_Driver/Src/stm32h7xx_hal_dma.c ****     ((DMA_Stream_TypeDef *)hdma->Instance)->NDTR = DataLength;
1801:Drivers/STM32H7xx_HAL_Driver/Src/stm32h7xx_hal_dma.c **** 
1802:Drivers/STM32H7xx_HAL_Driver/Src/stm32h7xx_hal_dma.c ****     /* Peripheral to Memory */
1803:Drivers/STM32H7xx_HAL_Driver/Src/stm32h7xx_hal_dma.c ****     if((hdma->Init.Direction) == DMA_MEMORY_TO_PERIPH)
1804:Drivers/STM32H7xx_HAL_Driver/Src/stm32h7xx_hal_dma.c ****     {
1805:Drivers/STM32H7xx_HAL_Driver/Src/stm32h7xx_hal_dma.c ****       /* Configure DMA Stream destination address */
1806:Drivers/STM32H7xx_HAL_Driver/Src/stm32h7xx_hal_dma.c ****       ((DMA_Stream_TypeDef *)hdma->Instance)->PAR = DstAddress;
1807:Drivers/STM32H7xx_HAL_Driver/Src/stm32h7xx_hal_dma.c **** 
1808:Drivers/STM32H7xx_HAL_Driver/Src/stm32h7xx_hal_dma.c ****       /* Configure DMA Stream source address */
1809:Drivers/STM32H7xx_HAL_Driver/Src/stm32h7xx_hal_dma.c ****       ((DMA_Stream_TypeDef *)hdma->Instance)->M0AR = SrcAddress;
1810:Drivers/STM32H7xx_HAL_Driver/Src/stm32h7xx_hal_dma.c ****     }
1811:Drivers/STM32H7xx_HAL_Driver/Src/stm32h7xx_hal_dma.c ****     /* Memory to Peripheral */
1812:Drivers/STM32H7xx_HAL_Driver/Src/stm32h7xx_hal_dma.c ****     else
1813:Drivers/STM32H7xx_HAL_Driver/Src/stm32h7xx_hal_dma.c ****     {
1814:Drivers/STM32H7xx_HAL_Driver/Src/stm32h7xx_hal_dma.c ****       /* Configure DMA Stream source address */
1815:Drivers/STM32H7xx_HAL_Driver/Src/stm32h7xx_hal_dma.c ****       ((DMA_Stream_TypeDef *)hdma->Instance)->PAR = SrcAddress;
1816:Drivers/STM32H7xx_HAL_Driver/Src/stm32h7xx_hal_dma.c **** 
1817:Drivers/STM32H7xx_HAL_Driver/Src/stm32h7xx_hal_dma.c ****       /* Configure DMA Stream destination address */
1818:Drivers/STM32H7xx_HAL_Driver/Src/stm32h7xx_hal_dma.c ****       ((DMA_Stream_TypeDef *)hdma->Instance)->M0AR = DstAddress;
1819:Drivers/STM32H7xx_HAL_Driver/Src/stm32h7xx_hal_dma.c ****     }
1820:Drivers/STM32H7xx_HAL_Driver/Src/stm32h7xx_hal_dma.c ****   }
1821:Drivers/STM32H7xx_HAL_Driver/Src/stm32h7xx_hal_dma.c ****   else if(IS_BDMA_CHANNEL_INSTANCE(hdma->Instance) != 0U) /* BDMA instance(s) */
1822:Drivers/STM32H7xx_HAL_Driver/Src/stm32h7xx_hal_dma.c ****   {
1823:Drivers/STM32H7xx_HAL_Driver/Src/stm32h7xx_hal_dma.c ****     /* Clear all flags */
1824:Drivers/STM32H7xx_HAL_Driver/Src/stm32h7xx_hal_dma.c ****     regs_bdma->IFCR = (BDMA_ISR_GIF0) << (hdma->StreamIndex & 0x1FU);
1825:Drivers/STM32H7xx_HAL_Driver/Src/stm32h7xx_hal_dma.c **** 
1826:Drivers/STM32H7xx_HAL_Driver/Src/stm32h7xx_hal_dma.c ****     /* Configure DMA Channel data length */
1827:Drivers/STM32H7xx_HAL_Driver/Src/stm32h7xx_hal_dma.c ****     ((BDMA_Channel_TypeDef *)hdma->Instance)->CNDTR = DataLength;
1828:Drivers/STM32H7xx_HAL_Driver/Src/stm32h7xx_hal_dma.c **** 
1829:Drivers/STM32H7xx_HAL_Driver/Src/stm32h7xx_hal_dma.c ****     /* Peripheral to Memory */
1830:Drivers/STM32H7xx_HAL_Driver/Src/stm32h7xx_hal_dma.c ****     if((hdma->Init.Direction) == DMA_MEMORY_TO_PERIPH)
1831:Drivers/STM32H7xx_HAL_Driver/Src/stm32h7xx_hal_dma.c ****     {
1832:Drivers/STM32H7xx_HAL_Driver/Src/stm32h7xx_hal_dma.c ****       /* Configure DMA Channel destination address */
1833:Drivers/STM32H7xx_HAL_Driver/Src/stm32h7xx_hal_dma.c ****       ((BDMA_Channel_TypeDef *)hdma->Instance)->CPAR = DstAddress;
1834:Drivers/STM32H7xx_HAL_Driver/Src/stm32h7xx_hal_dma.c **** 
1835:Drivers/STM32H7xx_HAL_Driver/Src/stm32h7xx_hal_dma.c ****       /* Configure DMA Channel source address */
1836:Drivers/STM32H7xx_HAL_Driver/Src/stm32h7xx_hal_dma.c ****       ((BDMA_Channel_TypeDef *)hdma->Instance)->CM0AR = SrcAddress;
1837:Drivers/STM32H7xx_HAL_Driver/Src/stm32h7xx_hal_dma.c ****     }
1838:Drivers/STM32H7xx_HAL_Driver/Src/stm32h7xx_hal_dma.c ****     /* Memory to Peripheral */
1839:Drivers/STM32H7xx_HAL_Driver/Src/stm32h7xx_hal_dma.c ****     else
1840:Drivers/STM32H7xx_HAL_Driver/Src/stm32h7xx_hal_dma.c ****     {
1841:Drivers/STM32H7xx_HAL_Driver/Src/stm32h7xx_hal_dma.c ****       /* Configure DMA Channel source address */
1842:Drivers/STM32H7xx_HAL_Driver/Src/stm32h7xx_hal_dma.c ****       ((BDMA_Channel_TypeDef *)hdma->Instance)->CPAR = SrcAddress;
1843:Drivers/STM32H7xx_HAL_Driver/Src/stm32h7xx_hal_dma.c **** 
1844:Drivers/STM32H7xx_HAL_Driver/Src/stm32h7xx_hal_dma.c ****       /* Configure DMA Channel destination address */
1845:Drivers/STM32H7xx_HAL_Driver/Src/stm32h7xx_hal_dma.c ****       ((BDMA_Channel_TypeDef *)hdma->Instance)->CM0AR = DstAddress;
1846:Drivers/STM32H7xx_HAL_Driver/Src/stm32h7xx_hal_dma.c ****     }
1847:Drivers/STM32H7xx_HAL_Driver/Src/stm32h7xx_hal_dma.c ****   }
1848:Drivers/STM32H7xx_HAL_Driver/Src/stm32h7xx_hal_dma.c ****   else
1849:Drivers/STM32H7xx_HAL_Driver/Src/stm32h7xx_hal_dma.c ****   {
1850:Drivers/STM32H7xx_HAL_Driver/Src/stm32h7xx_hal_dma.c ****     /* Nothing To Do */
1851:Drivers/STM32H7xx_HAL_Driver/Src/stm32h7xx_hal_dma.c ****   }
1852:Drivers/STM32H7xx_HAL_Driver/Src/stm32h7xx_hal_dma.c **** }
1853:Drivers/STM32H7xx_HAL_Driver/Src/stm32h7xx_hal_dma.c **** 
1854:Drivers/STM32H7xx_HAL_Driver/Src/stm32h7xx_hal_dma.c **** /**
ARM GAS  C:\Users\l1234\AppData\Local\Temp\ccQ59T7L.s 			page 34


1855:Drivers/STM32H7xx_HAL_Driver/Src/stm32h7xx_hal_dma.c ****   * @brief  Returns the DMA Stream base address depending on stream number
1856:Drivers/STM32H7xx_HAL_Driver/Src/stm32h7xx_hal_dma.c ****   * @param  hdma:       pointer to a DMA_HandleTypeDef structure that contains
1857:Drivers/STM32H7xx_HAL_Driver/Src/stm32h7xx_hal_dma.c ****   *                     the configuration information for the specified DMA Stream.
1858:Drivers/STM32H7xx_HAL_Driver/Src/stm32h7xx_hal_dma.c ****   * @retval Stream base address
1859:Drivers/STM32H7xx_HAL_Driver/Src/stm32h7xx_hal_dma.c ****   */
1860:Drivers/STM32H7xx_HAL_Driver/Src/stm32h7xx_hal_dma.c **** static uint32_t DMA_CalcBaseAndBitshift(DMA_HandleTypeDef *hdma)
1861:Drivers/STM32H7xx_HAL_Driver/Src/stm32h7xx_hal_dma.c **** {
  29              		.loc 1 1861 1 view -0
  30              		.cfi_startproc
  31              		@ args = 0, pretend = 0, frame = 0
  32              		@ frame_needed = 0, uses_anonymous_args = 0
  33              		@ link register save eliminated.
1862:Drivers/STM32H7xx_HAL_Driver/Src/stm32h7xx_hal_dma.c ****   if(IS_DMA_STREAM_INSTANCE(hdma->Instance) != 0U) /* DMA1 or DMA2 instance */
  34              		.loc 1 1862 3 view .LVU1
  35              		.loc 1 1862 6 is_stmt 0 view .LVU2
  36 0000 3649     		ldr	r1, .L27
1861:Drivers/STM32H7xx_HAL_Driver/Src/stm32h7xx_hal_dma.c ****   if(IS_DMA_STREAM_INSTANCE(hdma->Instance) != 0U) /* DMA1 or DMA2 instance */
  37              		.loc 1 1861 1 view .LVU3
  38 0002 0246     		mov	r2, r0
  39              		.loc 1 1862 6 view .LVU4
  40 0004 0368     		ldr	r3, [r0]
  41 0006 8B42     		cmp	r3, r1
  42 0008 33D0     		beq	.L2
  43 000a 1831     		adds	r1, r1, #24
  44 000c 591A     		subs	r1, r3, r1
  45 000e B1FA81F1 		clz	r1, r1
  46 0012 4909     		lsrs	r1, r1, #5
  47 0014 69BB     		cbnz	r1, .L2
  48              		.loc 1 1862 6 discriminator 2 view .LVU5
  49 0016 3248     		ldr	r0, .L27+4
  50              	.LVL1:
  51              		.loc 1 1862 6 discriminator 2 view .LVU6
  52 0018 8342     		cmp	r3, r0
  53 001a 3ED0     		beq	.L6
  54              		.loc 1 1862 6 discriminator 4 view .LVU7
  55 001c 1830     		adds	r0, r0, #24
  56 001e 8342     		cmp	r3, r0
  57 0020 3ED0     		beq	.L7
  58              		.loc 1 1862 6 discriminator 6 view .LVU8
  59 0022 1830     		adds	r0, r0, #24
  60 0024 8342     		cmp	r3, r0
  61 0026 34D0     		beq	.L24
  62              		.loc 1 1862 6 discriminator 8 view .LVU9
  63 0028 1830     		adds	r0, r0, #24
  64 002a 8342     		cmp	r3, r0
  65 002c 3BD0     		beq	.L9
  66              		.loc 1 1862 6 discriminator 10 view .LVU10
  67 002e 1830     		adds	r0, r0, #24
  68 0030 8342     		cmp	r3, r0
  69 0032 3ED0     		beq	.L10
  70              		.loc 1 1862 6 discriminator 12 view .LVU11
  71 0034 1830     		adds	r0, r0, #24
  72 0036 8342     		cmp	r3, r0
  73 0038 2AD0     		beq	.L11
  74              		.loc 1 1862 6 discriminator 14 view .LVU12
  75 003a 00F55670 		add	r0, r0, #856
  76 003e 8342     		cmp	r3, r0
ARM GAS  C:\Users\l1234\AppData\Local\Temp\ccQ59T7L.s 			page 35


  77 0040 35D0     		beq	.L25
  78              		.loc 1 1862 6 discriminator 16 view .LVU13
  79 0042 2849     		ldr	r1, .L27+8
  80 0044 8B42     		cmp	r3, r1
  81 0046 31D0     		beq	.L13
  82              		.loc 1 1862 6 discriminator 18 view .LVU14
  83 0048 1831     		adds	r1, r1, #24
  84 004a 8B42     		cmp	r3, r1
  85 004c 34D0     		beq	.L14
  86              		.loc 1 1862 6 discriminator 20 view .LVU15
  87 004e 1831     		adds	r1, r1, #24
  88 0050 8B42     		cmp	r3, r1
  89 0052 34D0     		beq	.L15
  90              		.loc 1 1862 6 discriminator 22 view .LVU16
  91 0054 1831     		adds	r1, r1, #24
  92 0056 8B42     		cmp	r3, r1
  93 0058 34D0     		beq	.L16
  94              		.loc 1 1862 6 discriminator 24 view .LVU17
  95 005a 1831     		adds	r1, r1, #24
  96 005c 8B42     		cmp	r3, r1
  97 005e 34D0     		beq	.L17
  98              		.loc 1 1862 6 discriminator 26 view .LVU18
  99 0060 1831     		adds	r1, r1, #24
 100 0062 8B42     		cmp	r3, r1
 101 0064 34D0     		beq	.L18
 102              		.loc 1 1862 6 discriminator 28 view .LVU19
 103 0066 1831     		adds	r1, r1, #24
 104 0068 8B42     		cmp	r3, r1
 105 006a 34D0     		beq	.L19
1863:Drivers/STM32H7xx_HAL_Driver/Src/stm32h7xx_hal_dma.c ****   {
1864:Drivers/STM32H7xx_HAL_Driver/Src/stm32h7xx_hal_dma.c ****     uint32_t stream_number = (((uint32_t)((uint32_t*)hdma->Instance) & 0xFFU) - 16U) / 24U;
1865:Drivers/STM32H7xx_HAL_Driver/Src/stm32h7xx_hal_dma.c **** 
1866:Drivers/STM32H7xx_HAL_Driver/Src/stm32h7xx_hal_dma.c ****     /* lookup table for necessary bitshift of flags within status registers */
1867:Drivers/STM32H7xx_HAL_Driver/Src/stm32h7xx_hal_dma.c ****     static const uint8_t flagBitshiftOffset[8U] = {0U, 6U, 16U, 22U, 0U, 6U, 16U, 22U};
1868:Drivers/STM32H7xx_HAL_Driver/Src/stm32h7xx_hal_dma.c ****     hdma->StreamIndex = flagBitshiftOffset[stream_number & 0x7U];
1869:Drivers/STM32H7xx_HAL_Driver/Src/stm32h7xx_hal_dma.c **** 
1870:Drivers/STM32H7xx_HAL_Driver/Src/stm32h7xx_hal_dma.c ****     if (stream_number > 3U)
1871:Drivers/STM32H7xx_HAL_Driver/Src/stm32h7xx_hal_dma.c ****     {
1872:Drivers/STM32H7xx_HAL_Driver/Src/stm32h7xx_hal_dma.c ****       /* return pointer to HISR and HIFCR */
1873:Drivers/STM32H7xx_HAL_Driver/Src/stm32h7xx_hal_dma.c ****       hdma->StreamBaseAddress = (((uint32_t)((uint32_t*)hdma->Instance) & (uint32_t)(~0x3FFU)) + 4U
1874:Drivers/STM32H7xx_HAL_Driver/Src/stm32h7xx_hal_dma.c ****     }
1875:Drivers/STM32H7xx_HAL_Driver/Src/stm32h7xx_hal_dma.c ****     else
1876:Drivers/STM32H7xx_HAL_Driver/Src/stm32h7xx_hal_dma.c ****     {
1877:Drivers/STM32H7xx_HAL_Driver/Src/stm32h7xx_hal_dma.c ****       /* return pointer to LISR and LIFCR */
1878:Drivers/STM32H7xx_HAL_Driver/Src/stm32h7xx_hal_dma.c ****       hdma->StreamBaseAddress = ((uint32_t)((uint32_t*)hdma->Instance) & (uint32_t)(~0x3FFU));
1879:Drivers/STM32H7xx_HAL_Driver/Src/stm32h7xx_hal_dma.c ****     }
1880:Drivers/STM32H7xx_HAL_Driver/Src/stm32h7xx_hal_dma.c ****   }
1881:Drivers/STM32H7xx_HAL_Driver/Src/stm32h7xx_hal_dma.c ****   else /* BDMA instance(s) */
1882:Drivers/STM32H7xx_HAL_Driver/Src/stm32h7xx_hal_dma.c ****   {
1883:Drivers/STM32H7xx_HAL_Driver/Src/stm32h7xx_hal_dma.c ****     /* return pointer to ISR and IFCR */
1884:Drivers/STM32H7xx_HAL_Driver/Src/stm32h7xx_hal_dma.c ****     hdma->StreamBaseAddress = ((uint32_t)((uint32_t*)hdma->Instance) & (uint32_t)(~0xFFU));
 106              		.loc 1 1884 5 is_stmt 1 view .LVU20
 107              		.loc 1 1884 70 is_stmt 0 view .LVU21
 108 006c 23F0FF00 		bic	r0, r3, #255
 109 0070 11E0     		b	.L21
 110              	.LVL2:
 111              	.L2:
ARM GAS  C:\Users\l1234\AppData\Local\Temp\ccQ59T7L.s 			page 36


 112              	.LBB2:
1864:Drivers/STM32H7xx_HAL_Driver/Src/stm32h7xx_hal_dma.c **** 
 113              		.loc 1 1864 5 is_stmt 1 view .LVU22
1867:Drivers/STM32H7xx_HAL_Driver/Src/stm32h7xx_hal_dma.c ****     hdma->StreamIndex = flagBitshiftOffset[stream_number & 0x7U];
 114              		.loc 1 1867 5 view .LVU23
1868:Drivers/STM32H7xx_HAL_Driver/Src/stm32h7xx_hal_dma.c **** 
 115              		.loc 1 1868 5 view .LVU24
1864:Drivers/STM32H7xx_HAL_Driver/Src/stm32h7xx_hal_dma.c **** 
 116              		.loc 1 1864 70 is_stmt 0 view .LVU25
 117 0072 DBB2     		uxtb	r3, r3
 118              	.LVL3:
1864:Drivers/STM32H7xx_HAL_Driver/Src/stm32h7xx_hal_dma.c **** 
 119              		.loc 1 1864 14 view .LVU26
 120 0074 1C49     		ldr	r1, .L27+12
1868:Drivers/STM32H7xx_HAL_Driver/Src/stm32h7xx_hal_dma.c **** 
 121              		.loc 1 1868 43 view .LVU27
 122 0076 1D48     		ldr	r0, .L27+16
 123              	.LVL4:
1864:Drivers/STM32H7xx_HAL_Driver/Src/stm32h7xx_hal_dma.c **** 
 124              		.loc 1 1864 79 view .LVU28
 125 0078 103B     		subs	r3, r3, #16
1864:Drivers/STM32H7xx_HAL_Driver/Src/stm32h7xx_hal_dma.c **** 
 126              		.loc 1 1864 14 view .LVU29
 127 007a A1FB0313 		umull	r1, r3, r1, r3
 128              	.LBE2:
1861:Drivers/STM32H7xx_HAL_Driver/Src/stm32h7xx_hal_dma.c ****   if(IS_DMA_STREAM_INSTANCE(hdma->Instance) != 0U) /* DMA1 or DMA2 instance */
 129              		.loc 1 1861 1 view .LVU30
 130 007e 10B4     		push	{r4}
 131              	.LCFI0:
 132              		.cfi_def_cfa_offset 4
 133              		.cfi_offset 4, -4
 134              	.LBB3:
1864:Drivers/STM32H7xx_HAL_Driver/Src/stm32h7xx_hal_dma.c **** 
 135              		.loc 1 1864 14 view .LVU31
 136 0080 1B09     		lsrs	r3, r3, #4
1868:Drivers/STM32H7xx_HAL_Driver/Src/stm32h7xx_hal_dma.c **** 
 137              		.loc 1 1868 43 view .LVU32
 138 0082 1B4C     		ldr	r4, .L27+20
 139 0084 E15C     		ldrb	r1, [r4, r3]	@ zero_extendqisi2
1870:Drivers/STM32H7xx_HAL_Driver/Src/stm32h7xx_hal_dma.c ****     {
 140              		.loc 1 1870 5 is_stmt 1 view .LVU33
 141              	.LVL5:
1870:Drivers/STM32H7xx_HAL_Driver/Src/stm32h7xx_hal_dma.c ****     {
 142              		.loc 1 1870 5 is_stmt 0 view .LVU34
 143              	.LBE3:
1885:Drivers/STM32H7xx_HAL_Driver/Src/stm32h7xx_hal_dma.c ****   }
1886:Drivers/STM32H7xx_HAL_Driver/Src/stm32h7xx_hal_dma.c **** 
1887:Drivers/STM32H7xx_HAL_Driver/Src/stm32h7xx_hal_dma.c ****   return hdma->StreamBaseAddress;
1888:Drivers/STM32H7xx_HAL_Driver/Src/stm32h7xx_hal_dma.c **** }
 144              		.loc 1 1888 1 view .LVU35
 145 0086 5DF8044B 		ldr	r4, [sp], #4
 146              	.LCFI1:
 147              		.cfi_restore 4
 148              		.cfi_def_cfa_offset 0
 149              	.LBB4:
1878:Drivers/STM32H7xx_HAL_Driver/Src/stm32h7xx_hal_dma.c ****     }
 150              		.loc 1 1878 31 view .LVU36
ARM GAS  C:\Users\l1234\AppData\Local\Temp\ccQ59T7L.s 			page 37


 151 008a C2E91601 		strd	r0, r1, [r2, #88]
 152              	.LBE4:
1887:Drivers/STM32H7xx_HAL_Driver/Src/stm32h7xx_hal_dma.c **** }
 153              		.loc 1 1887 3 is_stmt 1 view .LVU37
 154              		.loc 1 1888 1 is_stmt 0 view .LVU38
 155 008e 7047     		bx	lr
 156              	.L11:
 157              		.loc 1 1888 1 view .LVU39
 158 0090 1621     		movs	r1, #22
 159              	.L24:
 160 0092 1848     		ldr	r0, .L27+24
 161              	.L22:
 162              	.LBB5:
1868:Drivers/STM32H7xx_HAL_Driver/Src/stm32h7xx_hal_dma.c **** 
 163              		.loc 1 1868 23 view .LVU40
 164 0094 D165     		str	r1, [r2, #92]
1878:Drivers/STM32H7xx_HAL_Driver/Src/stm32h7xx_hal_dma.c ****     }
 165              		.loc 1 1878 7 is_stmt 1 view .LVU41
 166              	.L21:
1878:Drivers/STM32H7xx_HAL_Driver/Src/stm32h7xx_hal_dma.c ****     }
 167              		.loc 1 1878 31 is_stmt 0 view .LVU42
 168 0096 9065     		str	r0, [r2, #88]
 169              	.LBE5:
1887:Drivers/STM32H7xx_HAL_Driver/Src/stm32h7xx_hal_dma.c **** }
 170              		.loc 1 1887 3 is_stmt 1 view .LVU43
 171              		.loc 1 1888 1 is_stmt 0 view .LVU44
 172 0098 7047     		bx	lr
 173              	.L6:
 174              		.loc 1 1888 1 view .LVU45
 175 009a 1021     		movs	r1, #16
 176 009c 1348     		ldr	r0, .L27+16
 177 009e F9E7     		b	.L22
 178              	.L7:
 179 00a0 1621     		movs	r1, #22
 180 00a2 1248     		ldr	r0, .L27+16
 181 00a4 F6E7     		b	.L22
 182              	.L9:
 183 00a6 0621     		movs	r1, #6
 184 00a8 1248     		ldr	r0, .L27+24
 185 00aa F3E7     		b	.L22
 186              	.L13:
 187 00ac 0621     		movs	r1, #6
 188              	.L25:
 189 00ae 1248     		ldr	r0, .L27+28
 190 00b0 F0E7     		b	.L22
 191              	.L10:
 192 00b2 1021     		movs	r1, #16
 193 00b4 0F48     		ldr	r0, .L27+24
 194 00b6 EDE7     		b	.L22
 195              	.L14:
 196 00b8 1021     		movs	r1, #16
 197 00ba 0F48     		ldr	r0, .L27+28
 198 00bc EAE7     		b	.L22
 199              	.L15:
 200 00be 1621     		movs	r1, #22
 201 00c0 0D48     		ldr	r0, .L27+28
 202 00c2 E7E7     		b	.L22
ARM GAS  C:\Users\l1234\AppData\Local\Temp\ccQ59T7L.s 			page 38


 203              	.L16:
 204 00c4 0021     		movs	r1, #0
 205 00c6 0D48     		ldr	r0, .L27+32
 206 00c8 E4E7     		b	.L22
 207              	.L17:
 208 00ca 0621     		movs	r1, #6
 209 00cc 0B48     		ldr	r0, .L27+32
 210 00ce E1E7     		b	.L22
 211              	.L18:
 212 00d0 1021     		movs	r1, #16
 213 00d2 0A48     		ldr	r0, .L27+32
 214 00d4 DEE7     		b	.L22
 215              	.L19:
 216 00d6 1621     		movs	r1, #22
 217 00d8 0848     		ldr	r0, .L27+32
 218 00da DBE7     		b	.L22
 219              	.L28:
 220              		.align	2
 221              	.L27:
 222 00dc 10000240 		.word	1073872912
 223 00e0 40000240 		.word	1073872960
 224 00e4 28040240 		.word	1073873960
 225 00e8 ABAAAAAA 		.word	-1431655765
 226 00ec 00000240 		.word	1073872896
 227 00f0 00000000 		.word	flagBitshiftOffset.0
 228 00f4 04000240 		.word	1073872900
 229 00f8 00040240 		.word	1073873920
 230 00fc 04040240 		.word	1073873924
 231              		.cfi_endproc
 232              	.LFE157:
 234              		.section	.text.DMA_CalcDMAMUXChannelBaseAndMask,"ax",%progbits
 235              		.align	1
 236              		.p2align 2,,3
 237              		.syntax unified
 238              		.thumb
 239              		.thumb_func
 241              	DMA_CalcDMAMUXChannelBaseAndMask:
 242              	.LVL6:
 243              	.LFB159:
1889:Drivers/STM32H7xx_HAL_Driver/Src/stm32h7xx_hal_dma.c **** 
1890:Drivers/STM32H7xx_HAL_Driver/Src/stm32h7xx_hal_dma.c **** /**
1891:Drivers/STM32H7xx_HAL_Driver/Src/stm32h7xx_hal_dma.c ****   * @brief  Check compatibility between FIFO threshold level and size of the memory burst
1892:Drivers/STM32H7xx_HAL_Driver/Src/stm32h7xx_hal_dma.c ****   * @param  hdma:       pointer to a DMA_HandleTypeDef structure that contains
1893:Drivers/STM32H7xx_HAL_Driver/Src/stm32h7xx_hal_dma.c ****   *                     the configuration information for the specified DMA Stream.
1894:Drivers/STM32H7xx_HAL_Driver/Src/stm32h7xx_hal_dma.c ****   * @retval HAL status
1895:Drivers/STM32H7xx_HAL_Driver/Src/stm32h7xx_hal_dma.c ****   */
1896:Drivers/STM32H7xx_HAL_Driver/Src/stm32h7xx_hal_dma.c **** static HAL_StatusTypeDef DMA_CheckFifoParam(const DMA_HandleTypeDef *hdma)
1897:Drivers/STM32H7xx_HAL_Driver/Src/stm32h7xx_hal_dma.c **** {
1898:Drivers/STM32H7xx_HAL_Driver/Src/stm32h7xx_hal_dma.c ****   HAL_StatusTypeDef status = HAL_OK;
1899:Drivers/STM32H7xx_HAL_Driver/Src/stm32h7xx_hal_dma.c **** 
1900:Drivers/STM32H7xx_HAL_Driver/Src/stm32h7xx_hal_dma.c ****   /* Memory Data size equal to Byte */
1901:Drivers/STM32H7xx_HAL_Driver/Src/stm32h7xx_hal_dma.c ****   if (hdma->Init.MemDataAlignment == DMA_MDATAALIGN_BYTE)
1902:Drivers/STM32H7xx_HAL_Driver/Src/stm32h7xx_hal_dma.c ****   {
1903:Drivers/STM32H7xx_HAL_Driver/Src/stm32h7xx_hal_dma.c ****     switch (hdma->Init.FIFOThreshold)
1904:Drivers/STM32H7xx_HAL_Driver/Src/stm32h7xx_hal_dma.c ****     {
1905:Drivers/STM32H7xx_HAL_Driver/Src/stm32h7xx_hal_dma.c ****       case DMA_FIFO_THRESHOLD_1QUARTERFULL:
1906:Drivers/STM32H7xx_HAL_Driver/Src/stm32h7xx_hal_dma.c ****       case DMA_FIFO_THRESHOLD_3QUARTERSFULL:
ARM GAS  C:\Users\l1234\AppData\Local\Temp\ccQ59T7L.s 			page 39


1907:Drivers/STM32H7xx_HAL_Driver/Src/stm32h7xx_hal_dma.c **** 
1908:Drivers/STM32H7xx_HAL_Driver/Src/stm32h7xx_hal_dma.c ****         if ((hdma->Init.MemBurst & DMA_SxCR_MBURST_1) == DMA_SxCR_MBURST_1)
1909:Drivers/STM32H7xx_HAL_Driver/Src/stm32h7xx_hal_dma.c ****         {
1910:Drivers/STM32H7xx_HAL_Driver/Src/stm32h7xx_hal_dma.c ****           status = HAL_ERROR;
1911:Drivers/STM32H7xx_HAL_Driver/Src/stm32h7xx_hal_dma.c ****         }
1912:Drivers/STM32H7xx_HAL_Driver/Src/stm32h7xx_hal_dma.c ****         break;
1913:Drivers/STM32H7xx_HAL_Driver/Src/stm32h7xx_hal_dma.c **** 
1914:Drivers/STM32H7xx_HAL_Driver/Src/stm32h7xx_hal_dma.c ****       case DMA_FIFO_THRESHOLD_HALFFULL:
1915:Drivers/STM32H7xx_HAL_Driver/Src/stm32h7xx_hal_dma.c ****         if (hdma->Init.MemBurst == DMA_MBURST_INC16)
1916:Drivers/STM32H7xx_HAL_Driver/Src/stm32h7xx_hal_dma.c ****         {
1917:Drivers/STM32H7xx_HAL_Driver/Src/stm32h7xx_hal_dma.c ****           status = HAL_ERROR;
1918:Drivers/STM32H7xx_HAL_Driver/Src/stm32h7xx_hal_dma.c ****         }
1919:Drivers/STM32H7xx_HAL_Driver/Src/stm32h7xx_hal_dma.c ****         break;
1920:Drivers/STM32H7xx_HAL_Driver/Src/stm32h7xx_hal_dma.c **** 
1921:Drivers/STM32H7xx_HAL_Driver/Src/stm32h7xx_hal_dma.c ****       case DMA_FIFO_THRESHOLD_FULL:
1922:Drivers/STM32H7xx_HAL_Driver/Src/stm32h7xx_hal_dma.c ****         break;
1923:Drivers/STM32H7xx_HAL_Driver/Src/stm32h7xx_hal_dma.c **** 
1924:Drivers/STM32H7xx_HAL_Driver/Src/stm32h7xx_hal_dma.c ****       default:
1925:Drivers/STM32H7xx_HAL_Driver/Src/stm32h7xx_hal_dma.c ****         break;
1926:Drivers/STM32H7xx_HAL_Driver/Src/stm32h7xx_hal_dma.c ****     }
1927:Drivers/STM32H7xx_HAL_Driver/Src/stm32h7xx_hal_dma.c ****   }
1928:Drivers/STM32H7xx_HAL_Driver/Src/stm32h7xx_hal_dma.c **** 
1929:Drivers/STM32H7xx_HAL_Driver/Src/stm32h7xx_hal_dma.c ****   /* Memory Data size equal to Half-Word */
1930:Drivers/STM32H7xx_HAL_Driver/Src/stm32h7xx_hal_dma.c ****   else if (hdma->Init.MemDataAlignment == DMA_MDATAALIGN_HALFWORD)
1931:Drivers/STM32H7xx_HAL_Driver/Src/stm32h7xx_hal_dma.c ****   {
1932:Drivers/STM32H7xx_HAL_Driver/Src/stm32h7xx_hal_dma.c ****     switch (hdma->Init.FIFOThreshold)
1933:Drivers/STM32H7xx_HAL_Driver/Src/stm32h7xx_hal_dma.c ****     {
1934:Drivers/STM32H7xx_HAL_Driver/Src/stm32h7xx_hal_dma.c ****       case DMA_FIFO_THRESHOLD_1QUARTERFULL:
1935:Drivers/STM32H7xx_HAL_Driver/Src/stm32h7xx_hal_dma.c ****       case DMA_FIFO_THRESHOLD_3QUARTERSFULL:
1936:Drivers/STM32H7xx_HAL_Driver/Src/stm32h7xx_hal_dma.c ****         status = HAL_ERROR;
1937:Drivers/STM32H7xx_HAL_Driver/Src/stm32h7xx_hal_dma.c ****         break;
1938:Drivers/STM32H7xx_HAL_Driver/Src/stm32h7xx_hal_dma.c **** 
1939:Drivers/STM32H7xx_HAL_Driver/Src/stm32h7xx_hal_dma.c ****       case DMA_FIFO_THRESHOLD_HALFFULL:
1940:Drivers/STM32H7xx_HAL_Driver/Src/stm32h7xx_hal_dma.c ****         if ((hdma->Init.MemBurst & DMA_SxCR_MBURST_1) == DMA_SxCR_MBURST_1)
1941:Drivers/STM32H7xx_HAL_Driver/Src/stm32h7xx_hal_dma.c ****         {
1942:Drivers/STM32H7xx_HAL_Driver/Src/stm32h7xx_hal_dma.c ****           status = HAL_ERROR;
1943:Drivers/STM32H7xx_HAL_Driver/Src/stm32h7xx_hal_dma.c ****         }
1944:Drivers/STM32H7xx_HAL_Driver/Src/stm32h7xx_hal_dma.c ****         break;
1945:Drivers/STM32H7xx_HAL_Driver/Src/stm32h7xx_hal_dma.c **** 
1946:Drivers/STM32H7xx_HAL_Driver/Src/stm32h7xx_hal_dma.c ****       case DMA_FIFO_THRESHOLD_FULL:
1947:Drivers/STM32H7xx_HAL_Driver/Src/stm32h7xx_hal_dma.c ****         if (hdma->Init.MemBurst == DMA_MBURST_INC16)
1948:Drivers/STM32H7xx_HAL_Driver/Src/stm32h7xx_hal_dma.c ****         {
1949:Drivers/STM32H7xx_HAL_Driver/Src/stm32h7xx_hal_dma.c ****           status = HAL_ERROR;
1950:Drivers/STM32H7xx_HAL_Driver/Src/stm32h7xx_hal_dma.c ****         }
1951:Drivers/STM32H7xx_HAL_Driver/Src/stm32h7xx_hal_dma.c ****         break;
1952:Drivers/STM32H7xx_HAL_Driver/Src/stm32h7xx_hal_dma.c **** 
1953:Drivers/STM32H7xx_HAL_Driver/Src/stm32h7xx_hal_dma.c ****       default:
1954:Drivers/STM32H7xx_HAL_Driver/Src/stm32h7xx_hal_dma.c ****         break;
1955:Drivers/STM32H7xx_HAL_Driver/Src/stm32h7xx_hal_dma.c ****     }
1956:Drivers/STM32H7xx_HAL_Driver/Src/stm32h7xx_hal_dma.c ****   }
1957:Drivers/STM32H7xx_HAL_Driver/Src/stm32h7xx_hal_dma.c **** 
1958:Drivers/STM32H7xx_HAL_Driver/Src/stm32h7xx_hal_dma.c ****   /* Memory Data size equal to Word */
1959:Drivers/STM32H7xx_HAL_Driver/Src/stm32h7xx_hal_dma.c ****   else
1960:Drivers/STM32H7xx_HAL_Driver/Src/stm32h7xx_hal_dma.c ****   {
1961:Drivers/STM32H7xx_HAL_Driver/Src/stm32h7xx_hal_dma.c ****     switch (hdma->Init.FIFOThreshold)
1962:Drivers/STM32H7xx_HAL_Driver/Src/stm32h7xx_hal_dma.c ****     {
1963:Drivers/STM32H7xx_HAL_Driver/Src/stm32h7xx_hal_dma.c ****       case DMA_FIFO_THRESHOLD_1QUARTERFULL:
ARM GAS  C:\Users\l1234\AppData\Local\Temp\ccQ59T7L.s 			page 40


1964:Drivers/STM32H7xx_HAL_Driver/Src/stm32h7xx_hal_dma.c ****       case DMA_FIFO_THRESHOLD_HALFFULL:
1965:Drivers/STM32H7xx_HAL_Driver/Src/stm32h7xx_hal_dma.c ****       case DMA_FIFO_THRESHOLD_3QUARTERSFULL:
1966:Drivers/STM32H7xx_HAL_Driver/Src/stm32h7xx_hal_dma.c ****         status = HAL_ERROR;
1967:Drivers/STM32H7xx_HAL_Driver/Src/stm32h7xx_hal_dma.c ****         break;
1968:Drivers/STM32H7xx_HAL_Driver/Src/stm32h7xx_hal_dma.c **** 
1969:Drivers/STM32H7xx_HAL_Driver/Src/stm32h7xx_hal_dma.c ****       case DMA_FIFO_THRESHOLD_FULL:
1970:Drivers/STM32H7xx_HAL_Driver/Src/stm32h7xx_hal_dma.c ****         if ((hdma->Init.MemBurst & DMA_SxCR_MBURST_1) == DMA_SxCR_MBURST_1)
1971:Drivers/STM32H7xx_HAL_Driver/Src/stm32h7xx_hal_dma.c ****         {
1972:Drivers/STM32H7xx_HAL_Driver/Src/stm32h7xx_hal_dma.c ****           status = HAL_ERROR;
1973:Drivers/STM32H7xx_HAL_Driver/Src/stm32h7xx_hal_dma.c ****         }
1974:Drivers/STM32H7xx_HAL_Driver/Src/stm32h7xx_hal_dma.c ****     break;
1975:Drivers/STM32H7xx_HAL_Driver/Src/stm32h7xx_hal_dma.c **** 
1976:Drivers/STM32H7xx_HAL_Driver/Src/stm32h7xx_hal_dma.c ****       default:
1977:Drivers/STM32H7xx_HAL_Driver/Src/stm32h7xx_hal_dma.c ****         break;
1978:Drivers/STM32H7xx_HAL_Driver/Src/stm32h7xx_hal_dma.c ****     }
1979:Drivers/STM32H7xx_HAL_Driver/Src/stm32h7xx_hal_dma.c ****   }
1980:Drivers/STM32H7xx_HAL_Driver/Src/stm32h7xx_hal_dma.c **** 
1981:Drivers/STM32H7xx_HAL_Driver/Src/stm32h7xx_hal_dma.c ****   return status;
1982:Drivers/STM32H7xx_HAL_Driver/Src/stm32h7xx_hal_dma.c **** }
1983:Drivers/STM32H7xx_HAL_Driver/Src/stm32h7xx_hal_dma.c **** 
1984:Drivers/STM32H7xx_HAL_Driver/Src/stm32h7xx_hal_dma.c **** /**
1985:Drivers/STM32H7xx_HAL_Driver/Src/stm32h7xx_hal_dma.c ****   * @brief  Updates the DMA handle with the DMAMUX  channel and status mask depending on stream num
1986:Drivers/STM32H7xx_HAL_Driver/Src/stm32h7xx_hal_dma.c ****   * @param  hdma:       pointer to a DMA_HandleTypeDef structure that contains
1987:Drivers/STM32H7xx_HAL_Driver/Src/stm32h7xx_hal_dma.c ****   *                     the configuration information for the specified DMA Stream.
1988:Drivers/STM32H7xx_HAL_Driver/Src/stm32h7xx_hal_dma.c ****   * @retval HAL status
1989:Drivers/STM32H7xx_HAL_Driver/Src/stm32h7xx_hal_dma.c ****   */
1990:Drivers/STM32H7xx_HAL_Driver/Src/stm32h7xx_hal_dma.c **** static void DMA_CalcDMAMUXChannelBaseAndMask(DMA_HandleTypeDef *hdma)
1991:Drivers/STM32H7xx_HAL_Driver/Src/stm32h7xx_hal_dma.c **** {
 244              		.loc 1 1991 1 is_stmt 1 view -0
 245              		.cfi_startproc
 246              		@ args = 0, pretend = 0, frame = 0
 247              		@ frame_needed = 0, uses_anonymous_args = 0
 248              		@ link register save eliminated.
1992:Drivers/STM32H7xx_HAL_Driver/Src/stm32h7xx_hal_dma.c ****   uint32_t stream_number;
 249              		.loc 1 1992 3 view .LVU47
1993:Drivers/STM32H7xx_HAL_Driver/Src/stm32h7xx_hal_dma.c ****   uint32_t stream_baseaddress = (uint32_t)((uint32_t*)hdma->Instance);
 250              		.loc 1 1993 3 view .LVU48
 251              		.loc 1 1993 59 is_stmt 0 view .LVU49
 252 0000 0268     		ldr	r2, [r0]
 253              	.LVL7:
1994:Drivers/STM32H7xx_HAL_Driver/Src/stm32h7xx_hal_dma.c **** 
1995:Drivers/STM32H7xx_HAL_Driver/Src/stm32h7xx_hal_dma.c ****   if(IS_BDMA_CHANNEL_DMAMUX_INSTANCE(hdma->Instance) != 0U)
 254              		.loc 1 1995 3 is_stmt 1 view .LVU50
 255              		.loc 1 1995 6 is_stmt 0 view .LVU51
 256 0002 274B     		ldr	r3, .L36
 257 0004 2749     		ldr	r1, .L36+4
1991:Drivers/STM32H7xx_HAL_Driver/Src/stm32h7xx_hal_dma.c ****   uint32_t stream_number;
 258              		.loc 1 1991 1 view .LVU52
 259 0006 30B4     		push	{r4, r5}
 260              	.LCFI2:
 261              		.cfi_def_cfa_offset 8
 262              		.cfi_offset 4, -8
 263              		.cfi_offset 5, -4
 264              		.loc 1 1995 6 view .LVU53
 265 0008 274D     		ldr	r5, .L36+8
 266 000a 284C     		ldr	r4, .L36+12
 267 000c AA42     		cmp	r2, r5
ARM GAS  C:\Users\l1234\AppData\Local\Temp\ccQ59T7L.s 			page 41


 268 000e 18BF     		it	ne
 269 0010 9A42     		cmpne	r2, r3
 270 0012 0CBF     		ite	eq
 271 0014 0123     		moveq	r3, #1
 272 0016 0023     		movne	r3, #0
 273 0018 8A42     		cmp	r2, r1
 274 001a 08BF     		it	eq
 275 001c 43F00103 		orreq	r3, r3, #1
 276 0020 2831     		adds	r1, r1, #40
 277 0022 A242     		cmp	r2, r4
 278 0024 08BF     		it	eq
 279 0026 43F00103 		orreq	r3, r3, #1
 280 002a 2834     		adds	r4, r4, #40
 281 002c 8A42     		cmp	r2, r1
 282 002e 08BF     		it	eq
 283 0030 43F00103 		orreq	r3, r3, #1
 284 0034 2831     		adds	r1, r1, #40
 285 0036 A242     		cmp	r2, r4
 286 0038 08BF     		it	eq
 287 003a 43F00103 		orreq	r3, r3, #1
 288 003e 8A42     		cmp	r2, r1
 289 0040 08BF     		it	eq
 290 0042 43F00103 		orreq	r3, r3, #1
1996:Drivers/STM32H7xx_HAL_Driver/Src/stm32h7xx_hal_dma.c ****   {
1997:Drivers/STM32H7xx_HAL_Driver/Src/stm32h7xx_hal_dma.c ****     /* BDMA Channels are connected to DMAMUX2 channels */
1998:Drivers/STM32H7xx_HAL_Driver/Src/stm32h7xx_hal_dma.c ****     stream_number = (((uint32_t)((uint32_t*)hdma->Instance) & 0xFFU) - 8U) / 20U;
1999:Drivers/STM32H7xx_HAL_Driver/Src/stm32h7xx_hal_dma.c ****     hdma->DMAmuxChannel = (DMAMUX_Channel_TypeDef *)((uint32_t)(((uint32_t)DMAMUX2_Channel0) + (str
2000:Drivers/STM32H7xx_HAL_Driver/Src/stm32h7xx_hal_dma.c ****     hdma->DMAmuxChannelStatus = DMAMUX2_ChannelStatus;
2001:Drivers/STM32H7xx_HAL_Driver/Src/stm32h7xx_hal_dma.c ****     hdma->DMAmuxChannelStatusMask = 1UL << (stream_number & 0x1FU);
2002:Drivers/STM32H7xx_HAL_Driver/Src/stm32h7xx_hal_dma.c ****   }
2003:Drivers/STM32H7xx_HAL_Driver/Src/stm32h7xx_hal_dma.c ****   else
2004:Drivers/STM32H7xx_HAL_Driver/Src/stm32h7xx_hal_dma.c ****   {
2005:Drivers/STM32H7xx_HAL_Driver/Src/stm32h7xx_hal_dma.c ****     /* DMA1/DMA2 Streams are connected to DMAMUX1 channels */
2006:Drivers/STM32H7xx_HAL_Driver/Src/stm32h7xx_hal_dma.c ****     stream_number = (((uint32_t)((uint32_t*)hdma->Instance) & 0xFFU) - 16U) / 24U;
 291              		.loc 1 2006 61 view .LVU54
 292 0046 D1B2     		uxtb	r1, r2
1995:Drivers/STM32H7xx_HAL_Driver/Src/stm32h7xx_hal_dma.c ****   {
 293              		.loc 1 1995 6 view .LVU55
 294 0048 13B9     		cbnz	r3, .L30
 295 004a 194B     		ldr	r3, .L36+16
 296 004c 9A42     		cmp	r2, r3
 297 004e 12D1     		bne	.L35
 298              	.L30:
1998:Drivers/STM32H7xx_HAL_Driver/Src/stm32h7xx_hal_dma.c ****     hdma->DMAmuxChannel = (DMAMUX_Channel_TypeDef *)((uint32_t)(((uint32_t)DMAMUX2_Channel0) + (str
 299              		.loc 1 1998 5 is_stmt 1 view .LVU56
1998:Drivers/STM32H7xx_HAL_Driver/Src/stm32h7xx_hal_dma.c ****     hdma->DMAmuxChannel = (DMAMUX_Channel_TypeDef *)((uint32_t)(((uint32_t)DMAMUX2_Channel0) + (str
 300              		.loc 1 1998 70 is_stmt 0 view .LVU57
 301 0050 A1F10803 		sub	r3, r1, #8
1998:Drivers/STM32H7xx_HAL_Driver/Src/stm32h7xx_hal_dma.c ****     hdma->DMAmuxChannel = (DMAMUX_Channel_TypeDef *)((uint32_t)(((uint32_t)DMAMUX2_Channel0) + (str
 302              		.loc 1 1998 19 view .LVU58
 303 0054 1749     		ldr	r1, .L36+20
1999:Drivers/STM32H7xx_HAL_Driver/Src/stm32h7xx_hal_dma.c ****     hdma->DMAmuxChannelStatus = DMAMUX2_ChannelStatus;
 304              		.loc 1 1999 54 view .LVU59
 305 0056 184A     		ldr	r2, .L36+24
 306              	.LVL8:
1998:Drivers/STM32H7xx_HAL_Driver/Src/stm32h7xx_hal_dma.c ****     hdma->DMAmuxChannel = (DMAMUX_Channel_TypeDef *)((uint32_t)(((uint32_t)DMAMUX2_Channel0) + (str
 307              		.loc 1 1998 19 view .LVU60
ARM GAS  C:\Users\l1234\AppData\Local\Temp\ccQ59T7L.s 			page 42


 308 0058 A1FB0313 		umull	r1, r3, r1, r3
 309              	.LVL9:
1999:Drivers/STM32H7xx_HAL_Driver/Src/stm32h7xx_hal_dma.c ****     hdma->DMAmuxChannelStatus = DMAMUX2_ChannelStatus;
 310              		.loc 1 1999 5 is_stmt 1 view .LVU61
2001:Drivers/STM32H7xx_HAL_Driver/Src/stm32h7xx_hal_dma.c ****   }
 311              		.loc 1 2001 41 is_stmt 0 view .LVU62
 312 005c 0121     		movs	r1, #1
 313 005e 174C     		ldr	r4, .L36+28
1999:Drivers/STM32H7xx_HAL_Driver/Src/stm32h7xx_hal_dma.c ****     hdma->DMAmuxChannelStatus = DMAMUX2_ChannelStatus;
 314              		.loc 1 1999 54 view .LVU63
 315 0060 02EB1312 		add	r2, r2, r3, lsr #4
2001:Drivers/STM32H7xx_HAL_Driver/Src/stm32h7xx_hal_dma.c ****   }
 316              		.loc 1 2001 59 view .LVU64
 317 0064 C3F30413 		ubfx	r3, r3, #4, #5
 318              	.LVL10:
1999:Drivers/STM32H7xx_HAL_Driver/Src/stm32h7xx_hal_dma.c ****     hdma->DMAmuxChannelStatus = DMAMUX2_ChannelStatus;
 319              		.loc 1 1999 54 view .LVU65
 320 0068 9200     		lsls	r2, r2, #2
2000:Drivers/STM32H7xx_HAL_Driver/Src/stm32h7xx_hal_dma.c ****     hdma->DMAmuxChannelStatusMask = 1UL << (stream_number & 0x1FU);
 321              		.loc 1 2000 5 is_stmt 1 view .LVU66
2001:Drivers/STM32H7xx_HAL_Driver/Src/stm32h7xx_hal_dma.c ****   }
 322              		.loc 1 2001 5 view .LVU67
2001:Drivers/STM32H7xx_HAL_Driver/Src/stm32h7xx_hal_dma.c ****   }
 323              		.loc 1 2001 41 is_stmt 0 view .LVU68
 324 006a 9940     		lsls	r1, r1, r3
 325              	.LVL11:
 326              	.L33:
2001:Drivers/STM32H7xx_HAL_Driver/Src/stm32h7xx_hal_dma.c ****   }
 327              		.loc 1 2001 35 view .LVU69
 328 006c 8166     		str	r1, [r0, #104]
2000:Drivers/STM32H7xx_HAL_Driver/Src/stm32h7xx_hal_dma.c ****     hdma->DMAmuxChannelStatusMask = 1UL << (stream_number & 0x1FU);
 329              		.loc 1 2000 31 view .LVU70
 330 006e C0E91824 		strd	r2, r4, [r0, #96]
2007:Drivers/STM32H7xx_HAL_Driver/Src/stm32h7xx_hal_dma.c **** 
2008:Drivers/STM32H7xx_HAL_Driver/Src/stm32h7xx_hal_dma.c ****     if((stream_baseaddress <= ((uint32_t)DMA2_Stream7) ) && \
2009:Drivers/STM32H7xx_HAL_Driver/Src/stm32h7xx_hal_dma.c ****        (stream_baseaddress >= ((uint32_t)DMA2_Stream0)))
2010:Drivers/STM32H7xx_HAL_Driver/Src/stm32h7xx_hal_dma.c ****     {
2011:Drivers/STM32H7xx_HAL_Driver/Src/stm32h7xx_hal_dma.c ****       stream_number += 8U;
2012:Drivers/STM32H7xx_HAL_Driver/Src/stm32h7xx_hal_dma.c ****     }
2013:Drivers/STM32H7xx_HAL_Driver/Src/stm32h7xx_hal_dma.c ****     hdma->DMAmuxChannel = (DMAMUX_Channel_TypeDef *)((uint32_t)(((uint32_t)DMAMUX1_Channel0) + (str
2014:Drivers/STM32H7xx_HAL_Driver/Src/stm32h7xx_hal_dma.c ****     hdma->DMAmuxChannelStatus = DMAMUX1_ChannelStatus;
2015:Drivers/STM32H7xx_HAL_Driver/Src/stm32h7xx_hal_dma.c ****     hdma->DMAmuxChannelStatusMask = 1UL << (stream_number & 0x1FU);
2016:Drivers/STM32H7xx_HAL_Driver/Src/stm32h7xx_hal_dma.c ****   }
2017:Drivers/STM32H7xx_HAL_Driver/Src/stm32h7xx_hal_dma.c **** }
 331              		.loc 1 2017 1 view .LVU71
 332 0072 30BC     		pop	{r4, r5}
 333              	.LCFI3:
 334              		.cfi_remember_state
 335              		.cfi_restore 5
 336              		.cfi_restore 4
 337              		.cfi_def_cfa_offset 0
 338 0074 7047     		bx	lr
 339              	.LVL12:
 340              	.L35:
 341              	.LCFI4:
 342              		.cfi_restore_state
2006:Drivers/STM32H7xx_HAL_Driver/Src/stm32h7xx_hal_dma.c **** 
ARM GAS  C:\Users\l1234\AppData\Local\Temp\ccQ59T7L.s 			page 43


 343              		.loc 1 2006 5 is_stmt 1 view .LVU72
2006:Drivers/STM32H7xx_HAL_Driver/Src/stm32h7xx_hal_dma.c **** 
 344              		.loc 1 2006 70 is_stmt 0 view .LVU73
 345 0076 A1F11003 		sub	r3, r1, #16
2008:Drivers/STM32H7xx_HAL_Driver/Src/stm32h7xx_hal_dma.c ****        (stream_baseaddress >= ((uint32_t)DMA2_Stream0)))
 346              		.loc 1 2008 58 view .LVU74
 347 007a 1149     		ldr	r1, .L36+32
2006:Drivers/STM32H7xx_HAL_Driver/Src/stm32h7xx_hal_dma.c **** 
 348              		.loc 1 2006 19 view .LVU75
 349 007c 114C     		ldr	r4, .L36+36
2008:Drivers/STM32H7xx_HAL_Driver/Src/stm32h7xx_hal_dma.c ****        (stream_baseaddress >= ((uint32_t)DMA2_Stream0)))
 350              		.loc 1 2008 58 view .LVU76
 351 007e 1144     		add	r1, r1, r2
2006:Drivers/STM32H7xx_HAL_Driver/Src/stm32h7xx_hal_dma.c **** 
 352              		.loc 1 2006 19 view .LVU77
 353 0080 A4FB0343 		umull	r4, r3, r4, r3
2008:Drivers/STM32H7xx_HAL_Driver/Src/stm32h7xx_hal_dma.c ****        (stream_baseaddress >= ((uint32_t)DMA2_Stream0)))
 354              		.loc 1 2008 7 view .LVU78
 355 0084 A829     		cmp	r1, #168
2006:Drivers/STM32H7xx_HAL_Driver/Src/stm32h7xx_hal_dma.c **** 
 356              		.loc 1 2006 19 view .LVU79
 357 0086 4FEA1313 		lsr	r3, r3, #4
 358              	.LVL13:
2008:Drivers/STM32H7xx_HAL_Driver/Src/stm32h7xx_hal_dma.c ****        (stream_baseaddress >= ((uint32_t)DMA2_Stream0)))
 359              		.loc 1 2008 5 is_stmt 1 view .LVU80
2008:Drivers/STM32H7xx_HAL_Driver/Src/stm32h7xx_hal_dma.c ****        (stream_baseaddress >= ((uint32_t)DMA2_Stream0)))
 360              		.loc 1 2008 7 is_stmt 0 view .LVU81
 361 008a 00D8     		bhi	.L32
2011:Drivers/STM32H7xx_HAL_Driver/Src/stm32h7xx_hal_dma.c ****     }
 362              		.loc 1 2011 7 is_stmt 1 view .LVU82
2011:Drivers/STM32H7xx_HAL_Driver/Src/stm32h7xx_hal_dma.c ****     }
 363              		.loc 1 2011 21 is_stmt 0 view .LVU83
 364 008c 0833     		adds	r3, r3, #8
 365              	.LVL14:
 366              	.L32:
2013:Drivers/STM32H7xx_HAL_Driver/Src/stm32h7xx_hal_dma.c ****     hdma->DMAmuxChannelStatus = DMAMUX1_ChannelStatus;
 367              		.loc 1 2013 5 is_stmt 1 view .LVU84
2013:Drivers/STM32H7xx_HAL_Driver/Src/stm32h7xx_hal_dma.c ****     hdma->DMAmuxChannelStatus = DMAMUX1_ChannelStatus;
 368              		.loc 1 2013 54 is_stmt 0 view .LVU85
 369 008e 0E4A     		ldr	r2, .L36+40
 370              	.LVL15:
2015:Drivers/STM32H7xx_HAL_Driver/Src/stm32h7xx_hal_dma.c ****   }
 371              		.loc 1 2015 59 view .LVU86
 372 0090 03F01F04 		and	r4, r3, #31
2015:Drivers/STM32H7xx_HAL_Driver/Src/stm32h7xx_hal_dma.c ****   }
 373              		.loc 1 2015 41 view .LVU87
 374 0094 0121     		movs	r1, #1
2013:Drivers/STM32H7xx_HAL_Driver/Src/stm32h7xx_hal_dma.c ****     hdma->DMAmuxChannelStatus = DMAMUX1_ChannelStatus;
 375              		.loc 1 2013 54 view .LVU88
 376 0096 1A44     		add	r2, r2, r3
2015:Drivers/STM32H7xx_HAL_Driver/Src/stm32h7xx_hal_dma.c ****   }
 377              		.loc 1 2015 41 view .LVU89
 378 0098 A140     		lsls	r1, r1, r4
 379 009a 0C4C     		ldr	r4, .L36+44
2013:Drivers/STM32H7xx_HAL_Driver/Src/stm32h7xx_hal_dma.c ****     hdma->DMAmuxChannelStatus = DMAMUX1_ChannelStatus;
 380              		.loc 1 2013 54 view .LVU90
 381 009c 9200     		lsls	r2, r2, #2
ARM GAS  C:\Users\l1234\AppData\Local\Temp\ccQ59T7L.s 			page 44


2014:Drivers/STM32H7xx_HAL_Driver/Src/stm32h7xx_hal_dma.c ****     hdma->DMAmuxChannelStatusMask = 1UL << (stream_number & 0x1FU);
 382              		.loc 1 2014 5 is_stmt 1 view .LVU91
2015:Drivers/STM32H7xx_HAL_Driver/Src/stm32h7xx_hal_dma.c ****   }
 383              		.loc 1 2015 5 view .LVU92
 384 009e E5E7     		b	.L33
 385              	.L37:
 386              		.align	2
 387              	.L36:
 388 00a0 08540258 		.word	1476547592
 389 00a4 30540258 		.word	1476547632
 390 00a8 1C540258 		.word	1476547612
 391 00ac 44540258 		.word	1476547652
 392 00b0 94540258 		.word	1476547732
 393 00b4 CDCCCCCC 		.word	-858993459
 394 00b8 00960016 		.word	369137152
 395 00bc 80580258 		.word	1476548736
 396 00c0 F0FBFDBF 		.word	-1073873936
 397 00c4 ABAAAAAA 		.word	-1431655765
 398 00c8 00820010 		.word	268468736
 399 00cc 80080240 		.word	1073875072
 400              		.cfi_endproc
 401              	.LFE159:
 403              		.section	.text.HAL_DMA_Init,"ax",%progbits
 404              		.align	1
 405              		.p2align 2,,3
 406              		.global	HAL_DMA_Init
 407              		.syntax unified
 408              		.thumb
 409              		.thumb_func
 411              	HAL_DMA_Init:
 412              	.LVL16:
 413              	.LFB144:
 217:Drivers/STM32H7xx_HAL_Driver/Src/stm32h7xx_hal_dma.c ****   uint32_t registerValue;
 414              		.loc 1 217 1 view -0
 415              		.cfi_startproc
 416              		@ args = 0, pretend = 0, frame = 8
 417              		@ frame_needed = 0, uses_anonymous_args = 0
 218:Drivers/STM32H7xx_HAL_Driver/Src/stm32h7xx_hal_dma.c ****   uint32_t tickstart = HAL_GetTick();
 418              		.loc 1 218 3 view .LVU94
 219:Drivers/STM32H7xx_HAL_Driver/Src/stm32h7xx_hal_dma.c ****   DMA_Base_Registers *regs_dma;
 419              		.loc 1 219 3 view .LVU95
 217:Drivers/STM32H7xx_HAL_Driver/Src/stm32h7xx_hal_dma.c ****   uint32_t registerValue;
 420              		.loc 1 217 1 is_stmt 0 view .LVU96
 421 0000 2DE9F04F 		push	{r4, r5, r6, r7, r8, r9, r10, fp, lr}
 422              	.LCFI5:
 423              		.cfi_def_cfa_offset 36
 424              		.cfi_offset 4, -36
 425              		.cfi_offset 5, -32
 426              		.cfi_offset 6, -28
 427              		.cfi_offset 7, -24
 428              		.cfi_offset 8, -20
 429              		.cfi_offset 9, -16
 430              		.cfi_offset 10, -12
 431              		.cfi_offset 11, -8
 432              		.cfi_offset 14, -4
 433 0004 0546     		mov	r5, r0
 434 0006 83B0     		sub	sp, sp, #12
ARM GAS  C:\Users\l1234\AppData\Local\Temp\ccQ59T7L.s 			page 45


 435              	.LCFI6:
 436              		.cfi_def_cfa_offset 48
 219:Drivers/STM32H7xx_HAL_Driver/Src/stm32h7xx_hal_dma.c ****   DMA_Base_Registers *regs_dma;
 437              		.loc 1 219 24 view .LVU97
 438 0008 FFF7FEFF 		bl	HAL_GetTick
 439              	.LVL17:
 220:Drivers/STM32H7xx_HAL_Driver/Src/stm32h7xx_hal_dma.c ****   BDMA_Base_Registers *regs_bdma;
 440              		.loc 1 220 3 is_stmt 1 view .LVU98
 221:Drivers/STM32H7xx_HAL_Driver/Src/stm32h7xx_hal_dma.c **** 
 441              		.loc 1 221 3 view .LVU99
 224:Drivers/STM32H7xx_HAL_Driver/Src/stm32h7xx_hal_dma.c ****   {
 442              		.loc 1 224 3 view .LVU100
 224:Drivers/STM32H7xx_HAL_Driver/Src/stm32h7xx_hal_dma.c ****   {
 443              		.loc 1 224 5 is_stmt 0 view .LVU101
 444 000c 002D     		cmp	r5, #0
 445 000e 00F01382 		beq	.L39
 230:Drivers/STM32H7xx_HAL_Driver/Src/stm32h7xx_hal_dma.c ****   assert_param(IS_DMA_DIRECTION(hdma->Init.Direction));
 446              		.loc 1 230 3 is_stmt 1 view .LVU102
 231:Drivers/STM32H7xx_HAL_Driver/Src/stm32h7xx_hal_dma.c ****   assert_param(IS_DMA_PERIPHERAL_INC_STATE(hdma->Init.PeriphInc));
 447              		.loc 1 231 3 view .LVU103
 232:Drivers/STM32H7xx_HAL_Driver/Src/stm32h7xx_hal_dma.c ****   assert_param(IS_DMA_MEMORY_INC_STATE(hdma->Init.MemInc));
 448              		.loc 1 232 3 view .LVU104
 233:Drivers/STM32H7xx_HAL_Driver/Src/stm32h7xx_hal_dma.c ****   assert_param(IS_DMA_PERIPHERAL_DATA_SIZE(hdma->Init.PeriphDataAlignment));
 449              		.loc 1 233 3 view .LVU105
 234:Drivers/STM32H7xx_HAL_Driver/Src/stm32h7xx_hal_dma.c ****   assert_param(IS_DMA_MEMORY_DATA_SIZE(hdma->Init.MemDataAlignment));
 450              		.loc 1 234 3 view .LVU106
 235:Drivers/STM32H7xx_HAL_Driver/Src/stm32h7xx_hal_dma.c ****   assert_param(IS_DMA_MODE(hdma->Init.Mode));
 451              		.loc 1 235 3 view .LVU107
 236:Drivers/STM32H7xx_HAL_Driver/Src/stm32h7xx_hal_dma.c ****   assert_param(IS_DMA_PRIORITY(hdma->Init.Priority));
 452              		.loc 1 236 3 view .LVU108
 237:Drivers/STM32H7xx_HAL_Driver/Src/stm32h7xx_hal_dma.c **** 
 453              		.loc 1 237 3 view .LVU109
 239:Drivers/STM32H7xx_HAL_Driver/Src/stm32h7xx_hal_dma.c ****   {
 454              		.loc 1 239 3 view .LVU110
 239:Drivers/STM32H7xx_HAL_Driver/Src/stm32h7xx_hal_dma.c ****   {
 455              		.loc 1 239 6 is_stmt 0 view .LVU111
 456 0012 2C68     		ldr	r4, [r5]
 457 0014 0646     		mov	r6, r0
 458 0016 7F4B     		ldr	r3, .L112
 459 0018 9C42     		cmp	r4, r3
 460 001a 00F0EF80 		beq	.L41
 461 001e 1833     		adds	r3, r3, #24
 462 0020 9C42     		cmp	r4, r3
 463 0022 00F0EB80 		beq	.L41
 239:Drivers/STM32H7xx_HAL_Driver/Src/stm32h7xx_hal_dma.c ****   {
 464              		.loc 1 239 6 discriminator 2 view .LVU112
 465 0026 1833     		adds	r3, r3, #24
 466 0028 9C42     		cmp	r4, r3
 467 002a 00F0E780 		beq	.L41
 239:Drivers/STM32H7xx_HAL_Driver/Src/stm32h7xx_hal_dma.c ****   {
 468              		.loc 1 239 6 discriminator 4 view .LVU113
 469 002e 1833     		adds	r3, r3, #24
 470 0030 9C42     		cmp	r4, r3
 471 0032 00F0E380 		beq	.L41
 239:Drivers/STM32H7xx_HAL_Driver/Src/stm32h7xx_hal_dma.c ****   {
 472              		.loc 1 239 6 discriminator 6 view .LVU114
 473 0036 1833     		adds	r3, r3, #24
ARM GAS  C:\Users\l1234\AppData\Local\Temp\ccQ59T7L.s 			page 46


 474 0038 9C42     		cmp	r4, r3
 475 003a 00F0DF80 		beq	.L41
 239:Drivers/STM32H7xx_HAL_Driver/Src/stm32h7xx_hal_dma.c ****   {
 476              		.loc 1 239 6 discriminator 8 view .LVU115
 477 003e 1833     		adds	r3, r3, #24
 478 0040 9C42     		cmp	r4, r3
 479 0042 00F0DB80 		beq	.L41
 239:Drivers/STM32H7xx_HAL_Driver/Src/stm32h7xx_hal_dma.c ****   {
 480              		.loc 1 239 6 discriminator 10 view .LVU116
 481 0046 1833     		adds	r3, r3, #24
 482 0048 9C42     		cmp	r4, r3
 483 004a 00F0D780 		beq	.L41
 239:Drivers/STM32H7xx_HAL_Driver/Src/stm32h7xx_hal_dma.c ****   {
 484              		.loc 1 239 6 discriminator 12 view .LVU117
 485 004e 1833     		adds	r3, r3, #24
 486 0050 9C42     		cmp	r4, r3
 487 0052 00F0D380 		beq	.L41
 239:Drivers/STM32H7xx_HAL_Driver/Src/stm32h7xx_hal_dma.c ****   {
 488              		.loc 1 239 6 discriminator 14 view .LVU118
 489 0056 03F55673 		add	r3, r3, #856
 490 005a 9C42     		cmp	r4, r3
 491 005c 00F0CE80 		beq	.L41
 239:Drivers/STM32H7xx_HAL_Driver/Src/stm32h7xx_hal_dma.c ****   {
 492              		.loc 1 239 6 discriminator 16 view .LVU119
 493 0060 1833     		adds	r3, r3, #24
 494 0062 9C42     		cmp	r4, r3
 495 0064 00F0CA80 		beq	.L41
 239:Drivers/STM32H7xx_HAL_Driver/Src/stm32h7xx_hal_dma.c ****   {
 496              		.loc 1 239 6 discriminator 18 view .LVU120
 497 0068 1833     		adds	r3, r3, #24
 498 006a 9C42     		cmp	r4, r3
 499 006c 00F0C680 		beq	.L41
 239:Drivers/STM32H7xx_HAL_Driver/Src/stm32h7xx_hal_dma.c ****   {
 500              		.loc 1 239 6 discriminator 20 view .LVU121
 501 0070 1833     		adds	r3, r3, #24
 502 0072 9C42     		cmp	r4, r3
 503 0074 00F0C280 		beq	.L41
 239:Drivers/STM32H7xx_HAL_Driver/Src/stm32h7xx_hal_dma.c ****   {
 504              		.loc 1 239 6 discriminator 22 view .LVU122
 505 0078 1833     		adds	r3, r3, #24
 506 007a 9C42     		cmp	r4, r3
 507 007c 00F0BE80 		beq	.L41
 239:Drivers/STM32H7xx_HAL_Driver/Src/stm32h7xx_hal_dma.c ****   {
 508              		.loc 1 239 6 discriminator 24 view .LVU123
 509 0080 1833     		adds	r3, r3, #24
 510 0082 9C42     		cmp	r4, r3
 511 0084 00F0BA80 		beq	.L41
 239:Drivers/STM32H7xx_HAL_Driver/Src/stm32h7xx_hal_dma.c ****   {
 512              		.loc 1 239 6 discriminator 26 view .LVU124
 513 0088 1833     		adds	r3, r3, #24
 514 008a 9C42     		cmp	r4, r3
 515 008c 00F0B680 		beq	.L41
 239:Drivers/STM32H7xx_HAL_Driver/Src/stm32h7xx_hal_dma.c ****   {
 516              		.loc 1 239 6 discriminator 28 view .LVU125
 517 0090 1833     		adds	r3, r3, #24
 518 0092 9C42     		cmp	r4, r3
 519 0094 00F0B280 		beq	.L41
ARM GAS  C:\Users\l1234\AppData\Local\Temp\ccQ59T7L.s 			page 47


 358:Drivers/STM32H7xx_HAL_Driver/Src/stm32h7xx_hal_dma.c ****   {
 520              		.loc 1 358 8 is_stmt 1 view .LVU126
 358:Drivers/STM32H7xx_HAL_Driver/Src/stm32h7xx_hal_dma.c ****   {
 521              		.loc 1 358 11 is_stmt 0 view .LVU127
 522 0098 5F49     		ldr	r1, .L112+4
 523 009a 604A     		ldr	r2, .L112+8
 524 009c 604B     		ldr	r3, .L112+12
 525 009e A4EB0109 		sub	r9, r4, r1
 526 00a2 A21A     		subs	r2, r4, r2
 527 00a4 5F4F     		ldr	r7, .L112+16
 528 00a6 A4EB0308 		sub	r8, r4, r3
 529 00aa B9FA89F9 		clz	r9, r9
 530 00ae 1433     		adds	r3, r3, #20
 531 00b0 B2FA82F2 		clz	r2, r2
 532 00b4 4FEA5919 		lsr	r9, r9, #5
 533 00b8 B8FA88F8 		clz	r8, r8
 534 00bc A4EB030A 		sub	r10, r4, r3
 535 00c0 5209     		lsrs	r2, r2, #5
 536 00c2 4FEA5818 		lsr	r8, r8, #5
 537 00c6 E71B     		subs	r7, r4, r7
 538 00c8 BAFA8AFA 		clz	r10, r10
 539 00cc 49EA0201 		orr	r1, r9, r2
 540 00d0 554E     		ldr	r6, .L112+20
 541 00d2 B7FA87F7 		clz	r7, r7
 542 00d6 5548     		ldr	r0, .L112+24
 543              	.LVL18:
 358:Drivers/STM32H7xx_HAL_Driver/Src/stm32h7xx_hal_dma.c ****   {
 544              		.loc 1 358 11 view .LVU128
 545 00d8 4FEA5A1A 		lsr	r10, r10, #5
 546 00dc 48EA0101 		orr	r1, r8, r1
 547 00e0 A61B     		subs	r6, r4, r6
 548 00e2 A4EB000B 		sub	fp, r4, r0
 549 00e6 7F09     		lsrs	r7, r7, #5
 550 00e8 4AEA0101 		orr	r1, r10, r1
 551 00ec B6FA86F6 		clz	r6, r6
 552 00f0 1430     		adds	r0, r0, #20
 553 00f2 BBFA8BFB 		clz	fp, fp
 554 00f6 3943     		orrs	r1, r1, r7
 555 00f8 7609     		lsrs	r6, r6, #5
 556 00fa 231A     		subs	r3, r4, r0
 557 00fc 4FEA5B1B 		lsr	fp, fp, #5
 558 0100 3143     		orrs	r1, r1, r6
 559 0102 B3FA83F3 		clz	r3, r3
 560 0106 5BEA0101 		orrs	r1, fp, r1
 561 010a 4FEA5313 		lsr	r3, r3, #5
 562 010e 0193     		str	r3, [sp, #4]
 563 0110 02D1     		bne	.L55
 564 0112 002B     		cmp	r3, #0
 565 0114 00F0CB81 		beq	.L106
 566              	.L55:
 360:Drivers/STM32H7xx_HAL_Driver/Src/stm32h7xx_hal_dma.c ****     {
 567              		.loc 1 360 5 is_stmt 1 view .LVU129
 363:Drivers/STM32H7xx_HAL_Driver/Src/stm32h7xx_hal_dma.c ****     }
 568              		.loc 1 363 7 view .LVU130
 367:Drivers/STM32H7xx_HAL_Driver/Src/stm32h7xx_hal_dma.c **** 
 569              		.loc 1 367 5 view .LVU131
 367:Drivers/STM32H7xx_HAL_Driver/Src/stm32h7xx_hal_dma.c **** 
ARM GAS  C:\Users\l1234\AppData\Local\Temp\ccQ59T7L.s 			page 48


 570              		.loc 1 367 17 is_stmt 0 view .LVU132
 571 0118 0221     		movs	r1, #2
 376:Drivers/STM32H7xx_HAL_Driver/Src/stm32h7xx_hal_dma.c ****                                   BDMA_CCR_MINC  | BDMA_CCR_PINC    | BDMA_CCR_CIRC   | \
 572              		.loc 1 376 19 view .LVU133
 573 011a DFF824C1 		ldr	ip, .L112+44
 367:Drivers/STM32H7xx_HAL_Driver/Src/stm32h7xx_hal_dma.c **** 
 574              		.loc 1 367 17 view .LVU134
 575 011e 85F83510 		strb	r1, [r5, #53]
 370:Drivers/STM32H7xx_HAL_Driver/Src/stm32h7xx_hal_dma.c **** 
 576              		.loc 1 370 5 is_stmt 1 view .LVU135
 370:Drivers/STM32H7xx_HAL_Driver/Src/stm32h7xx_hal_dma.c **** 
 577              		.loc 1 370 5 view .LVU136
 578 0122 0021     		movs	r1, #0
 579 0124 85F83410 		strb	r1, [r5, #52]
 370:Drivers/STM32H7xx_HAL_Driver/Src/stm32h7xx_hal_dma.c **** 
 580              		.loc 1 370 5 view .LVU137
 373:Drivers/STM32H7xx_HAL_Driver/Src/stm32h7xx_hal_dma.c **** 
 581              		.loc 1 373 5 view .LVU138
 373:Drivers/STM32H7xx_HAL_Driver/Src/stm32h7xx_hal_dma.c **** 
 582              		.loc 1 373 19 is_stmt 0 view .LVU139
 583 0128 2168     		ldr	r1, [r4]
 584              	.LVL19:
 376:Drivers/STM32H7xx_HAL_Driver/Src/stm32h7xx_hal_dma.c ****                                   BDMA_CCR_MINC  | BDMA_CCR_PINC    | BDMA_CCR_CIRC   | \
 585              		.loc 1 376 5 is_stmt 1 view .LVU140
 376:Drivers/STM32H7xx_HAL_Driver/Src/stm32h7xx_hal_dma.c ****                                   BDMA_CCR_MINC  | BDMA_CCR_PINC    | BDMA_CCR_CIRC   | \
 586              		.loc 1 376 19 is_stmt 0 view .LVU141
 587 012a 01EA0C0C 		and	ip, r1, ip
 588              	.LVL20:
 382:Drivers/STM32H7xx_HAL_Driver/Src/stm32h7xx_hal_dma.c ****                       DMA_TO_BDMA_PERIPHERAL_INC(hdma->Init.PeriphInc)       |
 589              		.loc 1 382 5 is_stmt 1 view .LVU142
 382:Drivers/STM32H7xx_HAL_Driver/Src/stm32h7xx_hal_dma.c ****                       DMA_TO_BDMA_PERIPHERAL_INC(hdma->Init.PeriphInc)       |
 590              		.loc 1 382 23 is_stmt 0 view .LVU143
 591 012e A968     		ldr	r1, [r5, #8]
 592 0130 4029     		cmp	r1, #64
 593 0132 00F0B981 		beq	.L83
 382:Drivers/STM32H7xx_HAL_Driver/Src/stm32h7xx_hal_dma.c ****                       DMA_TO_BDMA_PERIPHERAL_INC(hdma->Init.PeriphInc)       |
 594              		.loc 1 382 23 discriminator 1 view .LVU144
 595 0136 A1F18001 		sub	r1, #128
 596 013a B1FA81F1 		clz	r1, r1
 597 013e 4909     		lsrs	r1, r1, #5
 598 0140 4FEA813E 		lsl	lr, r1, #14
 599              	.L78:
 384:Drivers/STM32H7xx_HAL_Driver/Src/stm32h7xx_hal_dma.c ****                       DMA_TO_BDMA_PDATA_SIZE(hdma->Init.PeriphDataAlignment) |
 600              		.loc 1 384 23 view .LVU145
 601 0144 2969     		ldr	r1, [r5, #16]
 383:Drivers/STM32H7xx_HAL_Driver/Src/stm32h7xx_hal_dma.c ****                       DMA_TO_BDMA_MEMORY_INC(hdma->Init.MemInc)              |
 602              		.loc 1 383 23 view .LVU146
 603 0146 E868     		ldr	r0, [r5, #12]
 384:Drivers/STM32H7xx_HAL_Driver/Src/stm32h7xx_hal_dma.c ****                       DMA_TO_BDMA_PDATA_SIZE(hdma->Init.PeriphDataAlignment) |
 604              		.loc 1 384 23 view .LVU147
 605 0148 C908     		lsrs	r1, r1, #3
 394:Drivers/STM32H7xx_HAL_Driver/Src/stm32h7xx_hal_dma.c **** 
 606              		.loc 1 394 65 view .LVU148
 607 014a 394B     		ldr	r3, .L112+28
 608 014c 0092     		str	r2, [sp]
 609 014e 41EAD000 		orr	r0, r1, r0, lsr #3
 385:Drivers/STM32H7xx_HAL_Driver/Src/stm32h7xx_hal_dma.c ****                       DMA_TO_BDMA_MDATA_SIZE(hdma->Init.MemDataAlignment)    |
ARM GAS  C:\Users\l1234\AppData\Local\Temp\ccQ59T7L.s 			page 49


 610              		.loc 1 385 23 view .LVU149
 611 0152 6969     		ldr	r1, [r5, #20]
 394:Drivers/STM32H7xx_HAL_Driver/Src/stm32h7xx_hal_dma.c **** 
 612              		.loc 1 394 65 view .LVU150
 613 0154 2344     		add	r3, r3, r4
 614 0156 40EAD100 		orr	r0, r0, r1, lsr #3
 386:Drivers/STM32H7xx_HAL_Driver/Src/stm32h7xx_hal_dma.c ****                       DMA_TO_BDMA_MODE(hdma->Init.Mode)                      |
 615              		.loc 1 386 23 view .LVU151
 616 015a A969     		ldr	r1, [r5, #24]
 617 015c 40EAD100 		orr	r0, r0, r1, lsr #3
 387:Drivers/STM32H7xx_HAL_Driver/Src/stm32h7xx_hal_dma.c ****                       DMA_TO_BDMA_PRIORITY(hdma->Init.Priority);
 618              		.loc 1 387 23 view .LVU152
 619 0160 E969     		ldr	r1, [r5, #28]
 620 0162 40EAD100 		orr	r0, r0, r1, lsr #3
 388:Drivers/STM32H7xx_HAL_Driver/Src/stm32h7xx_hal_dma.c **** 
 621              		.loc 1 388 23 view .LVU153
 622 0166 296A     		ldr	r1, [r5, #32]
 623 0168 40EA1111 		orr	r1, r0, r1, lsr #4
 624 016c 41EA0C01 		orr	r1, r1, ip
 382:Drivers/STM32H7xx_HAL_Driver/Src/stm32h7xx_hal_dma.c ****                       DMA_TO_BDMA_PERIPHERAL_INC(hdma->Init.PeriphInc)       |
 625              		.loc 1 382 19 view .LVU154
 626 0170 4EEA0101 		orr	r1, lr, r1
 627              	.LVL21:
 391:Drivers/STM32H7xx_HAL_Driver/Src/stm32h7xx_hal_dma.c **** 
 628              		.loc 1 391 5 is_stmt 1 view .LVU155
 391:Drivers/STM32H7xx_HAL_Driver/Src/stm32h7xx_hal_dma.c **** 
 629              		.loc 1 391 51 is_stmt 0 view .LVU156
 630 0174 2160     		str	r1, [r4]
 394:Drivers/STM32H7xx_HAL_Driver/Src/stm32h7xx_hal_dma.c **** 
 631              		.loc 1 394 5 is_stmt 1 view .LVU157
 394:Drivers/STM32H7xx_HAL_Driver/Src/stm32h7xx_hal_dma.c **** 
 632              		.loc 1 394 92 is_stmt 0 view .LVU158
 633 0176 2F49     		ldr	r1, .L112+32
 634              	.LVL22:
 394:Drivers/STM32H7xx_HAL_Driver/Src/stm32h7xx_hal_dma.c **** 
 635              		.loc 1 394 92 view .LVU159
 636 0178 A1FB0301 		umull	r0, r1, r1, r3
 398:Drivers/STM32H7xx_HAL_Driver/Src/stm32h7xx_hal_dma.c **** 
 637              		.loc 1 398 40 view .LVU160
 638 017c 2846     		mov	r0, r5
 394:Drivers/STM32H7xx_HAL_Driver/Src/stm32h7xx_hal_dma.c **** 
 639              		.loc 1 394 92 view .LVU161
 640 017e 0909     		lsrs	r1, r1, #4
 394:Drivers/STM32H7xx_HAL_Driver/Src/stm32h7xx_hal_dma.c **** 
 641              		.loc 1 394 147 view .LVU162
 642 0180 8900     		lsls	r1, r1, #2
 394:Drivers/STM32H7xx_HAL_Driver/Src/stm32h7xx_hal_dma.c **** 
 643              		.loc 1 394 23 view .LVU163
 644 0182 E965     		str	r1, [r5, #92]
 398:Drivers/STM32H7xx_HAL_Driver/Src/stm32h7xx_hal_dma.c **** 
 645              		.loc 1 398 5 is_stmt 1 view .LVU164
 398:Drivers/STM32H7xx_HAL_Driver/Src/stm32h7xx_hal_dma.c **** 
 646              		.loc 1 398 40 is_stmt 0 view .LVU165
 647 0184 FFF7FEFF 		bl	DMA_CalcBaseAndBitshift
 648              	.LVL23:
 401:Drivers/STM32H7xx_HAL_Driver/Src/stm32h7xx_hal_dma.c ****   }
 649              		.loc 1 401 5 is_stmt 1 view .LVU166
ARM GAS  C:\Users\l1234\AppData\Local\Temp\ccQ59T7L.s 			page 50


 401:Drivers/STM32H7xx_HAL_Driver/Src/stm32h7xx_hal_dma.c ****   }
 650              		.loc 1 401 64 is_stmt 0 view .LVU167
 651 0188 E96D     		ldr	r1, [r5, #92]
 401:Drivers/STM32H7xx_HAL_Driver/Src/stm32h7xx_hal_dma.c ****   }
 652              		.loc 1 401 21 view .LVU168
 653 018a 009A     		ldr	r2, [sp]
 411:Drivers/STM32H7xx_HAL_Driver/Src/stm32h7xx_hal_dma.c ****   {
 654              		.loc 1 411 3 is_stmt 1 view .LVU169
 401:Drivers/STM32H7xx_HAL_Driver/Src/stm32h7xx_hal_dma.c ****   }
 655              		.loc 1 401 64 is_stmt 0 view .LVU170
 656 018c 01F01F04 		and	r4, r1, #31
 401:Drivers/STM32H7xx_HAL_Driver/Src/stm32h7xx_hal_dma.c ****   }
 657              		.loc 1 401 42 view .LVU171
 658 0190 0121     		movs	r1, #1
 659 0192 A140     		lsls	r1, r1, r4
 401:Drivers/STM32H7xx_HAL_Driver/Src/stm32h7xx_hal_dma.c ****   }
 660              		.loc 1 401 21 view .LVU172
 661 0194 4160     		str	r1, [r0, #4]
 662              	.LVL24:
 663              	.L76:
 416:Drivers/STM32H7xx_HAL_Driver/Src/stm32h7xx_hal_dma.c **** 
 664              		.loc 1 416 5 view .LVU173
 665 0196 2846     		mov	r0, r5
 666 0198 0092     		str	r2, [sp]
 416:Drivers/STM32H7xx_HAL_Driver/Src/stm32h7xx_hal_dma.c **** 
 667              		.loc 1 416 5 is_stmt 1 view .LVU174
 668 019a FFF7FEFF 		bl	DMA_CalcDMAMUXChannelBaseAndMask
 669              	.LVL25:
 418:Drivers/STM32H7xx_HAL_Driver/Src/stm32h7xx_hal_dma.c ****     {
 670              		.loc 1 418 5 view .LVU175
 418:Drivers/STM32H7xx_HAL_Driver/Src/stm32h7xx_hal_dma.c ****     {
 671              		.loc 1 418 7 is_stmt 0 view .LVU176
 672 019e A968     		ldr	r1, [r5, #8]
 673 01a0 009A     		ldr	r2, [sp]
 674 01a2 8029     		cmp	r1, #128
 675 01a4 00F02F81 		beq	.L107
 676              	.LVL26:
 425:Drivers/STM32H7xx_HAL_Driver/Src/stm32h7xx_hal_dma.c **** 
 677              		.loc 1 425 5 is_stmt 1 view .LVU177
 425:Drivers/STM32H7xx_HAL_Driver/Src/stm32h7xx_hal_dma.c **** 
 678              		.loc 1 425 43 is_stmt 0 view .LVU178
 679 01a8 6868     		ldr	r0, [r5, #4]
 680              	.LVL27:
 425:Drivers/STM32H7xx_HAL_Driver/Src/stm32h7xx_hal_dma.c **** 
 681              		.loc 1 425 30 view .LVU179
 682 01aa 2B6E     		ldr	r3, [r5, #96]
 425:Drivers/STM32H7xx_HAL_Driver/Src/stm32h7xx_hal_dma.c **** 
 683              		.loc 1 425 52 view .LVU180
 684 01ac C4B2     		uxtb	r4, r0
 433:Drivers/STM32H7xx_HAL_Driver/Src/stm32h7xx_hal_dma.c ****     {
 685              		.loc 1 433 55 view .LVU181
 686 01ae 0138     		subs	r0, r0, #1
 428:Drivers/STM32H7xx_HAL_Driver/Src/stm32h7xx_hal_dma.c **** 
 687              		.loc 1 428 42 view .LVU182
 688 01b0 D5E919C1 		ldrd	ip, r1, [r5, #100]
 433:Drivers/STM32H7xx_HAL_Driver/Src/stm32h7xx_hal_dma.c ****     {
 689              		.loc 1 433 7 view .LVU183
ARM GAS  C:\Users\l1234\AppData\Local\Temp\ccQ59T7L.s 			page 51


 690 01b4 0728     		cmp	r0, #7
 425:Drivers/STM32H7xx_HAL_Driver/Src/stm32h7xx_hal_dma.c **** 
 691              		.loc 1 425 30 view .LVU184
 692 01b6 1C60     		str	r4, [r3]
 428:Drivers/STM32H7xx_HAL_Driver/Src/stm32h7xx_hal_dma.c **** 
 693              		.loc 1 428 5 is_stmt 1 view .LVU185
 428:Drivers/STM32H7xx_HAL_Driver/Src/stm32h7xx_hal_dma.c **** 
 694              		.loc 1 428 36 is_stmt 0 view .LVU186
 695 01b8 CCF80410 		str	r1, [ip, #4]
 433:Drivers/STM32H7xx_HAL_Driver/Src/stm32h7xx_hal_dma.c ****     {
 696              		.loc 1 433 5 is_stmt 1 view .LVU187
 433:Drivers/STM32H7xx_HAL_Driver/Src/stm32h7xx_hal_dma.c ****     {
 697              		.loc 1 433 7 is_stmt 0 view .LVU188
 698 01bc 00F22A81 		bhi	.L80
 437:Drivers/STM32H7xx_HAL_Driver/Src/stm32h7xx_hal_dma.c **** 
 699              		.loc 1 437 7 is_stmt 1 view .LVU189
 700              	.LVL28:
 701              	.LBB10:
 702              	.LBI10:
2018:Drivers/STM32H7xx_HAL_Driver/Src/stm32h7xx_hal_dma.c **** 
2019:Drivers/STM32H7xx_HAL_Driver/Src/stm32h7xx_hal_dma.c **** /**
2020:Drivers/STM32H7xx_HAL_Driver/Src/stm32h7xx_hal_dma.c ****   * @brief  Updates the DMA handle with the DMAMUX  request generator params
2021:Drivers/STM32H7xx_HAL_Driver/Src/stm32h7xx_hal_dma.c ****   * @param  hdma:       pointer to a DMA_HandleTypeDef structure that contains
2022:Drivers/STM32H7xx_HAL_Driver/Src/stm32h7xx_hal_dma.c ****   *                     the configuration information for the specified DMA Stream.
2023:Drivers/STM32H7xx_HAL_Driver/Src/stm32h7xx_hal_dma.c ****   * @retval HAL status
2024:Drivers/STM32H7xx_HAL_Driver/Src/stm32h7xx_hal_dma.c ****   */
2025:Drivers/STM32H7xx_HAL_Driver/Src/stm32h7xx_hal_dma.c **** static void DMA_CalcDMAMUXRequestGenBaseAndMask(DMA_HandleTypeDef *hdma)
 703              		.loc 1 2025 13 view .LVU190
 704              	.LBB11:
2026:Drivers/STM32H7xx_HAL_Driver/Src/stm32h7xx_hal_dma.c **** {
2027:Drivers/STM32H7xx_HAL_Driver/Src/stm32h7xx_hal_dma.c ****   uint32_t request =  hdma->Init.Request & DMAMUX_CxCR_DMAREQ_ID;
 705              		.loc 1 2027 3 view .LVU191
2028:Drivers/STM32H7xx_HAL_Driver/Src/stm32h7xx_hal_dma.c **** 
2029:Drivers/STM32H7xx_HAL_Driver/Src/stm32h7xx_hal_dma.c ****   if((request >= DMA_REQUEST_GENERATOR0) && (request <= DMA_REQUEST_GENERATOR7))
 706              		.loc 1 2029 3 view .LVU192
2030:Drivers/STM32H7xx_HAL_Driver/Src/stm32h7xx_hal_dma.c ****   {
2031:Drivers/STM32H7xx_HAL_Driver/Src/stm32h7xx_hal_dma.c ****     if(IS_BDMA_CHANNEL_DMAMUX_INSTANCE(hdma->Instance) != 0U)
 707              		.loc 1 2031 8 is_stmt 0 view .LVU193
 708 01c0 49EA0A09 		orr	r9, r9, r10
 709 01c4 019B     		ldr	r3, [sp, #4]
2029:Drivers/STM32H7xx_HAL_Driver/Src/stm32h7xx_hal_dma.c ****   {
 710              		.loc 1 2029 42 view .LVU194
 711 01c6 601E     		subs	r0, r4, #1
 712              		.loc 1 2031 5 is_stmt 1 view .LVU195
 713              		.loc 1 2031 8 is_stmt 0 view .LVU196
 714 01c8 48EA0908 		orr	r8, r8, r9
 715 01cc 47EA0807 		orr	r7, r7, r8
 716 01d0 3E43     		orrs	r6, r6, r7
 717 01d2 43EA060A 		orr	r10, r3, r6
 718 01d6 5BEA0A0A 		orrs	r10, fp, r10
 719 01da 02D1     		bne	.L81
 720 01dc 002A     		cmp	r2, #0
 721 01de 00F05E81 		beq	.L108
 722              	.L81:
2032:Drivers/STM32H7xx_HAL_Driver/Src/stm32h7xx_hal_dma.c ****     {
2033:Drivers/STM32H7xx_HAL_Driver/Src/stm32h7xx_hal_dma.c ****       /* BDMA Channels are connected to DMAMUX2 request generator blocks */
2034:Drivers/STM32H7xx_HAL_Driver/Src/stm32h7xx_hal_dma.c ****       hdma->DMAmuxRequestGen = (DMAMUX_RequestGen_TypeDef *)((uint32_t)(((uint32_t)DMAMUX2_RequestG
ARM GAS  C:\Users\l1234\AppData\Local\Temp\ccQ59T7L.s 			page 52


 723              		.loc 1 2034 7 is_stmt 1 view .LVU197
 724              		.loc 1 2034 62 is_stmt 0 view .LVU198
 725 01e2 154A     		ldr	r2, .L112+36
2035:Drivers/STM32H7xx_HAL_Driver/Src/stm32h7xx_hal_dma.c **** 
2036:Drivers/STM32H7xx_HAL_Driver/Src/stm32h7xx_hal_dma.c ****       hdma->DMAmuxRequestGenStatus = DMAMUX2_RequestGenStatus;
 726              		.loc 1 2036 36 view .LVU199
 727 01e4 1549     		ldr	r1, .L112+40
2034:Drivers/STM32H7xx_HAL_Driver/Src/stm32h7xx_hal_dma.c **** 
 728              		.loc 1 2034 62 view .LVU200
 729 01e6 2244     		add	r2, r2, r4
 730 01e8 9200     		lsls	r2, r2, #2
 731              		.loc 1 2036 7 is_stmt 1 view .LVU201
 732              	.L82:
2037:Drivers/STM32H7xx_HAL_Driver/Src/stm32h7xx_hal_dma.c ****     }
2038:Drivers/STM32H7xx_HAL_Driver/Src/stm32h7xx_hal_dma.c ****     else
2039:Drivers/STM32H7xx_HAL_Driver/Src/stm32h7xx_hal_dma.c ****     {
2040:Drivers/STM32H7xx_HAL_Driver/Src/stm32h7xx_hal_dma.c ****       /* DMA1 and DMA2 Streams use DMAMUX1 request generator blocks */
2041:Drivers/STM32H7xx_HAL_Driver/Src/stm32h7xx_hal_dma.c ****       hdma->DMAmuxRequestGen = (DMAMUX_RequestGen_TypeDef *)((uint32_t)(((uint32_t)DMAMUX1_RequestG
2042:Drivers/STM32H7xx_HAL_Driver/Src/stm32h7xx_hal_dma.c **** 
2043:Drivers/STM32H7xx_HAL_Driver/Src/stm32h7xx_hal_dma.c ****       hdma->DMAmuxRequestGenStatus = DMAMUX1_RequestGenStatus;
2044:Drivers/STM32H7xx_HAL_Driver/Src/stm32h7xx_hal_dma.c ****     }
2045:Drivers/STM32H7xx_HAL_Driver/Src/stm32h7xx_hal_dma.c **** 
2046:Drivers/STM32H7xx_HAL_Driver/Src/stm32h7xx_hal_dma.c ****     hdma->DMAmuxRequestGenStatusMask = 1UL << (request - 1U);
 733              		.loc 1 2046 44 is_stmt 0 view .LVU202
 734 01ea 0123     		movs	r3, #1
 735 01ec 8340     		lsls	r3, r3, r0
 736              	.LBE11:
 737              	.LBE10:
 440:Drivers/STM32H7xx_HAL_Driver/Src/stm32h7xx_hal_dma.c **** 
 738              		.loc 1 440 36 view .LVU203
 739 01ee 0020     		movs	r0, #0
 740 01f0 C5E91B21 		strd	r2, r1, [r5, #108]
 741              	.LBB14:
 742              	.LBB12:
 743              		.loc 1 2046 5 is_stmt 1 view .LVU204
 744              		.loc 1 2046 38 is_stmt 0 view .LVU205
 745 01f4 6B67     		str	r3, [r5, #116]
 746              	.LVL29:
 747              		.loc 1 2046 38 view .LVU206
 748              	.LBE12:
 749              	.LBE14:
 440:Drivers/STM32H7xx_HAL_Driver/Src/stm32h7xx_hal_dma.c **** 
 750              		.loc 1 440 7 is_stmt 1 view .LVU207
 440:Drivers/STM32H7xx_HAL_Driver/Src/stm32h7xx_hal_dma.c **** 
 751              		.loc 1 440 36 is_stmt 0 view .LVU208
 752 01f6 1060     		str	r0, [r2]
 443:Drivers/STM32H7xx_HAL_Driver/Src/stm32h7xx_hal_dma.c ****     }
 753              		.loc 1 443 7 is_stmt 1 view .LVU209
 443:Drivers/STM32H7xx_HAL_Driver/Src/stm32h7xx_hal_dma.c ****     }
 754              		.loc 1 443 43 is_stmt 0 view .LVU210
 755 01f8 4B60     		str	r3, [r1, #4]
 756 01fa 0FE1     		b	.L77
 757              	.LVL30:
 758              	.L41:
 241:Drivers/STM32H7xx_HAL_Driver/Src/stm32h7xx_hal_dma.c ****     assert_param(IS_DMA_FIFO_MODE_STATE(hdma->Init.FIFOMode));
 759              		.loc 1 241 5 is_stmt 1 view .LVU211
 242:Drivers/STM32H7xx_HAL_Driver/Src/stm32h7xx_hal_dma.c ****     /* Check the memory burst, peripheral burst and FIFO threshold parameters only
ARM GAS  C:\Users\l1234\AppData\Local\Temp\ccQ59T7L.s 			page 53


 760              		.loc 1 242 5 view .LVU212
 245:Drivers/STM32H7xx_HAL_Driver/Src/stm32h7xx_hal_dma.c ****     {
 761              		.loc 1 245 5 view .LVU213
 247:Drivers/STM32H7xx_HAL_Driver/Src/stm32h7xx_hal_dma.c ****       assert_param(IS_DMA_MEMORY_BURST(hdma->Init.MemBurst));
 762              		.loc 1 247 7 view .LVU214
 248:Drivers/STM32H7xx_HAL_Driver/Src/stm32h7xx_hal_dma.c ****       assert_param(IS_DMA_PERIPHERAL_BURST(hdma->Init.PeriphBurst));
 763              		.loc 1 248 7 view .LVU215
 249:Drivers/STM32H7xx_HAL_Driver/Src/stm32h7xx_hal_dma.c ****     }
 764              		.loc 1 249 7 view .LVU216
 253:Drivers/STM32H7xx_HAL_Driver/Src/stm32h7xx_hal_dma.c **** 
 765              		.loc 1 253 5 view .LVU217
 253:Drivers/STM32H7xx_HAL_Driver/Src/stm32h7xx_hal_dma.c **** 
 766              		.loc 1 253 17 is_stmt 0 view .LVU218
 767 01fc 0223     		movs	r3, #2
 768 01fe 85F83530 		strb	r3, [r5, #53]
 256:Drivers/STM32H7xx_HAL_Driver/Src/stm32h7xx_hal_dma.c **** 
 769              		.loc 1 256 5 is_stmt 1 view .LVU219
 256:Drivers/STM32H7xx_HAL_Driver/Src/stm32h7xx_hal_dma.c **** 
 770              		.loc 1 256 5 view .LVU220
 256:Drivers/STM32H7xx_HAL_Driver/Src/stm32h7xx_hal_dma.c **** 
 771              		.loc 1 256 5 view .LVU221
 259:Drivers/STM32H7xx_HAL_Driver/Src/stm32h7xx_hal_dma.c **** 
 772              		.loc 1 259 5 view .LVU222
 256:Drivers/STM32H7xx_HAL_Driver/Src/stm32h7xx_hal_dma.c **** 
 773              		.loc 1 256 5 is_stmt 0 view .LVU223
 774 0202 0023     		movs	r3, #0
 775 0204 85F83430 		strb	r3, [r5, #52]
 259:Drivers/STM32H7xx_HAL_Driver/Src/stm32h7xx_hal_dma.c **** 
 776              		.loc 1 259 5 view .LVU224
 777 0208 2368     		ldr	r3, [r4]
 778 020a 23F00103 		bic	r3, r3, #1
 779 020e 2360     		str	r3, [r4]
 780 0210 1FE0     		b	.L59
 781              	.L113:
 782 0212 00BF     		.align	2
 783              	.L112:
 784 0214 10000240 		.word	1073872912
 785 0218 08540258 		.word	1476547592
 786 021c 1C540258 		.word	1476547612
 787 0220 30540258 		.word	1476547632
 788 0224 58540258 		.word	1476547672
 789 0228 6C540258 		.word	1476547692
 790 022c 80540258 		.word	1476547712
 791 0230 F8ABFDA7 		.word	-1476547592
 792 0234 CDCCCCCC 		.word	-858993459
 793 0238 3F960016 		.word	369137215
 794 023c 40590258 		.word	1476548928
 795 0240 0F00FEFF 		.word	-131057
 796              	.LVL31:
 797              	.L62:
 265:Drivers/STM32H7xx_HAL_Driver/Src/stm32h7xx_hal_dma.c ****       {
 798              		.loc 1 265 11 view .LVU225
 799 0244 FFF7FEFF 		bl	HAL_GetTick
 800              	.LVL32:
 265:Drivers/STM32H7xx_HAL_Driver/Src/stm32h7xx_hal_dma.c ****       {
 801              		.loc 1 265 25 view .LVU226
 802 0248 801B     		subs	r0, r0, r6
ARM GAS  C:\Users\l1234\AppData\Local\Temp\ccQ59T7L.s 			page 54


 265:Drivers/STM32H7xx_HAL_Driver/Src/stm32h7xx_hal_dma.c ****       {
 803              		.loc 1 265 9 view .LVU227
 804 024a 0528     		cmp	r0, #5
 805 024c 00F2EF80 		bhi	.L109
 262:Drivers/STM32H7xx_HAL_Driver/Src/stm32h7xx_hal_dma.c ****     {
 806              		.loc 1 262 41 view .LVU228
 807 0250 2C68     		ldr	r4, [r5]
 808              	.L59:
 265:Drivers/STM32H7xx_HAL_Driver/Src/stm32h7xx_hal_dma.c ****       {
 809              		.loc 1 265 7 is_stmt 1 view .LVU229
 262:Drivers/STM32H7xx_HAL_Driver/Src/stm32h7xx_hal_dma.c ****     {
 810              		.loc 1 262 72 view .LVU230
 262:Drivers/STM32H7xx_HAL_Driver/Src/stm32h7xx_hal_dma.c ****     {
 811              		.loc 1 262 52 is_stmt 0 view .LVU231
 812 0252 2368     		ldr	r3, [r4]
 262:Drivers/STM32H7xx_HAL_Driver/Src/stm32h7xx_hal_dma.c ****     {
 813              		.loc 1 262 72 view .LVU232
 814 0254 DF07     		lsls	r7, r3, #31
 815 0256 F5D4     		bmi	.L62
 278:Drivers/STM32H7xx_HAL_Driver/Src/stm32h7xx_hal_dma.c **** 
 816              		.loc 1 278 5 is_stmt 1 view .LVU233
 287:Drivers/STM32H7xx_HAL_Driver/Src/stm32h7xx_hal_dma.c ****             hdma->Init.PeriphInc           | hdma->Init.MemInc           |
 817              		.loc 1 287 54 is_stmt 0 view .LVU234
 818 0258 D5E90230 		ldrd	r3, r0, [r5, #8]
 288:Drivers/STM32H7xx_HAL_Driver/Src/stm32h7xx_hal_dma.c ****             hdma->Init.PeriphDataAlignment | hdma->Init.MemDataAlignment |
 819              		.loc 1 288 44 view .LVU235
 820 025c 2969     		ldr	r1, [r5, #16]
 287:Drivers/STM32H7xx_HAL_Driver/Src/stm32h7xx_hal_dma.c ****             hdma->Init.PeriphInc           | hdma->Init.MemInc           |
 821              		.loc 1 287 54 view .LVU236
 822 025e 0343     		orrs	r3, r3, r0
 289:Drivers/STM32H7xx_HAL_Driver/Src/stm32h7xx_hal_dma.c ****             hdma->Init.Mode                | hdma->Init.Priority;
 823              		.loc 1 289 56 view .LVU237
 824 0260 AA69     		ldr	r2, [r5, #24]
 278:Drivers/STM32H7xx_HAL_Driver/Src/stm32h7xx_hal_dma.c **** 
 825              		.loc 1 278 19 view .LVU238
 826 0262 2068     		ldr	r0, [r4]
 827              	.LVL33:
 281:Drivers/STM32H7xx_HAL_Driver/Src/stm32h7xx_hal_dma.c ****                         DMA_SxCR_PL    | DMA_SxCR_MSIZE  | DMA_SxCR_PSIZE  | \
 828              		.loc 1 281 5 is_stmt 1 view .LVU239
 288:Drivers/STM32H7xx_HAL_Driver/Src/stm32h7xx_hal_dma.c ****             hdma->Init.PeriphDataAlignment | hdma->Init.MemDataAlignment |
 829              		.loc 1 288 44 is_stmt 0 view .LVU240
 830 0264 0B43     		orrs	r3, r3, r1
 288:Drivers/STM32H7xx_HAL_Driver/Src/stm32h7xx_hal_dma.c ****             hdma->Init.PeriphDataAlignment | hdma->Init.MemDataAlignment |
 831              		.loc 1 288 74 view .LVU241
 832 0266 6969     		ldr	r1, [r5, #20]
 833 0268 0B43     		orrs	r3, r3, r1
 289:Drivers/STM32H7xx_HAL_Driver/Src/stm32h7xx_hal_dma.c ****             hdma->Init.Mode                | hdma->Init.Priority;
 834              		.loc 1 289 74 view .LVU242
 835 026a E969     		ldr	r1, [r5, #28]
 289:Drivers/STM32H7xx_HAL_Driver/Src/stm32h7xx_hal_dma.c ****             hdma->Init.Mode                | hdma->Init.Priority;
 836              		.loc 1 289 44 view .LVU243
 837 026c 1343     		orrs	r3, r3, r2
 289:Drivers/STM32H7xx_HAL_Driver/Src/stm32h7xx_hal_dma.c ****             hdma->Init.Mode                | hdma->Init.Priority;
 838              		.loc 1 289 74 view .LVU244
 839 026e 0B43     		orrs	r3, r3, r1
 281:Drivers/STM32H7xx_HAL_Driver/Src/stm32h7xx_hal_dma.c ****                         DMA_SxCR_PL    | DMA_SxCR_MSIZE  | DMA_SxCR_PSIZE  | \
 840              		.loc 1 281 19 view .LVU245
ARM GAS  C:\Users\l1234\AppData\Local\Temp\ccQ59T7L.s 			page 55


 841 0270 9249     		ldr	r1, .L114
 842 0272 0140     		ands	r1, r1, r0
 843              	.LVL34:
 287:Drivers/STM32H7xx_HAL_Driver/Src/stm32h7xx_hal_dma.c ****             hdma->Init.PeriphInc           | hdma->Init.MemInc           |
 844              		.loc 1 287 5 is_stmt 1 view .LVU246
 290:Drivers/STM32H7xx_HAL_Driver/Src/stm32h7xx_hal_dma.c **** 
 845              		.loc 1 290 44 is_stmt 0 view .LVU247
 846 0274 286A     		ldr	r0, [r5, #32]
 847 0276 0343     		orrs	r3, r3, r0
 287:Drivers/STM32H7xx_HAL_Driver/Src/stm32h7xx_hal_dma.c ****             hdma->Init.PeriphInc           | hdma->Init.MemInc           |
 848              		.loc 1 287 19 view .LVU248
 849 0278 0B43     		orrs	r3, r3, r1
 850              	.LVL35:
 293:Drivers/STM32H7xx_HAL_Driver/Src/stm32h7xx_hal_dma.c ****     {
 851              		.loc 1 293 5 is_stmt 1 view .LVU249
 293:Drivers/STM32H7xx_HAL_Driver/Src/stm32h7xx_hal_dma.c ****     {
 852              		.loc 1 293 18 is_stmt 0 view .LVU250
 853 027a 696A     		ldr	r1, [r5, #36]
 293:Drivers/STM32H7xx_HAL_Driver/Src/stm32h7xx_hal_dma.c ****     {
 854              		.loc 1 293 7 view .LVU251
 855 027c 0429     		cmp	r1, #4
 856 027e 03D1     		bne	.L63
 296:Drivers/STM32H7xx_HAL_Driver/Src/stm32h7xx_hal_dma.c ****     }
 857              		.loc 1 296 7 is_stmt 1 view .LVU252
 296:Drivers/STM32H7xx_HAL_Driver/Src/stm32h7xx_hal_dma.c ****     }
 858              		.loc 1 296 45 is_stmt 0 view .LVU253
 859 0280 D5E90B06 		ldrd	r0, r6, [r5, #44]
 860              	.LVL36:
 296:Drivers/STM32H7xx_HAL_Driver/Src/stm32h7xx_hal_dma.c ****     }
 861              		.loc 1 296 45 view .LVU254
 862 0284 3043     		orrs	r0, r0, r6
 296:Drivers/STM32H7xx_HAL_Driver/Src/stm32h7xx_hal_dma.c ****     }
 863              		.loc 1 296 21 view .LVU255
 864 0286 0343     		orrs	r3, r3, r0
 865              	.LVL37:
 866              	.L63:
 305:Drivers/STM32H7xx_HAL_Driver/Src/stm32h7xx_hal_dma.c ****       {
 867              		.loc 1 305 7 is_stmt 1 view .LVU256
 305:Drivers/STM32H7xx_HAL_Driver/Src/stm32h7xx_hal_dma.c ****       {
 868              		.loc 1 305 10 is_stmt 0 view .LVU257
 869 0288 6868     		ldr	r0, [r5, #4]
 870 028a A0F12906 		sub	r6, r0, #41
 871 028e 1F2E     		cmp	r6, #31
 872 0290 40F2D680 		bls	.L64
 305:Drivers/STM32H7xx_HAL_Driver/Src/stm32h7xx_hal_dma.c ****       {
 873              		.loc 1 305 10 view .LVU258
 874 0294 A0F14F06 		sub	r6, r0, #79
 875 0298 032E     		cmp	r6, #3
 876 029a 00F2E880 		bhi	.L110
 877              	.L65:
 307:Drivers/STM32H7xx_HAL_Driver/Src/stm32h7xx_hal_dma.c ****       }
 878              		.loc 1 307 9 is_stmt 1 view .LVU259
 307:Drivers/STM32H7xx_HAL_Driver/Src/stm32h7xx_hal_dma.c ****       }
 879              		.loc 1 307 23 is_stmt 0 view .LVU260
 880 029e 43F48013 		orr	r3, r3, #1048576
 881              	.LVL38:
 882              	.L67:
ARM GAS  C:\Users\l1234\AppData\Local\Temp\ccQ59T7L.s 			page 56


 314:Drivers/STM32H7xx_HAL_Driver/Src/stm32h7xx_hal_dma.c **** 
 883              		.loc 1 314 5 is_stmt 1 view .LVU261
 314:Drivers/STM32H7xx_HAL_Driver/Src/stm32h7xx_hal_dma.c **** 
 884              		.loc 1 314 50 is_stmt 0 view .LVU262
 885 02a2 2360     		str	r3, [r4]
 317:Drivers/STM32H7xx_HAL_Driver/Src/stm32h7xx_hal_dma.c **** 
 886              		.loc 1 317 5 is_stmt 1 view .LVU263
 326:Drivers/STM32H7xx_HAL_Driver/Src/stm32h7xx_hal_dma.c ****     {
 887              		.loc 1 326 7 is_stmt 0 view .LVU264
 888 02a4 0429     		cmp	r1, #4
 317:Drivers/STM32H7xx_HAL_Driver/Src/stm32h7xx_hal_dma.c **** 
 889              		.loc 1 317 19 view .LVU265
 890 02a6 6369     		ldr	r3, [r4, #20]
 891              	.LVL39:
 320:Drivers/STM32H7xx_HAL_Driver/Src/stm32h7xx_hal_dma.c **** 
 892              		.loc 1 320 5 is_stmt 1 view .LVU266
 320:Drivers/STM32H7xx_HAL_Driver/Src/stm32h7xx_hal_dma.c **** 
 893              		.loc 1 320 19 is_stmt 0 view .LVU267
 894 02a8 23F00703 		bic	r3, r3, #7
 895              	.LVL40:
 323:Drivers/STM32H7xx_HAL_Driver/Src/stm32h7xx_hal_dma.c **** 
 896              		.loc 1 323 5 is_stmt 1 view .LVU268
 323:Drivers/STM32H7xx_HAL_Driver/Src/stm32h7xx_hal_dma.c **** 
 897              		.loc 1 323 19 is_stmt 0 view .LVU269
 898 02ac 43EA0103 		orr	r3, r3, r1
 899              	.LVL41:
 326:Drivers/STM32H7xx_HAL_Driver/Src/stm32h7xx_hal_dma.c ****     {
 900              		.loc 1 326 5 is_stmt 1 view .LVU270
 326:Drivers/STM32H7xx_HAL_Driver/Src/stm32h7xx_hal_dma.c ****     {
 901              		.loc 1 326 7 is_stmt 0 view .LVU271
 902 02b0 0DD1     		bne	.L68
 329:Drivers/STM32H7xx_HAL_Driver/Src/stm32h7xx_hal_dma.c **** 
 903              		.loc 1 329 7 is_stmt 1 view .LVU272
 329:Drivers/STM32H7xx_HAL_Driver/Src/stm32h7xx_hal_dma.c **** 
 904              		.loc 1 329 34 is_stmt 0 view .LVU273
 905 02b2 A96A     		ldr	r1, [r5, #40]
 333:Drivers/STM32H7xx_HAL_Driver/Src/stm32h7xx_hal_dma.c ****       {
 906              		.loc 1 333 20 view .LVU274
 907 02b4 E86A     		ldr	r0, [r5, #44]
 329:Drivers/STM32H7xx_HAL_Driver/Src/stm32h7xx_hal_dma.c **** 
 908              		.loc 1 329 21 view .LVU275
 909 02b6 0B43     		orrs	r3, r3, r1
 910              	.LVL42:
 333:Drivers/STM32H7xx_HAL_Driver/Src/stm32h7xx_hal_dma.c ****       {
 911              		.loc 1 333 7 is_stmt 1 view .LVU276
 333:Drivers/STM32H7xx_HAL_Driver/Src/stm32h7xx_hal_dma.c ****       {
 912              		.loc 1 333 9 is_stmt 0 view .LVU277
 913 02b8 48B1     		cbz	r0, .L68
 335:Drivers/STM32H7xx_HAL_Driver/Src/stm32h7xx_hal_dma.c ****         {
 914              		.loc 1 335 9 is_stmt 1 view .LVU278
 915              	.LVL43:
 916              	.LBB15:
 917              	.LBI15:
1896:Drivers/STM32H7xx_HAL_Driver/Src/stm32h7xx_hal_dma.c **** {
 918              		.loc 1 1896 26 view .LVU279
 919              	.LBB16:
1898:Drivers/STM32H7xx_HAL_Driver/Src/stm32h7xx_hal_dma.c **** 
ARM GAS  C:\Users\l1234\AppData\Local\Temp\ccQ59T7L.s 			page 57


 920              		.loc 1 1898 3 view .LVU280
1901:Drivers/STM32H7xx_HAL_Driver/Src/stm32h7xx_hal_dma.c ****   {
 921              		.loc 1 1901 3 view .LVU281
1901:Drivers/STM32H7xx_HAL_Driver/Src/stm32h7xx_hal_dma.c ****   {
 922              		.loc 1 1901 6 is_stmt 0 view .LVU282
 923 02ba 002A     		cmp	r2, #0
 924 02bc 40F0C680 		bne	.L69
1903:Drivers/STM32H7xx_HAL_Driver/Src/stm32h7xx_hal_dma.c ****     {
 925              		.loc 1 1903 5 is_stmt 1 view .LVU283
 926 02c0 0129     		cmp	r1, #1
 927 02c2 00F0E780 		beq	.L73
 928 02c6 31F00202 		bics	r2, r1, #2
 929 02ca 00F0C780 		beq	.L104
 930              	.LVL44:
 931              	.L68:
1903:Drivers/STM32H7xx_HAL_Driver/Src/stm32h7xx_hal_dma.c ****     {
 932              		.loc 1 1903 5 is_stmt 0 view .LVU284
 933              	.LBE16:
 934              	.LBE15:
 349:Drivers/STM32H7xx_HAL_Driver/Src/stm32h7xx_hal_dma.c **** 
 935              		.loc 1 349 5 is_stmt 1 view .LVU285
 349:Drivers/STM32H7xx_HAL_Driver/Src/stm32h7xx_hal_dma.c **** 
 936              		.loc 1 349 51 is_stmt 0 view .LVU286
 937 02ce 6361     		str	r3, [r4, #20]
 353:Drivers/STM32H7xx_HAL_Driver/Src/stm32h7xx_hal_dma.c **** 
 938              		.loc 1 353 5 is_stmt 1 view .LVU287
 353:Drivers/STM32H7xx_HAL_Driver/Src/stm32h7xx_hal_dma.c **** 
 939              		.loc 1 353 38 is_stmt 0 view .LVU288
 940 02d0 2846     		mov	r0, r5
 941 02d2 FFF7FEFF 		bl	DMA_CalcBaseAndBitshift
 942              	.LVL45:
 356:Drivers/STM32H7xx_HAL_Driver/Src/stm32h7xx_hal_dma.c ****   }
 943              		.loc 1 356 51 view .LVU289
 944 02d6 EA6D     		ldr	r2, [r5, #92]
 356:Drivers/STM32H7xx_HAL_Driver/Src/stm32h7xx_hal_dma.c ****   }
 945              		.loc 1 356 29 view .LVU290
 946 02d8 3F23     		movs	r3, #63
 947              	.LVL46:
 356:Drivers/STM32H7xx_HAL_Driver/Src/stm32h7xx_hal_dma.c ****   }
 948              		.loc 1 356 5 is_stmt 1 view .LVU291
 411:Drivers/STM32H7xx_HAL_Driver/Src/stm32h7xx_hal_dma.c ****   {
 949              		.loc 1 411 6 is_stmt 0 view .LVU292
 950 02da 7949     		ldr	r1, .L114+4
 356:Drivers/STM32H7xx_HAL_Driver/Src/stm32h7xx_hal_dma.c ****   }
 951              		.loc 1 356 51 view .LVU293
 952 02dc 02F01F02 		and	r2, r2, #31
 411:Drivers/STM32H7xx_HAL_Driver/Src/stm32h7xx_hal_dma.c ****   {
 953              		.loc 1 411 6 view .LVU294
 954 02e0 784F     		ldr	r7, .L114+8
 955 02e2 794E     		ldr	r6, .L114+12
 356:Drivers/STM32H7xx_HAL_Driver/Src/stm32h7xx_hal_dma.c ****   }
 956              		.loc 1 356 29 view .LVU295
 957 02e4 9340     		lsls	r3, r3, r2
 411:Drivers/STM32H7xx_HAL_Driver/Src/stm32h7xx_hal_dma.c ****   {
 958              		.loc 1 411 6 view .LVU296
 959 02e6 794A     		ldr	r2, .L114+16
 960 02e8 E71B     		subs	r7, r4, r7
ARM GAS  C:\Users\l1234\AppData\Local\Temp\ccQ59T7L.s 			page 58


 961 02ea A61B     		subs	r6, r4, r6
 356:Drivers/STM32H7xx_HAL_Driver/Src/stm32h7xx_hal_dma.c ****   }
 962              		.loc 1 356 20 view .LVU297
 963 02ec 8360     		str	r3, [r0, #8]
 411:Drivers/STM32H7xx_HAL_Driver/Src/stm32h7xx_hal_dma.c ****   {
 964              		.loc 1 411 3 is_stmt 1 view .LVU298
 411:Drivers/STM32H7xx_HAL_Driver/Src/stm32h7xx_hal_dma.c ****   {
 965              		.loc 1 411 6 is_stmt 0 view .LVU299
 966 02ee A4EB0209 		sub	r9, r4, r2
 967 02f2 774B     		ldr	r3, .L114+20
 968 02f4 1432     		adds	r2, r2, #20
 969 02f6 B9FA89F9 		clz	r9, r9
 970 02fa 7648     		ldr	r0, .L114+24
 971              	.LVL47:
 411:Drivers/STM32H7xx_HAL_Driver/Src/stm32h7xx_hal_dma.c ****   {
 972              		.loc 1 411 6 view .LVU300
 973 02fc A4EB0308 		sub	r8, r4, r3
 974 0300 754B     		ldr	r3, .L114+28
 975 0302 A21A     		subs	r2, r4, r2
 976 0304 4FEA5919 		lsr	r9, r9, #5
 977 0308 9C42     		cmp	r4, r3
 978 030a 18BF     		it	ne
 979 030c 8C42     		cmpne	r4, r1
 980 030e 03F11803 		add	r3, r3, #24
 981 0312 B2FA82F2 		clz	r2, r2
 982 0316 B8FA88F8 		clz	r8, r8
 983 031a 0CBF     		ite	eq
 984 031c 0121     		moveq	r1, #1
 985 031e 0021     		movne	r1, #0
 986 0320 5209     		lsrs	r2, r2, #5
 987 0322 B7FA87F7 		clz	r7, r7
 988 0326 9C42     		cmp	r4, r3
 989 0328 08BF     		it	eq
 990 032a 41F00101 		orreq	r1, r1, #1
 991 032e 1833     		adds	r3, r3, #24
 992 0330 4FEA5818 		lsr	r8, r8, #5
 993 0334 A4EB000B 		sub	fp, r4, r0
 994 0338 9C42     		cmp	r4, r3
 995 033a 08BF     		it	eq
 996 033c 41F00101 		orreq	r1, r1, #1
 997 0340 1833     		adds	r3, r3, #24
 998 0342 7F09     		lsrs	r7, r7, #5
 999 0344 B6FA86F6 		clz	r6, r6
 1000 0348 9C42     		cmp	r4, r3
 1001 034a 08BF     		it	eq
 1002 034c 41F00101 		orreq	r1, r1, #1
 1003 0350 1833     		adds	r3, r3, #24
 1004 0352 1430     		adds	r0, r0, #20
 1005 0354 7609     		lsrs	r6, r6, #5
 1006 0356 9C42     		cmp	r4, r3
 1007 0358 08BF     		it	eq
 1008 035a 41F00101 		orreq	r1, r1, #1
 1009 035e 1833     		adds	r3, r3, #24
 1010 0360 BBFA8BFB 		clz	fp, fp
 1011 0364 9C42     		cmp	r4, r3
 1012 0366 08BF     		it	eq
 1013 0368 41F00101 		orreq	r1, r1, #1
ARM GAS  C:\Users\l1234\AppData\Local\Temp\ccQ59T7L.s 			page 59


 1014 036c 1833     		adds	r3, r3, #24
 1015 036e 4FEA5B1B 		lsr	fp, fp, #5
 1016 0372 9C42     		cmp	r4, r3
 1017 0374 08BF     		it	eq
 1018 0376 41F00101 		orreq	r1, r1, #1
 1019 037a 03F55673 		add	r3, r3, #856
 1020 037e 9C42     		cmp	r4, r3
 1021 0380 08BF     		it	eq
 1022 0382 41F00101 		orreq	r1, r1, #1
 1023 0386 1833     		adds	r3, r3, #24
 1024 0388 9C42     		cmp	r4, r3
 1025 038a 08BF     		it	eq
 1026 038c 41F00101 		orreq	r1, r1, #1
 1027 0390 1833     		adds	r3, r3, #24
 1028 0392 9C42     		cmp	r4, r3
 1029 0394 08BF     		it	eq
 1030 0396 41F00101 		orreq	r1, r1, #1
 1031 039a 1833     		adds	r3, r3, #24
 1032 039c 9C42     		cmp	r4, r3
 1033 039e 08BF     		it	eq
 1034 03a0 41F00101 		orreq	r1, r1, #1
 1035 03a4 1833     		adds	r3, r3, #24
 1036 03a6 9C42     		cmp	r4, r3
 1037 03a8 08BF     		it	eq
 1038 03aa 41F00101 		orreq	r1, r1, #1
 1039 03ae 1833     		adds	r3, r3, #24
 1040 03b0 9C42     		cmp	r4, r3
 1041 03b2 08BF     		it	eq
 1042 03b4 41F00101 		orreq	r1, r1, #1
 1043 03b8 1833     		adds	r3, r3, #24
 1044 03ba 9C42     		cmp	r4, r3
 1045 03bc 08BF     		it	eq
 1046 03be 41F00101 		orreq	r1, r1, #1
 1047 03c2 1833     		adds	r3, r3, #24
 1048 03c4 9C42     		cmp	r4, r3
 1049 03c6 08BF     		it	eq
 1050 03c8 41F00101 		orreq	r1, r1, #1
 1051 03cc 434B     		ldr	r3, .L114+32
 1052 03ce 49EA0101 		orr	r1, r9, r1
 1053 03d2 A4EB030A 		sub	r10, r4, r3
 1054 03d6 231A     		subs	r3, r4, r0
 1055 03d8 1143     		orrs	r1, r1, r2
 1056 03da BAFA8AFA 		clz	r10, r10
 1057 03de B3FA83F3 		clz	r3, r3
 1058 03e2 48EA0101 		orr	r1, r8, r1
 1059 03e6 4FEA5A1A 		lsr	r10, r10, #5
 1060 03ea 5B09     		lsrs	r3, r3, #5
 1061 03ec 4AEA0101 		orr	r1, r10, r1
 1062 03f0 0193     		str	r3, [sp, #4]
 1063 03f2 3943     		orrs	r1, r1, r7
 1064 03f4 3143     		orrs	r1, r1, r6
 1065 03f6 5BEA0101 		orrs	r1, fp, r1
 1066 03fa 7FF4CCAE 		bne	.L76
 1067 03fe 002B     		cmp	r3, #0
 1068 0400 7FF4C9AE 		bne	.L76
 1069 0404 0AE0     		b	.L77
 1070              	.LVL48:
ARM GAS  C:\Users\l1234\AppData\Local\Temp\ccQ59T7L.s 			page 60


 1071              	.L107:
 421:Drivers/STM32H7xx_HAL_Driver/Src/stm32h7xx_hal_dma.c ****     }
 1072              		.loc 1 421 7 is_stmt 1 view .LVU301
 421:Drivers/STM32H7xx_HAL_Driver/Src/stm32h7xx_hal_dma.c ****     }
 1073              		.loc 1 421 26 is_stmt 0 view .LVU302
 1074 0406 0023     		movs	r3, #0
 428:Drivers/STM32H7xx_HAL_Driver/Src/stm32h7xx_hal_dma.c **** 
 1075              		.loc 1 428 42 view .LVU303
 1076 0408 A96E     		ldr	r1, [r5, #104]
 428:Drivers/STM32H7xx_HAL_Driver/Src/stm32h7xx_hal_dma.c **** 
 1077              		.loc 1 428 9 view .LVU304
 1078 040a D5E91802 		ldrd	r0, r2, [r5, #96]
 1079              	.LVL49:
 421:Drivers/STM32H7xx_HAL_Driver/Src/stm32h7xx_hal_dma.c ****     }
 1080              		.loc 1 421 26 view .LVU305
 1081 040e 6B60     		str	r3, [r5, #4]
 425:Drivers/STM32H7xx_HAL_Driver/Src/stm32h7xx_hal_dma.c **** 
 1082              		.loc 1 425 5 is_stmt 1 view .LVU306
 425:Drivers/STM32H7xx_HAL_Driver/Src/stm32h7xx_hal_dma.c **** 
 1083              		.loc 1 425 30 is_stmt 0 view .LVU307
 1084 0410 0360     		str	r3, [r0]
 428:Drivers/STM32H7xx_HAL_Driver/Src/stm32h7xx_hal_dma.c **** 
 1085              		.loc 1 428 5 is_stmt 1 view .LVU308
 428:Drivers/STM32H7xx_HAL_Driver/Src/stm32h7xx_hal_dma.c **** 
 1086              		.loc 1 428 36 is_stmt 0 view .LVU309
 1087 0412 5160     		str	r1, [r2, #4]
 433:Drivers/STM32H7xx_HAL_Driver/Src/stm32h7xx_hal_dma.c ****     {
 1088              		.loc 1 433 5 is_stmt 1 view .LVU310
 1089              	.L80:
 447:Drivers/STM32H7xx_HAL_Driver/Src/stm32h7xx_hal_dma.c ****       hdma->DMAmuxRequestGenStatus = 0U;
 1090              		.loc 1 447 7 view .LVU311
 448:Drivers/STM32H7xx_HAL_Driver/Src/stm32h7xx_hal_dma.c ****       hdma->DMAmuxRequestGenStatusMask = 0U;
 1091              		.loc 1 448 7 view .LVU312
 447:Drivers/STM32H7xx_HAL_Driver/Src/stm32h7xx_hal_dma.c ****       hdma->DMAmuxRequestGenStatus = 0U;
 1092              		.loc 1 447 30 is_stmt 0 view .LVU313
 1093 0414 0023     		movs	r3, #0
 1094 0416 EB66     		str	r3, [r5, #108]	@ unaligned
 1095 0418 2B67     		str	r3, [r5, #112]	@ unaligned
 449:Drivers/STM32H7xx_HAL_Driver/Src/stm32h7xx_hal_dma.c ****     }
 1096              		.loc 1 449 7 is_stmt 1 view .LVU314
 449:Drivers/STM32H7xx_HAL_Driver/Src/stm32h7xx_hal_dma.c ****     }
 1097              		.loc 1 449 40 is_stmt 0 view .LVU315
 1098 041a 6B67     		str	r3, [r5, #116]
 1099              	.L77:
 454:Drivers/STM32H7xx_HAL_Driver/Src/stm32h7xx_hal_dma.c **** 
 1100              		.loc 1 454 3 is_stmt 1 view .LVU316
 454:Drivers/STM32H7xx_HAL_Driver/Src/stm32h7xx_hal_dma.c **** 
 1101              		.loc 1 454 19 is_stmt 0 view .LVU317
 1102 041c 0023     		movs	r3, #0
 457:Drivers/STM32H7xx_HAL_Driver/Src/stm32h7xx_hal_dma.c **** 
 1103              		.loc 1 457 15 view .LVU318
 1104 041e 0122     		movs	r2, #1
 459:Drivers/STM32H7xx_HAL_Driver/Src/stm32h7xx_hal_dma.c **** }
 1105              		.loc 1 459 10 view .LVU319
 1106 0420 1846     		mov	r0, r3
 454:Drivers/STM32H7xx_HAL_Driver/Src/stm32h7xx_hal_dma.c **** 
 1107              		.loc 1 454 19 view .LVU320
ARM GAS  C:\Users\l1234\AppData\Local\Temp\ccQ59T7L.s 			page 61


 1108 0422 6B65     		str	r3, [r5, #84]
 457:Drivers/STM32H7xx_HAL_Driver/Src/stm32h7xx_hal_dma.c **** 
 1109              		.loc 1 457 3 is_stmt 1 view .LVU321
 457:Drivers/STM32H7xx_HAL_Driver/Src/stm32h7xx_hal_dma.c **** 
 1110              		.loc 1 457 15 is_stmt 0 view .LVU322
 1111 0424 85F83520 		strb	r2, [r5, #53]
 459:Drivers/STM32H7xx_HAL_Driver/Src/stm32h7xx_hal_dma.c **** }
 1112              		.loc 1 459 3 is_stmt 1 view .LVU323
 460:Drivers/STM32H7xx_HAL_Driver/Src/stm32h7xx_hal_dma.c **** 
 1113              		.loc 1 460 1 is_stmt 0 view .LVU324
 1114 0428 03B0     		add	sp, sp, #12
 1115              	.LCFI7:
 1116              		.cfi_remember_state
 1117              		.cfi_def_cfa_offset 36
 1118              		@ sp needed
 1119 042a BDE8F08F 		pop	{r4, r5, r6, r7, r8, r9, r10, fp, pc}
 1120              	.LVL50:
 1121              	.L109:
 1122              	.LCFI8:
 1123              		.cfi_restore_state
 268:Drivers/STM32H7xx_HAL_Driver/Src/stm32h7xx_hal_dma.c **** 
 1124              		.loc 1 268 9 is_stmt 1 view .LVU325
 268:Drivers/STM32H7xx_HAL_Driver/Src/stm32h7xx_hal_dma.c **** 
 1125              		.loc 1 268 25 is_stmt 0 view .LVU326
 1126 042e 2022     		movs	r2, #32
 271:Drivers/STM32H7xx_HAL_Driver/Src/stm32h7xx_hal_dma.c **** 
 1127              		.loc 1 271 21 view .LVU327
 1128 0430 0323     		movs	r3, #3
 268:Drivers/STM32H7xx_HAL_Driver/Src/stm32h7xx_hal_dma.c **** 
 1129              		.loc 1 268 25 view .LVU328
 1130 0432 6A65     		str	r2, [r5, #84]
 271:Drivers/STM32H7xx_HAL_Driver/Src/stm32h7xx_hal_dma.c **** 
 1131              		.loc 1 271 9 is_stmt 1 view .LVU329
 271:Drivers/STM32H7xx_HAL_Driver/Src/stm32h7xx_hal_dma.c **** 
 1132              		.loc 1 271 21 is_stmt 0 view .LVU330
 1133 0434 85F83530 		strb	r3, [r5, #53]
 273:Drivers/STM32H7xx_HAL_Driver/Src/stm32h7xx_hal_dma.c ****       }
 1134              		.loc 1 273 9 is_stmt 1 view .LVU331
 1135              	.LVL51:
 1136              	.L39:
 226:Drivers/STM32H7xx_HAL_Driver/Src/stm32h7xx_hal_dma.c ****   }
 1137              		.loc 1 226 12 is_stmt 0 view .LVU332
 1138 0438 0120     		movs	r0, #1
 460:Drivers/STM32H7xx_HAL_Driver/Src/stm32h7xx_hal_dma.c **** 
 1139              		.loc 1 460 1 view .LVU333
 1140 043a 03B0     		add	sp, sp, #12
 1141              	.LCFI9:
 1142              		.cfi_remember_state
 1143              		.cfi_def_cfa_offset 36
 1144              		@ sp needed
 1145 043c BDE8F08F 		pop	{r4, r5, r6, r7, r8, r9, r10, fp, pc}
 1146              	.LVL52:
 1147              	.L64:
 1148              	.LCFI10:
 1149              		.cfi_restore_state
 305:Drivers/STM32H7xx_HAL_Driver/Src/stm32h7xx_hal_dma.c ****       {
 1150              		.loc 1 305 10 view .LVU334
ARM GAS  C:\Users\l1234\AppData\Local\Temp\ccQ59T7L.s 			page 62


 1151 0440 2748     		ldr	r0, .L114+36
 1152 0442 F040     		lsrs	r0, r0, r6
 1153 0444 C007     		lsls	r0, r0, #31
 1154 0446 3FF52AAF 		bmi	.L65
 1155 044a 2AE7     		b	.L67
 1156              	.LVL53:
 1157              	.L69:
 1158              	.LBB19:
 1159              	.LBB17:
1930:Drivers/STM32H7xx_HAL_Driver/Src/stm32h7xx_hal_dma.c ****   {
 1160              		.loc 1 1930 8 is_stmt 1 view .LVU335
1930:Drivers/STM32H7xx_HAL_Driver/Src/stm32h7xx_hal_dma.c ****   {
 1161              		.loc 1 1930 11 is_stmt 0 view .LVU336
 1162 044c B2F5005F 		cmp	r2, #8192
 1163 0450 12D0     		beq	.L111
1961:Drivers/STM32H7xx_HAL_Driver/Src/stm32h7xx_hal_dma.c ****     {
 1164              		.loc 1 1961 5 is_stmt 1 view .LVU337
 1165 0452 0229     		cmp	r1, #2
 1166 0454 05D9     		bls	.L71
 1167 0456 0329     		cmp	r1, #3
 1168 0458 7FF439AF 		bne	.L68
 1169              	.L104:
1970:Drivers/STM32H7xx_HAL_Driver/Src/stm32h7xx_hal_dma.c ****         {
 1170              		.loc 1 1970 9 view .LVU338
1970:Drivers/STM32H7xx_HAL_Driver/Src/stm32h7xx_hal_dma.c ****         {
 1171              		.loc 1 1970 12 is_stmt 0 view .LVU339
 1172 045c C201     		lsls	r2, r0, #7
 1173 045e 7FF536AF 		bpl	.L68
 1174              	.L71:
 1175              	.LVL54:
1981:Drivers/STM32H7xx_HAL_Driver/Src/stm32h7xx_hal_dma.c **** }
 1176              		.loc 1 1981 3 is_stmt 1 view .LVU340
1981:Drivers/STM32H7xx_HAL_Driver/Src/stm32h7xx_hal_dma.c **** }
 1177              		.loc 1 1981 3 is_stmt 0 view .LVU341
 1178              	.LBE17:
 1179              	.LBE19:
 338:Drivers/STM32H7xx_HAL_Driver/Src/stm32h7xx_hal_dma.c **** 
 1180              		.loc 1 338 11 is_stmt 1 view .LVU342
 338:Drivers/STM32H7xx_HAL_Driver/Src/stm32h7xx_hal_dma.c **** 
 1181              		.loc 1 338 27 is_stmt 0 view .LVU343
 1182 0462 4022     		movs	r2, #64
 341:Drivers/STM32H7xx_HAL_Driver/Src/stm32h7xx_hal_dma.c **** 
 1183              		.loc 1 341 23 view .LVU344
 1184 0464 0123     		movs	r3, #1
 1185              	.LVL55:
 338:Drivers/STM32H7xx_HAL_Driver/Src/stm32h7xx_hal_dma.c **** 
 1186              		.loc 1 338 27 view .LVU345
 1187 0466 6A65     		str	r2, [r5, #84]
 341:Drivers/STM32H7xx_HAL_Driver/Src/stm32h7xx_hal_dma.c **** 
 1188              		.loc 1 341 11 is_stmt 1 view .LVU346
 341:Drivers/STM32H7xx_HAL_Driver/Src/stm32h7xx_hal_dma.c **** 
 1189              		.loc 1 341 23 is_stmt 0 view .LVU347
 1190 0468 85F83530 		strb	r3, [r5, #53]
 343:Drivers/STM32H7xx_HAL_Driver/Src/stm32h7xx_hal_dma.c ****         }
 1191              		.loc 1 343 11 is_stmt 1 view .LVU348
 343:Drivers/STM32H7xx_HAL_Driver/Src/stm32h7xx_hal_dma.c ****         }
 1192              		.loc 1 343 18 is_stmt 0 view .LVU349
ARM GAS  C:\Users\l1234\AppData\Local\Temp\ccQ59T7L.s 			page 63


 1193 046c E4E7     		b	.L39
 1194              	.LVL56:
 1195              	.L110:
 305:Drivers/STM32H7xx_HAL_Driver/Src/stm32h7xx_hal_dma.c ****       {
 1196              		.loc 1 305 10 discriminator 6 view .LVU350
 1197 046e 7438     		subs	r0, r0, #116
 1198 0470 0328     		cmp	r0, #3
 1199 0472 7FF614AF 		bls	.L65
 1200 0476 14E7     		b	.L67
 1201              	.LVL57:
 1202              	.L111:
 1203              	.LBB20:
 1204              	.LBB18:
1932:Drivers/STM32H7xx_HAL_Driver/Src/stm32h7xx_hal_dma.c ****     {
 1205              		.loc 1 1932 5 is_stmt 1 view .LVU351
 1206 0478 0329     		cmp	r1, #3
 1207 047a 3FF628AF 		bhi	.L68
 1208 047e 01A2     		adr	r2, .L74
 1209 0480 52F821F0 		ldr	pc, [r2, r1, lsl #2]
 1210              		.p2align 2
 1211              	.L74:
 1212 0484 63040000 		.word	.L71+1
 1213 0488 5D040000 		.word	.L104+1
 1214 048c 63040000 		.word	.L71+1
 1215 0490 95040000 		.word	.L73+1
 1216              		.p2align 1
 1217              	.L73:
1947:Drivers/STM32H7xx_HAL_Driver/Src/stm32h7xx_hal_dma.c ****         {
 1218              		.loc 1 1947 9 view .LVU352
1947:Drivers/STM32H7xx_HAL_Driver/Src/stm32h7xx_hal_dma.c ****         {
 1219              		.loc 1 1947 12 is_stmt 0 view .LVU353
 1220 0494 B0F1C07F 		cmp	r0, #25165824
 1221 0498 7FF419AF 		bne	.L68
 1222 049c E1E7     		b	.L71
 1223              	.LVL58:
 1224              	.L108:
1947:Drivers/STM32H7xx_HAL_Driver/Src/stm32h7xx_hal_dma.c ****         {
 1225              		.loc 1 1947 12 view .LVU354
 1226              	.LBE18:
 1227              	.LBE20:
 1228              	.LBB21:
 1229              	.LBB13:
2041:Drivers/STM32H7xx_HAL_Driver/Src/stm32h7xx_hal_dma.c **** 
 1230              		.loc 1 2041 7 is_stmt 1 view .LVU355
2041:Drivers/STM32H7xx_HAL_Driver/Src/stm32h7xx_hal_dma.c **** 
 1231              		.loc 1 2041 62 is_stmt 0 view .LVU356
 1232 049e 114A     		ldr	r2, .L114+40
2043:Drivers/STM32H7xx_HAL_Driver/Src/stm32h7xx_hal_dma.c ****     }
 1233              		.loc 1 2043 36 view .LVU357
 1234 04a0 1149     		ldr	r1, .L114+44
2041:Drivers/STM32H7xx_HAL_Driver/Src/stm32h7xx_hal_dma.c **** 
 1235              		.loc 1 2041 62 view .LVU358
 1236 04a2 2244     		add	r2, r2, r4
 1237 04a4 9200     		lsls	r2, r2, #2
2043:Drivers/STM32H7xx_HAL_Driver/Src/stm32h7xx_hal_dma.c ****     }
 1238              		.loc 1 2043 7 is_stmt 1 view .LVU359
 1239 04a6 A0E6     		b	.L82
ARM GAS  C:\Users\l1234\AppData\Local\Temp\ccQ59T7L.s 			page 64


 1240              	.LVL59:
 1241              	.L83:
2043:Drivers/STM32H7xx_HAL_Driver/Src/stm32h7xx_hal_dma.c ****     }
 1242              		.loc 1 2043 7 is_stmt 0 view .LVU360
 1243              	.LBE13:
 1244              	.LBE21:
 382:Drivers/STM32H7xx_HAL_Driver/Src/stm32h7xx_hal_dma.c ****                       DMA_TO_BDMA_PERIPHERAL_INC(hdma->Init.PeriphInc)       |
 1245              		.loc 1 382 23 view .LVU361
 1246 04a8 4FF0100E 		mov	lr, #16
 1247 04ac 4AE6     		b	.L78
 1248              	.LVL60:
 1249              	.L106:
 405:Drivers/STM32H7xx_HAL_Driver/Src/stm32h7xx_hal_dma.c ****     hdma->State     = HAL_DMA_STATE_ERROR;
 1250              		.loc 1 405 5 is_stmt 1 view .LVU362
 405:Drivers/STM32H7xx_HAL_Driver/Src/stm32h7xx_hal_dma.c ****     hdma->State     = HAL_DMA_STATE_ERROR;
 1251              		.loc 1 405 21 is_stmt 0 view .LVU363
 1252 04ae 4022     		movs	r2, #64
 406:Drivers/STM32H7xx_HAL_Driver/Src/stm32h7xx_hal_dma.c **** 
 1253              		.loc 1 406 21 view .LVU364
 1254 04b0 0323     		movs	r3, #3
 405:Drivers/STM32H7xx_HAL_Driver/Src/stm32h7xx_hal_dma.c ****     hdma->State     = HAL_DMA_STATE_ERROR;
 1255              		.loc 1 405 21 view .LVU365
 1256 04b2 6A65     		str	r2, [r5, #84]
 406:Drivers/STM32H7xx_HAL_Driver/Src/stm32h7xx_hal_dma.c **** 
 1257              		.loc 1 406 5 is_stmt 1 view .LVU366
 406:Drivers/STM32H7xx_HAL_Driver/Src/stm32h7xx_hal_dma.c **** 
 1258              		.loc 1 406 21 is_stmt 0 view .LVU367
 1259 04b4 85F83530 		strb	r3, [r5, #53]
 408:Drivers/STM32H7xx_HAL_Driver/Src/stm32h7xx_hal_dma.c ****   }
 1260              		.loc 1 408 5 is_stmt 1 view .LVU368
 408:Drivers/STM32H7xx_HAL_Driver/Src/stm32h7xx_hal_dma.c ****   }
 1261              		.loc 1 408 12 is_stmt 0 view .LVU369
 1262 04b8 BEE7     		b	.L39
 1263              	.L115:
 1264 04ba 00BF     		.align	2
 1265              	.L114:
 1266 04bc 3F8010FE 		.word	-32473025
 1267 04c0 10000240 		.word	1073872912
 1268 04c4 58540258 		.word	1476547672
 1269 04c8 6C540258 		.word	1476547692
 1270 04cc 08540258 		.word	1476547592
 1271 04d0 30540258 		.word	1476547632
 1272 04d4 80540258 		.word	1476547712
 1273 04d8 28000240 		.word	1073872936
 1274 04dc 44540258 		.word	1476547652
 1275 04e0 3F00C0C3 		.word	-1010827201
 1276 04e4 3F820010 		.word	268468799
 1277 04e8 40090240 		.word	1073875264
 1278              		.cfi_endproc
 1279              	.LFE144:
 1281              		.section	.text.HAL_DMA_DeInit,"ax",%progbits
 1282              		.align	1
 1283              		.p2align 2,,3
 1284              		.global	HAL_DMA_DeInit
 1285              		.syntax unified
 1286              		.thumb
 1287              		.thumb_func
ARM GAS  C:\Users\l1234\AppData\Local\Temp\ccQ59T7L.s 			page 65


 1289              	HAL_DMA_DeInit:
 1290              	.LVL61:
 1291              	.LFB145:
 469:Drivers/STM32H7xx_HAL_Driver/Src/stm32h7xx_hal_dma.c ****   DMA_Base_Registers *regs_dma;
 1292              		.loc 1 469 1 is_stmt 1 view -0
 1293              		.cfi_startproc
 1294              		@ args = 0, pretend = 0, frame = 0
 1295              		@ frame_needed = 0, uses_anonymous_args = 0
 470:Drivers/STM32H7xx_HAL_Driver/Src/stm32h7xx_hal_dma.c ****   BDMA_Base_Registers *regs_bdma;
 1296              		.loc 1 470 3 view .LVU371
 471:Drivers/STM32H7xx_HAL_Driver/Src/stm32h7xx_hal_dma.c **** 
 1297              		.loc 1 471 3 view .LVU372
 474:Drivers/STM32H7xx_HAL_Driver/Src/stm32h7xx_hal_dma.c ****   {
 1298              		.loc 1 474 3 view .LVU373
 474:Drivers/STM32H7xx_HAL_Driver/Src/stm32h7xx_hal_dma.c ****   {
 1299              		.loc 1 474 5 is_stmt 0 view .LVU374
 1300 0000 0028     		cmp	r0, #0
 1301 0002 00F00481 		beq	.L151
 480:Drivers/STM32H7xx_HAL_Driver/Src/stm32h7xx_hal_dma.c **** 
 1302              		.loc 1 480 3 is_stmt 1 view .LVU375
 469:Drivers/STM32H7xx_HAL_Driver/Src/stm32h7xx_hal_dma.c ****   DMA_Base_Registers *regs_dma;
 1303              		.loc 1 469 1 is_stmt 0 view .LVU376
 1304 0006 38B5     		push	{r3, r4, r5, lr}
 1305              	.LCFI11:
 1306              		.cfi_def_cfa_offset 16
 1307              		.cfi_offset 3, -16
 1308              		.cfi_offset 4, -12
 1309              		.cfi_offset 5, -8
 1310              		.cfi_offset 14, -4
 480:Drivers/STM32H7xx_HAL_Driver/Src/stm32h7xx_hal_dma.c **** 
 1311              		.loc 1 480 3 view .LVU377
 1312 0008 0568     		ldr	r5, [r0]
 1313 000a 0446     		mov	r4, r0
 1314 000c A24B     		ldr	r3, .L160
 1315 000e 9D42     		cmp	r5, r3
 1316 0010 75D0     		beq	.L144
 1317 0012 1833     		adds	r3, r3, #24
 1318 0014 9D42     		cmp	r5, r3
 1319 0016 72D0     		beq	.L144
 480:Drivers/STM32H7xx_HAL_Driver/Src/stm32h7xx_hal_dma.c **** 
 1320              		.loc 1 480 3 discriminator 2 view .LVU378
 1321 0018 A04B     		ldr	r3, .L160+4
 1322 001a 9D42     		cmp	r5, r3
 1323 001c 00F0D980 		beq	.L122
 480:Drivers/STM32H7xx_HAL_Driver/Src/stm32h7xx_hal_dma.c **** 
 1324              		.loc 1 480 3 discriminator 4 view .LVU379
 1325 0020 1833     		adds	r3, r3, #24
 1326 0022 9D42     		cmp	r5, r3
 1327 0024 00F0DB80 		beq	.L123
 480:Drivers/STM32H7xx_HAL_Driver/Src/stm32h7xx_hal_dma.c **** 
 1328              		.loc 1 480 3 discriminator 6 view .LVU380
 1329 0028 1833     		adds	r3, r3, #24
 1330 002a 9D42     		cmp	r5, r3
 1331 002c 00F0CB80 		beq	.L124
 480:Drivers/STM32H7xx_HAL_Driver/Src/stm32h7xx_hal_dma.c **** 
 1332              		.loc 1 480 3 discriminator 8 view .LVU381
 1333 0030 1833     		adds	r3, r3, #24
ARM GAS  C:\Users\l1234\AppData\Local\Temp\ccQ59T7L.s 			page 66


 1334 0032 9D42     		cmp	r5, r3
 1335 0034 00F0E380 		beq	.L152
 480:Drivers/STM32H7xx_HAL_Driver/Src/stm32h7xx_hal_dma.c **** 
 1336              		.loc 1 480 3 discriminator 10 view .LVU382
 1337 0038 994B     		ldr	r3, .L160+8
 1338 003a 9D42     		cmp	r5, r3
 1339 003c 00F0E980 		beq	.L127
 480:Drivers/STM32H7xx_HAL_Driver/Src/stm32h7xx_hal_dma.c **** 
 1340              		.loc 1 480 3 discriminator 12 view .LVU383
 1341 0040 1833     		adds	r3, r3, #24
 1342 0042 9D42     		cmp	r5, r3
 1343 0044 00F0D180 		beq	.L128
 480:Drivers/STM32H7xx_HAL_Driver/Src/stm32h7xx_hal_dma.c **** 
 1344              		.loc 1 480 3 discriminator 14 view .LVU384
 1345 0048 03F55673 		add	r3, r3, #856
 1346 004c 9D42     		cmp	r5, r3
 1347 004e 00F0E880 		beq	.L153
 480:Drivers/STM32H7xx_HAL_Driver/Src/stm32h7xx_hal_dma.c **** 
 1348              		.loc 1 480 3 discriminator 16 view .LVU385
 1349 0052 944B     		ldr	r3, .L160+12
 1350 0054 9D42     		cmp	r5, r3
 1351 0056 00F0EA80 		beq	.L130
 480:Drivers/STM32H7xx_HAL_Driver/Src/stm32h7xx_hal_dma.c **** 
 1352              		.loc 1 480 3 discriminator 18 view .LVU386
 1353 005a 1833     		adds	r3, r3, #24
 1354 005c 9D42     		cmp	r5, r3
 1355 005e 00F0F180 		beq	.L131
 480:Drivers/STM32H7xx_HAL_Driver/Src/stm32h7xx_hal_dma.c **** 
 1356              		.loc 1 480 3 discriminator 20 view .LVU387
 1357 0062 1833     		adds	r3, r3, #24
 1358 0064 9D42     		cmp	r5, r3
 1359 0066 00F0F380 		beq	.L154
 480:Drivers/STM32H7xx_HAL_Driver/Src/stm32h7xx_hal_dma.c **** 
 1360              		.loc 1 480 3 discriminator 22 view .LVU388
 1361 006a 8F4B     		ldr	r3, .L160+16
 1362 006c 9D42     		cmp	r5, r3
 1363 006e 00F0F580 		beq	.L133
 480:Drivers/STM32H7xx_HAL_Driver/Src/stm32h7xx_hal_dma.c **** 
 1364              		.loc 1 480 3 discriminator 24 view .LVU389
 1365 0072 1833     		adds	r3, r3, #24
 1366 0074 9D42     		cmp	r5, r3
 1367 0076 00F0F780 		beq	.L134
 480:Drivers/STM32H7xx_HAL_Driver/Src/stm32h7xx_hal_dma.c **** 
 1368              		.loc 1 480 3 discriminator 26 view .LVU390
 1369 007a 1833     		adds	r3, r3, #24
 1370 007c 9D42     		cmp	r5, r3
 1371 007e 00F0FB80 		beq	.L155
 480:Drivers/STM32H7xx_HAL_Driver/Src/stm32h7xx_hal_dma.c **** 
 1372              		.loc 1 480 3 discriminator 28 view .LVU391
 1373 0082 8A4B     		ldr	r3, .L160+20
 1374 0084 9D42     		cmp	r5, r3
 1375 0086 00F0FF80 		beq	.L156
 508:Drivers/STM32H7xx_HAL_Driver/Src/stm32h7xx_hal_dma.c ****   {
 1376              		.loc 1 508 11 view .LVU392
 1377 008a 894B     		ldr	r3, .L160+24
 1378 008c 8948     		ldr	r0, .L160+28
 1379              	.LVL62:
ARM GAS  C:\Users\l1234\AppData\Local\Temp\ccQ59T7L.s 			page 67


 508:Drivers/STM32H7xx_HAL_Driver/Src/stm32h7xx_hal_dma.c ****   {
 1380              		.loc 1 508 11 view .LVU393
 1381 008e 8A49     		ldr	r1, .L160+32
 1382 0090 8542     		cmp	r5, r0
 1383 0092 18BF     		it	ne
 1384 0094 9D42     		cmpne	r5, r3
 480:Drivers/STM32H7xx_HAL_Driver/Src/stm32h7xx_hal_dma.c **** 
 1385              		.loc 1 480 3 view .LVU394
 1386 0096 2A68     		ldr	r2, [r5]
 508:Drivers/STM32H7xx_HAL_Driver/Src/stm32h7xx_hal_dma.c ****   {
 1387              		.loc 1 508 11 view .LVU395
 1388 0098 0CBF     		ite	eq
 1389 009a 0123     		moveq	r3, #1
 1390 009c 0023     		movne	r3, #0
 480:Drivers/STM32H7xx_HAL_Driver/Src/stm32h7xx_hal_dma.c **** 
 1391              		.loc 1 480 3 view .LVU396
 1392 009e 22F00102 		bic	r2, r2, #1
 508:Drivers/STM32H7xx_HAL_Driver/Src/stm32h7xx_hal_dma.c ****   {
 1393              		.loc 1 508 11 view .LVU397
 1394 00a2 8D42     		cmp	r5, r1
 1395 00a4 08BF     		it	eq
 1396 00a6 43F00103 		orreq	r3, r3, #1
 1397 00aa 1431     		adds	r1, r1, #20
 480:Drivers/STM32H7xx_HAL_Driver/Src/stm32h7xx_hal_dma.c **** 
 1398              		.loc 1 480 3 view .LVU398
 1399 00ac 2A60     		str	r2, [r5]
 482:Drivers/STM32H7xx_HAL_Driver/Src/stm32h7xx_hal_dma.c ****   {
 1400              		.loc 1 482 3 is_stmt 1 view .LVU399
 508:Drivers/STM32H7xx_HAL_Driver/Src/stm32h7xx_hal_dma.c ****   {
 1401              		.loc 1 508 8 view .LVU400
 508:Drivers/STM32H7xx_HAL_Driver/Src/stm32h7xx_hal_dma.c ****   {
 1402              		.loc 1 508 11 is_stmt 0 view .LVU401
 1403 00ae 8D42     		cmp	r5, r1
 1404 00b0 08BF     		it	eq
 1405 00b2 43F00103 		orreq	r3, r3, #1
 1406 00b6 814A     		ldr	r2, .L160+36
 1407 00b8 2831     		adds	r1, r1, #40
 1408 00ba 9542     		cmp	r5, r2
 1409 00bc 08BF     		it	eq
 1410 00be 43F00103 		orreq	r3, r3, #1
 1411 00c2 2832     		adds	r2, r2, #40
 1412 00c4 8D42     		cmp	r5, r1
 1413 00c6 08BF     		it	eq
 1414 00c8 43F00103 		orreq	r3, r3, #1
 1415 00cc 9542     		cmp	r5, r2
 1416 00ce 08BF     		it	eq
 1417 00d0 43F00103 		orreq	r3, r3, #1
 1418 00d4 1BB9     		cbnz	r3, .L137
 1419 00d6 7A4B     		ldr	r3, .L160+40
 1420 00d8 9D42     		cmp	r5, r3
 1421 00da 40F08E80 		bne	.L157
 1422              	.L137:
 511:Drivers/STM32H7xx_HAL_Driver/Src/stm32h7xx_hal_dma.c **** 
 1423              		.loc 1 511 5 is_stmt 1 view .LVU402
 511:Drivers/STM32H7xx_HAL_Driver/Src/stm32h7xx_hal_dma.c **** 
 1424              		.loc 1 511 52 is_stmt 0 view .LVU403
 1425 00de 0023     		movs	r3, #0
ARM GAS  C:\Users\l1234\AppData\Local\Temp\ccQ59T7L.s 			page 68


 526:Drivers/STM32H7xx_HAL_Driver/Src/stm32h7xx_hal_dma.c **** 
 1426              		.loc 1 526 40 view .LVU404
 1427 00e0 2046     		mov	r0, r4
 511:Drivers/STM32H7xx_HAL_Driver/Src/stm32h7xx_hal_dma.c **** 
 1428              		.loc 1 511 52 view .LVU405
 1429 00e2 2B60     		str	r3, [r5]
 514:Drivers/STM32H7xx_HAL_Driver/Src/stm32h7xx_hal_dma.c **** 
 1430              		.loc 1 514 5 is_stmt 1 view .LVU406
 514:Drivers/STM32H7xx_HAL_Driver/Src/stm32h7xx_hal_dma.c **** 
 1431              		.loc 1 514 53 is_stmt 0 view .LVU407
 1432 00e4 6B60     		str	r3, [r5, #4]
 517:Drivers/STM32H7xx_HAL_Driver/Src/stm32h7xx_hal_dma.c **** 
 1433              		.loc 1 517 5 is_stmt 1 view .LVU408
 517:Drivers/STM32H7xx_HAL_Driver/Src/stm32h7xx_hal_dma.c **** 
 1434              		.loc 1 517 53 is_stmt 0 view .LVU409
 1435 00e6 AB60     		str	r3, [r5, #8]
 520:Drivers/STM32H7xx_HAL_Driver/Src/stm32h7xx_hal_dma.c **** 
 1436              		.loc 1 520 5 is_stmt 1 view .LVU410
 520:Drivers/STM32H7xx_HAL_Driver/Src/stm32h7xx_hal_dma.c **** 
 1437              		.loc 1 520 53 is_stmt 0 view .LVU411
 1438 00e8 EB60     		str	r3, [r5, #12]
 523:Drivers/STM32H7xx_HAL_Driver/Src/stm32h7xx_hal_dma.c **** 
 1439              		.loc 1 523 5 is_stmt 1 view .LVU412
 523:Drivers/STM32H7xx_HAL_Driver/Src/stm32h7xx_hal_dma.c **** 
 1440              		.loc 1 523 53 is_stmt 0 view .LVU413
 1441 00ea 2B61     		str	r3, [r5, #16]
 526:Drivers/STM32H7xx_HAL_Driver/Src/stm32h7xx_hal_dma.c **** 
 1442              		.loc 1 526 5 is_stmt 1 view .LVU414
 526:Drivers/STM32H7xx_HAL_Driver/Src/stm32h7xx_hal_dma.c **** 
 1443              		.loc 1 526 40 is_stmt 0 view .LVU415
 1444 00ec FFF7FEFF 		bl	DMA_CalcBaseAndBitshift
 1445              	.LVL63:
 529:Drivers/STM32H7xx_HAL_Driver/Src/stm32h7xx_hal_dma.c ****   }
 1446              		.loc 1 529 64 view .LVU416
 1447 00f0 E26D     		ldr	r2, [r4, #92]
 529:Drivers/STM32H7xx_HAL_Driver/Src/stm32h7xx_hal_dma.c ****   }
 1448              		.loc 1 529 42 view .LVU417
 1449 00f2 0123     		movs	r3, #1
 1450              	.LVL64:
 529:Drivers/STM32H7xx_HAL_Driver/Src/stm32h7xx_hal_dma.c ****   }
 1451              		.loc 1 529 5 is_stmt 1 view .LVU418
 529:Drivers/STM32H7xx_HAL_Driver/Src/stm32h7xx_hal_dma.c ****   }
 1452              		.loc 1 529 64 is_stmt 0 view .LVU419
 1453 00f4 02F01F02 		and	r2, r2, #31
 529:Drivers/STM32H7xx_HAL_Driver/Src/stm32h7xx_hal_dma.c ****   }
 1454              		.loc 1 529 42 view .LVU420
 1455 00f8 9340     		lsls	r3, r3, r2
 529:Drivers/STM32H7xx_HAL_Driver/Src/stm32h7xx_hal_dma.c ****   }
 1456              		.loc 1 529 21 view .LVU421
 1457 00fa 4360     		str	r3, [r0, #4]
 1458 00fc 14E0     		b	.L139
 1459              	.LVL65:
 1460              	.L144:
 480:Drivers/STM32H7xx_HAL_Driver/Src/stm32h7xx_hal_dma.c **** 
 1461              		.loc 1 480 3 view .LVU422
 1462 00fe 2B68     		ldr	r3, [r5]
 1463 0100 23F00103 		bic	r3, r3, #1
ARM GAS  C:\Users\l1234\AppData\Local\Temp\ccQ59T7L.s 			page 69


 1464 0104 2B60     		str	r3, [r5]
 482:Drivers/STM32H7xx_HAL_Driver/Src/stm32h7xx_hal_dma.c ****   {
 1465              		.loc 1 482 3 is_stmt 1 view .LVU423
 1466              	.L121:
 485:Drivers/STM32H7xx_HAL_Driver/Src/stm32h7xx_hal_dma.c **** 
 1467              		.loc 1 485 5 view .LVU424
 485:Drivers/STM32H7xx_HAL_Driver/Src/stm32h7xx_hal_dma.c **** 
 1468              		.loc 1 485 52 is_stmt 0 view .LVU425
 1469 0106 0023     		movs	r3, #0
 500:Drivers/STM32H7xx_HAL_Driver/Src/stm32h7xx_hal_dma.c **** 
 1470              		.loc 1 500 52 view .LVU426
 1471 0108 2122     		movs	r2, #33
 503:Drivers/STM32H7xx_HAL_Driver/Src/stm32h7xx_hal_dma.c **** 
 1472              		.loc 1 503 38 view .LVU427
 1473 010a 2046     		mov	r0, r4
 1474              	.LVL66:
 485:Drivers/STM32H7xx_HAL_Driver/Src/stm32h7xx_hal_dma.c **** 
 1475              		.loc 1 485 52 view .LVU428
 1476 010c 2B60     		str	r3, [r5]
 488:Drivers/STM32H7xx_HAL_Driver/Src/stm32h7xx_hal_dma.c **** 
 1477              		.loc 1 488 5 is_stmt 1 view .LVU429
 488:Drivers/STM32H7xx_HAL_Driver/Src/stm32h7xx_hal_dma.c **** 
 1478              		.loc 1 488 52 is_stmt 0 view .LVU430
 1479 010e 6B60     		str	r3, [r5, #4]
 491:Drivers/STM32H7xx_HAL_Driver/Src/stm32h7xx_hal_dma.c **** 
 1480              		.loc 1 491 5 is_stmt 1 view .LVU431
 491:Drivers/STM32H7xx_HAL_Driver/Src/stm32h7xx_hal_dma.c **** 
 1481              		.loc 1 491 52 is_stmt 0 view .LVU432
 1482 0110 AB60     		str	r3, [r5, #8]
 494:Drivers/STM32H7xx_HAL_Driver/Src/stm32h7xx_hal_dma.c **** 
 1483              		.loc 1 494 5 is_stmt 1 view .LVU433
 494:Drivers/STM32H7xx_HAL_Driver/Src/stm32h7xx_hal_dma.c **** 
 1484              		.loc 1 494 52 is_stmt 0 view .LVU434
 1485 0112 EB60     		str	r3, [r5, #12]
 497:Drivers/STM32H7xx_HAL_Driver/Src/stm32h7xx_hal_dma.c **** 
 1486              		.loc 1 497 5 is_stmt 1 view .LVU435
 497:Drivers/STM32H7xx_HAL_Driver/Src/stm32h7xx_hal_dma.c **** 
 1487              		.loc 1 497 52 is_stmt 0 view .LVU436
 1488 0114 2B61     		str	r3, [r5, #16]
 500:Drivers/STM32H7xx_HAL_Driver/Src/stm32h7xx_hal_dma.c **** 
 1489              		.loc 1 500 5 is_stmt 1 view .LVU437
 500:Drivers/STM32H7xx_HAL_Driver/Src/stm32h7xx_hal_dma.c **** 
 1490              		.loc 1 500 52 is_stmt 0 view .LVU438
 1491 0116 6A61     		str	r2, [r5, #20]
 503:Drivers/STM32H7xx_HAL_Driver/Src/stm32h7xx_hal_dma.c **** 
 1492              		.loc 1 503 5 is_stmt 1 view .LVU439
 503:Drivers/STM32H7xx_HAL_Driver/Src/stm32h7xx_hal_dma.c **** 
 1493              		.loc 1 503 38 is_stmt 0 view .LVU440
 1494 0118 FFF7FEFF 		bl	DMA_CalcBaseAndBitshift
 1495              	.LVL67:
 506:Drivers/STM32H7xx_HAL_Driver/Src/stm32h7xx_hal_dma.c ****   }
 1496              		.loc 1 506 51 view .LVU441
 1497 011c E26D     		ldr	r2, [r4, #92]
 506:Drivers/STM32H7xx_HAL_Driver/Src/stm32h7xx_hal_dma.c ****   }
 1498              		.loc 1 506 29 view .LVU442
 1499 011e 3F23     		movs	r3, #63
 1500              	.LVL68:
ARM GAS  C:\Users\l1234\AppData\Local\Temp\ccQ59T7L.s 			page 70


 506:Drivers/STM32H7xx_HAL_Driver/Src/stm32h7xx_hal_dma.c ****   }
 1501              		.loc 1 506 5 is_stmt 1 view .LVU443
 506:Drivers/STM32H7xx_HAL_Driver/Src/stm32h7xx_hal_dma.c ****   }
 1502              		.loc 1 506 51 is_stmt 0 view .LVU444
 1503 0120 02F01F02 		and	r2, r2, #31
 506:Drivers/STM32H7xx_HAL_Driver/Src/stm32h7xx_hal_dma.c ****   }
 1504              		.loc 1 506 29 view .LVU445
 1505 0124 9340     		lsls	r3, r3, r2
 506:Drivers/STM32H7xx_HAL_Driver/Src/stm32h7xx_hal_dma.c ****   }
 1506              		.loc 1 506 20 view .LVU446
 1507 0126 8360     		str	r3, [r0, #8]
 1508              	.LVL69:
 1509              	.L139:
 543:Drivers/STM32H7xx_HAL_Driver/Src/stm32h7xx_hal_dma.c **** 
 1510              		.loc 1 543 5 is_stmt 1 view .LVU447
 1511 0128 2046     		mov	r0, r4
 1512 012a FFF7FEFF 		bl	DMA_CalcDMAMUXChannelBaseAndMask
 1513              	.LVL70:
 545:Drivers/STM32H7xx_HAL_Driver/Src/stm32h7xx_hal_dma.c ****     {
 1514              		.loc 1 545 5 view .LVU448
 545:Drivers/STM32H7xx_HAL_Driver/Src/stm32h7xx_hal_dma.c ****     {
 1515              		.loc 1 545 12 is_stmt 0 view .LVU449
 1516 012e 236E     		ldr	r3, [r4, #96]
 545:Drivers/STM32H7xx_HAL_Driver/Src/stm32h7xx_hal_dma.c ****     {
 1517              		.loc 1 545 7 view .LVU450
 1518 0130 23B1     		cbz	r3, .L140
 1519              	.LVL71:
 548:Drivers/STM32H7xx_HAL_Driver/Src/stm32h7xx_hal_dma.c **** 
 1520              		.loc 1 548 7 is_stmt 1 view .LVU451
 548:Drivers/STM32H7xx_HAL_Driver/Src/stm32h7xx_hal_dma.c **** 
 1521              		.loc 1 548 32 is_stmt 0 view .LVU452
 1522 0132 0021     		movs	r1, #0
 551:Drivers/STM32H7xx_HAL_Driver/Src/stm32h7xx_hal_dma.c ****     }
 1523              		.loc 1 551 11 view .LVU453
 1524 0134 626E     		ldr	r2, [r4, #100]
 548:Drivers/STM32H7xx_HAL_Driver/Src/stm32h7xx_hal_dma.c **** 
 1525              		.loc 1 548 32 view .LVU454
 1526 0136 1960     		str	r1, [r3]
 551:Drivers/STM32H7xx_HAL_Driver/Src/stm32h7xx_hal_dma.c ****     }
 1527              		.loc 1 551 7 is_stmt 1 view .LVU455
 551:Drivers/STM32H7xx_HAL_Driver/Src/stm32h7xx_hal_dma.c ****     }
 1528              		.loc 1 551 44 is_stmt 0 view .LVU456
 1529 0138 A36E     		ldr	r3, [r4, #104]
 551:Drivers/STM32H7xx_HAL_Driver/Src/stm32h7xx_hal_dma.c ****     }
 1530              		.loc 1 551 38 view .LVU457
 1531 013a 5360     		str	r3, [r2, #4]
 1532              	.L140:
 554:Drivers/STM32H7xx_HAL_Driver/Src/stm32h7xx_hal_dma.c ****     {
 1533              		.loc 1 554 5 is_stmt 1 view .LVU458
 554:Drivers/STM32H7xx_HAL_Driver/Src/stm32h7xx_hal_dma.c ****     {
 1534              		.loc 1 554 19 is_stmt 0 view .LVU459
 1535 013c 6168     		ldr	r1, [r4, #4]
 554:Drivers/STM32H7xx_HAL_Driver/Src/stm32h7xx_hal_dma.c ****     {
 1536              		.loc 1 554 55 view .LVU460
 1537 013e 4A1E     		subs	r2, r1, #1
 554:Drivers/STM32H7xx_HAL_Driver/Src/stm32h7xx_hal_dma.c ****     {
 1538              		.loc 1 554 7 view .LVU461
ARM GAS  C:\Users\l1234\AppData\Local\Temp\ccQ59T7L.s 			page 71


 1539 0140 072A     		cmp	r2, #7
 1540 0142 10D9     		bls	.L158
 1541              	.LVL72:
 1542              	.L141:
 567:Drivers/STM32H7xx_HAL_Driver/Src/stm32h7xx_hal_dma.c ****     hdma->DMAmuxRequestGenStatus = 0U;
 1543              		.loc 1 567 5 is_stmt 1 view .LVU462
 568:Drivers/STM32H7xx_HAL_Driver/Src/stm32h7xx_hal_dma.c ****     hdma->DMAmuxRequestGenStatusMask = 0U;
 1544              		.loc 1 568 5 view .LVU463
 567:Drivers/STM32H7xx_HAL_Driver/Src/stm32h7xx_hal_dma.c ****     hdma->DMAmuxRequestGenStatus = 0U;
 1545              		.loc 1 567 28 is_stmt 0 view .LVU464
 1546 0144 0023     		movs	r3, #0
 582:Drivers/STM32H7xx_HAL_Driver/Src/stm32h7xx_hal_dma.c **** 
 1547              		.loc 1 582 19 view .LVU465
 1548 0146 6365     		str	r3, [r4, #84]
 590:Drivers/STM32H7xx_HAL_Driver/Src/stm32h7xx_hal_dma.c **** }
 1549              		.loc 1 590 10 view .LVU466
 1550 0148 1846     		mov	r0, r3
 567:Drivers/STM32H7xx_HAL_Driver/Src/stm32h7xx_hal_dma.c ****     hdma->DMAmuxRequestGenStatus = 0U;
 1551              		.loc 1 567 28 view .LVU467
 1552 014a E366     		str	r3, [r4, #108]	@ unaligned
 1553 014c 2367     		str	r3, [r4, #112]	@ unaligned
 569:Drivers/STM32H7xx_HAL_Driver/Src/stm32h7xx_hal_dma.c ****   }
 1554              		.loc 1 569 5 is_stmt 1 view .LVU468
 569:Drivers/STM32H7xx_HAL_Driver/Src/stm32h7xx_hal_dma.c ****   }
 1555              		.loc 1 569 38 is_stmt 0 view .LVU469
 1556 014e 6367     		str	r3, [r4, #116]
 574:Drivers/STM32H7xx_HAL_Driver/Src/stm32h7xx_hal_dma.c ****   hdma->XferHalfCpltCallback   = NULL;
 1557              		.loc 1 574 3 is_stmt 1 view .LVU470
 578:Drivers/STM32H7xx_HAL_Driver/Src/stm32h7xx_hal_dma.c ****   hdma->XferAbortCallback      = NULL;
 1558              		.loc 1 578 32 is_stmt 0 view .LVU471
 1559 0150 E364     		str	r3, [r4, #76]	@ unaligned
 1560 0152 2365     		str	r3, [r4, #80]	@ unaligned
 585:Drivers/STM32H7xx_HAL_Driver/Src/stm32h7xx_hal_dma.c **** 
 1561              		.loc 1 585 15 view .LVU472
 1562 0154 84F83530 		strb	r3, [r4, #53]
 588:Drivers/STM32H7xx_HAL_Driver/Src/stm32h7xx_hal_dma.c **** 
 1563              		.loc 1 588 3 view .LVU473
 1564 0158 84F83430 		strb	r3, [r4, #52]
 575:Drivers/STM32H7xx_HAL_Driver/Src/stm32h7xx_hal_dma.c ****   hdma->XferM1CpltCallback     = NULL;
 1565              		.loc 1 575 32 view .LVU474
 1566 015c C4E90F33 		strd	r3, r3, [r4, #60]
 576:Drivers/STM32H7xx_HAL_Driver/Src/stm32h7xx_hal_dma.c ****   hdma->XferM1HalfCpltCallback = NULL;
 1567              		.loc 1 576 3 is_stmt 1 view .LVU475
 577:Drivers/STM32H7xx_HAL_Driver/Src/stm32h7xx_hal_dma.c ****   hdma->XferErrorCallback      = NULL;
 1568              		.loc 1 577 32 is_stmt 0 view .LVU476
 1569 0160 C4E91133 		strd	r3, r3, [r4, #68]
 578:Drivers/STM32H7xx_HAL_Driver/Src/stm32h7xx_hal_dma.c ****   hdma->XferAbortCallback      = NULL;
 1570              		.loc 1 578 3 is_stmt 1 view .LVU477
 579:Drivers/STM32H7xx_HAL_Driver/Src/stm32h7xx_hal_dma.c **** 
 1571              		.loc 1 579 3 view .LVU478
 582:Drivers/STM32H7xx_HAL_Driver/Src/stm32h7xx_hal_dma.c **** 
 1572              		.loc 1 582 3 view .LVU479
 585:Drivers/STM32H7xx_HAL_Driver/Src/stm32h7xx_hal_dma.c **** 
 1573              		.loc 1 585 3 view .LVU480
 588:Drivers/STM32H7xx_HAL_Driver/Src/stm32h7xx_hal_dma.c **** 
 1574              		.loc 1 588 3 view .LVU481
 588:Drivers/STM32H7xx_HAL_Driver/Src/stm32h7xx_hal_dma.c **** 
ARM GAS  C:\Users\l1234\AppData\Local\Temp\ccQ59T7L.s 			page 72


 1575              		.loc 1 588 3 view .LVU482
 588:Drivers/STM32H7xx_HAL_Driver/Src/stm32h7xx_hal_dma.c **** 
 1576              		.loc 1 588 3 view .LVU483
 590:Drivers/STM32H7xx_HAL_Driver/Src/stm32h7xx_hal_dma.c **** }
 1577              		.loc 1 590 3 view .LVU484
 591:Drivers/STM32H7xx_HAL_Driver/Src/stm32h7xx_hal_dma.c **** 
 1578              		.loc 1 591 1 is_stmt 0 view .LVU485
 1579 0164 38BD     		pop	{r3, r4, r5, pc}
 1580              	.LVL73:
 1581              	.L158:
 558:Drivers/STM32H7xx_HAL_Driver/Src/stm32h7xx_hal_dma.c **** 
 1582              		.loc 1 558 7 is_stmt 1 view .LVU486
 1583              	.LBB24:
 1584              	.LBI24:
2025:Drivers/STM32H7xx_HAL_Driver/Src/stm32h7xx_hal_dma.c **** {
 1585              		.loc 1 2025 13 view .LVU487
 1586              	.LBB25:
2027:Drivers/STM32H7xx_HAL_Driver/Src/stm32h7xx_hal_dma.c **** 
 1587              		.loc 1 2027 3 view .LVU488
2029:Drivers/STM32H7xx_HAL_Driver/Src/stm32h7xx_hal_dma.c ****   {
 1588              		.loc 1 2029 3 view .LVU489
2031:Drivers/STM32H7xx_HAL_Driver/Src/stm32h7xx_hal_dma.c ****     {
 1589              		.loc 1 2031 5 view .LVU490
2031:Drivers/STM32H7xx_HAL_Driver/Src/stm32h7xx_hal_dma.c ****     {
 1590              		.loc 1 2031 8 is_stmt 0 view .LVU491
 1591 0166 524B     		ldr	r3, .L160+24
 1592 0168 5248     		ldr	r0, .L160+28
 1593              	.LVL74:
2031:Drivers/STM32H7xx_HAL_Driver/Src/stm32h7xx_hal_dma.c ****     {
 1594              		.loc 1 2031 8 view .LVU492
 1595 016a 8542     		cmp	r5, r0
 1596 016c 18BF     		it	ne
 1597 016e 9D42     		cmpne	r5, r3
 1598 0170 00F11400 		add	r0, r0, #20
 1599 0174 0CBF     		ite	eq
 1600 0176 0123     		moveq	r3, #1
 1601 0178 0023     		movne	r3, #0
 1602 017a 8542     		cmp	r5, r0
 1603 017c 08BF     		it	eq
 1604 017e 43F00103 		orreq	r3, r3, #1
 1605 0182 1430     		adds	r0, r0, #20
 1606 0184 8542     		cmp	r5, r0
 1607 0186 08BF     		it	eq
 1608 0188 43F00103 		orreq	r3, r3, #1
 1609 018c 1430     		adds	r0, r0, #20
 1610 018e 8542     		cmp	r5, r0
 1611 0190 08BF     		it	eq
 1612 0192 43F00103 		orreq	r3, r3, #1
 1613 0196 1430     		adds	r0, r0, #20
 1614 0198 8542     		cmp	r5, r0
 1615 019a 08BF     		it	eq
 1616 019c 43F00103 		orreq	r3, r3, #1
 1617 01a0 1430     		adds	r0, r0, #20
 1618 01a2 8542     		cmp	r5, r0
 1619 01a4 08BF     		it	eq
 1620 01a6 43F00103 		orreq	r3, r3, #1
 1621 01aa 13B9     		cbnz	r3, .L142
ARM GAS  C:\Users\l1234\AppData\Local\Temp\ccQ59T7L.s 			page 73


 1622 01ac 444B     		ldr	r3, .L160+40
 1623 01ae 9D42     		cmp	r5, r3
 1624 01b0 43D1     		bne	.L159
 1625              	.L142:
2034:Drivers/STM32H7xx_HAL_Driver/Src/stm32h7xx_hal_dma.c **** 
 1626              		.loc 1 2034 7 is_stmt 1 view .LVU493
2034:Drivers/STM32H7xx_HAL_Driver/Src/stm32h7xx_hal_dma.c **** 
 1627              		.loc 1 2034 62 is_stmt 0 view .LVU494
 1628 01b2 444B     		ldr	r3, .L160+44
2036:Drivers/STM32H7xx_HAL_Driver/Src/stm32h7xx_hal_dma.c ****     }
 1629              		.loc 1 2036 36 view .LVU495
 1630 01b4 4448     		ldr	r0, .L160+48
2034:Drivers/STM32H7xx_HAL_Driver/Src/stm32h7xx_hal_dma.c **** 
 1631              		.loc 1 2034 62 view .LVU496
 1632 01b6 0B44     		add	r3, r3, r1
 1633 01b8 9900     		lsls	r1, r3, #2
 1634              	.LVL75:
2036:Drivers/STM32H7xx_HAL_Driver/Src/stm32h7xx_hal_dma.c ****     }
 1635              		.loc 1 2036 7 is_stmt 1 view .LVU497
 1636              	.L143:
 1637              		.loc 1 2046 5 view .LVU498
 1638              		.loc 1 2046 44 is_stmt 0 view .LVU499
 1639 01ba 0123     		movs	r3, #1
 1640 01bc 9340     		lsls	r3, r3, r2
 1641              	.LVL76:
 1642              		.loc 1 2046 44 view .LVU500
 1643              	.LBE25:
 1644              	.LBE24:
 561:Drivers/STM32H7xx_HAL_Driver/Src/stm32h7xx_hal_dma.c **** 
 1645              		.loc 1 561 7 is_stmt 1 view .LVU501
 561:Drivers/STM32H7xx_HAL_Driver/Src/stm32h7xx_hal_dma.c **** 
 1646              		.loc 1 561 36 is_stmt 0 view .LVU502
 1647 01be 0022     		movs	r2, #0
 1648 01c0 0A60     		str	r2, [r1]
 564:Drivers/STM32H7xx_HAL_Driver/Src/stm32h7xx_hal_dma.c ****     }
 1649              		.loc 1 564 7 is_stmt 1 view .LVU503
 564:Drivers/STM32H7xx_HAL_Driver/Src/stm32h7xx_hal_dma.c ****     }
 1650              		.loc 1 564 43 is_stmt 0 view .LVU504
 1651 01c2 4360     		str	r3, [r0, #4]
 1652 01c4 BEE7     		b	.L141
 1653              	.LVL77:
 1654              	.L124:
 480:Drivers/STM32H7xx_HAL_Driver/Src/stm32h7xx_hal_dma.c **** 
 1655              		.loc 1 480 3 view .LVU505
 1656 01c6 414A     		ldr	r2, .L160+52
 1657 01c8 136F     		ldr	r3, [r2, #112]
 1658 01ca 23F00103 		bic	r3, r3, #1
 1659 01ce 1367     		str	r3, [r2, #112]
 482:Drivers/STM32H7xx_HAL_Driver/Src/stm32h7xx_hal_dma.c ****   {
 1660              		.loc 1 482 3 is_stmt 1 view .LVU506
 1661 01d0 99E7     		b	.L121
 1662              	.L122:
 480:Drivers/STM32H7xx_HAL_Driver/Src/stm32h7xx_hal_dma.c **** 
 1663              		.loc 1 480 3 is_stmt 0 view .LVU507
 1664 01d2 3E4A     		ldr	r2, .L160+52
 1665 01d4 136C     		ldr	r3, [r2, #64]
 1666 01d6 23F00103 		bic	r3, r3, #1
ARM GAS  C:\Users\l1234\AppData\Local\Temp\ccQ59T7L.s 			page 74


 1667 01da 1364     		str	r3, [r2, #64]
 482:Drivers/STM32H7xx_HAL_Driver/Src/stm32h7xx_hal_dma.c ****   {
 1668              		.loc 1 482 3 is_stmt 1 view .LVU508
 1669 01dc 93E7     		b	.L121
 1670              	.L123:
 480:Drivers/STM32H7xx_HAL_Driver/Src/stm32h7xx_hal_dma.c **** 
 1671              		.loc 1 480 3 is_stmt 0 view .LVU509
 1672 01de 3B4A     		ldr	r2, .L160+52
 1673 01e0 936D     		ldr	r3, [r2, #88]
 1674 01e2 23F00103 		bic	r3, r3, #1
 1675 01e6 9365     		str	r3, [r2, #88]
 482:Drivers/STM32H7xx_HAL_Driver/Src/stm32h7xx_hal_dma.c ****   {
 1676              		.loc 1 482 3 is_stmt 1 view .LVU510
 1677 01e8 8DE7     		b	.L121
 1678              	.L128:
 480:Drivers/STM32H7xx_HAL_Driver/Src/stm32h7xx_hal_dma.c **** 
 1679              		.loc 1 480 3 is_stmt 0 view .LVU511
 1680 01ea 384A     		ldr	r2, .L160+52
 1681 01ec D2F8B830 		ldr	r3, [r2, #184]
 1682 01f0 23F00103 		bic	r3, r3, #1
 1683 01f4 C2F8B830 		str	r3, [r2, #184]
 482:Drivers/STM32H7xx_HAL_Driver/Src/stm32h7xx_hal_dma.c ****   {
 1684              		.loc 1 482 3 is_stmt 1 view .LVU512
 1685 01f8 85E7     		b	.L121
 1686              	.LVL78:
 1687              	.L157:
 476:Drivers/STM32H7xx_HAL_Driver/Src/stm32h7xx_hal_dma.c ****   }
 1688              		.loc 1 476 12 is_stmt 0 view .LVU513
 1689 01fa 0120     		movs	r0, #1
 591:Drivers/STM32H7xx_HAL_Driver/Src/stm32h7xx_hal_dma.c **** 
 1690              		.loc 1 591 1 view .LVU514
 1691 01fc 38BD     		pop	{r3, r4, r5, pc}
 1692              	.LVL79:
 1693              	.L152:
 480:Drivers/STM32H7xx_HAL_Driver/Src/stm32h7xx_hal_dma.c **** 
 1694              		.loc 1 480 3 view .LVU515
 1695 01fe 334A     		ldr	r2, .L160+52
 1696 0200 D2F88830 		ldr	r3, [r2, #136]
 1697 0204 23F00103 		bic	r3, r3, #1
 1698 0208 C2F88830 		str	r3, [r2, #136]
 482:Drivers/STM32H7xx_HAL_Driver/Src/stm32h7xx_hal_dma.c ****   {
 1699              		.loc 1 482 3 is_stmt 1 view .LVU516
 1700 020c 7BE7     		b	.L121
 1701              	.L151:
 1702              	.LCFI12:
 1703              		.cfi_def_cfa_offset 0
 1704              		.cfi_restore 3
 1705              		.cfi_restore 4
 1706              		.cfi_restore 5
 1707              		.cfi_restore 14
 476:Drivers/STM32H7xx_HAL_Driver/Src/stm32h7xx_hal_dma.c ****   }
 1708              		.loc 1 476 12 is_stmt 0 view .LVU517
 1709 020e 0120     		movs	r0, #1
 1710              	.LVL80:
 591:Drivers/STM32H7xx_HAL_Driver/Src/stm32h7xx_hal_dma.c **** 
 1711              		.loc 1 591 1 view .LVU518
 1712 0210 7047     		bx	lr
ARM GAS  C:\Users\l1234\AppData\Local\Temp\ccQ59T7L.s 			page 75


 1713              	.LVL81:
 1714              	.L127:
 1715              	.LCFI13:
 1716              		.cfi_def_cfa_offset 16
 1717              		.cfi_offset 3, -16
 1718              		.cfi_offset 4, -12
 1719              		.cfi_offset 5, -8
 1720              		.cfi_offset 14, -4
 480:Drivers/STM32H7xx_HAL_Driver/Src/stm32h7xx_hal_dma.c **** 
 1721              		.loc 1 480 3 view .LVU519
 1722 0212 2E4A     		ldr	r2, .L160+52
 1723 0214 D2F8A030 		ldr	r3, [r2, #160]
 1724 0218 23F00103 		bic	r3, r3, #1
 1725 021c C2F8A030 		str	r3, [r2, #160]
 482:Drivers/STM32H7xx_HAL_Driver/Src/stm32h7xx_hal_dma.c ****   {
 1726              		.loc 1 482 3 is_stmt 1 view .LVU520
 1727 0220 71E7     		b	.L121
 1728              	.L153:
 480:Drivers/STM32H7xx_HAL_Driver/Src/stm32h7xx_hal_dma.c **** 
 1729              		.loc 1 480 3 is_stmt 0 view .LVU521
 1730 0222 2B4A     		ldr	r2, .L160+56
 1731 0224 1369     		ldr	r3, [r2, #16]
 1732 0226 23F00103 		bic	r3, r3, #1
 1733 022a 1361     		str	r3, [r2, #16]
 482:Drivers/STM32H7xx_HAL_Driver/Src/stm32h7xx_hal_dma.c ****   {
 1734              		.loc 1 482 3 is_stmt 1 view .LVU522
 1735 022c 6BE7     		b	.L121
 1736              	.L130:
 480:Drivers/STM32H7xx_HAL_Driver/Src/stm32h7xx_hal_dma.c **** 
 1737              		.loc 1 480 3 is_stmt 0 view .LVU523
 1738 022e 284A     		ldr	r2, .L160+56
 1739 0230 936A     		ldr	r3, [r2, #40]
 1740 0232 23F00103 		bic	r3, r3, #1
 1741 0236 9362     		str	r3, [r2, #40]
 482:Drivers/STM32H7xx_HAL_Driver/Src/stm32h7xx_hal_dma.c ****   {
 1742              		.loc 1 482 3 is_stmt 1 view .LVU524
 1743 0238 65E7     		b	.L121
 1744              	.LVL82:
 1745              	.L159:
 1746              	.LBB27:
 1747              	.LBB26:
2041:Drivers/STM32H7xx_HAL_Driver/Src/stm32h7xx_hal_dma.c **** 
 1748              		.loc 1 2041 7 view .LVU525
2041:Drivers/STM32H7xx_HAL_Driver/Src/stm32h7xx_hal_dma.c **** 
 1749              		.loc 1 2041 62 is_stmt 0 view .LVU526
 1750 023a 264B     		ldr	r3, .L160+60
2043:Drivers/STM32H7xx_HAL_Driver/Src/stm32h7xx_hal_dma.c ****     }
 1751              		.loc 1 2043 36 view .LVU527
 1752 023c 2648     		ldr	r0, .L160+64
2041:Drivers/STM32H7xx_HAL_Driver/Src/stm32h7xx_hal_dma.c **** 
 1753              		.loc 1 2041 62 view .LVU528
 1754 023e 0B44     		add	r3, r3, r1
 1755 0240 9900     		lsls	r1, r3, #2
 1756              	.LVL83:
2043:Drivers/STM32H7xx_HAL_Driver/Src/stm32h7xx_hal_dma.c ****     }
 1757              		.loc 1 2043 7 is_stmt 1 view .LVU529
 1758 0242 BAE7     		b	.L143
ARM GAS  C:\Users\l1234\AppData\Local\Temp\ccQ59T7L.s 			page 76


 1759              	.LVL84:
 1760              	.L131:
2043:Drivers/STM32H7xx_HAL_Driver/Src/stm32h7xx_hal_dma.c ****     }
 1761              		.loc 1 2043 7 is_stmt 0 view .LVU530
 1762              	.LBE26:
 1763              	.LBE27:
 480:Drivers/STM32H7xx_HAL_Driver/Src/stm32h7xx_hal_dma.c **** 
 1764              		.loc 1 480 3 view .LVU531
 1765 0244 224A     		ldr	r2, .L160+56
 1766 0246 136C     		ldr	r3, [r2, #64]
 1767 0248 23F00103 		bic	r3, r3, #1
 1768 024c 1364     		str	r3, [r2, #64]
 482:Drivers/STM32H7xx_HAL_Driver/Src/stm32h7xx_hal_dma.c ****   {
 1769              		.loc 1 482 3 is_stmt 1 view .LVU532
 1770 024e 5AE7     		b	.L121
 1771              	.L154:
 480:Drivers/STM32H7xx_HAL_Driver/Src/stm32h7xx_hal_dma.c **** 
 1772              		.loc 1 480 3 is_stmt 0 view .LVU533
 1773 0250 1F4A     		ldr	r2, .L160+56
 1774 0252 936D     		ldr	r3, [r2, #88]
 1775 0254 23F00103 		bic	r3, r3, #1
 1776 0258 9365     		str	r3, [r2, #88]
 482:Drivers/STM32H7xx_HAL_Driver/Src/stm32h7xx_hal_dma.c ****   {
 1777              		.loc 1 482 3 is_stmt 1 view .LVU534
 1778 025a 54E7     		b	.L121
 1779              	.L133:
 480:Drivers/STM32H7xx_HAL_Driver/Src/stm32h7xx_hal_dma.c **** 
 1780              		.loc 1 480 3 is_stmt 0 view .LVU535
 1781 025c 1C4A     		ldr	r2, .L160+56
 1782 025e 136F     		ldr	r3, [r2, #112]
 1783 0260 23F00103 		bic	r3, r3, #1
 1784 0264 1367     		str	r3, [r2, #112]
 482:Drivers/STM32H7xx_HAL_Driver/Src/stm32h7xx_hal_dma.c ****   {
 1785              		.loc 1 482 3 is_stmt 1 view .LVU536
 1786 0266 4EE7     		b	.L121
 1787              	.L134:
 480:Drivers/STM32H7xx_HAL_Driver/Src/stm32h7xx_hal_dma.c **** 
 1788              		.loc 1 480 3 is_stmt 0 view .LVU537
 1789 0268 194A     		ldr	r2, .L160+56
 1790 026a D2F88830 		ldr	r3, [r2, #136]
 1791 026e 23F00103 		bic	r3, r3, #1
 1792 0272 C2F88830 		str	r3, [r2, #136]
 482:Drivers/STM32H7xx_HAL_Driver/Src/stm32h7xx_hal_dma.c ****   {
 1793              		.loc 1 482 3 is_stmt 1 view .LVU538
 1794 0276 46E7     		b	.L121
 1795              	.L155:
 480:Drivers/STM32H7xx_HAL_Driver/Src/stm32h7xx_hal_dma.c **** 
 1796              		.loc 1 480 3 is_stmt 0 view .LVU539
 1797 0278 154A     		ldr	r2, .L160+56
 1798 027a D2F8A030 		ldr	r3, [r2, #160]
 1799 027e 23F00103 		bic	r3, r3, #1
 1800 0282 C2F8A030 		str	r3, [r2, #160]
 482:Drivers/STM32H7xx_HAL_Driver/Src/stm32h7xx_hal_dma.c ****   {
 1801              		.loc 1 482 3 is_stmt 1 view .LVU540
 1802 0286 3EE7     		b	.L121
 1803              	.L156:
 480:Drivers/STM32H7xx_HAL_Driver/Src/stm32h7xx_hal_dma.c **** 
ARM GAS  C:\Users\l1234\AppData\Local\Temp\ccQ59T7L.s 			page 77


 1804              		.loc 1 480 3 is_stmt 0 view .LVU541
 1805 0288 114A     		ldr	r2, .L160+56
 1806 028a D2F8B830 		ldr	r3, [r2, #184]
 1807 028e 23F00103 		bic	r3, r3, #1
 1808 0292 C2F8B830 		str	r3, [r2, #184]
 482:Drivers/STM32H7xx_HAL_Driver/Src/stm32h7xx_hal_dma.c ****   {
 1809              		.loc 1 482 3 is_stmt 1 view .LVU542
 1810 0296 36E7     		b	.L121
 1811              	.L161:
 1812              		.align	2
 1813              	.L160:
 1814 0298 10000240 		.word	1073872912
 1815 029c 40000240 		.word	1073872960
 1816 02a0 A0000240 		.word	1073873056
 1817 02a4 28040240 		.word	1073873960
 1818 02a8 70040240 		.word	1073874032
 1819 02ac B8040240 		.word	1073874104
 1820 02b0 08540258 		.word	1476547592
 1821 02b4 1C540258 		.word	1476547612
 1822 02b8 30540258 		.word	1476547632
 1823 02bc 58540258 		.word	1476547672
 1824 02c0 94540258 		.word	1476547732
 1825 02c4 3F960016 		.word	369137215
 1826 02c8 40590258 		.word	1476548928
 1827 02cc 00000240 		.word	1073872896
 1828 02d0 00040240 		.word	1073873920
 1829 02d4 3F820010 		.word	268468799
 1830 02d8 40090240 		.word	1073875264
 1831              		.cfi_endproc
 1832              	.LFE145:
 1834              		.section	.text.HAL_DMA_Start,"ax",%progbits
 1835              		.align	1
 1836              		.p2align 2,,3
 1837              		.global	HAL_DMA_Start
 1838              		.syntax unified
 1839              		.thumb
 1840              		.thumb_func
 1842              	HAL_DMA_Start:
 1843              	.LVL85:
 1844              	.LFB146:
 626:Drivers/STM32H7xx_HAL_Driver/Src/stm32h7xx_hal_dma.c ****   HAL_StatusTypeDef status = HAL_OK;
 1845              		.loc 1 626 1 view -0
 1846              		.cfi_startproc
 1847              		@ args = 0, pretend = 0, frame = 0
 1848              		@ frame_needed = 0, uses_anonymous_args = 0
 627:Drivers/STM32H7xx_HAL_Driver/Src/stm32h7xx_hal_dma.c **** 
 1849              		.loc 1 627 3 view .LVU544
 630:Drivers/STM32H7xx_HAL_Driver/Src/stm32h7xx_hal_dma.c **** 
 1850              		.loc 1 630 3 view .LVU545
 633:Drivers/STM32H7xx_HAL_Driver/Src/stm32h7xx_hal_dma.c ****   {
 1851              		.loc 1 633 3 view .LVU546
 633:Drivers/STM32H7xx_HAL_Driver/Src/stm32h7xx_hal_dma.c ****   {
 1852              		.loc 1 633 5 is_stmt 0 view .LVU547
 1853 0000 0028     		cmp	r0, #0
 1854 0002 00F02881 		beq	.L231
 639:Drivers/STM32H7xx_HAL_Driver/Src/stm32h7xx_hal_dma.c **** 
 1855              		.loc 1 639 3 is_stmt 1 view .LVU548
ARM GAS  C:\Users\l1234\AppData\Local\Temp\ccQ59T7L.s 			page 78


 639:Drivers/STM32H7xx_HAL_Driver/Src/stm32h7xx_hal_dma.c **** 
 1856              		.loc 1 639 3 view .LVU549
 626:Drivers/STM32H7xx_HAL_Driver/Src/stm32h7xx_hal_dma.c ****   HAL_StatusTypeDef status = HAL_OK;
 1857              		.loc 1 626 1 is_stmt 0 view .LVU550
 1858 0006 2DE9F043 		push	{r4, r5, r6, r7, r8, r9, lr}
 1859              	.LCFI14:
 1860              		.cfi_def_cfa_offset 28
 1861              		.cfi_offset 4, -28
 1862              		.cfi_offset 5, -24
 1863              		.cfi_offset 6, -20
 1864              		.cfi_offset 7, -16
 1865              		.cfi_offset 8, -12
 1866              		.cfi_offset 9, -8
 1867              		.cfi_offset 14, -4
 639:Drivers/STM32H7xx_HAL_Driver/Src/stm32h7xx_hal_dma.c **** 
 1868              		.loc 1 639 3 view .LVU551
 1869 000a 90F83440 		ldrb	r4, [r0, #52]	@ zero_extendqisi2
 1870 000e 012C     		cmp	r4, #1
 1871 0010 00F01E81 		beq	.L220
 639:Drivers/STM32H7xx_HAL_Driver/Src/stm32h7xx_hal_dma.c **** 
 1872              		.loc 1 639 3 is_stmt 1 discriminator 2 view .LVU552
 1873 0014 0124     		movs	r4, #1
 1874 0016 80F83440 		strb	r4, [r0, #52]
 639:Drivers/STM32H7xx_HAL_Driver/Src/stm32h7xx_hal_dma.c **** 
 1875              		.loc 1 639 3 discriminator 2 view .LVU553
 641:Drivers/STM32H7xx_HAL_Driver/Src/stm32h7xx_hal_dma.c ****   {
 1876              		.loc 1 641 3 discriminator 2 view .LVU554
 641:Drivers/STM32H7xx_HAL_Driver/Src/stm32h7xx_hal_dma.c ****   {
 1877              		.loc 1 641 33 is_stmt 0 discriminator 2 view .LVU555
 1878 001a 90F83540 		ldrb	r4, [r0, #53]	@ zero_extendqisi2
 641:Drivers/STM32H7xx_HAL_Driver/Src/stm32h7xx_hal_dma.c ****   {
 1879              		.loc 1 641 5 discriminator 2 view .LVU556
 1880 001e 012C     		cmp	r4, #1
 1881 0020 08D0     		beq	.L249
 661:Drivers/STM32H7xx_HAL_Driver/Src/stm32h7xx_hal_dma.c **** 
 1882              		.loc 1 661 5 is_stmt 1 view .LVU557
 661:Drivers/STM32H7xx_HAL_Driver/Src/stm32h7xx_hal_dma.c **** 
 1883              		.loc 1 661 21 is_stmt 0 view .LVU558
 1884 0022 4FF40062 		mov	r2, #2048
 1885              	.LVL86:
 664:Drivers/STM32H7xx_HAL_Driver/Src/stm32h7xx_hal_dma.c **** 
 1886              		.loc 1 664 5 view .LVU559
 1887 0026 0023     		movs	r3, #0
 1888              	.LVL87:
 661:Drivers/STM32H7xx_HAL_Driver/Src/stm32h7xx_hal_dma.c **** 
 1889              		.loc 1 661 21 view .LVU560
 1890 0028 4265     		str	r2, [r0, #84]
 664:Drivers/STM32H7xx_HAL_Driver/Src/stm32h7xx_hal_dma.c **** 
 1891              		.loc 1 664 5 is_stmt 1 view .LVU561
 664:Drivers/STM32H7xx_HAL_Driver/Src/stm32h7xx_hal_dma.c **** 
 1892              		.loc 1 664 5 view .LVU562
 1893 002a 80F83430 		strb	r3, [r0, #52]
 664:Drivers/STM32H7xx_HAL_Driver/Src/stm32h7xx_hal_dma.c **** 
 1894              		.loc 1 664 5 view .LVU563
 667:Drivers/STM32H7xx_HAL_Driver/Src/stm32h7xx_hal_dma.c ****   }
 1895              		.loc 1 667 5 view .LVU564
 1896              	.LVL88:
ARM GAS  C:\Users\l1234\AppData\Local\Temp\ccQ59T7L.s 			page 79


 635:Drivers/STM32H7xx_HAL_Driver/Src/stm32h7xx_hal_dma.c ****   }
 1897              		.loc 1 635 12 is_stmt 0 view .LVU565
 1898 002e 0120     		movs	r0, #1
 1899              	.LVL89:
 670:Drivers/STM32H7xx_HAL_Driver/Src/stm32h7xx_hal_dma.c **** 
 1900              		.loc 1 670 1 view .LVU566
 1901 0030 BDE8F083 		pop	{r4, r5, r6, r7, r8, r9, pc}
 1902              	.LVL90:
 1903              	.L249:
 644:Drivers/STM32H7xx_HAL_Driver/Src/stm32h7xx_hal_dma.c **** 
 1904              		.loc 1 644 5 is_stmt 1 view .LVU567
 644:Drivers/STM32H7xx_HAL_Driver/Src/stm32h7xx_hal_dma.c **** 
 1905              		.loc 1 644 17 is_stmt 0 view .LVU568
 1906 0034 0224     		movs	r4, #2
 650:Drivers/STM32H7xx_HAL_Driver/Src/stm32h7xx_hal_dma.c **** 
 1907              		.loc 1 650 5 view .LVU569
 1908 0036 B24D     		ldr	r5, .L253
 1909 0038 B24F     		ldr	r7, .L253+4
 644:Drivers/STM32H7xx_HAL_Driver/Src/stm32h7xx_hal_dma.c **** 
 1910              		.loc 1 644 17 view .LVU570
 1911 003a 80F83540 		strb	r4, [r0, #53]
 647:Drivers/STM32H7xx_HAL_Driver/Src/stm32h7xx_hal_dma.c **** 
 1912              		.loc 1 647 5 is_stmt 1 view .LVU571
 647:Drivers/STM32H7xx_HAL_Driver/Src/stm32h7xx_hal_dma.c **** 
 1913              		.loc 1 647 21 is_stmt 0 view .LVU572
 1914 003e 0024     		movs	r4, #0
 1915              	.LBB30:
 1916              	.LBB31:
1776:Drivers/STM32H7xx_HAL_Driver/Src/stm32h7xx_hal_dma.c ****   BDMA_Base_Registers *regs_bdma = (BDMA_Base_Registers *)hdma->StreamBaseAddress;
 1917              		.loc 1 1776 24 view .LVU573
 1918 0040 866D     		ldr	r6, [r0, #88]
 1919              	.LBE31:
 1920              	.LBE30:
 647:Drivers/STM32H7xx_HAL_Driver/Src/stm32h7xx_hal_dma.c **** 
 1921              		.loc 1 647 21 view .LVU574
 1922 0042 4465     		str	r4, [r0, #84]
 650:Drivers/STM32H7xx_HAL_Driver/Src/stm32h7xx_hal_dma.c **** 
 1923              		.loc 1 650 5 is_stmt 1 view .LVU575
 1924 0044 0468     		ldr	r4, [r0]
 1925 0046 BC42     		cmp	r4, r7
 1926 0048 18BF     		it	ne
 1927 004a AC42     		cmpne	r4, r5
 1928 004c 0CBF     		ite	eq
 1929 004e 4FF00109 		moveq	r9, #1
 1930 0052 4FF00009 		movne	r9, #0
 1931 0056 2FD1     		bne	.L166
 1932 0058 2768     		ldr	r7, [r4]
 1933 005a 27F00107 		bic	r7, r7, #1
 1934 005e 2760     		str	r7, [r4]
 653:Drivers/STM32H7xx_HAL_Driver/Src/stm32h7xx_hal_dma.c **** 
 1935              		.loc 1 653 5 view .LVU576
 1936              	.LVL91:
 1937              	.LBB61:
 1938              	.LBI30:
1773:Drivers/STM32H7xx_HAL_Driver/Src/stm32h7xx_hal_dma.c **** {
 1939              		.loc 1 1773 13 view .LVU577
 1940              	.LBB32:
ARM GAS  C:\Users\l1234\AppData\Local\Temp\ccQ59T7L.s 			page 80


1776:Drivers/STM32H7xx_HAL_Driver/Src/stm32h7xx_hal_dma.c ****   BDMA_Base_Registers *regs_bdma = (BDMA_Base_Registers *)hdma->StreamBaseAddress;
 1941              		.loc 1 1776 3 view .LVU578
1777:Drivers/STM32H7xx_HAL_Driver/Src/stm32h7xx_hal_dma.c **** 
 1942              		.loc 1 1777 3 view .LVU579
1779:Drivers/STM32H7xx_HAL_Driver/Src/stm32h7xx_hal_dma.c ****   {
 1943              		.loc 1 1779 3 view .LVU580
1782:Drivers/STM32H7xx_HAL_Driver/Src/stm32h7xx_hal_dma.c **** 
 1944              		.loc 1 1782 5 view .LVU581
1782:Drivers/STM32H7xx_HAL_Driver/Src/stm32h7xx_hal_dma.c **** 
 1945              		.loc 1 1782 36 is_stmt 0 view .LVU582
 1946 0060 D0E91975 		ldrd	r7, r5, [r0, #100]
 1947 0064 7D60     		str	r5, [r7, #4]
1784:Drivers/STM32H7xx_HAL_Driver/Src/stm32h7xx_hal_dma.c ****     {
 1948              		.loc 1 1784 5 is_stmt 1 view .LVU583
1784:Drivers/STM32H7xx_HAL_Driver/Src/stm32h7xx_hal_dma.c ****     {
 1949              		.loc 1 1784 7 is_stmt 0 view .LVU584
 1950 0066 C76E     		ldr	r7, [r0, #108]
 1951 0068 17B1     		cbz	r7, .L168
1787:Drivers/STM32H7xx_HAL_Driver/Src/stm32h7xx_hal_dma.c ****     }
 1952              		.loc 1 1787 7 is_stmt 1 view .LVU585
1787:Drivers/STM32H7xx_HAL_Driver/Src/stm32h7xx_hal_dma.c ****     }
 1953              		.loc 1 1787 43 is_stmt 0 view .LVU586
 1954 006a D0E91C57 		ldrd	r5, r7, [r0, #112]
 1955 006e 6F60     		str	r7, [r5, #4]
1791:Drivers/STM32H7xx_HAL_Driver/Src/stm32h7xx_hal_dma.c ****   {
 1956              		.loc 1 1791 3 is_stmt 1 view .LVU587
 1957              	.LVL92:
 1958              	.L168:
1794:Drivers/STM32H7xx_HAL_Driver/Src/stm32h7xx_hal_dma.c **** 
 1959              		.loc 1 1794 5 view .LVU588
1794:Drivers/STM32H7xx_HAL_Driver/Src/stm32h7xx_hal_dma.c **** 
 1960              		.loc 1 1794 51 is_stmt 0 view .LVU589
 1961 0070 C76D     		ldr	r7, [r0, #92]
1803:Drivers/STM32H7xx_HAL_Driver/Src/stm32h7xx_hal_dma.c ****     {
 1962              		.loc 1 1803 7 view .LVU590
 1963 0072 D0F808E0 		ldr	lr, [r0, #8]
1794:Drivers/STM32H7xx_HAL_Driver/Src/stm32h7xx_hal_dma.c **** 
 1964              		.loc 1 1794 29 view .LVU591
 1965 0076 3F20     		movs	r0, #63
 1966              	.LVL93:
1794:Drivers/STM32H7xx_HAL_Driver/Src/stm32h7xx_hal_dma.c **** 
 1967              		.loc 1 1794 51 view .LVU592
 1968 0078 07F01F0C 		and	ip, r7, #31
1803:Drivers/STM32H7xx_HAL_Driver/Src/stm32h7xx_hal_dma.c ****     {
 1969              		.loc 1 1803 7 view .LVU593
 1970 007c BEF1400F 		cmp	lr, #64
1794:Drivers/STM32H7xx_HAL_Driver/Src/stm32h7xx_hal_dma.c **** 
 1971              		.loc 1 1794 29 view .LVU594
 1972 0080 00FA0CF0 		lsl	r0, r0, ip
1794:Drivers/STM32H7xx_HAL_Driver/Src/stm32h7xx_hal_dma.c **** 
 1973              		.loc 1 1794 20 view .LVU595
 1974 0084 B060     		str	r0, [r6, #8]
1797:Drivers/STM32H7xx_HAL_Driver/Src/stm32h7xx_hal_dma.c **** 
 1975              		.loc 1 1797 5 is_stmt 1 view .LVU596
1797:Drivers/STM32H7xx_HAL_Driver/Src/stm32h7xx_hal_dma.c **** 
 1976              		.loc 1 1797 43 is_stmt 0 view .LVU597
 1977 0086 2068     		ldr	r0, [r4]
ARM GAS  C:\Users\l1234\AppData\Local\Temp\ccQ59T7L.s 			page 81


1797:Drivers/STM32H7xx_HAL_Driver/Src/stm32h7xx_hal_dma.c **** 
 1978              		.loc 1 1797 48 view .LVU598
 1979 0088 20F48020 		bic	r0, r0, #262144
 1980 008c 2060     		str	r0, [r4]
1800:Drivers/STM32H7xx_HAL_Driver/Src/stm32h7xx_hal_dma.c **** 
 1981              		.loc 1 1800 5 is_stmt 1 view .LVU599
1800:Drivers/STM32H7xx_HAL_Driver/Src/stm32h7xx_hal_dma.c **** 
 1982              		.loc 1 1800 50 is_stmt 0 view .LVU600
 1983 008e 6360     		str	r3, [r4, #4]
1803:Drivers/STM32H7xx_HAL_Driver/Src/stm32h7xx_hal_dma.c ****     {
 1984              		.loc 1 1803 5 is_stmt 1 view .LVU601
1803:Drivers/STM32H7xx_HAL_Driver/Src/stm32h7xx_hal_dma.c ****     {
 1985              		.loc 1 1803 7 is_stmt 0 view .LVU602
 1986 0090 00F0E380 		beq	.L250
1815:Drivers/STM32H7xx_HAL_Driver/Src/stm32h7xx_hal_dma.c **** 
 1987              		.loc 1 1815 7 is_stmt 1 view .LVU603
1815:Drivers/STM32H7xx_HAL_Driver/Src/stm32h7xx_hal_dma.c **** 
 1988              		.loc 1 1815 51 is_stmt 0 view .LVU604
 1989 0094 A160     		str	r1, [r4, #8]
1818:Drivers/STM32H7xx_HAL_Driver/Src/stm32h7xx_hal_dma.c ****     }
 1990              		.loc 1 1818 7 is_stmt 1 view .LVU605
1818:Drivers/STM32H7xx_HAL_Driver/Src/stm32h7xx_hal_dma.c ****     }
 1991              		.loc 1 1818 52 is_stmt 0 view .LVU606
 1992 0096 E260     		str	r2, [r4, #12]
 1993              	.L211:
1851:Drivers/STM32H7xx_HAL_Driver/Src/stm32h7xx_hal_dma.c **** }
 1994              		.loc 1 1851 3 is_stmt 1 view .LVU607
 1995              	.LVL94:
1851:Drivers/STM32H7xx_HAL_Driver/Src/stm32h7xx_hal_dma.c **** }
 1996              		.loc 1 1851 3 is_stmt 0 view .LVU608
 1997              	.LBE32:
 1998              	.LBE61:
 656:Drivers/STM32H7xx_HAL_Driver/Src/stm32h7xx_hal_dma.c ****   }
 1999              		.loc 1 656 5 is_stmt 1 view .LVU609
 2000 0098 B9F1000F 		cmp	r9, #0
 2001 009c 05D1     		bne	.L214
 656:Drivers/STM32H7xx_HAL_Driver/Src/stm32h7xx_hal_dma.c ****   }
 2002              		.loc 1 656 5 is_stmt 0 discriminator 2 view .LVU610
 2003 009e 9A4A     		ldr	r2, .L253+8
 2004              	.LVL95:
 656:Drivers/STM32H7xx_HAL_Driver/Src/stm32h7xx_hal_dma.c ****   }
 2005              		.loc 1 656 5 discriminator 2 view .LVU611
 2006 00a0 9A4B     		ldr	r3, .L253+12
 2007              	.LVL96:
 656:Drivers/STM32H7xx_HAL_Driver/Src/stm32h7xx_hal_dma.c ****   }
 2008              		.loc 1 656 5 discriminator 2 view .LVU612
 2009 00a2 9C42     		cmp	r4, r3
 2010 00a4 18BF     		it	ne
 2011 00a6 9442     		cmpne	r4, r2
 2012 00a8 FFD0     		beq	.L214
 2013              	.L214:
 656:Drivers/STM32H7xx_HAL_Driver/Src/stm32h7xx_hal_dma.c ****   }
 2014              		.loc 1 656 5 view .LVU613
 2015 00aa 2368     		ldr	r3, [r4]
 627:Drivers/STM32H7xx_HAL_Driver/Src/stm32h7xx_hal_dma.c **** 
 2016              		.loc 1 627 21 view .LVU614
 2017 00ac 0020     		movs	r0, #0
ARM GAS  C:\Users\l1234\AppData\Local\Temp\ccQ59T7L.s 			page 82


 656:Drivers/STM32H7xx_HAL_Driver/Src/stm32h7xx_hal_dma.c ****   }
 2018              		.loc 1 656 5 view .LVU615
 2019 00ae 43F00103 		orr	r3, r3, #1
 2020 00b2 2360     		str	r3, [r4]
 670:Drivers/STM32H7xx_HAL_Driver/Src/stm32h7xx_hal_dma.c **** 
 2021              		.loc 1 670 1 view .LVU616
 2022 00b4 BDE8F083 		pop	{r4, r5, r6, r7, r8, r9, pc}
 2023              	.LVL97:
 2024              	.L166:
 650:Drivers/STM32H7xx_HAL_Driver/Src/stm32h7xx_hal_dma.c **** 
 2025              		.loc 1 650 5 discriminator 2 view .LVU617
 2026 00b8 944F     		ldr	r7, .L253+12
 2027 00ba BC42     		cmp	r4, r7
 2028 00bc 00F0E480 		beq	.L169
 650:Drivers/STM32H7xx_HAL_Driver/Src/stm32h7xx_hal_dma.c **** 
 2029              		.loc 1 650 5 discriminator 4 view .LVU618
 2030 00c0 1837     		adds	r7, r7, #24
 2031 00c2 BC42     		cmp	r4, r7
 2032 00c4 00F0F480 		beq	.L170
 650:Drivers/STM32H7xx_HAL_Driver/Src/stm32h7xx_hal_dma.c **** 
 2033              		.loc 1 650 5 discriminator 6 view .LVU619
 2034 00c8 1837     		adds	r7, r7, #24
 2035 00ca BC42     		cmp	r4, r7
 2036 00cc 00F0C880 		beq	.L171
 650:Drivers/STM32H7xx_HAL_Driver/Src/stm32h7xx_hal_dma.c **** 
 2037              		.loc 1 650 5 discriminator 8 view .LVU620
 2038 00d0 1837     		adds	r7, r7, #24
 2039 00d2 BC42     		cmp	r4, r7
 2040 00d4 00F00081 		beq	.L172
 650:Drivers/STM32H7xx_HAL_Driver/Src/stm32h7xx_hal_dma.c **** 
 2041              		.loc 1 650 5 discriminator 10 view .LVU621
 2042 00d8 1837     		adds	r7, r7, #24
 2043 00da BC42     		cmp	r4, r7
 2044 00dc 00F02881 		beq	.L173
 650:Drivers/STM32H7xx_HAL_Driver/Src/stm32h7xx_hal_dma.c **** 
 2045              		.loc 1 650 5 discriminator 12 view .LVU622
 2046 00e0 1837     		adds	r7, r7, #24
 2047 00e2 BC42     		cmp	r4, r7
 2048 00e4 00F03881 		beq	.L174
 650:Drivers/STM32H7xx_HAL_Driver/Src/stm32h7xx_hal_dma.c **** 
 2049              		.loc 1 650 5 discriminator 14 view .LVU623
 2050 00e8 07F55677 		add	r7, r7, #856
 2051 00ec BC42     		cmp	r4, r7
 2052 00ee 00F04781 		beq	.L175
 650:Drivers/STM32H7xx_HAL_Driver/Src/stm32h7xx_hal_dma.c **** 
 2053              		.loc 1 650 5 discriminator 16 view .LVU624
 2054 00f2 1837     		adds	r7, r7, #24
 2055 00f4 BC42     		cmp	r4, r7
 2056 00f6 00F08881 		beq	.L176
 650:Drivers/STM32H7xx_HAL_Driver/Src/stm32h7xx_hal_dma.c **** 
 2057              		.loc 1 650 5 discriminator 18 view .LVU625
 2058 00fa 1837     		adds	r7, r7, #24
 2059 00fc BC42     		cmp	r4, r7
 2060 00fe 00F08D81 		beq	.L177
 650:Drivers/STM32H7xx_HAL_Driver/Src/stm32h7xx_hal_dma.c **** 
 2061              		.loc 1 650 5 discriminator 20 view .LVU626
 2062 0102 1837     		adds	r7, r7, #24
ARM GAS  C:\Users\l1234\AppData\Local\Temp\ccQ59T7L.s 			page 83


 2063 0104 BC42     		cmp	r4, r7
 2064 0106 00F09281 		beq	.L178
 650:Drivers/STM32H7xx_HAL_Driver/Src/stm32h7xx_hal_dma.c **** 
 2065              		.loc 1 650 5 discriminator 22 view .LVU627
 2066 010a 1837     		adds	r7, r7, #24
 2067 010c BC42     		cmp	r4, r7
 2068 010e 00F09781 		beq	.L179
 650:Drivers/STM32H7xx_HAL_Driver/Src/stm32h7xx_hal_dma.c **** 
 2069              		.loc 1 650 5 discriminator 24 view .LVU628
 2070 0112 1837     		adds	r7, r7, #24
 2071 0114 BC42     		cmp	r4, r7
 2072 0116 00F09C81 		beq	.L180
 650:Drivers/STM32H7xx_HAL_Driver/Src/stm32h7xx_hal_dma.c **** 
 2073              		.loc 1 650 5 discriminator 26 view .LVU629
 2074 011a 1837     		adds	r7, r7, #24
 2075 011c BC42     		cmp	r4, r7
 2076 011e 00F0A181 		beq	.L181
 650:Drivers/STM32H7xx_HAL_Driver/Src/stm32h7xx_hal_dma.c **** 
 2077              		.loc 1 650 5 discriminator 28 view .LVU630
 2078 0122 1837     		adds	r7, r7, #24
 2079 0124 BC42     		cmp	r4, r7
 2080 0126 00F0A681 		beq	.L251
 650:Drivers/STM32H7xx_HAL_Driver/Src/stm32h7xx_hal_dma.c **** 
 2081              		.loc 1 650 5 view .LVU631
 2082 012a 2768     		ldr	r7, [r4]
 2083 012c 27F00107 		bic	r7, r7, #1
 2084 0130 2760     		str	r7, [r4]
 653:Drivers/STM32H7xx_HAL_Driver/Src/stm32h7xx_hal_dma.c **** 
 2085              		.loc 1 653 5 is_stmt 1 view .LVU632
 2086              	.LVL98:
 2087              	.LBB62:
1773:Drivers/STM32H7xx_HAL_Driver/Src/stm32h7xx_hal_dma.c **** {
 2088              		.loc 1 1773 13 view .LVU633
 2089              	.LBB33:
1776:Drivers/STM32H7xx_HAL_Driver/Src/stm32h7xx_hal_dma.c ****   BDMA_Base_Registers *regs_bdma = (BDMA_Base_Registers *)hdma->StreamBaseAddress;
 2090              		.loc 1 1776 3 view .LVU634
1777:Drivers/STM32H7xx_HAL_Driver/Src/stm32h7xx_hal_dma.c **** 
 2091              		.loc 1 1777 3 view .LVU635
1779:Drivers/STM32H7xx_HAL_Driver/Src/stm32h7xx_hal_dma.c ****   {
 2092              		.loc 1 1779 3 view .LVU636
 2093              	.L184:
1779:Drivers/STM32H7xx_HAL_Driver/Src/stm32h7xx_hal_dma.c ****   {
 2094              		.loc 1 1779 6 is_stmt 0 view .LVU637
 2095 0132 774F     		ldr	r7, .L253+16
 2096 0134 BC42     		cmp	r4, r7
 2097 0136 40F03781 		bne	.L189
 2098              	.L192:
1782:Drivers/STM32H7xx_HAL_Driver/Src/stm32h7xx_hal_dma.c **** 
 2099              		.loc 1 1782 5 is_stmt 1 view .LVU638
1782:Drivers/STM32H7xx_HAL_Driver/Src/stm32h7xx_hal_dma.c **** 
 2100              		.loc 1 1782 36 is_stmt 0 view .LVU639
 2101 013a D0E91957 		ldrd	r5, r7, [r0, #100]
 2102 013e 6F60     		str	r7, [r5, #4]
1784:Drivers/STM32H7xx_HAL_Driver/Src/stm32h7xx_hal_dma.c ****     {
 2103              		.loc 1 1784 5 is_stmt 1 view .LVU640
1784:Drivers/STM32H7xx_HAL_Driver/Src/stm32h7xx_hal_dma.c ****     {
 2104              		.loc 1 1784 7 is_stmt 0 view .LVU641
ARM GAS  C:\Users\l1234\AppData\Local\Temp\ccQ59T7L.s 			page 84


 2105 0140 C76E     		ldr	r7, [r0, #108]
 2106 0142 002F     		cmp	r7, #0
 2107 0144 94D0     		beq	.L168
 2108              	.L187:
1787:Drivers/STM32H7xx_HAL_Driver/Src/stm32h7xx_hal_dma.c ****     }
 2109              		.loc 1 1787 7 is_stmt 1 view .LVU642
1791:Drivers/STM32H7xx_HAL_Driver/Src/stm32h7xx_hal_dma.c ****   {
 2110              		.loc 1 1791 6 is_stmt 0 view .LVU643
 2111 0146 DFF8C4C1 		ldr	ip, .L253+12
1787:Drivers/STM32H7xx_HAL_Driver/Src/stm32h7xx_hal_dma.c ****     }
 2112              		.loc 1 1787 43 view .LVU644
 2113 014a D0E91C57 		ldrd	r5, r7, [r0, #112]
 2114 014e 6F60     		str	r7, [r5, #4]
1791:Drivers/STM32H7xx_HAL_Driver/Src/stm32h7xx_hal_dma.c ****   {
 2115              		.loc 1 1791 3 is_stmt 1 view .LVU645
1791:Drivers/STM32H7xx_HAL_Driver/Src/stm32h7xx_hal_dma.c ****   {
 2116              		.loc 1 1791 6 is_stmt 0 view .LVU646
 2117 0150 6D4F     		ldr	r7, .L253+8
 2118 0152 BC42     		cmp	r4, r7
 2119 0154 18BF     		it	ne
 2120 0156 6445     		cmpne	r4, ip
 2121 0158 8AD0     		beq	.L168
 2122 015a 1837     		adds	r7, r7, #24
 2123 015c BC42     		cmp	r4, r7
 2124 015e 87D0     		beq	.L168
 2125              	.L219:
1791:Drivers/STM32H7xx_HAL_Driver/Src/stm32h7xx_hal_dma.c ****   {
 2126              		.loc 1 1791 6 view .LVU647
 2127 0160 6C4F     		ldr	r7, .L253+20
 2128 0162 DFF8C4C1 		ldr	ip, .L253+40
 2129 0166 6445     		cmp	r4, ip
 2130 0168 18BF     		it	ne
 2131 016a BC42     		cmpne	r4, r7
 2132 016c 0CF1180C 		add	ip, ip, #24
 2133 0170 0CBF     		ite	eq
 2134 0172 0127     		moveq	r7, #1
 2135 0174 0027     		movne	r7, #0
 2136 0176 6445     		cmp	r4, ip
 2137 0178 08BF     		it	eq
 2138 017a 47F00107 		orreq	r7, r7, #1
 2139 017e 0CF5567C 		add	ip, ip, #856
 2140 0182 6445     		cmp	r4, ip
 2141 0184 08BF     		it	eq
 2142 0186 47F00107 		orreq	r7, r7, #1
 2143 018a 0CF1180C 		add	ip, ip, #24
 2144 018e 6445     		cmp	r4, ip
 2145 0190 08BF     		it	eq
 2146 0192 47F00107 		orreq	r7, r7, #1
 2147 0196 0CF1180C 		add	ip, ip, #24
 2148 019a 6445     		cmp	r4, ip
 2149 019c 08BF     		it	eq
 2150 019e 47F00107 		orreq	r7, r7, #1
 2151 01a2 0CF1180C 		add	ip, ip, #24
 2152 01a6 6445     		cmp	r4, ip
 2153 01a8 08BF     		it	eq
 2154 01aa 47F00107 		orreq	r7, r7, #1
 2155 01ae 0CF1180C 		add	ip, ip, #24
ARM GAS  C:\Users\l1234\AppData\Local\Temp\ccQ59T7L.s 			page 85


 2156 01b2 6445     		cmp	r4, ip
 2157 01b4 08BF     		it	eq
 2158 01b6 47F00107 		orreq	r7, r7, #1
 2159 01ba 0CF1180C 		add	ip, ip, #24
 2160 01be 6445     		cmp	r4, ip
 2161 01c0 08BF     		it	eq
 2162 01c2 47F00107 		orreq	r7, r7, #1
 2163 01c6 0CF1180C 		add	ip, ip, #24
 2164 01ca 6445     		cmp	r4, ip
 2165 01cc 08BF     		it	eq
 2166 01ce 47F00107 		orreq	r7, r7, #1
 2167 01d2 002F     		cmp	r7, #0
 2168 01d4 7FF44CAF 		bne	.L168
 2169 01d8 4F4F     		ldr	r7, .L253+24
 2170 01da BC42     		cmp	r4, r7
 2171 01dc 3FF448AF 		beq	.L168
 2172              	.L216:
1821:Drivers/STM32H7xx_HAL_Driver/Src/stm32h7xx_hal_dma.c ****   {
 2173              		.loc 1 1821 8 is_stmt 1 view .LVU648
1821:Drivers/STM32H7xx_HAL_Driver/Src/stm32h7xx_hal_dma.c ****   {
 2174              		.loc 1 1821 11 is_stmt 0 view .LVU649
 2175 01e0 4E4D     		ldr	r5, .L253+28
 2176 01e2 4F4F     		ldr	r7, .L253+32
 2177 01e4 BC42     		cmp	r4, r7
 2178 01e6 18BF     		it	ne
 2179 01e8 AC42     		cmpne	r4, r5
 2180 01ea 07F11407 		add	r7, r7, #20
 2181 01ee 0CBF     		ite	eq
 2182 01f0 0125     		moveq	r5, #1
 2183 01f2 0025     		movne	r5, #0
 2184 01f4 BC42     		cmp	r4, r7
 2185 01f6 08BF     		it	eq
 2186 01f8 45F00105 		orreq	r5, r5, #1
 2187 01fc 1437     		adds	r7, r7, #20
 2188 01fe BC42     		cmp	r4, r7
 2189 0200 08BF     		it	eq
 2190 0202 45F00105 		orreq	r5, r5, #1
 2191 0206 1437     		adds	r7, r7, #20
 2192 0208 BC42     		cmp	r4, r7
 2193 020a 08BF     		it	eq
 2194 020c 45F00105 		orreq	r5, r5, #1
 2195 0210 1437     		adds	r7, r7, #20
 2196 0212 BC42     		cmp	r4, r7
 2197 0214 08BF     		it	eq
 2198 0216 45F00105 		orreq	r5, r5, #1
 2199 021a 1437     		adds	r7, r7, #20
 2200 021c BC42     		cmp	r4, r7
 2201 021e 08BF     		it	eq
 2202 0220 45F00105 		orreq	r5, r5, #1
 2203 0224 1DB9     		cbnz	r5, .L207
 2204 0226 3F4D     		ldr	r5, .L253+36
 2205 0228 AC42     		cmp	r4, r5
 2206 022a 7FF43EAF 		bne	.L214
 2207              	.L207:
1824:Drivers/STM32H7xx_HAL_Driver/Src/stm32h7xx_hal_dma.c **** 
 2208              		.loc 1 1824 5 is_stmt 1 view .LVU650
1824:Drivers/STM32H7xx_HAL_Driver/Src/stm32h7xx_hal_dma.c **** 
ARM GAS  C:\Users\l1234\AppData\Local\Temp\ccQ59T7L.s 			page 86


 2209              		.loc 1 1824 61 is_stmt 0 view .LVU651
 2210 022e C56D     		ldr	r5, [r0, #92]
1830:Drivers/STM32H7xx_HAL_Driver/Src/stm32h7xx_hal_dma.c ****     {
 2211              		.loc 1 1830 7 view .LVU652
 2212 0230 D0F808C0 		ldr	ip, [r0, #8]
1824:Drivers/STM32H7xx_HAL_Driver/Src/stm32h7xx_hal_dma.c **** 
 2213              		.loc 1 1824 39 view .LVU653
 2214 0234 0120     		movs	r0, #1
 2215              	.LVL99:
1824:Drivers/STM32H7xx_HAL_Driver/Src/stm32h7xx_hal_dma.c **** 
 2216              		.loc 1 1824 61 view .LVU654
 2217 0236 05F01F05 		and	r5, r5, #31
1830:Drivers/STM32H7xx_HAL_Driver/Src/stm32h7xx_hal_dma.c ****     {
 2218              		.loc 1 1830 7 view .LVU655
 2219 023a BCF1400F 		cmp	ip, #64
1824:Drivers/STM32H7xx_HAL_Driver/Src/stm32h7xx_hal_dma.c **** 
 2220              		.loc 1 1824 39 view .LVU656
 2221 023e 00FA05F0 		lsl	r0, r0, r5
1824:Drivers/STM32H7xx_HAL_Driver/Src/stm32h7xx_hal_dma.c **** 
 2222              		.loc 1 1824 21 view .LVU657
 2223 0242 7060     		str	r0, [r6, #4]
1827:Drivers/STM32H7xx_HAL_Driver/Src/stm32h7xx_hal_dma.c **** 
 2224              		.loc 1 1827 5 is_stmt 1 view .LVU658
1827:Drivers/STM32H7xx_HAL_Driver/Src/stm32h7xx_hal_dma.c **** 
 2225              		.loc 1 1827 53 is_stmt 0 view .LVU659
 2226 0244 6360     		str	r3, [r4, #4]
1830:Drivers/STM32H7xx_HAL_Driver/Src/stm32h7xx_hal_dma.c ****     {
 2227              		.loc 1 1830 5 is_stmt 1 view .LVU660
1830:Drivers/STM32H7xx_HAL_Driver/Src/stm32h7xx_hal_dma.c ****     {
 2228              		.loc 1 1830 7 is_stmt 0 view .LVU661
 2229 0246 00F01F81 		beq	.L252
1842:Drivers/STM32H7xx_HAL_Driver/Src/stm32h7xx_hal_dma.c **** 
 2230              		.loc 1 1842 7 is_stmt 1 view .LVU662
1842:Drivers/STM32H7xx_HAL_Driver/Src/stm32h7xx_hal_dma.c **** 
 2231              		.loc 1 1842 54 is_stmt 0 view .LVU663
 2232 024a A160     		str	r1, [r4, #8]
1845:Drivers/STM32H7xx_HAL_Driver/Src/stm32h7xx_hal_dma.c ****     }
 2233              		.loc 1 1845 7 is_stmt 1 view .LVU664
1845:Drivers/STM32H7xx_HAL_Driver/Src/stm32h7xx_hal_dma.c ****     }
 2234              		.loc 1 1845 55 is_stmt 0 view .LVU665
 2235 024c E260     		str	r2, [r4, #12]
1851:Drivers/STM32H7xx_HAL_Driver/Src/stm32h7xx_hal_dma.c **** }
 2236              		.loc 1 1851 3 is_stmt 1 view .LVU666
 2237              	.LVL100:
1851:Drivers/STM32H7xx_HAL_Driver/Src/stm32h7xx_hal_dma.c **** }
 2238              		.loc 1 1851 3 is_stmt 0 view .LVU667
 2239              	.LBE33:
 2240              	.LBE62:
 656:Drivers/STM32H7xx_HAL_Driver/Src/stm32h7xx_hal_dma.c ****   }
 2241              		.loc 1 656 5 is_stmt 1 view .LVU668
 2242 024e 2CE7     		b	.L214
 2243              	.LVL101:
 2244              	.L220:
 639:Drivers/STM32H7xx_HAL_Driver/Src/stm32h7xx_hal_dma.c **** 
 2245              		.loc 1 639 3 is_stmt 0 view .LVU669
 2246 0250 0220     		movs	r0, #2
 2247              	.LVL102:
ARM GAS  C:\Users\l1234\AppData\Local\Temp\ccQ59T7L.s 			page 87


 670:Drivers/STM32H7xx_HAL_Driver/Src/stm32h7xx_hal_dma.c **** 
 2248              		.loc 1 670 1 view .LVU670
 2249 0252 BDE8F083 		pop	{r4, r5, r6, r7, r8, r9, pc}
 2250              	.LVL103:
 2251              	.L231:
 2252              	.LCFI15:
 2253              		.cfi_def_cfa_offset 0
 2254              		.cfi_restore 4
 2255              		.cfi_restore 5
 2256              		.cfi_restore 6
 2257              		.cfi_restore 7
 2258              		.cfi_restore 8
 2259              		.cfi_restore 9
 2260              		.cfi_restore 14
 635:Drivers/STM32H7xx_HAL_Driver/Src/stm32h7xx_hal_dma.c ****   }
 2261              		.loc 1 635 12 view .LVU671
 2262 0256 0120     		movs	r0, #1
 2263              	.LVL104:
 670:Drivers/STM32H7xx_HAL_Driver/Src/stm32h7xx_hal_dma.c **** 
 2264              		.loc 1 670 1 view .LVU672
 2265 0258 7047     		bx	lr
 2266              	.LVL105:
 2267              	.L250:
 2268              	.LCFI16:
 2269              		.cfi_def_cfa_offset 28
 2270              		.cfi_offset 4, -28
 2271              		.cfi_offset 5, -24
 2272              		.cfi_offset 6, -20
 2273              		.cfi_offset 7, -16
 2274              		.cfi_offset 8, -12
 2275              		.cfi_offset 9, -8
 2276              		.cfi_offset 14, -4
 2277              	.LBB63:
 2278              	.LBB34:
1806:Drivers/STM32H7xx_HAL_Driver/Src/stm32h7xx_hal_dma.c **** 
 2279              		.loc 1 1806 7 is_stmt 1 view .LVU673
1806:Drivers/STM32H7xx_HAL_Driver/Src/stm32h7xx_hal_dma.c **** 
 2280              		.loc 1 1806 51 is_stmt 0 view .LVU674
 2281 025a A260     		str	r2, [r4, #8]
1809:Drivers/STM32H7xx_HAL_Driver/Src/stm32h7xx_hal_dma.c ****     }
 2282              		.loc 1 1809 7 is_stmt 1 view .LVU675
1809:Drivers/STM32H7xx_HAL_Driver/Src/stm32h7xx_hal_dma.c ****     }
 2283              		.loc 1 1809 52 is_stmt 0 view .LVU676
 2284 025c E160     		str	r1, [r4, #12]
 2285 025e 1BE7     		b	.L211
 2286              	.LVL106:
 2287              	.L171:
1809:Drivers/STM32H7xx_HAL_Driver/Src/stm32h7xx_hal_dma.c ****     }
 2288              		.loc 1 1809 52 view .LVU677
 2289              	.LBE34:
 2290              	.LBE63:
 650:Drivers/STM32H7xx_HAL_Driver/Src/stm32h7xx_hal_dma.c **** 
 2291              		.loc 1 650 5 view .LVU678
 2292 0260 DFF8C8C0 		ldr	ip, .L253+44
 2293              	.LBB64:
 2294              	.LBB35:
1782:Drivers/STM32H7xx_HAL_Driver/Src/stm32h7xx_hal_dma.c **** 
ARM GAS  C:\Users\l1234\AppData\Local\Temp\ccQ59T7L.s 			page 88


 2295              		.loc 1 1782 9 view .LVU679
 2296 0264 D0F86480 		ldr	r8, [r0, #100]
 2297              	.LBE35:
 2298              	.LBE64:
 650:Drivers/STM32H7xx_HAL_Driver/Src/stm32h7xx_hal_dma.c **** 
 2299              		.loc 1 650 5 view .LVU680
 2300 0268 DCF87070 		ldr	r7, [ip, #112]
 2301              	.LBB65:
 2302              	.LBB36:
1784:Drivers/STM32H7xx_HAL_Driver/Src/stm32h7xx_hal_dma.c ****     {
 2303              		.loc 1 1784 7 view .LVU681
 2304 026c D0F86CE0 		ldr	lr, [r0, #108]
 2305              	.LBE36:
 2306              	.LBE65:
 650:Drivers/STM32H7xx_HAL_Driver/Src/stm32h7xx_hal_dma.c **** 
 2307              		.loc 1 650 5 view .LVU682
 2308 0270 27F00107 		bic	r7, r7, #1
 2309 0274 CCF87070 		str	r7, [ip, #112]
 653:Drivers/STM32H7xx_HAL_Driver/Src/stm32h7xx_hal_dma.c **** 
 2310              		.loc 1 653 5 is_stmt 1 view .LVU683
 2311              	.LVL107:
 2312              	.LBB66:
1773:Drivers/STM32H7xx_HAL_Driver/Src/stm32h7xx_hal_dma.c **** {
 2313              		.loc 1 1773 13 view .LVU684
 2314              	.LBB37:
1776:Drivers/STM32H7xx_HAL_Driver/Src/stm32h7xx_hal_dma.c ****   BDMA_Base_Registers *regs_bdma = (BDMA_Base_Registers *)hdma->StreamBaseAddress;
 2315              		.loc 1 1776 3 view .LVU685
1777:Drivers/STM32H7xx_HAL_Driver/Src/stm32h7xx_hal_dma.c **** 
 2316              		.loc 1 1777 3 view .LVU686
1779:Drivers/STM32H7xx_HAL_Driver/Src/stm32h7xx_hal_dma.c ****   {
 2317              		.loc 1 1779 3 view .LVU687
1782:Drivers/STM32H7xx_HAL_Driver/Src/stm32h7xx_hal_dma.c **** 
 2318              		.loc 1 1782 5 view .LVU688
1782:Drivers/STM32H7xx_HAL_Driver/Src/stm32h7xx_hal_dma.c **** 
 2319              		.loc 1 1782 42 is_stmt 0 view .LVU689
 2320 0278 876E     		ldr	r7, [r0, #104]
1782:Drivers/STM32H7xx_HAL_Driver/Src/stm32h7xx_hal_dma.c **** 
 2321              		.loc 1 1782 36 view .LVU690
 2322 027a C8F80470 		str	r7, [r8, #4]
 2323              	.LVL108:
1784:Drivers/STM32H7xx_HAL_Driver/Src/stm32h7xx_hal_dma.c ****     {
 2324              		.loc 1 1784 5 is_stmt 1 view .LVU691
1784:Drivers/STM32H7xx_HAL_Driver/Src/stm32h7xx_hal_dma.c ****     {
 2325              		.loc 1 1784 7 is_stmt 0 view .LVU692
 2326 027e BEF1000F 		cmp	lr, #0
 2327 0282 7FF460AF 		bne	.L187
 2328 0286 F3E6     		b	.L168
 2329              	.LVL109:
 2330              	.L169:
1784:Drivers/STM32H7xx_HAL_Driver/Src/stm32h7xx_hal_dma.c ****     {
 2331              		.loc 1 1784 7 view .LVU693
 2332              	.LBE37:
 2333              	.LBE66:
 650:Drivers/STM32H7xx_HAL_Driver/Src/stm32h7xx_hal_dma.c **** 
 2334              		.loc 1 650 5 view .LVU694
 2335 0288 DFF8A0C0 		ldr	ip, .L253+44
 2336              	.LBB67:
ARM GAS  C:\Users\l1234\AppData\Local\Temp\ccQ59T7L.s 			page 89


 2337              	.LBB38:
1782:Drivers/STM32H7xx_HAL_Driver/Src/stm32h7xx_hal_dma.c **** 
 2338              		.loc 1 1782 9 view .LVU695
 2339 028c D0F86480 		ldr	r8, [r0, #100]
 2340              	.LBE38:
 2341              	.LBE67:
 650:Drivers/STM32H7xx_HAL_Driver/Src/stm32h7xx_hal_dma.c **** 
 2342              		.loc 1 650 5 view .LVU696
 2343 0290 DCF84070 		ldr	r7, [ip, #64]
 2344              	.LBB68:
 2345              	.LBB39:
1784:Drivers/STM32H7xx_HAL_Driver/Src/stm32h7xx_hal_dma.c ****     {
 2346              		.loc 1 1784 7 view .LVU697
 2347 0294 D0F86CE0 		ldr	lr, [r0, #108]
 2348              	.LBE39:
 2349              	.LBE68:
 650:Drivers/STM32H7xx_HAL_Driver/Src/stm32h7xx_hal_dma.c **** 
 2350              		.loc 1 650 5 view .LVU698
 2351 0298 27F00107 		bic	r7, r7, #1
 2352 029c CCF84070 		str	r7, [ip, #64]
 653:Drivers/STM32H7xx_HAL_Driver/Src/stm32h7xx_hal_dma.c **** 
 2353              		.loc 1 653 5 is_stmt 1 view .LVU699
 2354              	.LVL110:
 2355              	.LBB69:
1773:Drivers/STM32H7xx_HAL_Driver/Src/stm32h7xx_hal_dma.c **** {
 2356              		.loc 1 1773 13 view .LVU700
 2357              	.LBB40:
1776:Drivers/STM32H7xx_HAL_Driver/Src/stm32h7xx_hal_dma.c ****   BDMA_Base_Registers *regs_bdma = (BDMA_Base_Registers *)hdma->StreamBaseAddress;
 2358              		.loc 1 1776 3 view .LVU701
1777:Drivers/STM32H7xx_HAL_Driver/Src/stm32h7xx_hal_dma.c **** 
 2359              		.loc 1 1777 3 view .LVU702
1779:Drivers/STM32H7xx_HAL_Driver/Src/stm32h7xx_hal_dma.c ****   {
 2360              		.loc 1 1779 3 view .LVU703
1782:Drivers/STM32H7xx_HAL_Driver/Src/stm32h7xx_hal_dma.c **** 
 2361              		.loc 1 1782 5 view .LVU704
1782:Drivers/STM32H7xx_HAL_Driver/Src/stm32h7xx_hal_dma.c **** 
 2362              		.loc 1 1782 42 is_stmt 0 view .LVU705
 2363 02a0 876E     		ldr	r7, [r0, #104]
1782:Drivers/STM32H7xx_HAL_Driver/Src/stm32h7xx_hal_dma.c **** 
 2364              		.loc 1 1782 36 view .LVU706
 2365 02a2 C8F80470 		str	r7, [r8, #4]
 2366              	.LVL111:
1784:Drivers/STM32H7xx_HAL_Driver/Src/stm32h7xx_hal_dma.c ****     {
 2367              		.loc 1 1784 5 is_stmt 1 view .LVU707
1784:Drivers/STM32H7xx_HAL_Driver/Src/stm32h7xx_hal_dma.c ****     {
 2368              		.loc 1 1784 7 is_stmt 0 view .LVU708
 2369 02a6 BEF1000F 		cmp	lr, #0
 2370 02aa 7FF44CAF 		bne	.L187
 2371 02ae DFE6     		b	.L168
 2372              	.LVL112:
 2373              	.L170:
1784:Drivers/STM32H7xx_HAL_Driver/Src/stm32h7xx_hal_dma.c ****     {
 2374              		.loc 1 1784 7 view .LVU709
 2375              	.LBE40:
 2376              	.LBE69:
 650:Drivers/STM32H7xx_HAL_Driver/Src/stm32h7xx_hal_dma.c **** 
 2377              		.loc 1 650 5 view .LVU710
ARM GAS  C:\Users\l1234\AppData\Local\Temp\ccQ59T7L.s 			page 90


 2378 02b0 DFF878C0 		ldr	ip, .L253+44
 2379              	.LBB70:
 2380              	.LBB41:
1782:Drivers/STM32H7xx_HAL_Driver/Src/stm32h7xx_hal_dma.c **** 
 2381              		.loc 1 1782 9 view .LVU711
 2382 02b4 D0F86480 		ldr	r8, [r0, #100]
 2383              	.LBE41:
 2384              	.LBE70:
 650:Drivers/STM32H7xx_HAL_Driver/Src/stm32h7xx_hal_dma.c **** 
 2385              		.loc 1 650 5 view .LVU712
 2386 02b8 DCF85870 		ldr	r7, [ip, #88]
 2387              	.LBB71:
 2388              	.LBB42:
1784:Drivers/STM32H7xx_HAL_Driver/Src/stm32h7xx_hal_dma.c ****     {
 2389              		.loc 1 1784 7 view .LVU713
 2390 02bc D0F86CE0 		ldr	lr, [r0, #108]
 2391              	.LBE42:
 2392              	.LBE71:
 650:Drivers/STM32H7xx_HAL_Driver/Src/stm32h7xx_hal_dma.c **** 
 2393              		.loc 1 650 5 view .LVU714
 2394 02c0 27F00107 		bic	r7, r7, #1
 2395 02c4 CCF85870 		str	r7, [ip, #88]
 653:Drivers/STM32H7xx_HAL_Driver/Src/stm32h7xx_hal_dma.c **** 
 2396              		.loc 1 653 5 is_stmt 1 view .LVU715
 2397              	.LVL113:
 2398              	.LBB72:
1773:Drivers/STM32H7xx_HAL_Driver/Src/stm32h7xx_hal_dma.c **** {
 2399              		.loc 1 1773 13 view .LVU716
 2400              	.LBB43:
1776:Drivers/STM32H7xx_HAL_Driver/Src/stm32h7xx_hal_dma.c ****   BDMA_Base_Registers *regs_bdma = (BDMA_Base_Registers *)hdma->StreamBaseAddress;
 2401              		.loc 1 1776 3 view .LVU717
1777:Drivers/STM32H7xx_HAL_Driver/Src/stm32h7xx_hal_dma.c **** 
 2402              		.loc 1 1777 3 view .LVU718
1779:Drivers/STM32H7xx_HAL_Driver/Src/stm32h7xx_hal_dma.c ****   {
 2403              		.loc 1 1779 3 view .LVU719
1782:Drivers/STM32H7xx_HAL_Driver/Src/stm32h7xx_hal_dma.c **** 
 2404              		.loc 1 1782 5 view .LVU720
1782:Drivers/STM32H7xx_HAL_Driver/Src/stm32h7xx_hal_dma.c **** 
 2405              		.loc 1 1782 42 is_stmt 0 view .LVU721
 2406 02c8 876E     		ldr	r7, [r0, #104]
1782:Drivers/STM32H7xx_HAL_Driver/Src/stm32h7xx_hal_dma.c **** 
 2407              		.loc 1 1782 36 view .LVU722
 2408 02ca C8F80470 		str	r7, [r8, #4]
 2409              	.LVL114:
1784:Drivers/STM32H7xx_HAL_Driver/Src/stm32h7xx_hal_dma.c ****     {
 2410              		.loc 1 1784 5 is_stmt 1 view .LVU723
1784:Drivers/STM32H7xx_HAL_Driver/Src/stm32h7xx_hal_dma.c ****     {
 2411              		.loc 1 1784 7 is_stmt 0 view .LVU724
 2412 02ce BEF1000F 		cmp	lr, #0
 2413 02d2 7FF438AF 		bne	.L187
 2414 02d6 CBE6     		b	.L168
 2415              	.LVL115:
 2416              	.L172:
1784:Drivers/STM32H7xx_HAL_Driver/Src/stm32h7xx_hal_dma.c ****     {
 2417              		.loc 1 1784 7 view .LVU725
 2418              	.LBE43:
 2419              	.LBE72:
ARM GAS  C:\Users\l1234\AppData\Local\Temp\ccQ59T7L.s 			page 91


 650:Drivers/STM32H7xx_HAL_Driver/Src/stm32h7xx_hal_dma.c **** 
 2420              		.loc 1 650 5 view .LVU726
 2421 02d8 DFF850C0 		ldr	ip, .L253+44
 2422              	.LBB73:
 2423              	.LBB44:
1782:Drivers/STM32H7xx_HAL_Driver/Src/stm32h7xx_hal_dma.c **** 
 2424              		.loc 1 1782 9 view .LVU727
 2425 02dc D0F86480 		ldr	r8, [r0, #100]
 2426              	.LBE44:
 2427              	.LBE73:
 650:Drivers/STM32H7xx_HAL_Driver/Src/stm32h7xx_hal_dma.c **** 
 2428              		.loc 1 650 5 view .LVU728
 2429 02e0 DCF88870 		ldr	r7, [ip, #136]
 2430              	.LBB74:
 2431              	.LBB45:
1784:Drivers/STM32H7xx_HAL_Driver/Src/stm32h7xx_hal_dma.c ****     {
 2432              		.loc 1 1784 7 view .LVU729
 2433 02e4 D0F86CE0 		ldr	lr, [r0, #108]
 2434              	.LBE45:
 2435              	.LBE74:
 650:Drivers/STM32H7xx_HAL_Driver/Src/stm32h7xx_hal_dma.c **** 
 2436              		.loc 1 650 5 view .LVU730
 2437 02e8 27F00107 		bic	r7, r7, #1
 2438 02ec CCF88870 		str	r7, [ip, #136]
 653:Drivers/STM32H7xx_HAL_Driver/Src/stm32h7xx_hal_dma.c **** 
 2439              		.loc 1 653 5 is_stmt 1 view .LVU731
 2440              	.LVL116:
 2441              	.LBB75:
1773:Drivers/STM32H7xx_HAL_Driver/Src/stm32h7xx_hal_dma.c **** {
 2442              		.loc 1 1773 13 view .LVU732
 2443              	.LBB46:
1776:Drivers/STM32H7xx_HAL_Driver/Src/stm32h7xx_hal_dma.c ****   BDMA_Base_Registers *regs_bdma = (BDMA_Base_Registers *)hdma->StreamBaseAddress;
 2444              		.loc 1 1776 3 view .LVU733
1777:Drivers/STM32H7xx_HAL_Driver/Src/stm32h7xx_hal_dma.c **** 
 2445              		.loc 1 1777 3 view .LVU734
1779:Drivers/STM32H7xx_HAL_Driver/Src/stm32h7xx_hal_dma.c ****   {
 2446              		.loc 1 1779 3 view .LVU735
1782:Drivers/STM32H7xx_HAL_Driver/Src/stm32h7xx_hal_dma.c **** 
 2447              		.loc 1 1782 5 view .LVU736
1782:Drivers/STM32H7xx_HAL_Driver/Src/stm32h7xx_hal_dma.c **** 
 2448              		.loc 1 1782 42 is_stmt 0 view .LVU737
 2449 02f0 876E     		ldr	r7, [r0, #104]
1782:Drivers/STM32H7xx_HAL_Driver/Src/stm32h7xx_hal_dma.c **** 
 2450              		.loc 1 1782 36 view .LVU738
 2451 02f2 C8F80470 		str	r7, [r8, #4]
 2452              	.LVL117:
1784:Drivers/STM32H7xx_HAL_Driver/Src/stm32h7xx_hal_dma.c ****     {
 2453              		.loc 1 1784 5 is_stmt 1 view .LVU739
1784:Drivers/STM32H7xx_HAL_Driver/Src/stm32h7xx_hal_dma.c ****     {
 2454              		.loc 1 1784 7 is_stmt 0 view .LVU740
 2455 02f6 BEF1000F 		cmp	lr, #0
 2456 02fa 7FF424AF 		bne	.L187
 2457 02fe 2FE7     		b	.L219
 2458              	.L254:
 2459              		.align	2
 2460              	.L253:
 2461 0300 10000240 		.word	1073872912
ARM GAS  C:\Users\l1234\AppData\Local\Temp\ccQ59T7L.s 			page 92


 2462 0304 28000240 		.word	1073872936
 2463 0308 58000240 		.word	1073872984
 2464 030c 40000240 		.word	1073872960
 2465 0310 58040240 		.word	1073874008
 2466 0314 88000240 		.word	1073873032
 2467 0318 B8040240 		.word	1073874104
 2468 031c 08540258 		.word	1476547592
 2469 0320 1C540258 		.word	1476547612
 2470 0324 94540258 		.word	1476547732
 2471 0328 A0000240 		.word	1073873056
 2472 032c 00000240 		.word	1073872896
 2473              	.LVL118:
 2474              	.L173:
1784:Drivers/STM32H7xx_HAL_Driver/Src/stm32h7xx_hal_dma.c ****     {
 2475              		.loc 1 1784 7 view .LVU741
 2476              	.LBE46:
 2477              	.LBE75:
 650:Drivers/STM32H7xx_HAL_Driver/Src/stm32h7xx_hal_dma.c **** 
 2478              		.loc 1 650 5 view .LVU742
 2479 0330 DFF868C1 		ldr	ip, .L255+12
 2480              	.LBB76:
 2481              	.LBB47:
1782:Drivers/STM32H7xx_HAL_Driver/Src/stm32h7xx_hal_dma.c **** 
 2482              		.loc 1 1782 9 view .LVU743
 2483 0334 D0F86480 		ldr	r8, [r0, #100]
 2484              	.LBE47:
 2485              	.LBE76:
 650:Drivers/STM32H7xx_HAL_Driver/Src/stm32h7xx_hal_dma.c **** 
 2486              		.loc 1 650 5 view .LVU744
 2487 0338 DCF8A070 		ldr	r7, [ip, #160]
 2488              	.LBB77:
 2489              	.LBB48:
1784:Drivers/STM32H7xx_HAL_Driver/Src/stm32h7xx_hal_dma.c ****     {
 2490              		.loc 1 1784 7 view .LVU745
 2491 033c D0F86CE0 		ldr	lr, [r0, #108]
 2492              	.LBE48:
 2493              	.LBE77:
 650:Drivers/STM32H7xx_HAL_Driver/Src/stm32h7xx_hal_dma.c **** 
 2494              		.loc 1 650 5 view .LVU746
 2495 0340 27F00107 		bic	r7, r7, #1
 2496 0344 CCF8A070 		str	r7, [ip, #160]
 653:Drivers/STM32H7xx_HAL_Driver/Src/stm32h7xx_hal_dma.c **** 
 2497              		.loc 1 653 5 is_stmt 1 view .LVU747
 2498              	.LVL119:
 2499              	.LBB78:
1773:Drivers/STM32H7xx_HAL_Driver/Src/stm32h7xx_hal_dma.c **** {
 2500              		.loc 1 1773 13 view .LVU748
 2501              	.LBB49:
1776:Drivers/STM32H7xx_HAL_Driver/Src/stm32h7xx_hal_dma.c ****   BDMA_Base_Registers *regs_bdma = (BDMA_Base_Registers *)hdma->StreamBaseAddress;
 2502              		.loc 1 1776 3 view .LVU749
1777:Drivers/STM32H7xx_HAL_Driver/Src/stm32h7xx_hal_dma.c **** 
 2503              		.loc 1 1777 3 view .LVU750
1779:Drivers/STM32H7xx_HAL_Driver/Src/stm32h7xx_hal_dma.c ****   {
 2504              		.loc 1 1779 3 view .LVU751
1782:Drivers/STM32H7xx_HAL_Driver/Src/stm32h7xx_hal_dma.c **** 
 2505              		.loc 1 1782 5 view .LVU752
1782:Drivers/STM32H7xx_HAL_Driver/Src/stm32h7xx_hal_dma.c **** 
ARM GAS  C:\Users\l1234\AppData\Local\Temp\ccQ59T7L.s 			page 93


 2506              		.loc 1 1782 42 is_stmt 0 view .LVU753
 2507 0348 876E     		ldr	r7, [r0, #104]
1782:Drivers/STM32H7xx_HAL_Driver/Src/stm32h7xx_hal_dma.c **** 
 2508              		.loc 1 1782 36 view .LVU754
 2509 034a C8F80470 		str	r7, [r8, #4]
 2510              	.LVL120:
1784:Drivers/STM32H7xx_HAL_Driver/Src/stm32h7xx_hal_dma.c ****     {
 2511              		.loc 1 1784 5 is_stmt 1 view .LVU755
1784:Drivers/STM32H7xx_HAL_Driver/Src/stm32h7xx_hal_dma.c ****     {
 2512              		.loc 1 1784 7 is_stmt 0 view .LVU756
 2513 034e BEF1000F 		cmp	lr, #0
 2514 0352 7FF4F8AE 		bne	.L187
 2515 0356 03E7     		b	.L219
 2516              	.LVL121:
 2517              	.L174:
1784:Drivers/STM32H7xx_HAL_Driver/Src/stm32h7xx_hal_dma.c ****     {
 2518              		.loc 1 1784 7 view .LVU757
 2519              	.LBE49:
 2520              	.LBE78:
 650:Drivers/STM32H7xx_HAL_Driver/Src/stm32h7xx_hal_dma.c **** 
 2521              		.loc 1 650 5 view .LVU758
 2522 0358 DFF840C1 		ldr	ip, .L255+12
 2523              	.LBB79:
 2524              	.LBB50:
1782:Drivers/STM32H7xx_HAL_Driver/Src/stm32h7xx_hal_dma.c **** 
 2525              		.loc 1 1782 9 view .LVU759
 2526 035c D0F86480 		ldr	r8, [r0, #100]
 2527              	.LBE50:
 2528              	.LBE79:
 650:Drivers/STM32H7xx_HAL_Driver/Src/stm32h7xx_hal_dma.c **** 
 2529              		.loc 1 650 5 view .LVU760
 2530 0360 DCF8B870 		ldr	r7, [ip, #184]
 2531              	.LBB80:
 2532              	.LBB51:
1784:Drivers/STM32H7xx_HAL_Driver/Src/stm32h7xx_hal_dma.c ****     {
 2533              		.loc 1 1784 7 view .LVU761
 2534 0364 D0F86CE0 		ldr	lr, [r0, #108]
 2535              	.LBE51:
 2536              	.LBE80:
 650:Drivers/STM32H7xx_HAL_Driver/Src/stm32h7xx_hal_dma.c **** 
 2537              		.loc 1 650 5 view .LVU762
 2538 0368 27F00107 		bic	r7, r7, #1
 2539 036c CCF8B870 		str	r7, [ip, #184]
 653:Drivers/STM32H7xx_HAL_Driver/Src/stm32h7xx_hal_dma.c **** 
 2540              		.loc 1 653 5 is_stmt 1 view .LVU763
 2541              	.LVL122:
 2542              	.LBB81:
1773:Drivers/STM32H7xx_HAL_Driver/Src/stm32h7xx_hal_dma.c **** {
 2543              		.loc 1 1773 13 view .LVU764
 2544              	.LBB52:
1776:Drivers/STM32H7xx_HAL_Driver/Src/stm32h7xx_hal_dma.c ****   BDMA_Base_Registers *regs_bdma = (BDMA_Base_Registers *)hdma->StreamBaseAddress;
 2545              		.loc 1 1776 3 view .LVU765
1777:Drivers/STM32H7xx_HAL_Driver/Src/stm32h7xx_hal_dma.c **** 
 2546              		.loc 1 1777 3 view .LVU766
1779:Drivers/STM32H7xx_HAL_Driver/Src/stm32h7xx_hal_dma.c ****   {
 2547              		.loc 1 1779 3 view .LVU767
1782:Drivers/STM32H7xx_HAL_Driver/Src/stm32h7xx_hal_dma.c **** 
ARM GAS  C:\Users\l1234\AppData\Local\Temp\ccQ59T7L.s 			page 94


 2548              		.loc 1 1782 5 view .LVU768
1782:Drivers/STM32H7xx_HAL_Driver/Src/stm32h7xx_hal_dma.c **** 
 2549              		.loc 1 1782 42 is_stmt 0 view .LVU769
 2550 0370 876E     		ldr	r7, [r0, #104]
1782:Drivers/STM32H7xx_HAL_Driver/Src/stm32h7xx_hal_dma.c **** 
 2551              		.loc 1 1782 36 view .LVU770
 2552 0372 C8F80470 		str	r7, [r8, #4]
 2553              	.LVL123:
1784:Drivers/STM32H7xx_HAL_Driver/Src/stm32h7xx_hal_dma.c ****     {
 2554              		.loc 1 1784 5 is_stmt 1 view .LVU771
1784:Drivers/STM32H7xx_HAL_Driver/Src/stm32h7xx_hal_dma.c ****     {
 2555              		.loc 1 1784 7 is_stmt 0 view .LVU772
 2556 0376 BEF1000F 		cmp	lr, #0
 2557 037a 7FF4E4AE 		bne	.L187
 2558 037e EFE6     		b	.L219
 2559              	.LVL124:
 2560              	.L175:
1784:Drivers/STM32H7xx_HAL_Driver/Src/stm32h7xx_hal_dma.c ****     {
 2561              		.loc 1 1784 7 view .LVU773
 2562              	.LBE52:
 2563              	.LBE81:
 650:Drivers/STM32H7xx_HAL_Driver/Src/stm32h7xx_hal_dma.c **** 
 2564              		.loc 1 650 5 view .LVU774
 2565 0380 DFF81CC1 		ldr	ip, .L255+16
 2566 0384 DCF81070 		ldr	r7, [ip, #16]
 2567 0388 27F00107 		bic	r7, r7, #1
 2568 038c CCF81070 		str	r7, [ip, #16]
 653:Drivers/STM32H7xx_HAL_Driver/Src/stm32h7xx_hal_dma.c **** 
 2569              		.loc 1 653 5 is_stmt 1 view .LVU775
 2570              	.LVL125:
 2571              	.LBB82:
1773:Drivers/STM32H7xx_HAL_Driver/Src/stm32h7xx_hal_dma.c **** {
 2572              		.loc 1 1773 13 view .LVU776
 2573              	.LBB53:
1776:Drivers/STM32H7xx_HAL_Driver/Src/stm32h7xx_hal_dma.c ****   BDMA_Base_Registers *regs_bdma = (BDMA_Base_Registers *)hdma->StreamBaseAddress;
 2574              		.loc 1 1776 3 view .LVU777
1777:Drivers/STM32H7xx_HAL_Driver/Src/stm32h7xx_hal_dma.c **** 
 2575              		.loc 1 1777 3 view .LVU778
1779:Drivers/STM32H7xx_HAL_Driver/Src/stm32h7xx_hal_dma.c ****   {
 2576              		.loc 1 1779 3 view .LVU779
 2577              	.L183:
1779:Drivers/STM32H7xx_HAL_Driver/Src/stm32h7xx_hal_dma.c ****   {
 2578              		.loc 1 1779 6 is_stmt 0 view .LVU780
 2579 0390 3F4F     		ldr	r7, .L255
 2580 0392 BC42     		cmp	r4, r7
 2581 0394 3FF4D1AE 		beq	.L192
 2582 0398 1837     		adds	r7, r7, #24
 2583 039a BC42     		cmp	r4, r7
 2584 039c 3FF4CDAE 		beq	.L192
 2585 03a0 1837     		adds	r7, r7, #24
 2586 03a2 BC42     		cmp	r4, r7
 2587 03a4 3FF4C9AE 		beq	.L192
 2588              	.L189:
 2589 03a8 3A4F     		ldr	r7, .L255+4
 2590 03aa BC42     		cmp	r4, r7
 2591 03ac 3FF4C5AE 		beq	.L192
 2592 03b0 1837     		adds	r7, r7, #24
ARM GAS  C:\Users\l1234\AppData\Local\Temp\ccQ59T7L.s 			page 95


 2593 03b2 BC42     		cmp	r4, r7
 2594 03b4 3FF4C1AE 		beq	.L192
 2595 03b8 1837     		adds	r7, r7, #24
 2596 03ba BC42     		cmp	r4, r7
 2597 03bc 3FF4BDAE 		beq	.L192
 2598 03c0 1837     		adds	r7, r7, #24
 2599 03c2 BC42     		cmp	r4, r7
 2600 03c4 3FF4B9AE 		beq	.L192
 2601 03c8 334F     		ldr	r7, .L255+8
 2602 03ca BC42     		cmp	r4, r7
 2603 03cc 15D0     		beq	.L205
 2604 03ce 1437     		adds	r7, r7, #20
 2605 03d0 BC42     		cmp	r4, r7
 2606 03d2 12D0     		beq	.L205
 2607 03d4 1437     		adds	r7, r7, #20
 2608 03d6 BC42     		cmp	r4, r7
 2609 03d8 0FD0     		beq	.L205
 2610 03da 1437     		adds	r7, r7, #20
 2611 03dc BC42     		cmp	r4, r7
 2612 03de 0CD0     		beq	.L205
 2613 03e0 1437     		adds	r7, r7, #20
 2614 03e2 BC42     		cmp	r4, r7
 2615 03e4 09D0     		beq	.L205
 2616 03e6 1437     		adds	r7, r7, #20
 2617 03e8 BC42     		cmp	r4, r7
 2618 03ea 06D0     		beq	.L205
 2619 03ec 1437     		adds	r7, r7, #20
 2620 03ee BC42     		cmp	r4, r7
 2621 03f0 03D0     		beq	.L205
 2622 03f2 1437     		adds	r7, r7, #20
 2623 03f4 BC42     		cmp	r4, r7
 2624 03f6 7FF458AE 		bne	.L214
 2625              	.L205:
1782:Drivers/STM32H7xx_HAL_Driver/Src/stm32h7xx_hal_dma.c **** 
 2626              		.loc 1 1782 5 is_stmt 1 view .LVU781
1782:Drivers/STM32H7xx_HAL_Driver/Src/stm32h7xx_hal_dma.c **** 
 2627              		.loc 1 1782 36 is_stmt 0 view .LVU782
 2628 03fa D0E91957 		ldrd	r5, r7, [r0, #100]
 2629 03fe 6F60     		str	r7, [r5, #4]
1784:Drivers/STM32H7xx_HAL_Driver/Src/stm32h7xx_hal_dma.c ****     {
 2630              		.loc 1 1784 5 is_stmt 1 view .LVU783
1784:Drivers/STM32H7xx_HAL_Driver/Src/stm32h7xx_hal_dma.c ****     {
 2631              		.loc 1 1784 7 is_stmt 0 view .LVU784
 2632 0400 C76E     		ldr	r7, [r0, #108]
 2633 0402 002F     		cmp	r7, #0
 2634 0404 7FF49FAE 		bne	.L187
 2635 0408 EAE6     		b	.L216
 2636              	.LVL126:
 2637              	.L176:
1784:Drivers/STM32H7xx_HAL_Driver/Src/stm32h7xx_hal_dma.c ****     {
 2638              		.loc 1 1784 7 view .LVU785
 2639              	.LBE53:
 2640              	.LBE82:
 650:Drivers/STM32H7xx_HAL_Driver/Src/stm32h7xx_hal_dma.c **** 
 2641              		.loc 1 650 5 view .LVU786
 2642 040a DFF894C0 		ldr	ip, .L255+16
 2643 040e DCF82870 		ldr	r7, [ip, #40]
ARM GAS  C:\Users\l1234\AppData\Local\Temp\ccQ59T7L.s 			page 96


 2644 0412 27F00107 		bic	r7, r7, #1
 2645 0416 CCF82870 		str	r7, [ip, #40]
 653:Drivers/STM32H7xx_HAL_Driver/Src/stm32h7xx_hal_dma.c **** 
 2646              		.loc 1 653 5 is_stmt 1 view .LVU787
 2647              	.LVL127:
 2648              	.LBB83:
1773:Drivers/STM32H7xx_HAL_Driver/Src/stm32h7xx_hal_dma.c **** {
 2649              		.loc 1 1773 13 view .LVU788
 2650              	.LBB54:
1776:Drivers/STM32H7xx_HAL_Driver/Src/stm32h7xx_hal_dma.c ****   BDMA_Base_Registers *regs_bdma = (BDMA_Base_Registers *)hdma->StreamBaseAddress;
 2651              		.loc 1 1776 3 view .LVU789
1777:Drivers/STM32H7xx_HAL_Driver/Src/stm32h7xx_hal_dma.c **** 
 2652              		.loc 1 1777 3 view .LVU790
1779:Drivers/STM32H7xx_HAL_Driver/Src/stm32h7xx_hal_dma.c ****   {
 2653              		.loc 1 1779 3 view .LVU791
 2654 041a 8EE6     		b	.L192
 2655              	.LVL128:
 2656              	.L177:
1779:Drivers/STM32H7xx_HAL_Driver/Src/stm32h7xx_hal_dma.c ****   {
 2657              		.loc 1 1779 3 is_stmt 0 view .LVU792
 2658              	.LBE54:
 2659              	.LBE83:
 650:Drivers/STM32H7xx_HAL_Driver/Src/stm32h7xx_hal_dma.c **** 
 2660              		.loc 1 650 5 view .LVU793
 2661 041c DFF880C0 		ldr	ip, .L255+16
 2662 0420 DCF84070 		ldr	r7, [ip, #64]
 2663 0424 27F00107 		bic	r7, r7, #1
 2664 0428 CCF84070 		str	r7, [ip, #64]
 653:Drivers/STM32H7xx_HAL_Driver/Src/stm32h7xx_hal_dma.c **** 
 2665              		.loc 1 653 5 is_stmt 1 view .LVU794
 2666              	.LVL129:
 2667              	.LBB84:
1773:Drivers/STM32H7xx_HAL_Driver/Src/stm32h7xx_hal_dma.c **** {
 2668              		.loc 1 1773 13 view .LVU795
 2669              	.LBB55:
1776:Drivers/STM32H7xx_HAL_Driver/Src/stm32h7xx_hal_dma.c ****   BDMA_Base_Registers *regs_bdma = (BDMA_Base_Registers *)hdma->StreamBaseAddress;
 2670              		.loc 1 1776 3 view .LVU796
1777:Drivers/STM32H7xx_HAL_Driver/Src/stm32h7xx_hal_dma.c **** 
 2671              		.loc 1 1777 3 view .LVU797
1779:Drivers/STM32H7xx_HAL_Driver/Src/stm32h7xx_hal_dma.c ****   {
 2672              		.loc 1 1779 3 view .LVU798
 2673 042c 85E6     		b	.L192
 2674              	.LVL130:
 2675              	.L178:
1779:Drivers/STM32H7xx_HAL_Driver/Src/stm32h7xx_hal_dma.c ****   {
 2676              		.loc 1 1779 3 is_stmt 0 view .LVU799
 2677              	.LBE55:
 2678              	.LBE84:
 650:Drivers/STM32H7xx_HAL_Driver/Src/stm32h7xx_hal_dma.c **** 
 2679              		.loc 1 650 5 view .LVU800
 2680 042e DFF870C0 		ldr	ip, .L255+16
 2681 0432 DCF85870 		ldr	r7, [ip, #88]
 2682 0436 27F00107 		bic	r7, r7, #1
 2683 043a CCF85870 		str	r7, [ip, #88]
 653:Drivers/STM32H7xx_HAL_Driver/Src/stm32h7xx_hal_dma.c **** 
 2684              		.loc 1 653 5 is_stmt 1 view .LVU801
 2685              	.LVL131:
ARM GAS  C:\Users\l1234\AppData\Local\Temp\ccQ59T7L.s 			page 97


 2686              	.LBB85:
1773:Drivers/STM32H7xx_HAL_Driver/Src/stm32h7xx_hal_dma.c **** {
 2687              		.loc 1 1773 13 view .LVU802
 2688              	.LBB56:
1776:Drivers/STM32H7xx_HAL_Driver/Src/stm32h7xx_hal_dma.c ****   BDMA_Base_Registers *regs_bdma = (BDMA_Base_Registers *)hdma->StreamBaseAddress;
 2689              		.loc 1 1776 3 view .LVU803
1777:Drivers/STM32H7xx_HAL_Driver/Src/stm32h7xx_hal_dma.c **** 
 2690              		.loc 1 1777 3 view .LVU804
1779:Drivers/STM32H7xx_HAL_Driver/Src/stm32h7xx_hal_dma.c ****   {
 2691              		.loc 1 1779 3 view .LVU805
 2692 043e 78E6     		b	.L184
 2693              	.LVL132:
 2694              	.L179:
1779:Drivers/STM32H7xx_HAL_Driver/Src/stm32h7xx_hal_dma.c ****   {
 2695              		.loc 1 1779 3 is_stmt 0 view .LVU806
 2696              	.LBE56:
 2697              	.LBE85:
 650:Drivers/STM32H7xx_HAL_Driver/Src/stm32h7xx_hal_dma.c **** 
 2698              		.loc 1 650 5 view .LVU807
 2699 0440 DFF85CC0 		ldr	ip, .L255+16
 2700 0444 DCF87070 		ldr	r7, [ip, #112]
 2701 0448 27F00107 		bic	r7, r7, #1
 2702 044c CCF87070 		str	r7, [ip, #112]
 653:Drivers/STM32H7xx_HAL_Driver/Src/stm32h7xx_hal_dma.c **** 
 2703              		.loc 1 653 5 is_stmt 1 view .LVU808
 2704              	.LVL133:
 2705              	.LBB86:
1773:Drivers/STM32H7xx_HAL_Driver/Src/stm32h7xx_hal_dma.c **** {
 2706              		.loc 1 1773 13 view .LVU809
 2707              	.LBB57:
1776:Drivers/STM32H7xx_HAL_Driver/Src/stm32h7xx_hal_dma.c ****   BDMA_Base_Registers *regs_bdma = (BDMA_Base_Registers *)hdma->StreamBaseAddress;
 2708              		.loc 1 1776 3 view .LVU810
1777:Drivers/STM32H7xx_HAL_Driver/Src/stm32h7xx_hal_dma.c **** 
 2709              		.loc 1 1777 3 view .LVU811
1779:Drivers/STM32H7xx_HAL_Driver/Src/stm32h7xx_hal_dma.c ****   {
 2710              		.loc 1 1779 3 view .LVU812
 2711 0450 AAE7     		b	.L189
 2712              	.LVL134:
 2713              	.L180:
1779:Drivers/STM32H7xx_HAL_Driver/Src/stm32h7xx_hal_dma.c ****   {
 2714              		.loc 1 1779 3 is_stmt 0 view .LVU813
 2715              	.LBE57:
 2716              	.LBE86:
 650:Drivers/STM32H7xx_HAL_Driver/Src/stm32h7xx_hal_dma.c **** 
 2717              		.loc 1 650 5 view .LVU814
 2718 0452 DFF84CC0 		ldr	ip, .L255+16
 2719 0456 DCF88870 		ldr	r7, [ip, #136]
 2720 045a 27F00107 		bic	r7, r7, #1
 2721 045e CCF88870 		str	r7, [ip, #136]
 653:Drivers/STM32H7xx_HAL_Driver/Src/stm32h7xx_hal_dma.c **** 
 2722              		.loc 1 653 5 is_stmt 1 view .LVU815
 2723              	.LVL135:
 2724              	.LBB87:
1773:Drivers/STM32H7xx_HAL_Driver/Src/stm32h7xx_hal_dma.c **** {
 2725              		.loc 1 1773 13 view .LVU816
 2726              	.LBB58:
1776:Drivers/STM32H7xx_HAL_Driver/Src/stm32h7xx_hal_dma.c ****   BDMA_Base_Registers *regs_bdma = (BDMA_Base_Registers *)hdma->StreamBaseAddress;
ARM GAS  C:\Users\l1234\AppData\Local\Temp\ccQ59T7L.s 			page 98


 2727              		.loc 1 1776 3 view .LVU817
1777:Drivers/STM32H7xx_HAL_Driver/Src/stm32h7xx_hal_dma.c **** 
 2728              		.loc 1 1777 3 view .LVU818
1779:Drivers/STM32H7xx_HAL_Driver/Src/stm32h7xx_hal_dma.c ****   {
 2729              		.loc 1 1779 3 view .LVU819
 2730 0462 66E6     		b	.L184
 2731              	.LVL136:
 2732              	.L181:
1779:Drivers/STM32H7xx_HAL_Driver/Src/stm32h7xx_hal_dma.c ****   {
 2733              		.loc 1 1779 3 is_stmt 0 view .LVU820
 2734              	.LBE58:
 2735              	.LBE87:
 650:Drivers/STM32H7xx_HAL_Driver/Src/stm32h7xx_hal_dma.c **** 
 2736              		.loc 1 650 5 view .LVU821
 2737 0464 DFF838C0 		ldr	ip, .L255+16
 2738 0468 DCF8A070 		ldr	r7, [ip, #160]
 2739 046c 27F00107 		bic	r7, r7, #1
 2740 0470 CCF8A070 		str	r7, [ip, #160]
 653:Drivers/STM32H7xx_HAL_Driver/Src/stm32h7xx_hal_dma.c **** 
 2741              		.loc 1 653 5 is_stmt 1 view .LVU822
 2742              	.LVL137:
 2743              	.LBB88:
1773:Drivers/STM32H7xx_HAL_Driver/Src/stm32h7xx_hal_dma.c **** {
 2744              		.loc 1 1773 13 view .LVU823
 2745              	.LBB59:
1776:Drivers/STM32H7xx_HAL_Driver/Src/stm32h7xx_hal_dma.c ****   BDMA_Base_Registers *regs_bdma = (BDMA_Base_Registers *)hdma->StreamBaseAddress;
 2746              		.loc 1 1776 3 view .LVU824
1777:Drivers/STM32H7xx_HAL_Driver/Src/stm32h7xx_hal_dma.c **** 
 2747              		.loc 1 1777 3 view .LVU825
1779:Drivers/STM32H7xx_HAL_Driver/Src/stm32h7xx_hal_dma.c ****   {
 2748              		.loc 1 1779 3 view .LVU826
 2749 0474 8CE7     		b	.L183
 2750              	.LVL138:
 2751              	.L251:
1779:Drivers/STM32H7xx_HAL_Driver/Src/stm32h7xx_hal_dma.c ****   {
 2752              		.loc 1 1779 3 is_stmt 0 view .LVU827
 2753              	.LBE59:
 2754              	.LBE88:
 650:Drivers/STM32H7xx_HAL_Driver/Src/stm32h7xx_hal_dma.c **** 
 2755              		.loc 1 650 5 view .LVU828
 2756 0476 DFF828C0 		ldr	ip, .L255+16
 2757 047a DCF8B870 		ldr	r7, [ip, #184]
 2758 047e 27F00107 		bic	r7, r7, #1
 2759 0482 CCF8B870 		str	r7, [ip, #184]
 653:Drivers/STM32H7xx_HAL_Driver/Src/stm32h7xx_hal_dma.c **** 
 2760              		.loc 1 653 5 is_stmt 1 view .LVU829
 2761              	.LVL139:
 2762              	.LBB89:
1773:Drivers/STM32H7xx_HAL_Driver/Src/stm32h7xx_hal_dma.c **** {
 2763              		.loc 1 1773 13 view .LVU830
 2764              	.LBB60:
1776:Drivers/STM32H7xx_HAL_Driver/Src/stm32h7xx_hal_dma.c ****   BDMA_Base_Registers *regs_bdma = (BDMA_Base_Registers *)hdma->StreamBaseAddress;
 2765              		.loc 1 1776 3 view .LVU831
1777:Drivers/STM32H7xx_HAL_Driver/Src/stm32h7xx_hal_dma.c **** 
 2766              		.loc 1 1777 3 view .LVU832
1779:Drivers/STM32H7xx_HAL_Driver/Src/stm32h7xx_hal_dma.c ****   {
 2767              		.loc 1 1779 3 view .LVU833
ARM GAS  C:\Users\l1234\AppData\Local\Temp\ccQ59T7L.s 			page 99


 2768 0486 83E7     		b	.L183
 2769              	.LVL140:
 2770              	.L252:
1833:Drivers/STM32H7xx_HAL_Driver/Src/stm32h7xx_hal_dma.c **** 
 2771              		.loc 1 1833 7 view .LVU834
1833:Drivers/STM32H7xx_HAL_Driver/Src/stm32h7xx_hal_dma.c **** 
 2772              		.loc 1 1833 54 is_stmt 0 view .LVU835
 2773 0488 A260     		str	r2, [r4, #8]
1836:Drivers/STM32H7xx_HAL_Driver/Src/stm32h7xx_hal_dma.c ****     }
 2774              		.loc 1 1836 7 is_stmt 1 view .LVU836
1836:Drivers/STM32H7xx_HAL_Driver/Src/stm32h7xx_hal_dma.c ****     }
 2775              		.loc 1 1836 55 is_stmt 0 view .LVU837
 2776 048a E160     		str	r1, [r4, #12]
1851:Drivers/STM32H7xx_HAL_Driver/Src/stm32h7xx_hal_dma.c **** }
 2777              		.loc 1 1851 3 is_stmt 1 view .LVU838
 2778              	.LVL141:
1851:Drivers/STM32H7xx_HAL_Driver/Src/stm32h7xx_hal_dma.c **** }
 2779              		.loc 1 1851 3 is_stmt 0 view .LVU839
 2780              	.LBE60:
 2781              	.LBE89:
 656:Drivers/STM32H7xx_HAL_Driver/Src/stm32h7xx_hal_dma.c ****   }
 2782              		.loc 1 656 5 is_stmt 1 view .LVU840
 2783 048c 0DE6     		b	.L214
 2784              	.L256:
 2785 048e 00BF     		.align	2
 2786              	.L255:
 2787 0490 10040240 		.word	1073873936
 2788 0494 70040240 		.word	1073874032
 2789 0498 08540258 		.word	1476547592
 2790 049c 00000240 		.word	1073872896
 2791 04a0 00040240 		.word	1073873920
 2792              		.cfi_endproc
 2793              	.LFE146:
 2795              		.section	.text.HAL_DMA_Start_IT,"ax",%progbits
 2796              		.align	1
 2797              		.p2align 2,,3
 2798              		.global	HAL_DMA_Start_IT
 2799              		.syntax unified
 2800              		.thumb
 2801              		.thumb_func
 2803              	HAL_DMA_Start_IT:
 2804              	.LVL142:
 2805              	.LFB147:
 682:Drivers/STM32H7xx_HAL_Driver/Src/stm32h7xx_hal_dma.c ****   HAL_StatusTypeDef status = HAL_OK;
 2806              		.loc 1 682 1 view -0
 2807              		.cfi_startproc
 2808              		@ args = 0, pretend = 0, frame = 8
 2809              		@ frame_needed = 0, uses_anonymous_args = 0
 683:Drivers/STM32H7xx_HAL_Driver/Src/stm32h7xx_hal_dma.c **** 
 2810              		.loc 1 683 3 view .LVU842
 686:Drivers/STM32H7xx_HAL_Driver/Src/stm32h7xx_hal_dma.c **** 
 2811              		.loc 1 686 3 view .LVU843
 689:Drivers/STM32H7xx_HAL_Driver/Src/stm32h7xx_hal_dma.c ****   {
 2812              		.loc 1 689 3 view .LVU844
 689:Drivers/STM32H7xx_HAL_Driver/Src/stm32h7xx_hal_dma.c ****   {
 2813              		.loc 1 689 5 is_stmt 0 view .LVU845
 2814 0000 0028     		cmp	r0, #0
ARM GAS  C:\Users\l1234\AppData\Local\Temp\ccQ59T7L.s 			page 100


 2815 0002 00F03282 		beq	.L361
 695:Drivers/STM32H7xx_HAL_Driver/Src/stm32h7xx_hal_dma.c **** 
 2816              		.loc 1 695 3 is_stmt 1 view .LVU846
 695:Drivers/STM32H7xx_HAL_Driver/Src/stm32h7xx_hal_dma.c **** 
 2817              		.loc 1 695 3 view .LVU847
 682:Drivers/STM32H7xx_HAL_Driver/Src/stm32h7xx_hal_dma.c ****   HAL_StatusTypeDef status = HAL_OK;
 2818              		.loc 1 682 1 is_stmt 0 view .LVU848
 2819 0006 2DE9F04F 		push	{r4, r5, r6, r7, r8, r9, r10, fp, lr}
 2820              	.LCFI17:
 2821              		.cfi_def_cfa_offset 36
 2822              		.cfi_offset 4, -36
 2823              		.cfi_offset 5, -32
 2824              		.cfi_offset 6, -28
 2825              		.cfi_offset 7, -24
 2826              		.cfi_offset 8, -20
 2827              		.cfi_offset 9, -16
 2828              		.cfi_offset 10, -12
 2829              		.cfi_offset 11, -8
 2830              		.cfi_offset 14, -4
 695:Drivers/STM32H7xx_HAL_Driver/Src/stm32h7xx_hal_dma.c **** 
 2831              		.loc 1 695 3 view .LVU849
 2832 000a 90F83440 		ldrb	r4, [r0, #52]	@ zero_extendqisi2
 682:Drivers/STM32H7xx_HAL_Driver/Src/stm32h7xx_hal_dma.c ****   HAL_StatusTypeDef status = HAL_OK;
 2833              		.loc 1 682 1 view .LVU850
 2834 000e 83B0     		sub	sp, sp, #12
 2835              	.LCFI18:
 2836              		.cfi_def_cfa_offset 48
 695:Drivers/STM32H7xx_HAL_Driver/Src/stm32h7xx_hal_dma.c **** 
 2837              		.loc 1 695 3 view .LVU851
 2838 0010 012C     		cmp	r4, #1
 2839 0012 00F02682 		beq	.L345
 695:Drivers/STM32H7xx_HAL_Driver/Src/stm32h7xx_hal_dma.c **** 
 2840              		.loc 1 695 3 is_stmt 1 discriminator 2 view .LVU852
 2841 0016 0124     		movs	r4, #1
 2842 0018 80F83440 		strb	r4, [r0, #52]
 695:Drivers/STM32H7xx_HAL_Driver/Src/stm32h7xx_hal_dma.c **** 
 2843              		.loc 1 695 3 discriminator 2 view .LVU853
 697:Drivers/STM32H7xx_HAL_Driver/Src/stm32h7xx_hal_dma.c ****   {
 2844              		.loc 1 697 3 discriminator 2 view .LVU854
 697:Drivers/STM32H7xx_HAL_Driver/Src/stm32h7xx_hal_dma.c ****   {
 2845              		.loc 1 697 33 is_stmt 0 discriminator 2 view .LVU855
 2846 001c 90F83540 		ldrb	r4, [r0, #53]	@ zero_extendqisi2
 697:Drivers/STM32H7xx_HAL_Driver/Src/stm32h7xx_hal_dma.c ****   {
 2847              		.loc 1 697 5 discriminator 2 view .LVU856
 2848 0020 012C     		cmp	r4, #1
 2849 0022 09D0     		beq	.L380
 757:Drivers/STM32H7xx_HAL_Driver/Src/stm32h7xx_hal_dma.c **** 
 2850              		.loc 1 757 5 is_stmt 1 view .LVU857
 757:Drivers/STM32H7xx_HAL_Driver/Src/stm32h7xx_hal_dma.c **** 
 2851              		.loc 1 757 21 is_stmt 0 view .LVU858
 2852 0024 4FF40062 		mov	r2, #2048
 2853              	.LVL143:
 760:Drivers/STM32H7xx_HAL_Driver/Src/stm32h7xx_hal_dma.c **** 
 2854              		.loc 1 760 5 view .LVU859
 2855 0028 0023     		movs	r3, #0
 2856              	.LVL144:
 757:Drivers/STM32H7xx_HAL_Driver/Src/stm32h7xx_hal_dma.c **** 
ARM GAS  C:\Users\l1234\AppData\Local\Temp\ccQ59T7L.s 			page 101


 2857              		.loc 1 757 21 view .LVU860
 2858 002a 4265     		str	r2, [r0, #84]
 760:Drivers/STM32H7xx_HAL_Driver/Src/stm32h7xx_hal_dma.c **** 
 2859              		.loc 1 760 5 is_stmt 1 view .LVU861
 760:Drivers/STM32H7xx_HAL_Driver/Src/stm32h7xx_hal_dma.c **** 
 2860              		.loc 1 760 5 view .LVU862
 2861 002c 80F83430 		strb	r3, [r0, #52]
 760:Drivers/STM32H7xx_HAL_Driver/Src/stm32h7xx_hal_dma.c **** 
 2862              		.loc 1 760 5 view .LVU863
 763:Drivers/STM32H7xx_HAL_Driver/Src/stm32h7xx_hal_dma.c ****   }
 2863              		.loc 1 763 5 view .LVU864
 2864              	.LVL145:
 691:Drivers/STM32H7xx_HAL_Driver/Src/stm32h7xx_hal_dma.c ****   }
 2865              		.loc 1 691 12 is_stmt 0 view .LVU865
 2866 0030 0120     		movs	r0, #1
 2867              	.LVL146:
 767:Drivers/STM32H7xx_HAL_Driver/Src/stm32h7xx_hal_dma.c **** 
 2868              		.loc 1 767 1 view .LVU866
 2869 0032 03B0     		add	sp, sp, #12
 2870              	.LCFI19:
 2871              		.cfi_remember_state
 2872              		.cfi_def_cfa_offset 36
 2873              		@ sp needed
 2874 0034 BDE8F08F 		pop	{r4, r5, r6, r7, r8, r9, r10, fp, pc}
 2875              	.LVL147:
 2876              	.L380:
 2877              	.LCFI20:
 2878              		.cfi_restore_state
 700:Drivers/STM32H7xx_HAL_Driver/Src/stm32h7xx_hal_dma.c **** 
 2879              		.loc 1 700 5 is_stmt 1 view .LVU867
 700:Drivers/STM32H7xx_HAL_Driver/Src/stm32h7xx_hal_dma.c **** 
 2880              		.loc 1 700 17 is_stmt 0 view .LVU868
 2881 0038 0224     		movs	r4, #2
 2882              	.LBB92:
 2883              	.LBB93:
1791:Drivers/STM32H7xx_HAL_Driver/Src/stm32h7xx_hal_dma.c ****   {
 2884              		.loc 1 1791 6 view .LVU869
 2885 003a 7D4E     		ldr	r6, .L386
 2886 003c DFF8F881 		ldr	r8, .L386+8
 2887              	.LBE93:
 2888              	.LBE92:
 700:Drivers/STM32H7xx_HAL_Driver/Src/stm32h7xx_hal_dma.c **** 
 2889              		.loc 1 700 17 view .LVU870
 2890 0040 80F83540 		strb	r4, [r0, #53]
 703:Drivers/STM32H7xx_HAL_Driver/Src/stm32h7xx_hal_dma.c **** 
 2891              		.loc 1 703 5 is_stmt 1 view .LVU871
 703:Drivers/STM32H7xx_HAL_Driver/Src/stm32h7xx_hal_dma.c **** 
 2892              		.loc 1 703 21 is_stmt 0 view .LVU872
 2893 0044 0024     		movs	r4, #0
 706:Drivers/STM32H7xx_HAL_Driver/Src/stm32h7xx_hal_dma.c **** 
 2894              		.loc 1 706 5 view .LVU873
 2895 0046 7B4D     		ldr	r5, .L386+4
 703:Drivers/STM32H7xx_HAL_Driver/Src/stm32h7xx_hal_dma.c **** 
 2896              		.loc 1 703 21 view .LVU874
 2897 0048 4465     		str	r4, [r0, #84]
 706:Drivers/STM32H7xx_HAL_Driver/Src/stm32h7xx_hal_dma.c **** 
 2898              		.loc 1 706 5 is_stmt 1 view .LVU875
ARM GAS  C:\Users\l1234\AppData\Local\Temp\ccQ59T7L.s 			page 102


 2899 004a 0468     		ldr	r4, [r0]
 2900              	.LBB128:
 2901              	.LBB94:
1791:Drivers/STM32H7xx_HAL_Driver/Src/stm32h7xx_hal_dma.c ****   {
 2902              		.loc 1 1791 6 is_stmt 0 view .LVU876
 2903 004c DFF8EC91 		ldr	r9, .L386+12
 2904 0050 4445     		cmp	r4, r8
 2905 0052 18BF     		it	ne
 2906 0054 B442     		cmpne	r4, r6
 2907              	.LBE94:
 2908              	.LBE128:
 706:Drivers/STM32H7xx_HAL_Driver/Src/stm32h7xx_hal_dma.c **** 
 2909              		.loc 1 706 5 view .LVU877
 2910 0056 DFF8F8C1 		ldr	ip, .L386+32
 2911              	.LBB129:
 2912              	.LBB95:
1776:Drivers/STM32H7xx_HAL_Driver/Src/stm32h7xx_hal_dma.c ****   BDMA_Base_Registers *regs_bdma = (BDMA_Base_Registers *)hdma->StreamBaseAddress;
 2913              		.loc 1 1776 24 view .LVU878
 2914 005a 866D     		ldr	r6, [r0, #88]
 2915 005c 0CBF     		ite	eq
 2916 005e 4FF0010B 		moveq	fp, #1
 2917 0062 4FF0000B 		movne	fp, #0
 2918 0066 0196     		str	r6, [sp, #4]
 2919 0068 4C45     		cmp	r4, r9
 2920 006a 14BF     		ite	ne
 2921 006c DE46     		movne	lr, fp
 2922 006e 4BF0010E 		orreq	lr, fp, #1
 2923              	.LBE95:
 2924              	.LBE129:
 706:Drivers/STM32H7xx_HAL_Driver/Src/stm32h7xx_hal_dma.c **** 
 2925              		.loc 1 706 5 view .LVU879
 2926 0072 AC42     		cmp	r4, r5
 2927 0074 18BF     		it	ne
 2928 0076 6445     		cmpne	r4, ip
 2929 0078 0CBF     		ite	eq
 2930 007a 0125     		moveq	r5, #1
 2931 007c 0025     		movne	r5, #0
 2932 007e 40F0E980 		bne	.L261
 2933 0082 D4F800C0 		ldr	ip, [r4]
 2934 0086 2CF0010C 		bic	ip, ip, #1
 2935              	.LBB130:
 2936              	.LBB96:
1782:Drivers/STM32H7xx_HAL_Driver/Src/stm32h7xx_hal_dma.c **** 
 2937              		.loc 1 1782 36 view .LVU880
 2938 008a D0E91976 		ldrd	r7, r6, [r0, #100]
 2939              	.LBE96:
 2940              	.LBE130:
 706:Drivers/STM32H7xx_HAL_Driver/Src/stm32h7xx_hal_dma.c **** 
 2941              		.loc 1 706 5 view .LVU881
 2942 008e C4F800C0 		str	ip, [r4]
 709:Drivers/STM32H7xx_HAL_Driver/Src/stm32h7xx_hal_dma.c **** 
 2943              		.loc 1 709 5 is_stmt 1 view .LVU882
 2944              	.LVL148:
 2945              	.LBB131:
 2946              	.LBI92:
1773:Drivers/STM32H7xx_HAL_Driver/Src/stm32h7xx_hal_dma.c **** {
 2947              		.loc 1 1773 13 view .LVU883
ARM GAS  C:\Users\l1234\AppData\Local\Temp\ccQ59T7L.s 			page 103


 2948              	.LBB97:
1776:Drivers/STM32H7xx_HAL_Driver/Src/stm32h7xx_hal_dma.c ****   BDMA_Base_Registers *regs_bdma = (BDMA_Base_Registers *)hdma->StreamBaseAddress;
 2949              		.loc 1 1776 3 view .LVU884
1777:Drivers/STM32H7xx_HAL_Driver/Src/stm32h7xx_hal_dma.c **** 
 2950              		.loc 1 1777 3 view .LVU885
1779:Drivers/STM32H7xx_HAL_Driver/Src/stm32h7xx_hal_dma.c ****   {
 2951              		.loc 1 1779 3 view .LVU886
1782:Drivers/STM32H7xx_HAL_Driver/Src/stm32h7xx_hal_dma.c **** 
 2952              		.loc 1 1782 5 view .LVU887
1784:Drivers/STM32H7xx_HAL_Driver/Src/stm32h7xx_hal_dma.c ****     {
 2953              		.loc 1 1784 7 is_stmt 0 view .LVU888
 2954 0092 D0F86CC0 		ldr	ip, [r0, #108]
1782:Drivers/STM32H7xx_HAL_Driver/Src/stm32h7xx_hal_dma.c **** 
 2955              		.loc 1 1782 36 view .LVU889
 2956 0096 7E60     		str	r6, [r7, #4]
1784:Drivers/STM32H7xx_HAL_Driver/Src/stm32h7xx_hal_dma.c ****     {
 2957              		.loc 1 1784 5 is_stmt 1 view .LVU890
1784:Drivers/STM32H7xx_HAL_Driver/Src/stm32h7xx_hal_dma.c ****     {
 2958              		.loc 1 1784 7 is_stmt 0 view .LVU891
 2959 0098 BCF1000F 		cmp	ip, #0
 2960 009c 02D0     		beq	.L263
 2961              	.LVL149:
 2962              	.L284:
1787:Drivers/STM32H7xx_HAL_Driver/Src/stm32h7xx_hal_dma.c ****     }
 2963              		.loc 1 1787 7 is_stmt 1 view .LVU892
1787:Drivers/STM32H7xx_HAL_Driver/Src/stm32h7xx_hal_dma.c ****     }
 2964              		.loc 1 1787 43 is_stmt 0 view .LVU893
 2965 009e D0E91C67 		ldrd	r6, r7, [r0, #112]
 2966 00a2 7760     		str	r7, [r6, #4]
1791:Drivers/STM32H7xx_HAL_Driver/Src/stm32h7xx_hal_dma.c ****   {
 2967              		.loc 1 1791 3 is_stmt 1 view .LVU894
 2968              	.L263:
1794:Drivers/STM32H7xx_HAL_Driver/Src/stm32h7xx_hal_dma.c **** 
 2969              		.loc 1 1794 5 view .LVU895
1794:Drivers/STM32H7xx_HAL_Driver/Src/stm32h7xx_hal_dma.c **** 
 2970              		.loc 1 1794 51 is_stmt 0 view .LVU896
 2971 00a4 C76D     		ldr	r7, [r0, #92]
1794:Drivers/STM32H7xx_HAL_Driver/Src/stm32h7xx_hal_dma.c **** 
 2972              		.loc 1 1794 29 view .LVU897
 2973 00a6 4FF03F08 		mov	r8, #63
1794:Drivers/STM32H7xx_HAL_Driver/Src/stm32h7xx_hal_dma.c **** 
 2974              		.loc 1 1794 20 view .LVU898
 2975 00aa 019E     		ldr	r6, [sp, #4]
1794:Drivers/STM32H7xx_HAL_Driver/Src/stm32h7xx_hal_dma.c **** 
 2976              		.loc 1 1794 51 view .LVU899
 2977 00ac 07F01F09 		and	r9, r7, #31
1794:Drivers/STM32H7xx_HAL_Driver/Src/stm32h7xx_hal_dma.c **** 
 2978              		.loc 1 1794 29 view .LVU900
 2979 00b0 08FA09F8 		lsl	r8, r8, r9
1794:Drivers/STM32H7xx_HAL_Driver/Src/stm32h7xx_hal_dma.c **** 
 2980              		.loc 1 1794 20 view .LVU901
 2981 00b4 C6F80880 		str	r8, [r6, #8]
1797:Drivers/STM32H7xx_HAL_Driver/Src/stm32h7xx_hal_dma.c **** 
 2982              		.loc 1 1797 5 is_stmt 1 view .LVU902
1797:Drivers/STM32H7xx_HAL_Driver/Src/stm32h7xx_hal_dma.c **** 
 2983              		.loc 1 1797 43 is_stmt 0 view .LVU903
 2984 00b8 2768     		ldr	r7, [r4]
ARM GAS  C:\Users\l1234\AppData\Local\Temp\ccQ59T7L.s 			page 104


1797:Drivers/STM32H7xx_HAL_Driver/Src/stm32h7xx_hal_dma.c **** 
 2985              		.loc 1 1797 48 view .LVU904
 2986 00ba 27F48027 		bic	r7, r7, #262144
 2987 00be 2760     		str	r7, [r4]
1800:Drivers/STM32H7xx_HAL_Driver/Src/stm32h7xx_hal_dma.c **** 
 2988              		.loc 1 1800 5 is_stmt 1 view .LVU905
1800:Drivers/STM32H7xx_HAL_Driver/Src/stm32h7xx_hal_dma.c **** 
 2989              		.loc 1 1800 50 is_stmt 0 view .LVU906
 2990 00c0 6360     		str	r3, [r4, #4]
1803:Drivers/STM32H7xx_HAL_Driver/Src/stm32h7xx_hal_dma.c ****     {
 2991              		.loc 1 1803 5 is_stmt 1 view .LVU907
1803:Drivers/STM32H7xx_HAL_Driver/Src/stm32h7xx_hal_dma.c ****     {
 2992              		.loc 1 1803 7 is_stmt 0 view .LVU908
 2993 00c2 8368     		ldr	r3, [r0, #8]
 2994              	.LVL150:
1803:Drivers/STM32H7xx_HAL_Driver/Src/stm32h7xx_hal_dma.c ****     {
 2995              		.loc 1 1803 7 view .LVU909
 2996 00c4 402B     		cmp	r3, #64
 2997 00c6 00F0D281 		beq	.L381
1815:Drivers/STM32H7xx_HAL_Driver/Src/stm32h7xx_hal_dma.c **** 
 2998              		.loc 1 1815 7 is_stmt 1 view .LVU910
1815:Drivers/STM32H7xx_HAL_Driver/Src/stm32h7xx_hal_dma.c **** 
 2999              		.loc 1 1815 51 is_stmt 0 view .LVU911
 3000 00ca A160     		str	r1, [r4, #8]
 3001              	.LVL151:
1818:Drivers/STM32H7xx_HAL_Driver/Src/stm32h7xx_hal_dma.c ****     }
 3002              		.loc 1 1818 7 is_stmt 1 view .LVU912
1818:Drivers/STM32H7xx_HAL_Driver/Src/stm32h7xx_hal_dma.c ****     }
 3003              		.loc 1 1818 52 is_stmt 0 view .LVU913
 3004 00cc E260     		str	r2, [r4, #12]
 3005              	.L307:
1851:Drivers/STM32H7xx_HAL_Driver/Src/stm32h7xx_hal_dma.c **** }
 3006              		.loc 1 1851 3 is_stmt 1 view .LVU914
 3007              	.LVL152:
1851:Drivers/STM32H7xx_HAL_Driver/Src/stm32h7xx_hal_dma.c **** }
 3008              		.loc 1 1851 3 is_stmt 0 view .LVU915
 3009              	.LBE97:
 3010              	.LBE131:
 711:Drivers/STM32H7xx_HAL_Driver/Src/stm32h7xx_hal_dma.c ****     {
 3011              		.loc 1 711 5 is_stmt 1 view .LVU916
 711:Drivers/STM32H7xx_HAL_Driver/Src/stm32h7xx_hal_dma.c ****     {
 3012              		.loc 1 711 8 is_stmt 0 view .LVU917
 3013 00ce 002D     		cmp	r5, #0
 3014 00d0 40F0A281 		bne	.L312
 711:Drivers/STM32H7xx_HAL_Driver/Src/stm32h7xx_hal_dma.c ****     {
 3015              		.loc 1 711 8 discriminator 2 view .LVU918
 3016 00d4 584A     		ldr	r2, .L386+8
 3017              	.LVL153:
 716:Drivers/STM32H7xx_HAL_Driver/Src/stm32h7xx_hal_dma.c ****       {
 3018              		.loc 1 716 14 discriminator 2 view .LVU919
 3019 00d6 036C     		ldr	r3, [r0, #64]
 711:Drivers/STM32H7xx_HAL_Driver/Src/stm32h7xx_hal_dma.c ****     {
 3020              		.loc 1 711 8 discriminator 2 view .LVU920
 3021 00d8 9442     		cmp	r4, r2
 3022 00da 00F00182 		beq	.L313
 3023              	.L311:
 711:Drivers/STM32H7xx_HAL_Driver/Src/stm32h7xx_hal_dma.c ****     {
ARM GAS  C:\Users\l1234\AppData\Local\Temp\ccQ59T7L.s 			page 105


 3024              		.loc 1 711 8 discriminator 4 view .LVU921
 3025 00de 574A     		ldr	r2, .L386+12
 3026 00e0 9442     		cmp	r4, r2
 3027 00e2 00F00782 		beq	.L314
 711:Drivers/STM32H7xx_HAL_Driver/Src/stm32h7xx_hal_dma.c ****     {
 3028              		.loc 1 711 8 discriminator 6 view .LVU922
 3029 00e6 BBF1000F 		cmp	fp, #0
 3030 00ea 40F0D781 		bne	.L382
 3031              	.L304:
 711:Drivers/STM32H7xx_HAL_Driver/Src/stm32h7xx_hal_dma.c ****     {
 3032              		.loc 1 711 8 view .LVU923
 3033 00ee 544A     		ldr	r2, .L386+16
 716:Drivers/STM32H7xx_HAL_Driver/Src/stm32h7xx_hal_dma.c ****       {
 3034              		.loc 1 716 14 view .LVU924
 3035 00f0 1946     		mov	r1, r3
 3036              	.LVL154:
 711:Drivers/STM32H7xx_HAL_Driver/Src/stm32h7xx_hal_dma.c ****     {
 3037              		.loc 1 711 8 view .LVU925
 3038 00f2 9442     		cmp	r4, r2
 3039 00f4 00F01C82 		beq	.L383
 711:Drivers/STM32H7xx_HAL_Driver/Src/stm32h7xx_hal_dma.c ****     {
 3040              		.loc 1 711 8 discriminator 10 view .LVU926
 3041 00f8 524A     		ldr	r2, .L386+20
 3042 00fa 9442     		cmp	r4, r2
 3043 00fc 00F04C82 		beq	.L316
 711:Drivers/STM32H7xx_HAL_Driver/Src/stm32h7xx_hal_dma.c ****     {
 3044              		.loc 1 711 8 discriminator 12 view .LVU927
 3045 0100 1832     		adds	r2, r2, #24
 3046 0102 9442     		cmp	r4, r2
 3047 0104 00F06982 		beq	.L317
 711:Drivers/STM32H7xx_HAL_Driver/Src/stm32h7xx_hal_dma.c ****     {
 3048              		.loc 1 711 8 discriminator 14 view .LVU928
 3049 0108 02F55672 		add	r2, r2, #856
 3050 010c 9442     		cmp	r4, r2
 3051 010e 00F07182 		beq	.L318
 3052              	.L343:
 711:Drivers/STM32H7xx_HAL_Driver/Src/stm32h7xx_hal_dma.c ****     {
 3053              		.loc 1 711 8 discriminator 16 view .LVU929
 3054 0112 4D4B     		ldr	r3, .L386+24
 3055 0114 9C42     		cmp	r4, r3
 3056 0116 00F0CE82 		beq	.L319
 711:Drivers/STM32H7xx_HAL_Driver/Src/stm32h7xx_hal_dma.c ****     {
 3057              		.loc 1 711 8 discriminator 18 view .LVU930
 3058 011a 1833     		adds	r3, r3, #24
 3059 011c 9C42     		cmp	r4, r3
 3060 011e 00F0D582 		beq	.L320
 711:Drivers/STM32H7xx_HAL_Driver/Src/stm32h7xx_hal_dma.c ****     {
 3061              		.loc 1 711 8 discriminator 20 view .LVU931
 3062 0122 1833     		adds	r3, r3, #24
 3063 0124 9C42     		cmp	r4, r3
 3064 0126 00F0E582 		beq	.L321
 711:Drivers/STM32H7xx_HAL_Driver/Src/stm32h7xx_hal_dma.c ****     {
 3065              		.loc 1 711 8 discriminator 22 view .LVU932
 3066 012a 1833     		adds	r3, r3, #24
 3067 012c 9C42     		cmp	r4, r3
 3068 012e 00F0FE82 		beq	.L322
 711:Drivers/STM32H7xx_HAL_Driver/Src/stm32h7xx_hal_dma.c ****     {
ARM GAS  C:\Users\l1234\AppData\Local\Temp\ccQ59T7L.s 			page 106


 3069              		.loc 1 711 8 discriminator 24 view .LVU933
 3070 0132 1833     		adds	r3, r3, #24
 3071 0134 9C42     		cmp	r4, r3
 3072 0136 00F00F83 		beq	.L323
 711:Drivers/STM32H7xx_HAL_Driver/Src/stm32h7xx_hal_dma.c ****     {
 3073              		.loc 1 711 8 discriminator 26 view .LVU934
 3074 013a 1833     		adds	r3, r3, #24
 3075 013c 9C42     		cmp	r4, r3
 3076 013e 00F02183 		beq	.L324
 711:Drivers/STM32H7xx_HAL_Driver/Src/stm32h7xx_hal_dma.c ****     {
 3077              		.loc 1 711 8 discriminator 28 view .LVU935
 3078 0142 1833     		adds	r3, r3, #24
 3079 0144 9C42     		cmp	r4, r3
 3080 0146 00F04983 		beq	.L325
 725:Drivers/STM32H7xx_HAL_Driver/Src/stm32h7xx_hal_dma.c **** 
 3081              		.loc 1 725 7 is_stmt 1 view .LVU936
 3082 014a 2368     		ldr	r3, [r4]
 3083 014c 23F00E03 		bic	r3, r3, #14
 3084 0150 43F00A03 		orr	r3, r3, #10
 3085 0154 2360     		str	r3, [r4]
 727:Drivers/STM32H7xx_HAL_Driver/Src/stm32h7xx_hal_dma.c ****       {
 3086              		.loc 1 727 7 view .LVU937
 727:Drivers/STM32H7xx_HAL_Driver/Src/stm32h7xx_hal_dma.c ****       {
 3087              		.loc 1 727 9 is_stmt 0 view .LVU938
 3088 0156 19B1     		cbz	r1, .L327
 730:Drivers/STM32H7xx_HAL_Driver/Src/stm32h7xx_hal_dma.c ****       }
 3089              		.loc 1 730 9 is_stmt 1 view .LVU939
 730:Drivers/STM32H7xx_HAL_Driver/Src/stm32h7xx_hal_dma.c ****       }
 3090              		.loc 1 730 51 is_stmt 0 view .LVU940
 3091 0158 2368     		ldr	r3, [r4]
 730:Drivers/STM32H7xx_HAL_Driver/Src/stm32h7xx_hal_dma.c ****       }
 3092              		.loc 1 730 58 view .LVU941
 3093 015a 43F00403 		orr	r3, r3, #4
 3094 015e 2360     		str	r3, [r4]
 734:Drivers/STM32H7xx_HAL_Driver/Src/stm32h7xx_hal_dma.c ****     {
 3095              		.loc 1 734 5 is_stmt 1 view .LVU942
 3096              	.L327:
 734:Drivers/STM32H7xx_HAL_Driver/Src/stm32h7xx_hal_dma.c ****     {
 3097              		.loc 1 734 8 is_stmt 0 discriminator 2 view .LVU943
 3098 0160 384B     		ldr	r3, .L386+20
 3099 0162 374A     		ldr	r2, .L386+16
 3100 0164 9442     		cmp	r4, r2
 3101 0166 18BF     		it	ne
 3102 0168 9C42     		cmpne	r4, r3
 3103 016a 02F13002 		add	r2, r2, #48
 3104 016e 0CBF     		ite	eq
 3105 0170 0123     		moveq	r3, #1
 3106 0172 0023     		movne	r3, #0
 3107 0174 9442     		cmp	r4, r2
 3108 0176 08BF     		it	eq
 3109 0178 43F00103 		orreq	r3, r3, #1
 3110 017c 02F55672 		add	r2, r2, #856
 3111 0180 9442     		cmp	r4, r2
 3112 0182 08BF     		it	eq
 3113 0184 43F00103 		orreq	r3, r3, #1
 3114 0188 1832     		adds	r2, r2, #24
 3115 018a 9442     		cmp	r4, r2
ARM GAS  C:\Users\l1234\AppData\Local\Temp\ccQ59T7L.s 			page 107


 3116 018c 08BF     		it	eq
 3117 018e 43F00103 		orreq	r3, r3, #1
 3118 0192 1832     		adds	r2, r2, #24
 3119 0194 9442     		cmp	r4, r2
 3120 0196 08BF     		it	eq
 3121 0198 43F00103 		orreq	r3, r3, #1
 3122 019c 1832     		adds	r2, r2, #24
 3123 019e 9442     		cmp	r4, r2
 3124 01a0 08BF     		it	eq
 3125 01a2 43F00103 		orreq	r3, r3, #1
 3126 01a6 1832     		adds	r2, r2, #24
 3127 01a8 9442     		cmp	r4, r2
 3128 01aa 08BF     		it	eq
 3129 01ac 43F00103 		orreq	r3, r3, #1
 3130 01b0 1832     		adds	r2, r2, #24
 3131 01b2 9442     		cmp	r4, r2
 3132 01b4 08BF     		it	eq
 3133 01b6 43F00103 		orreq	r3, r3, #1
 3134 01ba 1832     		adds	r2, r2, #24
 3135 01bc 9442     		cmp	r4, r2
 3136 01be 08BF     		it	eq
 3137 01c0 43F00103 		orreq	r3, r3, #1
 3138 01c4 1832     		adds	r2, r2, #24
 3139 01c6 9442     		cmp	r4, r2
 3140 01c8 08BF     		it	eq
 3141 01ca 43F00103 		orreq	r3, r3, #1
 3142 01ce 1F4A     		ldr	r2, .L386+28
 3143 01d0 9442     		cmp	r4, r2
 3144 01d2 08BF     		it	eq
 3145 01d4 43F00103 		orreq	r3, r3, #1
 3146 01d8 1432     		adds	r2, r2, #20
 3147 01da 9442     		cmp	r4, r2
 3148 01dc 08BF     		it	eq
 3149 01de 43F00103 		orreq	r3, r3, #1
 3150 01e2 1432     		adds	r2, r2, #20
 3151 01e4 9442     		cmp	r4, r2
 3152 01e6 08BF     		it	eq
 3153 01e8 43F00103 		orreq	r3, r3, #1
 3154 01ec 1432     		adds	r2, r2, #20
 3155 01ee 9442     		cmp	r4, r2
 3156 01f0 08BF     		it	eq
 3157 01f2 43F00103 		orreq	r3, r3, #1
 3158 01f6 1432     		adds	r2, r2, #20
 3159 01f8 9442     		cmp	r4, r2
 3160 01fa 08BF     		it	eq
 3161 01fc 43F00103 		orreq	r3, r3, #1
 3162 0200 1432     		adds	r2, r2, #20
 3163 0202 9442     		cmp	r4, r2
 3164 0204 08BF     		it	eq
 3165 0206 43F00103 		orreq	r3, r3, #1
 3166 020a 1432     		adds	r2, r2, #20
 3167 020c 9442     		cmp	r4, r2
 3168 020e 08BF     		it	eq
 3169 0210 43F00103 		orreq	r3, r3, #1
 3170 0214 1432     		adds	r2, r2, #20
 3171 0216 9442     		cmp	r4, r2
 3172 0218 08BF     		it	eq
ARM GAS  C:\Users\l1234\AppData\Local\Temp\ccQ59T7L.s 			page 108


 3173 021a 43F00103 		orreq	r3, r3, #1
 3174 021e 1BB9     		cbnz	r3, .L372
 3175 0220 BEF1000F 		cmp	lr, #0
 3176 0224 00F01581 		beq	.L334
 3177              	.L372:
 3178 0228 D0F86CC0 		ldr	ip, [r0, #108]
 3179 022c 00E1     		b	.L330
 3180              	.L387:
 3181 022e 00BF     		.align	2
 3182              	.L386:
 3183 0230 70000240 		.word	1073873008
 3184 0234 28000240 		.word	1073872936
 3185 0238 40000240 		.word	1073872960
 3186 023c 58000240 		.word	1073872984
 3187 0240 88000240 		.word	1073873032
 3188 0244 A0000240 		.word	1073873056
 3189 0248 28040240 		.word	1073873960
 3190 024c 08540258 		.word	1476547592
 3191 0250 10000240 		.word	1073872912
 3192              	.LVL155:
 3193              	.L261:
 706:Drivers/STM32H7xx_HAL_Driver/Src/stm32h7xx_hal_dma.c **** 
 3194              		.loc 1 706 5 discriminator 2 view .LVU944
 3195 0254 4445     		cmp	r4, r8
 3196 0256 00F02F81 		beq	.L264
 706:Drivers/STM32H7xx_HAL_Driver/Src/stm32h7xx_hal_dma.c **** 
 3197              		.loc 1 706 5 discriminator 4 view .LVU945
 3198 025a 4C45     		cmp	r4, r9
 3199 025c 00F05481 		beq	.L265
 706:Drivers/STM32H7xx_HAL_Driver/Src/stm32h7xx_hal_dma.c **** 
 3200              		.loc 1 706 5 discriminator 6 view .LVU946
 3201 0260 BBF1000F 		cmp	fp, #0
 3202 0264 40F00681 		bne	.L266
 706:Drivers/STM32H7xx_HAL_Driver/Src/stm32h7xx_hal_dma.c **** 
 3203              		.loc 1 706 5 discriminator 8 view .LVU947
 3204 0268 DFF84CC5 		ldr	ip, .L388+8
 3205 026c 6445     		cmp	r4, ip
 3206 026e 00F06B81 		beq	.L267
 706:Drivers/STM32H7xx_HAL_Driver/Src/stm32h7xx_hal_dma.c **** 
 3207              		.loc 1 706 5 discriminator 10 view .LVU948
 3208 0272 0CF1180C 		add	ip, ip, #24
 3209 0276 6445     		cmp	r4, ip
 3210 0278 00F07A81 		beq	.L268
 706:Drivers/STM32H7xx_HAL_Driver/Src/stm32h7xx_hal_dma.c **** 
 3211              		.loc 1 706 5 discriminator 12 view .LVU949
 3212 027c 0CF1180C 		add	ip, ip, #24
 3213 0280 6445     		cmp	r4, ip
 3214 0282 00F09681 		beq	.L269
 706:Drivers/STM32H7xx_HAL_Driver/Src/stm32h7xx_hal_dma.c **** 
 3215              		.loc 1 706 5 discriminator 14 view .LVU950
 3216 0286 0CF5567C 		add	ip, ip, #856
 3217 028a 6445     		cmp	r4, ip
 3218 028c 00F0BD81 		beq	.L270
 706:Drivers/STM32H7xx_HAL_Driver/Src/stm32h7xx_hal_dma.c **** 
 3219              		.loc 1 706 5 discriminator 16 view .LVU951
 3220 0290 0CF1180C 		add	ip, ip, #24
 3221 0294 6445     		cmp	r4, ip
ARM GAS  C:\Users\l1234\AppData\Local\Temp\ccQ59T7L.s 			page 109


 3222 0296 00F00582 		beq	.L271
 706:Drivers/STM32H7xx_HAL_Driver/Src/stm32h7xx_hal_dma.c **** 
 3223              		.loc 1 706 5 discriminator 18 view .LVU952
 3224 029a 0CF1180C 		add	ip, ip, #24
 3225 029e 6445     		cmp	r4, ip
 3226 02a0 00F01F82 		beq	.L272
 706:Drivers/STM32H7xx_HAL_Driver/Src/stm32h7xx_hal_dma.c **** 
 3227              		.loc 1 706 5 discriminator 20 view .LVU953
 3228 02a4 0CF1180C 		add	ip, ip, #24
 3229 02a8 6445     		cmp	r4, ip
 3230 02aa 00F02E82 		beq	.L273
 706:Drivers/STM32H7xx_HAL_Driver/Src/stm32h7xx_hal_dma.c **** 
 3231              		.loc 1 706 5 discriminator 22 view .LVU954
 3232 02ae 0CF1180C 		add	ip, ip, #24
 3233 02b2 6445     		cmp	r4, ip
 3234 02b4 00F03282 		beq	.L274
 706:Drivers/STM32H7xx_HAL_Driver/Src/stm32h7xx_hal_dma.c **** 
 3235              		.loc 1 706 5 discriminator 24 view .LVU955
 3236 02b8 0CF1180C 		add	ip, ip, #24
 3237 02bc 6445     		cmp	r4, ip
 3238 02be 00F05882 		beq	.L275
 706:Drivers/STM32H7xx_HAL_Driver/Src/stm32h7xx_hal_dma.c **** 
 3239              		.loc 1 706 5 discriminator 26 view .LVU956
 3240 02c2 0CF1180C 		add	ip, ip, #24
 3241 02c6 6445     		cmp	r4, ip
 3242 02c8 00F06982 		beq	.L276
 706:Drivers/STM32H7xx_HAL_Driver/Src/stm32h7xx_hal_dma.c **** 
 3243              		.loc 1 706 5 discriminator 28 view .LVU957
 3244 02cc 0CF1180C 		add	ip, ip, #24
 3245 02d0 6445     		cmp	r4, ip
 3246 02d2 00F09082 		beq	.L384
 706:Drivers/STM32H7xx_HAL_Driver/Src/stm32h7xx_hal_dma.c **** 
 3247              		.loc 1 706 5 view .LVU958
 3248 02d6 D4F800C0 		ldr	ip, [r4]
 3249 02da 2CF0010C 		bic	ip, ip, #1
 3250 02de C4F800C0 		str	ip, [r4]
 709:Drivers/STM32H7xx_HAL_Driver/Src/stm32h7xx_hal_dma.c **** 
 3251              		.loc 1 709 5 is_stmt 1 view .LVU959
 3252              	.LVL156:
 3253              	.LBB132:
1773:Drivers/STM32H7xx_HAL_Driver/Src/stm32h7xx_hal_dma.c **** {
 3254              		.loc 1 1773 13 view .LVU960
 3255              	.LBB98:
1776:Drivers/STM32H7xx_HAL_Driver/Src/stm32h7xx_hal_dma.c ****   BDMA_Base_Registers *regs_bdma = (BDMA_Base_Registers *)hdma->StreamBaseAddress;
 3256              		.loc 1 1776 3 view .LVU961
1777:Drivers/STM32H7xx_HAL_Driver/Src/stm32h7xx_hal_dma.c **** 
 3257              		.loc 1 1777 3 view .LVU962
1779:Drivers/STM32H7xx_HAL_Driver/Src/stm32h7xx_hal_dma.c ****   {
 3258              		.loc 1 1779 3 view .LVU963
 3259              	.L279:
1779:Drivers/STM32H7xx_HAL_Driver/Src/stm32h7xx_hal_dma.c ****   {
 3260              		.loc 1 1779 6 is_stmt 0 view .LVU964
 3261 02e2 DFF8D8C4 		ldr	ip, .L388+12
 3262 02e6 6445     		cmp	r4, ip
 3263 02e8 40F0A681 		bne	.L285
 3264              	.L288:
1782:Drivers/STM32H7xx_HAL_Driver/Src/stm32h7xx_hal_dma.c **** 
ARM GAS  C:\Users\l1234\AppData\Local\Temp\ccQ59T7L.s 			page 110


 3265              		.loc 1 1782 5 is_stmt 1 view .LVU965
1784:Drivers/STM32H7xx_HAL_Driver/Src/stm32h7xx_hal_dma.c ****     {
 3266              		.loc 1 1784 7 is_stmt 0 view .LVU966
 3267 02ec D0F86CC0 		ldr	ip, [r0, #108]
1782:Drivers/STM32H7xx_HAL_Driver/Src/stm32h7xx_hal_dma.c **** 
 3268              		.loc 1 1782 36 view .LVU967
 3269 02f0 D0E91967 		ldrd	r6, r7, [r0, #100]
 3270 02f4 7760     		str	r7, [r6, #4]
1784:Drivers/STM32H7xx_HAL_Driver/Src/stm32h7xx_hal_dma.c ****     {
 3271              		.loc 1 1784 5 is_stmt 1 view .LVU968
1784:Drivers/STM32H7xx_HAL_Driver/Src/stm32h7xx_hal_dma.c ****     {
 3272              		.loc 1 1784 7 is_stmt 0 view .LVU969
 3273 02f6 BCF1000F 		cmp	ip, #0
 3274 02fa 3FF4D3AE 		beq	.L263
 3275              	.L282:
1787:Drivers/STM32H7xx_HAL_Driver/Src/stm32h7xx_hal_dma.c ****     }
 3276              		.loc 1 1787 7 is_stmt 1 view .LVU970
1787:Drivers/STM32H7xx_HAL_Driver/Src/stm32h7xx_hal_dma.c ****     }
 3277              		.loc 1 1787 43 is_stmt 0 view .LVU971
 3278 02fe D0E91C67 		ldrd	r6, r7, [r0, #112]
 3279 0302 7760     		str	r7, [r6, #4]
1791:Drivers/STM32H7xx_HAL_Driver/Src/stm32h7xx_hal_dma.c ****   {
 3280              		.loc 1 1791 3 is_stmt 1 view .LVU972
 3281              	.L344:
1791:Drivers/STM32H7xx_HAL_Driver/Src/stm32h7xx_hal_dma.c ****   {
 3282              		.loc 1 1791 6 is_stmt 0 view .LVU973
 3283 0304 DFF8B084 		ldr	r8, .L388+8
 3284 0308 DFF8B494 		ldr	r9, .L388+16
 3285 030c 4C45     		cmp	r4, r9
 3286 030e 18BF     		it	ne
 3287 0310 4445     		cmpne	r4, r8
 3288 0312 09F11809 		add	r9, r9, #24
 3289 0316 0CBF     		ite	eq
 3290 0318 4FF00108 		moveq	r8, #1
 3291 031c 4FF00008 		movne	r8, #0
 3292 0320 4C45     		cmp	r4, r9
 3293 0322 08BF     		it	eq
 3294 0324 48F00108 		orreq	r8, r8, #1
 3295 0328 09F55679 		add	r9, r9, #856
 3296 032c 4C45     		cmp	r4, r9
 3297 032e 08BF     		it	eq
 3298 0330 48F00108 		orreq	r8, r8, #1
 3299 0334 09F11809 		add	r9, r9, #24
 3300 0338 4C45     		cmp	r4, r9
 3301 033a 08BF     		it	eq
 3302 033c 48F00108 		orreq	r8, r8, #1
 3303 0340 09F11809 		add	r9, r9, #24
 3304 0344 4C45     		cmp	r4, r9
 3305 0346 08BF     		it	eq
 3306 0348 48F00108 		orreq	r8, r8, #1
 3307 034c 09F11809 		add	r9, r9, #24
 3308 0350 4C45     		cmp	r4, r9
 3309 0352 08BF     		it	eq
 3310 0354 48F00108 		orreq	r8, r8, #1
 3311 0358 09F11809 		add	r9, r9, #24
 3312 035c 4C45     		cmp	r4, r9
 3313 035e 08BF     		it	eq
ARM GAS  C:\Users\l1234\AppData\Local\Temp\ccQ59T7L.s 			page 111


 3314 0360 48F00108 		orreq	r8, r8, #1
 3315 0364 09F11809 		add	r9, r9, #24
 3316 0368 4C45     		cmp	r4, r9
 3317 036a 08BF     		it	eq
 3318 036c 48F00108 		orreq	r8, r8, #1
 3319 0370 09F11809 		add	r9, r9, #24
 3320 0374 4C45     		cmp	r4, r9
 3321 0376 08BF     		it	eq
 3322 0378 48F00108 		orreq	r8, r8, #1
 3323 037c B8F1000F 		cmp	r8, #0
 3324 0380 7FF490AE 		bne	.L263
 3325 0384 DFF83C84 		ldr	r8, .L388+20
 3326 0388 4445     		cmp	r4, r8
 3327 038a 3FF48BAE 		beq	.L263
 3328              	.L339:
1821:Drivers/STM32H7xx_HAL_Driver/Src/stm32h7xx_hal_dma.c ****   {
 3329              		.loc 1 1821 8 is_stmt 1 view .LVU974
1821:Drivers/STM32H7xx_HAL_Driver/Src/stm32h7xx_hal_dma.c ****   {
 3330              		.loc 1 1821 11 is_stmt 0 view .LVU975
 3331 038e DFF83884 		ldr	r8, .L388+24
 3332 0392 DFF83894 		ldr	r9, .L388+28
 3333 0396 4C45     		cmp	r4, r9
 3334 0398 18BF     		it	ne
 3335 039a 4445     		cmpne	r4, r8
 3336 039c 09F11409 		add	r9, r9, #20
 3337 03a0 0CBF     		ite	eq
 3338 03a2 4FF00108 		moveq	r8, #1
 3339 03a6 4FF00008 		movne	r8, #0
 3340 03aa 4C45     		cmp	r4, r9
 3341 03ac 08BF     		it	eq
 3342 03ae 48F00108 		orreq	r8, r8, #1
 3343 03b2 09F11409 		add	r9, r9, #20
 3344 03b6 4C45     		cmp	r4, r9
 3345 03b8 08BF     		it	eq
 3346 03ba 48F00108 		orreq	r8, r8, #1
 3347 03be 09F11409 		add	r9, r9, #20
 3348 03c2 4C45     		cmp	r4, r9
 3349 03c4 08BF     		it	eq
 3350 03c6 48F00108 		orreq	r8, r8, #1
 3351 03ca 09F11409 		add	r9, r9, #20
 3352 03ce 4C45     		cmp	r4, r9
 3353 03d0 08BF     		it	eq
 3354 03d2 48F00108 		orreq	r8, r8, #1
 3355 03d6 09F11409 		add	r9, r9, #20
 3356 03da 4C45     		cmp	r4, r9
 3357 03dc 08BF     		it	eq
 3358 03de 48F00108 		orreq	r8, r8, #1
 3359 03e2 B8F1000F 		cmp	r8, #0
 3360 03e6 04D1     		bne	.L303
 3361 03e8 DFF8E483 		ldr	r8, .L388+32
 3362 03ec 4445     		cmp	r4, r8
 3363 03ee 40F00D82 		bne	.L371
 3364              	.L303:
1824:Drivers/STM32H7xx_HAL_Driver/Src/stm32h7xx_hal_dma.c **** 
 3365              		.loc 1 1824 5 is_stmt 1 view .LVU976
1824:Drivers/STM32H7xx_HAL_Driver/Src/stm32h7xx_hal_dma.c **** 
 3366              		.loc 1 1824 61 is_stmt 0 view .LVU977
ARM GAS  C:\Users\l1234\AppData\Local\Temp\ccQ59T7L.s 			page 112


 3367 03f2 C66D     		ldr	r6, [r0, #92]
1824:Drivers/STM32H7xx_HAL_Driver/Src/stm32h7xx_hal_dma.c **** 
 3368              		.loc 1 1824 39 view .LVU978
 3369 03f4 4FF00108 		mov	r8, #1
1824:Drivers/STM32H7xx_HAL_Driver/Src/stm32h7xx_hal_dma.c **** 
 3370              		.loc 1 1824 61 view .LVU979
 3371 03f8 06F01F09 		and	r9, r6, #31
1824:Drivers/STM32H7xx_HAL_Driver/Src/stm32h7xx_hal_dma.c **** 
 3372              		.loc 1 1824 21 view .LVU980
 3373 03fc 019E     		ldr	r6, [sp, #4]
1824:Drivers/STM32H7xx_HAL_Driver/Src/stm32h7xx_hal_dma.c **** 
 3374              		.loc 1 1824 39 view .LVU981
 3375 03fe 08FA09F8 		lsl	r8, r8, r9
1824:Drivers/STM32H7xx_HAL_Driver/Src/stm32h7xx_hal_dma.c **** 
 3376              		.loc 1 1824 21 view .LVU982
 3377 0402 C6F80480 		str	r8, [r6, #4]
1827:Drivers/STM32H7xx_HAL_Driver/Src/stm32h7xx_hal_dma.c **** 
 3378              		.loc 1 1827 5 is_stmt 1 view .LVU983
1827:Drivers/STM32H7xx_HAL_Driver/Src/stm32h7xx_hal_dma.c **** 
 3379              		.loc 1 1827 53 is_stmt 0 view .LVU984
 3380 0406 6360     		str	r3, [r4, #4]
1830:Drivers/STM32H7xx_HAL_Driver/Src/stm32h7xx_hal_dma.c ****     {
 3381              		.loc 1 1830 5 is_stmt 1 view .LVU985
1830:Drivers/STM32H7xx_HAL_Driver/Src/stm32h7xx_hal_dma.c ****     {
 3382              		.loc 1 1830 7 is_stmt 0 view .LVU986
 3383 0408 8368     		ldr	r3, [r0, #8]
 3384              	.LVL157:
1830:Drivers/STM32H7xx_HAL_Driver/Src/stm32h7xx_hal_dma.c ****     {
 3385              		.loc 1 1830 7 view .LVU987
 3386 040a 402B     		cmp	r3, #64
 3387 040c 00F0FC81 		beq	.L385
1842:Drivers/STM32H7xx_HAL_Driver/Src/stm32h7xx_hal_dma.c **** 
 3388              		.loc 1 1842 7 is_stmt 1 view .LVU988
1842:Drivers/STM32H7xx_HAL_Driver/Src/stm32h7xx_hal_dma.c **** 
 3389              		.loc 1 1842 54 is_stmt 0 view .LVU989
 3390 0410 A160     		str	r1, [r4, #8]
 3391              	.LVL158:
1845:Drivers/STM32H7xx_HAL_Driver/Src/stm32h7xx_hal_dma.c ****     }
 3392              		.loc 1 1845 7 is_stmt 1 view .LVU990
 3393              	.LBE98:
 3394              	.LBE132:
 716:Drivers/STM32H7xx_HAL_Driver/Src/stm32h7xx_hal_dma.c ****       {
 3395              		.loc 1 716 14 is_stmt 0 view .LVU991
 3396 0412 036C     		ldr	r3, [r0, #64]
 3397              	.LBB133:
 3398              	.LBB99:
1845:Drivers/STM32H7xx_HAL_Driver/Src/stm32h7xx_hal_dma.c ****     }
 3399              		.loc 1 1845 55 view .LVU992
 3400 0414 E260     		str	r2, [r4, #12]
1851:Drivers/STM32H7xx_HAL_Driver/Src/stm32h7xx_hal_dma.c **** }
 3401              		.loc 1 1851 3 is_stmt 1 view .LVU993
 3402              	.LVL159:
1851:Drivers/STM32H7xx_HAL_Driver/Src/stm32h7xx_hal_dma.c **** }
 3403              		.loc 1 1851 3 is_stmt 0 view .LVU994
 3404              	.LBE99:
 3405              	.LBE133:
 711:Drivers/STM32H7xx_HAL_Driver/Src/stm32h7xx_hal_dma.c ****     {
ARM GAS  C:\Users\l1234\AppData\Local\Temp\ccQ59T7L.s 			page 113


 3406              		.loc 1 711 5 is_stmt 1 view .LVU995
 3407 0416 62E6     		b	.L311
 3408              	.L312:
 714:Drivers/STM32H7xx_HAL_Driver/Src/stm32h7xx_hal_dma.c **** 
 3409              		.loc 1 714 7 view .LVU996
 3410 0418 2368     		ldr	r3, [r4]
 3411 041a 23F01E03 		bic	r3, r3, #30
 3412 041e 43F01603 		orr	r3, r3, #22
 3413 0422 2360     		str	r3, [r4]
 716:Drivers/STM32H7xx_HAL_Driver/Src/stm32h7xx_hal_dma.c ****       {
 3414              		.loc 1 716 7 view .LVU997
 716:Drivers/STM32H7xx_HAL_Driver/Src/stm32h7xx_hal_dma.c ****       {
 3415              		.loc 1 716 9 is_stmt 0 view .LVU998
 3416 0424 036C     		ldr	r3, [r0, #64]
 3417 0426 1BB1     		cbz	r3, .L330
 719:Drivers/STM32H7xx_HAL_Driver/Src/stm32h7xx_hal_dma.c ****       }
 3418              		.loc 1 719 9 is_stmt 1 view .LVU999
 719:Drivers/STM32H7xx_HAL_Driver/Src/stm32h7xx_hal_dma.c ****       }
 3419              		.loc 1 719 49 is_stmt 0 view .LVU1000
 3420 0428 2368     		ldr	r3, [r4]
 719:Drivers/STM32H7xx_HAL_Driver/Src/stm32h7xx_hal_dma.c ****       }
 3421              		.loc 1 719 55 view .LVU1001
 3422 042a 43F00803 		orr	r3, r3, #8
 3423 042e 2360     		str	r3, [r4]
 734:Drivers/STM32H7xx_HAL_Driver/Src/stm32h7xx_hal_dma.c ****     {
 3424              		.loc 1 734 5 is_stmt 1 view .LVU1002
 3425              	.LVL160:
 3426              	.L330:
 737:Drivers/STM32H7xx_HAL_Driver/Src/stm32h7xx_hal_dma.c ****       {
 3427              		.loc 1 737 7 view .LVU1003
 737:Drivers/STM32H7xx_HAL_Driver/Src/stm32h7xx_hal_dma.c ****       {
 3428              		.loc 1 737 15 is_stmt 0 view .LVU1004
 3429 0430 036E     		ldr	r3, [r0, #96]
 737:Drivers/STM32H7xx_HAL_Driver/Src/stm32h7xx_hal_dma.c ****       {
 3430              		.loc 1 737 30 view .LVU1005
 3431 0432 1A68     		ldr	r2, [r3]
 737:Drivers/STM32H7xx_HAL_Driver/Src/stm32h7xx_hal_dma.c ****       {
 3432              		.loc 1 737 9 view .LVU1006
 3433 0434 D203     		lsls	r2, r2, #15
 3434 0436 03D5     		bpl	.L337
 740:Drivers/STM32H7xx_HAL_Driver/Src/stm32h7xx_hal_dma.c ****       }
 3435              		.loc 1 740 9 is_stmt 1 view .LVU1007
 740:Drivers/STM32H7xx_HAL_Driver/Src/stm32h7xx_hal_dma.c ****       }
 3436              		.loc 1 740 28 is_stmt 0 view .LVU1008
 3437 0438 1A68     		ldr	r2, [r3]
 740:Drivers/STM32H7xx_HAL_Driver/Src/stm32h7xx_hal_dma.c ****       }
 3438              		.loc 1 740 34 view .LVU1009
 3439 043a 42F48072 		orr	r2, r2, #256
 3440 043e 1A60     		str	r2, [r3]
 3441              	.L337:
 743:Drivers/STM32H7xx_HAL_Driver/Src/stm32h7xx_hal_dma.c ****       {
 3442              		.loc 1 743 7 is_stmt 1 view .LVU1010
 743:Drivers/STM32H7xx_HAL_Driver/Src/stm32h7xx_hal_dma.c ****       {
 3443              		.loc 1 743 9 is_stmt 0 view .LVU1011
 3444 0440 BCF1000F 		cmp	ip, #0
 3445 0444 05D0     		beq	.L334
 747:Drivers/STM32H7xx_HAL_Driver/Src/stm32h7xx_hal_dma.c ****       }
ARM GAS  C:\Users\l1234\AppData\Local\Temp\ccQ59T7L.s 			page 114


 3446              		.loc 1 747 9 is_stmt 1 view .LVU1012
 747:Drivers/STM32H7xx_HAL_Driver/Src/stm32h7xx_hal_dma.c ****       }
 3447              		.loc 1 747 31 is_stmt 0 view .LVU1013
 3448 0446 DCF80030 		ldr	r3, [ip]
 747:Drivers/STM32H7xx_HAL_Driver/Src/stm32h7xx_hal_dma.c ****       }
 3449              		.loc 1 747 38 view .LVU1014
 3450 044a 43F48073 		orr	r3, r3, #256
 3451 044e CCF80030 		str	r3, [ip]
 752:Drivers/STM32H7xx_HAL_Driver/Src/stm32h7xx_hal_dma.c ****   }
 3452              		.loc 1 752 5 is_stmt 1 view .LVU1015
 3453              	.L334:
 752:Drivers/STM32H7xx_HAL_Driver/Src/stm32h7xx_hal_dma.c ****   }
 3454              		.loc 1 752 5 is_stmt 0 view .LVU1016
 3455 0452 2368     		ldr	r3, [r4]
 683:Drivers/STM32H7xx_HAL_Driver/Src/stm32h7xx_hal_dma.c **** 
 3456              		.loc 1 683 21 view .LVU1017
 3457 0454 0020     		movs	r0, #0
 3458              	.LVL161:
 752:Drivers/STM32H7xx_HAL_Driver/Src/stm32h7xx_hal_dma.c ****   }
 3459              		.loc 1 752 5 view .LVU1018
 3460 0456 43F00103 		orr	r3, r3, #1
 3461 045a 2360     		str	r3, [r4]
 767:Drivers/STM32H7xx_HAL_Driver/Src/stm32h7xx_hal_dma.c **** 
 3462              		.loc 1 767 1 view .LVU1019
 3463 045c 03B0     		add	sp, sp, #12
 3464              	.LCFI21:
 3465              		.cfi_remember_state
 3466              		.cfi_def_cfa_offset 36
 3467              		@ sp needed
 3468 045e BDE8F08F 		pop	{r4, r5, r6, r7, r8, r9, r10, fp, pc}
 3469              	.LVL162:
 3470              	.L345:
 3471              	.LCFI22:
 3472              		.cfi_restore_state
 695:Drivers/STM32H7xx_HAL_Driver/Src/stm32h7xx_hal_dma.c **** 
 3473              		.loc 1 695 3 view .LVU1020
 3474 0462 0220     		movs	r0, #2
 3475              	.LVL163:
 767:Drivers/STM32H7xx_HAL_Driver/Src/stm32h7xx_hal_dma.c **** 
 3476              		.loc 1 767 1 view .LVU1021
 3477 0464 03B0     		add	sp, sp, #12
 3478              	.LCFI23:
 3479              		.cfi_def_cfa_offset 36
 3480              		@ sp needed
 3481 0466 BDE8F08F 		pop	{r4, r5, r6, r7, r8, r9, r10, fp, pc}
 3482              	.LVL164:
 3483              	.L361:
 3484              	.LCFI24:
 3485              		.cfi_def_cfa_offset 0
 3486              		.cfi_restore 4
 3487              		.cfi_restore 5
 3488              		.cfi_restore 6
 3489              		.cfi_restore 7
 3490              		.cfi_restore 8
 3491              		.cfi_restore 9
 3492              		.cfi_restore 10
 3493              		.cfi_restore 11
ARM GAS  C:\Users\l1234\AppData\Local\Temp\ccQ59T7L.s 			page 115


 3494              		.cfi_restore 14
 691:Drivers/STM32H7xx_HAL_Driver/Src/stm32h7xx_hal_dma.c ****   }
 3495              		.loc 1 691 12 view .LVU1022
 3496 046a 0120     		movs	r0, #1
 3497              	.LVL165:
 767:Drivers/STM32H7xx_HAL_Driver/Src/stm32h7xx_hal_dma.c **** 
 3498              		.loc 1 767 1 view .LVU1023
 3499 046c 7047     		bx	lr
 3500              	.LVL166:
 3501              	.L381:
 3502              	.LCFI25:
 3503              		.cfi_def_cfa_offset 48
 3504              		.cfi_offset 4, -36
 3505              		.cfi_offset 5, -32
 3506              		.cfi_offset 6, -28
 3507              		.cfi_offset 7, -24
 3508              		.cfi_offset 8, -20
 3509              		.cfi_offset 9, -16
 3510              		.cfi_offset 10, -12
 3511              		.cfi_offset 11, -8
 3512              		.cfi_offset 14, -4
 3513              	.LBB134:
 3514              	.LBB100:
1806:Drivers/STM32H7xx_HAL_Driver/Src/stm32h7xx_hal_dma.c **** 
 3515              		.loc 1 1806 7 is_stmt 1 view .LVU1024
1806:Drivers/STM32H7xx_HAL_Driver/Src/stm32h7xx_hal_dma.c **** 
 3516              		.loc 1 1806 51 is_stmt 0 view .LVU1025
 3517 046e A260     		str	r2, [r4, #8]
 3518              	.LVL167:
1809:Drivers/STM32H7xx_HAL_Driver/Src/stm32h7xx_hal_dma.c ****     }
 3519              		.loc 1 1809 7 is_stmt 1 view .LVU1026
1809:Drivers/STM32H7xx_HAL_Driver/Src/stm32h7xx_hal_dma.c ****     }
 3520              		.loc 1 1809 52 is_stmt 0 view .LVU1027
 3521 0470 E160     		str	r1, [r4, #12]
 3522 0472 2CE6     		b	.L307
 3523              	.LVL168:
 3524              	.L266:
1809:Drivers/STM32H7xx_HAL_Driver/Src/stm32h7xx_hal_dma.c ****     }
 3525              		.loc 1 1809 52 view .LVU1028
 3526              	.LBE100:
 3527              	.LBE134:
 706:Drivers/STM32H7xx_HAL_Driver/Src/stm32h7xx_hal_dma.c **** 
 3528              		.loc 1 706 5 view .LVU1029
 3529 0474 DFF838A3 		ldr	r10, .L388
 3530              	.LBB135:
 3531              	.LBB101:
1782:Drivers/STM32H7xx_HAL_Driver/Src/stm32h7xx_hal_dma.c **** 
 3532              		.loc 1 1782 9 view .LVU1030
 3533 0478 D0F86490 		ldr	r9, [r0, #100]
 3534              	.LBE101:
 3535              	.LBE135:
 706:Drivers/STM32H7xx_HAL_Driver/Src/stm32h7xx_hal_dma.c **** 
 3536              		.loc 1 706 5 view .LVU1031
 3537 047c DAF87080 		ldr	r8, [r10, #112]
 3538              	.LBB136:
 3539              	.LBB102:
1784:Drivers/STM32H7xx_HAL_Driver/Src/stm32h7xx_hal_dma.c ****     {
ARM GAS  C:\Users\l1234\AppData\Local\Temp\ccQ59T7L.s 			page 116


 3540              		.loc 1 1784 7 view .LVU1032
 3541 0480 D0F86CC0 		ldr	ip, [r0, #108]
 3542              	.LBE102:
 3543              	.LBE136:
 706:Drivers/STM32H7xx_HAL_Driver/Src/stm32h7xx_hal_dma.c **** 
 3544              		.loc 1 706 5 view .LVU1033
 3545 0484 28F00108 		bic	r8, r8, #1
 3546 0488 CAF87080 		str	r8, [r10, #112]
 709:Drivers/STM32H7xx_HAL_Driver/Src/stm32h7xx_hal_dma.c **** 
 3547              		.loc 1 709 5 is_stmt 1 view .LVU1034
 3548              	.LVL169:
 3549              	.LBB137:
1773:Drivers/STM32H7xx_HAL_Driver/Src/stm32h7xx_hal_dma.c **** {
 3550              		.loc 1 1773 13 view .LVU1035
 3551              	.LBB103:
1776:Drivers/STM32H7xx_HAL_Driver/Src/stm32h7xx_hal_dma.c ****   BDMA_Base_Registers *regs_bdma = (BDMA_Base_Registers *)hdma->StreamBaseAddress;
 3552              		.loc 1 1776 3 view .LVU1036
1777:Drivers/STM32H7xx_HAL_Driver/Src/stm32h7xx_hal_dma.c **** 
 3553              		.loc 1 1777 3 view .LVU1037
1779:Drivers/STM32H7xx_HAL_Driver/Src/stm32h7xx_hal_dma.c ****   {
 3554              		.loc 1 1779 3 view .LVU1038
1782:Drivers/STM32H7xx_HAL_Driver/Src/stm32h7xx_hal_dma.c **** 
 3555              		.loc 1 1782 5 view .LVU1039
1782:Drivers/STM32H7xx_HAL_Driver/Src/stm32h7xx_hal_dma.c **** 
 3556              		.loc 1 1782 36 is_stmt 0 view .LVU1040
 3557 048c 866E     		ldr	r6, [r0, #104]
 3558 048e C9F80460 		str	r6, [r9, #4]
 3559              	.LVL170:
1784:Drivers/STM32H7xx_HAL_Driver/Src/stm32h7xx_hal_dma.c ****     {
 3560              		.loc 1 1784 5 is_stmt 1 view .LVU1041
1784:Drivers/STM32H7xx_HAL_Driver/Src/stm32h7xx_hal_dma.c ****     {
 3561              		.loc 1 1784 7 is_stmt 0 view .LVU1042
 3562 0492 BCF1000F 		cmp	ip, #0
 3563 0496 7FF402AE 		bne	.L284
 3564 049a 03E6     		b	.L263
 3565              	.LVL171:
 3566              	.L382:
1784:Drivers/STM32H7xx_HAL_Driver/Src/stm32h7xx_hal_dma.c ****     {
 3567              		.loc 1 1784 7 view .LVU1043
 3568              	.LBE103:
 3569              	.LBE137:
 714:Drivers/STM32H7xx_HAL_Driver/Src/stm32h7xx_hal_dma.c **** 
 3570              		.loc 1 714 7 is_stmt 1 view .LVU1044
 3571 049c C449     		ldr	r1, .L388
 3572              	.LVL172:
 714:Drivers/STM32H7xx_HAL_Driver/Src/stm32h7xx_hal_dma.c **** 
 3573              		.loc 1 714 7 is_stmt 0 view .LVU1045
 3574 049e 0A6F     		ldr	r2, [r1, #112]
 3575 04a0 22F01E02 		bic	r2, r2, #30
 3576 04a4 42F01602 		orr	r2, r2, #22
 3577 04a8 0A67     		str	r2, [r1, #112]
 716:Drivers/STM32H7xx_HAL_Driver/Src/stm32h7xx_hal_dma.c ****       {
 3578              		.loc 1 716 7 is_stmt 1 view .LVU1046
 716:Drivers/STM32H7xx_HAL_Driver/Src/stm32h7xx_hal_dma.c ****       {
 3579              		.loc 1 716 9 is_stmt 0 view .LVU1047
 3580 04aa 002B     		cmp	r3, #0
 3581 04ac C0D0     		beq	.L330
ARM GAS  C:\Users\l1234\AppData\Local\Temp\ccQ59T7L.s 			page 117


 3582              	.L338:
 719:Drivers/STM32H7xx_HAL_Driver/Src/stm32h7xx_hal_dma.c ****       }
 3583              		.loc 1 719 9 is_stmt 1 view .LVU1048
 719:Drivers/STM32H7xx_HAL_Driver/Src/stm32h7xx_hal_dma.c ****       }
 3584              		.loc 1 719 49 is_stmt 0 view .LVU1049
 3585 04ae 2368     		ldr	r3, [r4]
 719:Drivers/STM32H7xx_HAL_Driver/Src/stm32h7xx_hal_dma.c ****       }
 3586              		.loc 1 719 55 view .LVU1050
 3587 04b0 43F00803 		orr	r3, r3, #8
 3588 04b4 2360     		str	r3, [r4]
 734:Drivers/STM32H7xx_HAL_Driver/Src/stm32h7xx_hal_dma.c ****     {
 3589              		.loc 1 734 5 is_stmt 1 view .LVU1051
 3590 04b6 53E6     		b	.L327
 3591              	.LVL173:
 3592              	.L264:
 706:Drivers/STM32H7xx_HAL_Driver/Src/stm32h7xx_hal_dma.c **** 
 3593              		.loc 1 706 5 is_stmt 0 view .LVU1052
 3594 04b8 DFF8F4A2 		ldr	r10, .L388
 3595              	.LBB138:
 3596              	.LBB104:
1782:Drivers/STM32H7xx_HAL_Driver/Src/stm32h7xx_hal_dma.c **** 
 3597              		.loc 1 1782 9 view .LVU1053
 3598 04bc D0F86490 		ldr	r9, [r0, #100]
 3599              	.LBE104:
 3600              	.LBE138:
 706:Drivers/STM32H7xx_HAL_Driver/Src/stm32h7xx_hal_dma.c **** 
 3601              		.loc 1 706 5 view .LVU1054
 3602 04c0 DAF84080 		ldr	r8, [r10, #64]
 3603              	.LBB139:
 3604              	.LBB105:
1784:Drivers/STM32H7xx_HAL_Driver/Src/stm32h7xx_hal_dma.c ****     {
 3605              		.loc 1 1784 7 view .LVU1055
 3606 04c4 D0F86CC0 		ldr	ip, [r0, #108]
 3607              	.LBE105:
 3608              	.LBE139:
 706:Drivers/STM32H7xx_HAL_Driver/Src/stm32h7xx_hal_dma.c **** 
 3609              		.loc 1 706 5 view .LVU1056
 3610 04c8 28F00108 		bic	r8, r8, #1
 3611 04cc CAF84080 		str	r8, [r10, #64]
 709:Drivers/STM32H7xx_HAL_Driver/Src/stm32h7xx_hal_dma.c **** 
 3612              		.loc 1 709 5 is_stmt 1 view .LVU1057
 3613              	.LVL174:
 3614              	.LBB140:
1773:Drivers/STM32H7xx_HAL_Driver/Src/stm32h7xx_hal_dma.c **** {
 3615              		.loc 1 1773 13 view .LVU1058
 3616              	.LBB106:
1776:Drivers/STM32H7xx_HAL_Driver/Src/stm32h7xx_hal_dma.c ****   BDMA_Base_Registers *regs_bdma = (BDMA_Base_Registers *)hdma->StreamBaseAddress;
 3617              		.loc 1 1776 3 view .LVU1059
1777:Drivers/STM32H7xx_HAL_Driver/Src/stm32h7xx_hal_dma.c **** 
 3618              		.loc 1 1777 3 view .LVU1060
1779:Drivers/STM32H7xx_HAL_Driver/Src/stm32h7xx_hal_dma.c ****   {
 3619              		.loc 1 1779 3 view .LVU1061
1782:Drivers/STM32H7xx_HAL_Driver/Src/stm32h7xx_hal_dma.c **** 
 3620              		.loc 1 1782 5 view .LVU1062
1782:Drivers/STM32H7xx_HAL_Driver/Src/stm32h7xx_hal_dma.c **** 
 3621              		.loc 1 1782 36 is_stmt 0 view .LVU1063
 3622 04d0 866E     		ldr	r6, [r0, #104]
ARM GAS  C:\Users\l1234\AppData\Local\Temp\ccQ59T7L.s 			page 118


 3623 04d2 C9F80460 		str	r6, [r9, #4]
 3624              	.LVL175:
1784:Drivers/STM32H7xx_HAL_Driver/Src/stm32h7xx_hal_dma.c ****     {
 3625              		.loc 1 1784 5 is_stmt 1 view .LVU1064
1784:Drivers/STM32H7xx_HAL_Driver/Src/stm32h7xx_hal_dma.c ****     {
 3626              		.loc 1 1784 7 is_stmt 0 view .LVU1065
 3627 04d6 BCF1000F 		cmp	ip, #0
 3628 04da 7FF4E0AD 		bne	.L284
 3629 04de E1E5     		b	.L263
 3630              	.LVL176:
 3631              	.L313:
1784:Drivers/STM32H7xx_HAL_Driver/Src/stm32h7xx_hal_dma.c ****     {
 3632              		.loc 1 1784 7 view .LVU1066
 3633              	.LBE106:
 3634              	.LBE140:
 714:Drivers/STM32H7xx_HAL_Driver/Src/stm32h7xx_hal_dma.c **** 
 3635              		.loc 1 714 7 is_stmt 1 view .LVU1067
 3636 04e0 B349     		ldr	r1, .L388
 3637              	.LVL177:
 714:Drivers/STM32H7xx_HAL_Driver/Src/stm32h7xx_hal_dma.c **** 
 3638              		.loc 1 714 7 is_stmt 0 view .LVU1068
 3639 04e2 0A6C     		ldr	r2, [r1, #64]
 3640 04e4 22F01E02 		bic	r2, r2, #30
 3641 04e8 42F01602 		orr	r2, r2, #22
 3642 04ec 0A64     		str	r2, [r1, #64]
 716:Drivers/STM32H7xx_HAL_Driver/Src/stm32h7xx_hal_dma.c ****       {
 3643              		.loc 1 716 7 is_stmt 1 view .LVU1069
 716:Drivers/STM32H7xx_HAL_Driver/Src/stm32h7xx_hal_dma.c ****       {
 3644              		.loc 1 716 9 is_stmt 0 view .LVU1070
 3645 04ee 002B     		cmp	r3, #0
 3646 04f0 DDD1     		bne	.L338
 3647 04f2 9DE7     		b	.L330
 3648              	.LVL178:
 3649              	.L314:
 714:Drivers/STM32H7xx_HAL_Driver/Src/stm32h7xx_hal_dma.c **** 
 3650              		.loc 1 714 7 is_stmt 1 view .LVU1071
 3651 04f4 AE49     		ldr	r1, .L388
 3652              	.LVL179:
 714:Drivers/STM32H7xx_HAL_Driver/Src/stm32h7xx_hal_dma.c **** 
 3653              		.loc 1 714 7 is_stmt 0 view .LVU1072
 3654 04f6 8A6D     		ldr	r2, [r1, #88]
 3655 04f8 22F01E02 		bic	r2, r2, #30
 3656 04fc 42F01602 		orr	r2, r2, #22
 3657 0500 8A65     		str	r2, [r1, #88]
 716:Drivers/STM32H7xx_HAL_Driver/Src/stm32h7xx_hal_dma.c ****       {
 3658              		.loc 1 716 7 is_stmt 1 view .LVU1073
 716:Drivers/STM32H7xx_HAL_Driver/Src/stm32h7xx_hal_dma.c ****       {
 3659              		.loc 1 716 9 is_stmt 0 view .LVU1074
 3660 0502 002B     		cmp	r3, #0
 3661 0504 D3D1     		bne	.L338
 3662 0506 93E7     		b	.L330
 3663              	.LVL180:
 3664              	.L265:
 706:Drivers/STM32H7xx_HAL_Driver/Src/stm32h7xx_hal_dma.c **** 
 3665              		.loc 1 706 5 view .LVU1075
 3666 0508 DFF8A4A2 		ldr	r10, .L388
 3667              	.LBB141:
ARM GAS  C:\Users\l1234\AppData\Local\Temp\ccQ59T7L.s 			page 119


 3668              	.LBB107:
1782:Drivers/STM32H7xx_HAL_Driver/Src/stm32h7xx_hal_dma.c **** 
 3669              		.loc 1 1782 9 view .LVU1076
 3670 050c D0F86490 		ldr	r9, [r0, #100]
 3671              	.LBE107:
 3672              	.LBE141:
 706:Drivers/STM32H7xx_HAL_Driver/Src/stm32h7xx_hal_dma.c **** 
 3673              		.loc 1 706 5 view .LVU1077
 3674 0510 DAF85880 		ldr	r8, [r10, #88]
 3675              	.LBB142:
 3676              	.LBB108:
1784:Drivers/STM32H7xx_HAL_Driver/Src/stm32h7xx_hal_dma.c ****     {
 3677              		.loc 1 1784 7 view .LVU1078
 3678 0514 D0F86CC0 		ldr	ip, [r0, #108]
 3679              	.LBE108:
 3680              	.LBE142:
 706:Drivers/STM32H7xx_HAL_Driver/Src/stm32h7xx_hal_dma.c **** 
 3681              		.loc 1 706 5 view .LVU1079
 3682 0518 28F00108 		bic	r8, r8, #1
 3683 051c CAF85880 		str	r8, [r10, #88]
 709:Drivers/STM32H7xx_HAL_Driver/Src/stm32h7xx_hal_dma.c **** 
 3684              		.loc 1 709 5 is_stmt 1 view .LVU1080
 3685              	.LVL181:
 3686              	.LBB143:
1773:Drivers/STM32H7xx_HAL_Driver/Src/stm32h7xx_hal_dma.c **** {
 3687              		.loc 1 1773 13 view .LVU1081
 3688              	.LBB109:
1776:Drivers/STM32H7xx_HAL_Driver/Src/stm32h7xx_hal_dma.c ****   BDMA_Base_Registers *regs_bdma = (BDMA_Base_Registers *)hdma->StreamBaseAddress;
 3689              		.loc 1 1776 3 view .LVU1082
1777:Drivers/STM32H7xx_HAL_Driver/Src/stm32h7xx_hal_dma.c **** 
 3690              		.loc 1 1777 3 view .LVU1083
1779:Drivers/STM32H7xx_HAL_Driver/Src/stm32h7xx_hal_dma.c ****   {
 3691              		.loc 1 1779 3 view .LVU1084
1782:Drivers/STM32H7xx_HAL_Driver/Src/stm32h7xx_hal_dma.c **** 
 3692              		.loc 1 1782 5 view .LVU1085
1782:Drivers/STM32H7xx_HAL_Driver/Src/stm32h7xx_hal_dma.c **** 
 3693              		.loc 1 1782 36 is_stmt 0 view .LVU1086
 3694 0520 866E     		ldr	r6, [r0, #104]
 3695 0522 C9F80460 		str	r6, [r9, #4]
 3696              	.LVL182:
1784:Drivers/STM32H7xx_HAL_Driver/Src/stm32h7xx_hal_dma.c ****     {
 3697              		.loc 1 1784 5 is_stmt 1 view .LVU1087
1784:Drivers/STM32H7xx_HAL_Driver/Src/stm32h7xx_hal_dma.c ****     {
 3698              		.loc 1 1784 7 is_stmt 0 view .LVU1088
 3699 0526 BCF1000F 		cmp	ip, #0
 3700 052a 7FF4B8AD 		bne	.L284
 3701 052e B9E5     		b	.L263
 3702              	.LVL183:
 3703              	.L383:
1784:Drivers/STM32H7xx_HAL_Driver/Src/stm32h7xx_hal_dma.c ****     {
 3704              		.loc 1 1784 7 view .LVU1089
 3705              	.LBE109:
 3706              	.LBE143:
 714:Drivers/STM32H7xx_HAL_Driver/Src/stm32h7xx_hal_dma.c **** 
 3707              		.loc 1 714 7 is_stmt 1 view .LVU1090
 3708 0530 9F49     		ldr	r1, .L388
 3709 0532 D1F88820 		ldr	r2, [r1, #136]
ARM GAS  C:\Users\l1234\AppData\Local\Temp\ccQ59T7L.s 			page 120


 3710 0536 22F01E02 		bic	r2, r2, #30
 3711 053a 42F01602 		orr	r2, r2, #22
 3712 053e C1F88820 		str	r2, [r1, #136]
 716:Drivers/STM32H7xx_HAL_Driver/Src/stm32h7xx_hal_dma.c ****       {
 3713              		.loc 1 716 7 view .LVU1091
 716:Drivers/STM32H7xx_HAL_Driver/Src/stm32h7xx_hal_dma.c ****       {
 3714              		.loc 1 716 9 is_stmt 0 view .LVU1092
 3715 0542 002B     		cmp	r3, #0
 3716 0544 B3D1     		bne	.L338
 3717 0546 73E7     		b	.L330
 3718              	.LVL184:
 3719              	.L267:
 706:Drivers/STM32H7xx_HAL_Driver/Src/stm32h7xx_hal_dma.c **** 
 3720              		.loc 1 706 5 view .LVU1093
 3721 0548 DFF864A2 		ldr	r10, .L388
 3722              	.LBB144:
 3723              	.LBB110:
1782:Drivers/STM32H7xx_HAL_Driver/Src/stm32h7xx_hal_dma.c **** 
 3724              		.loc 1 1782 9 view .LVU1094
 3725 054c D0F86490 		ldr	r9, [r0, #100]
 3726              	.LBE110:
 3727              	.LBE144:
 706:Drivers/STM32H7xx_HAL_Driver/Src/stm32h7xx_hal_dma.c **** 
 3728              		.loc 1 706 5 view .LVU1095
 3729 0550 DAF88880 		ldr	r8, [r10, #136]
 3730              	.LBB145:
 3731              	.LBB111:
1784:Drivers/STM32H7xx_HAL_Driver/Src/stm32h7xx_hal_dma.c ****     {
 3732              		.loc 1 1784 7 view .LVU1096
 3733 0554 D0F86CC0 		ldr	ip, [r0, #108]
 3734              	.LBE111:
 3735              	.LBE145:
 706:Drivers/STM32H7xx_HAL_Driver/Src/stm32h7xx_hal_dma.c **** 
 3736              		.loc 1 706 5 view .LVU1097
 3737 0558 28F00108 		bic	r8, r8, #1
 3738 055c CAF88880 		str	r8, [r10, #136]
 709:Drivers/STM32H7xx_HAL_Driver/Src/stm32h7xx_hal_dma.c **** 
 3739              		.loc 1 709 5 is_stmt 1 view .LVU1098
 3740              	.LVL185:
 3741              	.LBB146:
1773:Drivers/STM32H7xx_HAL_Driver/Src/stm32h7xx_hal_dma.c **** {
 3742              		.loc 1 1773 13 view .LVU1099
 3743              	.LBB112:
1776:Drivers/STM32H7xx_HAL_Driver/Src/stm32h7xx_hal_dma.c ****   BDMA_Base_Registers *regs_bdma = (BDMA_Base_Registers *)hdma->StreamBaseAddress;
 3744              		.loc 1 1776 3 view .LVU1100
1777:Drivers/STM32H7xx_HAL_Driver/Src/stm32h7xx_hal_dma.c **** 
 3745              		.loc 1 1777 3 view .LVU1101
1779:Drivers/STM32H7xx_HAL_Driver/Src/stm32h7xx_hal_dma.c ****   {
 3746              		.loc 1 1779 3 view .LVU1102
1782:Drivers/STM32H7xx_HAL_Driver/Src/stm32h7xx_hal_dma.c **** 
 3747              		.loc 1 1782 5 view .LVU1103
1782:Drivers/STM32H7xx_HAL_Driver/Src/stm32h7xx_hal_dma.c **** 
 3748              		.loc 1 1782 36 is_stmt 0 view .LVU1104
 3749 0560 866E     		ldr	r6, [r0, #104]
 3750 0562 C9F80460 		str	r6, [r9, #4]
 3751              	.LVL186:
1784:Drivers/STM32H7xx_HAL_Driver/Src/stm32h7xx_hal_dma.c ****     {
ARM GAS  C:\Users\l1234\AppData\Local\Temp\ccQ59T7L.s 			page 121


 3752              		.loc 1 1784 5 is_stmt 1 view .LVU1105
1784:Drivers/STM32H7xx_HAL_Driver/Src/stm32h7xx_hal_dma.c ****     {
 3753              		.loc 1 1784 7 is_stmt 0 view .LVU1106
 3754 0566 BCF1000F 		cmp	ip, #0
 3755 056a 7FF4C8AE 		bne	.L282
 3756 056e C9E6     		b	.L344
 3757              	.LVL187:
 3758              	.L268:
1784:Drivers/STM32H7xx_HAL_Driver/Src/stm32h7xx_hal_dma.c ****     {
 3759              		.loc 1 1784 7 view .LVU1107
 3760              	.LBE112:
 3761              	.LBE146:
 706:Drivers/STM32H7xx_HAL_Driver/Src/stm32h7xx_hal_dma.c **** 
 3762              		.loc 1 706 5 view .LVU1108
 3763 0570 DFF83CA2 		ldr	r10, .L388
 3764              	.LBB147:
 3765              	.LBB113:
1782:Drivers/STM32H7xx_HAL_Driver/Src/stm32h7xx_hal_dma.c **** 
 3766              		.loc 1 1782 9 view .LVU1109
 3767 0574 D0F86490 		ldr	r9, [r0, #100]
 3768              	.LBE113:
 3769              	.LBE147:
 706:Drivers/STM32H7xx_HAL_Driver/Src/stm32h7xx_hal_dma.c **** 
 3770              		.loc 1 706 5 view .LVU1110
 3771 0578 DAF8A080 		ldr	r8, [r10, #160]
 3772              	.LBB148:
 3773              	.LBB114:
1784:Drivers/STM32H7xx_HAL_Driver/Src/stm32h7xx_hal_dma.c ****     {
 3774              		.loc 1 1784 7 view .LVU1111
 3775 057c D0F86CC0 		ldr	ip, [r0, #108]
 3776              	.LBE114:
 3777              	.LBE148:
 706:Drivers/STM32H7xx_HAL_Driver/Src/stm32h7xx_hal_dma.c **** 
 3778              		.loc 1 706 5 view .LVU1112
 3779 0580 28F00108 		bic	r8, r8, #1
 3780 0584 CAF8A080 		str	r8, [r10, #160]
 709:Drivers/STM32H7xx_HAL_Driver/Src/stm32h7xx_hal_dma.c **** 
 3781              		.loc 1 709 5 is_stmt 1 view .LVU1113
 3782              	.LVL188:
 3783              	.LBB149:
1773:Drivers/STM32H7xx_HAL_Driver/Src/stm32h7xx_hal_dma.c **** {
 3784              		.loc 1 1773 13 view .LVU1114
 3785              	.LBB115:
1776:Drivers/STM32H7xx_HAL_Driver/Src/stm32h7xx_hal_dma.c ****   BDMA_Base_Registers *regs_bdma = (BDMA_Base_Registers *)hdma->StreamBaseAddress;
 3786              		.loc 1 1776 3 view .LVU1115
1777:Drivers/STM32H7xx_HAL_Driver/Src/stm32h7xx_hal_dma.c **** 
 3787              		.loc 1 1777 3 view .LVU1116
1779:Drivers/STM32H7xx_HAL_Driver/Src/stm32h7xx_hal_dma.c ****   {
 3788              		.loc 1 1779 3 view .LVU1117
1782:Drivers/STM32H7xx_HAL_Driver/Src/stm32h7xx_hal_dma.c **** 
 3789              		.loc 1 1782 5 view .LVU1118
1782:Drivers/STM32H7xx_HAL_Driver/Src/stm32h7xx_hal_dma.c **** 
 3790              		.loc 1 1782 36 is_stmt 0 view .LVU1119
 3791 0588 866E     		ldr	r6, [r0, #104]
 3792 058a C9F80460 		str	r6, [r9, #4]
 3793              	.LVL189:
1784:Drivers/STM32H7xx_HAL_Driver/Src/stm32h7xx_hal_dma.c ****     {
ARM GAS  C:\Users\l1234\AppData\Local\Temp\ccQ59T7L.s 			page 122


 3794              		.loc 1 1784 5 is_stmt 1 view .LVU1120
1784:Drivers/STM32H7xx_HAL_Driver/Src/stm32h7xx_hal_dma.c ****     {
 3795              		.loc 1 1784 7 is_stmt 0 view .LVU1121
 3796 058e BCF1000F 		cmp	ip, #0
 3797 0592 7FF4B4AE 		bne	.L282
 3798 0596 B5E6     		b	.L344
 3799              	.LVL190:
 3800              	.L316:
1784:Drivers/STM32H7xx_HAL_Driver/Src/stm32h7xx_hal_dma.c ****     {
 3801              		.loc 1 1784 7 view .LVU1122
 3802              	.LBE115:
 3803              	.LBE149:
 714:Drivers/STM32H7xx_HAL_Driver/Src/stm32h7xx_hal_dma.c **** 
 3804              		.loc 1 714 7 is_stmt 1 view .LVU1123
 3805 0598 8549     		ldr	r1, .L388
 3806 059a D1F8A020 		ldr	r2, [r1, #160]
 3807 059e 22F01E02 		bic	r2, r2, #30
 3808 05a2 42F01602 		orr	r2, r2, #22
 3809 05a6 C1F8A020 		str	r2, [r1, #160]
 716:Drivers/STM32H7xx_HAL_Driver/Src/stm32h7xx_hal_dma.c ****       {
 3810              		.loc 1 716 7 view .LVU1124
 716:Drivers/STM32H7xx_HAL_Driver/Src/stm32h7xx_hal_dma.c ****       {
 3811              		.loc 1 716 9 is_stmt 0 view .LVU1125
 3812 05aa 002B     		cmp	r3, #0
 3813 05ac 7FF47FAF 		bne	.L338
 3814 05b0 3EE7     		b	.L330
 3815              	.LVL191:
 3816              	.L269:
 706:Drivers/STM32H7xx_HAL_Driver/Src/stm32h7xx_hal_dma.c **** 
 3817              		.loc 1 706 5 view .LVU1126
 3818 05b2 DFF8FCA1 		ldr	r10, .L388
 3819              	.LBB150:
 3820              	.LBB116:
1782:Drivers/STM32H7xx_HAL_Driver/Src/stm32h7xx_hal_dma.c **** 
 3821              		.loc 1 1782 9 view .LVU1127
 3822 05b6 D0F86490 		ldr	r9, [r0, #100]
 3823              	.LBE116:
 3824              	.LBE150:
 706:Drivers/STM32H7xx_HAL_Driver/Src/stm32h7xx_hal_dma.c **** 
 3825              		.loc 1 706 5 view .LVU1128
 3826 05ba DAF8B880 		ldr	r8, [r10, #184]
 3827              	.LBB151:
 3828              	.LBB117:
1784:Drivers/STM32H7xx_HAL_Driver/Src/stm32h7xx_hal_dma.c ****     {
 3829              		.loc 1 1784 7 view .LVU1129
 3830 05be D0F86CC0 		ldr	ip, [r0, #108]
 3831              	.LBE117:
 3832              	.LBE151:
 706:Drivers/STM32H7xx_HAL_Driver/Src/stm32h7xx_hal_dma.c **** 
 3833              		.loc 1 706 5 view .LVU1130
 3834 05c2 28F00108 		bic	r8, r8, #1
 3835 05c6 CAF8B880 		str	r8, [r10, #184]
 709:Drivers/STM32H7xx_HAL_Driver/Src/stm32h7xx_hal_dma.c **** 
 3836              		.loc 1 709 5 is_stmt 1 view .LVU1131
 3837              	.LVL192:
 3838              	.LBB152:
1773:Drivers/STM32H7xx_HAL_Driver/Src/stm32h7xx_hal_dma.c **** {
ARM GAS  C:\Users\l1234\AppData\Local\Temp\ccQ59T7L.s 			page 123


 3839              		.loc 1 1773 13 view .LVU1132
 3840              	.LBB118:
1776:Drivers/STM32H7xx_HAL_Driver/Src/stm32h7xx_hal_dma.c ****   BDMA_Base_Registers *regs_bdma = (BDMA_Base_Registers *)hdma->StreamBaseAddress;
 3841              		.loc 1 1776 3 view .LVU1133
1777:Drivers/STM32H7xx_HAL_Driver/Src/stm32h7xx_hal_dma.c **** 
 3842              		.loc 1 1777 3 view .LVU1134
1779:Drivers/STM32H7xx_HAL_Driver/Src/stm32h7xx_hal_dma.c ****   {
 3843              		.loc 1 1779 3 view .LVU1135
1782:Drivers/STM32H7xx_HAL_Driver/Src/stm32h7xx_hal_dma.c **** 
 3844              		.loc 1 1782 5 view .LVU1136
1782:Drivers/STM32H7xx_HAL_Driver/Src/stm32h7xx_hal_dma.c **** 
 3845              		.loc 1 1782 36 is_stmt 0 view .LVU1137
 3846 05ca 866E     		ldr	r6, [r0, #104]
 3847 05cc C9F80460 		str	r6, [r9, #4]
 3848              	.LVL193:
1784:Drivers/STM32H7xx_HAL_Driver/Src/stm32h7xx_hal_dma.c ****     {
 3849              		.loc 1 1784 5 is_stmt 1 view .LVU1138
1784:Drivers/STM32H7xx_HAL_Driver/Src/stm32h7xx_hal_dma.c ****     {
 3850              		.loc 1 1784 7 is_stmt 0 view .LVU1139
 3851 05d0 BCF1000F 		cmp	ip, #0
 3852 05d4 7FF493AE 		bne	.L282
 3853 05d8 94E6     		b	.L344
 3854              	.LVL194:
 3855              	.L317:
1784:Drivers/STM32H7xx_HAL_Driver/Src/stm32h7xx_hal_dma.c ****     {
 3856              		.loc 1 1784 7 view .LVU1140
 3857              	.LBE118:
 3858              	.LBE152:
 714:Drivers/STM32H7xx_HAL_Driver/Src/stm32h7xx_hal_dma.c **** 
 3859              		.loc 1 714 7 is_stmt 1 view .LVU1141
 3860 05da 7549     		ldr	r1, .L388
 3861 05dc D1F8B820 		ldr	r2, [r1, #184]
 3862 05e0 22F01E02 		bic	r2, r2, #30
 3863 05e4 42F01602 		orr	r2, r2, #22
 3864 05e8 C1F8B820 		str	r2, [r1, #184]
 716:Drivers/STM32H7xx_HAL_Driver/Src/stm32h7xx_hal_dma.c ****       {
 3865              		.loc 1 716 7 view .LVU1142
 716:Drivers/STM32H7xx_HAL_Driver/Src/stm32h7xx_hal_dma.c ****       {
 3866              		.loc 1 716 9 is_stmt 0 view .LVU1143
 3867 05ec 002B     		cmp	r3, #0
 3868 05ee 7FF45EAF 		bne	.L338
 3869 05f2 1DE7     		b	.L330
 3870              	.L318:
 714:Drivers/STM32H7xx_HAL_Driver/Src/stm32h7xx_hal_dma.c **** 
 3871              		.loc 1 714 7 is_stmt 1 view .LVU1144
 3872 05f4 6F49     		ldr	r1, .L388+4
 3873 05f6 0A69     		ldr	r2, [r1, #16]
 3874 05f8 22F01E02 		bic	r2, r2, #30
 3875 05fc 42F01602 		orr	r2, r2, #22
 3876 0600 0A61     		str	r2, [r1, #16]
 716:Drivers/STM32H7xx_HAL_Driver/Src/stm32h7xx_hal_dma.c ****       {
 3877              		.loc 1 716 7 view .LVU1145
 716:Drivers/STM32H7xx_HAL_Driver/Src/stm32h7xx_hal_dma.c ****       {
 3878              		.loc 1 716 9 is_stmt 0 view .LVU1146
 3879 0602 002B     		cmp	r3, #0
 3880 0604 7FF453AF 		bne	.L338
 3881 0608 12E7     		b	.L330
ARM GAS  C:\Users\l1234\AppData\Local\Temp\ccQ59T7L.s 			page 124


 3882              	.LVL195:
 3883              	.L270:
 706:Drivers/STM32H7xx_HAL_Driver/Src/stm32h7xx_hal_dma.c **** 
 3884              		.loc 1 706 5 view .LVU1147
 3885 060a DFF8A881 		ldr	r8, .L388+4
 3886 060e D8F810C0 		ldr	ip, [r8, #16]
 3887 0612 2CF0010C 		bic	ip, ip, #1
 3888 0616 C8F810C0 		str	ip, [r8, #16]
 709:Drivers/STM32H7xx_HAL_Driver/Src/stm32h7xx_hal_dma.c **** 
 3889              		.loc 1 709 5 is_stmt 1 view .LVU1148
 3890              	.LVL196:
 3891              	.LBB153:
1773:Drivers/STM32H7xx_HAL_Driver/Src/stm32h7xx_hal_dma.c **** {
 3892              		.loc 1 1773 13 view .LVU1149
 3893              	.LBB119:
1776:Drivers/STM32H7xx_HAL_Driver/Src/stm32h7xx_hal_dma.c ****   BDMA_Base_Registers *regs_bdma = (BDMA_Base_Registers *)hdma->StreamBaseAddress;
 3894              		.loc 1 1776 3 view .LVU1150
1777:Drivers/STM32H7xx_HAL_Driver/Src/stm32h7xx_hal_dma.c **** 
 3895              		.loc 1 1777 3 view .LVU1151
1779:Drivers/STM32H7xx_HAL_Driver/Src/stm32h7xx_hal_dma.c ****   {
 3896              		.loc 1 1779 3 view .LVU1152
 3897              	.L278:
1779:Drivers/STM32H7xx_HAL_Driver/Src/stm32h7xx_hal_dma.c ****   {
 3898              		.loc 1 1779 6 is_stmt 0 view .LVU1153
 3899 061a DFF8B8C1 		ldr	ip, .L388+36
 3900 061e 6445     		cmp	r4, ip
 3901 0620 3FF464AE 		beq	.L288
 3902 0624 0CF1180C 		add	ip, ip, #24
 3903 0628 6445     		cmp	r4, ip
 3904 062a 3FF45FAE 		beq	.L288
 3905 062e 0CF1180C 		add	ip, ip, #24
 3906 0632 6445     		cmp	r4, ip
 3907 0634 3FF45AAE 		beq	.L288
 3908              	.L285:
 3909 0638 DFF89CC1 		ldr	ip, .L388+40
 3910 063c 6445     		cmp	r4, ip
 3911 063e 3FF455AE 		beq	.L288
 3912 0642 0CF1180C 		add	ip, ip, #24
 3913 0646 6445     		cmp	r4, ip
 3914 0648 3FF450AE 		beq	.L288
 3915 064c 0CF1180C 		add	ip, ip, #24
 3916 0650 6445     		cmp	r4, ip
 3917 0652 3FF44BAE 		beq	.L288
 3918 0656 0CF1180C 		add	ip, ip, #24
 3919 065a 6445     		cmp	r4, ip
 3920 065c 3FF446AE 		beq	.L288
 3921 0660 DFF864C1 		ldr	ip, .L388+24
 3922 0664 6445     		cmp	r4, ip
 3923 0666 6DD0     		beq	.L301
 3924 0668 0CF1140C 		add	ip, ip, #20
 3925 066c 6445     		cmp	r4, ip
 3926 066e 69D0     		beq	.L301
 3927 0670 0CF1140C 		add	ip, ip, #20
 3928 0674 6445     		cmp	r4, ip
 3929 0676 65D0     		beq	.L301
 3930 0678 0CF1140C 		add	ip, ip, #20
 3931 067c 6445     		cmp	r4, ip
ARM GAS  C:\Users\l1234\AppData\Local\Temp\ccQ59T7L.s 			page 125


 3932 067e 61D0     		beq	.L301
 3933 0680 0CF1140C 		add	ip, ip, #20
 3934 0684 6445     		cmp	r4, ip
 3935 0686 5DD0     		beq	.L301
 3936 0688 0CF1140C 		add	ip, ip, #20
 3937 068c 6445     		cmp	r4, ip
 3938 068e 59D0     		beq	.L301
 3939 0690 0CF1140C 		add	ip, ip, #20
 3940 0694 6445     		cmp	r4, ip
 3941 0696 55D0     		beq	.L301
 3942 0698 0CF1140C 		add	ip, ip, #20
 3943 069c 6445     		cmp	r4, ip
 3944 069e 51D0     		beq	.L301
1821:Drivers/STM32H7xx_HAL_Driver/Src/stm32h7xx_hal_dma.c ****   {
 3945              		.loc 1 1821 8 is_stmt 1 view .LVU1154
 3946              	.LBE119:
 3947              	.LBE153:
 716:Drivers/STM32H7xx_HAL_Driver/Src/stm32h7xx_hal_dma.c ****       {
 3948              		.loc 1 716 14 is_stmt 0 view .LVU1155
 3949 06a0 016C     		ldr	r1, [r0, #64]
 3950              	.LVL197:
 716:Drivers/STM32H7xx_HAL_Driver/Src/stm32h7xx_hal_dma.c ****       {
 3951              		.loc 1 716 14 view .LVU1156
 3952 06a2 36E5     		b	.L343
 3953              	.LVL198:
 3954              	.L271:
 706:Drivers/STM32H7xx_HAL_Driver/Src/stm32h7xx_hal_dma.c **** 
 3955              		.loc 1 706 5 view .LVU1157
 3956 06a4 DFF80C81 		ldr	r8, .L388+4
 3957 06a8 D8F828C0 		ldr	ip, [r8, #40]
 3958 06ac 2CF0010C 		bic	ip, ip, #1
 3959 06b0 C8F828C0 		str	ip, [r8, #40]
 709:Drivers/STM32H7xx_HAL_Driver/Src/stm32h7xx_hal_dma.c **** 
 3960              		.loc 1 709 5 is_stmt 1 view .LVU1158
 3961              	.LVL199:
 3962              	.LBB154:
1773:Drivers/STM32H7xx_HAL_Driver/Src/stm32h7xx_hal_dma.c **** {
 3963              		.loc 1 1773 13 view .LVU1159
 3964              	.LBB120:
1776:Drivers/STM32H7xx_HAL_Driver/Src/stm32h7xx_hal_dma.c ****   BDMA_Base_Registers *regs_bdma = (BDMA_Base_Registers *)hdma->StreamBaseAddress;
 3965              		.loc 1 1776 3 view .LVU1160
1777:Drivers/STM32H7xx_HAL_Driver/Src/stm32h7xx_hal_dma.c **** 
 3966              		.loc 1 1777 3 view .LVU1161
1779:Drivers/STM32H7xx_HAL_Driver/Src/stm32h7xx_hal_dma.c ****   {
 3967              		.loc 1 1779 3 view .LVU1162
 3968 06b4 1AE6     		b	.L288
 3969              	.LVL200:
 3970              	.L319:
1779:Drivers/STM32H7xx_HAL_Driver/Src/stm32h7xx_hal_dma.c ****   {
 3971              		.loc 1 1779 3 is_stmt 0 view .LVU1163
 3972              	.LBE120:
 3973              	.LBE154:
 714:Drivers/STM32H7xx_HAL_Driver/Src/stm32h7xx_hal_dma.c **** 
 3974              		.loc 1 714 7 is_stmt 1 view .LVU1164
 3975 06b6 3F4A     		ldr	r2, .L388+4
 3976 06b8 936A     		ldr	r3, [r2, #40]
 3977 06ba 23F01E03 		bic	r3, r3, #30
ARM GAS  C:\Users\l1234\AppData\Local\Temp\ccQ59T7L.s 			page 126


 3978 06be 43F01603 		orr	r3, r3, #22
 3979 06c2 9362     		str	r3, [r2, #40]
 716:Drivers/STM32H7xx_HAL_Driver/Src/stm32h7xx_hal_dma.c ****       {
 3980              		.loc 1 716 7 view .LVU1165
 716:Drivers/STM32H7xx_HAL_Driver/Src/stm32h7xx_hal_dma.c ****       {
 3981              		.loc 1 716 9 is_stmt 0 view .LVU1166
 3982 06c4 0029     		cmp	r1, #0
 3983 06c6 7FF4F2AE 		bne	.L338
 3984 06ca ADE5     		b	.L372
 3985              	.L320:
 714:Drivers/STM32H7xx_HAL_Driver/Src/stm32h7xx_hal_dma.c **** 
 3986              		.loc 1 714 7 is_stmt 1 view .LVU1167
 3987 06cc 394A     		ldr	r2, .L388+4
 3988 06ce 136C     		ldr	r3, [r2, #64]
 3989 06d0 23F01E03 		bic	r3, r3, #30
 3990 06d4 43F01603 		orr	r3, r3, #22
 3991 06d8 1364     		str	r3, [r2, #64]
 716:Drivers/STM32H7xx_HAL_Driver/Src/stm32h7xx_hal_dma.c ****       {
 3992              		.loc 1 716 7 view .LVU1168
 716:Drivers/STM32H7xx_HAL_Driver/Src/stm32h7xx_hal_dma.c ****       {
 3993              		.loc 1 716 9 is_stmt 0 view .LVU1169
 3994 06da 0029     		cmp	r1, #0
 3995 06dc 7FF4E7AE 		bne	.L338
 3996 06e0 A2E5     		b	.L372
 3997              	.LVL201:
 3998              	.L272:
 706:Drivers/STM32H7xx_HAL_Driver/Src/stm32h7xx_hal_dma.c **** 
 3999              		.loc 1 706 5 view .LVU1170
 4000 06e2 DFF8D080 		ldr	r8, .L388+4
 4001 06e6 D8F840C0 		ldr	ip, [r8, #64]
 4002 06ea 2CF0010C 		bic	ip, ip, #1
 4003 06ee C8F840C0 		str	ip, [r8, #64]
 709:Drivers/STM32H7xx_HAL_Driver/Src/stm32h7xx_hal_dma.c **** 
 4004              		.loc 1 709 5 is_stmt 1 view .LVU1171
 4005              	.LVL202:
 4006              	.LBB155:
1773:Drivers/STM32H7xx_HAL_Driver/Src/stm32h7xx_hal_dma.c **** {
 4007              		.loc 1 1773 13 view .LVU1172
 4008              	.LBB121:
1776:Drivers/STM32H7xx_HAL_Driver/Src/stm32h7xx_hal_dma.c ****   BDMA_Base_Registers *regs_bdma = (BDMA_Base_Registers *)hdma->StreamBaseAddress;
 4009              		.loc 1 1776 3 view .LVU1173
1777:Drivers/STM32H7xx_HAL_Driver/Src/stm32h7xx_hal_dma.c **** 
 4010              		.loc 1 1777 3 view .LVU1174
1779:Drivers/STM32H7xx_HAL_Driver/Src/stm32h7xx_hal_dma.c ****   {
 4011              		.loc 1 1779 3 view .LVU1175
 4012 06f2 FBE5     		b	.L288
 4013              	.LVL203:
 4014              	.L321:
1779:Drivers/STM32H7xx_HAL_Driver/Src/stm32h7xx_hal_dma.c ****   {
 4015              		.loc 1 1779 3 is_stmt 0 view .LVU1176
 4016              	.LBE121:
 4017              	.LBE155:
 714:Drivers/STM32H7xx_HAL_Driver/Src/stm32h7xx_hal_dma.c **** 
 4018              		.loc 1 714 7 is_stmt 1 view .LVU1177
 4019 06f4 2F4A     		ldr	r2, .L388+4
 4020 06f6 936D     		ldr	r3, [r2, #88]
 4021 06f8 23F01E03 		bic	r3, r3, #30
ARM GAS  C:\Users\l1234\AppData\Local\Temp\ccQ59T7L.s 			page 127


 4022 06fc 43F01603 		orr	r3, r3, #22
 4023 0700 9365     		str	r3, [r2, #88]
 716:Drivers/STM32H7xx_HAL_Driver/Src/stm32h7xx_hal_dma.c ****       {
 4024              		.loc 1 716 7 view .LVU1178
 716:Drivers/STM32H7xx_HAL_Driver/Src/stm32h7xx_hal_dma.c ****       {
 4025              		.loc 1 716 9 is_stmt 0 view .LVU1179
 4026 0702 0029     		cmp	r1, #0
 4027 0704 7FF4D3AE 		bne	.L338
 4028 0708 8EE5     		b	.L372
 4029              	.LVL204:
 4030              	.L273:
 706:Drivers/STM32H7xx_HAL_Driver/Src/stm32h7xx_hal_dma.c **** 
 4031              		.loc 1 706 5 view .LVU1180
 4032 070a DFF8A880 		ldr	r8, .L388+4
 4033 070e D8F858C0 		ldr	ip, [r8, #88]
 4034 0712 2CF0010C 		bic	ip, ip, #1
 4035 0716 C8F858C0 		str	ip, [r8, #88]
 709:Drivers/STM32H7xx_HAL_Driver/Src/stm32h7xx_hal_dma.c **** 
 4036              		.loc 1 709 5 is_stmt 1 view .LVU1181
 4037              	.LVL205:
 4038              	.LBB156:
1773:Drivers/STM32H7xx_HAL_Driver/Src/stm32h7xx_hal_dma.c **** {
 4039              		.loc 1 1773 13 view .LVU1182
 4040              	.LBB122:
1776:Drivers/STM32H7xx_HAL_Driver/Src/stm32h7xx_hal_dma.c ****   BDMA_Base_Registers *regs_bdma = (BDMA_Base_Registers *)hdma->StreamBaseAddress;
 4041              		.loc 1 1776 3 view .LVU1183
1777:Drivers/STM32H7xx_HAL_Driver/Src/stm32h7xx_hal_dma.c **** 
 4042              		.loc 1 1777 3 view .LVU1184
1779:Drivers/STM32H7xx_HAL_Driver/Src/stm32h7xx_hal_dma.c ****   {
 4043              		.loc 1 1779 3 view .LVU1185
 4044 071a E2E5     		b	.L279
 4045              	.LVL206:
 4046              	.L274:
1779:Drivers/STM32H7xx_HAL_Driver/Src/stm32h7xx_hal_dma.c ****   {
 4047              		.loc 1 1779 3 is_stmt 0 view .LVU1186
 4048              	.LBE122:
 4049              	.LBE156:
 706:Drivers/STM32H7xx_HAL_Driver/Src/stm32h7xx_hal_dma.c **** 
 4050              		.loc 1 706 5 view .LVU1187
 4051 071c DFF89480 		ldr	r8, .L388+4
 4052 0720 D8F870C0 		ldr	ip, [r8, #112]
 4053 0724 2CF0010C 		bic	ip, ip, #1
 4054 0728 C8F870C0 		str	ip, [r8, #112]
 709:Drivers/STM32H7xx_HAL_Driver/Src/stm32h7xx_hal_dma.c **** 
 4055              		.loc 1 709 5 is_stmt 1 view .LVU1188
 4056              	.LVL207:
 4057              	.LBB157:
1773:Drivers/STM32H7xx_HAL_Driver/Src/stm32h7xx_hal_dma.c **** {
 4058              		.loc 1 1773 13 view .LVU1189
 4059              	.LBB123:
1776:Drivers/STM32H7xx_HAL_Driver/Src/stm32h7xx_hal_dma.c ****   BDMA_Base_Registers *regs_bdma = (BDMA_Base_Registers *)hdma->StreamBaseAddress;
 4060              		.loc 1 1776 3 view .LVU1190
1777:Drivers/STM32H7xx_HAL_Driver/Src/stm32h7xx_hal_dma.c **** 
 4061              		.loc 1 1777 3 view .LVU1191
1779:Drivers/STM32H7xx_HAL_Driver/Src/stm32h7xx_hal_dma.c ****   {
 4062              		.loc 1 1779 3 view .LVU1192
 4063 072c 84E7     		b	.L285
ARM GAS  C:\Users\l1234\AppData\Local\Temp\ccQ59T7L.s 			page 128


 4064              	.LVL208:
 4065              	.L322:
1779:Drivers/STM32H7xx_HAL_Driver/Src/stm32h7xx_hal_dma.c ****   {
 4066              		.loc 1 1779 3 is_stmt 0 view .LVU1193
 4067              	.LBE123:
 4068              	.LBE157:
 714:Drivers/STM32H7xx_HAL_Driver/Src/stm32h7xx_hal_dma.c **** 
 4069              		.loc 1 714 7 is_stmt 1 view .LVU1194
 4070 072e 214A     		ldr	r2, .L388+4
 4071 0730 136F     		ldr	r3, [r2, #112]
 4072 0732 23F01E03 		bic	r3, r3, #30
 4073 0736 43F01603 		orr	r3, r3, #22
 4074 073a 1367     		str	r3, [r2, #112]
 716:Drivers/STM32H7xx_HAL_Driver/Src/stm32h7xx_hal_dma.c ****       {
 4075              		.loc 1 716 7 view .LVU1195
 716:Drivers/STM32H7xx_HAL_Driver/Src/stm32h7xx_hal_dma.c ****       {
 4076              		.loc 1 716 9 is_stmt 0 view .LVU1196
 4077 073c 0029     		cmp	r1, #0
 4078 073e 7FF4B6AE 		bne	.L338
 4079 0742 71E5     		b	.L372
 4080              	.LVL209:
 4081              	.L301:
 4082              	.LBB158:
 4083              	.LBB124:
1782:Drivers/STM32H7xx_HAL_Driver/Src/stm32h7xx_hal_dma.c **** 
 4084              		.loc 1 1782 5 is_stmt 1 view .LVU1197
1782:Drivers/STM32H7xx_HAL_Driver/Src/stm32h7xx_hal_dma.c **** 
 4085              		.loc 1 1782 36 is_stmt 0 view .LVU1198
 4086 0744 D0E91967 		ldrd	r6, r7, [r0, #100]
1784:Drivers/STM32H7xx_HAL_Driver/Src/stm32h7xx_hal_dma.c ****     {
 4087              		.loc 1 1784 7 view .LVU1199
 4088 0748 D0F86CC0 		ldr	ip, [r0, #108]
1782:Drivers/STM32H7xx_HAL_Driver/Src/stm32h7xx_hal_dma.c **** 
 4089              		.loc 1 1782 36 view .LVU1200
 4090 074c 7760     		str	r7, [r6, #4]
1784:Drivers/STM32H7xx_HAL_Driver/Src/stm32h7xx_hal_dma.c ****     {
 4091              		.loc 1 1784 5 is_stmt 1 view .LVU1201
1784:Drivers/STM32H7xx_HAL_Driver/Src/stm32h7xx_hal_dma.c ****     {
 4092              		.loc 1 1784 7 is_stmt 0 view .LVU1202
 4093 074e BCF1000F 		cmp	ip, #0
 4094 0752 7FF4D4AD 		bne	.L282
 4095 0756 1AE6     		b	.L339
 4096              	.LVL210:
 4097              	.L323:
1784:Drivers/STM32H7xx_HAL_Driver/Src/stm32h7xx_hal_dma.c ****     {
 4098              		.loc 1 1784 7 view .LVU1203
 4099              	.LBE124:
 4100              	.LBE158:
 714:Drivers/STM32H7xx_HAL_Driver/Src/stm32h7xx_hal_dma.c **** 
 4101              		.loc 1 714 7 is_stmt 1 view .LVU1204
 4102 0758 164A     		ldr	r2, .L388+4
 4103 075a D2F88830 		ldr	r3, [r2, #136]
 4104 075e 23F01E03 		bic	r3, r3, #30
 4105 0762 43F01603 		orr	r3, r3, #22
 4106 0766 C2F88830 		str	r3, [r2, #136]
 716:Drivers/STM32H7xx_HAL_Driver/Src/stm32h7xx_hal_dma.c ****       {
 4107              		.loc 1 716 7 view .LVU1205
ARM GAS  C:\Users\l1234\AppData\Local\Temp\ccQ59T7L.s 			page 129


 716:Drivers/STM32H7xx_HAL_Driver/Src/stm32h7xx_hal_dma.c ****       {
 4108              		.loc 1 716 9 is_stmt 0 view .LVU1206
 4109 076a 0029     		cmp	r1, #0
 4110 076c 7FF49FAE 		bne	.L338
 4111 0770 5AE5     		b	.L372
 4112              	.LVL211:
 4113              	.L275:
 706:Drivers/STM32H7xx_HAL_Driver/Src/stm32h7xx_hal_dma.c **** 
 4114              		.loc 1 706 5 view .LVU1207
 4115 0772 DFF84080 		ldr	r8, .L388+4
 4116 0776 D8F888C0 		ldr	ip, [r8, #136]
 4117 077a 2CF0010C 		bic	ip, ip, #1
 4118 077e C8F888C0 		str	ip, [r8, #136]
 709:Drivers/STM32H7xx_HAL_Driver/Src/stm32h7xx_hal_dma.c **** 
 4119              		.loc 1 709 5 is_stmt 1 view .LVU1208
 4120              	.LVL212:
 4121              	.LBB159:
1773:Drivers/STM32H7xx_HAL_Driver/Src/stm32h7xx_hal_dma.c **** {
 4122              		.loc 1 1773 13 view .LVU1209
 4123              	.LBB125:
1776:Drivers/STM32H7xx_HAL_Driver/Src/stm32h7xx_hal_dma.c ****   BDMA_Base_Registers *regs_bdma = (BDMA_Base_Registers *)hdma->StreamBaseAddress;
 4124              		.loc 1 1776 3 view .LVU1210
1777:Drivers/STM32H7xx_HAL_Driver/Src/stm32h7xx_hal_dma.c **** 
 4125              		.loc 1 1777 3 view .LVU1211
1779:Drivers/STM32H7xx_HAL_Driver/Src/stm32h7xx_hal_dma.c ****   {
 4126              		.loc 1 1779 3 view .LVU1212
 4127 0782 AEE5     		b	.L279
 4128              	.LVL213:
 4129              	.L324:
1779:Drivers/STM32H7xx_HAL_Driver/Src/stm32h7xx_hal_dma.c ****   {
 4130              		.loc 1 1779 3 is_stmt 0 view .LVU1213
 4131              	.LBE125:
 4132              	.LBE159:
 714:Drivers/STM32H7xx_HAL_Driver/Src/stm32h7xx_hal_dma.c **** 
 4133              		.loc 1 714 7 is_stmt 1 view .LVU1214
 4134 0784 0B4A     		ldr	r2, .L388+4
 4135 0786 D2F8A030 		ldr	r3, [r2, #160]
 4136 078a 23F01E03 		bic	r3, r3, #30
 4137 078e 43F01603 		orr	r3, r3, #22
 4138 0792 C2F8A030 		str	r3, [r2, #160]
 716:Drivers/STM32H7xx_HAL_Driver/Src/stm32h7xx_hal_dma.c ****       {
 4139              		.loc 1 716 7 view .LVU1215
 716:Drivers/STM32H7xx_HAL_Driver/Src/stm32h7xx_hal_dma.c ****       {
 4140              		.loc 1 716 9 is_stmt 0 view .LVU1216
 4141 0796 0029     		cmp	r1, #0
 4142 0798 7FF489AE 		bne	.L338
 4143 079c 44E5     		b	.L372
 4144              	.LVL214:
 4145              	.L276:
 706:Drivers/STM32H7xx_HAL_Driver/Src/stm32h7xx_hal_dma.c **** 
 4146              		.loc 1 706 5 view .LVU1217
 4147 079e DFF81480 		ldr	r8, .L388+4
 4148 07a2 D8F8A0C0 		ldr	ip, [r8, #160]
 4149 07a6 2CF0010C 		bic	ip, ip, #1
 4150 07aa C8F8A0C0 		str	ip, [r8, #160]
 709:Drivers/STM32H7xx_HAL_Driver/Src/stm32h7xx_hal_dma.c **** 
 4151              		.loc 1 709 5 is_stmt 1 view .LVU1218
ARM GAS  C:\Users\l1234\AppData\Local\Temp\ccQ59T7L.s 			page 130


 4152              	.LVL215:
 4153              	.LBB160:
1773:Drivers/STM32H7xx_HAL_Driver/Src/stm32h7xx_hal_dma.c **** {
 4154              		.loc 1 1773 13 view .LVU1219
 4155              	.LBB126:
1776:Drivers/STM32H7xx_HAL_Driver/Src/stm32h7xx_hal_dma.c ****   BDMA_Base_Registers *regs_bdma = (BDMA_Base_Registers *)hdma->StreamBaseAddress;
 4156              		.loc 1 1776 3 view .LVU1220
1777:Drivers/STM32H7xx_HAL_Driver/Src/stm32h7xx_hal_dma.c **** 
 4157              		.loc 1 1777 3 view .LVU1221
1779:Drivers/STM32H7xx_HAL_Driver/Src/stm32h7xx_hal_dma.c ****   {
 4158              		.loc 1 1779 3 view .LVU1222
 4159 07ae 34E7     		b	.L278
 4160              	.L389:
 4161              		.align	2
 4162              	.L388:
 4163 07b0 00000240 		.word	1073872896
 4164 07b4 00040240 		.word	1073873920
 4165 07b8 88000240 		.word	1073873032
 4166 07bc 58040240 		.word	1073874008
 4167 07c0 A0000240 		.word	1073873056
 4168 07c4 B8040240 		.word	1073874104
 4169 07c8 08540258 		.word	1476547592
 4170 07cc 1C540258 		.word	1476547612
 4171 07d0 94540258 		.word	1476547732
 4172 07d4 10040240 		.word	1073873936
 4173 07d8 70040240 		.word	1073874032
 4174              	.LVL216:
 4175              	.L325:
1779:Drivers/STM32H7xx_HAL_Driver/Src/stm32h7xx_hal_dma.c ****   {
 4176              		.loc 1 1779 3 is_stmt 0 view .LVU1223
 4177              	.LBE126:
 4178              	.LBE160:
 714:Drivers/STM32H7xx_HAL_Driver/Src/stm32h7xx_hal_dma.c **** 
 4179              		.loc 1 714 7 is_stmt 1 view .LVU1224
 4180 07dc 0C4A     		ldr	r2, .L390
 4181 07de D2F8B830 		ldr	r3, [r2, #184]
 4182 07e2 23F01E03 		bic	r3, r3, #30
 4183 07e6 43F01603 		orr	r3, r3, #22
 4184 07ea C2F8B830 		str	r3, [r2, #184]
 716:Drivers/STM32H7xx_HAL_Driver/Src/stm32h7xx_hal_dma.c ****       {
 4185              		.loc 1 716 7 view .LVU1225
 716:Drivers/STM32H7xx_HAL_Driver/Src/stm32h7xx_hal_dma.c ****       {
 4186              		.loc 1 716 9 is_stmt 0 view .LVU1226
 4187 07ee 0029     		cmp	r1, #0
 4188 07f0 7FF45DAE 		bne	.L338
 4189 07f4 18E5     		b	.L372
 4190              	.LVL217:
 4191              	.L384:
 706:Drivers/STM32H7xx_HAL_Driver/Src/stm32h7xx_hal_dma.c **** 
 4192              		.loc 1 706 5 view .LVU1227
 4193 07f6 DFF81880 		ldr	r8, .L390
 4194 07fa D8F8B8C0 		ldr	ip, [r8, #184]
 4195 07fe 2CF0010C 		bic	ip, ip, #1
 4196 0802 C8F8B8C0 		str	ip, [r8, #184]
 709:Drivers/STM32H7xx_HAL_Driver/Src/stm32h7xx_hal_dma.c **** 
 4197              		.loc 1 709 5 is_stmt 1 view .LVU1228
 4198              	.LVL218:
ARM GAS  C:\Users\l1234\AppData\Local\Temp\ccQ59T7L.s 			page 131


 4199              	.LBB161:
1773:Drivers/STM32H7xx_HAL_Driver/Src/stm32h7xx_hal_dma.c **** {
 4200              		.loc 1 1773 13 view .LVU1229
 4201              	.LBB127:
1776:Drivers/STM32H7xx_HAL_Driver/Src/stm32h7xx_hal_dma.c ****   BDMA_Base_Registers *regs_bdma = (BDMA_Base_Registers *)hdma->StreamBaseAddress;
 4202              		.loc 1 1776 3 view .LVU1230
1777:Drivers/STM32H7xx_HAL_Driver/Src/stm32h7xx_hal_dma.c **** 
 4203              		.loc 1 1777 3 view .LVU1231
1779:Drivers/STM32H7xx_HAL_Driver/Src/stm32h7xx_hal_dma.c ****   {
 4204              		.loc 1 1779 3 view .LVU1232
 4205 0806 08E7     		b	.L278
 4206              	.LVL219:
 4207              	.L385:
1833:Drivers/STM32H7xx_HAL_Driver/Src/stm32h7xx_hal_dma.c **** 
 4208              		.loc 1 1833 7 view .LVU1233
1833:Drivers/STM32H7xx_HAL_Driver/Src/stm32h7xx_hal_dma.c **** 
 4209              		.loc 1 1833 54 is_stmt 0 view .LVU1234
 4210 0808 A260     		str	r2, [r4, #8]
 4211              	.LVL220:
1836:Drivers/STM32H7xx_HAL_Driver/Src/stm32h7xx_hal_dma.c ****     }
 4212              		.loc 1 1836 7 is_stmt 1 view .LVU1235
1836:Drivers/STM32H7xx_HAL_Driver/Src/stm32h7xx_hal_dma.c ****     }
 4213              		.loc 1 1836 55 is_stmt 0 view .LVU1236
 4214 080a E160     		str	r1, [r4, #12]
 4215              	.L371:
1851:Drivers/STM32H7xx_HAL_Driver/Src/stm32h7xx_hal_dma.c **** }
 4216              		.loc 1 1851 3 is_stmt 1 view .LVU1237
 4217              	.LVL221:
1851:Drivers/STM32H7xx_HAL_Driver/Src/stm32h7xx_hal_dma.c **** }
 4218              		.loc 1 1851 3 is_stmt 0 view .LVU1238
 4219              	.LBE127:
 4220              	.LBE161:
 711:Drivers/STM32H7xx_HAL_Driver/Src/stm32h7xx_hal_dma.c ****     {
 4221              		.loc 1 711 5 is_stmt 1 view .LVU1239
 4222 080c 036C     		ldr	r3, [r0, #64]
 4223 080e 6EE4     		b	.L304
 4224              	.L391:
 4225              		.align	2
 4226              	.L390:
 4227 0810 00040240 		.word	1073873920
 4228              		.cfi_endproc
 4229              	.LFE147:
 4231              		.section	.text.HAL_DMA_Abort,"ax",%progbits
 4232              		.align	1
 4233              		.p2align 2,,3
 4234              		.global	HAL_DMA_Abort
 4235              		.syntax unified
 4236              		.thumb
 4237              		.thumb_func
 4239              	HAL_DMA_Abort:
 4240              	.LVL222:
 4241              	.LFB148:
 782:Drivers/STM32H7xx_HAL_Driver/Src/stm32h7xx_hal_dma.c ****   /* calculate DMA base and stream number */
 4242              		.loc 1 782 1 view -0
 4243              		.cfi_startproc
 4244              		@ args = 0, pretend = 0, frame = 0
 4245              		@ frame_needed = 0, uses_anonymous_args = 0
ARM GAS  C:\Users\l1234\AppData\Local\Temp\ccQ59T7L.s 			page 132


 784:Drivers/STM32H7xx_HAL_Driver/Src/stm32h7xx_hal_dma.c ****   BDMA_Base_Registers *regs_bdma;
 4246              		.loc 1 784 3 view .LVU1241
 785:Drivers/STM32H7xx_HAL_Driver/Src/stm32h7xx_hal_dma.c ****   const __IO uint32_t *enableRegister;
 4247              		.loc 1 785 3 view .LVU1242
 786:Drivers/STM32H7xx_HAL_Driver/Src/stm32h7xx_hal_dma.c **** 
 4248              		.loc 1 786 3 view .LVU1243
 788:Drivers/STM32H7xx_HAL_Driver/Src/stm32h7xx_hal_dma.c **** 
 4249              		.loc 1 788 3 view .LVU1244
 782:Drivers/STM32H7xx_HAL_Driver/Src/stm32h7xx_hal_dma.c ****   /* calculate DMA base and stream number */
 4250              		.loc 1 782 1 is_stmt 0 view .LVU1245
 4251 0000 70B5     		push	{r4, r5, r6, lr}
 4252              	.LCFI26:
 4253              		.cfi_def_cfa_offset 16
 4254              		.cfi_offset 4, -16
 4255              		.cfi_offset 5, -12
 4256              		.cfi_offset 6, -8
 4257              		.cfi_offset 14, -4
 782:Drivers/STM32H7xx_HAL_Driver/Src/stm32h7xx_hal_dma.c ****   /* calculate DMA base and stream number */
 4258              		.loc 1 782 1 view .LVU1246
 4259 0002 0446     		mov	r4, r0
 788:Drivers/STM32H7xx_HAL_Driver/Src/stm32h7xx_hal_dma.c **** 
 4260              		.loc 1 788 24 view .LVU1247
 4261 0004 FFF7FEFF 		bl	HAL_GetTick
 4262              	.LVL223:
 791:Drivers/STM32H7xx_HAL_Driver/Src/stm32h7xx_hal_dma.c ****   {
 4263              		.loc 1 791 3 is_stmt 1 view .LVU1248
 791:Drivers/STM32H7xx_HAL_Driver/Src/stm32h7xx_hal_dma.c ****   {
 4264              		.loc 1 791 5 is_stmt 0 view .LVU1249
 4265 0008 002C     		cmp	r4, #0
 4266 000a 6BD0     		beq	.L393
 797:Drivers/STM32H7xx_HAL_Driver/Src/stm32h7xx_hal_dma.c ****   {
 4267              		.loc 1 797 3 is_stmt 1 view .LVU1250
 797:Drivers/STM32H7xx_HAL_Driver/Src/stm32h7xx_hal_dma.c ****   {
 4268              		.loc 1 797 10 is_stmt 0 view .LVU1251
 4269 000c 94F83530 		ldrb	r3, [r4, #53]	@ zero_extendqisi2
 797:Drivers/STM32H7xx_HAL_Driver/Src/stm32h7xx_hal_dma.c ****   {
 4270              		.loc 1 797 5 view .LVU1252
 4271 0010 022B     		cmp	r3, #2
 4272 0012 62D1     		bne	.L461
 809:Drivers/STM32H7xx_HAL_Driver/Src/stm32h7xx_hal_dma.c ****     {
 4273              		.loc 1 809 5 is_stmt 1 view .LVU1253
 809:Drivers/STM32H7xx_HAL_Driver/Src/stm32h7xx_hal_dma.c ****     {
 4274              		.loc 1 809 8 is_stmt 0 view .LVU1254
 4275 0014 2568     		ldr	r5, [r4]
 4276 0016 0646     		mov	r6, r0
 4277 0018 A24B     		ldr	r3, .L463
 4278 001a 9D42     		cmp	r5, r3
 4279 001c 64D0     		beq	.L396
 4280 001e 1833     		adds	r3, r3, #24
 4281 0020 9D42     		cmp	r5, r3
 4282 0022 61D0     		beq	.L396
 809:Drivers/STM32H7xx_HAL_Driver/Src/stm32h7xx_hal_dma.c ****     {
 4283              		.loc 1 809 8 discriminator 2 view .LVU1255
 4284 0024 1833     		adds	r3, r3, #24
 4285 0026 9D42     		cmp	r5, r3
 4286 0028 00F0F180 		beq	.L397
 809:Drivers/STM32H7xx_HAL_Driver/Src/stm32h7xx_hal_dma.c ****     {
ARM GAS  C:\Users\l1234\AppData\Local\Temp\ccQ59T7L.s 			page 133


 4287              		.loc 1 809 8 discriminator 4 view .LVU1256
 4288 002c 1833     		adds	r3, r3, #24
 4289 002e 9D42     		cmp	r5, r3
 4290 0030 00F01881 		beq	.L398
 809:Drivers/STM32H7xx_HAL_Driver/Src/stm32h7xx_hal_dma.c ****     {
 4291              		.loc 1 809 8 discriminator 6 view .LVU1257
 4292 0034 1833     		adds	r3, r3, #24
 4293 0036 9D42     		cmp	r5, r3
 4294 0038 00F02381 		beq	.L399
 809:Drivers/STM32H7xx_HAL_Driver/Src/stm32h7xx_hal_dma.c ****     {
 4295              		.loc 1 809 8 discriminator 8 view .LVU1258
 4296 003c 1833     		adds	r3, r3, #24
 4297 003e 9D42     		cmp	r5, r3
 4298 0040 00F0FD80 		beq	.L400
 809:Drivers/STM32H7xx_HAL_Driver/Src/stm32h7xx_hal_dma.c ****     {
 4299              		.loc 1 809 8 discriminator 10 view .LVU1259
 4300 0044 1833     		adds	r3, r3, #24
 4301 0046 9D42     		cmp	r5, r3
 4302 0048 00F03881 		beq	.L401
 809:Drivers/STM32H7xx_HAL_Driver/Src/stm32h7xx_hal_dma.c ****     {
 4303              		.loc 1 809 8 discriminator 12 view .LVU1260
 4304 004c 1833     		adds	r3, r3, #24
 4305 004e 9D42     		cmp	r5, r3
 4306 0050 00F04781 		beq	.L402
 809:Drivers/STM32H7xx_HAL_Driver/Src/stm32h7xx_hal_dma.c ****     {
 4307              		.loc 1 809 8 discriminator 14 view .LVU1261
 4308 0054 03F55673 		add	r3, r3, #856
 4309 0058 9D42     		cmp	r5, r3
 4310 005a 00F05581 		beq	.L403
 809:Drivers/STM32H7xx_HAL_Driver/Src/stm32h7xx_hal_dma.c ****     {
 4311              		.loc 1 809 8 discriminator 16 view .LVU1262
 4312 005e 1833     		adds	r3, r3, #24
 4313 0060 9D42     		cmp	r5, r3
 4314 0062 00F06081 		beq	.L404
 809:Drivers/STM32H7xx_HAL_Driver/Src/stm32h7xx_hal_dma.c ****     {
 4315              		.loc 1 809 8 discriminator 18 view .LVU1263
 4316 0066 1833     		adds	r3, r3, #24
 4317 0068 9D42     		cmp	r5, r3
 4318 006a 00F06B81 		beq	.L405
 809:Drivers/STM32H7xx_HAL_Driver/Src/stm32h7xx_hal_dma.c ****     {
 4319              		.loc 1 809 8 discriminator 20 view .LVU1264
 4320 006e 1833     		adds	r3, r3, #24
 4321 0070 9D42     		cmp	r5, r3
 4322 0072 00F06981 		beq	.L406
 809:Drivers/STM32H7xx_HAL_Driver/Src/stm32h7xx_hal_dma.c ****     {
 4323              		.loc 1 809 8 discriminator 22 view .LVU1265
 4324 0076 1833     		adds	r3, r3, #24
 4325 0078 9D42     		cmp	r5, r3
 4326 007a 00F06781 		beq	.L407
 809:Drivers/STM32H7xx_HAL_Driver/Src/stm32h7xx_hal_dma.c ****     {
 4327              		.loc 1 809 8 discriminator 24 view .LVU1266
 4328 007e 1833     		adds	r3, r3, #24
 4329 0080 9D42     		cmp	r5, r3
 4330 0082 00F06581 		beq	.L408
 809:Drivers/STM32H7xx_HAL_Driver/Src/stm32h7xx_hal_dma.c ****     {
 4331              		.loc 1 809 8 discriminator 26 view .LVU1267
 4332 0086 1833     		adds	r3, r3, #24
ARM GAS  C:\Users\l1234\AppData\Local\Temp\ccQ59T7L.s 			page 134


 4333 0088 9D42     		cmp	r5, r3
 4334 008a 00F06581 		beq	.L409
 809:Drivers/STM32H7xx_HAL_Driver/Src/stm32h7xx_hal_dma.c ****     {
 4335              		.loc 1 809 8 discriminator 28 view .LVU1268
 4336 008e 1833     		adds	r3, r3, #24
 4337 0090 9D42     		cmp	r5, r3
 4338 0092 00F05F81 		beq	.L410
 820:Drivers/STM32H7xx_HAL_Driver/Src/stm32h7xx_hal_dma.c **** 
 4339              		.loc 1 820 7 is_stmt 1 view .LVU1269
 820:Drivers/STM32H7xx_HAL_Driver/Src/stm32h7xx_hal_dma.c **** 
 4340              		.loc 1 820 49 is_stmt 0 view .LVU1270
 4341 0096 2B68     		ldr	r3, [r5]
 825:Drivers/STM32H7xx_HAL_Driver/Src/stm32h7xx_hal_dma.c ****     {
 4342              		.loc 1 825 8 view .LVU1271
 4343 0098 834A     		ldr	r2, .L463+4
 820:Drivers/STM32H7xx_HAL_Driver/Src/stm32h7xx_hal_dma.c **** 
 4344              		.loc 1 820 56 view .LVU1272
 4345 009a 23F00E03 		bic	r3, r3, #14
 825:Drivers/STM32H7xx_HAL_Driver/Src/stm32h7xx_hal_dma.c ****     {
 4346              		.loc 1 825 8 view .LVU1273
 4347 009e 9542     		cmp	r5, r2
 820:Drivers/STM32H7xx_HAL_Driver/Src/stm32h7xx_hal_dma.c **** 
 4348              		.loc 1 820 56 view .LVU1274
 4349 00a0 2B60     		str	r3, [r5]
 822:Drivers/STM32H7xx_HAL_Driver/Src/stm32h7xx_hal_dma.c ****     }
 4350              		.loc 1 822 7 is_stmt 1 view .LVU1275
 4351              	.LVL224:
 825:Drivers/STM32H7xx_HAL_Driver/Src/stm32h7xx_hal_dma.c ****     {
 4352              		.loc 1 825 5 view .LVU1276
 825:Drivers/STM32H7xx_HAL_Driver/Src/stm32h7xx_hal_dma.c ****     {
 4353              		.loc 1 825 8 is_stmt 0 view .LVU1277
 4354 00a2 14D0     		beq	.L411
 825:Drivers/STM32H7xx_HAL_Driver/Src/stm32h7xx_hal_dma.c ****     {
 4355              		.loc 1 825 8 discriminator 32 view .LVU1278
 4356 00a4 814B     		ldr	r3, .L463+8
 4357 00a6 9D42     		cmp	r5, r3
 4358 00a8 11D0     		beq	.L411
 825:Drivers/STM32H7xx_HAL_Driver/Src/stm32h7xx_hal_dma.c ****     {
 4359              		.loc 1 825 8 discriminator 34 view .LVU1279
 4360 00aa 1433     		adds	r3, r3, #20
 4361 00ac 9D42     		cmp	r5, r3
 4362 00ae 0ED0     		beq	.L411
 825:Drivers/STM32H7xx_HAL_Driver/Src/stm32h7xx_hal_dma.c ****     {
 4363              		.loc 1 825 8 discriminator 36 view .LVU1280
 4364 00b0 1433     		adds	r3, r3, #20
 4365 00b2 9D42     		cmp	r5, r3
 4366 00b4 0BD0     		beq	.L411
 825:Drivers/STM32H7xx_HAL_Driver/Src/stm32h7xx_hal_dma.c ****     {
 4367              		.loc 1 825 8 discriminator 38 view .LVU1281
 4368 00b6 1433     		adds	r3, r3, #20
 4369 00b8 9D42     		cmp	r5, r3
 4370 00ba 08D0     		beq	.L411
 825:Drivers/STM32H7xx_HAL_Driver/Src/stm32h7xx_hal_dma.c ****     {
 4371              		.loc 1 825 8 discriminator 40 view .LVU1282
 4372 00bc 1433     		adds	r3, r3, #20
 4373 00be 9D42     		cmp	r5, r3
 4374 00c0 05D0     		beq	.L411
ARM GAS  C:\Users\l1234\AppData\Local\Temp\ccQ59T7L.s 			page 135


 825:Drivers/STM32H7xx_HAL_Driver/Src/stm32h7xx_hal_dma.c ****     {
 4375              		.loc 1 825 8 discriminator 42 view .LVU1283
 4376 00c2 1433     		adds	r3, r3, #20
 4377 00c4 9D42     		cmp	r5, r3
 4378 00c6 02D0     		beq	.L411
 825:Drivers/STM32H7xx_HAL_Driver/Src/stm32h7xx_hal_dma.c ****     {
 4379              		.loc 1 825 8 discriminator 44 view .LVU1284
 4380 00c8 1433     		adds	r3, r3, #20
 4381 00ca 9D42     		cmp	r5, r3
 4382 00cc 19D1     		bne	.L413
 4383              	.L411:
 828:Drivers/STM32H7xx_HAL_Driver/Src/stm32h7xx_hal_dma.c ****     }
 4384              		.loc 1 828 7 is_stmt 1 view .LVU1285
 828:Drivers/STM32H7xx_HAL_Driver/Src/stm32h7xx_hal_dma.c ****     }
 4385              		.loc 1 828 11 is_stmt 0 view .LVU1286
 4386 00ce 226E     		ldr	r2, [r4, #96]
 828:Drivers/STM32H7xx_HAL_Driver/Src/stm32h7xx_hal_dma.c ****     }
 4387              		.loc 1 828 26 view .LVU1287
 4388 00d0 1368     		ldr	r3, [r2]
 828:Drivers/STM32H7xx_HAL_Driver/Src/stm32h7xx_hal_dma.c ****     }
 4389              		.loc 1 828 32 view .LVU1288
 4390 00d2 23F48073 		bic	r3, r3, #256
 4391 00d6 1360     		str	r3, [r2]
 832:Drivers/STM32H7xx_HAL_Driver/Src/stm32h7xx_hal_dma.c **** 
 4392              		.loc 1 832 5 is_stmt 1 view .LVU1289
 4393 00d8 13E0     		b	.L413
 4394              	.LVL225:
 4395              	.L461:
 799:Drivers/STM32H7xx_HAL_Driver/Src/stm32h7xx_hal_dma.c **** 
 4396              		.loc 1 799 5 view .LVU1290
 799:Drivers/STM32H7xx_HAL_Driver/Src/stm32h7xx_hal_dma.c **** 
 4397              		.loc 1 799 21 is_stmt 0 view .LVU1291
 4398 00da 8022     		movs	r2, #128
 802:Drivers/STM32H7xx_HAL_Driver/Src/stm32h7xx_hal_dma.c **** 
 4399              		.loc 1 802 5 view .LVU1292
 4400 00dc 0023     		movs	r3, #0
 799:Drivers/STM32H7xx_HAL_Driver/Src/stm32h7xx_hal_dma.c **** 
 4401              		.loc 1 799 21 view .LVU1293
 4402 00de 6265     		str	r2, [r4, #84]
 802:Drivers/STM32H7xx_HAL_Driver/Src/stm32h7xx_hal_dma.c **** 
 4403              		.loc 1 802 5 is_stmt 1 view .LVU1294
 802:Drivers/STM32H7xx_HAL_Driver/Src/stm32h7xx_hal_dma.c **** 
 4404              		.loc 1 802 5 view .LVU1295
 4405 00e0 84F83430 		strb	r3, [r4, #52]
 802:Drivers/STM32H7xx_HAL_Driver/Src/stm32h7xx_hal_dma.c **** 
 4406              		.loc 1 802 5 view .LVU1296
 804:Drivers/STM32H7xx_HAL_Driver/Src/stm32h7xx_hal_dma.c ****   }
 4407              		.loc 1 804 5 view .LVU1297
 4408              	.LVL226:
 4409              	.L393:
 793:Drivers/STM32H7xx_HAL_Driver/Src/stm32h7xx_hal_dma.c ****   }
 4410              		.loc 1 793 12 is_stmt 0 view .LVU1298
 4411 00e4 0120     		movs	r0, #1
 889:Drivers/STM32H7xx_HAL_Driver/Src/stm32h7xx_hal_dma.c **** 
 4412              		.loc 1 889 1 view .LVU1299
 4413 00e6 70BD     		pop	{r4, r5, r6, pc}
 4414              	.LVL227:
ARM GAS  C:\Users\l1234\AppData\Local\Temp\ccQ59T7L.s 			page 136


 4415              	.L396:
 812:Drivers/STM32H7xx_HAL_Driver/Src/stm32h7xx_hal_dma.c ****       ((DMA_Stream_TypeDef   *)hdma->Instance)->FCR &= ~(DMA_IT_FE);
 4416              		.loc 1 812 7 is_stmt 1 view .LVU1300
 812:Drivers/STM32H7xx_HAL_Driver/Src/stm32h7xx_hal_dma.c ****       ((DMA_Stream_TypeDef   *)hdma->Instance)->FCR &= ~(DMA_IT_FE);
 4417              		.loc 1 812 47 is_stmt 0 view .LVU1301
 4418 00e8 2B68     		ldr	r3, [r5]
 828:Drivers/STM32H7xx_HAL_Driver/Src/stm32h7xx_hal_dma.c ****     }
 4419              		.loc 1 828 11 view .LVU1302
 4420 00ea 226E     		ldr	r2, [r4, #96]
 812:Drivers/STM32H7xx_HAL_Driver/Src/stm32h7xx_hal_dma.c ****       ((DMA_Stream_TypeDef   *)hdma->Instance)->FCR &= ~(DMA_IT_FE);
 4421              		.loc 1 812 53 view .LVU1303
 4422 00ec 23F01E03 		bic	r3, r3, #30
 4423 00f0 2B60     		str	r3, [r5]
 813:Drivers/STM32H7xx_HAL_Driver/Src/stm32h7xx_hal_dma.c **** 
 4424              		.loc 1 813 7 is_stmt 1 view .LVU1304
 813:Drivers/STM32H7xx_HAL_Driver/Src/stm32h7xx_hal_dma.c **** 
 4425              		.loc 1 813 47 is_stmt 0 view .LVU1305
 4426 00f2 6B69     		ldr	r3, [r5, #20]
 813:Drivers/STM32H7xx_HAL_Driver/Src/stm32h7xx_hal_dma.c **** 
 4427              		.loc 1 813 53 view .LVU1306
 4428 00f4 23F08003 		bic	r3, r3, #128
 4429 00f8 6B61     		str	r3, [r5, #20]
 815:Drivers/STM32H7xx_HAL_Driver/Src/stm32h7xx_hal_dma.c ****     }
 4430              		.loc 1 815 7 is_stmt 1 view .LVU1307
 4431              	.LVL228:
 825:Drivers/STM32H7xx_HAL_Driver/Src/stm32h7xx_hal_dma.c ****     {
 4432              		.loc 1 825 5 view .LVU1308
 828:Drivers/STM32H7xx_HAL_Driver/Src/stm32h7xx_hal_dma.c ****     }
 4433              		.loc 1 828 7 view .LVU1309
 828:Drivers/STM32H7xx_HAL_Driver/Src/stm32h7xx_hal_dma.c ****     }
 4434              		.loc 1 828 26 is_stmt 0 view .LVU1310
 4435 00fa 1368     		ldr	r3, [r2]
 828:Drivers/STM32H7xx_HAL_Driver/Src/stm32h7xx_hal_dma.c ****     }
 4436              		.loc 1 828 32 view .LVU1311
 4437 00fc 23F48073 		bic	r3, r3, #256
 4438 0100 1360     		str	r3, [r2]
 832:Drivers/STM32H7xx_HAL_Driver/Src/stm32h7xx_hal_dma.c **** 
 4439              		.loc 1 832 5 is_stmt 1 view .LVU1312
 4440              	.LVL229:
 4441              	.L413:
 832:Drivers/STM32H7xx_HAL_Driver/Src/stm32h7xx_hal_dma.c **** 
 4442              		.loc 1 832 5 is_stmt 0 discriminator 29 view .LVU1313
 4443 0102 2B68     		ldr	r3, [r5]
 4444 0104 23F00103 		bic	r3, r3, #1
 4445 0108 2B60     		str	r3, [r5]
 4446 010a 05E0     		b	.L424
 4447              	.LVL230:
 4448              	.L425:
 838:Drivers/STM32H7xx_HAL_Driver/Src/stm32h7xx_hal_dma.c ****       {
 4449              		.loc 1 838 11 view .LVU1314
 4450 010c FFF7FEFF 		bl	HAL_GetTick
 4451              	.LVL231:
 838:Drivers/STM32H7xx_HAL_Driver/Src/stm32h7xx_hal_dma.c ****       {
 4452              		.loc 1 838 25 view .LVU1315
 4453 0110 831B     		subs	r3, r0, r6
 838:Drivers/STM32H7xx_HAL_Driver/Src/stm32h7xx_hal_dma.c ****       {
 4454              		.loc 1 838 9 view .LVU1316
ARM GAS  C:\Users\l1234\AppData\Local\Temp\ccQ59T7L.s 			page 137


 4455 0112 052B     		cmp	r3, #5
 4456 0114 00F28A80 		bhi	.L462
 4457              	.L424:
 838:Drivers/STM32H7xx_HAL_Driver/Src/stm32h7xx_hal_dma.c ****       {
 4458              		.loc 1 838 7 is_stmt 1 view .LVU1317
 835:Drivers/STM32H7xx_HAL_Driver/Src/stm32h7xx_hal_dma.c ****     {
 4459              		.loc 1 835 45 view .LVU1318
 835:Drivers/STM32H7xx_HAL_Driver/Src/stm32h7xx_hal_dma.c ****     {
 4460              		.loc 1 835 13 is_stmt 0 view .LVU1319
 4461 0118 2B68     		ldr	r3, [r5]
 835:Drivers/STM32H7xx_HAL_Driver/Src/stm32h7xx_hal_dma.c ****     {
 4462              		.loc 1 835 45 view .LVU1320
 4463 011a DB07     		lsls	r3, r3, #31
 4464 011c F6D4     		bmi	.L425
 854:Drivers/STM32H7xx_HAL_Driver/Src/stm32h7xx_hal_dma.c ****     {
 4465              		.loc 1 854 5 is_stmt 1 view .LVU1321
 854:Drivers/STM32H7xx_HAL_Driver/Src/stm32h7xx_hal_dma.c ****     {
 4466              		.loc 1 854 8 is_stmt 0 view .LVU1322
 4467 011e 2368     		ldr	r3, [r4]
 4468 0120 6049     		ldr	r1, .L463
 862:Drivers/STM32H7xx_HAL_Driver/Src/stm32h7xx_hal_dma.c ****     }
 4469              		.loc 1 862 66 view .LVU1323
 4470 0122 E26D     		ldr	r2, [r4, #92]
 854:Drivers/STM32H7xx_HAL_Driver/Src/stm32h7xx_hal_dma.c ****     {
 4471              		.loc 1 854 8 view .LVU1324
 4472 0124 8B42     		cmp	r3, r1
 861:Drivers/STM32H7xx_HAL_Driver/Src/stm32h7xx_hal_dma.c ****       regs_bdma->IFCR = ((BDMA_IFCR_CGIF0) << (hdma->StreamIndex & 0x1FU));
 4473              		.loc 1 861 17 view .LVU1325
 4474 0126 A06D     		ldr	r0, [r4, #88]
 862:Drivers/STM32H7xx_HAL_Driver/Src/stm32h7xx_hal_dma.c ****     }
 4475              		.loc 1 862 66 view .LVU1326
 4476 0128 02F01F02 		and	r2, r2, #31
 854:Drivers/STM32H7xx_HAL_Driver/Src/stm32h7xx_hal_dma.c ****     {
 4477              		.loc 1 854 8 view .LVU1327
 4478 012c 5ED0     		beq	.L428
 4479 012e 1831     		adds	r1, r1, #24
 4480 0130 8B42     		cmp	r3, r1
 4481 0132 5BD0     		beq	.L428
 854:Drivers/STM32H7xx_HAL_Driver/Src/stm32h7xx_hal_dma.c ****     {
 4482              		.loc 1 854 8 discriminator 2 view .LVU1328
 4483 0134 1831     		adds	r1, r1, #24
 4484 0136 8B42     		cmp	r3, r1
 4485 0138 58D0     		beq	.L428
 854:Drivers/STM32H7xx_HAL_Driver/Src/stm32h7xx_hal_dma.c ****     {
 4486              		.loc 1 854 8 discriminator 4 view .LVU1329
 4487 013a 1831     		adds	r1, r1, #24
 4488 013c 8B42     		cmp	r3, r1
 4489 013e 55D0     		beq	.L428
 854:Drivers/STM32H7xx_HAL_Driver/Src/stm32h7xx_hal_dma.c ****     {
 4490              		.loc 1 854 8 discriminator 6 view .LVU1330
 4491 0140 1831     		adds	r1, r1, #24
 4492 0142 8B42     		cmp	r3, r1
 4493 0144 52D0     		beq	.L428
 854:Drivers/STM32H7xx_HAL_Driver/Src/stm32h7xx_hal_dma.c ****     {
 4494              		.loc 1 854 8 discriminator 8 view .LVU1331
 4495 0146 1831     		adds	r1, r1, #24
 4496 0148 8B42     		cmp	r3, r1
ARM GAS  C:\Users\l1234\AppData\Local\Temp\ccQ59T7L.s 			page 138


 4497 014a 4FD0     		beq	.L428
 854:Drivers/STM32H7xx_HAL_Driver/Src/stm32h7xx_hal_dma.c ****     {
 4498              		.loc 1 854 8 discriminator 10 view .LVU1332
 4499 014c 1831     		adds	r1, r1, #24
 4500 014e 8B42     		cmp	r3, r1
 4501 0150 4CD0     		beq	.L428
 854:Drivers/STM32H7xx_HAL_Driver/Src/stm32h7xx_hal_dma.c ****     {
 4502              		.loc 1 854 8 discriminator 12 view .LVU1333
 4503 0152 1831     		adds	r1, r1, #24
 4504 0154 8B42     		cmp	r3, r1
 4505 0156 49D0     		beq	.L428
 854:Drivers/STM32H7xx_HAL_Driver/Src/stm32h7xx_hal_dma.c ****     {
 4506              		.loc 1 854 8 discriminator 14 view .LVU1334
 4507 0158 01F55671 		add	r1, r1, #856
 4508 015c 8B42     		cmp	r3, r1
 4509 015e 45D0     		beq	.L428
 854:Drivers/STM32H7xx_HAL_Driver/Src/stm32h7xx_hal_dma.c ****     {
 4510              		.loc 1 854 8 discriminator 16 view .LVU1335
 4511 0160 1831     		adds	r1, r1, #24
 4512 0162 8B42     		cmp	r3, r1
 4513 0164 42D0     		beq	.L428
 854:Drivers/STM32H7xx_HAL_Driver/Src/stm32h7xx_hal_dma.c ****     {
 4514              		.loc 1 854 8 discriminator 18 view .LVU1336
 4515 0166 1831     		adds	r1, r1, #24
 4516 0168 8B42     		cmp	r3, r1
 4517 016a 3FD0     		beq	.L428
 854:Drivers/STM32H7xx_HAL_Driver/Src/stm32h7xx_hal_dma.c ****     {
 4518              		.loc 1 854 8 discriminator 20 view .LVU1337
 4519 016c 1831     		adds	r1, r1, #24
 4520 016e 8B42     		cmp	r3, r1
 4521 0170 3CD0     		beq	.L428
 854:Drivers/STM32H7xx_HAL_Driver/Src/stm32h7xx_hal_dma.c ****     {
 4522              		.loc 1 854 8 discriminator 22 view .LVU1338
 4523 0172 1831     		adds	r1, r1, #24
 4524 0174 8B42     		cmp	r3, r1
 4525 0176 39D0     		beq	.L428
 854:Drivers/STM32H7xx_HAL_Driver/Src/stm32h7xx_hal_dma.c ****     {
 4526              		.loc 1 854 8 discriminator 24 view .LVU1339
 4527 0178 1831     		adds	r1, r1, #24
 4528 017a 8B42     		cmp	r3, r1
 4529 017c 36D0     		beq	.L428
 854:Drivers/STM32H7xx_HAL_Driver/Src/stm32h7xx_hal_dma.c ****     {
 4530              		.loc 1 854 8 discriminator 26 view .LVU1340
 4531 017e 1831     		adds	r1, r1, #24
 4532 0180 8B42     		cmp	r3, r1
 4533 0182 33D0     		beq	.L428
 854:Drivers/STM32H7xx_HAL_Driver/Src/stm32h7xx_hal_dma.c ****     {
 4534              		.loc 1 854 8 discriminator 28 view .LVU1341
 4535 0184 1831     		adds	r1, r1, #24
 4536 0186 8B42     		cmp	r3, r1
 4537 0188 30D0     		beq	.L428
 861:Drivers/STM32H7xx_HAL_Driver/Src/stm32h7xx_hal_dma.c ****       regs_bdma->IFCR = ((BDMA_IFCR_CGIF0) << (hdma->StreamIndex & 0x1FU));
 4538              		.loc 1 861 7 is_stmt 1 view .LVU1342
 4539              	.LVL232:
 862:Drivers/STM32H7xx_HAL_Driver/Src/stm32h7xx_hal_dma.c ****     }
 4540              		.loc 1 862 7 view .LVU1343
 862:Drivers/STM32H7xx_HAL_Driver/Src/stm32h7xx_hal_dma.c ****     }
ARM GAS  C:\Users\l1234\AppData\Local\Temp\ccQ59T7L.s 			page 139


 4541              		.loc 1 862 44 is_stmt 0 view .LVU1344
 4542 018a 0121     		movs	r1, #1
 4543 018c 9140     		lsls	r1, r1, r2
 865:Drivers/STM32H7xx_HAL_Driver/Src/stm32h7xx_hal_dma.c ****     {
 4544              		.loc 1 865 8 view .LVU1345
 4545 018e 474A     		ldr	r2, .L463+8
 862:Drivers/STM32H7xx_HAL_Driver/Src/stm32h7xx_hal_dma.c ****     }
 4546              		.loc 1 862 23 view .LVU1346
 4547 0190 4160     		str	r1, [r0, #4]
 865:Drivers/STM32H7xx_HAL_Driver/Src/stm32h7xx_hal_dma.c ****     {
 4548              		.loc 1 865 5 is_stmt 1 view .LVU1347
 865:Drivers/STM32H7xx_HAL_Driver/Src/stm32h7xx_hal_dma.c ****     {
 4549              		.loc 1 865 8 is_stmt 0 view .LVU1348
 4550 0192 4548     		ldr	r0, .L463+4
 4551              	.LVL233:
 865:Drivers/STM32H7xx_HAL_Driver/Src/stm32h7xx_hal_dma.c ****     {
 4552              		.loc 1 865 8 view .LVU1349
 4553 0194 4649     		ldr	r1, .L463+12
 4554 0196 8342     		cmp	r3, r0
 4555 0198 18BF     		it	ne
 4556 019a 9342     		cmpne	r3, r2
 4557 019c 00F13C00 		add	r0, r0, #60
 4558 01a0 0CBF     		ite	eq
 4559 01a2 0122     		moveq	r2, #1
 4560 01a4 0022     		movne	r2, #0
 4561 01a6 8B42     		cmp	r3, r1
 4562 01a8 08BF     		it	eq
 4563 01aa 42F00102 		orreq	r2, r2, #1
 4564 01ae 2831     		adds	r1, r1, #40
 4565 01b0 8342     		cmp	r3, r0
 4566 01b2 08BF     		it	eq
 4567 01b4 42F00102 		orreq	r2, r2, #1
 4568 01b8 2830     		adds	r0, r0, #40
 4569 01ba 8B42     		cmp	r3, r1
 4570 01bc 08BF     		it	eq
 4571 01be 42F00102 		orreq	r2, r2, #1
 4572 01c2 2831     		adds	r1, r1, #40
 4573 01c4 8342     		cmp	r3, r0
 4574 01c6 08BF     		it	eq
 4575 01c8 42F00102 		orreq	r2, r2, #1
 4576 01cc 8B42     		cmp	r3, r1
 4577 01ce 08BF     		it	eq
 4578 01d0 42F00102 		orreq	r2, r2, #1
 4579 01d4 6AB9     		cbnz	r2, .L444
 4580 01d6 374A     		ldr	r2, .L463+16
 4581 01d8 9342     		cmp	r3, r2
 4582 01da 0AD0     		beq	.L444
 4583              	.LVL234:
 4584              	.L445:
 882:Drivers/STM32H7xx_HAL_Driver/Src/stm32h7xx_hal_dma.c **** 
 4585              		.loc 1 882 5 is_stmt 1 view .LVU1350
 885:Drivers/STM32H7xx_HAL_Driver/Src/stm32h7xx_hal_dma.c ****   }
 4586              		.loc 1 885 5 is_stmt 0 view .LVU1351
 4587 01dc 0023     		movs	r3, #0
 882:Drivers/STM32H7xx_HAL_Driver/Src/stm32h7xx_hal_dma.c **** 
 4588              		.loc 1 882 17 view .LVU1352
 4589 01de 0122     		movs	r2, #1
ARM GAS  C:\Users\l1234\AppData\Local\Temp\ccQ59T7L.s 			page 140


 888:Drivers/STM32H7xx_HAL_Driver/Src/stm32h7xx_hal_dma.c **** }
 4590              		.loc 1 888 10 view .LVU1353
 4591 01e0 1846     		mov	r0, r3
 882:Drivers/STM32H7xx_HAL_Driver/Src/stm32h7xx_hal_dma.c **** 
 4592              		.loc 1 882 17 view .LVU1354
 4593 01e2 84F83520 		strb	r2, [r4, #53]
 885:Drivers/STM32H7xx_HAL_Driver/Src/stm32h7xx_hal_dma.c ****   }
 4594              		.loc 1 885 5 is_stmt 1 view .LVU1355
 885:Drivers/STM32H7xx_HAL_Driver/Src/stm32h7xx_hal_dma.c ****   }
 4595              		.loc 1 885 5 view .LVU1356
 4596 01e6 84F83430 		strb	r3, [r4, #52]
 885:Drivers/STM32H7xx_HAL_Driver/Src/stm32h7xx_hal_dma.c ****   }
 4597              		.loc 1 885 5 view .LVU1357
 888:Drivers/STM32H7xx_HAL_Driver/Src/stm32h7xx_hal_dma.c **** }
 4598              		.loc 1 888 3 view .LVU1358
 889:Drivers/STM32H7xx_HAL_Driver/Src/stm32h7xx_hal_dma.c **** 
 4599              		.loc 1 889 1 is_stmt 0 view .LVU1359
 4600 01ea 70BD     		pop	{r4, r5, r6, pc}
 4601              	.LVL235:
 4602              	.L428:
 856:Drivers/STM32H7xx_HAL_Driver/Src/stm32h7xx_hal_dma.c ****       regs_dma->IFCR = 0x3FUL << (hdma->StreamIndex & 0x1FU);
 4603              		.loc 1 856 7 is_stmt 1 view .LVU1360
 857:Drivers/STM32H7xx_HAL_Driver/Src/stm32h7xx_hal_dma.c ****     }
 4604              		.loc 1 857 7 view .LVU1361
 857:Drivers/STM32H7xx_HAL_Driver/Src/stm32h7xx_hal_dma.c ****     }
 4605              		.loc 1 857 31 is_stmt 0 view .LVU1362
 4606 01ec 3F23     		movs	r3, #63
 4607 01ee 9340     		lsls	r3, r3, r2
 857:Drivers/STM32H7xx_HAL_Driver/Src/stm32h7xx_hal_dma.c ****     }
 4608              		.loc 1 857 22 view .LVU1363
 4609 01f0 8360     		str	r3, [r0, #8]
 4610              	.LVL236:
 865:Drivers/STM32H7xx_HAL_Driver/Src/stm32h7xx_hal_dma.c ****     {
 4611              		.loc 1 865 5 is_stmt 1 view .LVU1364
 4612              	.L444:
 868:Drivers/STM32H7xx_HAL_Driver/Src/stm32h7xx_hal_dma.c **** 
 4613              		.loc 1 868 7 view .LVU1365
 870:Drivers/STM32H7xx_HAL_Driver/Src/stm32h7xx_hal_dma.c ****       {
 4614              		.loc 1 870 14 is_stmt 0 view .LVU1366
 4615 01f2 E36E     		ldr	r3, [r4, #108]
 868:Drivers/STM32H7xx_HAL_Driver/Src/stm32h7xx_hal_dma.c **** 
 4616              		.loc 1 868 44 view .LVU1367
 4617 01f4 D4E91921 		ldrd	r2, r1, [r4, #100]
 868:Drivers/STM32H7xx_HAL_Driver/Src/stm32h7xx_hal_dma.c **** 
 4618              		.loc 1 868 38 view .LVU1368
 4619 01f8 5160     		str	r1, [r2, #4]
 870:Drivers/STM32H7xx_HAL_Driver/Src/stm32h7xx_hal_dma.c ****       {
 4620              		.loc 1 870 7 is_stmt 1 view .LVU1369
 870:Drivers/STM32H7xx_HAL_Driver/Src/stm32h7xx_hal_dma.c ****       {
 4621              		.loc 1 870 9 is_stmt 0 view .LVU1370
 4622 01fa 002B     		cmp	r3, #0
 4623 01fc EED0     		beq	.L445
 874:Drivers/STM32H7xx_HAL_Driver/Src/stm32h7xx_hal_dma.c **** 
 4624              		.loc 1 874 9 is_stmt 1 view .LVU1371
 874:Drivers/STM32H7xx_HAL_Driver/Src/stm32h7xx_hal_dma.c **** 
 4625              		.loc 1 874 31 is_stmt 0 view .LVU1372
 4626 01fe 1A68     		ldr	r2, [r3]
ARM GAS  C:\Users\l1234\AppData\Local\Temp\ccQ59T7L.s 			page 141


 877:Drivers/STM32H7xx_HAL_Driver/Src/stm32h7xx_hal_dma.c ****       }
 4627              		.loc 1 877 51 view .LVU1373
 4628 0200 D4E91C10 		ldrd	r1, r0, [r4, #112]
 874:Drivers/STM32H7xx_HAL_Driver/Src/stm32h7xx_hal_dma.c **** 
 4629              		.loc 1 874 38 view .LVU1374
 4630 0204 22F48072 		bic	r2, r2, #256
 4631 0208 1A60     		str	r2, [r3]
 877:Drivers/STM32H7xx_HAL_Driver/Src/stm32h7xx_hal_dma.c ****       }
 4632              		.loc 1 877 9 is_stmt 1 view .LVU1375
 877:Drivers/STM32H7xx_HAL_Driver/Src/stm32h7xx_hal_dma.c ****       }
 4633              		.loc 1 877 45 is_stmt 0 view .LVU1376
 4634 020a 4860     		str	r0, [r1, #4]
 4635 020c E6E7     		b	.L445
 4636              	.LVL237:
 4637              	.L397:
 812:Drivers/STM32H7xx_HAL_Driver/Src/stm32h7xx_hal_dma.c ****       ((DMA_Stream_TypeDef   *)hdma->Instance)->FCR &= ~(DMA_IT_FE);
 4638              		.loc 1 812 7 is_stmt 1 view .LVU1377
 812:Drivers/STM32H7xx_HAL_Driver/Src/stm32h7xx_hal_dma.c ****       ((DMA_Stream_TypeDef   *)hdma->Instance)->FCR &= ~(DMA_IT_FE);
 4639              		.loc 1 812 47 is_stmt 0 view .LVU1378
 4640 020e 2A4B     		ldr	r3, .L463+20
 4641              	.L459:
 4642 0210 1A6C     		ldr	r2, [r3, #64]
 812:Drivers/STM32H7xx_HAL_Driver/Src/stm32h7xx_hal_dma.c ****       ((DMA_Stream_TypeDef   *)hdma->Instance)->FCR &= ~(DMA_IT_FE);
 4643              		.loc 1 812 53 view .LVU1379
 4644 0212 22F01E02 		bic	r2, r2, #30
 4645 0216 1A64     		str	r2, [r3, #64]
 813:Drivers/STM32H7xx_HAL_Driver/Src/stm32h7xx_hal_dma.c **** 
 4646              		.loc 1 813 7 is_stmt 1 view .LVU1380
 813:Drivers/STM32H7xx_HAL_Driver/Src/stm32h7xx_hal_dma.c **** 
 4647              		.loc 1 813 47 is_stmt 0 view .LVU1381
 4648 0218 5A6D     		ldr	r2, [r3, #84]
 813:Drivers/STM32H7xx_HAL_Driver/Src/stm32h7xx_hal_dma.c **** 
 4649              		.loc 1 813 53 view .LVU1382
 4650 021a 22F08002 		bic	r2, r2, #128
 4651 021e 5A65     		str	r2, [r3, #84]
 815:Drivers/STM32H7xx_HAL_Driver/Src/stm32h7xx_hal_dma.c ****     }
 4652              		.loc 1 815 7 is_stmt 1 view .LVU1383
 4653              	.LVL238:
 825:Drivers/STM32H7xx_HAL_Driver/Src/stm32h7xx_hal_dma.c ****     {
 4654              		.loc 1 825 5 view .LVU1384
 828:Drivers/STM32H7xx_HAL_Driver/Src/stm32h7xx_hal_dma.c ****     }
 4655              		.loc 1 828 7 view .LVU1385
 828:Drivers/STM32H7xx_HAL_Driver/Src/stm32h7xx_hal_dma.c ****     }
 4656              		.loc 1 828 11 is_stmt 0 view .LVU1386
 4657 0220 226E     		ldr	r2, [r4, #96]
 828:Drivers/STM32H7xx_HAL_Driver/Src/stm32h7xx_hal_dma.c ****     }
 4658              		.loc 1 828 26 view .LVU1387
 4659 0222 1368     		ldr	r3, [r2]
 828:Drivers/STM32H7xx_HAL_Driver/Src/stm32h7xx_hal_dma.c ****     }
 4660              		.loc 1 828 32 view .LVU1388
 4661 0224 23F48073 		bic	r3, r3, #256
 4662 0228 1360     		str	r3, [r2]
 832:Drivers/STM32H7xx_HAL_Driver/Src/stm32h7xx_hal_dma.c **** 
 4663              		.loc 1 832 5 is_stmt 1 view .LVU1389
 4664 022a 6AE7     		b	.L413
 4665              	.LVL239:
 4666              	.L462:
ARM GAS  C:\Users\l1234\AppData\Local\Temp\ccQ59T7L.s 			page 142


 841:Drivers/STM32H7xx_HAL_Driver/Src/stm32h7xx_hal_dma.c **** 
 4667              		.loc 1 841 9 view .LVU1390
 841:Drivers/STM32H7xx_HAL_Driver/Src/stm32h7xx_hal_dma.c **** 
 4668              		.loc 1 841 25 is_stmt 0 view .LVU1391
 4669 022c 2021     		movs	r1, #32
 844:Drivers/STM32H7xx_HAL_Driver/Src/stm32h7xx_hal_dma.c **** 
 4670              		.loc 1 844 21 view .LVU1392
 4671 022e 0322     		movs	r2, #3
 847:Drivers/STM32H7xx_HAL_Driver/Src/stm32h7xx_hal_dma.c **** 
 4672              		.loc 1 847 9 view .LVU1393
 4673 0230 0023     		movs	r3, #0
 841:Drivers/STM32H7xx_HAL_Driver/Src/stm32h7xx_hal_dma.c **** 
 4674              		.loc 1 841 25 view .LVU1394
 4675 0232 6165     		str	r1, [r4, #84]
 844:Drivers/STM32H7xx_HAL_Driver/Src/stm32h7xx_hal_dma.c **** 
 4676              		.loc 1 844 9 is_stmt 1 view .LVU1395
 847:Drivers/STM32H7xx_HAL_Driver/Src/stm32h7xx_hal_dma.c **** 
 4677              		.loc 1 847 9 is_stmt 0 view .LVU1396
 4678 0234 84F83430 		strb	r3, [r4, #52]
 844:Drivers/STM32H7xx_HAL_Driver/Src/stm32h7xx_hal_dma.c **** 
 4679              		.loc 1 844 21 view .LVU1397
 4680 0238 84F83520 		strb	r2, [r4, #53]
 847:Drivers/STM32H7xx_HAL_Driver/Src/stm32h7xx_hal_dma.c **** 
 4681              		.loc 1 847 9 is_stmt 1 view .LVU1398
 847:Drivers/STM32H7xx_HAL_Driver/Src/stm32h7xx_hal_dma.c **** 
 4682              		.loc 1 847 9 view .LVU1399
 847:Drivers/STM32H7xx_HAL_Driver/Src/stm32h7xx_hal_dma.c **** 
 4683              		.loc 1 847 9 view .LVU1400
 849:Drivers/STM32H7xx_HAL_Driver/Src/stm32h7xx_hal_dma.c ****       }
 4684              		.loc 1 849 9 view .LVU1401
 849:Drivers/STM32H7xx_HAL_Driver/Src/stm32h7xx_hal_dma.c ****       }
 4685              		.loc 1 849 16 is_stmt 0 view .LVU1402
 4686 023c 52E7     		b	.L393
 4687              	.LVL240:
 4688              	.L400:
 812:Drivers/STM32H7xx_HAL_Driver/Src/stm32h7xx_hal_dma.c ****       ((DMA_Stream_TypeDef   *)hdma->Instance)->FCR &= ~(DMA_IT_FE);
 4689              		.loc 1 812 7 is_stmt 1 view .LVU1403
 812:Drivers/STM32H7xx_HAL_Driver/Src/stm32h7xx_hal_dma.c ****       ((DMA_Stream_TypeDef   *)hdma->Instance)->FCR &= ~(DMA_IT_FE);
 4690              		.loc 1 812 47 is_stmt 0 view .LVU1404
 4691 023e 1E4B     		ldr	r3, .L463+20
 4692              	.L457:
 4693 0240 D3F88820 		ldr	r2, [r3, #136]
 812:Drivers/STM32H7xx_HAL_Driver/Src/stm32h7xx_hal_dma.c ****       ((DMA_Stream_TypeDef   *)hdma->Instance)->FCR &= ~(DMA_IT_FE);
 4694              		.loc 1 812 53 view .LVU1405
 4695 0244 22F01E02 		bic	r2, r2, #30
 4696 0248 C3F88820 		str	r2, [r3, #136]
 813:Drivers/STM32H7xx_HAL_Driver/Src/stm32h7xx_hal_dma.c **** 
 4697              		.loc 1 813 7 is_stmt 1 view .LVU1406
 813:Drivers/STM32H7xx_HAL_Driver/Src/stm32h7xx_hal_dma.c **** 
 4698              		.loc 1 813 47 is_stmt 0 view .LVU1407
 4699 024c D3F89C20 		ldr	r2, [r3, #156]
 813:Drivers/STM32H7xx_HAL_Driver/Src/stm32h7xx_hal_dma.c **** 
 4700              		.loc 1 813 53 view .LVU1408
 4701 0250 22F08002 		bic	r2, r2, #128
 4702 0254 C3F89C20 		str	r2, [r3, #156]
 815:Drivers/STM32H7xx_HAL_Driver/Src/stm32h7xx_hal_dma.c ****     }
 4703              		.loc 1 815 7 is_stmt 1 view .LVU1409
ARM GAS  C:\Users\l1234\AppData\Local\Temp\ccQ59T7L.s 			page 143


 4704              	.LVL241:
 825:Drivers/STM32H7xx_HAL_Driver/Src/stm32h7xx_hal_dma.c ****     {
 4705              		.loc 1 825 5 view .LVU1410
 828:Drivers/STM32H7xx_HAL_Driver/Src/stm32h7xx_hal_dma.c ****     }
 4706              		.loc 1 828 7 view .LVU1411
 828:Drivers/STM32H7xx_HAL_Driver/Src/stm32h7xx_hal_dma.c ****     }
 4707              		.loc 1 828 11 is_stmt 0 view .LVU1412
 4708 0258 226E     		ldr	r2, [r4, #96]
 828:Drivers/STM32H7xx_HAL_Driver/Src/stm32h7xx_hal_dma.c ****     }
 4709              		.loc 1 828 26 view .LVU1413
 4710 025a 1368     		ldr	r3, [r2]
 828:Drivers/STM32H7xx_HAL_Driver/Src/stm32h7xx_hal_dma.c ****     }
 4711              		.loc 1 828 32 view .LVU1414
 4712 025c 23F48073 		bic	r3, r3, #256
 4713 0260 1360     		str	r3, [r2]
 832:Drivers/STM32H7xx_HAL_Driver/Src/stm32h7xx_hal_dma.c **** 
 4714              		.loc 1 832 5 is_stmt 1 view .LVU1415
 4715 0262 4EE7     		b	.L413
 4716              	.LVL242:
 4717              	.L398:
 812:Drivers/STM32H7xx_HAL_Driver/Src/stm32h7xx_hal_dma.c ****       ((DMA_Stream_TypeDef   *)hdma->Instance)->FCR &= ~(DMA_IT_FE);
 4718              		.loc 1 812 7 view .LVU1416
 812:Drivers/STM32H7xx_HAL_Driver/Src/stm32h7xx_hal_dma.c ****       ((DMA_Stream_TypeDef   *)hdma->Instance)->FCR &= ~(DMA_IT_FE);
 4719              		.loc 1 812 47 is_stmt 0 view .LVU1417
 4720 0264 144B     		ldr	r3, .L463+20
 4721              	.L460:
 4722 0266 9A6D     		ldr	r2, [r3, #88]
 812:Drivers/STM32H7xx_HAL_Driver/Src/stm32h7xx_hal_dma.c ****       ((DMA_Stream_TypeDef   *)hdma->Instance)->FCR &= ~(DMA_IT_FE);
 4723              		.loc 1 812 53 view .LVU1418
 4724 0268 22F01E02 		bic	r2, r2, #30
 4725 026c 9A65     		str	r2, [r3, #88]
 813:Drivers/STM32H7xx_HAL_Driver/Src/stm32h7xx_hal_dma.c **** 
 4726              		.loc 1 813 7 is_stmt 1 view .LVU1419
 813:Drivers/STM32H7xx_HAL_Driver/Src/stm32h7xx_hal_dma.c **** 
 4727              		.loc 1 813 47 is_stmt 0 view .LVU1420
 4728 026e DA6E     		ldr	r2, [r3, #108]
 813:Drivers/STM32H7xx_HAL_Driver/Src/stm32h7xx_hal_dma.c **** 
 4729              		.loc 1 813 53 view .LVU1421
 4730 0270 22F08002 		bic	r2, r2, #128
 4731 0274 DA66     		str	r2, [r3, #108]
 815:Drivers/STM32H7xx_HAL_Driver/Src/stm32h7xx_hal_dma.c ****     }
 4732              		.loc 1 815 7 is_stmt 1 view .LVU1422
 4733              	.LVL243:
 825:Drivers/STM32H7xx_HAL_Driver/Src/stm32h7xx_hal_dma.c ****     {
 4734              		.loc 1 825 5 view .LVU1423
 828:Drivers/STM32H7xx_HAL_Driver/Src/stm32h7xx_hal_dma.c ****     }
 4735              		.loc 1 828 7 view .LVU1424
 828:Drivers/STM32H7xx_HAL_Driver/Src/stm32h7xx_hal_dma.c ****     }
 4736              		.loc 1 828 11 is_stmt 0 view .LVU1425
 4737 0276 226E     		ldr	r2, [r4, #96]
 828:Drivers/STM32H7xx_HAL_Driver/Src/stm32h7xx_hal_dma.c ****     }
 4738              		.loc 1 828 26 view .LVU1426
 4739 0278 1368     		ldr	r3, [r2]
 828:Drivers/STM32H7xx_HAL_Driver/Src/stm32h7xx_hal_dma.c ****     }
 4740              		.loc 1 828 32 view .LVU1427
 4741 027a 23F48073 		bic	r3, r3, #256
 4742 027e 1360     		str	r3, [r2]
ARM GAS  C:\Users\l1234\AppData\Local\Temp\ccQ59T7L.s 			page 144


 832:Drivers/STM32H7xx_HAL_Driver/Src/stm32h7xx_hal_dma.c **** 
 4743              		.loc 1 832 5 is_stmt 1 view .LVU1428
 4744 0280 3FE7     		b	.L413
 4745              	.LVL244:
 4746              	.L399:
 812:Drivers/STM32H7xx_HAL_Driver/Src/stm32h7xx_hal_dma.c ****       ((DMA_Stream_TypeDef   *)hdma->Instance)->FCR &= ~(DMA_IT_FE);
 4747              		.loc 1 812 7 view .LVU1429
 812:Drivers/STM32H7xx_HAL_Driver/Src/stm32h7xx_hal_dma.c ****       ((DMA_Stream_TypeDef   *)hdma->Instance)->FCR &= ~(DMA_IT_FE);
 4748              		.loc 1 812 47 is_stmt 0 view .LVU1430
 4749 0282 0D4B     		ldr	r3, .L463+20
 4750              	.L458:
 4751 0284 1A6F     		ldr	r2, [r3, #112]
 812:Drivers/STM32H7xx_HAL_Driver/Src/stm32h7xx_hal_dma.c ****       ((DMA_Stream_TypeDef   *)hdma->Instance)->FCR &= ~(DMA_IT_FE);
 4752              		.loc 1 812 53 view .LVU1431
 4753 0286 22F01E02 		bic	r2, r2, #30
 4754 028a 1A67     		str	r2, [r3, #112]
 813:Drivers/STM32H7xx_HAL_Driver/Src/stm32h7xx_hal_dma.c **** 
 4755              		.loc 1 813 7 is_stmt 1 view .LVU1432
 813:Drivers/STM32H7xx_HAL_Driver/Src/stm32h7xx_hal_dma.c **** 
 4756              		.loc 1 813 47 is_stmt 0 view .LVU1433
 4757 028c D3F88420 		ldr	r2, [r3, #132]
 813:Drivers/STM32H7xx_HAL_Driver/Src/stm32h7xx_hal_dma.c **** 
 4758              		.loc 1 813 53 view .LVU1434
 4759 0290 22F08002 		bic	r2, r2, #128
 4760 0294 C3F88420 		str	r2, [r3, #132]
 815:Drivers/STM32H7xx_HAL_Driver/Src/stm32h7xx_hal_dma.c ****     }
 4761              		.loc 1 815 7 is_stmt 1 view .LVU1435
 4762              	.LVL245:
 825:Drivers/STM32H7xx_HAL_Driver/Src/stm32h7xx_hal_dma.c ****     {
 4763              		.loc 1 825 5 view .LVU1436
 828:Drivers/STM32H7xx_HAL_Driver/Src/stm32h7xx_hal_dma.c ****     }
 4764              		.loc 1 828 7 view .LVU1437
 828:Drivers/STM32H7xx_HAL_Driver/Src/stm32h7xx_hal_dma.c ****     }
 4765              		.loc 1 828 11 is_stmt 0 view .LVU1438
 4766 0298 226E     		ldr	r2, [r4, #96]
 828:Drivers/STM32H7xx_HAL_Driver/Src/stm32h7xx_hal_dma.c ****     }
 4767              		.loc 1 828 26 view .LVU1439
 4768 029a 1368     		ldr	r3, [r2]
 828:Drivers/STM32H7xx_HAL_Driver/Src/stm32h7xx_hal_dma.c ****     }
 4769              		.loc 1 828 32 view .LVU1440
 4770 029c 23F48073 		bic	r3, r3, #256
 4771 02a0 1360     		str	r3, [r2]
 832:Drivers/STM32H7xx_HAL_Driver/Src/stm32h7xx_hal_dma.c **** 
 4772              		.loc 1 832 5 is_stmt 1 view .LVU1441
 4773 02a2 2EE7     		b	.L413
 4774              	.L464:
 4775              		.align	2
 4776              	.L463:
 4777 02a4 10000240 		.word	1073872912
 4778 02a8 08540258 		.word	1476547592
 4779 02ac 1C540258 		.word	1476547612
 4780 02b0 30540258 		.word	1476547632
 4781 02b4 94540258 		.word	1476547732
 4782 02b8 00000240 		.word	1073872896
 4783              	.LVL246:
 4784              	.L401:
 812:Drivers/STM32H7xx_HAL_Driver/Src/stm32h7xx_hal_dma.c ****       ((DMA_Stream_TypeDef   *)hdma->Instance)->FCR &= ~(DMA_IT_FE);
ARM GAS  C:\Users\l1234\AppData\Local\Temp\ccQ59T7L.s 			page 145


 4785              		.loc 1 812 7 view .LVU1442
 812:Drivers/STM32H7xx_HAL_Driver/Src/stm32h7xx_hal_dma.c ****       ((DMA_Stream_TypeDef   *)hdma->Instance)->FCR &= ~(DMA_IT_FE);
 4786              		.loc 1 812 47 is_stmt 0 view .LVU1443
 4787 02bc 274B     		ldr	r3, .L465
 4788              	.L456:
 4789 02be D3F8A020 		ldr	r2, [r3, #160]
 812:Drivers/STM32H7xx_HAL_Driver/Src/stm32h7xx_hal_dma.c ****       ((DMA_Stream_TypeDef   *)hdma->Instance)->FCR &= ~(DMA_IT_FE);
 4790              		.loc 1 812 53 view .LVU1444
 4791 02c2 22F01E02 		bic	r2, r2, #30
 4792 02c6 C3F8A020 		str	r2, [r3, #160]
 813:Drivers/STM32H7xx_HAL_Driver/Src/stm32h7xx_hal_dma.c **** 
 4793              		.loc 1 813 7 is_stmt 1 view .LVU1445
 813:Drivers/STM32H7xx_HAL_Driver/Src/stm32h7xx_hal_dma.c **** 
 4794              		.loc 1 813 47 is_stmt 0 view .LVU1446
 4795 02ca D3F8B420 		ldr	r2, [r3, #180]
 813:Drivers/STM32H7xx_HAL_Driver/Src/stm32h7xx_hal_dma.c **** 
 4796              		.loc 1 813 53 view .LVU1447
 4797 02ce 22F08002 		bic	r2, r2, #128
 4798 02d2 C3F8B420 		str	r2, [r3, #180]
 815:Drivers/STM32H7xx_HAL_Driver/Src/stm32h7xx_hal_dma.c ****     }
 4799              		.loc 1 815 7 is_stmt 1 view .LVU1448
 4800              	.LVL247:
 825:Drivers/STM32H7xx_HAL_Driver/Src/stm32h7xx_hal_dma.c ****     {
 4801              		.loc 1 825 5 view .LVU1449
 828:Drivers/STM32H7xx_HAL_Driver/Src/stm32h7xx_hal_dma.c ****     }
 4802              		.loc 1 828 7 view .LVU1450
 828:Drivers/STM32H7xx_HAL_Driver/Src/stm32h7xx_hal_dma.c ****     }
 4803              		.loc 1 828 11 is_stmt 0 view .LVU1451
 4804 02d6 226E     		ldr	r2, [r4, #96]
 828:Drivers/STM32H7xx_HAL_Driver/Src/stm32h7xx_hal_dma.c ****     }
 4805              		.loc 1 828 26 view .LVU1452
 4806 02d8 1368     		ldr	r3, [r2]
 828:Drivers/STM32H7xx_HAL_Driver/Src/stm32h7xx_hal_dma.c ****     }
 4807              		.loc 1 828 32 view .LVU1453
 4808 02da 23F48073 		bic	r3, r3, #256
 4809 02de 1360     		str	r3, [r2]
 832:Drivers/STM32H7xx_HAL_Driver/Src/stm32h7xx_hal_dma.c **** 
 4810              		.loc 1 832 5 is_stmt 1 view .LVU1454
 4811 02e0 0FE7     		b	.L413
 4812              	.LVL248:
 4813              	.L402:
 812:Drivers/STM32H7xx_HAL_Driver/Src/stm32h7xx_hal_dma.c ****       ((DMA_Stream_TypeDef   *)hdma->Instance)->FCR &= ~(DMA_IT_FE);
 4814              		.loc 1 812 7 view .LVU1455
 812:Drivers/STM32H7xx_HAL_Driver/Src/stm32h7xx_hal_dma.c ****       ((DMA_Stream_TypeDef   *)hdma->Instance)->FCR &= ~(DMA_IT_FE);
 4815              		.loc 1 812 47 is_stmt 0 view .LVU1456
 4816 02e2 1E4B     		ldr	r3, .L465
 4817              	.L455:
 4818 02e4 D3F8B820 		ldr	r2, [r3, #184]
 812:Drivers/STM32H7xx_HAL_Driver/Src/stm32h7xx_hal_dma.c ****       ((DMA_Stream_TypeDef   *)hdma->Instance)->FCR &= ~(DMA_IT_FE);
 4819              		.loc 1 812 53 view .LVU1457
 4820 02e8 22F01E02 		bic	r2, r2, #30
 4821 02ec C3F8B820 		str	r2, [r3, #184]
 813:Drivers/STM32H7xx_HAL_Driver/Src/stm32h7xx_hal_dma.c **** 
 4822              		.loc 1 813 7 is_stmt 1 view .LVU1458
 813:Drivers/STM32H7xx_HAL_Driver/Src/stm32h7xx_hal_dma.c **** 
 4823              		.loc 1 813 47 is_stmt 0 view .LVU1459
 4824 02f0 D3F8CC20 		ldr	r2, [r3, #204]
ARM GAS  C:\Users\l1234\AppData\Local\Temp\ccQ59T7L.s 			page 146


 813:Drivers/STM32H7xx_HAL_Driver/Src/stm32h7xx_hal_dma.c **** 
 4825              		.loc 1 813 53 view .LVU1460
 4826 02f4 22F08002 		bic	r2, r2, #128
 4827 02f8 C3F8CC20 		str	r2, [r3, #204]
 815:Drivers/STM32H7xx_HAL_Driver/Src/stm32h7xx_hal_dma.c ****     }
 4828              		.loc 1 815 7 is_stmt 1 view .LVU1461
 4829              	.LVL249:
 825:Drivers/STM32H7xx_HAL_Driver/Src/stm32h7xx_hal_dma.c ****     {
 4830              		.loc 1 825 5 view .LVU1462
 828:Drivers/STM32H7xx_HAL_Driver/Src/stm32h7xx_hal_dma.c ****     }
 4831              		.loc 1 828 7 view .LVU1463
 828:Drivers/STM32H7xx_HAL_Driver/Src/stm32h7xx_hal_dma.c ****     }
 4832              		.loc 1 828 11 is_stmt 0 view .LVU1464
 4833 02fc 226E     		ldr	r2, [r4, #96]
 828:Drivers/STM32H7xx_HAL_Driver/Src/stm32h7xx_hal_dma.c ****     }
 4834              		.loc 1 828 26 view .LVU1465
 4835 02fe 1368     		ldr	r3, [r2]
 828:Drivers/STM32H7xx_HAL_Driver/Src/stm32h7xx_hal_dma.c ****     }
 4836              		.loc 1 828 32 view .LVU1466
 4837 0300 23F48073 		bic	r3, r3, #256
 4838 0304 1360     		str	r3, [r2]
 832:Drivers/STM32H7xx_HAL_Driver/Src/stm32h7xx_hal_dma.c **** 
 4839              		.loc 1 832 5 is_stmt 1 view .LVU1467
 4840 0306 FCE6     		b	.L413
 4841              	.LVL250:
 4842              	.L403:
 812:Drivers/STM32H7xx_HAL_Driver/Src/stm32h7xx_hal_dma.c ****       ((DMA_Stream_TypeDef   *)hdma->Instance)->FCR &= ~(DMA_IT_FE);
 4843              		.loc 1 812 7 view .LVU1468
 812:Drivers/STM32H7xx_HAL_Driver/Src/stm32h7xx_hal_dma.c ****       ((DMA_Stream_TypeDef   *)hdma->Instance)->FCR &= ~(DMA_IT_FE);
 4844              		.loc 1 812 47 is_stmt 0 view .LVU1469
 4845 0308 154B     		ldr	r3, .L465+4
 4846 030a 1A69     		ldr	r2, [r3, #16]
 812:Drivers/STM32H7xx_HAL_Driver/Src/stm32h7xx_hal_dma.c ****       ((DMA_Stream_TypeDef   *)hdma->Instance)->FCR &= ~(DMA_IT_FE);
 4847              		.loc 1 812 53 view .LVU1470
 4848 030c 22F01E02 		bic	r2, r2, #30
 4849 0310 1A61     		str	r2, [r3, #16]
 813:Drivers/STM32H7xx_HAL_Driver/Src/stm32h7xx_hal_dma.c **** 
 4850              		.loc 1 813 7 is_stmt 1 view .LVU1471
 813:Drivers/STM32H7xx_HAL_Driver/Src/stm32h7xx_hal_dma.c **** 
 4851              		.loc 1 813 47 is_stmt 0 view .LVU1472
 4852 0312 5A6A     		ldr	r2, [r3, #36]
 813:Drivers/STM32H7xx_HAL_Driver/Src/stm32h7xx_hal_dma.c **** 
 4853              		.loc 1 813 53 view .LVU1473
 4854 0314 22F08002 		bic	r2, r2, #128
 4855 0318 5A62     		str	r2, [r3, #36]
 815:Drivers/STM32H7xx_HAL_Driver/Src/stm32h7xx_hal_dma.c ****     }
 4856              		.loc 1 815 7 is_stmt 1 view .LVU1474
 4857              	.LVL251:
 825:Drivers/STM32H7xx_HAL_Driver/Src/stm32h7xx_hal_dma.c ****     {
 4858              		.loc 1 825 5 view .LVU1475
 828:Drivers/STM32H7xx_HAL_Driver/Src/stm32h7xx_hal_dma.c ****     }
 4859              		.loc 1 828 7 view .LVU1476
 828:Drivers/STM32H7xx_HAL_Driver/Src/stm32h7xx_hal_dma.c ****     }
 4860              		.loc 1 828 11 is_stmt 0 view .LVU1477
 4861 031a 226E     		ldr	r2, [r4, #96]
 828:Drivers/STM32H7xx_HAL_Driver/Src/stm32h7xx_hal_dma.c ****     }
 4862              		.loc 1 828 26 view .LVU1478
ARM GAS  C:\Users\l1234\AppData\Local\Temp\ccQ59T7L.s 			page 147


 4863 031c 1368     		ldr	r3, [r2]
 828:Drivers/STM32H7xx_HAL_Driver/Src/stm32h7xx_hal_dma.c ****     }
 4864              		.loc 1 828 32 view .LVU1479
 4865 031e 23F48073 		bic	r3, r3, #256
 4866 0322 1360     		str	r3, [r2]
 832:Drivers/STM32H7xx_HAL_Driver/Src/stm32h7xx_hal_dma.c **** 
 4867              		.loc 1 832 5 is_stmt 1 view .LVU1480
 4868 0324 EDE6     		b	.L413
 4869              	.LVL252:
 4870              	.L404:
 812:Drivers/STM32H7xx_HAL_Driver/Src/stm32h7xx_hal_dma.c ****       ((DMA_Stream_TypeDef   *)hdma->Instance)->FCR &= ~(DMA_IT_FE);
 4871              		.loc 1 812 7 view .LVU1481
 812:Drivers/STM32H7xx_HAL_Driver/Src/stm32h7xx_hal_dma.c ****       ((DMA_Stream_TypeDef   *)hdma->Instance)->FCR &= ~(DMA_IT_FE);
 4872              		.loc 1 812 47 is_stmt 0 view .LVU1482
 4873 0326 0E4B     		ldr	r3, .L465+4
 4874 0328 9A6A     		ldr	r2, [r3, #40]
 812:Drivers/STM32H7xx_HAL_Driver/Src/stm32h7xx_hal_dma.c ****       ((DMA_Stream_TypeDef   *)hdma->Instance)->FCR &= ~(DMA_IT_FE);
 4875              		.loc 1 812 53 view .LVU1483
 4876 032a 22F01E02 		bic	r2, r2, #30
 4877 032e 9A62     		str	r2, [r3, #40]
 813:Drivers/STM32H7xx_HAL_Driver/Src/stm32h7xx_hal_dma.c **** 
 4878              		.loc 1 813 7 is_stmt 1 view .LVU1484
 813:Drivers/STM32H7xx_HAL_Driver/Src/stm32h7xx_hal_dma.c **** 
 4879              		.loc 1 813 47 is_stmt 0 view .LVU1485
 4880 0330 DA6B     		ldr	r2, [r3, #60]
 813:Drivers/STM32H7xx_HAL_Driver/Src/stm32h7xx_hal_dma.c **** 
 4881              		.loc 1 813 53 view .LVU1486
 4882 0332 22F08002 		bic	r2, r2, #128
 4883 0336 DA63     		str	r2, [r3, #60]
 815:Drivers/STM32H7xx_HAL_Driver/Src/stm32h7xx_hal_dma.c ****     }
 4884              		.loc 1 815 7 is_stmt 1 view .LVU1487
 4885              	.LVL253:
 825:Drivers/STM32H7xx_HAL_Driver/Src/stm32h7xx_hal_dma.c ****     {
 4886              		.loc 1 825 5 view .LVU1488
 828:Drivers/STM32H7xx_HAL_Driver/Src/stm32h7xx_hal_dma.c ****     }
 4887              		.loc 1 828 7 view .LVU1489
 828:Drivers/STM32H7xx_HAL_Driver/Src/stm32h7xx_hal_dma.c ****     }
 4888              		.loc 1 828 11 is_stmt 0 view .LVU1490
 4889 0338 226E     		ldr	r2, [r4, #96]
 828:Drivers/STM32H7xx_HAL_Driver/Src/stm32h7xx_hal_dma.c ****     }
 4890              		.loc 1 828 26 view .LVU1491
 4891 033a 1368     		ldr	r3, [r2]
 828:Drivers/STM32H7xx_HAL_Driver/Src/stm32h7xx_hal_dma.c ****     }
 4892              		.loc 1 828 32 view .LVU1492
 4893 033c 23F48073 		bic	r3, r3, #256
 4894 0340 1360     		str	r3, [r2]
 832:Drivers/STM32H7xx_HAL_Driver/Src/stm32h7xx_hal_dma.c **** 
 4895              		.loc 1 832 5 is_stmt 1 view .LVU1493
 4896 0342 DEE6     		b	.L413
 4897              	.LVL254:
 4898              	.L405:
 812:Drivers/STM32H7xx_HAL_Driver/Src/stm32h7xx_hal_dma.c ****       ((DMA_Stream_TypeDef   *)hdma->Instance)->FCR &= ~(DMA_IT_FE);
 4899              		.loc 1 812 7 view .LVU1494
 812:Drivers/STM32H7xx_HAL_Driver/Src/stm32h7xx_hal_dma.c ****       ((DMA_Stream_TypeDef   *)hdma->Instance)->FCR &= ~(DMA_IT_FE);
 4900              		.loc 1 812 47 is_stmt 0 view .LVU1495
 4901 0344 064B     		ldr	r3, .L465+4
 4902 0346 63E7     		b	.L459
ARM GAS  C:\Users\l1234\AppData\Local\Temp\ccQ59T7L.s 			page 148


 4903              	.L406:
 812:Drivers/STM32H7xx_HAL_Driver/Src/stm32h7xx_hal_dma.c ****       ((DMA_Stream_TypeDef   *)hdma->Instance)->FCR &= ~(DMA_IT_FE);
 4904              		.loc 1 812 7 is_stmt 1 view .LVU1496
 812:Drivers/STM32H7xx_HAL_Driver/Src/stm32h7xx_hal_dma.c ****       ((DMA_Stream_TypeDef   *)hdma->Instance)->FCR &= ~(DMA_IT_FE);
 4905              		.loc 1 812 47 is_stmt 0 view .LVU1497
 4906 0348 054B     		ldr	r3, .L465+4
 4907 034a 8CE7     		b	.L460
 4908              	.L407:
 812:Drivers/STM32H7xx_HAL_Driver/Src/stm32h7xx_hal_dma.c ****       ((DMA_Stream_TypeDef   *)hdma->Instance)->FCR &= ~(DMA_IT_FE);
 4909              		.loc 1 812 7 is_stmt 1 view .LVU1498
 812:Drivers/STM32H7xx_HAL_Driver/Src/stm32h7xx_hal_dma.c ****       ((DMA_Stream_TypeDef   *)hdma->Instance)->FCR &= ~(DMA_IT_FE);
 4910              		.loc 1 812 47 is_stmt 0 view .LVU1499
 4911 034c 044B     		ldr	r3, .L465+4
 4912 034e 99E7     		b	.L458
 4913              	.L408:
 812:Drivers/STM32H7xx_HAL_Driver/Src/stm32h7xx_hal_dma.c ****       ((DMA_Stream_TypeDef   *)hdma->Instance)->FCR &= ~(DMA_IT_FE);
 4914              		.loc 1 812 7 is_stmt 1 view .LVU1500
 812:Drivers/STM32H7xx_HAL_Driver/Src/stm32h7xx_hal_dma.c ****       ((DMA_Stream_TypeDef   *)hdma->Instance)->FCR &= ~(DMA_IT_FE);
 4915              		.loc 1 812 47 is_stmt 0 view .LVU1501
 4916 0350 034B     		ldr	r3, .L465+4
 4917 0352 75E7     		b	.L457
 4918              	.L410:
 812:Drivers/STM32H7xx_HAL_Driver/Src/stm32h7xx_hal_dma.c ****       ((DMA_Stream_TypeDef   *)hdma->Instance)->FCR &= ~(DMA_IT_FE);
 4919              		.loc 1 812 7 is_stmt 1 view .LVU1502
 812:Drivers/STM32H7xx_HAL_Driver/Src/stm32h7xx_hal_dma.c ****       ((DMA_Stream_TypeDef   *)hdma->Instance)->FCR &= ~(DMA_IT_FE);
 4920              		.loc 1 812 47 is_stmt 0 view .LVU1503
 4921 0354 024B     		ldr	r3, .L465+4
 4922 0356 C5E7     		b	.L455
 4923              	.L409:
 812:Drivers/STM32H7xx_HAL_Driver/Src/stm32h7xx_hal_dma.c ****       ((DMA_Stream_TypeDef   *)hdma->Instance)->FCR &= ~(DMA_IT_FE);
 4924              		.loc 1 812 7 is_stmt 1 view .LVU1504
 812:Drivers/STM32H7xx_HAL_Driver/Src/stm32h7xx_hal_dma.c ****       ((DMA_Stream_TypeDef   *)hdma->Instance)->FCR &= ~(DMA_IT_FE);
 4925              		.loc 1 812 47 is_stmt 0 view .LVU1505
 4926 0358 014B     		ldr	r3, .L465+4
 4927 035a B0E7     		b	.L456
 4928              	.L466:
 4929              		.align	2
 4930              	.L465:
 4931 035c 00000240 		.word	1073872896
 4932 0360 00040240 		.word	1073873920
 4933              		.cfi_endproc
 4934              	.LFE148:
 4936              		.section	.text.HAL_DMA_Abort_IT,"ax",%progbits
 4937              		.align	1
 4938              		.p2align 2,,3
 4939              		.global	HAL_DMA_Abort_IT
 4940              		.syntax unified
 4941              		.thumb
 4942              		.thumb_func
 4944              	HAL_DMA_Abort_IT:
 4945              	.LVL255:
 4946              	.LFB149:
 898:Drivers/STM32H7xx_HAL_Driver/Src/stm32h7xx_hal_dma.c ****   BDMA_Base_Registers *regs_bdma;
 4947              		.loc 1 898 1 is_stmt 1 view -0
 4948              		.cfi_startproc
 4949              		@ args = 0, pretend = 0, frame = 0
 4950              		@ frame_needed = 0, uses_anonymous_args = 0
ARM GAS  C:\Users\l1234\AppData\Local\Temp\ccQ59T7L.s 			page 149


 899:Drivers/STM32H7xx_HAL_Driver/Src/stm32h7xx_hal_dma.c **** 
 4951              		.loc 1 899 3 view .LVU1507
 902:Drivers/STM32H7xx_HAL_Driver/Src/stm32h7xx_hal_dma.c ****   {
 4952              		.loc 1 902 3 view .LVU1508
 902:Drivers/STM32H7xx_HAL_Driver/Src/stm32h7xx_hal_dma.c ****   {
 4953              		.loc 1 902 5 is_stmt 0 view .LVU1509
 4954 0000 0028     		cmp	r0, #0
 4955 0002 00F09680 		beq	.L502
 907:Drivers/STM32H7xx_HAL_Driver/Src/stm32h7xx_hal_dma.c ****   {
 4956              		.loc 1 907 3 is_stmt 1 view .LVU1510
 898:Drivers/STM32H7xx_HAL_Driver/Src/stm32h7xx_hal_dma.c ****   BDMA_Base_Registers *regs_bdma;
 4957              		.loc 1 898 1 is_stmt 0 view .LVU1511
 4958 0006 38B5     		push	{r3, r4, r5, lr}
 4959              	.LCFI27:
 4960              		.cfi_def_cfa_offset 16
 4961              		.cfi_offset 3, -16
 4962              		.cfi_offset 4, -12
 4963              		.cfi_offset 5, -8
 4964              		.cfi_offset 14, -4
 907:Drivers/STM32H7xx_HAL_Driver/Src/stm32h7xx_hal_dma.c ****   {
 4965              		.loc 1 907 10 view .LVU1512
 4966 0008 90F83530 		ldrb	r3, [r0, #53]	@ zero_extendqisi2
 907:Drivers/STM32H7xx_HAL_Driver/Src/stm32h7xx_hal_dma.c ****   {
 4967              		.loc 1 907 5 view .LVU1513
 4968 000c 022B     		cmp	r3, #2
 4969 000e 40F08380 		bne	.L506
 914:Drivers/STM32H7xx_HAL_Driver/Src/stm32h7xx_hal_dma.c ****     {
 4970              		.loc 1 914 5 is_stmt 1 view .LVU1514
 914:Drivers/STM32H7xx_HAL_Driver/Src/stm32h7xx_hal_dma.c ****     {
 4971              		.loc 1 914 8 is_stmt 0 view .LVU1515
 4972 0012 0368     		ldr	r3, [r0]
 4973 0014 484A     		ldr	r2, .L507
 4974 0016 9342     		cmp	r3, r2
 4975 0018 00F08280 		beq	.L471
 4976 001c 1832     		adds	r2, r2, #24
 4977 001e 9342     		cmp	r3, r2
 4978 0020 7ED0     		beq	.L471
 914:Drivers/STM32H7xx_HAL_Driver/Src/stm32h7xx_hal_dma.c ****     {
 4979              		.loc 1 914 8 discriminator 2 view .LVU1516
 4980 0022 1832     		adds	r2, r2, #24
 4981 0024 9342     		cmp	r3, r2
 4982 0026 7BD0     		beq	.L471
 914:Drivers/STM32H7xx_HAL_Driver/Src/stm32h7xx_hal_dma.c ****     {
 4983              		.loc 1 914 8 discriminator 4 view .LVU1517
 4984 0028 1832     		adds	r2, r2, #24
 4985 002a 9342     		cmp	r3, r2
 4986 002c 78D0     		beq	.L471
 914:Drivers/STM32H7xx_HAL_Driver/Src/stm32h7xx_hal_dma.c ****     {
 4987              		.loc 1 914 8 discriminator 6 view .LVU1518
 4988 002e 1832     		adds	r2, r2, #24
 4989 0030 9342     		cmp	r3, r2
 4990 0032 75D0     		beq	.L471
 914:Drivers/STM32H7xx_HAL_Driver/Src/stm32h7xx_hal_dma.c ****     {
 4991              		.loc 1 914 8 discriminator 8 view .LVU1519
 4992 0034 1832     		adds	r2, r2, #24
 4993 0036 9342     		cmp	r3, r2
 4994 0038 72D0     		beq	.L471
ARM GAS  C:\Users\l1234\AppData\Local\Temp\ccQ59T7L.s 			page 150


 914:Drivers/STM32H7xx_HAL_Driver/Src/stm32h7xx_hal_dma.c ****     {
 4995              		.loc 1 914 8 discriminator 10 view .LVU1520
 4996 003a 1832     		adds	r2, r2, #24
 4997 003c 9342     		cmp	r3, r2
 4998 003e 6FD0     		beq	.L471
 914:Drivers/STM32H7xx_HAL_Driver/Src/stm32h7xx_hal_dma.c ****     {
 4999              		.loc 1 914 8 discriminator 12 view .LVU1521
 5000 0040 1832     		adds	r2, r2, #24
 5001 0042 9342     		cmp	r3, r2
 5002 0044 6CD0     		beq	.L471
 914:Drivers/STM32H7xx_HAL_Driver/Src/stm32h7xx_hal_dma.c ****     {
 5003              		.loc 1 914 8 discriminator 14 view .LVU1522
 5004 0046 02F55672 		add	r2, r2, #856
 5005 004a 9342     		cmp	r3, r2
 5006 004c 68D0     		beq	.L471
 914:Drivers/STM32H7xx_HAL_Driver/Src/stm32h7xx_hal_dma.c ****     {
 5007              		.loc 1 914 8 discriminator 16 view .LVU1523
 5008 004e 1832     		adds	r2, r2, #24
 5009 0050 9342     		cmp	r3, r2
 5010 0052 65D0     		beq	.L471
 914:Drivers/STM32H7xx_HAL_Driver/Src/stm32h7xx_hal_dma.c ****     {
 5011              		.loc 1 914 8 discriminator 18 view .LVU1524
 5012 0054 1832     		adds	r2, r2, #24
 5013 0056 9342     		cmp	r3, r2
 5014 0058 62D0     		beq	.L471
 914:Drivers/STM32H7xx_HAL_Driver/Src/stm32h7xx_hal_dma.c ****     {
 5015              		.loc 1 914 8 discriminator 20 view .LVU1525
 5016 005a 1832     		adds	r2, r2, #24
 5017 005c 9342     		cmp	r3, r2
 5018 005e 5FD0     		beq	.L471
 914:Drivers/STM32H7xx_HAL_Driver/Src/stm32h7xx_hal_dma.c ****     {
 5019              		.loc 1 914 8 discriminator 22 view .LVU1526
 5020 0060 1832     		adds	r2, r2, #24
 5021 0062 9342     		cmp	r3, r2
 5022 0064 5CD0     		beq	.L471
 914:Drivers/STM32H7xx_HAL_Driver/Src/stm32h7xx_hal_dma.c ****     {
 5023              		.loc 1 914 8 discriminator 24 view .LVU1527
 5024 0066 1832     		adds	r2, r2, #24
 5025 0068 9342     		cmp	r3, r2
 5026 006a 59D0     		beq	.L471
 914:Drivers/STM32H7xx_HAL_Driver/Src/stm32h7xx_hal_dma.c ****     {
 5027              		.loc 1 914 8 discriminator 26 view .LVU1528
 5028 006c 1832     		adds	r2, r2, #24
 5029 006e 9342     		cmp	r3, r2
 5030 0070 56D0     		beq	.L471
 914:Drivers/STM32H7xx_HAL_Driver/Src/stm32h7xx_hal_dma.c ****     {
 5031              		.loc 1 914 8 discriminator 28 view .LVU1529
 5032 0072 1832     		adds	r2, r2, #24
 5033 0074 9342     		cmp	r3, r2
 5034 0076 53D0     		beq	.L471
 925:Drivers/STM32H7xx_HAL_Driver/Src/stm32h7xx_hal_dma.c **** 
 5035              		.loc 1 925 7 is_stmt 1 view .LVU1530
 930:Drivers/STM32H7xx_HAL_Driver/Src/stm32h7xx_hal_dma.c ****       {
 5036              		.loc 1 930 10 is_stmt 0 view .LVU1531
 5037 0078 304A     		ldr	r2, .L507+4
 5038 007a 314D     		ldr	r5, .L507+8
 925:Drivers/STM32H7xx_HAL_Driver/Src/stm32h7xx_hal_dma.c **** 
ARM GAS  C:\Users\l1234\AppData\Local\Temp\ccQ59T7L.s 			page 151


 5039              		.loc 1 925 49 view .LVU1532
 5040 007c 1968     		ldr	r1, [r3]
 930:Drivers/STM32H7xx_HAL_Driver/Src/stm32h7xx_hal_dma.c ****       {
 5041              		.loc 1 930 10 view .LVU1533
 5042 007e AB42     		cmp	r3, r5
 5043 0080 18BF     		it	ne
 5044 0082 9342     		cmpne	r3, r2
 5045 0084 2F4C     		ldr	r4, .L507+12
 925:Drivers/STM32H7xx_HAL_Driver/Src/stm32h7xx_hal_dma.c **** 
 5046              		.loc 1 925 56 view .LVU1534
 5047 0086 21F00E01 		bic	r1, r1, #14
 930:Drivers/STM32H7xx_HAL_Driver/Src/stm32h7xx_hal_dma.c ****       {
 5048              		.loc 1 930 10 view .LVU1535
 5049 008a 05F13C05 		add	r5, r5, #60
 5050 008e 0CBF     		ite	eq
 5051 0090 0122     		moveq	r2, #1
 5052 0092 0022     		movne	r2, #0
 925:Drivers/STM32H7xx_HAL_Driver/Src/stm32h7xx_hal_dma.c **** 
 5053              		.loc 1 925 56 view .LVU1536
 5054 0094 1960     		str	r1, [r3]
 928:Drivers/STM32H7xx_HAL_Driver/Src/stm32h7xx_hal_dma.c **** 
 5055              		.loc 1 928 7 is_stmt 1 view .LVU1537
 930:Drivers/STM32H7xx_HAL_Driver/Src/stm32h7xx_hal_dma.c ****       {
 5056              		.loc 1 930 10 is_stmt 0 view .LVU1538
 5057 0096 A342     		cmp	r3, r4
 5058 0098 08BF     		it	eq
 5059 009a 42F00102 		orreq	r2, r2, #1
 928:Drivers/STM32H7xx_HAL_Driver/Src/stm32h7xx_hal_dma.c **** 
 5060              		.loc 1 928 7 view .LVU1539
 5061 009e 1968     		ldr	r1, [r3]
 930:Drivers/STM32H7xx_HAL_Driver/Src/stm32h7xx_hal_dma.c ****       {
 5062              		.loc 1 930 10 view .LVU1540
 5063 00a0 2834     		adds	r4, r4, #40
 5064 00a2 AB42     		cmp	r3, r5
 5065 00a4 08BF     		it	eq
 5066 00a6 42F00102 		orreq	r2, r2, #1
 928:Drivers/STM32H7xx_HAL_Driver/Src/stm32h7xx_hal_dma.c **** 
 5067              		.loc 1 928 7 view .LVU1541
 5068 00aa 21F00101 		bic	r1, r1, #1
 930:Drivers/STM32H7xx_HAL_Driver/Src/stm32h7xx_hal_dma.c ****       {
 5069              		.loc 1 930 10 view .LVU1542
 5070 00ae A342     		cmp	r3, r4
 5071 00b0 08BF     		it	eq
 5072 00b2 42F00102 		orreq	r2, r2, #1
 5073 00b6 1434     		adds	r4, r4, #20
 928:Drivers/STM32H7xx_HAL_Driver/Src/stm32h7xx_hal_dma.c **** 
 5074              		.loc 1 928 7 view .LVU1543
 5075 00b8 1960     		str	r1, [r3]
 930:Drivers/STM32H7xx_HAL_Driver/Src/stm32h7xx_hal_dma.c ****       {
 5076              		.loc 1 930 7 is_stmt 1 view .LVU1544
 930:Drivers/STM32H7xx_HAL_Driver/Src/stm32h7xx_hal_dma.c ****       {
 5077              		.loc 1 930 10 is_stmt 0 view .LVU1545
 5078 00ba A342     		cmp	r3, r4
 5079 00bc 08BF     		it	eq
 5080 00be 42F00102 		orreq	r2, r2, #1
 5081 00c2 2149     		ldr	r1, .L507+16
 5082 00c4 8B42     		cmp	r3, r1
ARM GAS  C:\Users\l1234\AppData\Local\Temp\ccQ59T7L.s 			page 152


 5083 00c6 08BF     		it	eq
 5084 00c8 42F00102 		orreq	r2, r2, #1
 5085 00cc 12B9     		cbnz	r2, .L485
 5086 00ce 1F4A     		ldr	r2, .L507+20
 5087 00d0 9342     		cmp	r3, r2
 5088 00d2 17D1     		bne	.L486
 5089              	.L485:
 933:Drivers/STM32H7xx_HAL_Driver/Src/stm32h7xx_hal_dma.c **** 
 5090              		.loc 1 933 9 is_stmt 1 view .LVU1546
 937:Drivers/STM32H7xx_HAL_Driver/Src/stm32h7xx_hal_dma.c **** 
 5091              		.loc 1 937 46 is_stmt 0 view .LVU1547
 5092 00d4 0123     		movs	r3, #1
 936:Drivers/STM32H7xx_HAL_Driver/Src/stm32h7xx_hal_dma.c ****         regs_bdma->IFCR = ((BDMA_IFCR_CGIF0) << (hdma->StreamIndex & 0x1FU));
 5093              		.loc 1 936 19 view .LVU1548
 5094 00d6 846D     		ldr	r4, [r0, #88]
 937:Drivers/STM32H7xx_HAL_Driver/Src/stm32h7xx_hal_dma.c **** 
 5095              		.loc 1 937 68 view .LVU1549
 5096 00d8 D0E91715 		ldrd	r1, r5, [r0, #92]
 933:Drivers/STM32H7xx_HAL_Driver/Src/stm32h7xx_hal_dma.c **** 
 5097              		.loc 1 933 28 view .LVU1550
 5098 00dc 2A68     		ldr	r2, [r5]
 937:Drivers/STM32H7xx_HAL_Driver/Src/stm32h7xx_hal_dma.c **** 
 5099              		.loc 1 937 68 view .LVU1551
 5100 00de 01F01F01 		and	r1, r1, #31
 933:Drivers/STM32H7xx_HAL_Driver/Src/stm32h7xx_hal_dma.c **** 
 5101              		.loc 1 933 34 view .LVU1552
 5102 00e2 22F48072 		bic	r2, r2, #256
 937:Drivers/STM32H7xx_HAL_Driver/Src/stm32h7xx_hal_dma.c **** 
 5103              		.loc 1 937 46 view .LVU1553
 5104 00e6 8B40     		lsls	r3, r3, r1
 933:Drivers/STM32H7xx_HAL_Driver/Src/stm32h7xx_hal_dma.c **** 
 5105              		.loc 1 933 34 view .LVU1554
 5106 00e8 2A60     		str	r2, [r5]
 936:Drivers/STM32H7xx_HAL_Driver/Src/stm32h7xx_hal_dma.c ****         regs_bdma->IFCR = ((BDMA_IFCR_CGIF0) << (hdma->StreamIndex & 0x1FU));
 5107              		.loc 1 936 9 is_stmt 1 view .LVU1555
 5108              	.LVL256:
 937:Drivers/STM32H7xx_HAL_Driver/Src/stm32h7xx_hal_dma.c **** 
 5109              		.loc 1 937 9 view .LVU1556
 937:Drivers/STM32H7xx_HAL_Driver/Src/stm32h7xx_hal_dma.c **** 
 5110              		.loc 1 937 25 is_stmt 0 view .LVU1557
 5111 00ea 6360     		str	r3, [r4, #4]
 940:Drivers/STM32H7xx_HAL_Driver/Src/stm32h7xx_hal_dma.c **** 
 5112              		.loc 1 940 9 is_stmt 1 view .LVU1558
 942:Drivers/STM32H7xx_HAL_Driver/Src/stm32h7xx_hal_dma.c ****         {
 5113              		.loc 1 942 16 is_stmt 0 view .LVU1559
 5114 00ec C36E     		ldr	r3, [r0, #108]
 940:Drivers/STM32H7xx_HAL_Driver/Src/stm32h7xx_hal_dma.c **** 
 5115              		.loc 1 940 46 view .LVU1560
 5116 00ee D0E91921 		ldrd	r2, r1, [r0, #100]
 940:Drivers/STM32H7xx_HAL_Driver/Src/stm32h7xx_hal_dma.c **** 
 5117              		.loc 1 940 40 view .LVU1561
 5118 00f2 5160     		str	r1, [r2, #4]
 942:Drivers/STM32H7xx_HAL_Driver/Src/stm32h7xx_hal_dma.c ****         {
 5119              		.loc 1 942 9 is_stmt 1 view .LVU1562
 942:Drivers/STM32H7xx_HAL_Driver/Src/stm32h7xx_hal_dma.c ****         {
 5120              		.loc 1 942 11 is_stmt 0 view .LVU1563
 5121 00f4 33B1     		cbz	r3, .L486
ARM GAS  C:\Users\l1234\AppData\Local\Temp\ccQ59T7L.s 			page 153


 946:Drivers/STM32H7xx_HAL_Driver/Src/stm32h7xx_hal_dma.c **** 
 5122              		.loc 1 946 11 is_stmt 1 view .LVU1564
 946:Drivers/STM32H7xx_HAL_Driver/Src/stm32h7xx_hal_dma.c **** 
 5123              		.loc 1 946 33 is_stmt 0 view .LVU1565
 5124 00f6 1A68     		ldr	r2, [r3]
 949:Drivers/STM32H7xx_HAL_Driver/Src/stm32h7xx_hal_dma.c ****         }
 5125              		.loc 1 949 53 view .LVU1566
 5126 00f8 D0E91C14 		ldrd	r1, r4, [r0, #112]
 5127              	.LVL257:
 946:Drivers/STM32H7xx_HAL_Driver/Src/stm32h7xx_hal_dma.c **** 
 5128              		.loc 1 946 40 view .LVU1567
 5129 00fc 22F48072 		bic	r2, r2, #256
 5130 0100 1A60     		str	r2, [r3]
 949:Drivers/STM32H7xx_HAL_Driver/Src/stm32h7xx_hal_dma.c ****         }
 5131              		.loc 1 949 11 is_stmt 1 view .LVU1568
 949:Drivers/STM32H7xx_HAL_Driver/Src/stm32h7xx_hal_dma.c ****         }
 5132              		.loc 1 949 47 is_stmt 0 view .LVU1569
 5133 0102 4C60     		str	r4, [r1, #4]
 5134              	.LVL258:
 5135              	.L486:
 954:Drivers/STM32H7xx_HAL_Driver/Src/stm32h7xx_hal_dma.c **** 
 5136              		.loc 1 954 7 is_stmt 1 view .LVU1570
 954:Drivers/STM32H7xx_HAL_Driver/Src/stm32h7xx_hal_dma.c **** 
 5137              		.loc 1 954 19 is_stmt 0 view .LVU1571
 5138 0104 0121     		movs	r1, #1
 957:Drivers/STM32H7xx_HAL_Driver/Src/stm32h7xx_hal_dma.c **** 
 5139              		.loc 1 957 7 view .LVU1572
 5140 0106 0022     		movs	r2, #0
 960:Drivers/STM32H7xx_HAL_Driver/Src/stm32h7xx_hal_dma.c ****       {
 5141              		.loc 1 960 14 view .LVU1573
 5142 0108 036D     		ldr	r3, [r0, #80]
 954:Drivers/STM32H7xx_HAL_Driver/Src/stm32h7xx_hal_dma.c **** 
 5143              		.loc 1 954 19 view .LVU1574
 5144 010a 80F83510 		strb	r1, [r0, #53]
 957:Drivers/STM32H7xx_HAL_Driver/Src/stm32h7xx_hal_dma.c **** 
 5145              		.loc 1 957 7 is_stmt 1 view .LVU1575
 957:Drivers/STM32H7xx_HAL_Driver/Src/stm32h7xx_hal_dma.c **** 
 5146              		.loc 1 957 7 view .LVU1576
 5147 010e 80F83420 		strb	r2, [r0, #52]
 957:Drivers/STM32H7xx_HAL_Driver/Src/stm32h7xx_hal_dma.c **** 
 5148              		.loc 1 957 7 view .LVU1577
 960:Drivers/STM32H7xx_HAL_Driver/Src/stm32h7xx_hal_dma.c ****       {
 5149              		.loc 1 960 7 view .LVU1578
 960:Drivers/STM32H7xx_HAL_Driver/Src/stm32h7xx_hal_dma.c ****       {
 5150              		.loc 1 960 9 is_stmt 0 view .LVU1579
 5151 0112 63B1     		cbz	r3, .L491
 962:Drivers/STM32H7xx_HAL_Driver/Src/stm32h7xx_hal_dma.c ****       }
 5152              		.loc 1 962 9 is_stmt 1 view .LVU1580
 5153 0114 9847     		blx	r3
 5154              	.LVL259:
 962:Drivers/STM32H7xx_HAL_Driver/Src/stm32h7xx_hal_dma.c ****       }
 5155              		.loc 1 962 9 is_stmt 0 view .LVU1581
 5156 0116 0AE0     		b	.L491
 5157              	.LVL260:
 5158              	.L506:
 909:Drivers/STM32H7xx_HAL_Driver/Src/stm32h7xx_hal_dma.c ****     return HAL_ERROR;
 5159              		.loc 1 909 5 is_stmt 1 view .LVU1582
ARM GAS  C:\Users\l1234\AppData\Local\Temp\ccQ59T7L.s 			page 154


 909:Drivers/STM32H7xx_HAL_Driver/Src/stm32h7xx_hal_dma.c ****     return HAL_ERROR;
 5160              		.loc 1 909 21 is_stmt 0 view .LVU1583
 5161 0118 8023     		movs	r3, #128
 5162 011a 4365     		str	r3, [r0, #84]
 910:Drivers/STM32H7xx_HAL_Driver/Src/stm32h7xx_hal_dma.c ****   }
 5163              		.loc 1 910 5 is_stmt 1 view .LVU1584
 904:Drivers/STM32H7xx_HAL_Driver/Src/stm32h7xx_hal_dma.c ****   }
 5164              		.loc 1 904 12 is_stmt 0 view .LVU1585
 5165 011c 0120     		movs	r0, #1
 5166              	.LVL261:
 968:Drivers/STM32H7xx_HAL_Driver/Src/stm32h7xx_hal_dma.c **** 
 5167              		.loc 1 968 1 view .LVU1586
 5168 011e 38BD     		pop	{r3, r4, r5, pc}
 5169              	.LVL262:
 5170              	.L471:
 917:Drivers/STM32H7xx_HAL_Driver/Src/stm32h7xx_hal_dma.c **** 
 5171              		.loc 1 917 7 is_stmt 1 view .LVU1587
 917:Drivers/STM32H7xx_HAL_Driver/Src/stm32h7xx_hal_dma.c **** 
 5172              		.loc 1 917 19 is_stmt 0 view .LVU1588
 5173 0120 0422     		movs	r2, #4
 5174 0122 80F83520 		strb	r2, [r0, #53]
 920:Drivers/STM32H7xx_HAL_Driver/Src/stm32h7xx_hal_dma.c ****     }
 5175              		.loc 1 920 7 is_stmt 1 view .LVU1589
 5176 0126 1A68     		ldr	r2, [r3]
 5177 0128 22F00102 		bic	r2, r2, #1
 5178 012c 1A60     		str	r2, [r3]
 5179              	.LVL263:
 5180              	.L491:
 967:Drivers/STM32H7xx_HAL_Driver/Src/stm32h7xx_hal_dma.c **** }
 5181              		.loc 1 967 10 is_stmt 0 view .LVU1590
 5182 012e 0020     		movs	r0, #0
 968:Drivers/STM32H7xx_HAL_Driver/Src/stm32h7xx_hal_dma.c **** 
 5183              		.loc 1 968 1 view .LVU1591
 5184 0130 38BD     		pop	{r3, r4, r5, pc}
 5185              	.LVL264:
 5186              	.L502:
 5187              	.LCFI28:
 5188              		.cfi_def_cfa_offset 0
 5189              		.cfi_restore 3
 5190              		.cfi_restore 4
 5191              		.cfi_restore 5
 5192              		.cfi_restore 14
 904:Drivers/STM32H7xx_HAL_Driver/Src/stm32h7xx_hal_dma.c ****   }
 5193              		.loc 1 904 12 view .LVU1592
 5194 0132 0120     		movs	r0, #1
 5195              	.LVL265:
 968:Drivers/STM32H7xx_HAL_Driver/Src/stm32h7xx_hal_dma.c **** 
 5196              		.loc 1 968 1 view .LVU1593
 5197 0134 7047     		bx	lr
 5198              	.L508:
 5199 0136 00BF     		.align	2
 5200              	.L507:
 5201 0138 10000240 		.word	1073872912
 5202 013c 1C540258 		.word	1476547612
 5203 0140 08540258 		.word	1476547592
 5204 0144 30540258 		.word	1476547632
 5205 0148 80540258 		.word	1476547712
ARM GAS  C:\Users\l1234\AppData\Local\Temp\ccQ59T7L.s 			page 155


 5206 014c 94540258 		.word	1476547732
 5207              		.cfi_endproc
 5208              	.LFE149:
 5210              		.section	.text.HAL_DMA_PollForTransfer,"ax",%progbits
 5211              		.align	1
 5212              		.p2align 2,,3
 5213              		.global	HAL_DMA_PollForTransfer
 5214              		.syntax unified
 5215              		.thumb
 5216              		.thumb_func
 5218              	HAL_DMA_PollForTransfer:
 5219              	.LVL266:
 5220              	.LFB150:
 982:Drivers/STM32H7xx_HAL_Driver/Src/stm32h7xx_hal_dma.c ****   HAL_StatusTypeDef status = HAL_OK;
 5221              		.loc 1 982 1 is_stmt 1 view -0
 5222              		.cfi_startproc
 5223              		@ args = 0, pretend = 0, frame = 16
 5224              		@ frame_needed = 0, uses_anonymous_args = 0
 983:Drivers/STM32H7xx_HAL_Driver/Src/stm32h7xx_hal_dma.c ****   uint32_t cpltlevel_mask;
 5225              		.loc 1 983 3 view .LVU1595
 984:Drivers/STM32H7xx_HAL_Driver/Src/stm32h7xx_hal_dma.c ****   uint32_t tickstart = HAL_GetTick();
 5226              		.loc 1 984 3 view .LVU1596
 985:Drivers/STM32H7xx_HAL_Driver/Src/stm32h7xx_hal_dma.c **** 
 5227              		.loc 1 985 3 view .LVU1597
 982:Drivers/STM32H7xx_HAL_Driver/Src/stm32h7xx_hal_dma.c ****   HAL_StatusTypeDef status = HAL_OK;
 5228              		.loc 1 982 1 is_stmt 0 view .LVU1598
 5229 0000 2DE9F04F 		push	{r4, r5, r6, r7, r8, r9, r10, fp, lr}
 5230              	.LCFI29:
 5231              		.cfi_def_cfa_offset 36
 5232              		.cfi_offset 4, -36
 5233              		.cfi_offset 5, -32
 5234              		.cfi_offset 6, -28
 5235              		.cfi_offset 7, -24
 5236              		.cfi_offset 8, -20
 5237              		.cfi_offset 9, -16
 5238              		.cfi_offset 10, -12
 5239              		.cfi_offset 11, -8
 5240              		.cfi_offset 14, -4
 5241 0004 0446     		mov	r4, r0
 5242 0006 85B0     		sub	sp, sp, #20
 5243              	.LCFI30:
 5244              		.cfi_def_cfa_offset 56
 982:Drivers/STM32H7xx_HAL_Driver/Src/stm32h7xx_hal_dma.c ****   HAL_StatusTypeDef status = HAL_OK;
 5245              		.loc 1 982 1 view .LVU1599
 5246 0008 1646     		mov	r6, r2
 5247 000a 0391     		str	r1, [sp, #12]
 985:Drivers/STM32H7xx_HAL_Driver/Src/stm32h7xx_hal_dma.c **** 
 5248              		.loc 1 985 24 view .LVU1600
 5249 000c FFF7FEFF 		bl	HAL_GetTick
 5250              	.LVL267:
 985:Drivers/STM32H7xx_HAL_Driver/Src/stm32h7xx_hal_dma.c **** 
 5251              		.loc 1 985 24 view .LVU1601
 5252 0010 0290     		str	r0, [sp, #8]
 5253              	.LVL268:
 988:Drivers/STM32H7xx_HAL_Driver/Src/stm32h7xx_hal_dma.c ****   /* IT clear flag register */
 5254              		.loc 1 988 3 is_stmt 1 view .LVU1602
 990:Drivers/STM32H7xx_HAL_Driver/Src/stm32h7xx_hal_dma.c **** 
ARM GAS  C:\Users\l1234\AppData\Local\Temp\ccQ59T7L.s 			page 156


 5255              		.loc 1 990 3 view .LVU1603
 993:Drivers/STM32H7xx_HAL_Driver/Src/stm32h7xx_hal_dma.c ****   {
 5256              		.loc 1 993 3 view .LVU1604
 993:Drivers/STM32H7xx_HAL_Driver/Src/stm32h7xx_hal_dma.c ****   {
 5257              		.loc 1 993 5 is_stmt 0 view .LVU1605
 5258 0012 002C     		cmp	r4, #0
 5259 0014 00F0BF81 		beq	.L510
 998:Drivers/STM32H7xx_HAL_Driver/Src/stm32h7xx_hal_dma.c ****   {
 5260              		.loc 1 998 3 is_stmt 1 view .LVU1606
 998:Drivers/STM32H7xx_HAL_Driver/Src/stm32h7xx_hal_dma.c ****   {
 5261              		.loc 1 998 32 is_stmt 0 view .LVU1607
 5262 0018 94F83530 		ldrb	r3, [r4, #53]	@ zero_extendqisi2
 998:Drivers/STM32H7xx_HAL_Driver/Src/stm32h7xx_hal_dma.c ****   {
 5263              		.loc 1 998 5 view .LVU1608
 5264 001c 022B     		cmp	r3, #2
 998:Drivers/STM32H7xx_HAL_Driver/Src/stm32h7xx_hal_dma.c ****   {
 5265              		.loc 1 998 32 view .LVU1609
 5266 001e DAB2     		uxtb	r2, r3
 998:Drivers/STM32H7xx_HAL_Driver/Src/stm32h7xx_hal_dma.c ****   {
 5267              		.loc 1 998 5 view .LVU1610
 5268 0020 40F0B481 		bne	.L569
1007:Drivers/STM32H7xx_HAL_Driver/Src/stm32h7xx_hal_dma.c ****   {
 5269              		.loc 1 1007 3 is_stmt 1 view .LVU1611
1007:Drivers/STM32H7xx_HAL_Driver/Src/stm32h7xx_hal_dma.c ****   {
 5270              		.loc 1 1007 6 is_stmt 0 view .LVU1612
 5271 0024 2168     		ldr	r1, [r4]
 5272 0026 A34B     		ldr	r3, .L578
 5273 0028 A348     		ldr	r0, .L578+4
 5274              	.LVL269:
1007:Drivers/STM32H7xx_HAL_Driver/Src/stm32h7xx_hal_dma.c ****   {
 5275              		.loc 1 1007 6 view .LVU1613
 5276 002a 8142     		cmp	r1, r0
 5277 002c 18BF     		it	ne
 5278 002e 9942     		cmpne	r1, r3
 5279 0030 00F11800 		add	r0, r0, #24
 5280 0034 0CBF     		ite	eq
 5281 0036 0123     		moveq	r3, #1
 5282 0038 0023     		movne	r3, #0
 5283 003a 8142     		cmp	r1, r0
 5284 003c 08BF     		it	eq
 5285 003e 43F00103 		orreq	r3, r3, #1
 5286 0042 1830     		adds	r0, r0, #24
 5287 0044 8142     		cmp	r1, r0
 5288 0046 08BF     		it	eq
 5289 0048 43F00103 		orreq	r3, r3, #1
 5290 004c 1830     		adds	r0, r0, #24
 5291 004e 8142     		cmp	r1, r0
 5292 0050 08BF     		it	eq
 5293 0052 43F00103 		orreq	r3, r3, #1
 5294 0056 1830     		adds	r0, r0, #24
 5295 0058 8142     		cmp	r1, r0
 5296 005a 08BF     		it	eq
 5297 005c 43F00103 		orreq	r3, r3, #1
 5298 0060 1830     		adds	r0, r0, #24
 5299 0062 8142     		cmp	r1, r0
 5300 0064 08BF     		it	eq
 5301 0066 43F00103 		orreq	r3, r3, #1
ARM GAS  C:\Users\l1234\AppData\Local\Temp\ccQ59T7L.s 			page 157


 5302 006a 1830     		adds	r0, r0, #24
 5303 006c 8142     		cmp	r1, r0
 5304 006e 08BF     		it	eq
 5305 0070 43F00103 		orreq	r3, r3, #1
 5306 0074 00F55670 		add	r0, r0, #856
 5307 0078 8142     		cmp	r1, r0
 5308 007a 08BF     		it	eq
 5309 007c 43F00103 		orreq	r3, r3, #1
 5310 0080 1830     		adds	r0, r0, #24
 5311 0082 8142     		cmp	r1, r0
 5312 0084 08BF     		it	eq
 5313 0086 43F00103 		orreq	r3, r3, #1
 5314 008a 1830     		adds	r0, r0, #24
 5315 008c 8142     		cmp	r1, r0
 5316 008e 08BF     		it	eq
 5317 0090 43F00103 		orreq	r3, r3, #1
 5318 0094 1830     		adds	r0, r0, #24
 5319 0096 8142     		cmp	r1, r0
 5320 0098 08BF     		it	eq
 5321 009a 43F00103 		orreq	r3, r3, #1
 5322 009e 1830     		adds	r0, r0, #24
 5323 00a0 8142     		cmp	r1, r0
 5324 00a2 08BF     		it	eq
 5325 00a4 43F00103 		orreq	r3, r3, #1
 5326 00a8 1830     		adds	r0, r0, #24
 5327 00aa 8142     		cmp	r1, r0
 5328 00ac 08BF     		it	eq
 5329 00ae 43F00103 		orreq	r3, r3, #1
 5330 00b2 1830     		adds	r0, r0, #24
 5331 00b4 8142     		cmp	r1, r0
 5332 00b6 08BF     		it	eq
 5333 00b8 43F00103 		orreq	r3, r3, #1
 5334 00bc 1BB9     		cbnz	r3, .L512
 5335 00be 7F4B     		ldr	r3, .L578+8
 5336 00c0 9942     		cmp	r1, r3
 5337 00c2 40F0A981 		bne	.L570
 5338              	.L512:
1010:Drivers/STM32H7xx_HAL_Driver/Src/stm32h7xx_hal_dma.c ****     {
 5339              		.loc 1 1010 5 is_stmt 1 view .LVU1614
1010:Drivers/STM32H7xx_HAL_Driver/Src/stm32h7xx_hal_dma.c ****     {
 5340              		.loc 1 1010 50 is_stmt 0 view .LVU1615
 5341 00c6 0B68     		ldr	r3, [r1]
1010:Drivers/STM32H7xx_HAL_Driver/Src/stm32h7xx_hal_dma.c ****     {
 5342              		.loc 1 1010 8 view .LVU1616
 5343 00c8 DA05     		lsls	r2, r3, #23
 5344 00ca 00F16C81 		bmi	.L513
1017:Drivers/STM32H7xx_HAL_Driver/Src/stm32h7xx_hal_dma.c ****     {
 5345              		.loc 1 1017 5 is_stmt 1 view .LVU1617
1044:Drivers/STM32H7xx_HAL_Driver/Src/stm32h7xx_hal_dma.c ****     }
 5346              		.loc 1 1044 46 is_stmt 0 view .LVU1618
 5347 00ce E06D     		ldr	r0, [r4, #92]
1017:Drivers/STM32H7xx_HAL_Driver/Src/stm32h7xx_hal_dma.c ****     {
 5348              		.loc 1 1017 7 view .LVU1619
 5349 00d0 039B     		ldr	r3, [sp, #12]
1020:Drivers/STM32H7xx_HAL_Driver/Src/stm32h7xx_hal_dma.c ****     }
 5350              		.loc 1 1020 63 view .LVU1620
 5351 00d2 00F01F00 		and	r0, r0, #31
ARM GAS  C:\Users\l1234\AppData\Local\Temp\ccQ59T7L.s 			page 158


1017:Drivers/STM32H7xx_HAL_Driver/Src/stm32h7xx_hal_dma.c ****     {
 5352              		.loc 1 1017 7 view .LVU1621
 5353 00d6 002B     		cmp	r3, #0
 5354 00d8 00F06181 		beq	.L571
1025:Drivers/STM32H7xx_HAL_Driver/Src/stm32h7xx_hal_dma.c ****     }
 5355              		.loc 1 1025 7 is_stmt 1 view .LVU1622
1025:Drivers/STM32H7xx_HAL_Driver/Src/stm32h7xx_hal_dma.c ****     }
 5356              		.loc 1 1025 22 is_stmt 0 view .LVU1623
 5357 00dc 1023     		movs	r3, #16
 5358 00de 8340     		lsls	r3, r3, r0
 5359 00e0 0193     		str	r3, [sp, #4]
 5360              	.LVL270:
 5361              	.L517:
1028:Drivers/STM32H7xx_HAL_Driver/Src/stm32h7xx_hal_dma.c ****     ifcr_reg = &(((DMA_Base_Registers *)hdma->StreamBaseAddress)->IFCR);
 5362              		.loc 1 1028 5 is_stmt 1 view .LVU1624
1028:Drivers/STM32H7xx_HAL_Driver/Src/stm32h7xx_hal_dma.c ****     ifcr_reg = &(((DMA_Base_Registers *)hdma->StreamBaseAddress)->IFCR);
 5363              		.loc 1 1028 19 is_stmt 0 view .LVU1625
 5364 00e2 A56D     		ldr	r5, [r4, #88]
 5365              	.LVL271:
1029:Drivers/STM32H7xx_HAL_Driver/Src/stm32h7xx_hal_dma.c ****   }
 5366              		.loc 1 1029 5 is_stmt 1 view .LVU1626
1029:Drivers/STM32H7xx_HAL_Driver/Src/stm32h7xx_hal_dma.c ****   }
 5367              		.loc 1 1029 14 is_stmt 0 view .LVU1627
 5368 00e4 05F10803 		add	r3, r5, #8
 5369 00e8 0093     		str	r3, [sp]
 5370              	.LVL272:
 5371              	.L518:
1058:Drivers/STM32H7xx_HAL_Driver/Src/stm32h7xx_hal_dma.c ****     {
 5372              		.loc 1 1058 8 view .LVU1628
 5373 00ea 724A     		ldr	r2, .L578
 5374 00ec DFF8C8B1 		ldr	fp, .L578+4
 5375 00f0 DFF8D4A1 		ldr	r10, .L578+20
 5376 00f4 DFF8D491 		ldr	r9, .L578+24
 5377 00f8 DFF8D481 		ldr	r8, .L578+28
 5378              	.LVL273:
 5379              	.L529:
1056:Drivers/STM32H7xx_HAL_Driver/Src/stm32h7xx_hal_dma.c ****   {
 5380              		.loc 1 1056 39 is_stmt 1 view .LVU1629
 5381 00fc 5945     		cmp	r1, fp
 5382 00fe 18BF     		it	ne
 5383 0100 9142     		cmpne	r1, r2
 5384 0102 6F4F     		ldr	r7, .L578+12
1058:Drivers/STM32H7xx_HAL_Driver/Src/stm32h7xx_hal_dma.c ****     {
 5385              		.loc 1 1058 8 is_stmt 0 view .LVU1630
 5386 0104 DFF8CCC1 		ldr	ip, .L578+32
 5387 0108 0CBF     		ite	eq
 5388 010a 0123     		moveq	r3, #1
 5389 010c 0023     		movne	r3, #0
 5390 010e DFF8C8E1 		ldr	lr, .L578+36
 5391 0112 5145     		cmp	r1, r10
 5392 0114 08BF     		it	eq
 5393 0116 43F00103 		orreq	r3, r3, #1
 5394 011a 4945     		cmp	r1, r9
 5395 011c 08BF     		it	eq
 5396 011e 43F00103 		orreq	r3, r3, #1
 5397 0122 4145     		cmp	r1, r8
 5398 0124 08BF     		it	eq
ARM GAS  C:\Users\l1234\AppData\Local\Temp\ccQ59T7L.s 			page 159


 5399 0126 43F00103 		orreq	r3, r3, #1
 5400 012a B942     		cmp	r1, r7
 5401 012c 08BF     		it	eq
 5402 012e 43F00103 		orreq	r3, r3, #1
1056:Drivers/STM32H7xx_HAL_Driver/Src/stm32h7xx_hal_dma.c ****   {
 5403              		.loc 1 1056 39 view .LVU1631
 5404 0132 019F     		ldr	r7, [sp, #4]
 5405 0134 6145     		cmp	r1, ip
 5406 0136 08BF     		it	eq
 5407 0138 43F00103 		orreq	r3, r3, #1
1058:Drivers/STM32H7xx_HAL_Driver/Src/stm32h7xx_hal_dma.c ****     {
 5408              		.loc 1 1058 8 view .LVU1632
 5409 013c ACF1180C 		sub	ip, ip, #24
 5410 0140 6145     		cmp	r1, ip
 5411 0142 08BF     		it	eq
 5412 0144 43F00103 		orreq	r3, r3, #1
 5413 0148 0CF1600C 		add	ip, ip, #96
 5414 014c 6145     		cmp	r1, ip
 5415 014e 08BF     		it	eq
 5416 0150 43F00103 		orreq	r3, r3, #1
 5417 0154 0CF5836C 		add	ip, ip, #1048
 5418 0158 6145     		cmp	r1, ip
 5419 015a 08BF     		it	eq
 5420 015c 43F00103 		orreq	r3, r3, #1
 5421 0160 ACF1180C 		sub	ip, ip, #24
 5422 0164 6145     		cmp	r1, ip
 5423 0166 08BF     		it	eq
 5424 0168 43F00103 		orreq	r3, r3, #1
 5425 016c ACF1180C 		sub	ip, ip, #24
 5426 0170 6145     		cmp	r1, ip
 5427 0172 08BF     		it	eq
 5428 0174 43F00103 		orreq	r3, r3, #1
 5429 0178 ACF1180C 		sub	ip, ip, #24
 5430 017c 6145     		cmp	r1, ip
 5431 017e 08BF     		it	eq
 5432 0180 43F00103 		orreq	r3, r3, #1
 5433 0184 ACF1180C 		sub	ip, ip, #24
 5434 0188 6145     		cmp	r1, ip
 5435 018a 08BF     		it	eq
 5436 018c 43F00103 		orreq	r3, r3, #1
 5437 0190 ACF1180C 		sub	ip, ip, #24
 5438 0194 6145     		cmp	r1, ip
 5439 0196 08BF     		it	eq
 5440 0198 43F00103 		orreq	r3, r3, #1
1056:Drivers/STM32H7xx_HAL_Driver/Src/stm32h7xx_hal_dma.c ****   {
 5441              		.loc 1 1056 11 view .LVU1633
 5442 019c D5F800C0 		ldr	ip, [r5]
 5443 01a0 7145     		cmp	r1, lr
 5444 01a2 08BF     		it	eq
 5445 01a4 43F00103 		orreq	r3, r3, #1
1056:Drivers/STM32H7xx_HAL_Driver/Src/stm32h7xx_hal_dma.c ****   {
 5446              		.loc 1 1056 39 view .LVU1634
 5447 01a8 1CEA070F 		tst	ip, r7
 5448 01ac 40F0FF80 		bne	.L572
1058:Drivers/STM32H7xx_HAL_Driver/Src/stm32h7xx_hal_dma.c ****     {
 5449              		.loc 1 1058 5 is_stmt 1 view .LVU1635
1058:Drivers/STM32H7xx_HAL_Driver/Src/stm32h7xx_hal_dma.c ****     {
ARM GAS  C:\Users\l1234\AppData\Local\Temp\ccQ59T7L.s 			page 160


 5450              		.loc 1 1058 8 is_stmt 0 view .LVU1636
 5451 01b0 002B     		cmp	r3, #0
 5452 01b2 00F02481 		beq	.L573
1060:Drivers/STM32H7xx_HAL_Driver/Src/stm32h7xx_hal_dma.c ****       {
 5453              		.loc 1 1060 7 is_stmt 1 view .LVU1637
1060:Drivers/STM32H7xx_HAL_Driver/Src/stm32h7xx_hal_dma.c ****       {
 5454              		.loc 1 1060 12 is_stmt 0 view .LVU1638
 5455 01b6 2B68     		ldr	r3, [r5]
1060:Drivers/STM32H7xx_HAL_Driver/Src/stm32h7xx_hal_dma.c ****       {
 5456              		.loc 1 1060 75 view .LVU1639
 5457 01b8 C340     		lsrs	r3, r3, r0
1060:Drivers/STM32H7xx_HAL_Driver/Src/stm32h7xx_hal_dma.c ****       {
 5458              		.loc 1 1060 9 view .LVU1640
 5459 01ba DB07     		lsls	r3, r3, #31
 5460 01bc 0AD5     		bpl	.L524
1063:Drivers/STM32H7xx_HAL_Driver/Src/stm32h7xx_hal_dma.c **** 
 5461              		.loc 1 1063 9 is_stmt 1 view .LVU1641
1063:Drivers/STM32H7xx_HAL_Driver/Src/stm32h7xx_hal_dma.c **** 
 5462              		.loc 1 1063 13 is_stmt 0 view .LVU1642
 5463 01be 636D     		ldr	r3, [r4, #84]
1063:Drivers/STM32H7xx_HAL_Driver/Src/stm32h7xx_hal_dma.c **** 
 5464              		.loc 1 1063 25 view .LVU1643
 5465 01c0 43F00203 		orr	r3, r3, #2
 5466 01c4 6365     		str	r3, [r4, #84]
1066:Drivers/STM32H7xx_HAL_Driver/Src/stm32h7xx_hal_dma.c ****       }
 5467              		.loc 1 1066 9 is_stmt 1 view .LVU1644
1066:Drivers/STM32H7xx_HAL_Driver/Src/stm32h7xx_hal_dma.c ****       }
 5468              		.loc 1 1066 40 is_stmt 0 view .LVU1645
 5469 01c6 0123     		movs	r3, #1
 5470 01c8 8340     		lsls	r3, r3, r0
1066:Drivers/STM32H7xx_HAL_Driver/Src/stm32h7xx_hal_dma.c ****       }
 5471              		.loc 1 1066 21 view .LVU1646
 5472 01ca 0098     		ldr	r0, [sp]
 5473 01cc 0360     		str	r3, [r0]
1069:Drivers/STM32H7xx_HAL_Driver/Src/stm32h7xx_hal_dma.c ****       {
 5474              		.loc 1 1069 51 view .LVU1647
 5475 01ce E06D     		ldr	r0, [r4, #92]
1069:Drivers/STM32H7xx_HAL_Driver/Src/stm32h7xx_hal_dma.c ****       {
 5476              		.loc 1 1069 65 view .LVU1648
 5477 01d0 00F01F00 		and	r0, r0, #31
 5478              	.L524:
1069:Drivers/STM32H7xx_HAL_Driver/Src/stm32h7xx_hal_dma.c ****       {
 5479              		.loc 1 1069 7 is_stmt 1 view .LVU1649
1069:Drivers/STM32H7xx_HAL_Driver/Src/stm32h7xx_hal_dma.c ****       {
 5480              		.loc 1 1069 43 is_stmt 0 view .LVU1650
 5481 01d4 0423     		movs	r3, #4
1069:Drivers/STM32H7xx_HAL_Driver/Src/stm32h7xx_hal_dma.c ****       {
 5482              		.loc 1 1069 12 view .LVU1651
 5483 01d6 D5F800C0 		ldr	ip, [r5]
1069:Drivers/STM32H7xx_HAL_Driver/Src/stm32h7xx_hal_dma.c ****       {
 5484              		.loc 1 1069 43 view .LVU1652
 5485 01da 8340     		lsls	r3, r3, r0
1069:Drivers/STM32H7xx_HAL_Driver/Src/stm32h7xx_hal_dma.c ****       {
 5486              		.loc 1 1069 9 view .LVU1653
 5487 01dc 1CEA030F 		tst	ip, r3
 5488 01e0 08D0     		beq	.L525
1072:Drivers/STM32H7xx_HAL_Driver/Src/stm32h7xx_hal_dma.c **** 
ARM GAS  C:\Users\l1234\AppData\Local\Temp\ccQ59T7L.s 			page 161


 5489              		.loc 1 1072 9 is_stmt 1 view .LVU1654
1072:Drivers/STM32H7xx_HAL_Driver/Src/stm32h7xx_hal_dma.c **** 
 5490              		.loc 1 1072 13 is_stmt 0 view .LVU1655
 5491 01e2 606D     		ldr	r0, [r4, #84]
1072:Drivers/STM32H7xx_HAL_Driver/Src/stm32h7xx_hal_dma.c **** 
 5492              		.loc 1 1072 25 view .LVU1656
 5493 01e4 40F00400 		orr	r0, r0, #4
 5494 01e8 6065     		str	r0, [r4, #84]
1075:Drivers/STM32H7xx_HAL_Driver/Src/stm32h7xx_hal_dma.c ****       }
 5495              		.loc 1 1075 9 is_stmt 1 view .LVU1657
1075:Drivers/STM32H7xx_HAL_Driver/Src/stm32h7xx_hal_dma.c ****       }
 5496              		.loc 1 1075 21 is_stmt 0 view .LVU1658
 5497 01ea 0098     		ldr	r0, [sp]
 5498 01ec 0360     		str	r3, [r0]
1078:Drivers/STM32H7xx_HAL_Driver/Src/stm32h7xx_hal_dma.c ****       {
 5499              		.loc 1 1078 50 view .LVU1659
 5500 01ee E06D     		ldr	r0, [r4, #92]
1078:Drivers/STM32H7xx_HAL_Driver/Src/stm32h7xx_hal_dma.c ****       {
 5501              		.loc 1 1078 64 view .LVU1660
 5502 01f0 00F01F00 		and	r0, r0, #31
 5503              	.L525:
1078:Drivers/STM32H7xx_HAL_Driver/Src/stm32h7xx_hal_dma.c ****       {
 5504              		.loc 1 1078 7 is_stmt 1 view .LVU1661
1078:Drivers/STM32H7xx_HAL_Driver/Src/stm32h7xx_hal_dma.c ****       {
 5505              		.loc 1 1078 42 is_stmt 0 view .LVU1662
 5506 01f4 0823     		movs	r3, #8
1078:Drivers/STM32H7xx_HAL_Driver/Src/stm32h7xx_hal_dma.c ****       {
 5507              		.loc 1 1078 12 view .LVU1663
 5508 01f6 D5F800C0 		ldr	ip, [r5]
1078:Drivers/STM32H7xx_HAL_Driver/Src/stm32h7xx_hal_dma.c ****       {
 5509              		.loc 1 1078 42 view .LVU1664
 5510 01fa 8340     		lsls	r3, r3, r0
1078:Drivers/STM32H7xx_HAL_Driver/Src/stm32h7xx_hal_dma.c ****       {
 5511              		.loc 1 1078 9 view .LVU1665
 5512 01fc 1CEA030F 		tst	ip, r3
 5513 0200 40F0E480 		bne	.L574
1118:Drivers/STM32H7xx_HAL_Driver/Src/stm32h7xx_hal_dma.c ****     {
 5514              		.loc 1 1118 5 is_stmt 1 view .LVU1666
1118:Drivers/STM32H7xx_HAL_Driver/Src/stm32h7xx_hal_dma.c ****     {
 5515              		.loc 1 1118 7 is_stmt 0 view .LVU1667
 5516 0204 731C     		adds	r3, r6, #1
 5517 0206 00F0A380 		beq	.L542
 5518              	.L541:
1120:Drivers/STM32H7xx_HAL_Driver/Src/stm32h7xx_hal_dma.c ****       {
 5519              		.loc 1 1120 7 is_stmt 1 view .LVU1668
1120:Drivers/STM32H7xx_HAL_Driver/Src/stm32h7xx_hal_dma.c ****       {
 5520              		.loc 1 1120 12 is_stmt 0 view .LVU1669
 5521 020a FFF7FEFF 		bl	HAL_GetTick
 5522              	.LVL274:
1120:Drivers/STM32H7xx_HAL_Driver/Src/stm32h7xx_hal_dma.c ****       {
 5523              		.loc 1 1120 26 view .LVU1670
 5524 020e 029B     		ldr	r3, [sp, #8]
 5525 0210 C01A     		subs	r0, r0, r3
1120:Drivers/STM32H7xx_HAL_Driver/Src/stm32h7xx_hal_dma.c ****       {
 5526              		.loc 1 1120 50 view .LVU1671
 5527 0212 B042     		cmp	r0, r6
 5528 0214 00F2E680 		bhi	.L528
ARM GAS  C:\Users\l1234\AppData\Local\Temp\ccQ59T7L.s 			page 162


 5529 0218 002E     		cmp	r6, #0
 5530 021a 00F0E380 		beq	.L528
1139:Drivers/STM32H7xx_HAL_Driver/Src/stm32h7xx_hal_dma.c ****     {
 5531              		.loc 1 1139 8 view .LVU1672
 5532 021e 2168     		ldr	r1, [r4]
 5533 0220 274A     		ldr	r2, .L578+12
 5534 0222 5145     		cmp	r1, r10
 5535 0224 18BF     		it	ne
 5536 0226 4945     		cmpne	r1, r9
 5537 0228 DFF8A8E0 		ldr	lr, .L578+32
 5538 022c DFF8ACC0 		ldr	ip, .L578+40
 5539 0230 0CBF     		ite	eq
 5540 0232 0123     		moveq	r3, #1
 5541 0234 0023     		movne	r3, #0
 5542 0236 2348     		ldr	r0, .L578+16
 5543 0238 4145     		cmp	r1, r8
 5544 023a 08BF     		it	eq
 5545 023c 43F00103 		orreq	r3, r3, #1
 5546 0240 9142     		cmp	r1, r2
 5547 0242 08BF     		it	eq
 5548 0244 43F00103 		orreq	r3, r3, #1
 5549 0248 603A     		subs	r2, r2, #96
 5550 024a 7145     		cmp	r1, lr
 5551 024c 08BF     		it	eq
 5552 024e 43F00103 		orreq	r3, r3, #1
 5553 0252 9142     		cmp	r1, r2
 5554 0254 08BF     		it	eq
 5555 0256 43F00103 		orreq	r3, r3, #1
 5556 025a 5945     		cmp	r1, fp
 5557 025c 08BF     		it	eq
 5558 025e 43F00103 		orreq	r3, r3, #1
 5559 0262 6145     		cmp	r1, ip
 5560 0264 08BF     		it	eq
 5561 0266 43F00103 		orreq	r3, r3, #1
 5562 026a 8142     		cmp	r1, r0
 5563 026c 08BF     		it	eq
 5564 026e 43F00103 		orreq	r3, r3, #1
 5565 0272 00F58360 		add	r0, r0, #1048
 5566 0276 8142     		cmp	r1, r0
 5567 0278 08BF     		it	eq
 5568 027a 43F00103 		orreq	r3, r3, #1
 5569 027e 1838     		subs	r0, r0, #24
 5570 0280 8142     		cmp	r1, r0
 5571 0282 08BF     		it	eq
 5572 0284 43F00103 		orreq	r3, r3, #1
 5573 0288 1838     		subs	r0, r0, #24
 5574 028a 8142     		cmp	r1, r0
 5575 028c 08BF     		it	eq
 5576 028e 43F00103 		orreq	r3, r3, #1
 5577 0292 1838     		subs	r0, r0, #24
 5578 0294 8142     		cmp	r1, r0
 5579 0296 08BF     		it	eq
 5580 0298 43F00103 		orreq	r3, r3, #1
 5581 029c 1838     		subs	r0, r0, #24
 5582 029e 8142     		cmp	r1, r0
 5583 02a0 08BF     		it	eq
 5584 02a2 43F00103 		orreq	r3, r3, #1
ARM GAS  C:\Users\l1234\AppData\Local\Temp\ccQ59T7L.s 			page 163


 5585 02a6 1838     		subs	r0, r0, #24
 5586 02a8 8142     		cmp	r1, r0
 5587 02aa 08BF     		it	eq
 5588 02ac 43F00103 		orreq	r3, r3, #1
 5589 02b0 1838     		subs	r0, r0, #24
 5590 02b2 15E0     		b	.L579
 5591              	.L580:
 5592              		.align	2
 5593              	.L578:
 5594 02b4 10000240 		.word	1073872912
 5595 02b8 28000240 		.word	1073872936
 5596 02bc B8040240 		.word	1073874104
 5597 02c0 70000240 		.word	1073873008
 5598 02c4 A0000240 		.word	1073873056
 5599 02c8 10040240 		.word	1073873936
 5600 02cc B8000240 		.word	1073873080
 5601 02d0 88000240 		.word	1073873032
 5602 02d4 58000240 		.word	1073872984
 5603 02d8 28040240 		.word	1073873960
 5604 02dc 40000240 		.word	1073872960
 5605              	.L579:
 5606 02e0 8142     		cmp	r1, r0
 5607 02e2 08BF     		it	eq
 5608 02e4 43F00103 		orreq	r3, r3, #1
1097:Drivers/STM32H7xx_HAL_Driver/Src/stm32h7xx_hal_dma.c ****       {
 5609              		.loc 1 1097 47 view .LVU1673
 5610 02e8 E06D     		ldr	r0, [r4, #92]
 5611 02ea 00F01F00 		and	r0, r0, #31
 5612              	.L527:
1139:Drivers/STM32H7xx_HAL_Driver/Src/stm32h7xx_hal_dma.c ****     {
 5613              		.loc 1 1139 5 is_stmt 1 view .LVU1674
1139:Drivers/STM32H7xx_HAL_Driver/Src/stm32h7xx_hal_dma.c ****     {
 5614              		.loc 1 1139 8 is_stmt 0 view .LVU1675
 5615 02ee DFF87CC1 		ldr	ip, .L581+4
 5616 02f2 DFF87CE1 		ldr	lr, .L581+8
 5617 02f6 7145     		cmp	r1, lr
 5618 02f8 18BF     		it	ne
 5619 02fa 6145     		cmpne	r1, ip
 5620 02fc 0CBF     		ite	eq
 5621 02fe 4FF0010C 		moveq	ip, #1
 5622 0302 4FF0000C 		movne	ip, #0
 5623 0306 43EA0C03 		orr	r3, r3, ip
 5624 030a DFF868C1 		ldr	ip, .L581+12
 5625 030e 6145     		cmp	r1, ip
 5626 0310 08BF     		it	eq
 5627 0312 43F00103 		orreq	r3, r3, #1
 5628 0316 0CF1140C 		add	ip, ip, #20
 5629 031a 6145     		cmp	r1, ip
 5630 031c 08BF     		it	eq
 5631 031e 43F00103 		orreq	r3, r3, #1
 5632 0322 0CF1140C 		add	ip, ip, #20
 5633 0326 6145     		cmp	r1, ip
 5634 0328 08BF     		it	eq
 5635 032a 43F00103 		orreq	r3, r3, #1
 5636 032e 0CF1140C 		add	ip, ip, #20
 5637 0332 6145     		cmp	r1, ip
 5638 0334 08BF     		it	eq
ARM GAS  C:\Users\l1234\AppData\Local\Temp\ccQ59T7L.s 			page 164


 5639 0336 43F00103 		orreq	r3, r3, #1
 5640 033a 0CF1140C 		add	ip, ip, #20
 5641 033e 6145     		cmp	r1, ip
 5642 0340 08BF     		it	eq
 5643 0342 43F00103 		orreq	r3, r3, #1
 5644 0346 1BB9     		cbnz	r3, .L542
 5645 0348 474B     		ldr	r3, .L581
 5646 034a 9942     		cmp	r1, r3
 5647 034c 7FF4D6AE 		bne	.L529
 5648              	.L542:
1142:Drivers/STM32H7xx_HAL_Driver/Src/stm32h7xx_hal_dma.c ****       {
 5649              		.loc 1 1142 7 is_stmt 1 view .LVU1676
1142:Drivers/STM32H7xx_HAL_Driver/Src/stm32h7xx_hal_dma.c ****       {
 5650              		.loc 1 1142 9 is_stmt 0 view .LVU1677
 5651 0350 E36E     		ldr	r3, [r4, #108]
 5652 0352 63B1     		cbz	r3, .L531
1145:Drivers/STM32H7xx_HAL_Driver/Src/stm32h7xx_hal_dma.c ****         {
 5653              		.loc 1 1145 9 is_stmt 1 view .LVU1678
1145:Drivers/STM32H7xx_HAL_Driver/Src/stm32h7xx_hal_dma.c ****         {
 5654              		.loc 1 1145 54 is_stmt 0 view .LVU1679
 5655 0354 D4E91C3C 		ldrd	r3, ip, [r4, #112]
1145:Drivers/STM32H7xx_HAL_Driver/Src/stm32h7xx_hal_dma.c ****         {
 5656              		.loc 1 1145 41 view .LVU1680
 5657 0358 D3F800E0 		ldr	lr, [r3]
1145:Drivers/STM32H7xx_HAL_Driver/Src/stm32h7xx_hal_dma.c ****         {
 5658              		.loc 1 1145 11 view .LVU1681
 5659 035c 1EEA0C0F 		tst	lr, ip
 5660 0360 05D0     		beq	.L531
1148:Drivers/STM32H7xx_HAL_Driver/Src/stm32h7xx_hal_dma.c **** 
 5661              		.loc 1 1148 11 is_stmt 1 view .LVU1682
1148:Drivers/STM32H7xx_HAL_Driver/Src/stm32h7xx_hal_dma.c **** 
 5662              		.loc 1 1148 47 is_stmt 0 view .LVU1683
 5663 0362 C3F804C0 		str	ip, [r3, #4]
1151:Drivers/STM32H7xx_HAL_Driver/Src/stm32h7xx_hal_dma.c ****         }
 5664              		.loc 1 1151 11 is_stmt 1 view .LVU1684
1151:Drivers/STM32H7xx_HAL_Driver/Src/stm32h7xx_hal_dma.c ****         }
 5665              		.loc 1 1151 15 is_stmt 0 view .LVU1685
 5666 0366 636D     		ldr	r3, [r4, #84]
1151:Drivers/STM32H7xx_HAL_Driver/Src/stm32h7xx_hal_dma.c ****         }
 5667              		.loc 1 1151 27 view .LVU1686
 5668 0368 43F48063 		orr	r3, r3, #1024
 5669 036c 6365     		str	r3, [r4, #84]
 5670              	.L531:
1156:Drivers/STM32H7xx_HAL_Driver/Src/stm32h7xx_hal_dma.c ****       {
 5671              		.loc 1 1156 7 is_stmt 1 view .LVU1687
1156:Drivers/STM32H7xx_HAL_Driver/Src/stm32h7xx_hal_dma.c ****       {
 5672              		.loc 1 1156 48 is_stmt 0 view .LVU1688
 5673 036e D4E9193C 		ldrd	r3, ip, [r4, #100]
1156:Drivers/STM32H7xx_HAL_Driver/Src/stm32h7xx_hal_dma.c ****       {
 5674              		.loc 1 1156 36 view .LVU1689
 5675 0372 D3F800E0 		ldr	lr, [r3]
1156:Drivers/STM32H7xx_HAL_Driver/Src/stm32h7xx_hal_dma.c ****       {
 5676              		.loc 1 1156 9 view .LVU1690
 5677 0376 1EEA0C0F 		tst	lr, ip
 5678 037a 3FF4BFAE 		beq	.L529
1159:Drivers/STM32H7xx_HAL_Driver/Src/stm32h7xx_hal_dma.c **** 
 5679              		.loc 1 1159 9 is_stmt 1 view .LVU1691
ARM GAS  C:\Users\l1234\AppData\Local\Temp\ccQ59T7L.s 			page 165


1159:Drivers/STM32H7xx_HAL_Driver/Src/stm32h7xx_hal_dma.c **** 
 5680              		.loc 1 1159 40 is_stmt 0 view .LVU1692
 5681 037e C3F804C0 		str	ip, [r3, #4]
1162:Drivers/STM32H7xx_HAL_Driver/Src/stm32h7xx_hal_dma.c ****       }
 5682              		.loc 1 1162 9 is_stmt 1 view .LVU1693
1162:Drivers/STM32H7xx_HAL_Driver/Src/stm32h7xx_hal_dma.c ****       }
 5683              		.loc 1 1162 13 is_stmt 0 view .LVU1694
 5684 0382 636D     		ldr	r3, [r4, #84]
1162:Drivers/STM32H7xx_HAL_Driver/Src/stm32h7xx_hal_dma.c ****       }
 5685              		.loc 1 1162 25 view .LVU1695
 5686 0384 43F40073 		orr	r3, r3, #512
 5687 0388 6365     		str	r3, [r4, #84]
 5688 038a B7E6     		b	.L529
 5689              	.LVL275:
 5690              	.L569:
1001:Drivers/STM32H7xx_HAL_Driver/Src/stm32h7xx_hal_dma.c ****     __HAL_UNLOCK(hdma);
 5691              		.loc 1 1001 5 is_stmt 1 view .LVU1696
1001:Drivers/STM32H7xx_HAL_Driver/Src/stm32h7xx_hal_dma.c ****     __HAL_UNLOCK(hdma);
 5692              		.loc 1 1001 21 is_stmt 0 view .LVU1697
 5693 038c 8022     		movs	r2, #128
1002:Drivers/STM32H7xx_HAL_Driver/Src/stm32h7xx_hal_dma.c **** 
 5694              		.loc 1 1002 5 view .LVU1698
 5695 038e 0023     		movs	r3, #0
1001:Drivers/STM32H7xx_HAL_Driver/Src/stm32h7xx_hal_dma.c ****     __HAL_UNLOCK(hdma);
 5696              		.loc 1 1001 21 view .LVU1699
 5697 0390 6265     		str	r2, [r4, #84]
1002:Drivers/STM32H7xx_HAL_Driver/Src/stm32h7xx_hal_dma.c **** 
 5698              		.loc 1 1002 5 is_stmt 1 view .LVU1700
1002:Drivers/STM32H7xx_HAL_Driver/Src/stm32h7xx_hal_dma.c **** 
 5699              		.loc 1 1002 5 view .LVU1701
 5700 0392 84F83430 		strb	r3, [r4, #52]
1002:Drivers/STM32H7xx_HAL_Driver/Src/stm32h7xx_hal_dma.c **** 
 5701              		.loc 1 1002 5 view .LVU1702
1004:Drivers/STM32H7xx_HAL_Driver/Src/stm32h7xx_hal_dma.c ****   }
 5702              		.loc 1 1004 5 view .LVU1703
 5703              	.LVL276:
 5704              	.L510:
 995:Drivers/STM32H7xx_HAL_Driver/Src/stm32h7xx_hal_dma.c ****   }
 5705              		.loc 1 995 12 is_stmt 0 view .LVU1704
 5706 0396 0120     		movs	r0, #1
 5707              	.L567:
1200:Drivers/STM32H7xx_HAL_Driver/Src/stm32h7xx_hal_dma.c **** 
 5708              		.loc 1 1200 1 view .LVU1705
 5709 0398 05B0     		add	sp, sp, #20
 5710              	.LCFI31:
 5711              		.cfi_remember_state
 5712              		.cfi_def_cfa_offset 36
 5713              		@ sp needed
 5714 039a BDE8F08F 		pop	{r4, r5, r6, r7, r8, r9, r10, fp, pc}
 5715              	.LVL277:
 5716              	.L571:
 5717              	.LCFI32:
 5718              		.cfi_restore_state
1020:Drivers/STM32H7xx_HAL_Driver/Src/stm32h7xx_hal_dma.c ****     }
 5719              		.loc 1 1020 7 is_stmt 1 view .LVU1706
1020:Drivers/STM32H7xx_HAL_Driver/Src/stm32h7xx_hal_dma.c ****     }
 5720              		.loc 1 1020 22 is_stmt 0 view .LVU1707
ARM GAS  C:\Users\l1234\AppData\Local\Temp\ccQ59T7L.s 			page 166


 5721 039e 2023     		movs	r3, #32
 5722 03a0 8340     		lsls	r3, r3, r0
 5723 03a2 0193     		str	r3, [sp, #4]
 5724              	.LVL278:
1020:Drivers/STM32H7xx_HAL_Driver/Src/stm32h7xx_hal_dma.c ****     }
 5725              		.loc 1 1020 22 view .LVU1708
 5726 03a4 9DE6     		b	.L517
 5727              	.LVL279:
 5728              	.L513:
1036:Drivers/STM32H7xx_HAL_Driver/Src/stm32h7xx_hal_dma.c ****       return HAL_ERROR;
 5729              		.loc 1 1036 7 is_stmt 1 view .LVU1709
1036:Drivers/STM32H7xx_HAL_Driver/Src/stm32h7xx_hal_dma.c ****       return HAL_ERROR;
 5730              		.loc 1 1036 23 is_stmt 0 view .LVU1710
 5731 03a6 4FF48073 		mov	r3, #256
 5732 03aa 6365     		str	r3, [r4, #84]
1037:Drivers/STM32H7xx_HAL_Driver/Src/stm32h7xx_hal_dma.c ****     }
 5733              		.loc 1 1037 7 is_stmt 1 view .LVU1711
1037:Drivers/STM32H7xx_HAL_Driver/Src/stm32h7xx_hal_dma.c ****     }
 5734              		.loc 1 1037 14 is_stmt 0 view .LVU1712
 5735 03ac F3E7     		b	.L510
 5736              	.LVL280:
 5737              	.L572:
1169:Drivers/STM32H7xx_HAL_Driver/Src/stm32h7xx_hal_dma.c ****   {
 5738              		.loc 1 1169 3 is_stmt 1 view .LVU1713
1169:Drivers/STM32H7xx_HAL_Driver/Src/stm32h7xx_hal_dma.c ****   {
 5739              		.loc 1 1169 5 is_stmt 0 view .LVU1714
 5740 03ae 039A     		ldr	r2, [sp, #12]
 5741 03b0 F2B9     		cbnz	r2, .L535
1172:Drivers/STM32H7xx_HAL_Driver/Src/stm32h7xx_hal_dma.c ****     {
 5742              		.loc 1 1172 5 is_stmt 1 view .LVU1715
1172:Drivers/STM32H7xx_HAL_Driver/Src/stm32h7xx_hal_dma.c ****     {
 5743              		.loc 1 1172 8 is_stmt 0 view .LVU1716
 5744 03b2 002B     		cmp	r3, #0
 5745 03b4 52D0     		beq	.L575
1174:Drivers/STM32H7xx_HAL_Driver/Src/stm32h7xx_hal_dma.c ****     }
 5746              		.loc 1 1174 7 is_stmt 1 view .LVU1717
1174:Drivers/STM32H7xx_HAL_Driver/Src/stm32h7xx_hal_dma.c ****     }
 5747              		.loc 1 1174 59 is_stmt 0 view .LVU1718
 5748 03b6 3023     		movs	r3, #48
1174:Drivers/STM32H7xx_HAL_Driver/Src/stm32h7xx_hal_dma.c ****     }
 5749              		.loc 1 1174 19 view .LVU1719
 5750 03b8 009A     		ldr	r2, [sp]
1174:Drivers/STM32H7xx_HAL_Driver/Src/stm32h7xx_hal_dma.c ****     }
 5751              		.loc 1 1174 59 view .LVU1720
 5752 03ba 8340     		lsls	r3, r3, r0
1174:Drivers/STM32H7xx_HAL_Driver/Src/stm32h7xx_hal_dma.c ****     }
 5753              		.loc 1 1174 19 view .LVU1721
 5754 03bc 1360     		str	r3, [r2]
 5755              	.L537:
1181:Drivers/STM32H7xx_HAL_Driver/Src/stm32h7xx_hal_dma.c **** 
 5756              		.loc 1 1181 5 is_stmt 1 view .LVU1722
1181:Drivers/STM32H7xx_HAL_Driver/Src/stm32h7xx_hal_dma.c **** 
 5757              		.loc 1 1181 17 is_stmt 0 view .LVU1723
 5758 03be 0122     		movs	r2, #1
1184:Drivers/STM32H7xx_HAL_Driver/Src/stm32h7xx_hal_dma.c ****   }
 5759              		.loc 1 1184 5 view .LVU1724
 5760 03c0 0023     		movs	r3, #0
ARM GAS  C:\Users\l1234\AppData\Local\Temp\ccQ59T7L.s 			page 167


1181:Drivers/STM32H7xx_HAL_Driver/Src/stm32h7xx_hal_dma.c **** 
 5761              		.loc 1 1181 17 view .LVU1725
 5762 03c2 84F83520 		strb	r2, [r4, #53]
1184:Drivers/STM32H7xx_HAL_Driver/Src/stm32h7xx_hal_dma.c ****   }
 5763              		.loc 1 1184 5 is_stmt 1 view .LVU1726
1184:Drivers/STM32H7xx_HAL_Driver/Src/stm32h7xx_hal_dma.c ****   }
 5764              		.loc 1 1184 5 view .LVU1727
 5765 03c6 84F83430 		strb	r3, [r4, #52]
1184:Drivers/STM32H7xx_HAL_Driver/Src/stm32h7xx_hal_dma.c ****   }
 5766              		.loc 1 1184 5 view .LVU1728
 5767 03ca 16E0     		b	.L540
 5768              	.L574:
1081:Drivers/STM32H7xx_HAL_Driver/Src/stm32h7xx_hal_dma.c **** 
 5769              		.loc 1 1081 9 view .LVU1729
1081:Drivers/STM32H7xx_HAL_Driver/Src/stm32h7xx_hal_dma.c **** 
 5770              		.loc 1 1081 13 is_stmt 0 view .LVU1730
 5771 03cc 626D     		ldr	r2, [r4, #84]
1087:Drivers/STM32H7xx_HAL_Driver/Src/stm32h7xx_hal_dma.c **** 
 5772              		.loc 1 1087 21 view .LVU1731
 5773 03ce 0121     		movs	r1, #1
1081:Drivers/STM32H7xx_HAL_Driver/Src/stm32h7xx_hal_dma.c **** 
 5774              		.loc 1 1081 25 view .LVU1732
 5775 03d0 0A43     		orrs	r2, r2, r1
 5776 03d2 6265     		str	r2, [r4, #84]
1084:Drivers/STM32H7xx_HAL_Driver/Src/stm32h7xx_hal_dma.c **** 
 5777              		.loc 1 1084 9 is_stmt 1 view .LVU1733
1084:Drivers/STM32H7xx_HAL_Driver/Src/stm32h7xx_hal_dma.c **** 
 5778              		.loc 1 1084 21 is_stmt 0 view .LVU1734
 5779 03d4 009A     		ldr	r2, [sp]
 5780 03d6 1360     		str	r3, [r2]
1087:Drivers/STM32H7xx_HAL_Driver/Src/stm32h7xx_hal_dma.c **** 
 5781              		.loc 1 1087 9 is_stmt 1 view .LVU1735
1090:Drivers/STM32H7xx_HAL_Driver/Src/stm32h7xx_hal_dma.c **** 
 5782              		.loc 1 1090 9 is_stmt 0 view .LVU1736
 5783 03d8 0023     		movs	r3, #0
1087:Drivers/STM32H7xx_HAL_Driver/Src/stm32h7xx_hal_dma.c **** 
 5784              		.loc 1 1087 21 view .LVU1737
 5785 03da 84F83510 		strb	r1, [r4, #53]
1090:Drivers/STM32H7xx_HAL_Driver/Src/stm32h7xx_hal_dma.c **** 
 5786              		.loc 1 1090 9 is_stmt 1 view .LVU1738
1090:Drivers/STM32H7xx_HAL_Driver/Src/stm32h7xx_hal_dma.c **** 
 5787              		.loc 1 1090 9 view .LVU1739
 5788 03de 84F83430 		strb	r3, [r4, #52]
1090:Drivers/STM32H7xx_HAL_Driver/Src/stm32h7xx_hal_dma.c **** 
 5789              		.loc 1 1090 9 view .LVU1740
1092:Drivers/STM32H7xx_HAL_Driver/Src/stm32h7xx_hal_dma.c ****       }
 5790              		.loc 1 1092 9 view .LVU1741
1092:Drivers/STM32H7xx_HAL_Driver/Src/stm32h7xx_hal_dma.c ****       }
 5791              		.loc 1 1092 16 is_stmt 0 view .LVU1742
 5792 03e2 D8E7     		b	.L510
 5793              	.LVL281:
 5794              	.L528:
1123:Drivers/STM32H7xx_HAL_Driver/Src/stm32h7xx_hal_dma.c **** 
 5795              		.loc 1 1123 9 is_stmt 1 view .LVU1743
1123:Drivers/STM32H7xx_HAL_Driver/Src/stm32h7xx_hal_dma.c **** 
 5796              		.loc 1 1123 25 is_stmt 0 view .LVU1744
 5797 03e4 2023     		movs	r3, #32
ARM GAS  C:\Users\l1234\AppData\Local\Temp\ccQ59T7L.s 			page 168


1127:Drivers/STM32H7xx_HAL_Driver/Src/stm32h7xx_hal_dma.c ****           /*
 5798              		.loc 1 1127 16 view .LVU1745
 5799 03e6 2046     		mov	r0, r4
1123:Drivers/STM32H7xx_HAL_Driver/Src/stm32h7xx_hal_dma.c **** 
 5800              		.loc 1 1123 25 view .LVU1746
 5801 03e8 6365     		str	r3, [r4, #84]
1127:Drivers/STM32H7xx_HAL_Driver/Src/stm32h7xx_hal_dma.c ****           /*
 5802              		.loc 1 1127 9 is_stmt 1 view .LVU1747
1127:Drivers/STM32H7xx_HAL_Driver/Src/stm32h7xx_hal_dma.c ****           /*
 5803              		.loc 1 1127 16 is_stmt 0 view .LVU1748
 5804 03ea FFF7FEFF 		bl	HAL_DMA_Abort
 5805              	.LVL282:
1135:Drivers/STM32H7xx_HAL_Driver/Src/stm32h7xx_hal_dma.c ****       }
 5806              		.loc 1 1135 9 is_stmt 1 view .LVU1749
1135:Drivers/STM32H7xx_HAL_Driver/Src/stm32h7xx_hal_dma.c ****       }
 5807              		.loc 1 1135 16 is_stmt 0 view .LVU1750
 5808 03ee D2E7     		b	.L510
 5809              	.LVL283:
 5810              	.L535:
1189:Drivers/STM32H7xx_HAL_Driver/Src/stm32h7xx_hal_dma.c ****     {
 5811              		.loc 1 1189 5 is_stmt 1 view .LVU1751
1189:Drivers/STM32H7xx_HAL_Driver/Src/stm32h7xx_hal_dma.c ****     {
 5812              		.loc 1 1189 8 is_stmt 0 view .LVU1752
 5813 03f0 7BB3     		cbz	r3, .L576
1191:Drivers/STM32H7xx_HAL_Driver/Src/stm32h7xx_hal_dma.c ****     }
 5814              		.loc 1 1191 7 is_stmt 1 view .LVU1753
1191:Drivers/STM32H7xx_HAL_Driver/Src/stm32h7xx_hal_dma.c ****     }
 5815              		.loc 1 1191 40 is_stmt 0 view .LVU1754
 5816 03f2 1023     		movs	r3, #16
1191:Drivers/STM32H7xx_HAL_Driver/Src/stm32h7xx_hal_dma.c ****     }
 5817              		.loc 1 1191 19 view .LVU1755
 5818 03f4 009A     		ldr	r2, [sp]
1191:Drivers/STM32H7xx_HAL_Driver/Src/stm32h7xx_hal_dma.c ****     }
 5819              		.loc 1 1191 40 view .LVU1756
 5820 03f6 8340     		lsls	r3, r3, r0
1191:Drivers/STM32H7xx_HAL_Driver/Src/stm32h7xx_hal_dma.c ****     }
 5821              		.loc 1 1191 19 view .LVU1757
 5822 03f8 1360     		str	r3, [r2]
 5823              	.L540:
1199:Drivers/STM32H7xx_HAL_Driver/Src/stm32h7xx_hal_dma.c **** }
 5824              		.loc 1 1199 10 view .LVU1758
 5825 03fa 0020     		movs	r0, #0
 5826 03fc CCE7     		b	.L567
 5827              	.L573:
1097:Drivers/STM32H7xx_HAL_Driver/Src/stm32h7xx_hal_dma.c ****       {
 5828              		.loc 1 1097 7 is_stmt 1 view .LVU1759
1097:Drivers/STM32H7xx_HAL_Driver/Src/stm32h7xx_hal_dma.c ****       {
 5829              		.loc 1 1097 39 is_stmt 0 view .LVU1760
 5830 03fe 4FF0080C 		mov	ip, #8
1097:Drivers/STM32H7xx_HAL_Driver/Src/stm32h7xx_hal_dma.c ****       {
 5831              		.loc 1 1097 12 view .LVU1761
 5832 0402 D5F800E0 		ldr	lr, [r5]
1097:Drivers/STM32H7xx_HAL_Driver/Src/stm32h7xx_hal_dma.c ****       {
 5833              		.loc 1 1097 39 view .LVU1762
 5834 0406 0CFA00FC 		lsl	ip, ip, r0
1097:Drivers/STM32H7xx_HAL_Driver/Src/stm32h7xx_hal_dma.c ****       {
 5835              		.loc 1 1097 9 view .LVU1763
ARM GAS  C:\Users\l1234\AppData\Local\Temp\ccQ59T7L.s 			page 169


 5836 040a 1CEA0E0F 		tst	ip, lr
 5837 040e 12D1     		bne	.L577
1118:Drivers/STM32H7xx_HAL_Driver/Src/stm32h7xx_hal_dma.c ****     {
 5838              		.loc 1 1118 5 is_stmt 1 view .LVU1764
1118:Drivers/STM32H7xx_HAL_Driver/Src/stm32h7xx_hal_dma.c ****     {
 5839              		.loc 1 1118 7 is_stmt 0 view .LVU1765
 5840 0410 771C     		adds	r7, r6, #1
 5841              	.LVL284:
1118:Drivers/STM32H7xx_HAL_Driver/Src/stm32h7xx_hal_dma.c ****     {
 5842              		.loc 1 1118 7 view .LVU1766
 5843 0412 3FF46CAF 		beq	.L527
 5844 0416 F8E6     		b	.L541
 5845              	.LVL285:
 5846              	.L570:
1034:Drivers/STM32H7xx_HAL_Driver/Src/stm32h7xx_hal_dma.c ****     {
 5847              		.loc 1 1034 5 is_stmt 1 view .LVU1767
1034:Drivers/STM32H7xx_HAL_Driver/Src/stm32h7xx_hal_dma.c ****     {
 5848              		.loc 1 1034 52 is_stmt 0 view .LVU1768
 5849 0418 0B68     		ldr	r3, [r1]
1034:Drivers/STM32H7xx_HAL_Driver/Src/stm32h7xx_hal_dma.c ****     {
 5850              		.loc 1 1034 8 view .LVU1769
 5851 041a 9806     		lsls	r0, r3, #26
 5852 041c C3D4     		bmi	.L513
1041:Drivers/STM32H7xx_HAL_Driver/Src/stm32h7xx_hal_dma.c ****     {
 5853              		.loc 1 1041 5 is_stmt 1 view .LVU1770
1044:Drivers/STM32H7xx_HAL_Driver/Src/stm32h7xx_hal_dma.c ****     }
 5854              		.loc 1 1044 46 is_stmt 0 view .LVU1771
 5855 041e E06D     		ldr	r0, [r4, #92]
1041:Drivers/STM32H7xx_HAL_Driver/Src/stm32h7xx_hal_dma.c ****     {
 5856              		.loc 1 1041 7 view .LVU1772
 5857 0420 039B     		ldr	r3, [sp, #12]
1044:Drivers/STM32H7xx_HAL_Driver/Src/stm32h7xx_hal_dma.c ****     }
 5858              		.loc 1 1044 60 view .LVU1773
 5859 0422 00F01F00 		and	r0, r0, #31
1041:Drivers/STM32H7xx_HAL_Driver/Src/stm32h7xx_hal_dma.c ****     {
 5860              		.loc 1 1041 7 view .LVU1774
 5861 0426 83B9     		cbnz	r3, .L519
1044:Drivers/STM32H7xx_HAL_Driver/Src/stm32h7xx_hal_dma.c ****     }
 5862              		.loc 1 1044 7 is_stmt 1 view .LVU1775
1044:Drivers/STM32H7xx_HAL_Driver/Src/stm32h7xx_hal_dma.c ****     }
 5863              		.loc 1 1044 22 is_stmt 0 view .LVU1776
 5864 0428 02FA00F3 		lsl	r3, r2, r0
 5865 042c 0193     		str	r3, [sp, #4]
 5866              	.LVL286:
 5867              	.L520:
1052:Drivers/STM32H7xx_HAL_Driver/Src/stm32h7xx_hal_dma.c ****     ifcr_reg = &(((BDMA_Base_Registers *)hdma->StreamBaseAddress)->IFCR);
 5868              		.loc 1 1052 5 is_stmt 1 view .LVU1777
1052:Drivers/STM32H7xx_HAL_Driver/Src/stm32h7xx_hal_dma.c ****     ifcr_reg = &(((BDMA_Base_Registers *)hdma->StreamBaseAddress)->IFCR);
 5869              		.loc 1 1052 19 is_stmt 0 view .LVU1778
 5870 042e A56D     		ldr	r5, [r4, #88]
 5871              	.LVL287:
1053:Drivers/STM32H7xx_HAL_Driver/Src/stm32h7xx_hal_dma.c ****   }
 5872              		.loc 1 1053 5 is_stmt 1 view .LVU1779
1053:Drivers/STM32H7xx_HAL_Driver/Src/stm32h7xx_hal_dma.c ****   }
 5873              		.loc 1 1053 14 is_stmt 0 view .LVU1780
 5874 0430 2B1D     		adds	r3, r5, #4
 5875 0432 0093     		str	r3, [sp]
ARM GAS  C:\Users\l1234\AppData\Local\Temp\ccQ59T7L.s 			page 170


 5876              	.LVL288:
1053:Drivers/STM32H7xx_HAL_Driver/Src/stm32h7xx_hal_dma.c ****   }
 5877              		.loc 1 1053 14 view .LVU1781
 5878 0434 59E6     		b	.L518
 5879              	.LVL289:
 5880              	.L577:
1102:Drivers/STM32H7xx_HAL_Driver/Src/stm32h7xx_hal_dma.c **** 
 5881              		.loc 1 1102 9 is_stmt 1 view .LVU1782
1102:Drivers/STM32H7xx_HAL_Driver/Src/stm32h7xx_hal_dma.c **** 
 5882              		.loc 1 1102 39 is_stmt 0 view .LVU1783
 5883 0436 0122     		movs	r2, #1
 5884 0438 02FA00F0 		lsl	r0, r2, r0
1102:Drivers/STM32H7xx_HAL_Driver/Src/stm32h7xx_hal_dma.c **** 
 5885              		.loc 1 1102 20 view .LVU1784
 5886 043c 2860     		str	r0, [r5]
1105:Drivers/STM32H7xx_HAL_Driver/Src/stm32h7xx_hal_dma.c **** 
 5887              		.loc 1 1105 9 is_stmt 1 view .LVU1785
1105:Drivers/STM32H7xx_HAL_Driver/Src/stm32h7xx_hal_dma.c **** 
 5888              		.loc 1 1105 25 is_stmt 0 view .LVU1786
 5889 043e 6265     		str	r2, [r4, #84]
1108:Drivers/STM32H7xx_HAL_Driver/Src/stm32h7xx_hal_dma.c **** 
 5890              		.loc 1 1108 9 is_stmt 1 view .LVU1787
1111:Drivers/STM32H7xx_HAL_Driver/Src/stm32h7xx_hal_dma.c **** 
 5891              		.loc 1 1111 9 is_stmt 0 view .LVU1788
 5892 0440 84F83430 		strb	r3, [r4, #52]
1108:Drivers/STM32H7xx_HAL_Driver/Src/stm32h7xx_hal_dma.c **** 
 5893              		.loc 1 1108 21 view .LVU1789
 5894 0444 84F83520 		strb	r2, [r4, #53]
1111:Drivers/STM32H7xx_HAL_Driver/Src/stm32h7xx_hal_dma.c **** 
 5895              		.loc 1 1111 9 is_stmt 1 view .LVU1790
1111:Drivers/STM32H7xx_HAL_Driver/Src/stm32h7xx_hal_dma.c **** 
 5896              		.loc 1 1111 9 view .LVU1791
1111:Drivers/STM32H7xx_HAL_Driver/Src/stm32h7xx_hal_dma.c **** 
 5897              		.loc 1 1111 9 view .LVU1792
1113:Drivers/STM32H7xx_HAL_Driver/Src/stm32h7xx_hal_dma.c ****       }
 5898              		.loc 1 1113 9 view .LVU1793
1113:Drivers/STM32H7xx_HAL_Driver/Src/stm32h7xx_hal_dma.c ****       }
 5899              		.loc 1 1113 16 is_stmt 0 view .LVU1794
 5900 0448 A5E7     		b	.L510
 5901              	.LVL290:
 5902              	.L519:
1049:Drivers/STM32H7xx_HAL_Driver/Src/stm32h7xx_hal_dma.c ****     }
 5903              		.loc 1 1049 7 is_stmt 1 view .LVU1795
1049:Drivers/STM32H7xx_HAL_Driver/Src/stm32h7xx_hal_dma.c ****     }
 5904              		.loc 1 1049 22 is_stmt 0 view .LVU1796
 5905 044a 0423     		movs	r3, #4
 5906 044c 8340     		lsls	r3, r3, r0
 5907 044e 0193     		str	r3, [sp, #4]
 5908              	.LVL291:
1049:Drivers/STM32H7xx_HAL_Driver/Src/stm32h7xx_hal_dma.c ****     }
 5909              		.loc 1 1049 22 view .LVU1797
 5910 0450 EDE7     		b	.L520
 5911              	.LVL292:
 5912              	.L576:
1195:Drivers/STM32H7xx_HAL_Driver/Src/stm32h7xx_hal_dma.c ****     }
 5913              		.loc 1 1195 7 is_stmt 1 view .LVU1798
1195:Drivers/STM32H7xx_HAL_Driver/Src/stm32h7xx_hal_dma.c ****     }
ARM GAS  C:\Users\l1234\AppData\Local\Temp\ccQ59T7L.s 			page 171


 5914              		.loc 1 1195 36 is_stmt 0 view .LVU1799
 5915 0452 0423     		movs	r3, #4
1195:Drivers/STM32H7xx_HAL_Driver/Src/stm32h7xx_hal_dma.c ****     }
 5916              		.loc 1 1195 19 view .LVU1800
 5917 0454 009A     		ldr	r2, [sp]
1195:Drivers/STM32H7xx_HAL_Driver/Src/stm32h7xx_hal_dma.c ****     }
 5918              		.loc 1 1195 36 view .LVU1801
 5919 0456 8340     		lsls	r3, r3, r0
1195:Drivers/STM32H7xx_HAL_Driver/Src/stm32h7xx_hal_dma.c ****     }
 5920              		.loc 1 1195 19 view .LVU1802
 5921 0458 1360     		str	r3, [r2]
 5922 045a CEE7     		b	.L540
 5923              	.L575:
1178:Drivers/STM32H7xx_HAL_Driver/Src/stm32h7xx_hal_dma.c ****     }
 5924              		.loc 1 1178 7 is_stmt 1 view .LVU1803
1178:Drivers/STM32H7xx_HAL_Driver/Src/stm32h7xx_hal_dma.c ****     }
 5925              		.loc 1 1178 36 is_stmt 0 view .LVU1804
 5926 045c 0223     		movs	r3, #2
1178:Drivers/STM32H7xx_HAL_Driver/Src/stm32h7xx_hal_dma.c ****     }
 5927              		.loc 1 1178 19 view .LVU1805
 5928 045e 009A     		ldr	r2, [sp]
1178:Drivers/STM32H7xx_HAL_Driver/Src/stm32h7xx_hal_dma.c ****     }
 5929              		.loc 1 1178 36 view .LVU1806
 5930 0460 8340     		lsls	r3, r3, r0
1178:Drivers/STM32H7xx_HAL_Driver/Src/stm32h7xx_hal_dma.c ****     }
 5931              		.loc 1 1178 19 view .LVU1807
 5932 0462 1360     		str	r3, [r2]
 5933 0464 ABE7     		b	.L537
 5934              	.L582:
 5935 0466 00BF     		.align	2
 5936              	.L581:
 5937 0468 94540258 		.word	1476547732
 5938 046c 1C540258 		.word	1476547612
 5939 0470 08540258 		.word	1476547592
 5940 0474 30540258 		.word	1476547632
 5941              		.cfi_endproc
 5942              	.LFE150:
 5944              		.section	.text.HAL_DMA_IRQHandler,"ax",%progbits
 5945              		.align	1
 5946              		.p2align 2,,3
 5947              		.global	HAL_DMA_IRQHandler
 5948              		.syntax unified
 5949              		.thumb
 5950              		.thumb_func
 5952              	HAL_DMA_IRQHandler:
 5953              	.LVL293:
 5954              	.LFB151:
1209:Drivers/STM32H7xx_HAL_Driver/Src/stm32h7xx_hal_dma.c ****   uint32_t tmpisr_dma, tmpisr_bdma;
 5955              		.loc 1 1209 1 is_stmt 1 view -0
 5956              		.cfi_startproc
 5957              		@ args = 0, pretend = 0, frame = 8
 5958              		@ frame_needed = 0, uses_anonymous_args = 0
1210:Drivers/STM32H7xx_HAL_Driver/Src/stm32h7xx_hal_dma.c ****   uint32_t ccr_reg;
 5959              		.loc 1 1210 3 view .LVU1809
1211:Drivers/STM32H7xx_HAL_Driver/Src/stm32h7xx_hal_dma.c ****   __IO uint32_t count = 0U;
 5960              		.loc 1 1211 3 view .LVU1810
1212:Drivers/STM32H7xx_HAL_Driver/Src/stm32h7xx_hal_dma.c ****   uint32_t timeout = SystemCoreClock / 9600U;
ARM GAS  C:\Users\l1234\AppData\Local\Temp\ccQ59T7L.s 			page 172


 5961              		.loc 1 1212 3 view .LVU1811
1209:Drivers/STM32H7xx_HAL_Driver/Src/stm32h7xx_hal_dma.c ****   uint32_t tmpisr_dma, tmpisr_bdma;
 5962              		.loc 1 1209 1 is_stmt 0 view .LVU1812
 5963 0000 2DE9F041 		push	{r4, r5, r6, r7, r8, lr}
 5964              	.LCFI33:
 5965              		.cfi_def_cfa_offset 24
 5966              		.cfi_offset 4, -24
 5967              		.cfi_offset 5, -20
 5968              		.cfi_offset 6, -16
 5969              		.cfi_offset 7, -12
 5970              		.cfi_offset 8, -8
 5971              		.cfi_offset 14, -4
1212:Drivers/STM32H7xx_HAL_Driver/Src/stm32h7xx_hal_dma.c ****   uint32_t timeout = SystemCoreClock / 9600U;
 5972              		.loc 1 1212 17 view .LVU1813
 5973 0004 0022     		movs	r2, #0
1213:Drivers/STM32H7xx_HAL_Driver/Src/stm32h7xx_hal_dma.c **** 
 5974              		.loc 1 1213 38 view .LVU1814
 5975 0006 464B     		ldr	r3, .L770
1209:Drivers/STM32H7xx_HAL_Driver/Src/stm32h7xx_hal_dma.c ****   uint32_t tmpisr_dma, tmpisr_bdma;
 5976              		.loc 1 1209 1 view .LVU1815
 5977 0008 82B0     		sub	sp, sp, #8
 5978              	.LCFI34:
 5979              		.cfi_def_cfa_offset 32
1216:Drivers/STM32H7xx_HAL_Driver/Src/stm32h7xx_hal_dma.c ****   BDMA_Base_Registers *regs_bdma = (BDMA_Base_Registers *)hdma->StreamBaseAddress;
 5980              		.loc 1 1216 24 view .LVU1816
 5981 000a 846D     		ldr	r4, [r0, #88]
1209:Drivers/STM32H7xx_HAL_Driver/Src/stm32h7xx_hal_dma.c ****   uint32_t tmpisr_dma, tmpisr_bdma;
 5982              		.loc 1 1209 1 view .LVU1817
 5983 000c 0646     		mov	r6, r0
1213:Drivers/STM32H7xx_HAL_Driver/Src/stm32h7xx_hal_dma.c **** 
 5984              		.loc 1 1213 38 view .LVU1818
 5985 000e 1D68     		ldr	r5, [r3]
1212:Drivers/STM32H7xx_HAL_Driver/Src/stm32h7xx_hal_dma.c ****   uint32_t timeout = SystemCoreClock / 9600U;
 5986              		.loc 1 1212 17 view .LVU1819
 5987 0010 0192     		str	r2, [sp, #4]
1213:Drivers/STM32H7xx_HAL_Driver/Src/stm32h7xx_hal_dma.c **** 
 5988              		.loc 1 1213 3 is_stmt 1 view .LVU1820
 5989              	.LVL294:
1216:Drivers/STM32H7xx_HAL_Driver/Src/stm32h7xx_hal_dma.c ****   BDMA_Base_Registers *regs_bdma = (BDMA_Base_Registers *)hdma->StreamBaseAddress;
 5990              		.loc 1 1216 3 view .LVU1821
1217:Drivers/STM32H7xx_HAL_Driver/Src/stm32h7xx_hal_dma.c **** 
 5991              		.loc 1 1217 3 view .LVU1822
1219:Drivers/STM32H7xx_HAL_Driver/Src/stm32h7xx_hal_dma.c ****   tmpisr_bdma = regs_bdma->ISR;
 5992              		.loc 1 1219 3 view .LVU1823
1222:Drivers/STM32H7xx_HAL_Driver/Src/stm32h7xx_hal_dma.c ****   {
 5993              		.loc 1 1222 6 is_stmt 0 view .LVU1824
 5994 0012 0368     		ldr	r3, [r0]
 5995 0014 434A     		ldr	r2, .L770+4
 5996 0016 4448     		ldr	r0, .L770+8
 5997              	.LVL295:
1219:Drivers/STM32H7xx_HAL_Driver/Src/stm32h7xx_hal_dma.c ****   tmpisr_bdma = regs_bdma->ISR;
 5998              		.loc 1 1219 15 view .LVU1825
 5999 0018 2768     		ldr	r7, [r4]
 6000              	.LVL296:
1220:Drivers/STM32H7xx_HAL_Driver/Src/stm32h7xx_hal_dma.c **** 
 6001              		.loc 1 1220 3 is_stmt 1 view .LVU1826
1222:Drivers/STM32H7xx_HAL_Driver/Src/stm32h7xx_hal_dma.c ****   {
ARM GAS  C:\Users\l1234\AppData\Local\Temp\ccQ59T7L.s 			page 173


 6002              		.loc 1 1222 6 is_stmt 0 view .LVU1827
 6003 001a 9342     		cmp	r3, r2
 6004 001c 18BF     		it	ne
 6005 001e 8342     		cmpne	r3, r0
1220:Drivers/STM32H7xx_HAL_Driver/Src/stm32h7xx_hal_dma.c **** 
 6006              		.loc 1 1220 15 view .LVU1828
 6007 0020 2168     		ldr	r1, [r4]
 6008              	.LVL297:
1222:Drivers/STM32H7xx_HAL_Driver/Src/stm32h7xx_hal_dma.c ****   {
 6009              		.loc 1 1222 3 is_stmt 1 view .LVU1829
1222:Drivers/STM32H7xx_HAL_Driver/Src/stm32h7xx_hal_dma.c ****   {
 6010              		.loc 1 1222 6 is_stmt 0 view .LVU1830
 6011 0022 0CBF     		ite	eq
 6012 0024 0120     		moveq	r0, #1
 6013 0026 0020     		movne	r0, #0
 6014 0028 00F08680 		beq	.L584
1222:Drivers/STM32H7xx_HAL_Driver/Src/stm32h7xx_hal_dma.c ****   {
 6015              		.loc 1 1222 6 discriminator 2 view .LVU1831
 6016 002c 1832     		adds	r2, r2, #24
 6017 002e 9342     		cmp	r3, r2
 6018 0030 00F07C82 		beq	.L585
1222:Drivers/STM32H7xx_HAL_Driver/Src/stm32h7xx_hal_dma.c ****   {
 6019              		.loc 1 1222 6 discriminator 4 view .LVU1832
 6020 0034 1832     		adds	r2, r2, #24
 6021 0036 9342     		cmp	r3, r2
 6022 0038 00F07882 		beq	.L585
1222:Drivers/STM32H7xx_HAL_Driver/Src/stm32h7xx_hal_dma.c ****   {
 6023              		.loc 1 1222 6 discriminator 6 view .LVU1833
 6024 003c 1832     		adds	r2, r2, #24
 6025 003e 9342     		cmp	r3, r2
 6026 0040 00F08582 		beq	.L587
1222:Drivers/STM32H7xx_HAL_Driver/Src/stm32h7xx_hal_dma.c ****   {
 6027              		.loc 1 1222 6 discriminator 8 view .LVU1834
 6028 0044 1832     		adds	r2, r2, #24
 6029 0046 9342     		cmp	r3, r2
 6030 0048 00F08182 		beq	.L587
1222:Drivers/STM32H7xx_HAL_Driver/Src/stm32h7xx_hal_dma.c ****   {
 6031              		.loc 1 1222 6 discriminator 10 view .LVU1835
 6032 004c 1832     		adds	r2, r2, #24
 6033 004e 9342     		cmp	r3, r2
 6034 0050 00F07D82 		beq	.L587
1222:Drivers/STM32H7xx_HAL_Driver/Src/stm32h7xx_hal_dma.c ****   {
 6035              		.loc 1 1222 6 discriminator 12 view .LVU1836
 6036 0054 1832     		adds	r2, r2, #24
 6037 0056 9342     		cmp	r3, r2
 6038 0058 00F07982 		beq	.L587
1222:Drivers/STM32H7xx_HAL_Driver/Src/stm32h7xx_hal_dma.c ****   {
 6039              		.loc 1 1222 6 discriminator 14 view .LVU1837
 6040 005c 02F55672 		add	r2, r2, #856
 6041 0060 9342     		cmp	r3, r2
 6042 0062 00F07482 		beq	.L587
1222:Drivers/STM32H7xx_HAL_Driver/Src/stm32h7xx_hal_dma.c ****   {
 6043              		.loc 1 1222 6 discriminator 16 view .LVU1838
 6044 0066 1832     		adds	r2, r2, #24
 6045 0068 9342     		cmp	r3, r2
 6046 006a 00F07082 		beq	.L587
1222:Drivers/STM32H7xx_HAL_Driver/Src/stm32h7xx_hal_dma.c ****   {
ARM GAS  C:\Users\l1234\AppData\Local\Temp\ccQ59T7L.s 			page 174


 6047              		.loc 1 1222 6 discriminator 18 view .LVU1839
 6048 006e 1832     		adds	r2, r2, #24
 6049 0070 9342     		cmp	r3, r2
 6050 0072 00F06C82 		beq	.L587
1222:Drivers/STM32H7xx_HAL_Driver/Src/stm32h7xx_hal_dma.c ****   {
 6051              		.loc 1 1222 6 discriminator 20 view .LVU1840
 6052 0076 1832     		adds	r2, r2, #24
 6053 0078 9342     		cmp	r3, r2
 6054 007a 00F06882 		beq	.L587
1222:Drivers/STM32H7xx_HAL_Driver/Src/stm32h7xx_hal_dma.c ****   {
 6055              		.loc 1 1222 6 discriminator 22 view .LVU1841
 6056 007e 1832     		adds	r2, r2, #24
 6057 0080 9342     		cmp	r3, r2
 6058 0082 00F06482 		beq	.L587
1222:Drivers/STM32H7xx_HAL_Driver/Src/stm32h7xx_hal_dma.c ****   {
 6059              		.loc 1 1222 6 discriminator 24 view .LVU1842
 6060 0086 1832     		adds	r2, r2, #24
 6061 0088 9342     		cmp	r3, r2
 6062 008a 00F06082 		beq	.L587
1222:Drivers/STM32H7xx_HAL_Driver/Src/stm32h7xx_hal_dma.c ****   {
 6063              		.loc 1 1222 6 discriminator 26 view .LVU1843
 6064 008e 1832     		adds	r2, r2, #24
 6065 0090 9342     		cmp	r3, r2
 6066 0092 00F05C82 		beq	.L587
1222:Drivers/STM32H7xx_HAL_Driver/Src/stm32h7xx_hal_dma.c ****   {
 6067              		.loc 1 1222 6 discriminator 28 view .LVU1844
 6068 0096 1832     		adds	r2, r2, #24
 6069 0098 9342     		cmp	r3, r2
 6070 009a 00F05882 		beq	.L587
1431:Drivers/STM32H7xx_HAL_Driver/Src/stm32h7xx_hal_dma.c ****   {
 6071              		.loc 1 1431 8 is_stmt 1 view .LVU1845
1431:Drivers/STM32H7xx_HAL_Driver/Src/stm32h7xx_hal_dma.c ****   {
 6072              		.loc 1 1431 11 is_stmt 0 view .LVU1846
 6073 009e 234A     		ldr	r2, .L770+12
 6074 00a0 2348     		ldr	r0, .L770+16
 6075 00a2 8342     		cmp	r3, r0
 6076 00a4 18BF     		it	ne
 6077 00a6 9342     		cmpne	r3, r2
 6078 00a8 00F11400 		add	r0, r0, #20
 6079 00ac 0CBF     		ite	eq
 6080 00ae 0122     		moveq	r2, #1
 6081 00b0 0022     		movne	r2, #0
 6082 00b2 8342     		cmp	r3, r0
 6083 00b4 08BF     		it	eq
 6084 00b6 42F00102 		orreq	r2, r2, #1
 6085 00ba 1430     		adds	r0, r0, #20
 6086 00bc 8342     		cmp	r3, r0
 6087 00be 08BF     		it	eq
 6088 00c0 42F00102 		orreq	r2, r2, #1
 6089 00c4 1430     		adds	r0, r0, #20
 6090 00c6 8342     		cmp	r3, r0
 6091 00c8 08BF     		it	eq
 6092 00ca 42F00102 		orreq	r2, r2, #1
 6093 00ce 1430     		adds	r0, r0, #20
 6094 00d0 8342     		cmp	r3, r0
 6095 00d2 08BF     		it	eq
 6096 00d4 42F00102 		orreq	r2, r2, #1
ARM GAS  C:\Users\l1234\AppData\Local\Temp\ccQ59T7L.s 			page 175


 6097 00d8 1430     		adds	r0, r0, #20
 6098 00da 8342     		cmp	r3, r0
 6099 00dc 08BF     		it	eq
 6100 00de 42F00102 		orreq	r2, r2, #1
 6101 00e2 12B9     		cbnz	r2, .L599
 6102 00e4 134A     		ldr	r2, .L770+20
 6103 00e6 9342     		cmp	r3, r2
 6104 00e8 16D1     		bne	.L583
 6105              	.L599:
1433:Drivers/STM32H7xx_HAL_Driver/Src/stm32h7xx_hal_dma.c **** 
 6106              		.loc 1 1433 5 is_stmt 1 view .LVU1847
1436:Drivers/STM32H7xx_HAL_Driver/Src/stm32h7xx_hal_dma.c ****     {
 6107              		.loc 1 1436 62 is_stmt 0 view .LVU1848
 6108 00ea F06D     		ldr	r0, [r6, #92]
1436:Drivers/STM32H7xx_HAL_Driver/Src/stm32h7xx_hal_dma.c ****     {
 6109              		.loc 1 1436 40 view .LVU1849
 6110 00ec 0425     		movs	r5, #4
 6111              	.LVL298:
1433:Drivers/STM32H7xx_HAL_Driver/Src/stm32h7xx_hal_dma.c **** 
 6112              		.loc 1 1433 13 view .LVU1850
 6113 00ee 1A68     		ldr	r2, [r3]
 6114              	.LVL299:
1436:Drivers/STM32H7xx_HAL_Driver/Src/stm32h7xx_hal_dma.c ****     {
 6115              		.loc 1 1436 5 is_stmt 1 view .LVU1851
1436:Drivers/STM32H7xx_HAL_Driver/Src/stm32h7xx_hal_dma.c ****     {
 6116              		.loc 1 1436 62 is_stmt 0 view .LVU1852
 6117 00f0 00F01F00 		and	r0, r0, #31
1436:Drivers/STM32H7xx_HAL_Driver/Src/stm32h7xx_hal_dma.c ****     {
 6118              		.loc 1 1436 40 view .LVU1853
 6119 00f4 8540     		lsls	r5, r5, r0
1436:Drivers/STM32H7xx_HAL_Driver/Src/stm32h7xx_hal_dma.c ****     {
 6120              		.loc 1 1436 8 view .LVU1854
 6121 00f6 0D42     		tst	r5, r1
 6122 00f8 00F08382 		beq	.L649
1436:Drivers/STM32H7xx_HAL_Driver/Src/stm32h7xx_hal_dma.c ****     {
 6123              		.loc 1 1436 80 discriminator 1 view .LVU1855
 6124 00fc 5707     		lsls	r7, r2, #29
 6125              	.LVL300:
1436:Drivers/STM32H7xx_HAL_Driver/Src/stm32h7xx_hal_dma.c ****     {
 6126              		.loc 1 1436 80 discriminator 1 view .LVU1856
 6127 00fe 40F18082 		bpl	.L649
1439:Drivers/STM32H7xx_HAL_Driver/Src/stm32h7xx_hal_dma.c **** 
 6128              		.loc 1 1439 7 is_stmt 1 view .LVU1857
1442:Drivers/STM32H7xx_HAL_Driver/Src/stm32h7xx_hal_dma.c ****       {
 6129              		.loc 1 1442 9 is_stmt 0 view .LVU1858
 6130 0102 1004     		lsls	r0, r2, #16
1439:Drivers/STM32H7xx_HAL_Driver/Src/stm32h7xx_hal_dma.c **** 
 6131              		.loc 1 1439 23 view .LVU1859
 6132 0104 6560     		str	r5, [r4, #4]
1442:Drivers/STM32H7xx_HAL_Driver/Src/stm32h7xx_hal_dma.c ****       {
 6133              		.loc 1 1442 7 is_stmt 1 view .LVU1860
1442:Drivers/STM32H7xx_HAL_Driver/Src/stm32h7xx_hal_dma.c ****       {
 6134              		.loc 1 1442 9 is_stmt 0 view .LVU1861
 6135 0106 40F1AF82 		bpl	.L650
1445:Drivers/STM32H7xx_HAL_Driver/Src/stm32h7xx_hal_dma.c ****         {
 6136              		.loc 1 1445 9 is_stmt 1 view .LVU1862
1445:Drivers/STM32H7xx_HAL_Driver/Src/stm32h7xx_hal_dma.c ****         {
ARM GAS  C:\Users\l1234\AppData\Local\Temp\ccQ59T7L.s 			page 176


 6137              		.loc 1 1445 11 is_stmt 0 view .LVU1863
 6138 010a D103     		lsls	r1, r2, #15
 6139              	.LVL301:
1445:Drivers/STM32H7xx_HAL_Driver/Src/stm32h7xx_hal_dma.c ****         {
 6140              		.loc 1 1445 11 view .LVU1864
 6141 010c 00F1B282 		bmi	.L652
1447:Drivers/STM32H7xx_HAL_Driver/Src/stm32h7xx_hal_dma.c ****           {
 6142              		.loc 1 1447 11 is_stmt 1 view .LVU1865
1447:Drivers/STM32H7xx_HAL_Driver/Src/stm32h7xx_hal_dma.c ****           {
 6143              		.loc 1 1447 18 is_stmt 0 view .LVU1866
 6144 0110 B36C     		ldr	r3, [r6, #72]
1447:Drivers/STM32H7xx_HAL_Driver/Src/stm32h7xx_hal_dma.c ****           {
 6145              		.loc 1 1447 13 view .LVU1867
 6146 0112 002B     		cmp	r3, #0
 6147 0114 40F0F481 		bne	.L759
 6148              	.LVL302:
 6149              	.L583:
1566:Drivers/STM32H7xx_HAL_Driver/Src/stm32h7xx_hal_dma.c **** 
 6150              		.loc 1 1566 1 view .LVU1868
 6151 0118 02B0     		add	sp, sp, #8
 6152              	.LCFI35:
 6153              		.cfi_remember_state
 6154              		.cfi_def_cfa_offset 24
 6155              		@ sp needed
 6156 011a BDE8F081 		pop	{r4, r5, r6, r7, r8, pc}
 6157              	.LVL303:
 6158              	.L771:
1566:Drivers/STM32H7xx_HAL_Driver/Src/stm32h7xx_hal_dma.c **** 
 6159              		.loc 1 1566 1 view .LVU1869
 6160 011e 00BF     		.align	2
 6161              	.L770:
 6162 0120 00000000 		.word	SystemCoreClock
 6163 0124 28000240 		.word	1073872936
 6164 0128 10000240 		.word	1073872912
 6165 012c 08540258 		.word	1476547592
 6166 0130 1C540258 		.word	1476547612
 6167 0134 94540258 		.word	1476547732
 6168              	.LVL304:
 6169              	.L584:
 6170              	.LCFI36:
 6171              		.cfi_restore_state
1225:Drivers/STM32H7xx_HAL_Driver/Src/stm32h7xx_hal_dma.c ****     {
 6172              		.loc 1 1225 5 is_stmt 1 view .LVU1870
1225:Drivers/STM32H7xx_HAL_Driver/Src/stm32h7xx_hal_dma.c ****     {
 6173              		.loc 1 1225 63 is_stmt 0 view .LVU1871
 6174 0138 D6F85CE0 		ldr	lr, [r6, #92]
1225:Drivers/STM32H7xx_HAL_Driver/Src/stm32h7xx_hal_dma.c ****     {
 6175              		.loc 1 1225 41 view .LVU1872
 6176 013c 4FF0080C 		mov	ip, #8
1225:Drivers/STM32H7xx_HAL_Driver/Src/stm32h7xx_hal_dma.c ****     {
 6177              		.loc 1 1225 63 view .LVU1873
 6178 0140 0EF01F02 		and	r2, lr, #31
1225:Drivers/STM32H7xx_HAL_Driver/Src/stm32h7xx_hal_dma.c ****     {
 6179              		.loc 1 1225 41 view .LVU1874
 6180 0144 0CFA02F1 		lsl	r1, ip, r2
 6181              	.LVL305:
1225:Drivers/STM32H7xx_HAL_Driver/Src/stm32h7xx_hal_dma.c ****     {
ARM GAS  C:\Users\l1234\AppData\Local\Temp\ccQ59T7L.s 			page 177


 6182              		.loc 1 1225 8 view .LVU1875
 6183 0148 0F42     		tst	r7, r1
 6184 014a 00F0DE81 		beq	.L764
 6185              	.L601:
1227:Drivers/STM32H7xx_HAL_Driver/Src/stm32h7xx_hal_dma.c ****       {
 6186              		.loc 1 1227 10 discriminator 29 view .LVU1876
 6187 014e D3F800C0 		ldr	ip, [r3]
1227:Drivers/STM32H7xx_HAL_Driver/Src/stm32h7xx_hal_dma.c ****       {
 6188              		.loc 1 1227 9 discriminator 29 view .LVU1877
 6189 0152 1CF0040F 		tst	ip, #4
 6190 0156 0AD0     		beq	.L605
1230:Drivers/STM32H7xx_HAL_Driver/Src/stm32h7xx_hal_dma.c **** 
 6191              		.loc 1 1230 9 is_stmt 1 view .LVU1878
1230:Drivers/STM32H7xx_HAL_Driver/Src/stm32h7xx_hal_dma.c **** 
 6192              		.loc 1 1230 49 is_stmt 0 view .LVU1879
 6193 0158 D3F800C0 		ldr	ip, [r3]
1230:Drivers/STM32H7xx_HAL_Driver/Src/stm32h7xx_hal_dma.c **** 
 6194              		.loc 1 1230 55 view .LVU1880
 6195 015c 2CF0040C 		bic	ip, ip, #4
 6196 0160 C3F800C0 		str	ip, [r3]
1233:Drivers/STM32H7xx_HAL_Driver/Src/stm32h7xx_hal_dma.c **** 
 6197              		.loc 1 1233 9 is_stmt 1 view .LVU1881
1233:Drivers/STM32H7xx_HAL_Driver/Src/stm32h7xx_hal_dma.c **** 
 6198              		.loc 1 1233 24 is_stmt 0 view .LVU1882
 6199 0164 A160     		str	r1, [r4, #8]
1236:Drivers/STM32H7xx_HAL_Driver/Src/stm32h7xx_hal_dma.c ****       }
 6200              		.loc 1 1236 9 is_stmt 1 view .LVU1883
1236:Drivers/STM32H7xx_HAL_Driver/Src/stm32h7xx_hal_dma.c ****       }
 6201              		.loc 1 1236 13 is_stmt 0 view .LVU1884
 6202 0166 716D     		ldr	r1, [r6, #84]
1236:Drivers/STM32H7xx_HAL_Driver/Src/stm32h7xx_hal_dma.c ****       }
 6203              		.loc 1 1236 25 view .LVU1885
 6204 0168 41F00101 		orr	r1, r1, #1
 6205 016c 7165     		str	r1, [r6, #84]
 6206              	.L605:
1240:Drivers/STM32H7xx_HAL_Driver/Src/stm32h7xx_hal_dma.c ****     {
 6207              		.loc 1 1240 5 is_stmt 1 view .LVU1886
1240:Drivers/STM32H7xx_HAL_Driver/Src/stm32h7xx_hal_dma.c ****     {
 6208              		.loc 1 1240 74 is_stmt 0 view .LVU1887
 6209 016e 27FA02F1 		lsr	r1, r7, r2
1240:Drivers/STM32H7xx_HAL_Driver/Src/stm32h7xx_hal_dma.c ****     {
 6210              		.loc 1 1240 8 view .LVU1888
 6211 0172 C907     		lsls	r1, r1, #31
 6212 0174 5BD5     		bpl	.L606
1242:Drivers/STM32H7xx_HAL_Driver/Src/stm32h7xx_hal_dma.c ****       {
 6213              		.loc 1 1242 7 is_stmt 1 view .LVU1889
1242:Drivers/STM32H7xx_HAL_Driver/Src/stm32h7xx_hal_dma.c ****       {
 6214              		.loc 1 1242 51 is_stmt 0 view .LVU1890
 6215 0176 0028     		cmp	r0, #0
 6216 0178 4FD1     		bne	.L607
1242:Drivers/STM32H7xx_HAL_Driver/Src/stm32h7xx_hal_dma.c ****       {
 6217              		.loc 1 1242 10 discriminator 2 view .LVU1891
 6218 017a A249     		ldr	r1, .L772
 6219 017c DFF898C2 		ldr	ip, .L772+20
 6220 0180 6345     		cmp	r3, ip
 6221 0182 18BF     		it	ne
 6222 0184 8B42     		cmpne	r3, r1
ARM GAS  C:\Users\l1234\AppData\Local\Temp\ccQ59T7L.s 			page 178


 6223 0186 0CF1180C 		add	ip, ip, #24
 6224 018a 0CBF     		ite	eq
 6225 018c 0121     		moveq	r1, #1
 6226 018e 0021     		movne	r1, #0
 6227 0190 6345     		cmp	r3, ip
 6228 0192 08BF     		it	eq
 6229 0194 41F00101 		orreq	r1, r1, #1
 6230 0198 0CF1180C 		add	ip, ip, #24
 6231 019c 6345     		cmp	r3, ip
 6232 019e 08BF     		it	eq
 6233 01a0 41F00101 		orreq	r1, r1, #1
 6234 01a4 0CF1180C 		add	ip, ip, #24
 6235 01a8 6345     		cmp	r3, ip
 6236 01aa 08BF     		it	eq
 6237 01ac 41F00101 		orreq	r1, r1, #1
 6238 01b0 0CF1180C 		add	ip, ip, #24
 6239 01b4 6345     		cmp	r3, ip
 6240 01b6 08BF     		it	eq
 6241 01b8 41F00101 		orreq	r1, r1, #1
 6242 01bc 0CF5567C 		add	ip, ip, #856
 6243 01c0 6345     		cmp	r3, ip
 6244 01c2 08BF     		it	eq
 6245 01c4 41F00101 		orreq	r1, r1, #1
 6246 01c8 0CF1180C 		add	ip, ip, #24
 6247 01cc 6345     		cmp	r3, ip
 6248 01ce 08BF     		it	eq
 6249 01d0 41F00101 		orreq	r1, r1, #1
 6250 01d4 0CF1180C 		add	ip, ip, #24
 6251 01d8 6345     		cmp	r3, ip
 6252 01da 08BF     		it	eq
 6253 01dc 41F00101 		orreq	r1, r1, #1
 6254 01e0 0CF1180C 		add	ip, ip, #24
 6255 01e4 6345     		cmp	r3, ip
 6256 01e6 08BF     		it	eq
 6257 01e8 41F00101 		orreq	r1, r1, #1
 6258 01ec 0CF1180C 		add	ip, ip, #24
 6259 01f0 6345     		cmp	r3, ip
 6260 01f2 08BF     		it	eq
 6261 01f4 41F00101 		orreq	r1, r1, #1
 6262 01f8 0CF1180C 		add	ip, ip, #24
 6263 01fc 6345     		cmp	r3, ip
 6264 01fe 08BF     		it	eq
 6265 0200 41F00101 		orreq	r1, r1, #1
 6266 0204 0CF1180C 		add	ip, ip, #24
 6267 0208 6345     		cmp	r3, ip
 6268 020a 08BF     		it	eq
 6269 020c 41F00101 		orreq	r1, r1, #1
 6270 0210 19B9     		cbnz	r1, .L607
 6271 0212 7D49     		ldr	r1, .L772+4
 6272 0214 8B42     		cmp	r3, r1
 6273 0216 40F0E381 		bne	.L608
 6274              	.L607:
1242:Drivers/STM32H7xx_HAL_Driver/Src/stm32h7xx_hal_dma.c ****       {
 6275              		.loc 1 1242 10 discriminator 29 view .LVU1892
 6276 021a 5969     		ldr	r1, [r3, #20]
1242:Drivers/STM32H7xx_HAL_Driver/Src/stm32h7xx_hal_dma.c ****       {
 6277              		.loc 1 1242 9 discriminator 29 view .LVU1893
ARM GAS  C:\Users\l1234\AppData\Local\Temp\ccQ59T7L.s 			page 179


 6278 021c 0906     		lsls	r1, r1, #24
 6279 021e 06D5     		bpl	.L606
1245:Drivers/STM32H7xx_HAL_Driver/Src/stm32h7xx_hal_dma.c **** 
 6280              		.loc 1 1245 9 is_stmt 1 view .LVU1894
1245:Drivers/STM32H7xx_HAL_Driver/Src/stm32h7xx_hal_dma.c **** 
 6281              		.loc 1 1245 43 is_stmt 0 view .LVU1895
 6282 0220 0121     		movs	r1, #1
 6283 0222 9140     		lsls	r1, r1, r2
1245:Drivers/STM32H7xx_HAL_Driver/Src/stm32h7xx_hal_dma.c **** 
 6284              		.loc 1 1245 24 view .LVU1896
 6285 0224 A160     		str	r1, [r4, #8]
1248:Drivers/STM32H7xx_HAL_Driver/Src/stm32h7xx_hal_dma.c ****       }
 6286              		.loc 1 1248 9 is_stmt 1 view .LVU1897
1248:Drivers/STM32H7xx_HAL_Driver/Src/stm32h7xx_hal_dma.c ****       }
 6287              		.loc 1 1248 13 is_stmt 0 view .LVU1898
 6288 0226 716D     		ldr	r1, [r6, #84]
1248:Drivers/STM32H7xx_HAL_Driver/Src/stm32h7xx_hal_dma.c ****       }
 6289              		.loc 1 1248 25 view .LVU1899
 6290 0228 41F00201 		orr	r1, r1, #2
 6291 022c 7165     		str	r1, [r6, #84]
 6292              	.L606:
1252:Drivers/STM32H7xx_HAL_Driver/Src/stm32h7xx_hal_dma.c ****     {
 6293              		.loc 1 1252 5 is_stmt 1 view .LVU1900
1252:Drivers/STM32H7xx_HAL_Driver/Src/stm32h7xx_hal_dma.c ****     {
 6294              		.loc 1 1252 42 is_stmt 0 view .LVU1901
 6295 022e 0421     		movs	r1, #4
 6296 0230 9140     		lsls	r1, r1, r2
1252:Drivers/STM32H7xx_HAL_Driver/Src/stm32h7xx_hal_dma.c ****     {
 6297              		.loc 1 1252 8 view .LVU1902
 6298 0232 3942     		tst	r1, r7
 6299 0234 5FD0     		beq	.L612
1254:Drivers/STM32H7xx_HAL_Driver/Src/stm32h7xx_hal_dma.c ****       {
 6300              		.loc 1 1254 7 is_stmt 1 discriminator 2 view .LVU1903
1254:Drivers/STM32H7xx_HAL_Driver/Src/stm32h7xx_hal_dma.c ****       {
 6301              		.loc 1 1254 10 is_stmt 0 discriminator 2 view .LVU1904
 6302 0236 DFF8CCC1 		ldr	ip, .L772
 6303 023a 6345     		cmp	r3, ip
 6304 023c 51D0     		beq	.L614
 6305 023e 0028     		cmp	r0, #0
 6306 0240 4FD1     		bne	.L614
1254:Drivers/STM32H7xx_HAL_Driver/Src/stm32h7xx_hal_dma.c ****       {
 6307              		.loc 1 1254 10 discriminator 4 view .LVU1905
 6308 0242 0CF1300C 		add	ip, ip, #48
 6309 0246 DFF8D081 		ldr	r8, .L772+20
 6310 024a 4345     		cmp	r3, r8
 6311 024c 18BF     		it	ne
 6312 024e 6345     		cmpne	r3, ip
 6313 0250 08F13008 		add	r8, r8, #48
 6314 0254 0CBF     		ite	eq
 6315 0256 4FF0010C 		moveq	ip, #1
 6316 025a 4FF0000C 		movne	ip, #0
 6317 025e 4345     		cmp	r3, r8
 6318 0260 08BF     		it	eq
 6319 0262 4CF0010C 		orreq	ip, ip, #1
 6320 0266 08F11808 		add	r8, r8, #24
 6321 026a 4345     		cmp	r3, r8
 6322 026c 08BF     		it	eq
ARM GAS  C:\Users\l1234\AppData\Local\Temp\ccQ59T7L.s 			page 180


 6323 026e 4CF0010C 		orreq	ip, ip, #1
 6324 0272 08F11808 		add	r8, r8, #24
 6325 0276 4345     		cmp	r3, r8
 6326 0278 08BF     		it	eq
 6327 027a 4CF0010C 		orreq	ip, ip, #1
 6328 027e 08F55678 		add	r8, r8, #856
 6329 0282 4345     		cmp	r3, r8
 6330 0284 08BF     		it	eq
 6331 0286 4CF0010C 		orreq	ip, ip, #1
 6332 028a 08F11808 		add	r8, r8, #24
 6333 028e 4345     		cmp	r3, r8
 6334 0290 08BF     		it	eq
 6335 0292 4CF0010C 		orreq	ip, ip, #1
 6336 0296 08F11808 		add	r8, r8, #24
 6337 029a 4345     		cmp	r3, r8
 6338 029c 08BF     		it	eq
 6339 029e 4CF0010C 		orreq	ip, ip, #1
 6340 02a2 08F11808 		add	r8, r8, #24
 6341 02a6 4345     		cmp	r3, r8
 6342 02a8 08BF     		it	eq
 6343 02aa 4CF0010C 		orreq	ip, ip, #1
 6344 02ae 08F11808 		add	r8, r8, #24
 6345 02b2 4345     		cmp	r3, r8
 6346 02b4 08BF     		it	eq
 6347 02b6 4CF0010C 		orreq	ip, ip, #1
 6348 02ba 08F11808 		add	r8, r8, #24
 6349 02be 4345     		cmp	r3, r8
 6350 02c0 08BF     		it	eq
 6351 02c2 4CF0010C 		orreq	ip, ip, #1
 6352 02c6 08F11808 		add	r8, r8, #24
 6353 02ca 4345     		cmp	r3, r8
 6354 02cc 08BF     		it	eq
 6355 02ce 4CF0010C 		orreq	ip, ip, #1
 6356 02d2 BCF1000F 		cmp	ip, #0
 6357 02d6 04D1     		bne	.L614
 6358 02d8 DFF82CC1 		ldr	ip, .L772+4
 6359 02dc 6345     		cmp	r3, ip
 6360 02de 40F08581 		bne	.L615
 6361              	.L614:
1254:Drivers/STM32H7xx_HAL_Driver/Src/stm32h7xx_hal_dma.c ****       {
 6362              		.loc 1 1254 10 discriminator 29 view .LVU1906
 6363 02e2 D3F800C0 		ldr	ip, [r3]
1254:Drivers/STM32H7xx_HAL_Driver/Src/stm32h7xx_hal_dma.c ****       {
 6364              		.loc 1 1254 9 discriminator 29 view .LVU1907
 6365 02e6 1CF0020F 		tst	ip, #2
 6366 02ea 04D0     		beq	.L612
1257:Drivers/STM32H7xx_HAL_Driver/Src/stm32h7xx_hal_dma.c **** 
 6367              		.loc 1 1257 9 is_stmt 1 view .LVU1908
1257:Drivers/STM32H7xx_HAL_Driver/Src/stm32h7xx_hal_dma.c **** 
 6368              		.loc 1 1257 24 is_stmt 0 view .LVU1909
 6369 02ec A160     		str	r1, [r4, #8]
1260:Drivers/STM32H7xx_HAL_Driver/Src/stm32h7xx_hal_dma.c ****       }
 6370              		.loc 1 1260 9 is_stmt 1 view .LVU1910
1260:Drivers/STM32H7xx_HAL_Driver/Src/stm32h7xx_hal_dma.c ****       }
 6371              		.loc 1 1260 13 is_stmt 0 view .LVU1911
 6372 02ee 716D     		ldr	r1, [r6, #84]
1260:Drivers/STM32H7xx_HAL_Driver/Src/stm32h7xx_hal_dma.c ****       }
ARM GAS  C:\Users\l1234\AppData\Local\Temp\ccQ59T7L.s 			page 181


 6373              		.loc 1 1260 25 view .LVU1912
 6374 02f0 41F00401 		orr	r1, r1, #4
 6375 02f4 7165     		str	r1, [r6, #84]
 6376              	.L612:
1264:Drivers/STM32H7xx_HAL_Driver/Src/stm32h7xx_hal_dma.c ****     {
 6377              		.loc 1 1264 5 is_stmt 1 view .LVU1913
1264:Drivers/STM32H7xx_HAL_Driver/Src/stm32h7xx_hal_dma.c ****     {
 6378              		.loc 1 1264 41 is_stmt 0 view .LVU1914
 6379 02f6 1021     		movs	r1, #16
 6380 02f8 01FA02F2 		lsl	r2, r1, r2
1264:Drivers/STM32H7xx_HAL_Driver/Src/stm32h7xx_hal_dma.c ****     {
 6381              		.loc 1 1264 8 view .LVU1915
 6382 02fc 3A42     		tst	r2, r7
 6383 02fe 5BD0     		beq	.L620
1266:Drivers/STM32H7xx_HAL_Driver/Src/stm32h7xx_hal_dma.c ****       {
 6384              		.loc 1 1266 7 is_stmt 1 discriminator 2 view .LVU1916
1266:Drivers/STM32H7xx_HAL_Driver/Src/stm32h7xx_hal_dma.c ****       {
 6385              		.loc 1 1266 10 is_stmt 0 discriminator 2 view .LVU1917
 6386 0300 4049     		ldr	r1, .L772
 6387 0302 8B42     		cmp	r3, r1
 6388 0304 42D0     		beq	.L622
 6389 0306 0028     		cmp	r0, #0
 6390 0308 40D1     		bne	.L622
1266:Drivers/STM32H7xx_HAL_Driver/Src/stm32h7xx_hal_dma.c ****       {
 6391              		.loc 1 1266 10 discriminator 4 view .LVU1918
 6392 030a 1831     		adds	r1, r1, #24
 6393 030c 3F48     		ldr	r0, .L772+8
 6394 030e 8342     		cmp	r3, r0
 6395 0310 18BF     		it	ne
 6396 0312 8B42     		cmpne	r3, r1
 6397 0314 00F11800 		add	r0, r0, #24
 6398 0318 0CBF     		ite	eq
 6399 031a 0121     		moveq	r1, #1
 6400 031c 0021     		movne	r1, #0
 6401 031e 8342     		cmp	r3, r0
 6402 0320 08BF     		it	eq
 6403 0322 41F00101 		orreq	r1, r1, #1
 6404 0326 1830     		adds	r0, r0, #24
 6405 0328 8342     		cmp	r3, r0
 6406 032a 08BF     		it	eq
 6407 032c 41F00101 		orreq	r1, r1, #1
 6408 0330 1830     		adds	r0, r0, #24
 6409 0332 8342     		cmp	r3, r0
 6410 0334 08BF     		it	eq
 6411 0336 41F00101 		orreq	r1, r1, #1
 6412 033a 00F55670 		add	r0, r0, #856
 6413 033e 8342     		cmp	r3, r0
 6414 0340 08BF     		it	eq
 6415 0342 41F00101 		orreq	r1, r1, #1
 6416 0346 1830     		adds	r0, r0, #24
 6417 0348 8342     		cmp	r3, r0
 6418 034a 08BF     		it	eq
 6419 034c 41F00101 		orreq	r1, r1, #1
 6420 0350 1830     		adds	r0, r0, #24
 6421 0352 8342     		cmp	r3, r0
 6422 0354 08BF     		it	eq
 6423 0356 41F00101 		orreq	r1, r1, #1
ARM GAS  C:\Users\l1234\AppData\Local\Temp\ccQ59T7L.s 			page 182


 6424 035a 1830     		adds	r0, r0, #24
 6425 035c 8342     		cmp	r3, r0
 6426 035e 08BF     		it	eq
 6427 0360 41F00101 		orreq	r1, r1, #1
 6428 0364 1830     		adds	r0, r0, #24
 6429 0366 8342     		cmp	r3, r0
 6430 0368 08BF     		it	eq
 6431 036a 41F00101 		orreq	r1, r1, #1
 6432 036e 1830     		adds	r0, r0, #24
 6433 0370 8342     		cmp	r3, r0
 6434 0372 08BF     		it	eq
 6435 0374 41F00101 		orreq	r1, r1, #1
 6436 0378 1830     		adds	r0, r0, #24
 6437 037a 8342     		cmp	r3, r0
 6438 037c 08BF     		it	eq
 6439 037e 41F00101 		orreq	r1, r1, #1
 6440 0382 19B9     		cbnz	r1, .L622
 6441 0384 2049     		ldr	r1, .L772+4
 6442 0386 8B42     		cmp	r3, r1
 6443 0388 40F03781 		bne	.L618
 6444              	.L622:
1266:Drivers/STM32H7xx_HAL_Driver/Src/stm32h7xx_hal_dma.c ****       {
 6445              		.loc 1 1266 10 discriminator 29 view .LVU1919
 6446 038c 1968     		ldr	r1, [r3]
1266:Drivers/STM32H7xx_HAL_Driver/Src/stm32h7xx_hal_dma.c ****       {
 6447              		.loc 1 1266 51 discriminator 29 view .LVU1920
 6448 038e C1F3C001 		ubfx	r1, r1, #3, #1
 6449              	.L624:
1266:Drivers/STM32H7xx_HAL_Driver/Src/stm32h7xx_hal_dma.c ****       {
 6450              		.loc 1 1266 9 view .LVU1921
 6451 0392 89B1     		cbz	r1, .L620
1269:Drivers/STM32H7xx_HAL_Driver/Src/stm32h7xx_hal_dma.c **** 
 6452              		.loc 1 1269 9 is_stmt 1 view .LVU1922
1269:Drivers/STM32H7xx_HAL_Driver/Src/stm32h7xx_hal_dma.c **** 
 6453              		.loc 1 1269 24 is_stmt 0 view .LVU1923
 6454 0394 A260     		str	r2, [r4, #8]
1272:Drivers/STM32H7xx_HAL_Driver/Src/stm32h7xx_hal_dma.c ****         {
 6455              		.loc 1 1272 9 is_stmt 1 view .LVU1924
1272:Drivers/STM32H7xx_HAL_Driver/Src/stm32h7xx_hal_dma.c ****         {
 6456              		.loc 1 1272 54 is_stmt 0 view .LVU1925
 6457 0396 1A68     		ldr	r2, [r3]
1272:Drivers/STM32H7xx_HAL_Driver/Src/stm32h7xx_hal_dma.c ****         {
 6458              		.loc 1 1272 11 view .LVU1926
 6459 0398 5003     		lsls	r0, r2, #13
 6460 039a 00F1E780 		bmi	.L765
1296:Drivers/STM32H7xx_HAL_Driver/Src/stm32h7xx_hal_dma.c ****           {
 6461              		.loc 1 1296 11 is_stmt 1 view .LVU1927
1296:Drivers/STM32H7xx_HAL_Driver/Src/stm32h7xx_hal_dma.c ****           {
 6462              		.loc 1 1296 55 is_stmt 0 view .LVU1928
 6463 039e 1A68     		ldr	r2, [r3]
1296:Drivers/STM32H7xx_HAL_Driver/Src/stm32h7xx_hal_dma.c ****           {
 6464              		.loc 1 1296 13 view .LVU1929
 6465 03a0 D205     		lsls	r2, r2, #23
 6466 03a2 03D4     		bmi	.L627
1299:Drivers/STM32H7xx_HAL_Driver/Src/stm32h7xx_hal_dma.c ****           }
 6467              		.loc 1 1299 13 is_stmt 1 view .LVU1930
1299:Drivers/STM32H7xx_HAL_Driver/Src/stm32h7xx_hal_dma.c ****           }
ARM GAS  C:\Users\l1234\AppData\Local\Temp\ccQ59T7L.s 			page 183


 6468              		.loc 1 1299 53 is_stmt 0 view .LVU1931
 6469 03a4 1A68     		ldr	r2, [r3]
1299:Drivers/STM32H7xx_HAL_Driver/Src/stm32h7xx_hal_dma.c ****           }
 6470              		.loc 1 1299 59 view .LVU1932
 6471 03a6 22F00802 		bic	r2, r2, #8
 6472 03aa 1A60     		str	r2, [r3]
 6473              	.L627:
1302:Drivers/STM32H7xx_HAL_Driver/Src/stm32h7xx_hal_dma.c ****           {
 6474              		.loc 1 1302 11 is_stmt 1 view .LVU1933
1302:Drivers/STM32H7xx_HAL_Driver/Src/stm32h7xx_hal_dma.c ****           {
 6475              		.loc 1 1302 18 is_stmt 0 view .LVU1934
 6476 03ac 336C     		ldr	r3, [r6, #64]
1302:Drivers/STM32H7xx_HAL_Driver/Src/stm32h7xx_hal_dma.c ****           {
 6477              		.loc 1 1302 13 view .LVU1935
 6478 03ae 1BB1     		cbz	r3, .L620
 6479              	.L755:
1305:Drivers/STM32H7xx_HAL_Driver/Src/stm32h7xx_hal_dma.c ****           }
 6480              		.loc 1 1305 13 is_stmt 1 view .LVU1936
 6481 03b0 3046     		mov	r0, r6
 6482 03b2 9847     		blx	r3
 6483              	.LVL306:
 6484 03b4 D6F85CE0 		ldr	lr, [r6, #92]
 6485              	.L620:
1311:Drivers/STM32H7xx_HAL_Driver/Src/stm32h7xx_hal_dma.c ****     {
 6486              		.loc 1 1311 5 view .LVU1937
1311:Drivers/STM32H7xx_HAL_Driver/Src/stm32h7xx_hal_dma.c ****     {
 6487              		.loc 1 1311 63 is_stmt 0 view .LVU1938
 6488 03b8 0EF01F01 		and	r1, lr, #31
1311:Drivers/STM32H7xx_HAL_Driver/Src/stm32h7xx_hal_dma.c ****     {
 6489              		.loc 1 1311 41 view .LVU1939
 6490 03bc 2020     		movs	r0, #32
 6491 03be 8840     		lsls	r0, r0, r1
1311:Drivers/STM32H7xx_HAL_Driver/Src/stm32h7xx_hal_dma.c ****     {
 6492              		.loc 1 1311 8 view .LVU1940
 6493 03c0 3842     		tst	r0, r7
 6494 03c2 73D0     		beq	.L629
1313:Drivers/STM32H7xx_HAL_Driver/Src/stm32h7xx_hal_dma.c ****       {
 6495              		.loc 1 1313 7 is_stmt 1 view .LVU1941
1313:Drivers/STM32H7xx_HAL_Driver/Src/stm32h7xx_hal_dma.c ****       {
 6496              		.loc 1 1313 10 is_stmt 0 view .LVU1942
 6497 03c4 3268     		ldr	r2, [r6]
 6498 03c6 124B     		ldr	r3, .L772+12
 6499 03c8 124F     		ldr	r7, .L772+16
 6500              	.LVL307:
1313:Drivers/STM32H7xx_HAL_Driver/Src/stm32h7xx_hal_dma.c ****       {
 6501              		.loc 1 1313 10 view .LVU1943
 6502 03ca BA42     		cmp	r2, r7
 6503 03cc 18BF     		it	ne
 6504 03ce 9A42     		cmpne	r2, r3
 6505 03d0 07F11807 		add	r7, r7, #24
 6506 03d4 0CBF     		ite	eq
 6507 03d6 0123     		moveq	r3, #1
 6508 03d8 0023     		movne	r3, #0
 6509 03da BA42     		cmp	r2, r7
 6510 03dc 08BF     		it	eq
 6511 03de 43F00103 		orreq	r3, r3, #1
 6512 03e2 1837     		adds	r7, r7, #24
ARM GAS  C:\Users\l1234\AppData\Local\Temp\ccQ59T7L.s 			page 184


 6513 03e4 BA42     		cmp	r2, r7
 6514 03e6 08BF     		it	eq
 6515 03e8 43F00103 		orreq	r3, r3, #1
 6516 03ec 1837     		adds	r7, r7, #24
 6517 03ee BA42     		cmp	r2, r7
 6518 03f0 08BF     		it	eq
 6519 03f2 43F00103 		orreq	r3, r3, #1
 6520 03f6 1837     		adds	r7, r7, #24
 6521 03f8 BA42     		cmp	r2, r7
 6522 03fa 08BF     		it	eq
 6523 03fc 43F00103 		orreq	r3, r3, #1
 6524 0400 1837     		adds	r7, r7, #24
 6525 0402 0BE0     		b	.L773
 6526              	.L774:
 6527              		.align	2
 6528              	.L772:
 6529 0404 40000240 		.word	1073872960
 6530 0408 B8040240 		.word	1073874104
 6531 040c 70000240 		.word	1073873008
 6532 0410 10000240 		.word	1073872912
 6533 0414 28000240 		.word	1073872936
 6534 0418 58000240 		.word	1073872984
 6535              	.L773:
 6536 041c BA42     		cmp	r2, r7
 6537 041e 08BF     		it	eq
 6538 0420 43F00103 		orreq	r3, r3, #1
 6539 0424 1837     		adds	r7, r7, #24
 6540 0426 BA42     		cmp	r2, r7
 6541 0428 08BF     		it	eq
 6542 042a 43F00103 		orreq	r3, r3, #1
 6543 042e 07F55677 		add	r7, r7, #856
 6544 0432 BA42     		cmp	r2, r7
 6545 0434 08BF     		it	eq
 6546 0436 43F00103 		orreq	r3, r3, #1
 6547 043a 1837     		adds	r7, r7, #24
 6548 043c BA42     		cmp	r2, r7
 6549 043e 08BF     		it	eq
 6550 0440 43F00103 		orreq	r3, r3, #1
 6551 0444 1837     		adds	r7, r7, #24
 6552 0446 BA42     		cmp	r2, r7
 6553 0448 08BF     		it	eq
 6554 044a 43F00103 		orreq	r3, r3, #1
 6555 044e 1837     		adds	r7, r7, #24
 6556 0450 BA42     		cmp	r2, r7
 6557 0452 08BF     		it	eq
 6558 0454 43F00103 		orreq	r3, r3, #1
 6559 0458 1837     		adds	r7, r7, #24
 6560 045a BA42     		cmp	r2, r7
 6561 045c 08BF     		it	eq
 6562 045e 43F00103 		orreq	r3, r3, #1
 6563 0462 1837     		adds	r7, r7, #24
 6564 0464 BA42     		cmp	r2, r7
 6565 0466 08BF     		it	eq
 6566 0468 43F00103 		orreq	r3, r3, #1
 6567 046c 1837     		adds	r7, r7, #24
 6568 046e BA42     		cmp	r2, r7
 6569 0470 08BF     		it	eq
ARM GAS  C:\Users\l1234\AppData\Local\Temp\ccQ59T7L.s 			page 185


 6570 0472 43F00103 		orreq	r3, r3, #1
 6571 0476 1BB9     		cbnz	r3, .L661
 6572 0478 894B     		ldr	r3, .L775
 6573 047a 9A42     		cmp	r2, r3
 6574 047c 40F0D180 		bne	.L630
 6575              	.L661:
1313:Drivers/STM32H7xx_HAL_Driver/Src/stm32h7xx_hal_dma.c ****       {
 6576              		.loc 1 1313 10 discriminator 29 view .LVU1944
 6577 0480 1368     		ldr	r3, [r2]
1313:Drivers/STM32H7xx_HAL_Driver/Src/stm32h7xx_hal_dma.c ****       {
 6578              		.loc 1 1313 51 discriminator 29 view .LVU1945
 6579 0482 C3F30013 		ubfx	r3, r3, #4, #1
 6580              	.L632:
1313:Drivers/STM32H7xx_HAL_Driver/Src/stm32h7xx_hal_dma.c ****       {
 6581              		.loc 1 1313 9 view .LVU1946
 6582 0486 8BB1     		cbz	r3, .L629
1316:Drivers/STM32H7xx_HAL_Driver/Src/stm32h7xx_hal_dma.c **** 
 6583              		.loc 1 1316 9 is_stmt 1 view .LVU1947
1316:Drivers/STM32H7xx_HAL_Driver/Src/stm32h7xx_hal_dma.c **** 
 6584              		.loc 1 1316 24 is_stmt 0 view .LVU1948
 6585 0488 A060     		str	r0, [r4, #8]
1318:Drivers/STM32H7xx_HAL_Driver/Src/stm32h7xx_hal_dma.c ****         {
 6586              		.loc 1 1318 9 is_stmt 1 view .LVU1949
1318:Drivers/STM32H7xx_HAL_Driver/Src/stm32h7xx_hal_dma.c ****         {
 6587              		.loc 1 1318 39 is_stmt 0 view .LVU1950
 6588 048a 96F83530 		ldrb	r3, [r6, #53]	@ zero_extendqisi2
1318:Drivers/STM32H7xx_HAL_Driver/Src/stm32h7xx_hal_dma.c ****         {
 6589              		.loc 1 1318 11 view .LVU1951
 6590 048e 042B     		cmp	r3, #4
1321:Drivers/STM32H7xx_HAL_Driver/Src/stm32h7xx_hal_dma.c ****           ((DMA_Stream_TypeDef   *)hdma->Instance)->FCR &= ~(DMA_IT_FE);
 6591              		.loc 1 1321 51 view .LVU1952
 6592 0490 1368     		ldr	r3, [r2]
1318:Drivers/STM32H7xx_HAL_Driver/Src/stm32h7xx_hal_dma.c ****         {
 6593              		.loc 1 1318 11 view .LVU1953
 6594 0492 74D0     		beq	.L766
1345:Drivers/STM32H7xx_HAL_Driver/Src/stm32h7xx_hal_dma.c ****         {
 6595              		.loc 1 1345 9 is_stmt 1 view .LVU1954
1345:Drivers/STM32H7xx_HAL_Driver/Src/stm32h7xx_hal_dma.c ****         {
 6596              		.loc 1 1345 11 is_stmt 0 view .LVU1955
 6597 0494 13F4802F 		tst	r3, #262144
1348:Drivers/STM32H7xx_HAL_Driver/Src/stm32h7xx_hal_dma.c ****           {
 6598              		.loc 1 1348 55 view .LVU1956
 6599 0498 1368     		ldr	r3, [r2]
1345:Drivers/STM32H7xx_HAL_Driver/Src/stm32h7xx_hal_dma.c ****         {
 6600              		.loc 1 1345 11 view .LVU1957
 6601 049a 00F08A80 		beq	.L637
1348:Drivers/STM32H7xx_HAL_Driver/Src/stm32h7xx_hal_dma.c ****           {
 6602              		.loc 1 1348 11 is_stmt 1 view .LVU1958
1348:Drivers/STM32H7xx_HAL_Driver/Src/stm32h7xx_hal_dma.c ****           {
 6603              		.loc 1 1348 13 is_stmt 0 view .LVU1959
 6604 049e 1F03     		lsls	r7, r3, #12
 6605 04a0 40F19580 		bpl	.L767
 6606              	.L640:
1378:Drivers/STM32H7xx_HAL_Driver/Src/stm32h7xx_hal_dma.c ****           }
 6607              		.loc 1 1378 13 is_stmt 1 discriminator 1 view .LVU1960
1381:Drivers/STM32H7xx_HAL_Driver/Src/stm32h7xx_hal_dma.c ****           {
 6608              		.loc 1 1381 11 discriminator 1 view .LVU1961
ARM GAS  C:\Users\l1234\AppData\Local\Temp\ccQ59T7L.s 			page 186


1381:Drivers/STM32H7xx_HAL_Driver/Src/stm32h7xx_hal_dma.c ****           {
 6609              		.loc 1 1381 18 is_stmt 0 discriminator 1 view .LVU1962
 6610 04a4 F36B     		ldr	r3, [r6, #60]
1381:Drivers/STM32H7xx_HAL_Driver/Src/stm32h7xx_hal_dma.c ****           {
 6611              		.loc 1 1381 13 discriminator 1 view .LVU1963
 6612 04a6 0BB1     		cbz	r3, .L629
 6613              	.L756:
1384:Drivers/STM32H7xx_HAL_Driver/Src/stm32h7xx_hal_dma.c ****           }
 6614              		.loc 1 1384 13 is_stmt 1 view .LVU1964
 6615 04a8 3046     		mov	r0, r6
 6616 04aa 9847     		blx	r3
 6617              	.LVL308:
 6618              	.L629:
1391:Drivers/STM32H7xx_HAL_Driver/Src/stm32h7xx_hal_dma.c ****     {
 6619              		.loc 1 1391 5 view .LVU1965
1391:Drivers/STM32H7xx_HAL_Driver/Src/stm32h7xx_hal_dma.c ****     {
 6620              		.loc 1 1391 12 is_stmt 0 view .LVU1966
 6621 04ac 736D     		ldr	r3, [r6, #84]
1391:Drivers/STM32H7xx_HAL_Driver/Src/stm32h7xx_hal_dma.c ****     {
 6622              		.loc 1 1391 7 view .LVU1967
 6623 04ae 002B     		cmp	r3, #0
 6624 04b0 3FF432AE 		beq	.L583
1393:Drivers/STM32H7xx_HAL_Driver/Src/stm32h7xx_hal_dma.c ****       {
 6625              		.loc 1 1393 7 is_stmt 1 view .LVU1968
1393:Drivers/STM32H7xx_HAL_Driver/Src/stm32h7xx_hal_dma.c ****       {
 6626              		.loc 1 1393 15 is_stmt 0 view .LVU1969
 6627 04b4 736D     		ldr	r3, [r6, #84]
1393:Drivers/STM32H7xx_HAL_Driver/Src/stm32h7xx_hal_dma.c ****       {
 6628              		.loc 1 1393 9 view .LVU1970
 6629 04b6 DC07     		lsls	r4, r3, #31
 6630              	.LVL309:
1393:Drivers/STM32H7xx_HAL_Driver/Src/stm32h7xx_hal_dma.c ****       {
 6631              		.loc 1 1393 9 view .LVU1971
 6632 04b8 1ED5     		bpl	.L641
1395:Drivers/STM32H7xx_HAL_Driver/Src/stm32h7xx_hal_dma.c **** 
 6633              		.loc 1 1395 9 is_stmt 1 view .LVU1972
1398:Drivers/STM32H7xx_HAL_Driver/Src/stm32h7xx_hal_dma.c **** 
 6634              		.loc 1 1398 9 is_stmt 0 view .LVU1973
 6635 04ba 3268     		ldr	r2, [r6]
1395:Drivers/STM32H7xx_HAL_Driver/Src/stm32h7xx_hal_dma.c **** 
 6636              		.loc 1 1395 21 view .LVU1974
 6637 04bc 0421     		movs	r1, #4
 6638 04be 86F83510 		strb	r1, [r6, #53]
1398:Drivers/STM32H7xx_HAL_Driver/Src/stm32h7xx_hal_dma.c **** 
 6639              		.loc 1 1398 9 is_stmt 1 view .LVU1975
1213:Drivers/STM32H7xx_HAL_Driver/Src/stm32h7xx_hal_dma.c **** 
 6640              		.loc 1 1213 12 is_stmt 0 view .LVU1976
 6641 04c2 7849     		ldr	r1, .L775+4
1398:Drivers/STM32H7xx_HAL_Driver/Src/stm32h7xx_hal_dma.c **** 
 6642              		.loc 1 1398 9 view .LVU1977
 6643 04c4 1368     		ldr	r3, [r2]
1213:Drivers/STM32H7xx_HAL_Driver/Src/stm32h7xx_hal_dma.c **** 
 6644              		.loc 1 1213 12 view .LVU1978
 6645 04c6 A1FB0551 		umull	r5, r1, r1, r5
 6646              	.LVL310:
1398:Drivers/STM32H7xx_HAL_Driver/Src/stm32h7xx_hal_dma.c **** 
 6647              		.loc 1 1398 9 view .LVU1979
ARM GAS  C:\Users\l1234\AppData\Local\Temp\ccQ59T7L.s 			page 187


 6648 04ca 23F00103 		bic	r3, r3, #1
1213:Drivers/STM32H7xx_HAL_Driver/Src/stm32h7xx_hal_dma.c **** 
 6649              		.loc 1 1213 12 view .LVU1980
 6650 04ce 890A     		lsrs	r1, r1, #10
1398:Drivers/STM32H7xx_HAL_Driver/Src/stm32h7xx_hal_dma.c **** 
 6651              		.loc 1 1398 9 view .LVU1981
 6652 04d0 1360     		str	r3, [r2]
 6653 04d2 02E0     		b	.L646
 6654              	.L768:
1407:Drivers/STM32H7xx_HAL_Driver/Src/stm32h7xx_hal_dma.c **** 
 6655              		.loc 1 1407 56 view .LVU1982
 6656 04d4 1368     		ldr	r3, [r2]
1407:Drivers/STM32H7xx_HAL_Driver/Src/stm32h7xx_hal_dma.c **** 
 6657              		.loc 1 1407 76 view .LVU1983
 6658 04d6 D807     		lsls	r0, r3, #31
 6659 04d8 04D5     		bpl	.L645
 6660              	.L646:
1400:Drivers/STM32H7xx_HAL_Driver/Src/stm32h7xx_hal_dma.c ****         {
 6661              		.loc 1 1400 9 is_stmt 1 view .LVU1984
1402:Drivers/STM32H7xx_HAL_Driver/Src/stm32h7xx_hal_dma.c ****           {
 6662              		.loc 1 1402 11 view .LVU1985
1407:Drivers/STM32H7xx_HAL_Driver/Src/stm32h7xx_hal_dma.c **** 
 6663              		.loc 1 1407 76 view .LVU1986
1402:Drivers/STM32H7xx_HAL_Driver/Src/stm32h7xx_hal_dma.c ****           {
 6664              		.loc 1 1402 15 is_stmt 0 view .LVU1987
 6665 04da 019B     		ldr	r3, [sp, #4]
 6666 04dc 0133     		adds	r3, r3, #1
1402:Drivers/STM32H7xx_HAL_Driver/Src/stm32h7xx_hal_dma.c ****           {
 6667              		.loc 1 1402 14 view .LVU1988
 6668 04de 8B42     		cmp	r3, r1
 6669 04e0 0193     		str	r3, [sp, #4]
 6670 04e2 F7D9     		bls	.L768
 6671              	.L645:
1409:Drivers/STM32H7xx_HAL_Driver/Src/stm32h7xx_hal_dma.c ****         {
 6672              		.loc 1 1409 9 is_stmt 1 view .LVU1989
1409:Drivers/STM32H7xx_HAL_Driver/Src/stm32h7xx_hal_dma.c ****         {
 6673              		.loc 1 1409 53 is_stmt 0 view .LVU1990
 6674 04e4 1368     		ldr	r3, [r2]
1409:Drivers/STM32H7xx_HAL_Driver/Src/stm32h7xx_hal_dma.c ****         {
 6675              		.loc 1 1409 11 view .LVU1991
 6676 04e6 DB07     		lsls	r3, r3, #31
1412:Drivers/STM32H7xx_HAL_Driver/Src/stm32h7xx_hal_dma.c ****         }
 6677              		.loc 1 1412 11 is_stmt 1 view .LVU1992
1412:Drivers/STM32H7xx_HAL_Driver/Src/stm32h7xx_hal_dma.c ****         }
 6678              		.loc 1 1412 23 is_stmt 0 view .LVU1993
 6679 04e8 4CBF     		ite	mi
 6680 04ea 0323     		movmi	r3, #3
1417:Drivers/STM32H7xx_HAL_Driver/Src/stm32h7xx_hal_dma.c ****         }
 6681              		.loc 1 1417 11 is_stmt 1 view .LVU1994
1417:Drivers/STM32H7xx_HAL_Driver/Src/stm32h7xx_hal_dma.c ****         }
 6682              		.loc 1 1417 23 is_stmt 0 view .LVU1995
 6683 04ec 0123     		movpl	r3, #1
 6684 04ee 86F83530 		strb	r3, [r6, #53]
1421:Drivers/STM32H7xx_HAL_Driver/Src/stm32h7xx_hal_dma.c ****       }
 6685              		.loc 1 1421 9 is_stmt 1 view .LVU1996
1421:Drivers/STM32H7xx_HAL_Driver/Src/stm32h7xx_hal_dma.c ****       }
 6686              		.loc 1 1421 9 view .LVU1997
ARM GAS  C:\Users\l1234\AppData\Local\Temp\ccQ59T7L.s 			page 188


 6687 04f2 0023     		movs	r3, #0
 6688 04f4 86F83430 		strb	r3, [r6, #52]
 6689              	.L641:
1421:Drivers/STM32H7xx_HAL_Driver/Src/stm32h7xx_hal_dma.c ****       }
 6690              		.loc 1 1421 9 discriminator 1 view .LVU1998
1424:Drivers/STM32H7xx_HAL_Driver/Src/stm32h7xx_hal_dma.c ****       {
 6691              		.loc 1 1424 7 discriminator 1 view .LVU1999
1424:Drivers/STM32H7xx_HAL_Driver/Src/stm32h7xx_hal_dma.c ****       {
 6692              		.loc 1 1424 14 is_stmt 0 discriminator 1 view .LVU2000
 6693 04f8 F36C     		ldr	r3, [r6, #76]
1424:Drivers/STM32H7xx_HAL_Driver/Src/stm32h7xx_hal_dma.c ****       {
 6694              		.loc 1 1424 9 discriminator 1 view .LVU2001
 6695 04fa 002B     		cmp	r3, #0
 6696 04fc 3FF40CAE 		beq	.L583
 6697              	.L759:
1527:Drivers/STM32H7xx_HAL_Driver/Src/stm32h7xx_hal_dma.c ****         }
 6698              		.loc 1 1527 11 is_stmt 1 view .LVU2002
 6699 0500 3046     		mov	r0, r6
1566:Drivers/STM32H7xx_HAL_Driver/Src/stm32h7xx_hal_dma.c **** 
 6700              		.loc 1 1566 1 is_stmt 0 view .LVU2003
 6701 0502 02B0     		add	sp, sp, #8
 6702              	.LCFI37:
 6703              		.cfi_remember_state
 6704              		.cfi_def_cfa_offset 24
 6705              		@ sp needed
 6706 0504 BDE8F041 		pop	{r4, r5, r6, r7, r8, lr}
 6707              	.LCFI38:
 6708              		.cfi_restore 14
 6709              		.cfi_restore 8
 6710              		.cfi_restore 7
 6711              		.cfi_restore 6
 6712              		.cfi_restore 5
 6713              		.cfi_restore 4
 6714              		.cfi_def_cfa_offset 0
 6715              	.LVL311:
1527:Drivers/STM32H7xx_HAL_Driver/Src/stm32h7xx_hal_dma.c ****         }
 6716              		.loc 1 1527 11 view .LVU2004
 6717 0508 1847     		bx	r3	@ indirect register sibling call
 6718              	.LVL312:
 6719              	.L764:
 6720              	.LCFI39:
 6721              		.cfi_restore_state
1240:Drivers/STM32H7xx_HAL_Driver/Src/stm32h7xx_hal_dma.c ****     {
 6722              		.loc 1 1240 5 is_stmt 1 view .LVU2005
1240:Drivers/STM32H7xx_HAL_Driver/Src/stm32h7xx_hal_dma.c ****     {
 6723              		.loc 1 1240 74 is_stmt 0 view .LVU2006
 6724 050a 27FA02F1 		lsr	r1, r7, r2
1240:Drivers/STM32H7xx_HAL_Driver/Src/stm32h7xx_hal_dma.c ****     {
 6725              		.loc 1 1240 8 view .LVU2007
 6726 050e C907     		lsls	r1, r1, #31
 6727 0510 3FF583AE 		bmi	.L607
1252:Drivers/STM32H7xx_HAL_Driver/Src/stm32h7xx_hal_dma.c ****     {
 6728              		.loc 1 1252 5 is_stmt 1 view .LVU2008
1252:Drivers/STM32H7xx_HAL_Driver/Src/stm32h7xx_hal_dma.c ****     {
 6729              		.loc 1 1252 42 is_stmt 0 view .LVU2009
 6730 0514 0421     		movs	r1, #4
 6731 0516 9140     		lsls	r1, r1, r2
ARM GAS  C:\Users\l1234\AppData\Local\Temp\ccQ59T7L.s 			page 189


1252:Drivers/STM32H7xx_HAL_Driver/Src/stm32h7xx_hal_dma.c ****     {
 6732              		.loc 1 1252 8 view .LVU2010
 6733 0518 0F42     		tst	r7, r1
 6734 051a 7FF4E2AE 		bne	.L614
1264:Drivers/STM32H7xx_HAL_Driver/Src/stm32h7xx_hal_dma.c ****     {
 6735              		.loc 1 1264 5 is_stmt 1 view .LVU2011
1264:Drivers/STM32H7xx_HAL_Driver/Src/stm32h7xx_hal_dma.c ****     {
 6736              		.loc 1 1264 41 is_stmt 0 view .LVU2012
 6737 051e 1021     		movs	r1, #16
 6738 0520 01FA02F2 		lsl	r2, r1, r2
1264:Drivers/STM32H7xx_HAL_Driver/Src/stm32h7xx_hal_dma.c ****     {
 6739              		.loc 1 1264 8 view .LVU2013
 6740 0524 1742     		tst	r7, r2
 6741 0526 7FF431AF 		bne	.L622
 6742 052a 45E7     		b	.L620
 6743              	.LVL313:
 6744              	.L585:
1225:Drivers/STM32H7xx_HAL_Driver/Src/stm32h7xx_hal_dma.c ****     {
 6745              		.loc 1 1225 5 is_stmt 1 view .LVU2014
1225:Drivers/STM32H7xx_HAL_Driver/Src/stm32h7xx_hal_dma.c ****     {
 6746              		.loc 1 1225 63 is_stmt 0 view .LVU2015
 6747 052c D6F85CE0 		ldr	lr, [r6, #92]
1225:Drivers/STM32H7xx_HAL_Driver/Src/stm32h7xx_hal_dma.c ****     {
 6748              		.loc 1 1225 41 view .LVU2016
 6749 0530 4FF0080C 		mov	ip, #8
1225:Drivers/STM32H7xx_HAL_Driver/Src/stm32h7xx_hal_dma.c ****     {
 6750              		.loc 1 1225 63 view .LVU2017
 6751 0534 0EF01F02 		and	r2, lr, #31
1225:Drivers/STM32H7xx_HAL_Driver/Src/stm32h7xx_hal_dma.c ****     {
 6752              		.loc 1 1225 41 view .LVU2018
 6753 0538 0CFA02F1 		lsl	r1, ip, r2
 6754              	.LVL314:
1225:Drivers/STM32H7xx_HAL_Driver/Src/stm32h7xx_hal_dma.c ****     {
 6755              		.loc 1 1225 8 view .LVU2019
 6756 053c 0F42     		tst	r7, r1
 6757 053e 7FF406AE 		bne	.L601
1240:Drivers/STM32H7xx_HAL_Driver/Src/stm32h7xx_hal_dma.c ****     {
 6758              		.loc 1 1240 5 is_stmt 1 view .LVU2020
1240:Drivers/STM32H7xx_HAL_Driver/Src/stm32h7xx_hal_dma.c ****     {
 6759              		.loc 1 1240 74 is_stmt 0 view .LVU2021
 6760 0542 27FA02F1 		lsr	r1, r7, r2
1240:Drivers/STM32H7xx_HAL_Driver/Src/stm32h7xx_hal_dma.c ****     {
 6761              		.loc 1 1240 8 view .LVU2022
 6762 0546 C907     		lsls	r1, r1, #31
 6763 0548 3FF567AE 		bmi	.L607
 6764 054c 6FE6     		b	.L606
 6765              	.LVL315:
 6766              	.L587:
1225:Drivers/STM32H7xx_HAL_Driver/Src/stm32h7xx_hal_dma.c ****     {
 6767              		.loc 1 1225 5 is_stmt 1 view .LVU2023
1225:Drivers/STM32H7xx_HAL_Driver/Src/stm32h7xx_hal_dma.c ****     {
 6768              		.loc 1 1225 63 is_stmt 0 view .LVU2024
 6769 054e D6F85CE0 		ldr	lr, [r6, #92]
1225:Drivers/STM32H7xx_HAL_Driver/Src/stm32h7xx_hal_dma.c ****     {
 6770              		.loc 1 1225 41 view .LVU2025
 6771 0552 0821     		movs	r1, #8
 6772              	.LVL316:
ARM GAS  C:\Users\l1234\AppData\Local\Temp\ccQ59T7L.s 			page 190


1225:Drivers/STM32H7xx_HAL_Driver/Src/stm32h7xx_hal_dma.c ****     {
 6773              		.loc 1 1225 63 view .LVU2026
 6774 0554 0EF01F02 		and	r2, lr, #31
1225:Drivers/STM32H7xx_HAL_Driver/Src/stm32h7xx_hal_dma.c ****     {
 6775              		.loc 1 1225 41 view .LVU2027
 6776 0558 9140     		lsls	r1, r1, r2
1225:Drivers/STM32H7xx_HAL_Driver/Src/stm32h7xx_hal_dma.c ****     {
 6777              		.loc 1 1225 8 view .LVU2028
 6778 055a 0F42     		tst	r7, r1
 6779 055c 7FF4F7AD 		bne	.L601
1240:Drivers/STM32H7xx_HAL_Driver/Src/stm32h7xx_hal_dma.c ****     {
 6780              		.loc 1 1240 5 is_stmt 1 view .LVU2029
1240:Drivers/STM32H7xx_HAL_Driver/Src/stm32h7xx_hal_dma.c ****     {
 6781              		.loc 1 1240 74 is_stmt 0 view .LVU2030
 6782 0560 27FA02F1 		lsr	r1, r7, r2
1240:Drivers/STM32H7xx_HAL_Driver/Src/stm32h7xx_hal_dma.c ****     {
 6783              		.loc 1 1240 8 view .LVU2031
 6784 0564 C907     		lsls	r1, r1, #31
 6785 0566 3FF558AE 		bmi	.L607
 6786 056a 60E6     		b	.L606
 6787              	.L765:
1275:Drivers/STM32H7xx_HAL_Driver/Src/stm32h7xx_hal_dma.c ****           {
 6788              		.loc 1 1275 11 is_stmt 1 view .LVU2032
1275:Drivers/STM32H7xx_HAL_Driver/Src/stm32h7xx_hal_dma.c ****           {
 6789              		.loc 1 1275 55 is_stmt 0 view .LVU2033
 6790 056c 1B68     		ldr	r3, [r3]
1275:Drivers/STM32H7xx_HAL_Driver/Src/stm32h7xx_hal_dma.c ****           {
 6791              		.loc 1 1275 13 view .LVU2034
 6792 056e 1903     		lsls	r1, r3, #12
 6793 0570 7FF51CAF 		bpl	.L627
1286:Drivers/STM32H7xx_HAL_Driver/Src/stm32h7xx_hal_dma.c ****             {
 6794              		.loc 1 1286 13 is_stmt 1 view .LVU2035
1286:Drivers/STM32H7xx_HAL_Driver/Src/stm32h7xx_hal_dma.c ****             {
 6795              		.loc 1 1286 20 is_stmt 0 view .LVU2036
 6796 0574 B36C     		ldr	r3, [r6, #72]
1286:Drivers/STM32H7xx_HAL_Driver/Src/stm32h7xx_hal_dma.c ****             {
 6797              		.loc 1 1286 15 view .LVU2037
 6798 0576 002B     		cmp	r3, #0
 6799 0578 7FF41AAF 		bne	.L755
 6800 057c 1CE7     		b	.L620
 6801              	.LVL317:
 6802              	.L766:
1321:Drivers/STM32H7xx_HAL_Driver/Src/stm32h7xx_hal_dma.c ****           ((DMA_Stream_TypeDef   *)hdma->Instance)->FCR &= ~(DMA_IT_FE);
 6803              		.loc 1 1321 11 is_stmt 1 view .LVU2038
1321:Drivers/STM32H7xx_HAL_Driver/Src/stm32h7xx_hal_dma.c ****           ((DMA_Stream_TypeDef   *)hdma->Instance)->FCR &= ~(DMA_IT_FE);
 6804              		.loc 1 1321 57 is_stmt 0 view .LVU2039
 6805 057e 23F01603 		bic	r3, r3, #22
 6806 0582 1360     		str	r3, [r2]
1322:Drivers/STM32H7xx_HAL_Driver/Src/stm32h7xx_hal_dma.c **** 
 6807              		.loc 1 1322 11 is_stmt 1 view .LVU2040
1322:Drivers/STM32H7xx_HAL_Driver/Src/stm32h7xx_hal_dma.c **** 
 6808              		.loc 1 1322 51 is_stmt 0 view .LVU2041
 6809 0584 5369     		ldr	r3, [r2, #20]
1322:Drivers/STM32H7xx_HAL_Driver/Src/stm32h7xx_hal_dma.c **** 
 6810              		.loc 1 1322 57 view .LVU2042
 6811 0586 23F08003 		bic	r3, r3, #128
 6812 058a 5361     		str	r3, [r2, #20]
ARM GAS  C:\Users\l1234\AppData\Local\Temp\ccQ59T7L.s 			page 191


1324:Drivers/STM32H7xx_HAL_Driver/Src/stm32h7xx_hal_dma.c ****           {
 6813              		.loc 1 1324 11 is_stmt 1 view .LVU2043
1324:Drivers/STM32H7xx_HAL_Driver/Src/stm32h7xx_hal_dma.c ****           {
 6814              		.loc 1 1324 13 is_stmt 0 view .LVU2044
 6815 058c 336C     		ldr	r3, [r6, #64]
 6816 058e 1BB3     		cbz	r3, .L769
 6817              	.L634:
1326:Drivers/STM32H7xx_HAL_Driver/Src/stm32h7xx_hal_dma.c ****           }
 6818              		.loc 1 1326 13 is_stmt 1 view .LVU2045
1326:Drivers/STM32H7xx_HAL_Driver/Src/stm32h7xx_hal_dma.c ****           }
 6819              		.loc 1 1326 53 is_stmt 0 view .LVU2046
 6820 0590 1368     		ldr	r3, [r2]
1326:Drivers/STM32H7xx_HAL_Driver/Src/stm32h7xx_hal_dma.c ****           }
 6821              		.loc 1 1326 59 view .LVU2047
 6822 0592 23F00803 		bic	r3, r3, #8
 6823 0596 1360     		str	r3, [r2]
 6824              	.L635:
1330:Drivers/STM32H7xx_HAL_Driver/Src/stm32h7xx_hal_dma.c **** 
 6825              		.loc 1 1330 11 is_stmt 1 view .LVU2048
1330:Drivers/STM32H7xx_HAL_Driver/Src/stm32h7xx_hal_dma.c **** 
 6826              		.loc 1 1330 35 is_stmt 0 view .LVU2049
 6827 0598 3F23     		movs	r3, #63
1333:Drivers/STM32H7xx_HAL_Driver/Src/stm32h7xx_hal_dma.c **** 
 6828              		.loc 1 1333 23 view .LVU2050
 6829 059a 0120     		movs	r0, #1
1336:Drivers/STM32H7xx_HAL_Driver/Src/stm32h7xx_hal_dma.c **** 
 6830              		.loc 1 1336 11 view .LVU2051
 6831 059c 0022     		movs	r2, #0
1330:Drivers/STM32H7xx_HAL_Driver/Src/stm32h7xx_hal_dma.c **** 
 6832              		.loc 1 1330 35 view .LVU2052
 6833 059e 8B40     		lsls	r3, r3, r1
1330:Drivers/STM32H7xx_HAL_Driver/Src/stm32h7xx_hal_dma.c **** 
 6834              		.loc 1 1330 26 view .LVU2053
 6835 05a0 A360     		str	r3, [r4, #8]
1333:Drivers/STM32H7xx_HAL_Driver/Src/stm32h7xx_hal_dma.c **** 
 6836              		.loc 1 1333 11 is_stmt 1 view .LVU2054
1338:Drivers/STM32H7xx_HAL_Driver/Src/stm32h7xx_hal_dma.c ****           {
 6837              		.loc 1 1338 18 is_stmt 0 view .LVU2055
 6838 05a2 336D     		ldr	r3, [r6, #80]
1333:Drivers/STM32H7xx_HAL_Driver/Src/stm32h7xx_hal_dma.c **** 
 6839              		.loc 1 1333 23 view .LVU2056
 6840 05a4 86F83500 		strb	r0, [r6, #53]
1336:Drivers/STM32H7xx_HAL_Driver/Src/stm32h7xx_hal_dma.c **** 
 6841              		.loc 1 1336 11 is_stmt 1 view .LVU2057
1336:Drivers/STM32H7xx_HAL_Driver/Src/stm32h7xx_hal_dma.c **** 
 6842              		.loc 1 1336 11 view .LVU2058
 6843 05a8 86F83420 		strb	r2, [r6, #52]
1336:Drivers/STM32H7xx_HAL_Driver/Src/stm32h7xx_hal_dma.c **** 
 6844              		.loc 1 1336 11 view .LVU2059
1338:Drivers/STM32H7xx_HAL_Driver/Src/stm32h7xx_hal_dma.c ****           {
 6845              		.loc 1 1338 11 view .LVU2060
1338:Drivers/STM32H7xx_HAL_Driver/Src/stm32h7xx_hal_dma.c ****           {
 6846              		.loc 1 1338 13 is_stmt 0 view .LVU2061
 6847 05ac 002B     		cmp	r3, #0
 6848 05ae A7D1     		bne	.L759
 6849 05b0 B2E5     		b	.L583
 6850              	.L637:
ARM GAS  C:\Users\l1234\AppData\Local\Temp\ccQ59T7L.s 			page 192


1369:Drivers/STM32H7xx_HAL_Driver/Src/stm32h7xx_hal_dma.c ****           {
 6851              		.loc 1 1369 11 is_stmt 1 view .LVU2062
1369:Drivers/STM32H7xx_HAL_Driver/Src/stm32h7xx_hal_dma.c ****           {
 6852              		.loc 1 1369 13 is_stmt 0 view .LVU2063
 6853 05b2 13F48073 		ands	r3, r3, #256
 6854 05b6 7FF475AF 		bne	.L640
1372:Drivers/STM32H7xx_HAL_Driver/Src/stm32h7xx_hal_dma.c **** 
 6855              		.loc 1 1372 13 is_stmt 1 view .LVU2064
1372:Drivers/STM32H7xx_HAL_Driver/Src/stm32h7xx_hal_dma.c **** 
 6856              		.loc 1 1372 53 is_stmt 0 view .LVU2065
 6857 05ba 1168     		ldr	r1, [r2]
1372:Drivers/STM32H7xx_HAL_Driver/Src/stm32h7xx_hal_dma.c **** 
 6858              		.loc 1 1372 59 view .LVU2066
 6859 05bc 21F01001 		bic	r1, r1, #16
 6860 05c0 1160     		str	r1, [r2]
1375:Drivers/STM32H7xx_HAL_Driver/Src/stm32h7xx_hal_dma.c **** 
 6861              		.loc 1 1375 13 is_stmt 1 view .LVU2067
1375:Drivers/STM32H7xx_HAL_Driver/Src/stm32h7xx_hal_dma.c **** 
 6862              		.loc 1 1375 25 is_stmt 0 view .LVU2068
 6863 05c2 0122     		movs	r2, #1
1378:Drivers/STM32H7xx_HAL_Driver/Src/stm32h7xx_hal_dma.c ****           }
 6864              		.loc 1 1378 13 view .LVU2069
 6865 05c4 86F83430 		strb	r3, [r6, #52]
1375:Drivers/STM32H7xx_HAL_Driver/Src/stm32h7xx_hal_dma.c **** 
 6866              		.loc 1 1375 25 view .LVU2070
 6867 05c8 86F83520 		strb	r2, [r6, #53]
1378:Drivers/STM32H7xx_HAL_Driver/Src/stm32h7xx_hal_dma.c ****           }
 6868              		.loc 1 1378 13 is_stmt 1 view .LVU2071
1378:Drivers/STM32H7xx_HAL_Driver/Src/stm32h7xx_hal_dma.c ****           }
 6869              		.loc 1 1378 13 view .LVU2072
 6870 05cc 6AE7     		b	.L640
 6871              	.L767:
1350:Drivers/STM32H7xx_HAL_Driver/Src/stm32h7xx_hal_dma.c ****             {
 6872              		.loc 1 1350 13 view .LVU2073
1350:Drivers/STM32H7xx_HAL_Driver/Src/stm32h7xx_hal_dma.c ****             {
 6873              		.loc 1 1350 20 is_stmt 0 view .LVU2074
 6874 05ce 736C     		ldr	r3, [r6, #68]
1350:Drivers/STM32H7xx_HAL_Driver/Src/stm32h7xx_hal_dma.c ****             {
 6875              		.loc 1 1350 15 view .LVU2075
 6876 05d0 002B     		cmp	r3, #0
 6877 05d2 7FF469AF 		bne	.L756
 6878 05d6 69E7     		b	.L629
 6879              	.L769:
1324:Drivers/STM32H7xx_HAL_Driver/Src/stm32h7xx_hal_dma.c ****           {
 6880              		.loc 1 1324 51 discriminator 1 view .LVU2076
 6881 05d8 B36C     		ldr	r3, [r6, #72]
 6882 05da 002B     		cmp	r3, #0
 6883 05dc D8D1     		bne	.L634
 6884 05de DBE7     		b	.L635
 6885              	.LVL318:
 6886              	.L608:
1242:Drivers/STM32H7xx_HAL_Driver/Src/stm32h7xx_hal_dma.c ****       {
 6887              		.loc 1 1242 10 view .LVU2077
 6888 05e0 1968     		ldr	r1, [r3]
1252:Drivers/STM32H7xx_HAL_Driver/Src/stm32h7xx_hal_dma.c ****     {
 6889              		.loc 1 1252 5 is_stmt 1 view .LVU2078
1252:Drivers/STM32H7xx_HAL_Driver/Src/stm32h7xx_hal_dma.c ****     {
ARM GAS  C:\Users\l1234\AppData\Local\Temp\ccQ59T7L.s 			page 193


 6890              		.loc 1 1252 42 is_stmt 0 view .LVU2079
 6891 05e2 0421     		movs	r1, #4
 6892 05e4 9140     		lsls	r1, r1, r2
1252:Drivers/STM32H7xx_HAL_Driver/Src/stm32h7xx_hal_dma.c ****     {
 6893              		.loc 1 1252 8 view .LVU2080
 6894 05e6 3942     		tst	r1, r7
 6895 05e8 3FF485AE 		beq	.L612
 6896              	.L615:
1254:Drivers/STM32H7xx_HAL_Driver/Src/stm32h7xx_hal_dma.c ****       {
 6897              		.loc 1 1254 10 view .LVU2081
 6898 05ec 1968     		ldr	r1, [r3]
1264:Drivers/STM32H7xx_HAL_Driver/Src/stm32h7xx_hal_dma.c ****     {
 6899              		.loc 1 1264 5 is_stmt 1 view .LVU2082
1264:Drivers/STM32H7xx_HAL_Driver/Src/stm32h7xx_hal_dma.c ****     {
 6900              		.loc 1 1264 41 is_stmt 0 view .LVU2083
 6901 05ee 1021     		movs	r1, #16
 6902 05f0 01FA02F2 		lsl	r2, r1, r2
1264:Drivers/STM32H7xx_HAL_Driver/Src/stm32h7xx_hal_dma.c ****     {
 6903              		.loc 1 1264 8 view .LVU2084
 6904 05f4 1742     		tst	r7, r2
 6905 05f6 3FF4DFAE 		beq	.L620
 6906              	.L618:
1266:Drivers/STM32H7xx_HAL_Driver/Src/stm32h7xx_hal_dma.c ****       {
 6907              		.loc 1 1266 10 discriminator 30 view .LVU2085
 6908 05fa 1968     		ldr	r1, [r3]
1266:Drivers/STM32H7xx_HAL_Driver/Src/stm32h7xx_hal_dma.c ****       {
 6909              		.loc 1 1266 51 discriminator 30 view .LVU2086
 6910 05fc C1F38001 		ubfx	r1, r1, #2, #1
 6911 0600 C7E6     		b	.L624
 6912              	.LVL319:
 6913              	.L649:
1483:Drivers/STM32H7xx_HAL_Driver/Src/stm32h7xx_hal_dma.c ****     {
 6914              		.loc 1 1483 10 is_stmt 1 view .LVU2087
1483:Drivers/STM32H7xx_HAL_Driver/Src/stm32h7xx_hal_dma.c ****     {
 6915              		.loc 1 1483 45 is_stmt 0 view .LVU2088
 6916 0602 0225     		movs	r5, #2
 6917 0604 8540     		lsls	r5, r5, r0
1483:Drivers/STM32H7xx_HAL_Driver/Src/stm32h7xx_hal_dma.c ****     {
 6918              		.loc 1 1483 13 view .LVU2089
 6919 0606 0D42     		tst	r5, r1
 6920 0608 0FD0     		beq	.L653
1483:Drivers/STM32H7xx_HAL_Driver/Src/stm32h7xx_hal_dma.c ****     {
 6921              		.loc 1 1483 85 discriminator 1 view .LVU2090
 6922 060a 9707     		lsls	r7, r2, #30
 6923 060c 0DD5     		bpl	.L653
1486:Drivers/STM32H7xx_HAL_Driver/Src/stm32h7xx_hal_dma.c **** 
 6924              		.loc 1 1486 7 is_stmt 1 view .LVU2091
1489:Drivers/STM32H7xx_HAL_Driver/Src/stm32h7xx_hal_dma.c ****       {
 6925              		.loc 1 1489 9 is_stmt 0 view .LVU2092
 6926 060e 1104     		lsls	r1, r2, #16
 6927              	.LVL320:
1486:Drivers/STM32H7xx_HAL_Driver/Src/stm32h7xx_hal_dma.c **** 
 6928              		.loc 1 1486 23 view .LVU2093
 6929 0610 6560     		str	r5, [r4, #4]
1489:Drivers/STM32H7xx_HAL_Driver/Src/stm32h7xx_hal_dma.c ****       {
 6930              		.loc 1 1489 7 is_stmt 1 view .LVU2094
1489:Drivers/STM32H7xx_HAL_Driver/Src/stm32h7xx_hal_dma.c ****       {
ARM GAS  C:\Users\l1234\AppData\Local\Temp\ccQ59T7L.s 			page 194


 6931              		.loc 1 1489 9 is_stmt 0 view .LVU2095
 6932 0612 34D5     		bpl	.L654
1492:Drivers/STM32H7xx_HAL_Driver/Src/stm32h7xx_hal_dma.c ****         {
 6933              		.loc 1 1492 9 is_stmt 1 view .LVU2096
1492:Drivers/STM32H7xx_HAL_Driver/Src/stm32h7xx_hal_dma.c ****         {
 6934              		.loc 1 1492 11 is_stmt 0 view .LVU2097
 6935 0614 D703     		lsls	r7, r2, #15
 6936 0616 3ED4     		bmi	.L656
1494:Drivers/STM32H7xx_HAL_Driver/Src/stm32h7xx_hal_dma.c ****           {
 6937              		.loc 1 1494 11 is_stmt 1 view .LVU2098
1494:Drivers/STM32H7xx_HAL_Driver/Src/stm32h7xx_hal_dma.c ****           {
 6938              		.loc 1 1494 18 is_stmt 0 view .LVU2099
 6939 0618 736C     		ldr	r3, [r6, #68]
1494:Drivers/STM32H7xx_HAL_Driver/Src/stm32h7xx_hal_dma.c ****           {
 6940              		.loc 1 1494 13 view .LVU2100
 6941 061a 002B     		cmp	r3, #0
 6942 061c 7FF470AF 		bne	.L759
 6943 0620 7AE5     		b	.L583
 6944              	.LVL321:
 6945              	.L630:
1313:Drivers/STM32H7xx_HAL_Driver/Src/stm32h7xx_hal_dma.c ****       {
 6946              		.loc 1 1313 10 discriminator 30 view .LVU2101
 6947 0622 1368     		ldr	r3, [r2]
1313:Drivers/STM32H7xx_HAL_Driver/Src/stm32h7xx_hal_dma.c ****       {
 6948              		.loc 1 1313 51 discriminator 30 view .LVU2102
 6949 0624 C3F34003 		ubfx	r3, r3, #1, #1
 6950 0628 2DE7     		b	.L632
 6951              	.LVL322:
 6952              	.L653:
1532:Drivers/STM32H7xx_HAL_Driver/Src/stm32h7xx_hal_dma.c ****     {
 6953              		.loc 1 1532 10 is_stmt 1 view .LVU2103
1532:Drivers/STM32H7xx_HAL_Driver/Src/stm32h7xx_hal_dma.c ****     {
 6954              		.loc 1 1532 45 is_stmt 0 view .LVU2104
 6955 062a 0825     		movs	r5, #8
 6956 062c 8540     		lsls	r5, r5, r0
1532:Drivers/STM32H7xx_HAL_Driver/Src/stm32h7xx_hal_dma.c ****     {
 6957              		.loc 1 1532 13 view .LVU2105
 6958 062e 0D42     		tst	r5, r1
 6959 0630 3FF472AD 		beq	.L583
1532:Drivers/STM32H7xx_HAL_Driver/Src/stm32h7xx_hal_dma.c ****     {
 6960              		.loc 1 1532 85 discriminator 1 view .LVU2106
 6961 0634 1507     		lsls	r5, r2, #28
 6962 0636 7FF56FAD 		bpl	.L583
1537:Drivers/STM32H7xx_HAL_Driver/Src/stm32h7xx_hal_dma.c **** 
 6963              		.loc 1 1537 7 is_stmt 1 discriminator 30 view .LVU2107
 6964 063a 1A68     		ldr	r2, [r3]
 6965              	.LVL323:
1549:Drivers/STM32H7xx_HAL_Driver/Src/stm32h7xx_hal_dma.c **** 
 6966              		.loc 1 1549 7 is_stmt 0 discriminator 30 view .LVU2108
 6967 063c 0021     		movs	r1, #0
 6968              	.LVL324:
1537:Drivers/STM32H7xx_HAL_Driver/Src/stm32h7xx_hal_dma.c **** 
 6969              		.loc 1 1537 7 discriminator 30 view .LVU2109
 6970 063e 22F00E02 		bic	r2, r2, #14
 6971 0642 1A60     		str	r2, [r3]
1540:Drivers/STM32H7xx_HAL_Driver/Src/stm32h7xx_hal_dma.c **** 
 6972              		.loc 1 1540 7 is_stmt 1 discriminator 30 view .LVU2110
ARM GAS  C:\Users\l1234\AppData\Local\Temp\ccQ59T7L.s 			page 195


1540:Drivers/STM32H7xx_HAL_Driver/Src/stm32h7xx_hal_dma.c **** 
 6973              		.loc 1 1540 41 is_stmt 0 discriminator 30 view .LVU2111
 6974 0644 0123     		movs	r3, #1
1551:Drivers/STM32H7xx_HAL_Driver/Src/stm32h7xx_hal_dma.c ****       {
 6975              		.loc 1 1551 15 discriminator 30 view .LVU2112
 6976 0646 F26C     		ldr	r2, [r6, #76]
1540:Drivers/STM32H7xx_HAL_Driver/Src/stm32h7xx_hal_dma.c **** 
 6977              		.loc 1 1540 41 discriminator 30 view .LVU2113
 6978 0648 03FA00F0 		lsl	r0, r3, r0
1540:Drivers/STM32H7xx_HAL_Driver/Src/stm32h7xx_hal_dma.c **** 
 6979              		.loc 1 1540 23 discriminator 30 view .LVU2114
 6980 064c 6060     		str	r0, [r4, #4]
1543:Drivers/STM32H7xx_HAL_Driver/Src/stm32h7xx_hal_dma.c **** 
 6981              		.loc 1 1543 7 is_stmt 1 discriminator 30 view .LVU2115
1543:Drivers/STM32H7xx_HAL_Driver/Src/stm32h7xx_hal_dma.c **** 
 6982              		.loc 1 1543 23 is_stmt 0 discriminator 30 view .LVU2116
 6983 064e 7365     		str	r3, [r6, #84]
1546:Drivers/STM32H7xx_HAL_Driver/Src/stm32h7xx_hal_dma.c **** 
 6984              		.loc 1 1546 7 is_stmt 1 discriminator 30 view .LVU2117
1549:Drivers/STM32H7xx_HAL_Driver/Src/stm32h7xx_hal_dma.c **** 
 6985              		.loc 1 1549 7 is_stmt 0 discriminator 30 view .LVU2118
 6986 0650 86F83410 		strb	r1, [r6, #52]
1546:Drivers/STM32H7xx_HAL_Driver/Src/stm32h7xx_hal_dma.c **** 
 6987              		.loc 1 1546 19 discriminator 30 view .LVU2119
 6988 0654 86F83530 		strb	r3, [r6, #53]
1549:Drivers/STM32H7xx_HAL_Driver/Src/stm32h7xx_hal_dma.c **** 
 6989              		.loc 1 1549 7 is_stmt 1 discriminator 30 view .LVU2120
1549:Drivers/STM32H7xx_HAL_Driver/Src/stm32h7xx_hal_dma.c **** 
 6990              		.loc 1 1549 7 discriminator 30 view .LVU2121
1549:Drivers/STM32H7xx_HAL_Driver/Src/stm32h7xx_hal_dma.c **** 
 6991              		.loc 1 1549 7 discriminator 30 view .LVU2122
1551:Drivers/STM32H7xx_HAL_Driver/Src/stm32h7xx_hal_dma.c ****       {
 6992              		.loc 1 1551 7 discriminator 30 view .LVU2123
1551:Drivers/STM32H7xx_HAL_Driver/Src/stm32h7xx_hal_dma.c ****       {
 6993              		.loc 1 1551 10 is_stmt 0 discriminator 30 view .LVU2124
 6994 0658 002A     		cmp	r2, #0
 6995 065a 3FF45DAD 		beq	.L583
1554:Drivers/STM32H7xx_HAL_Driver/Src/stm32h7xx_hal_dma.c ****       }
 6996              		.loc 1 1554 9 is_stmt 1 view .LVU2125
 6997 065e 3046     		mov	r0, r6
1566:Drivers/STM32H7xx_HAL_Driver/Src/stm32h7xx_hal_dma.c **** 
 6998              		.loc 1 1566 1 is_stmt 0 view .LVU2126
 6999 0660 02B0     		add	sp, sp, #8
 7000              	.LCFI40:
 7001              		.cfi_remember_state
 7002              		.cfi_def_cfa_offset 24
 7003              		@ sp needed
 7004 0662 BDE8F041 		pop	{r4, r5, r6, r7, r8, lr}
 7005              	.LCFI41:
 7006              		.cfi_restore 14
 7007              		.cfi_restore 8
 7008              		.cfi_restore 7
 7009              		.cfi_restore 6
 7010              		.cfi_restore 5
 7011              		.cfi_restore 4
 7012              		.cfi_def_cfa_offset 0
 7013              	.LVL325:
ARM GAS  C:\Users\l1234\AppData\Local\Temp\ccQ59T7L.s 			page 196


1554:Drivers/STM32H7xx_HAL_Driver/Src/stm32h7xx_hal_dma.c ****       }
 7014              		.loc 1 1554 9 view .LVU2127
 7015 0666 1047     		bx	r2	@ indirect register sibling call
 7016              	.LVL326:
 7017              	.L650:
 7018              	.LCFI42:
 7019              		.cfi_restore_state
1465:Drivers/STM32H7xx_HAL_Driver/Src/stm32h7xx_hal_dma.c ****         {
 7020              		.loc 1 1465 9 is_stmt 1 view .LVU2128
1465:Drivers/STM32H7xx_HAL_Driver/Src/stm32h7xx_hal_dma.c ****         {
 7021              		.loc 1 1465 11 is_stmt 0 view .LVU2129
 7022 0668 9206     		lsls	r2, r2, #26
 7023              	.LVL327:
1465:Drivers/STM32H7xx_HAL_Driver/Src/stm32h7xx_hal_dma.c ****         {
 7024              		.loc 1 1465 11 view .LVU2130
 7025 066a 03D4     		bmi	.L652
1468:Drivers/STM32H7xx_HAL_Driver/Src/stm32h7xx_hal_dma.c ****         }
 7026              		.loc 1 1468 11 is_stmt 1 discriminator 30 view .LVU2131
 7027 066c 1A68     		ldr	r2, [r3]
 7028 066e 22F00402 		bic	r2, r2, #4
 7029 0672 1A60     		str	r2, [r3]
 7030              	.LVL328:
 7031              	.L652:
1474:Drivers/STM32H7xx_HAL_Driver/Src/stm32h7xx_hal_dma.c ****         {
 7032              		.loc 1 1474 8 view .LVU2132
1474:Drivers/STM32H7xx_HAL_Driver/Src/stm32h7xx_hal_dma.c ****         {
 7033              		.loc 1 1474 15 is_stmt 0 view .LVU2133
 7034 0674 336C     		ldr	r3, [r6, #64]
1474:Drivers/STM32H7xx_HAL_Driver/Src/stm32h7xx_hal_dma.c ****         {
 7035              		.loc 1 1474 10 view .LVU2134
 7036 0676 002B     		cmp	r3, #0
 7037 0678 7FF442AF 		bne	.L759
 7038 067c 4CE5     		b	.L583
 7039              	.LVL329:
 7040              	.L654:
1512:Drivers/STM32H7xx_HAL_Driver/Src/stm32h7xx_hal_dma.c ****         {
 7041              		.loc 1 1512 9 is_stmt 1 view .LVU2135
1512:Drivers/STM32H7xx_HAL_Driver/Src/stm32h7xx_hal_dma.c ****         {
 7042              		.loc 1 1512 11 is_stmt 0 view .LVU2136
 7043 067e 12F02002 		ands	r2, r2, #32
 7044              	.LVL330:
1512:Drivers/STM32H7xx_HAL_Driver/Src/stm32h7xx_hal_dma.c ****         {
 7045              		.loc 1 1512 11 view .LVU2137
 7046 0682 08D1     		bne	.L656
1515:Drivers/STM32H7xx_HAL_Driver/Src/stm32h7xx_hal_dma.c **** 
 7047              		.loc 1 1515 11 is_stmt 1 discriminator 30 view .LVU2138
 7048 0684 1968     		ldr	r1, [r3]
1518:Drivers/STM32H7xx_HAL_Driver/Src/stm32h7xx_hal_dma.c **** 
 7049              		.loc 1 1518 23 is_stmt 0 discriminator 30 view .LVU2139
 7050 0686 0120     		movs	r0, #1
1515:Drivers/STM32H7xx_HAL_Driver/Src/stm32h7xx_hal_dma.c **** 
 7051              		.loc 1 1515 11 discriminator 30 view .LVU2140
 7052 0688 21F00A01 		bic	r1, r1, #10
 7053 068c 1960     		str	r1, [r3]
1518:Drivers/STM32H7xx_HAL_Driver/Src/stm32h7xx_hal_dma.c **** 
 7054              		.loc 1 1518 11 is_stmt 1 discriminator 30 view .LVU2141
1518:Drivers/STM32H7xx_HAL_Driver/Src/stm32h7xx_hal_dma.c **** 
ARM GAS  C:\Users\l1234\AppData\Local\Temp\ccQ59T7L.s 			page 197


 7055              		.loc 1 1518 23 is_stmt 0 discriminator 30 view .LVU2142
 7056 068e 86F83500 		strb	r0, [r6, #53]
1521:Drivers/STM32H7xx_HAL_Driver/Src/stm32h7xx_hal_dma.c ****         }
 7057              		.loc 1 1521 11 is_stmt 1 discriminator 30 view .LVU2143
1521:Drivers/STM32H7xx_HAL_Driver/Src/stm32h7xx_hal_dma.c ****         }
 7058              		.loc 1 1521 11 discriminator 30 view .LVU2144
 7059 0692 86F83420 		strb	r2, [r6, #52]
 7060              	.L656:
1521:Drivers/STM32H7xx_HAL_Driver/Src/stm32h7xx_hal_dma.c ****         }
 7061              		.loc 1 1521 11 discriminator 1 view .LVU2145
1524:Drivers/STM32H7xx_HAL_Driver/Src/stm32h7xx_hal_dma.c ****         {
 7062              		.loc 1 1524 9 discriminator 1 view .LVU2146
1524:Drivers/STM32H7xx_HAL_Driver/Src/stm32h7xx_hal_dma.c ****         {
 7063              		.loc 1 1524 16 is_stmt 0 discriminator 1 view .LVU2147
 7064 0696 F36B     		ldr	r3, [r6, #60]
1524:Drivers/STM32H7xx_HAL_Driver/Src/stm32h7xx_hal_dma.c ****         {
 7065              		.loc 1 1524 11 discriminator 1 view .LVU2148
 7066 0698 002B     		cmp	r3, #0
 7067 069a 7FF431AF 		bne	.L759
 7068 069e 3BE5     		b	.L583
 7069              	.L776:
 7070              		.align	2
 7071              	.L775:
 7072 06a0 B8040240 		.word	1073874104
 7073 06a4 B5814E1B 		.word	458129845
 7074              		.cfi_endproc
 7075              	.LFE151:
 7077              		.section	.text.HAL_DMA_RegisterCallback,"ax",%progbits
 7078              		.align	1
 7079              		.p2align 2,,3
 7080              		.global	HAL_DMA_RegisterCallback
 7081              		.syntax unified
 7082              		.thumb
 7083              		.thumb_func
 7085              	HAL_DMA_RegisterCallback:
 7086              	.LVL331:
 7087              	.LFB152:
1579:Drivers/STM32H7xx_HAL_Driver/Src/stm32h7xx_hal_dma.c **** 
 7088              		.loc 1 1579 1 is_stmt 1 view -0
 7089              		.cfi_startproc
 7090              		@ args = 0, pretend = 0, frame = 0
 7091              		@ frame_needed = 0, uses_anonymous_args = 0
 7092              		@ link register save eliminated.
1581:Drivers/STM32H7xx_HAL_Driver/Src/stm32h7xx_hal_dma.c **** 
 7093              		.loc 1 1581 3 view .LVU2150
1584:Drivers/STM32H7xx_HAL_Driver/Src/stm32h7xx_hal_dma.c ****   {
 7094              		.loc 1 1584 3 view .LVU2151
1584:Drivers/STM32H7xx_HAL_Driver/Src/stm32h7xx_hal_dma.c ****   {
 7095              		.loc 1 1584 5 is_stmt 0 view .LVU2152
 7096 0000 0346     		mov	r3, r0
 7097 0002 B0B1     		cbz	r0, .L788
1590:Drivers/STM32H7xx_HAL_Driver/Src/stm32h7xx_hal_dma.c **** 
 7098              		.loc 1 1590 3 is_stmt 1 view .LVU2153
1590:Drivers/STM32H7xx_HAL_Driver/Src/stm32h7xx_hal_dma.c **** 
 7099              		.loc 1 1590 3 view .LVU2154
 7100 0004 90F83400 		ldrb	r0, [r0, #52]	@ zero_extendqisi2
 7101              	.LVL332:
ARM GAS  C:\Users\l1234\AppData\Local\Temp\ccQ59T7L.s 			page 198


1590:Drivers/STM32H7xx_HAL_Driver/Src/stm32h7xx_hal_dma.c **** 
 7102              		.loc 1 1590 3 is_stmt 0 view .LVU2155
 7103 0008 0128     		cmp	r0, #1
 7104 000a 14D0     		beq	.L789
1590:Drivers/STM32H7xx_HAL_Driver/Src/stm32h7xx_hal_dma.c **** 
 7105              		.loc 1 1590 3 is_stmt 1 discriminator 2 view .LVU2156
1590:Drivers/STM32H7xx_HAL_Driver/Src/stm32h7xx_hal_dma.c **** 
 7106              		.loc 1 1590 3 discriminator 2 view .LVU2157
1592:Drivers/STM32H7xx_HAL_Driver/Src/stm32h7xx_hal_dma.c ****   {
 7107              		.loc 1 1592 3 discriminator 2 view .LVU2158
1592:Drivers/STM32H7xx_HAL_Driver/Src/stm32h7xx_hal_dma.c ****   {
 7108              		.loc 1 1592 33 is_stmt 0 discriminator 2 view .LVU2159
 7109 000c 93F835C0 		ldrb	ip, [r3, #53]	@ zero_extendqisi2
1592:Drivers/STM32H7xx_HAL_Driver/Src/stm32h7xx_hal_dma.c ****   {
 7110              		.loc 1 1592 5 discriminator 2 view .LVU2160
 7111 0010 BCF1010F 		cmp	ip, #1
1592:Drivers/STM32H7xx_HAL_Driver/Src/stm32h7xx_hal_dma.c ****   {
 7112              		.loc 1 1592 33 discriminator 2 view .LVU2161
 7113 0014 5FFA8CF0 		uxtb	r0, ip
1592:Drivers/STM32H7xx_HAL_Driver/Src/stm32h7xx_hal_dma.c ****   {
 7114              		.loc 1 1592 5 discriminator 2 view .LVU2162
 7115 0018 04D0     		beq	.L792
 7116 001a 0120     		movs	r0, #1
 7117              	.L779:
 7118              	.LVL333:
1632:Drivers/STM32H7xx_HAL_Driver/Src/stm32h7xx_hal_dma.c **** 
 7119              		.loc 1 1632 3 is_stmt 1 view .LVU2163
1632:Drivers/STM32H7xx_HAL_Driver/Src/stm32h7xx_hal_dma.c **** 
 7120              		.loc 1 1632 3 view .LVU2164
 7121 001c 0022     		movs	r2, #0
 7122              	.LVL334:
1632:Drivers/STM32H7xx_HAL_Driver/Src/stm32h7xx_hal_dma.c **** 
 7123              		.loc 1 1632 3 is_stmt 0 view .LVU2165
 7124 001e 83F83420 		strb	r2, [r3, #52]
1632:Drivers/STM32H7xx_HAL_Driver/Src/stm32h7xx_hal_dma.c **** 
 7125              		.loc 1 1632 3 is_stmt 1 view .LVU2166
1634:Drivers/STM32H7xx_HAL_Driver/Src/stm32h7xx_hal_dma.c **** }
 7126              		.loc 1 1634 3 view .LVU2167
1634:Drivers/STM32H7xx_HAL_Driver/Src/stm32h7xx_hal_dma.c **** }
 7127              		.loc 1 1634 10 is_stmt 0 view .LVU2168
 7128 0022 7047     		bx	lr
 7129              	.LVL335:
 7130              	.L792:
1594:Drivers/STM32H7xx_HAL_Driver/Src/stm32h7xx_hal_dma.c ****     {
 7131              		.loc 1 1594 5 is_stmt 1 view .LVU2169
 7132 0024 0529     		cmp	r1, #5
 7133 0026 F9D8     		bhi	.L779
 7134 0028 DFE801F0 		tbb	[pc, r1]
 7135              	.L781:
 7136 002c 0A       		.byte	(.L786-.L781)/2
 7137 002d 0C       		.byte	(.L785-.L781)/2
 7138 002e 0E       		.byte	(.L784-.L781)/2
 7139 002f 10       		.byte	(.L783-.L781)/2
 7140 0030 12       		.byte	(.L782-.L781)/2
 7141 0031 07       		.byte	(.L780-.L781)/2
 7142              	.LVL336:
 7143              		.p2align 1
ARM GAS  C:\Users\l1234\AppData\Local\Temp\ccQ59T7L.s 			page 199


 7144              	.L788:
1586:Drivers/STM32H7xx_HAL_Driver/Src/stm32h7xx_hal_dma.c ****   }
 7145              		.loc 1 1586 12 is_stmt 0 view .LVU2170
 7146 0032 0120     		movs	r0, #1
 7147              	.LVL337:
1586:Drivers/STM32H7xx_HAL_Driver/Src/stm32h7xx_hal_dma.c ****   }
 7148              		.loc 1 1586 12 view .LVU2171
 7149 0034 7047     		bx	lr
 7150              	.L789:
1590:Drivers/STM32H7xx_HAL_Driver/Src/stm32h7xx_hal_dma.c **** 
 7151              		.loc 1 1590 3 view .LVU2172
 7152 0036 0220     		movs	r0, #2
1635:Drivers/STM32H7xx_HAL_Driver/Src/stm32h7xx_hal_dma.c **** 
 7153              		.loc 1 1635 1 view .LVU2173
 7154 0038 7047     		bx	lr
 7155              	.L780:
1617:Drivers/STM32H7xx_HAL_Driver/Src/stm32h7xx_hal_dma.c ****       break;
 7156              		.loc 1 1617 7 is_stmt 1 view .LVU2174
1617:Drivers/STM32H7xx_HAL_Driver/Src/stm32h7xx_hal_dma.c ****       break;
 7157              		.loc 1 1617 31 is_stmt 0 view .LVU2175
 7158 003a 1A65     		str	r2, [r3, #80]
1618:Drivers/STM32H7xx_HAL_Driver/Src/stm32h7xx_hal_dma.c **** 
 7159              		.loc 1 1618 7 is_stmt 1 view .LVU2176
 7160              	.L787:
1581:Drivers/STM32H7xx_HAL_Driver/Src/stm32h7xx_hal_dma.c **** 
 7161              		.loc 1 1581 21 is_stmt 0 view .LVU2177
 7162 003c 0020     		movs	r0, #0
 7163 003e EDE7     		b	.L779
 7164              	.L786:
1597:Drivers/STM32H7xx_HAL_Driver/Src/stm32h7xx_hal_dma.c ****       break;
 7165              		.loc 1 1597 7 is_stmt 1 view .LVU2178
1597:Drivers/STM32H7xx_HAL_Driver/Src/stm32h7xx_hal_dma.c ****       break;
 7166              		.loc 1 1597 30 is_stmt 0 view .LVU2179
 7167 0040 DA63     		str	r2, [r3, #60]
1598:Drivers/STM32H7xx_HAL_Driver/Src/stm32h7xx_hal_dma.c **** 
 7168              		.loc 1 1598 7 is_stmt 1 view .LVU2180
 7169 0042 FBE7     		b	.L787
 7170              	.L785:
1601:Drivers/STM32H7xx_HAL_Driver/Src/stm32h7xx_hal_dma.c ****       break;
 7171              		.loc 1 1601 7 view .LVU2181
1601:Drivers/STM32H7xx_HAL_Driver/Src/stm32h7xx_hal_dma.c ****       break;
 7172              		.loc 1 1601 34 is_stmt 0 view .LVU2182
 7173 0044 1A64     		str	r2, [r3, #64]
1602:Drivers/STM32H7xx_HAL_Driver/Src/stm32h7xx_hal_dma.c **** 
 7174              		.loc 1 1602 7 is_stmt 1 view .LVU2183
 7175 0046 F9E7     		b	.L787
 7176              	.L784:
1605:Drivers/STM32H7xx_HAL_Driver/Src/stm32h7xx_hal_dma.c ****       break;
 7177              		.loc 1 1605 7 view .LVU2184
1605:Drivers/STM32H7xx_HAL_Driver/Src/stm32h7xx_hal_dma.c ****       break;
 7178              		.loc 1 1605 32 is_stmt 0 view .LVU2185
 7179 0048 5A64     		str	r2, [r3, #68]
1606:Drivers/STM32H7xx_HAL_Driver/Src/stm32h7xx_hal_dma.c **** 
 7180              		.loc 1 1606 7 is_stmt 1 view .LVU2186
 7181 004a F7E7     		b	.L787
 7182              	.L783:
1609:Drivers/STM32H7xx_HAL_Driver/Src/stm32h7xx_hal_dma.c ****       break;
ARM GAS  C:\Users\l1234\AppData\Local\Temp\ccQ59T7L.s 			page 200


 7183              		.loc 1 1609 7 view .LVU2187
1609:Drivers/STM32H7xx_HAL_Driver/Src/stm32h7xx_hal_dma.c ****       break;
 7184              		.loc 1 1609 36 is_stmt 0 view .LVU2188
 7185 004c 9A64     		str	r2, [r3, #72]
1610:Drivers/STM32H7xx_HAL_Driver/Src/stm32h7xx_hal_dma.c **** 
 7186              		.loc 1 1610 7 is_stmt 1 view .LVU2189
 7187 004e F5E7     		b	.L787
 7188              	.L782:
1613:Drivers/STM32H7xx_HAL_Driver/Src/stm32h7xx_hal_dma.c ****       break;
 7189              		.loc 1 1613 7 view .LVU2190
1613:Drivers/STM32H7xx_HAL_Driver/Src/stm32h7xx_hal_dma.c ****       break;
 7190              		.loc 1 1613 31 is_stmt 0 view .LVU2191
 7191 0050 DA64     		str	r2, [r3, #76]
1614:Drivers/STM32H7xx_HAL_Driver/Src/stm32h7xx_hal_dma.c **** 
 7192              		.loc 1 1614 7 is_stmt 1 view .LVU2192
 7193 0052 F3E7     		b	.L787
 7194              		.cfi_endproc
 7195              	.LFE152:
 7197              		.section	.text.HAL_DMA_UnRegisterCallback,"ax",%progbits
 7198              		.align	1
 7199              		.p2align 2,,3
 7200              		.global	HAL_DMA_UnRegisterCallback
 7201              		.syntax unified
 7202              		.thumb
 7203              		.thumb_func
 7205              	HAL_DMA_UnRegisterCallback:
 7206              	.LVL338:
 7207              	.LFB153:
1646:Drivers/STM32H7xx_HAL_Driver/Src/stm32h7xx_hal_dma.c ****   HAL_StatusTypeDef status = HAL_OK;
 7208              		.loc 1 1646 1 view -0
 7209              		.cfi_startproc
 7210              		@ args = 0, pretend = 0, frame = 0
 7211              		@ frame_needed = 0, uses_anonymous_args = 0
 7212              		@ link register save eliminated.
1647:Drivers/STM32H7xx_HAL_Driver/Src/stm32h7xx_hal_dma.c **** 
 7213              		.loc 1 1647 3 view .LVU2194
1650:Drivers/STM32H7xx_HAL_Driver/Src/stm32h7xx_hal_dma.c ****   {
 7214              		.loc 1 1650 3 view .LVU2195
1650:Drivers/STM32H7xx_HAL_Driver/Src/stm32h7xx_hal_dma.c ****   {
 7215              		.loc 1 1650 5 is_stmt 0 view .LVU2196
 7216 0000 0346     		mov	r3, r0
 7217 0002 C8B1     		cbz	r0, .L805
1656:Drivers/STM32H7xx_HAL_Driver/Src/stm32h7xx_hal_dma.c **** 
 7218              		.loc 1 1656 3 is_stmt 1 view .LVU2197
1656:Drivers/STM32H7xx_HAL_Driver/Src/stm32h7xx_hal_dma.c **** 
 7219              		.loc 1 1656 3 view .LVU2198
 7220 0004 90F83420 		ldrb	r2, [r0, #52]	@ zero_extendqisi2
 7221 0008 012A     		cmp	r2, #1
 7222 000a 17D0     		beq	.L806
1656:Drivers/STM32H7xx_HAL_Driver/Src/stm32h7xx_hal_dma.c **** 
 7223              		.loc 1 1656 3 discriminator 2 view .LVU2199
1658:Drivers/STM32H7xx_HAL_Driver/Src/stm32h7xx_hal_dma.c ****   {
 7224              		.loc 1 1658 33 is_stmt 0 discriminator 2 view .LVU2200
 7225 000c 90F83520 		ldrb	r2, [r0, #53]	@ zero_extendqisi2
1656:Drivers/STM32H7xx_HAL_Driver/Src/stm32h7xx_hal_dma.c **** 
 7226              		.loc 1 1656 3 discriminator 2 view .LVU2201
 7227 0010 4FF0010C 		mov	ip, #1
ARM GAS  C:\Users\l1234\AppData\Local\Temp\ccQ59T7L.s 			page 201


1658:Drivers/STM32H7xx_HAL_Driver/Src/stm32h7xx_hal_dma.c ****   {
 7228              		.loc 1 1658 5 discriminator 2 view .LVU2202
 7229 0014 6245     		cmp	r2, ip
1658:Drivers/STM32H7xx_HAL_Driver/Src/stm32h7xx_hal_dma.c ****   {
 7230              		.loc 1 1658 33 discriminator 2 view .LVU2203
 7231 0016 D0B2     		uxtb	r0, r2
 7232              	.LVL339:
1656:Drivers/STM32H7xx_HAL_Driver/Src/stm32h7xx_hal_dma.c **** 
 7233              		.loc 1 1656 3 discriminator 2 view .LVU2204
 7234 0018 83F834C0 		strb	ip, [r3, #52]
1656:Drivers/STM32H7xx_HAL_Driver/Src/stm32h7xx_hal_dma.c **** 
 7235              		.loc 1 1656 3 is_stmt 1 discriminator 2 view .LVU2205
1658:Drivers/STM32H7xx_HAL_Driver/Src/stm32h7xx_hal_dma.c ****   {
 7236              		.loc 1 1658 3 discriminator 2 view .LVU2206
1658:Drivers/STM32H7xx_HAL_Driver/Src/stm32h7xx_hal_dma.c ****   {
 7237              		.loc 1 1658 5 is_stmt 0 discriminator 2 view .LVU2207
 7238 001c 04D0     		beq	.L809
 7239 001e 6046     		mov	r0, ip
 7240              	.L795:
 7241              	.LVL340:
1706:Drivers/STM32H7xx_HAL_Driver/Src/stm32h7xx_hal_dma.c **** 
 7242              		.loc 1 1706 3 is_stmt 1 view .LVU2208
1706:Drivers/STM32H7xx_HAL_Driver/Src/stm32h7xx_hal_dma.c **** 
 7243              		.loc 1 1706 3 view .LVU2209
 7244 0020 0022     		movs	r2, #0
 7245 0022 83F83420 		strb	r2, [r3, #52]
1706:Drivers/STM32H7xx_HAL_Driver/Src/stm32h7xx_hal_dma.c **** 
 7246              		.loc 1 1706 3 view .LVU2210
1708:Drivers/STM32H7xx_HAL_Driver/Src/stm32h7xx_hal_dma.c **** }
 7247              		.loc 1 1708 3 view .LVU2211
1708:Drivers/STM32H7xx_HAL_Driver/Src/stm32h7xx_hal_dma.c **** }
 7248              		.loc 1 1708 10 is_stmt 0 view .LVU2212
 7249 0026 7047     		bx	lr
 7250              	.LVL341:
 7251              	.L809:
1660:Drivers/STM32H7xx_HAL_Driver/Src/stm32h7xx_hal_dma.c ****     {
 7252              		.loc 1 1660 5 is_stmt 1 view .LVU2213
 7253 0028 0629     		cmp	r1, #6
 7254 002a F9D8     		bhi	.L795
 7255 002c DFE801F0 		tbb	[pc, r1]
 7256              	.L797:
 7257 0030 11       		.byte	(.L803-.L797)/2
 7258 0031 14       		.byte	(.L802-.L797)/2
 7259 0032 17       		.byte	(.L801-.L797)/2
 7260 0033 1A       		.byte	(.L800-.L797)/2
 7261 0034 1D       		.byte	(.L799-.L797)/2
 7262 0035 20       		.byte	(.L798-.L797)/2
 7263 0036 08       		.byte	(.L796-.L797)/2
 7264              	.LVL342:
 7265 0037 00       		.p2align 1
 7266              	.L805:
1652:Drivers/STM32H7xx_HAL_Driver/Src/stm32h7xx_hal_dma.c ****   }
 7267              		.loc 1 1652 12 is_stmt 0 view .LVU2214
 7268 0038 0120     		movs	r0, #1
 7269              	.LVL343:
1652:Drivers/STM32H7xx_HAL_Driver/Src/stm32h7xx_hal_dma.c ****   }
 7270              		.loc 1 1652 12 view .LVU2215
ARM GAS  C:\Users\l1234\AppData\Local\Temp\ccQ59T7L.s 			page 202


 7271 003a 7047     		bx	lr
 7272              	.LVL344:
 7273              	.L806:
1656:Drivers/STM32H7xx_HAL_Driver/Src/stm32h7xx_hal_dma.c **** 
 7274              		.loc 1 1656 3 view .LVU2216
 7275 003c 0220     		movs	r0, #2
 7276              	.LVL345:
1709:Drivers/STM32H7xx_HAL_Driver/Src/stm32h7xx_hal_dma.c **** 
 7277              		.loc 1 1709 1 view .LVU2217
 7278 003e 7047     		bx	lr
 7279              	.L796:
1687:Drivers/STM32H7xx_HAL_Driver/Src/stm32h7xx_hal_dma.c ****       hdma->XferHalfCpltCallback = NULL;
 7280              		.loc 1 1687 7 is_stmt 1 view .LVU2218
1687:Drivers/STM32H7xx_HAL_Driver/Src/stm32h7xx_hal_dma.c ****       hdma->XferHalfCpltCallback = NULL;
 7281              		.loc 1 1687 30 is_stmt 0 view .LVU2219
 7282 0040 0022     		movs	r2, #0
1688:Drivers/STM32H7xx_HAL_Driver/Src/stm32h7xx_hal_dma.c ****       hdma->XferM1CpltCallback = NULL;
 7283              		.loc 1 1688 34 view .LVU2220
 7284 0042 C3E90F22 		strd	r2, r2, [r3, #60]
1689:Drivers/STM32H7xx_HAL_Driver/Src/stm32h7xx_hal_dma.c ****       hdma->XferM1HalfCpltCallback = NULL;
 7285              		.loc 1 1689 7 is_stmt 1 view .LVU2221
1690:Drivers/STM32H7xx_HAL_Driver/Src/stm32h7xx_hal_dma.c ****       hdma->XferErrorCallback = NULL;
 7286              		.loc 1 1690 36 is_stmt 0 view .LVU2222
 7287 0046 C3E91122 		strd	r2, r2, [r3, #68]
1691:Drivers/STM32H7xx_HAL_Driver/Src/stm32h7xx_hal_dma.c ****       hdma->XferAbortCallback = NULL;
 7288              		.loc 1 1691 7 is_stmt 1 view .LVU2223
1692:Drivers/STM32H7xx_HAL_Driver/Src/stm32h7xx_hal_dma.c ****       break;
 7289              		.loc 1 1692 7 view .LVU2224
1691:Drivers/STM32H7xx_HAL_Driver/Src/stm32h7xx_hal_dma.c ****       hdma->XferAbortCallback = NULL;
 7290              		.loc 1 1691 31 is_stmt 0 view .LVU2225
 7291 004a DA64     		str	r2, [r3, #76]	@ unaligned
 7292 004c 1A65     		str	r2, [r3, #80]	@ unaligned
1693:Drivers/STM32H7xx_HAL_Driver/Src/stm32h7xx_hal_dma.c **** 
 7293              		.loc 1 1693 7 is_stmt 1 view .LVU2226
 7294              	.L804:
1647:Drivers/STM32H7xx_HAL_Driver/Src/stm32h7xx_hal_dma.c **** 
 7295              		.loc 1 1647 21 is_stmt 0 view .LVU2227
 7296 004e 0020     		movs	r0, #0
 7297 0050 E6E7     		b	.L795
 7298              	.L803:
1663:Drivers/STM32H7xx_HAL_Driver/Src/stm32h7xx_hal_dma.c ****       break;
 7299              		.loc 1 1663 7 is_stmt 1 view .LVU2228
1663:Drivers/STM32H7xx_HAL_Driver/Src/stm32h7xx_hal_dma.c ****       break;
 7300              		.loc 1 1663 30 is_stmt 0 view .LVU2229
 7301 0052 0022     		movs	r2, #0
 7302 0054 DA63     		str	r2, [r3, #60]
1664:Drivers/STM32H7xx_HAL_Driver/Src/stm32h7xx_hal_dma.c **** 
 7303              		.loc 1 1664 7 is_stmt 1 view .LVU2230
 7304 0056 FAE7     		b	.L804
 7305              	.L802:
1667:Drivers/STM32H7xx_HAL_Driver/Src/stm32h7xx_hal_dma.c ****       break;
 7306              		.loc 1 1667 7 view .LVU2231
1667:Drivers/STM32H7xx_HAL_Driver/Src/stm32h7xx_hal_dma.c ****       break;
 7307              		.loc 1 1667 34 is_stmt 0 view .LVU2232
 7308 0058 0022     		movs	r2, #0
 7309 005a 1A64     		str	r2, [r3, #64]
1668:Drivers/STM32H7xx_HAL_Driver/Src/stm32h7xx_hal_dma.c **** 
ARM GAS  C:\Users\l1234\AppData\Local\Temp\ccQ59T7L.s 			page 203


 7310              		.loc 1 1668 7 is_stmt 1 view .LVU2233
 7311 005c F7E7     		b	.L804
 7312              	.L801:
1671:Drivers/STM32H7xx_HAL_Driver/Src/stm32h7xx_hal_dma.c ****       break;
 7313              		.loc 1 1671 7 view .LVU2234
1671:Drivers/STM32H7xx_HAL_Driver/Src/stm32h7xx_hal_dma.c ****       break;
 7314              		.loc 1 1671 32 is_stmt 0 view .LVU2235
 7315 005e 0022     		movs	r2, #0
 7316 0060 5A64     		str	r2, [r3, #68]
1672:Drivers/STM32H7xx_HAL_Driver/Src/stm32h7xx_hal_dma.c **** 
 7317              		.loc 1 1672 7 is_stmt 1 view .LVU2236
 7318 0062 F4E7     		b	.L804
 7319              	.L800:
1675:Drivers/STM32H7xx_HAL_Driver/Src/stm32h7xx_hal_dma.c ****       break;
 7320              		.loc 1 1675 7 view .LVU2237
1675:Drivers/STM32H7xx_HAL_Driver/Src/stm32h7xx_hal_dma.c ****       break;
 7321              		.loc 1 1675 36 is_stmt 0 view .LVU2238
 7322 0064 0022     		movs	r2, #0
 7323 0066 9A64     		str	r2, [r3, #72]
1676:Drivers/STM32H7xx_HAL_Driver/Src/stm32h7xx_hal_dma.c **** 
 7324              		.loc 1 1676 7 is_stmt 1 view .LVU2239
 7325 0068 F1E7     		b	.L804
 7326              	.L799:
1679:Drivers/STM32H7xx_HAL_Driver/Src/stm32h7xx_hal_dma.c ****       break;
 7327              		.loc 1 1679 7 view .LVU2240
1679:Drivers/STM32H7xx_HAL_Driver/Src/stm32h7xx_hal_dma.c ****       break;
 7328              		.loc 1 1679 31 is_stmt 0 view .LVU2241
 7329 006a 0022     		movs	r2, #0
 7330 006c DA64     		str	r2, [r3, #76]
1680:Drivers/STM32H7xx_HAL_Driver/Src/stm32h7xx_hal_dma.c **** 
 7331              		.loc 1 1680 7 is_stmt 1 view .LVU2242
 7332 006e EEE7     		b	.L804
 7333              	.L798:
1683:Drivers/STM32H7xx_HAL_Driver/Src/stm32h7xx_hal_dma.c ****       break;
 7334              		.loc 1 1683 7 view .LVU2243
1683:Drivers/STM32H7xx_HAL_Driver/Src/stm32h7xx_hal_dma.c ****       break;
 7335              		.loc 1 1683 31 is_stmt 0 view .LVU2244
 7336 0070 0022     		movs	r2, #0
 7337 0072 1A65     		str	r2, [r3, #80]
1684:Drivers/STM32H7xx_HAL_Driver/Src/stm32h7xx_hal_dma.c **** 
 7338              		.loc 1 1684 7 is_stmt 1 view .LVU2245
 7339 0074 EBE7     		b	.L804
 7340              		.cfi_endproc
 7341              	.LFE153:
 7343 0076 00BF     		.section	.text.HAL_DMA_GetState,"ax",%progbits
 7344              		.align	1
 7345              		.p2align 2,,3
 7346              		.global	HAL_DMA_GetState
 7347              		.syntax unified
 7348              		.thumb
 7349              		.thumb_func
 7351              	HAL_DMA_GetState:
 7352              	.LVL346:
 7353              	.LFB154:
1737:Drivers/STM32H7xx_HAL_Driver/Src/stm32h7xx_hal_dma.c ****   return hdma->State;
 7354              		.loc 1 1737 1 view -0
 7355              		.cfi_startproc
ARM GAS  C:\Users\l1234\AppData\Local\Temp\ccQ59T7L.s 			page 204


 7356              		@ args = 0, pretend = 0, frame = 0
 7357              		@ frame_needed = 0, uses_anonymous_args = 0
 7358              		@ link register save eliminated.
1738:Drivers/STM32H7xx_HAL_Driver/Src/stm32h7xx_hal_dma.c **** }
 7359              		.loc 1 1738 3 view .LVU2247
1738:Drivers/STM32H7xx_HAL_Driver/Src/stm32h7xx_hal_dma.c **** }
 7360              		.loc 1 1738 14 is_stmt 0 view .LVU2248
 7361 0000 90F83500 		ldrb	r0, [r0, #53]	@ zero_extendqisi2
 7362              	.LVL347:
1739:Drivers/STM32H7xx_HAL_Driver/Src/stm32h7xx_hal_dma.c **** 
 7363              		.loc 1 1739 1 view .LVU2249
 7364 0004 7047     		bx	lr
 7365              		.cfi_endproc
 7366              	.LFE154:
 7368 0006 00BF     		.section	.text.HAL_DMA_GetError,"ax",%progbits
 7369              		.align	1
 7370              		.p2align 2,,3
 7371              		.global	HAL_DMA_GetError
 7372              		.syntax unified
 7373              		.thumb
 7374              		.thumb_func
 7376              	HAL_DMA_GetError:
 7377              	.LVL348:
 7378              	.LFB155:
1748:Drivers/STM32H7xx_HAL_Driver/Src/stm32h7xx_hal_dma.c ****   return hdma->ErrorCode;
 7379              		.loc 1 1748 1 is_stmt 1 view -0
 7380              		.cfi_startproc
 7381              		@ args = 0, pretend = 0, frame = 0
 7382              		@ frame_needed = 0, uses_anonymous_args = 0
 7383              		@ link register save eliminated.
1749:Drivers/STM32H7xx_HAL_Driver/Src/stm32h7xx_hal_dma.c **** }
 7384              		.loc 1 1749 3 view .LVU2251
1749:Drivers/STM32H7xx_HAL_Driver/Src/stm32h7xx_hal_dma.c **** }
 7385              		.loc 1 1749 14 is_stmt 0 view .LVU2252
 7386 0000 406D     		ldr	r0, [r0, #84]
 7387              	.LVL349:
1750:Drivers/STM32H7xx_HAL_Driver/Src/stm32h7xx_hal_dma.c **** 
 7388              		.loc 1 1750 1 view .LVU2253
 7389 0002 7047     		bx	lr
 7390              		.cfi_endproc
 7391              	.LFE155:
 7393              		.section	.rodata.flagBitshiftOffset.0,"a"
 7394              		.align	2
 7397              	flagBitshiftOffset.0:
 7398 0000 00061016 		.ascii	"\000\006\020\026\000\006\020\026"
 7398      00061016 
 7399              		.text
 7400              	.Letext0:
 7401              		.file 2 "c:\\msys64\\mingw64\\arm-none-eabi\\include\\machine\\_default_types.h"
 7402              		.file 3 "c:\\msys64\\mingw64\\arm-none-eabi\\include\\sys\\_stdint.h"
 7403              		.file 4 "Drivers/CMSIS/Device/ST/STM32H7xx/Include/stm32h723xx.h"
 7404              		.file 5 "Drivers/STM32H7xx_HAL_Driver/Inc/stm32h7xx_hal_def.h"
 7405              		.file 6 "Drivers/STM32H7xx_HAL_Driver/Inc/stm32h7xx_hal_dma.h"
 7406              		.file 7 "Drivers/CMSIS/Device/ST/STM32H7xx/Include/system_stm32h7xx.h"
 7407              		.file 8 "Drivers/STM32H7xx_HAL_Driver/Inc/stm32h7xx_hal.h"
ARM GAS  C:\Users\l1234\AppData\Local\Temp\ccQ59T7L.s 			page 205


DEFINED SYMBOLS
                            *ABS*:00000000 stm32h7xx_hal_dma.c
C:\Users\l1234\AppData\Local\Temp\ccQ59T7L.s:20     .text.DMA_CalcBaseAndBitshift:00000000 $t
C:\Users\l1234\AppData\Local\Temp\ccQ59T7L.s:26     .text.DMA_CalcBaseAndBitshift:00000000 DMA_CalcBaseAndBitshift
C:\Users\l1234\AppData\Local\Temp\ccQ59T7L.s:222    .text.DMA_CalcBaseAndBitshift:000000dc $d
C:\Users\l1234\AppData\Local\Temp\ccQ59T7L.s:7397   .rodata.flagBitshiftOffset.0:00000000 flagBitshiftOffset.0
C:\Users\l1234\AppData\Local\Temp\ccQ59T7L.s:235    .text.DMA_CalcDMAMUXChannelBaseAndMask:00000000 $t
C:\Users\l1234\AppData\Local\Temp\ccQ59T7L.s:241    .text.DMA_CalcDMAMUXChannelBaseAndMask:00000000 DMA_CalcDMAMUXChannelBaseAndMask
C:\Users\l1234\AppData\Local\Temp\ccQ59T7L.s:388    .text.DMA_CalcDMAMUXChannelBaseAndMask:000000a0 $d
C:\Users\l1234\AppData\Local\Temp\ccQ59T7L.s:404    .text.HAL_DMA_Init:00000000 $t
C:\Users\l1234\AppData\Local\Temp\ccQ59T7L.s:411    .text.HAL_DMA_Init:00000000 HAL_DMA_Init
C:\Users\l1234\AppData\Local\Temp\ccQ59T7L.s:784    .text.HAL_DMA_Init:00000214 $d
C:\Users\l1234\AppData\Local\Temp\ccQ59T7L.s:799    .text.HAL_DMA_Init:00000244 $t
C:\Users\l1234\AppData\Local\Temp\ccQ59T7L.s:1212   .text.HAL_DMA_Init:00000484 $d
C:\Users\l1234\AppData\Local\Temp\ccQ59T7L.s:1216   .text.HAL_DMA_Init:00000494 $t
C:\Users\l1234\AppData\Local\Temp\ccQ59T7L.s:1266   .text.HAL_DMA_Init:000004bc $d
C:\Users\l1234\AppData\Local\Temp\ccQ59T7L.s:1282   .text.HAL_DMA_DeInit:00000000 $t
C:\Users\l1234\AppData\Local\Temp\ccQ59T7L.s:1289   .text.HAL_DMA_DeInit:00000000 HAL_DMA_DeInit
C:\Users\l1234\AppData\Local\Temp\ccQ59T7L.s:1814   .text.HAL_DMA_DeInit:00000298 $d
C:\Users\l1234\AppData\Local\Temp\ccQ59T7L.s:1835   .text.HAL_DMA_Start:00000000 $t
C:\Users\l1234\AppData\Local\Temp\ccQ59T7L.s:1842   .text.HAL_DMA_Start:00000000 HAL_DMA_Start
C:\Users\l1234\AppData\Local\Temp\ccQ59T7L.s:2461   .text.HAL_DMA_Start:00000300 $d
C:\Users\l1234\AppData\Local\Temp\ccQ59T7L.s:2479   .text.HAL_DMA_Start:00000330 $t
C:\Users\l1234\AppData\Local\Temp\ccQ59T7L.s:2787   .text.HAL_DMA_Start:00000490 $d
C:\Users\l1234\AppData\Local\Temp\ccQ59T7L.s:2796   .text.HAL_DMA_Start_IT:00000000 $t
C:\Users\l1234\AppData\Local\Temp\ccQ59T7L.s:2803   .text.HAL_DMA_Start_IT:00000000 HAL_DMA_Start_IT
C:\Users\l1234\AppData\Local\Temp\ccQ59T7L.s:3183   .text.HAL_DMA_Start_IT:00000230 $d
C:\Users\l1234\AppData\Local\Temp\ccQ59T7L.s:3195   .text.HAL_DMA_Start_IT:00000254 $t
C:\Users\l1234\AppData\Local\Temp\ccQ59T7L.s:4163   .text.HAL_DMA_Start_IT:000007b0 $d
C:\Users\l1234\AppData\Local\Temp\ccQ59T7L.s:4180   .text.HAL_DMA_Start_IT:000007dc $t
C:\Users\l1234\AppData\Local\Temp\ccQ59T7L.s:4227   .text.HAL_DMA_Start_IT:00000810 $d
C:\Users\l1234\AppData\Local\Temp\ccQ59T7L.s:4232   .text.HAL_DMA_Abort:00000000 $t
C:\Users\l1234\AppData\Local\Temp\ccQ59T7L.s:4239   .text.HAL_DMA_Abort:00000000 HAL_DMA_Abort
C:\Users\l1234\AppData\Local\Temp\ccQ59T7L.s:4777   .text.HAL_DMA_Abort:000002a4 $d
C:\Users\l1234\AppData\Local\Temp\ccQ59T7L.s:4787   .text.HAL_DMA_Abort:000002bc $t
C:\Users\l1234\AppData\Local\Temp\ccQ59T7L.s:4931   .text.HAL_DMA_Abort:0000035c $d
C:\Users\l1234\AppData\Local\Temp\ccQ59T7L.s:4937   .text.HAL_DMA_Abort_IT:00000000 $t
C:\Users\l1234\AppData\Local\Temp\ccQ59T7L.s:4944   .text.HAL_DMA_Abort_IT:00000000 HAL_DMA_Abort_IT
C:\Users\l1234\AppData\Local\Temp\ccQ59T7L.s:5201   .text.HAL_DMA_Abort_IT:00000138 $d
C:\Users\l1234\AppData\Local\Temp\ccQ59T7L.s:5211   .text.HAL_DMA_PollForTransfer:00000000 $t
C:\Users\l1234\AppData\Local\Temp\ccQ59T7L.s:5218   .text.HAL_DMA_PollForTransfer:00000000 HAL_DMA_PollForTransfer
C:\Users\l1234\AppData\Local\Temp\ccQ59T7L.s:5594   .text.HAL_DMA_PollForTransfer:000002b4 $d
C:\Users\l1234\AppData\Local\Temp\ccQ59T7L.s:5606   .text.HAL_DMA_PollForTransfer:000002e0 $t
C:\Users\l1234\AppData\Local\Temp\ccQ59T7L.s:5937   .text.HAL_DMA_PollForTransfer:00000468 $d
C:\Users\l1234\AppData\Local\Temp\ccQ59T7L.s:5945   .text.HAL_DMA_IRQHandler:00000000 $t
C:\Users\l1234\AppData\Local\Temp\ccQ59T7L.s:5952   .text.HAL_DMA_IRQHandler:00000000 HAL_DMA_IRQHandler
C:\Users\l1234\AppData\Local\Temp\ccQ59T7L.s:6162   .text.HAL_DMA_IRQHandler:00000120 $d
C:\Users\l1234\AppData\Local\Temp\ccQ59T7L.s:6174   .text.HAL_DMA_IRQHandler:00000138 $t
C:\Users\l1234\AppData\Local\Temp\ccQ59T7L.s:6529   .text.HAL_DMA_IRQHandler:00000404 $d
C:\Users\l1234\AppData\Local\Temp\ccQ59T7L.s:6536   .text.HAL_DMA_IRQHandler:0000041c $t
C:\Users\l1234\AppData\Local\Temp\ccQ59T7L.s:7072   .text.HAL_DMA_IRQHandler:000006a0 $d
C:\Users\l1234\AppData\Local\Temp\ccQ59T7L.s:7078   .text.HAL_DMA_RegisterCallback:00000000 $t
C:\Users\l1234\AppData\Local\Temp\ccQ59T7L.s:7085   .text.HAL_DMA_RegisterCallback:00000000 HAL_DMA_RegisterCallback
C:\Users\l1234\AppData\Local\Temp\ccQ59T7L.s:7136   .text.HAL_DMA_RegisterCallback:0000002c $d
C:\Users\l1234\AppData\Local\Temp\ccQ59T7L.s:7143   .text.HAL_DMA_RegisterCallback:00000032 $t
C:\Users\l1234\AppData\Local\Temp\ccQ59T7L.s:7198   .text.HAL_DMA_UnRegisterCallback:00000000 $t
C:\Users\l1234\AppData\Local\Temp\ccQ59T7L.s:7205   .text.HAL_DMA_UnRegisterCallback:00000000 HAL_DMA_UnRegisterCallback
ARM GAS  C:\Users\l1234\AppData\Local\Temp\ccQ59T7L.s 			page 206


C:\Users\l1234\AppData\Local\Temp\ccQ59T7L.s:7257   .text.HAL_DMA_UnRegisterCallback:00000030 $d
C:\Users\l1234\AppData\Local\Temp\ccQ59T7L.s:7344   .text.HAL_DMA_GetState:00000000 $t
C:\Users\l1234\AppData\Local\Temp\ccQ59T7L.s:7351   .text.HAL_DMA_GetState:00000000 HAL_DMA_GetState
C:\Users\l1234\AppData\Local\Temp\ccQ59T7L.s:7369   .text.HAL_DMA_GetError:00000000 $t
C:\Users\l1234\AppData\Local\Temp\ccQ59T7L.s:7376   .text.HAL_DMA_GetError:00000000 HAL_DMA_GetError
C:\Users\l1234\AppData\Local\Temp\ccQ59T7L.s:7394   .rodata.flagBitshiftOffset.0:00000000 $d
C:\Users\l1234\AppData\Local\Temp\ccQ59T7L.s:7265   .text.HAL_DMA_UnRegisterCallback:00000037 $d
C:\Users\l1234\AppData\Local\Temp\ccQ59T7L.s:7265   .text.HAL_DMA_UnRegisterCallback:00000038 $t

UNDEFINED SYMBOLS
HAL_GetTick
SystemCoreClock
