ARM GAS  C:\Users\l1234\AppData\Local\Temp\cc13EeWz.s 			page 1


   1              		.cpu cortex-m7
   2              		.arch armv7e-m
   3              		.fpu fpv5-d16
   4              		.eabi_attribute 28, 1
   5              		.eabi_attribute 20, 1
   6              		.eabi_attribute 21, 1
   7              		.eabi_attribute 23, 3
   8              		.eabi_attribute 24, 1
   9              		.eabi_attribute 25, 1
  10              		.eabi_attribute 26, 1
  11              		.eabi_attribute 30, 2
  12              		.eabi_attribute 34, 1
  13              		.eabi_attribute 18, 4
  14              		.file	"stm32h7xx_hal_flash.c"
  15              		.text
  16              	.Ltext0:
  17              		.cfi_sections	.debug_frame
  18              		.file 1 "Drivers/STM32H7xx_HAL_Driver/Src/stm32h7xx_hal_flash.c"
  19              		.section	.text.HAL_FLASH_Program,"ax",%progbits
  20              		.align	1
  21              		.p2align 2,,3
  22              		.global	HAL_FLASH_Program
  23              		.syntax unified
  24              		.thumb
  25              		.thumb_func
  27              	HAL_FLASH_Program:
  28              	.LVL0:
  29              	.LFB144:
   1:Drivers/STM32H7xx_HAL_Driver/Src/stm32h7xx_hal_flash.c **** /**
   2:Drivers/STM32H7xx_HAL_Driver/Src/stm32h7xx_hal_flash.c ****   ******************************************************************************
   3:Drivers/STM32H7xx_HAL_Driver/Src/stm32h7xx_hal_flash.c ****   * @file    stm32h7xx_hal_flash.c
   4:Drivers/STM32H7xx_HAL_Driver/Src/stm32h7xx_hal_flash.c ****   * @author  MCD Application Team
   5:Drivers/STM32H7xx_HAL_Driver/Src/stm32h7xx_hal_flash.c ****   * @brief   FLASH HAL module driver.
   6:Drivers/STM32H7xx_HAL_Driver/Src/stm32h7xx_hal_flash.c ****   *          This file provides firmware functions to manage the following
   7:Drivers/STM32H7xx_HAL_Driver/Src/stm32h7xx_hal_flash.c ****   *          functionalities of the internal FLASH memory:
   8:Drivers/STM32H7xx_HAL_Driver/Src/stm32h7xx_hal_flash.c ****   *           + Program operations functions
   9:Drivers/STM32H7xx_HAL_Driver/Src/stm32h7xx_hal_flash.c ****   *           + Memory Control functions
  10:Drivers/STM32H7xx_HAL_Driver/Src/stm32h7xx_hal_flash.c ****   *           + Peripheral Errors functions
  11:Drivers/STM32H7xx_HAL_Driver/Src/stm32h7xx_hal_flash.c ****   *
  12:Drivers/STM32H7xx_HAL_Driver/Src/stm32h7xx_hal_flash.c ****  @verbatim
  13:Drivers/STM32H7xx_HAL_Driver/Src/stm32h7xx_hal_flash.c ****   ==============================================================================
  14:Drivers/STM32H7xx_HAL_Driver/Src/stm32h7xx_hal_flash.c ****                         ##### FLASH peripheral features #####
  15:Drivers/STM32H7xx_HAL_Driver/Src/stm32h7xx_hal_flash.c ****   ==============================================================================
  16:Drivers/STM32H7xx_HAL_Driver/Src/stm32h7xx_hal_flash.c **** 
  17:Drivers/STM32H7xx_HAL_Driver/Src/stm32h7xx_hal_flash.c ****   [..] The Flash memory interface manages CPU AXI I-Code and D-Code accesses
  18:Drivers/STM32H7xx_HAL_Driver/Src/stm32h7xx_hal_flash.c ****        to the Flash memory. It implements the erase and program Flash memory operations
  19:Drivers/STM32H7xx_HAL_Driver/Src/stm32h7xx_hal_flash.c ****        and the read and write protection mechanisms.
  20:Drivers/STM32H7xx_HAL_Driver/Src/stm32h7xx_hal_flash.c **** 
  21:Drivers/STM32H7xx_HAL_Driver/Src/stm32h7xx_hal_flash.c ****   [..] The FLASH main features are:
  22:Drivers/STM32H7xx_HAL_Driver/Src/stm32h7xx_hal_flash.c ****       (+) Flash memory read operations
  23:Drivers/STM32H7xx_HAL_Driver/Src/stm32h7xx_hal_flash.c ****       (+) Flash memory program/erase operations
  24:Drivers/STM32H7xx_HAL_Driver/Src/stm32h7xx_hal_flash.c ****       (+) Read / write protections
  25:Drivers/STM32H7xx_HAL_Driver/Src/stm32h7xx_hal_flash.c ****       (+) Option bytes programming
  26:Drivers/STM32H7xx_HAL_Driver/Src/stm32h7xx_hal_flash.c ****       (+) Error code correction (ECC) : Data in flash are 266-bits word
  27:Drivers/STM32H7xx_HAL_Driver/Src/stm32h7xx_hal_flash.c ****           (10 bits added per flash word)
  28:Drivers/STM32H7xx_HAL_Driver/Src/stm32h7xx_hal_flash.c **** 
  29:Drivers/STM32H7xx_HAL_Driver/Src/stm32h7xx_hal_flash.c ****                         ##### How to use this driver #####
ARM GAS  C:\Users\l1234\AppData\Local\Temp\cc13EeWz.s 			page 2


  30:Drivers/STM32H7xx_HAL_Driver/Src/stm32h7xx_hal_flash.c ****  ==============================================================================
  31:Drivers/STM32H7xx_HAL_Driver/Src/stm32h7xx_hal_flash.c ****     [..]
  32:Drivers/STM32H7xx_HAL_Driver/Src/stm32h7xx_hal_flash.c ****       This driver provides functions and macros to configure and program the FLASH
  33:Drivers/STM32H7xx_HAL_Driver/Src/stm32h7xx_hal_flash.c ****       memory of all STM32H7xx devices.
  34:Drivers/STM32H7xx_HAL_Driver/Src/stm32h7xx_hal_flash.c **** 
  35:Drivers/STM32H7xx_HAL_Driver/Src/stm32h7xx_hal_flash.c ****       (#) FLASH Memory IO Programming functions:
  36:Drivers/STM32H7xx_HAL_Driver/Src/stm32h7xx_hal_flash.c ****            (++) Lock and Unlock the FLASH interface using HAL_FLASH_Unlock() and
  37:Drivers/STM32H7xx_HAL_Driver/Src/stm32h7xx_hal_flash.c ****                 HAL_FLASH_Lock() functions
  38:Drivers/STM32H7xx_HAL_Driver/Src/stm32h7xx_hal_flash.c ****            (++) Program functions: 256-bit word only
  39:Drivers/STM32H7xx_HAL_Driver/Src/stm32h7xx_hal_flash.c ****            (++) There Two modes of programming :
  40:Drivers/STM32H7xx_HAL_Driver/Src/stm32h7xx_hal_flash.c ****             (+++) Polling mode using HAL_FLASH_Program() function
  41:Drivers/STM32H7xx_HAL_Driver/Src/stm32h7xx_hal_flash.c ****             (+++) Interrupt mode using HAL_FLASH_Program_IT() function
  42:Drivers/STM32H7xx_HAL_Driver/Src/stm32h7xx_hal_flash.c **** 
  43:Drivers/STM32H7xx_HAL_Driver/Src/stm32h7xx_hal_flash.c ****       (#) Interrupts and flags management functions :
  44:Drivers/STM32H7xx_HAL_Driver/Src/stm32h7xx_hal_flash.c ****            (++) Handle FLASH interrupts by calling HAL_FLASH_IRQHandler()
  45:Drivers/STM32H7xx_HAL_Driver/Src/stm32h7xx_hal_flash.c ****            (++) Callback functions are called when the flash operations are finished :
  46:Drivers/STM32H7xx_HAL_Driver/Src/stm32h7xx_hal_flash.c ****                 HAL_FLASH_EndOfOperationCallback() when everything is ok, otherwise
  47:Drivers/STM32H7xx_HAL_Driver/Src/stm32h7xx_hal_flash.c ****                 HAL_FLASH_OperationErrorCallback()
  48:Drivers/STM32H7xx_HAL_Driver/Src/stm32h7xx_hal_flash.c ****            (++) Get error flag status by calling HAL_FLASH_GetError()
  49:Drivers/STM32H7xx_HAL_Driver/Src/stm32h7xx_hal_flash.c **** 
  50:Drivers/STM32H7xx_HAL_Driver/Src/stm32h7xx_hal_flash.c ****       (#) Option bytes management functions :
  51:Drivers/STM32H7xx_HAL_Driver/Src/stm32h7xx_hal_flash.c ****            (++) Lock and Unlock the option bytes using HAL_FLASH_OB_Unlock() and
  52:Drivers/STM32H7xx_HAL_Driver/Src/stm32h7xx_hal_flash.c ****                 HAL_FLASH_OB_Lock() functions
  53:Drivers/STM32H7xx_HAL_Driver/Src/stm32h7xx_hal_flash.c ****            (++) Launch the reload of the option bytes using HAL_FLASH_OB_Launch() function.
  54:Drivers/STM32H7xx_HAL_Driver/Src/stm32h7xx_hal_flash.c ****                 In this case, a reset is generated
  55:Drivers/STM32H7xx_HAL_Driver/Src/stm32h7xx_hal_flash.c ****     [..]
  56:Drivers/STM32H7xx_HAL_Driver/Src/stm32h7xx_hal_flash.c ****       In addition to these functions, this driver includes a set of macros allowing
  57:Drivers/STM32H7xx_HAL_Driver/Src/stm32h7xx_hal_flash.c ****       to handle the following operations:
  58:Drivers/STM32H7xx_HAL_Driver/Src/stm32h7xx_hal_flash.c ****        (+) Set the latency
  59:Drivers/STM32H7xx_HAL_Driver/Src/stm32h7xx_hal_flash.c ****        (+) Enable/Disable the FLASH interrupts
  60:Drivers/STM32H7xx_HAL_Driver/Src/stm32h7xx_hal_flash.c ****        (+) Monitor the FLASH flags status
  61:Drivers/STM32H7xx_HAL_Driver/Src/stm32h7xx_hal_flash.c ****      [..]
  62:Drivers/STM32H7xx_HAL_Driver/Src/stm32h7xx_hal_flash.c ****     (@) For any Flash memory program operation (erase or program), the CPU clock frequency
  63:Drivers/STM32H7xx_HAL_Driver/Src/stm32h7xx_hal_flash.c ****         (HCLK) must be at least 1MHz.
  64:Drivers/STM32H7xx_HAL_Driver/Src/stm32h7xx_hal_flash.c ****     (@) The contents of the Flash memory are not guaranteed if a device reset occurs during
  65:Drivers/STM32H7xx_HAL_Driver/Src/stm32h7xx_hal_flash.c ****         a Flash memory operation.
  66:Drivers/STM32H7xx_HAL_Driver/Src/stm32h7xx_hal_flash.c ****     (@) The application can simultaneously request a read and a write operation through each AXI
  67:Drivers/STM32H7xx_HAL_Driver/Src/stm32h7xx_hal_flash.c ****         interface.
  68:Drivers/STM32H7xx_HAL_Driver/Src/stm32h7xx_hal_flash.c ****         As the Flash memory is divided into two independent banks, the embedded Flash
  69:Drivers/STM32H7xx_HAL_Driver/Src/stm32h7xx_hal_flash.c ****         memory interface can drive different operations at the same time on each bank. For
  70:Drivers/STM32H7xx_HAL_Driver/Src/stm32h7xx_hal_flash.c ****         example a read, write or erase operation can be executed on bank 1 while another read,
  71:Drivers/STM32H7xx_HAL_Driver/Src/stm32h7xx_hal_flash.c ****         write or erase operation is executed on bank 2.
  72:Drivers/STM32H7xx_HAL_Driver/Src/stm32h7xx_hal_flash.c **** 
  73:Drivers/STM32H7xx_HAL_Driver/Src/stm32h7xx_hal_flash.c ****  @endverbatim
  74:Drivers/STM32H7xx_HAL_Driver/Src/stm32h7xx_hal_flash.c ****   ******************************************************************************
  75:Drivers/STM32H7xx_HAL_Driver/Src/stm32h7xx_hal_flash.c ****   * @attention
  76:Drivers/STM32H7xx_HAL_Driver/Src/stm32h7xx_hal_flash.c ****   *
  77:Drivers/STM32H7xx_HAL_Driver/Src/stm32h7xx_hal_flash.c ****   * Copyright (c) 2017 STMicroelectronics.
  78:Drivers/STM32H7xx_HAL_Driver/Src/stm32h7xx_hal_flash.c ****   * All rights reserved.
  79:Drivers/STM32H7xx_HAL_Driver/Src/stm32h7xx_hal_flash.c ****   *
  80:Drivers/STM32H7xx_HAL_Driver/Src/stm32h7xx_hal_flash.c ****   * This software is licensed under terms that can be found in the LICENSE file in
  81:Drivers/STM32H7xx_HAL_Driver/Src/stm32h7xx_hal_flash.c ****   * the root directory of this software component.
  82:Drivers/STM32H7xx_HAL_Driver/Src/stm32h7xx_hal_flash.c ****   * If no LICENSE file comes with this software, it is provided AS-IS.
  83:Drivers/STM32H7xx_HAL_Driver/Src/stm32h7xx_hal_flash.c ****   ******************************************************************************
  84:Drivers/STM32H7xx_HAL_Driver/Src/stm32h7xx_hal_flash.c ****   */
  85:Drivers/STM32H7xx_HAL_Driver/Src/stm32h7xx_hal_flash.c **** 
  86:Drivers/STM32H7xx_HAL_Driver/Src/stm32h7xx_hal_flash.c **** /* Includes ------------------------------------------------------------------*/
ARM GAS  C:\Users\l1234\AppData\Local\Temp\cc13EeWz.s 			page 3


  87:Drivers/STM32H7xx_HAL_Driver/Src/stm32h7xx_hal_flash.c **** #include "stm32h7xx_hal.h"
  88:Drivers/STM32H7xx_HAL_Driver/Src/stm32h7xx_hal_flash.c **** 
  89:Drivers/STM32H7xx_HAL_Driver/Src/stm32h7xx_hal_flash.c **** /** @addtogroup STM32H7xx_HAL_Driver
  90:Drivers/STM32H7xx_HAL_Driver/Src/stm32h7xx_hal_flash.c ****   * @{
  91:Drivers/STM32H7xx_HAL_Driver/Src/stm32h7xx_hal_flash.c ****   */
  92:Drivers/STM32H7xx_HAL_Driver/Src/stm32h7xx_hal_flash.c **** 
  93:Drivers/STM32H7xx_HAL_Driver/Src/stm32h7xx_hal_flash.c **** /** @defgroup FLASH FLASH
  94:Drivers/STM32H7xx_HAL_Driver/Src/stm32h7xx_hal_flash.c ****   * @brief FLASH HAL module driver
  95:Drivers/STM32H7xx_HAL_Driver/Src/stm32h7xx_hal_flash.c ****   * @{
  96:Drivers/STM32H7xx_HAL_Driver/Src/stm32h7xx_hal_flash.c ****   */
  97:Drivers/STM32H7xx_HAL_Driver/Src/stm32h7xx_hal_flash.c **** 
  98:Drivers/STM32H7xx_HAL_Driver/Src/stm32h7xx_hal_flash.c **** #ifdef HAL_FLASH_MODULE_ENABLED
  99:Drivers/STM32H7xx_HAL_Driver/Src/stm32h7xx_hal_flash.c **** 
 100:Drivers/STM32H7xx_HAL_Driver/Src/stm32h7xx_hal_flash.c **** /* Private typedef -----------------------------------------------------------*/
 101:Drivers/STM32H7xx_HAL_Driver/Src/stm32h7xx_hal_flash.c **** /* Private define ------------------------------------------------------------*/
 102:Drivers/STM32H7xx_HAL_Driver/Src/stm32h7xx_hal_flash.c **** /** @addtogroup FLASH_Private_Constants
 103:Drivers/STM32H7xx_HAL_Driver/Src/stm32h7xx_hal_flash.c ****   * @{
 104:Drivers/STM32H7xx_HAL_Driver/Src/stm32h7xx_hal_flash.c ****   */
 105:Drivers/STM32H7xx_HAL_Driver/Src/stm32h7xx_hal_flash.c **** #define FLASH_TIMEOUT_VALUE              50000U /* 50 s */
 106:Drivers/STM32H7xx_HAL_Driver/Src/stm32h7xx_hal_flash.c **** /**
 107:Drivers/STM32H7xx_HAL_Driver/Src/stm32h7xx_hal_flash.c ****   * @}
 108:Drivers/STM32H7xx_HAL_Driver/Src/stm32h7xx_hal_flash.c ****   */
 109:Drivers/STM32H7xx_HAL_Driver/Src/stm32h7xx_hal_flash.c **** /* Private macro -------------------------------------------------------------*/
 110:Drivers/STM32H7xx_HAL_Driver/Src/stm32h7xx_hal_flash.c **** /* Private variables ---------------------------------------------------------*/
 111:Drivers/STM32H7xx_HAL_Driver/Src/stm32h7xx_hal_flash.c **** /** @addtogroup FLASH_Private_Variables
 112:Drivers/STM32H7xx_HAL_Driver/Src/stm32h7xx_hal_flash.c ****   * @{
 113:Drivers/STM32H7xx_HAL_Driver/Src/stm32h7xx_hal_flash.c ****   */
 114:Drivers/STM32H7xx_HAL_Driver/Src/stm32h7xx_hal_flash.c **** FLASH_ProcessTypeDef pFlash;
 115:Drivers/STM32H7xx_HAL_Driver/Src/stm32h7xx_hal_flash.c **** /**
 116:Drivers/STM32H7xx_HAL_Driver/Src/stm32h7xx_hal_flash.c ****   * @}
 117:Drivers/STM32H7xx_HAL_Driver/Src/stm32h7xx_hal_flash.c ****   */
 118:Drivers/STM32H7xx_HAL_Driver/Src/stm32h7xx_hal_flash.c **** /* Private function prototypes -----------------------------------------------*/
 119:Drivers/STM32H7xx_HAL_Driver/Src/stm32h7xx_hal_flash.c **** /* Exported functions ---------------------------------------------------------*/
 120:Drivers/STM32H7xx_HAL_Driver/Src/stm32h7xx_hal_flash.c **** 
 121:Drivers/STM32H7xx_HAL_Driver/Src/stm32h7xx_hal_flash.c **** /** @defgroup FLASH_Exported_Functions FLASH Exported functions
 122:Drivers/STM32H7xx_HAL_Driver/Src/stm32h7xx_hal_flash.c ****   * @{
 123:Drivers/STM32H7xx_HAL_Driver/Src/stm32h7xx_hal_flash.c ****   */
 124:Drivers/STM32H7xx_HAL_Driver/Src/stm32h7xx_hal_flash.c **** 
 125:Drivers/STM32H7xx_HAL_Driver/Src/stm32h7xx_hal_flash.c **** /** @defgroup FLASH_Exported_Functions_Group1 Programming operation functions
 126:Drivers/STM32H7xx_HAL_Driver/Src/stm32h7xx_hal_flash.c ****   *  @brief   Programming operation functions
 127:Drivers/STM32H7xx_HAL_Driver/Src/stm32h7xx_hal_flash.c ****   *
 128:Drivers/STM32H7xx_HAL_Driver/Src/stm32h7xx_hal_flash.c **** @verbatim
 129:Drivers/STM32H7xx_HAL_Driver/Src/stm32h7xx_hal_flash.c ****  ===============================================================================
 130:Drivers/STM32H7xx_HAL_Driver/Src/stm32h7xx_hal_flash.c ****                   ##### Programming operation functions #####
 131:Drivers/STM32H7xx_HAL_Driver/Src/stm32h7xx_hal_flash.c ****  ===============================================================================
 132:Drivers/STM32H7xx_HAL_Driver/Src/stm32h7xx_hal_flash.c ****     [..]
 133:Drivers/STM32H7xx_HAL_Driver/Src/stm32h7xx_hal_flash.c ****     This subsection provides a set of functions allowing to manage the FLASH
 134:Drivers/STM32H7xx_HAL_Driver/Src/stm32h7xx_hal_flash.c ****     program operations.
 135:Drivers/STM32H7xx_HAL_Driver/Src/stm32h7xx_hal_flash.c **** 
 136:Drivers/STM32H7xx_HAL_Driver/Src/stm32h7xx_hal_flash.c **** @endverbatim
 137:Drivers/STM32H7xx_HAL_Driver/Src/stm32h7xx_hal_flash.c ****   * @{
 138:Drivers/STM32H7xx_HAL_Driver/Src/stm32h7xx_hal_flash.c ****   */
 139:Drivers/STM32H7xx_HAL_Driver/Src/stm32h7xx_hal_flash.c **** 
 140:Drivers/STM32H7xx_HAL_Driver/Src/stm32h7xx_hal_flash.c **** /**
 141:Drivers/STM32H7xx_HAL_Driver/Src/stm32h7xx_hal_flash.c ****   * @brief  Program a flash word at a specified address
 142:Drivers/STM32H7xx_HAL_Driver/Src/stm32h7xx_hal_flash.c ****   * @param  TypeProgram Indicate the way to program at a specified address.
 143:Drivers/STM32H7xx_HAL_Driver/Src/stm32h7xx_hal_flash.c ****   *         This parameter can be a value of @ref FLASH_Type_Program
ARM GAS  C:\Users\l1234\AppData\Local\Temp\cc13EeWz.s 			page 4


 144:Drivers/STM32H7xx_HAL_Driver/Src/stm32h7xx_hal_flash.c ****   * @param  FlashAddress specifies the address to be programmed.
 145:Drivers/STM32H7xx_HAL_Driver/Src/stm32h7xx_hal_flash.c ****   *         This parameter shall be aligned to the Flash word:
 146:Drivers/STM32H7xx_HAL_Driver/Src/stm32h7xx_hal_flash.c ****   *          - 256 bits for STM32H74x/5X devices (8x 32bits words)
 147:Drivers/STM32H7xx_HAL_Driver/Src/stm32h7xx_hal_flash.c ****   *          - 128 bits for STM32H7Ax/BX devices (4x 32bits words)
 148:Drivers/STM32H7xx_HAL_Driver/Src/stm32h7xx_hal_flash.c ****   *          - 256 bits for STM32H72x/3X devices (8x 32bits words)
 149:Drivers/STM32H7xx_HAL_Driver/Src/stm32h7xx_hal_flash.c ****   * @param  DataAddress specifies the address of data to be programmed.
 150:Drivers/STM32H7xx_HAL_Driver/Src/stm32h7xx_hal_flash.c ****   *         This parameter shall be 32-bit aligned
 151:Drivers/STM32H7xx_HAL_Driver/Src/stm32h7xx_hal_flash.c ****   *
 152:Drivers/STM32H7xx_HAL_Driver/Src/stm32h7xx_hal_flash.c ****   * @retval HAL_StatusTypeDef HAL Status
 153:Drivers/STM32H7xx_HAL_Driver/Src/stm32h7xx_hal_flash.c ****   */
 154:Drivers/STM32H7xx_HAL_Driver/Src/stm32h7xx_hal_flash.c **** HAL_StatusTypeDef HAL_FLASH_Program(uint32_t TypeProgram, uint32_t FlashAddress, uint32_t DataAddre
 155:Drivers/STM32H7xx_HAL_Driver/Src/stm32h7xx_hal_flash.c **** {
  30              		.loc 1 155 1 view -0
  31              		.cfi_startproc
  32              		@ args = 0, pretend = 0, frame = 0
  33              		@ frame_needed = 0, uses_anonymous_args = 0
 156:Drivers/STM32H7xx_HAL_Driver/Src/stm32h7xx_hal_flash.c ****   HAL_StatusTypeDef status;
  34              		.loc 1 156 3 view .LVU1
 157:Drivers/STM32H7xx_HAL_Driver/Src/stm32h7xx_hal_flash.c ****   __IO uint32_t *dest_addr = (__IO uint32_t *)FlashAddress;
  35              		.loc 1 157 3 view .LVU2
 155:Drivers/STM32H7xx_HAL_Driver/Src/stm32h7xx_hal_flash.c ****   HAL_StatusTypeDef status;
  36              		.loc 1 155 1 is_stmt 0 view .LVU3
  37 0000 2DE9F843 		push	{r3, r4, r5, r6, r7, r8, r9, lr}
  38              	.LCFI0:
  39              		.cfi_def_cfa_offset 32
  40              		.cfi_offset 3, -32
  41              		.cfi_offset 4, -28
  42              		.cfi_offset 5, -24
  43              		.cfi_offset 6, -20
  44              		.cfi_offset 7, -16
  45              		.cfi_offset 8, -12
  46              		.cfi_offset 9, -8
  47              		.cfi_offset 14, -4
 158:Drivers/STM32H7xx_HAL_Driver/Src/stm32h7xx_hal_flash.c ****   __IO uint32_t *src_addr = (__IO uint32_t*)DataAddress;
 159:Drivers/STM32H7xx_HAL_Driver/Src/stm32h7xx_hal_flash.c ****   uint32_t bank;
 160:Drivers/STM32H7xx_HAL_Driver/Src/stm32h7xx_hal_flash.c ****   uint8_t row_index = FLASH_NB_32BITWORD_IN_FLASHWORD;
 161:Drivers/STM32H7xx_HAL_Driver/Src/stm32h7xx_hal_flash.c **** 
 162:Drivers/STM32H7xx_HAL_Driver/Src/stm32h7xx_hal_flash.c ****   /* Check the parameters */
 163:Drivers/STM32H7xx_HAL_Driver/Src/stm32h7xx_hal_flash.c ****   assert_param(IS_FLASH_TYPEPROGRAM(TypeProgram));
 164:Drivers/STM32H7xx_HAL_Driver/Src/stm32h7xx_hal_flash.c ****   assert_param(IS_FLASH_PROGRAM_ADDRESS(FlashAddress));
 165:Drivers/STM32H7xx_HAL_Driver/Src/stm32h7xx_hal_flash.c **** 
 166:Drivers/STM32H7xx_HAL_Driver/Src/stm32h7xx_hal_flash.c ****   /* Process Locked */
 167:Drivers/STM32H7xx_HAL_Driver/Src/stm32h7xx_hal_flash.c ****   __HAL_LOCK(&pFlash);
  48              		.loc 1 167 3 view .LVU4
  49 0004 DFF82091 		ldr	r9, .L26+8
  50 0008 99F81430 		ldrb	r3, [r9, #20]	@ zero_extendqisi2
  51              	.LVL1:
 158:Drivers/STM32H7xx_HAL_Driver/Src/stm32h7xx_hal_flash.c ****   __IO uint32_t *src_addr = (__IO uint32_t*)DataAddress;
  52              		.loc 1 158 3 is_stmt 1 view .LVU5
 159:Drivers/STM32H7xx_HAL_Driver/Src/stm32h7xx_hal_flash.c ****   uint8_t row_index = FLASH_NB_32BITWORD_IN_FLASHWORD;
  53              		.loc 1 159 3 view .LVU6
 160:Drivers/STM32H7xx_HAL_Driver/Src/stm32h7xx_hal_flash.c **** 
  54              		.loc 1 160 3 view .LVU7
 163:Drivers/STM32H7xx_HAL_Driver/Src/stm32h7xx_hal_flash.c ****   assert_param(IS_FLASH_PROGRAM_ADDRESS(FlashAddress));
  55              		.loc 1 163 3 view .LVU8
 164:Drivers/STM32H7xx_HAL_Driver/Src/stm32h7xx_hal_flash.c **** 
  56              		.loc 1 164 3 view .LVU9
ARM GAS  C:\Users\l1234\AppData\Local\Temp\cc13EeWz.s 			page 5


  57              		.loc 1 167 3 view .LVU10
  58              		.loc 1 167 3 view .LVU11
  59 000c 012B     		cmp	r3, #1
  60 000e 74D0     		beq	.L14
 168:Drivers/STM32H7xx_HAL_Driver/Src/stm32h7xx_hal_flash.c **** 
 169:Drivers/STM32H7xx_HAL_Driver/Src/stm32h7xx_hal_flash.c **** #if defined (FLASH_OPTCR_PG_OTP)
 170:Drivers/STM32H7xx_HAL_Driver/Src/stm32h7xx_hal_flash.c ****   if((IS_FLASH_PROGRAM_ADDRESS_BANK1(FlashAddress)) || (IS_FLASH_PROGRAM_ADDRESS_OTP(FlashAddress))
 171:Drivers/STM32H7xx_HAL_Driver/Src/stm32h7xx_hal_flash.c **** #else
 172:Drivers/STM32H7xx_HAL_Driver/Src/stm32h7xx_hal_flash.c ****   if(IS_FLASH_PROGRAM_ADDRESS_BANK1(FlashAddress))
  61              		.loc 1 172 6 is_stmt 0 discriminator 2 view .LVU12
  62 0010 01F17843 		add	r3, r1, #-134217728
 167:Drivers/STM32H7xx_HAL_Driver/Src/stm32h7xx_hal_flash.c **** 
  63              		.loc 1 167 3 discriminator 2 view .LVU13
  64 0014 0120     		movs	r0, #1
  65              	.LVL2:
 167:Drivers/STM32H7xx_HAL_Driver/Src/stm32h7xx_hal_flash.c **** 
  66              		.loc 1 167 3 discriminator 2 view .LVU14
  67 0016 0E46     		mov	r6, r1
 167:Drivers/STM32H7xx_HAL_Driver/Src/stm32h7xx_hal_flash.c **** 
  68              		.loc 1 167 3 is_stmt 1 discriminator 2 view .LVU15
  69              		.loc 1 172 5 is_stmt 0 discriminator 2 view .LVU16
  70 0018 B3F5801F 		cmp	r3, #1048576
 167:Drivers/STM32H7xx_HAL_Driver/Src/stm32h7xx_hal_flash.c **** 
  71              		.loc 1 167 3 discriminator 2 view .LVU17
  72 001c 89F81400 		strb	r0, [r9, #20]
 167:Drivers/STM32H7xx_HAL_Driver/Src/stm32h7xx_hal_flash.c **** 
  73              		.loc 1 167 3 is_stmt 1 discriminator 2 view .LVU18
  74              		.loc 1 172 3 discriminator 2 view .LVU19
  75              		.loc 1 172 5 is_stmt 0 discriminator 2 view .LVU20
  76 0020 01D3     		bcc	.L23
 173:Drivers/STM32H7xx_HAL_Driver/Src/stm32h7xx_hal_flash.c **** #endif /* FLASH_OPTCR_PG_OTP */
 174:Drivers/STM32H7xx_HAL_Driver/Src/stm32h7xx_hal_flash.c ****   {
 175:Drivers/STM32H7xx_HAL_Driver/Src/stm32h7xx_hal_flash.c ****     bank = FLASH_BANK_1;
 176:Drivers/STM32H7xx_HAL_Driver/Src/stm32h7xx_hal_flash.c ****     /* Prevent unused argument(s) compilation warning */
 177:Drivers/STM32H7xx_HAL_Driver/Src/stm32h7xx_hal_flash.c ****     UNUSED(TypeProgram);
 178:Drivers/STM32H7xx_HAL_Driver/Src/stm32h7xx_hal_flash.c ****   }
 179:Drivers/STM32H7xx_HAL_Driver/Src/stm32h7xx_hal_flash.c **** #if defined (DUAL_BANK)
 180:Drivers/STM32H7xx_HAL_Driver/Src/stm32h7xx_hal_flash.c ****   else if(IS_FLASH_PROGRAM_ADDRESS_BANK2(FlashAddress))
 181:Drivers/STM32H7xx_HAL_Driver/Src/stm32h7xx_hal_flash.c ****   {
 182:Drivers/STM32H7xx_HAL_Driver/Src/stm32h7xx_hal_flash.c ****     bank = FLASH_BANK_2;
 183:Drivers/STM32H7xx_HAL_Driver/Src/stm32h7xx_hal_flash.c ****   }
 184:Drivers/STM32H7xx_HAL_Driver/Src/stm32h7xx_hal_flash.c **** #endif /* DUAL_BANK */
 185:Drivers/STM32H7xx_HAL_Driver/Src/stm32h7xx_hal_flash.c ****   else
 186:Drivers/STM32H7xx_HAL_Driver/Src/stm32h7xx_hal_flash.c ****   {
 187:Drivers/STM32H7xx_HAL_Driver/Src/stm32h7xx_hal_flash.c ****     return HAL_ERROR;
 188:Drivers/STM32H7xx_HAL_Driver/Src/stm32h7xx_hal_flash.c ****   }
 189:Drivers/STM32H7xx_HAL_Driver/Src/stm32h7xx_hal_flash.c **** 
 190:Drivers/STM32H7xx_HAL_Driver/Src/stm32h7xx_hal_flash.c ****   /* Reset error code */
 191:Drivers/STM32H7xx_HAL_Driver/Src/stm32h7xx_hal_flash.c ****   pFlash.ErrorCode = HAL_FLASH_ERROR_NONE;
 192:Drivers/STM32H7xx_HAL_Driver/Src/stm32h7xx_hal_flash.c **** 
 193:Drivers/STM32H7xx_HAL_Driver/Src/stm32h7xx_hal_flash.c ****   /* Wait for last operation to be completed */
 194:Drivers/STM32H7xx_HAL_Driver/Src/stm32h7xx_hal_flash.c ****   status = FLASH_WaitForLastOperation((uint32_t)FLASH_TIMEOUT_VALUE, bank);
 195:Drivers/STM32H7xx_HAL_Driver/Src/stm32h7xx_hal_flash.c **** 
 196:Drivers/STM32H7xx_HAL_Driver/Src/stm32h7xx_hal_flash.c ****   if(status == HAL_OK)
 197:Drivers/STM32H7xx_HAL_Driver/Src/stm32h7xx_hal_flash.c ****   {
 198:Drivers/STM32H7xx_HAL_Driver/Src/stm32h7xx_hal_flash.c **** #if defined (DUAL_BANK)
 199:Drivers/STM32H7xx_HAL_Driver/Src/stm32h7xx_hal_flash.c ****     if(bank == FLASH_BANK_1)
ARM GAS  C:\Users\l1234\AppData\Local\Temp\cc13EeWz.s 			page 6


 200:Drivers/STM32H7xx_HAL_Driver/Src/stm32h7xx_hal_flash.c ****     {
 201:Drivers/STM32H7xx_HAL_Driver/Src/stm32h7xx_hal_flash.c **** #if defined (FLASH_OPTCR_PG_OTP)
 202:Drivers/STM32H7xx_HAL_Driver/Src/stm32h7xx_hal_flash.c ****       if (TypeProgram == FLASH_TYPEPROGRAM_OTPWORD)
 203:Drivers/STM32H7xx_HAL_Driver/Src/stm32h7xx_hal_flash.c ****       {
 204:Drivers/STM32H7xx_HAL_Driver/Src/stm32h7xx_hal_flash.c ****         /* Set OTP_PG bit */
 205:Drivers/STM32H7xx_HAL_Driver/Src/stm32h7xx_hal_flash.c ****         SET_BIT(FLASH->OPTCR, FLASH_OPTCR_PG_OTP);
 206:Drivers/STM32H7xx_HAL_Driver/Src/stm32h7xx_hal_flash.c ****       }
 207:Drivers/STM32H7xx_HAL_Driver/Src/stm32h7xx_hal_flash.c ****       else
 208:Drivers/STM32H7xx_HAL_Driver/Src/stm32h7xx_hal_flash.c **** #endif /* FLASH_OPTCR_PG_OTP */
 209:Drivers/STM32H7xx_HAL_Driver/Src/stm32h7xx_hal_flash.c ****       {
 210:Drivers/STM32H7xx_HAL_Driver/Src/stm32h7xx_hal_flash.c ****         /* Set PG bit */
 211:Drivers/STM32H7xx_HAL_Driver/Src/stm32h7xx_hal_flash.c ****         SET_BIT(FLASH->CR1, FLASH_CR_PG);
 212:Drivers/STM32H7xx_HAL_Driver/Src/stm32h7xx_hal_flash.c ****       }
 213:Drivers/STM32H7xx_HAL_Driver/Src/stm32h7xx_hal_flash.c ****     }
 214:Drivers/STM32H7xx_HAL_Driver/Src/stm32h7xx_hal_flash.c ****     else
 215:Drivers/STM32H7xx_HAL_Driver/Src/stm32h7xx_hal_flash.c ****     {
 216:Drivers/STM32H7xx_HAL_Driver/Src/stm32h7xx_hal_flash.c ****       /* Set PG bit */
 217:Drivers/STM32H7xx_HAL_Driver/Src/stm32h7xx_hal_flash.c ****       SET_BIT(FLASH->CR2, FLASH_CR_PG);
 218:Drivers/STM32H7xx_HAL_Driver/Src/stm32h7xx_hal_flash.c ****     }
 219:Drivers/STM32H7xx_HAL_Driver/Src/stm32h7xx_hal_flash.c **** #else /* Single Bank */
 220:Drivers/STM32H7xx_HAL_Driver/Src/stm32h7xx_hal_flash.c **** #if defined (FLASH_OPTCR_PG_OTP)
 221:Drivers/STM32H7xx_HAL_Driver/Src/stm32h7xx_hal_flash.c ****       if (TypeProgram == FLASH_TYPEPROGRAM_OTPWORD)
 222:Drivers/STM32H7xx_HAL_Driver/Src/stm32h7xx_hal_flash.c ****       {
 223:Drivers/STM32H7xx_HAL_Driver/Src/stm32h7xx_hal_flash.c ****         /* Set OTP_PG bit */
 224:Drivers/STM32H7xx_HAL_Driver/Src/stm32h7xx_hal_flash.c ****         SET_BIT(FLASH->OPTCR, FLASH_OPTCR_PG_OTP);
 225:Drivers/STM32H7xx_HAL_Driver/Src/stm32h7xx_hal_flash.c ****       }
 226:Drivers/STM32H7xx_HAL_Driver/Src/stm32h7xx_hal_flash.c ****       else
 227:Drivers/STM32H7xx_HAL_Driver/Src/stm32h7xx_hal_flash.c **** #endif /* FLASH_OPTCR_PG_OTP */
 228:Drivers/STM32H7xx_HAL_Driver/Src/stm32h7xx_hal_flash.c ****       {
 229:Drivers/STM32H7xx_HAL_Driver/Src/stm32h7xx_hal_flash.c ****         /* Set PG bit */
 230:Drivers/STM32H7xx_HAL_Driver/Src/stm32h7xx_hal_flash.c ****         SET_BIT(FLASH->CR1, FLASH_CR_PG);
 231:Drivers/STM32H7xx_HAL_Driver/Src/stm32h7xx_hal_flash.c ****       }
 232:Drivers/STM32H7xx_HAL_Driver/Src/stm32h7xx_hal_flash.c **** #endif /* DUAL_BANK */
 233:Drivers/STM32H7xx_HAL_Driver/Src/stm32h7xx_hal_flash.c **** 
 234:Drivers/STM32H7xx_HAL_Driver/Src/stm32h7xx_hal_flash.c ****     __ISB();
 235:Drivers/STM32H7xx_HAL_Driver/Src/stm32h7xx_hal_flash.c ****     __DSB();
 236:Drivers/STM32H7xx_HAL_Driver/Src/stm32h7xx_hal_flash.c **** 
 237:Drivers/STM32H7xx_HAL_Driver/Src/stm32h7xx_hal_flash.c **** #if defined (FLASH_OPTCR_PG_OTP)
 238:Drivers/STM32H7xx_HAL_Driver/Src/stm32h7xx_hal_flash.c ****     if (TypeProgram == FLASH_TYPEPROGRAM_OTPWORD)
 239:Drivers/STM32H7xx_HAL_Driver/Src/stm32h7xx_hal_flash.c ****     {
 240:Drivers/STM32H7xx_HAL_Driver/Src/stm32h7xx_hal_flash.c ****       /* Program an OTP word (16 bits) */
 241:Drivers/STM32H7xx_HAL_Driver/Src/stm32h7xx_hal_flash.c ****       *(__IO uint16_t *)FlashAddress = *(__IO uint16_t*)DataAddress;
 242:Drivers/STM32H7xx_HAL_Driver/Src/stm32h7xx_hal_flash.c ****     }
 243:Drivers/STM32H7xx_HAL_Driver/Src/stm32h7xx_hal_flash.c ****     else
 244:Drivers/STM32H7xx_HAL_Driver/Src/stm32h7xx_hal_flash.c **** #endif /* FLASH_OPTCR_PG_OTP */
 245:Drivers/STM32H7xx_HAL_Driver/Src/stm32h7xx_hal_flash.c ****     {
 246:Drivers/STM32H7xx_HAL_Driver/Src/stm32h7xx_hal_flash.c ****       /* Program the flash word */
 247:Drivers/STM32H7xx_HAL_Driver/Src/stm32h7xx_hal_flash.c ****       do
 248:Drivers/STM32H7xx_HAL_Driver/Src/stm32h7xx_hal_flash.c ****       {
 249:Drivers/STM32H7xx_HAL_Driver/Src/stm32h7xx_hal_flash.c ****         *dest_addr = *src_addr;
 250:Drivers/STM32H7xx_HAL_Driver/Src/stm32h7xx_hal_flash.c ****         dest_addr++;
 251:Drivers/STM32H7xx_HAL_Driver/Src/stm32h7xx_hal_flash.c ****         src_addr++;
 252:Drivers/STM32H7xx_HAL_Driver/Src/stm32h7xx_hal_flash.c ****         row_index--;
 253:Drivers/STM32H7xx_HAL_Driver/Src/stm32h7xx_hal_flash.c ****      } while (row_index != 0U);
 254:Drivers/STM32H7xx_HAL_Driver/Src/stm32h7xx_hal_flash.c ****     }
 255:Drivers/STM32H7xx_HAL_Driver/Src/stm32h7xx_hal_flash.c **** 
 256:Drivers/STM32H7xx_HAL_Driver/Src/stm32h7xx_hal_flash.c ****     __ISB();
ARM GAS  C:\Users\l1234\AppData\Local\Temp\cc13EeWz.s 			page 7


 257:Drivers/STM32H7xx_HAL_Driver/Src/stm32h7xx_hal_flash.c ****     __DSB();
 258:Drivers/STM32H7xx_HAL_Driver/Src/stm32h7xx_hal_flash.c **** 
 259:Drivers/STM32H7xx_HAL_Driver/Src/stm32h7xx_hal_flash.c ****     /* Wait for last operation to be completed */
 260:Drivers/STM32H7xx_HAL_Driver/Src/stm32h7xx_hal_flash.c ****     status = FLASH_WaitForLastOperation((uint32_t)FLASH_TIMEOUT_VALUE, bank);
 261:Drivers/STM32H7xx_HAL_Driver/Src/stm32h7xx_hal_flash.c **** 
 262:Drivers/STM32H7xx_HAL_Driver/Src/stm32h7xx_hal_flash.c **** #if defined (DUAL_BANK)
 263:Drivers/STM32H7xx_HAL_Driver/Src/stm32h7xx_hal_flash.c **** #if defined (FLASH_OPTCR_PG_OTP)
 264:Drivers/STM32H7xx_HAL_Driver/Src/stm32h7xx_hal_flash.c ****     if (TypeProgram == FLASH_TYPEPROGRAM_OTPWORD)
 265:Drivers/STM32H7xx_HAL_Driver/Src/stm32h7xx_hal_flash.c ****     {
 266:Drivers/STM32H7xx_HAL_Driver/Src/stm32h7xx_hal_flash.c ****       /* If the program operation is completed, disable the OTP_PG */
 267:Drivers/STM32H7xx_HAL_Driver/Src/stm32h7xx_hal_flash.c ****       CLEAR_BIT(FLASH->OPTCR, FLASH_OPTCR_PG_OTP);
 268:Drivers/STM32H7xx_HAL_Driver/Src/stm32h7xx_hal_flash.c ****     }
 269:Drivers/STM32H7xx_HAL_Driver/Src/stm32h7xx_hal_flash.c ****     else
 270:Drivers/STM32H7xx_HAL_Driver/Src/stm32h7xx_hal_flash.c **** #endif /* FLASH_OPTCR_PG_OTP */
 271:Drivers/STM32H7xx_HAL_Driver/Src/stm32h7xx_hal_flash.c ****     {
 272:Drivers/STM32H7xx_HAL_Driver/Src/stm32h7xx_hal_flash.c ****       if(bank == FLASH_BANK_1)
 273:Drivers/STM32H7xx_HAL_Driver/Src/stm32h7xx_hal_flash.c ****       {
 274:Drivers/STM32H7xx_HAL_Driver/Src/stm32h7xx_hal_flash.c ****         /* If the program operation is completed, disable the PG */
 275:Drivers/STM32H7xx_HAL_Driver/Src/stm32h7xx_hal_flash.c ****         CLEAR_BIT(FLASH->CR1, FLASH_CR_PG);
 276:Drivers/STM32H7xx_HAL_Driver/Src/stm32h7xx_hal_flash.c ****       }
 277:Drivers/STM32H7xx_HAL_Driver/Src/stm32h7xx_hal_flash.c ****       else
 278:Drivers/STM32H7xx_HAL_Driver/Src/stm32h7xx_hal_flash.c ****       {
 279:Drivers/STM32H7xx_HAL_Driver/Src/stm32h7xx_hal_flash.c ****         /* If the program operation is completed, disable the PG */
 280:Drivers/STM32H7xx_HAL_Driver/Src/stm32h7xx_hal_flash.c ****         CLEAR_BIT(FLASH->CR2, FLASH_CR_PG);
 281:Drivers/STM32H7xx_HAL_Driver/Src/stm32h7xx_hal_flash.c ****       }
 282:Drivers/STM32H7xx_HAL_Driver/Src/stm32h7xx_hal_flash.c ****     }
 283:Drivers/STM32H7xx_HAL_Driver/Src/stm32h7xx_hal_flash.c **** #else /* Single Bank */
 284:Drivers/STM32H7xx_HAL_Driver/Src/stm32h7xx_hal_flash.c **** #if defined (FLASH_OPTCR_PG_OTP)
 285:Drivers/STM32H7xx_HAL_Driver/Src/stm32h7xx_hal_flash.c ****     if (TypeProgram == FLASH_TYPEPROGRAM_OTPWORD)
 286:Drivers/STM32H7xx_HAL_Driver/Src/stm32h7xx_hal_flash.c ****     {
 287:Drivers/STM32H7xx_HAL_Driver/Src/stm32h7xx_hal_flash.c ****       /* If the program operation is completed, disable the OTP_PG */
 288:Drivers/STM32H7xx_HAL_Driver/Src/stm32h7xx_hal_flash.c ****       CLEAR_BIT(FLASH->OPTCR, FLASH_OPTCR_PG_OTP);
 289:Drivers/STM32H7xx_HAL_Driver/Src/stm32h7xx_hal_flash.c ****     }
 290:Drivers/STM32H7xx_HAL_Driver/Src/stm32h7xx_hal_flash.c ****     else
 291:Drivers/STM32H7xx_HAL_Driver/Src/stm32h7xx_hal_flash.c **** #endif /* FLASH_OPTCR_PG_OTP */
 292:Drivers/STM32H7xx_HAL_Driver/Src/stm32h7xx_hal_flash.c ****     {
 293:Drivers/STM32H7xx_HAL_Driver/Src/stm32h7xx_hal_flash.c ****       /* If the program operation is completed, disable the PG */
 294:Drivers/STM32H7xx_HAL_Driver/Src/stm32h7xx_hal_flash.c ****       CLEAR_BIT(FLASH->CR1, FLASH_CR_PG);
 295:Drivers/STM32H7xx_HAL_Driver/Src/stm32h7xx_hal_flash.c ****     }
 296:Drivers/STM32H7xx_HAL_Driver/Src/stm32h7xx_hal_flash.c **** #endif /* DUAL_BANK */
 297:Drivers/STM32H7xx_HAL_Driver/Src/stm32h7xx_hal_flash.c ****   }
 298:Drivers/STM32H7xx_HAL_Driver/Src/stm32h7xx_hal_flash.c **** 
 299:Drivers/STM32H7xx_HAL_Driver/Src/stm32h7xx_hal_flash.c ****   /* Process Unlocked */
 300:Drivers/STM32H7xx_HAL_Driver/Src/stm32h7xx_hal_flash.c ****   __HAL_UNLOCK(&pFlash);
 301:Drivers/STM32H7xx_HAL_Driver/Src/stm32h7xx_hal_flash.c **** 
 302:Drivers/STM32H7xx_HAL_Driver/Src/stm32h7xx_hal_flash.c ****   return status;
 303:Drivers/STM32H7xx_HAL_Driver/Src/stm32h7xx_hal_flash.c **** }
  77              		.loc 1 303 1 view .LVU21
  78 0022 BDE8F883 		pop	{r3, r4, r5, r6, r7, r8, r9, pc}
  79              	.L23:
 191:Drivers/STM32H7xx_HAL_Driver/Src/stm32h7xx_hal_flash.c **** 
  80              		.loc 1 191 20 view .LVU22
  81 0026 0023     		movs	r3, #0
  82 0028 9046     		mov	r8, r2
 175:Drivers/STM32H7xx_HAL_Driver/Src/stm32h7xx_hal_flash.c ****     /* Prevent unused argument(s) compilation warning */
  83              		.loc 1 175 5 is_stmt 1 view .LVU23
  84              	.LVL3:
ARM GAS  C:\Users\l1234\AppData\Local\Temp\cc13EeWz.s 			page 8


 177:Drivers/STM32H7xx_HAL_Driver/Src/stm32h7xx_hal_flash.c ****   }
  85              		.loc 1 177 5 view .LVU24
 191:Drivers/STM32H7xx_HAL_Driver/Src/stm32h7xx_hal_flash.c **** 
  86              		.loc 1 191 3 view .LVU25
  87              	.LBB30:
  88              	.LBB31:
 304:Drivers/STM32H7xx_HAL_Driver/Src/stm32h7xx_hal_flash.c **** 
 305:Drivers/STM32H7xx_HAL_Driver/Src/stm32h7xx_hal_flash.c **** /**
 306:Drivers/STM32H7xx_HAL_Driver/Src/stm32h7xx_hal_flash.c ****   * @brief  Program a flash word at a specified address with interrupt enabled.
 307:Drivers/STM32H7xx_HAL_Driver/Src/stm32h7xx_hal_flash.c ****   * @param  TypeProgram Indicate the way to program at a specified address.
 308:Drivers/STM32H7xx_HAL_Driver/Src/stm32h7xx_hal_flash.c ****   *                      This parameter can be a value of @ref FLASH_Type_Program
 309:Drivers/STM32H7xx_HAL_Driver/Src/stm32h7xx_hal_flash.c ****   * @param  FlashAddress specifies the address to be programmed.
 310:Drivers/STM32H7xx_HAL_Driver/Src/stm32h7xx_hal_flash.c ****   *         This parameter shall be aligned to the Flash word:
 311:Drivers/STM32H7xx_HAL_Driver/Src/stm32h7xx_hal_flash.c ****   *          - 256 bits for STM32H74x/5X devices (8x 32bits words)
 312:Drivers/STM32H7xx_HAL_Driver/Src/stm32h7xx_hal_flash.c ****   *          - 128 bits for STM32H7Ax/BX devices (4x 32bits words)
 313:Drivers/STM32H7xx_HAL_Driver/Src/stm32h7xx_hal_flash.c ****   *          - 256 bits for STM32H72x/3X devices (8x 32bits words)
 314:Drivers/STM32H7xx_HAL_Driver/Src/stm32h7xx_hal_flash.c ****   * @param  DataAddress specifies the address of data to be programmed.
 315:Drivers/STM32H7xx_HAL_Driver/Src/stm32h7xx_hal_flash.c ****   *         This parameter shall be 32-bit aligned
 316:Drivers/STM32H7xx_HAL_Driver/Src/stm32h7xx_hal_flash.c ****   *
 317:Drivers/STM32H7xx_HAL_Driver/Src/stm32h7xx_hal_flash.c ****   * @retval HAL Status
 318:Drivers/STM32H7xx_HAL_Driver/Src/stm32h7xx_hal_flash.c ****   */
 319:Drivers/STM32H7xx_HAL_Driver/Src/stm32h7xx_hal_flash.c **** HAL_StatusTypeDef HAL_FLASH_Program_IT(uint32_t TypeProgram, uint32_t FlashAddress, uint32_t DataAd
 320:Drivers/STM32H7xx_HAL_Driver/Src/stm32h7xx_hal_flash.c **** {
 321:Drivers/STM32H7xx_HAL_Driver/Src/stm32h7xx_hal_flash.c ****   HAL_StatusTypeDef status;
 322:Drivers/STM32H7xx_HAL_Driver/Src/stm32h7xx_hal_flash.c ****   __IO uint32_t *dest_addr = (__IO uint32_t*)FlashAddress;
 323:Drivers/STM32H7xx_HAL_Driver/Src/stm32h7xx_hal_flash.c ****   __IO uint32_t *src_addr = (__IO uint32_t*)DataAddress;
 324:Drivers/STM32H7xx_HAL_Driver/Src/stm32h7xx_hal_flash.c ****   uint32_t bank;
 325:Drivers/STM32H7xx_HAL_Driver/Src/stm32h7xx_hal_flash.c ****   uint8_t row_index = FLASH_NB_32BITWORD_IN_FLASHWORD;
 326:Drivers/STM32H7xx_HAL_Driver/Src/stm32h7xx_hal_flash.c **** 
 327:Drivers/STM32H7xx_HAL_Driver/Src/stm32h7xx_hal_flash.c ****   /* Check the parameters */
 328:Drivers/STM32H7xx_HAL_Driver/Src/stm32h7xx_hal_flash.c ****   assert_param(IS_FLASH_TYPEPROGRAM(TypeProgram));
 329:Drivers/STM32H7xx_HAL_Driver/Src/stm32h7xx_hal_flash.c ****   assert_param(IS_FLASH_PROGRAM_ADDRESS(FlashAddress));
 330:Drivers/STM32H7xx_HAL_Driver/Src/stm32h7xx_hal_flash.c **** 
 331:Drivers/STM32H7xx_HAL_Driver/Src/stm32h7xx_hal_flash.c ****   /* Process Locked */
 332:Drivers/STM32H7xx_HAL_Driver/Src/stm32h7xx_hal_flash.c ****   __HAL_LOCK(&pFlash);
 333:Drivers/STM32H7xx_HAL_Driver/Src/stm32h7xx_hal_flash.c **** 
 334:Drivers/STM32H7xx_HAL_Driver/Src/stm32h7xx_hal_flash.c ****   /* Reset error code */
 335:Drivers/STM32H7xx_HAL_Driver/Src/stm32h7xx_hal_flash.c ****   pFlash.ErrorCode = HAL_FLASH_ERROR_NONE;
 336:Drivers/STM32H7xx_HAL_Driver/Src/stm32h7xx_hal_flash.c **** 
 337:Drivers/STM32H7xx_HAL_Driver/Src/stm32h7xx_hal_flash.c **** #if defined (FLASH_OPTCR_PG_OTP)
 338:Drivers/STM32H7xx_HAL_Driver/Src/stm32h7xx_hal_flash.c ****   if((IS_FLASH_PROGRAM_ADDRESS_BANK1(FlashAddress)) || (IS_FLASH_PROGRAM_ADDRESS_OTP(FlashAddress))
 339:Drivers/STM32H7xx_HAL_Driver/Src/stm32h7xx_hal_flash.c **** #else
 340:Drivers/STM32H7xx_HAL_Driver/Src/stm32h7xx_hal_flash.c ****   if(IS_FLASH_PROGRAM_ADDRESS_BANK1(FlashAddress))
 341:Drivers/STM32H7xx_HAL_Driver/Src/stm32h7xx_hal_flash.c **** #endif /* FLASH_OPTCR_PG_OTP */
 342:Drivers/STM32H7xx_HAL_Driver/Src/stm32h7xx_hal_flash.c ****   {
 343:Drivers/STM32H7xx_HAL_Driver/Src/stm32h7xx_hal_flash.c ****     bank = FLASH_BANK_1;
 344:Drivers/STM32H7xx_HAL_Driver/Src/stm32h7xx_hal_flash.c ****     /* Prevent unused argument(s) compilation warning */
 345:Drivers/STM32H7xx_HAL_Driver/Src/stm32h7xx_hal_flash.c ****     UNUSED(TypeProgram);
 346:Drivers/STM32H7xx_HAL_Driver/Src/stm32h7xx_hal_flash.c ****   }
 347:Drivers/STM32H7xx_HAL_Driver/Src/stm32h7xx_hal_flash.c **** #if defined (DUAL_BANK)
 348:Drivers/STM32H7xx_HAL_Driver/Src/stm32h7xx_hal_flash.c ****   else if(IS_FLASH_PROGRAM_ADDRESS_BANK2(FlashAddress))
 349:Drivers/STM32H7xx_HAL_Driver/Src/stm32h7xx_hal_flash.c ****   {
 350:Drivers/STM32H7xx_HAL_Driver/Src/stm32h7xx_hal_flash.c ****     bank = FLASH_BANK_2;
 351:Drivers/STM32H7xx_HAL_Driver/Src/stm32h7xx_hal_flash.c ****   }
 352:Drivers/STM32H7xx_HAL_Driver/Src/stm32h7xx_hal_flash.c **** #endif /* DUAL_BANK */
 353:Drivers/STM32H7xx_HAL_Driver/Src/stm32h7xx_hal_flash.c ****   else
 354:Drivers/STM32H7xx_HAL_Driver/Src/stm32h7xx_hal_flash.c ****   {
ARM GAS  C:\Users\l1234\AppData\Local\Temp\cc13EeWz.s 			page 9


 355:Drivers/STM32H7xx_HAL_Driver/Src/stm32h7xx_hal_flash.c ****     return HAL_ERROR;
 356:Drivers/STM32H7xx_HAL_Driver/Src/stm32h7xx_hal_flash.c ****   }
 357:Drivers/STM32H7xx_HAL_Driver/Src/stm32h7xx_hal_flash.c **** 
 358:Drivers/STM32H7xx_HAL_Driver/Src/stm32h7xx_hal_flash.c ****   /* Wait for last operation to be completed */
 359:Drivers/STM32H7xx_HAL_Driver/Src/stm32h7xx_hal_flash.c ****   status = FLASH_WaitForLastOperation((uint32_t)FLASH_TIMEOUT_VALUE, bank);
 360:Drivers/STM32H7xx_HAL_Driver/Src/stm32h7xx_hal_flash.c **** 
 361:Drivers/STM32H7xx_HAL_Driver/Src/stm32h7xx_hal_flash.c ****   if (status != HAL_OK)
 362:Drivers/STM32H7xx_HAL_Driver/Src/stm32h7xx_hal_flash.c ****   {
 363:Drivers/STM32H7xx_HAL_Driver/Src/stm32h7xx_hal_flash.c ****     /* Process Unlocked */
 364:Drivers/STM32H7xx_HAL_Driver/Src/stm32h7xx_hal_flash.c ****     __HAL_UNLOCK(&pFlash);
 365:Drivers/STM32H7xx_HAL_Driver/Src/stm32h7xx_hal_flash.c ****   }
 366:Drivers/STM32H7xx_HAL_Driver/Src/stm32h7xx_hal_flash.c ****   else
 367:Drivers/STM32H7xx_HAL_Driver/Src/stm32h7xx_hal_flash.c ****   {
 368:Drivers/STM32H7xx_HAL_Driver/Src/stm32h7xx_hal_flash.c ****     pFlash.Address = FlashAddress;
 369:Drivers/STM32H7xx_HAL_Driver/Src/stm32h7xx_hal_flash.c **** 
 370:Drivers/STM32H7xx_HAL_Driver/Src/stm32h7xx_hal_flash.c **** #if defined (DUAL_BANK)
 371:Drivers/STM32H7xx_HAL_Driver/Src/stm32h7xx_hal_flash.c ****     if(bank == FLASH_BANK_1)
 372:Drivers/STM32H7xx_HAL_Driver/Src/stm32h7xx_hal_flash.c ****     {
 373:Drivers/STM32H7xx_HAL_Driver/Src/stm32h7xx_hal_flash.c ****       /* Set internal variables used by the IRQ handler */
 374:Drivers/STM32H7xx_HAL_Driver/Src/stm32h7xx_hal_flash.c ****       pFlash.ProcedureOnGoing = FLASH_PROC_PROGRAM_BANK1;
 375:Drivers/STM32H7xx_HAL_Driver/Src/stm32h7xx_hal_flash.c **** 
 376:Drivers/STM32H7xx_HAL_Driver/Src/stm32h7xx_hal_flash.c **** #if defined (FLASH_OPTCR_PG_OTP)
 377:Drivers/STM32H7xx_HAL_Driver/Src/stm32h7xx_hal_flash.c ****       if (TypeProgram == FLASH_TYPEPROGRAM_OTPWORD)
 378:Drivers/STM32H7xx_HAL_Driver/Src/stm32h7xx_hal_flash.c ****       {
 379:Drivers/STM32H7xx_HAL_Driver/Src/stm32h7xx_hal_flash.c ****         /* Set OTP_PG bit */
 380:Drivers/STM32H7xx_HAL_Driver/Src/stm32h7xx_hal_flash.c ****         SET_BIT(FLASH->OPTCR, FLASH_OPTCR_PG_OTP);
 381:Drivers/STM32H7xx_HAL_Driver/Src/stm32h7xx_hal_flash.c ****       }
 382:Drivers/STM32H7xx_HAL_Driver/Src/stm32h7xx_hal_flash.c ****       else
 383:Drivers/STM32H7xx_HAL_Driver/Src/stm32h7xx_hal_flash.c **** #endif /* FLASH_OPTCR_PG_OTP */
 384:Drivers/STM32H7xx_HAL_Driver/Src/stm32h7xx_hal_flash.c ****       {
 385:Drivers/STM32H7xx_HAL_Driver/Src/stm32h7xx_hal_flash.c ****         /* Set PG bit */
 386:Drivers/STM32H7xx_HAL_Driver/Src/stm32h7xx_hal_flash.c ****         SET_BIT(FLASH->CR1, FLASH_CR_PG);
 387:Drivers/STM32H7xx_HAL_Driver/Src/stm32h7xx_hal_flash.c ****       }
 388:Drivers/STM32H7xx_HAL_Driver/Src/stm32h7xx_hal_flash.c **** 
 389:Drivers/STM32H7xx_HAL_Driver/Src/stm32h7xx_hal_flash.c ****       /* Enable End of Operation and Error interrupts for Bank 1 */
 390:Drivers/STM32H7xx_HAL_Driver/Src/stm32h7xx_hal_flash.c **** #if defined (FLASH_CR_OPERRIE)
 391:Drivers/STM32H7xx_HAL_Driver/Src/stm32h7xx_hal_flash.c ****       __HAL_FLASH_ENABLE_IT_BANK1(FLASH_IT_EOP_BANK1     | FLASH_IT_WRPERR_BANK1 | FLASH_IT_PGSERR_
 392:Drivers/STM32H7xx_HAL_Driver/Src/stm32h7xx_hal_flash.c ****                                   FLASH_IT_STRBERR_BANK1 | FLASH_IT_INCERR_BANK1 | FLASH_IT_OPERR_B
 393:Drivers/STM32H7xx_HAL_Driver/Src/stm32h7xx_hal_flash.c **** #else
 394:Drivers/STM32H7xx_HAL_Driver/Src/stm32h7xx_hal_flash.c ****       __HAL_FLASH_ENABLE_IT_BANK1(FLASH_IT_EOP_BANK1     | FLASH_IT_WRPERR_BANK1 | FLASH_IT_PGSERR_
 395:Drivers/STM32H7xx_HAL_Driver/Src/stm32h7xx_hal_flash.c ****                                   FLASH_IT_STRBERR_BANK1 | FLASH_IT_INCERR_BANK1);
 396:Drivers/STM32H7xx_HAL_Driver/Src/stm32h7xx_hal_flash.c **** #endif /* FLASH_CR_OPERRIE */
 397:Drivers/STM32H7xx_HAL_Driver/Src/stm32h7xx_hal_flash.c ****     }
 398:Drivers/STM32H7xx_HAL_Driver/Src/stm32h7xx_hal_flash.c ****     else
 399:Drivers/STM32H7xx_HAL_Driver/Src/stm32h7xx_hal_flash.c ****     {
 400:Drivers/STM32H7xx_HAL_Driver/Src/stm32h7xx_hal_flash.c ****       /* Set internal variables used by the IRQ handler */
 401:Drivers/STM32H7xx_HAL_Driver/Src/stm32h7xx_hal_flash.c ****       pFlash.ProcedureOnGoing = FLASH_PROC_PROGRAM_BANK2;
 402:Drivers/STM32H7xx_HAL_Driver/Src/stm32h7xx_hal_flash.c **** 
 403:Drivers/STM32H7xx_HAL_Driver/Src/stm32h7xx_hal_flash.c ****       /* Set PG bit */
 404:Drivers/STM32H7xx_HAL_Driver/Src/stm32h7xx_hal_flash.c ****       SET_BIT(FLASH->CR2, FLASH_CR_PG);
 405:Drivers/STM32H7xx_HAL_Driver/Src/stm32h7xx_hal_flash.c **** 
 406:Drivers/STM32H7xx_HAL_Driver/Src/stm32h7xx_hal_flash.c ****       /* Enable End of Operation and Error interrupts for Bank2 */
 407:Drivers/STM32H7xx_HAL_Driver/Src/stm32h7xx_hal_flash.c **** #if defined (FLASH_CR_OPERRIE)
 408:Drivers/STM32H7xx_HAL_Driver/Src/stm32h7xx_hal_flash.c ****       __HAL_FLASH_ENABLE_IT_BANK2(FLASH_IT_EOP_BANK2     | FLASH_IT_WRPERR_BANK2 | FLASH_IT_PGSERR_
 409:Drivers/STM32H7xx_HAL_Driver/Src/stm32h7xx_hal_flash.c ****                                   FLASH_IT_STRBERR_BANK2 | FLASH_IT_INCERR_BANK2 | FLASH_IT_OPERR_B
 410:Drivers/STM32H7xx_HAL_Driver/Src/stm32h7xx_hal_flash.c **** #else
 411:Drivers/STM32H7xx_HAL_Driver/Src/stm32h7xx_hal_flash.c ****       __HAL_FLASH_ENABLE_IT_BANK2(FLASH_IT_EOP_BANK2     | FLASH_IT_WRPERR_BANK2 | FLASH_IT_PGSERR_
ARM GAS  C:\Users\l1234\AppData\Local\Temp\cc13EeWz.s 			page 10


 412:Drivers/STM32H7xx_HAL_Driver/Src/stm32h7xx_hal_flash.c ****                                   FLASH_IT_STRBERR_BANK2 | FLASH_IT_INCERR_BANK2);
 413:Drivers/STM32H7xx_HAL_Driver/Src/stm32h7xx_hal_flash.c **** #endif /* FLASH_CR_OPERRIE */
 414:Drivers/STM32H7xx_HAL_Driver/Src/stm32h7xx_hal_flash.c ****     }
 415:Drivers/STM32H7xx_HAL_Driver/Src/stm32h7xx_hal_flash.c **** #else /* Single Bank */
 416:Drivers/STM32H7xx_HAL_Driver/Src/stm32h7xx_hal_flash.c ****     /* Set internal variables used by the IRQ handler */
 417:Drivers/STM32H7xx_HAL_Driver/Src/stm32h7xx_hal_flash.c ****     pFlash.ProcedureOnGoing = FLASH_PROC_PROGRAM_BANK1;
 418:Drivers/STM32H7xx_HAL_Driver/Src/stm32h7xx_hal_flash.c **** 
 419:Drivers/STM32H7xx_HAL_Driver/Src/stm32h7xx_hal_flash.c **** #if defined (FLASH_OPTCR_PG_OTP)
 420:Drivers/STM32H7xx_HAL_Driver/Src/stm32h7xx_hal_flash.c ****     if (TypeProgram == FLASH_TYPEPROGRAM_OTPWORD)
 421:Drivers/STM32H7xx_HAL_Driver/Src/stm32h7xx_hal_flash.c ****     {
 422:Drivers/STM32H7xx_HAL_Driver/Src/stm32h7xx_hal_flash.c ****       /* Set OTP_PG bit */
 423:Drivers/STM32H7xx_HAL_Driver/Src/stm32h7xx_hal_flash.c ****       SET_BIT(FLASH->OPTCR, FLASH_OPTCR_PG_OTP);
 424:Drivers/STM32H7xx_HAL_Driver/Src/stm32h7xx_hal_flash.c ****     }
 425:Drivers/STM32H7xx_HAL_Driver/Src/stm32h7xx_hal_flash.c ****     else
 426:Drivers/STM32H7xx_HAL_Driver/Src/stm32h7xx_hal_flash.c **** #endif /* FLASH_OPTCR_PG_OTP */
 427:Drivers/STM32H7xx_HAL_Driver/Src/stm32h7xx_hal_flash.c ****     {
 428:Drivers/STM32H7xx_HAL_Driver/Src/stm32h7xx_hal_flash.c ****       /* Set PG bit */
 429:Drivers/STM32H7xx_HAL_Driver/Src/stm32h7xx_hal_flash.c ****       SET_BIT(FLASH->CR1, FLASH_CR_PG);
 430:Drivers/STM32H7xx_HAL_Driver/Src/stm32h7xx_hal_flash.c ****     }
 431:Drivers/STM32H7xx_HAL_Driver/Src/stm32h7xx_hal_flash.c **** 
 432:Drivers/STM32H7xx_HAL_Driver/Src/stm32h7xx_hal_flash.c ****       /* Enable End of Operation and Error interrupts for Bank 1 */
 433:Drivers/STM32H7xx_HAL_Driver/Src/stm32h7xx_hal_flash.c **** #if defined (FLASH_CR_OPERRIE)
 434:Drivers/STM32H7xx_HAL_Driver/Src/stm32h7xx_hal_flash.c ****       __HAL_FLASH_ENABLE_IT_BANK1(FLASH_IT_EOP_BANK1     | FLASH_IT_WRPERR_BANK1 | FLASH_IT_PGSERR_
 435:Drivers/STM32H7xx_HAL_Driver/Src/stm32h7xx_hal_flash.c ****                                   FLASH_IT_STRBERR_BANK1 | FLASH_IT_INCERR_BANK1 | FLASH_IT_OPERR_B
 436:Drivers/STM32H7xx_HAL_Driver/Src/stm32h7xx_hal_flash.c **** #else
 437:Drivers/STM32H7xx_HAL_Driver/Src/stm32h7xx_hal_flash.c ****       __HAL_FLASH_ENABLE_IT_BANK1(FLASH_IT_EOP_BANK1     | FLASH_IT_WRPERR_BANK1 | FLASH_IT_PGSERR_
 438:Drivers/STM32H7xx_HAL_Driver/Src/stm32h7xx_hal_flash.c ****                                   FLASH_IT_STRBERR_BANK1 | FLASH_IT_INCERR_BANK1);
 439:Drivers/STM32H7xx_HAL_Driver/Src/stm32h7xx_hal_flash.c **** #endif /* FLASH_CR_OPERRIE */
 440:Drivers/STM32H7xx_HAL_Driver/Src/stm32h7xx_hal_flash.c **** #endif /* DUAL_BANK */
 441:Drivers/STM32H7xx_HAL_Driver/Src/stm32h7xx_hal_flash.c **** 
 442:Drivers/STM32H7xx_HAL_Driver/Src/stm32h7xx_hal_flash.c ****     __ISB();
 443:Drivers/STM32H7xx_HAL_Driver/Src/stm32h7xx_hal_flash.c ****     __DSB();
 444:Drivers/STM32H7xx_HAL_Driver/Src/stm32h7xx_hal_flash.c **** 
 445:Drivers/STM32H7xx_HAL_Driver/Src/stm32h7xx_hal_flash.c **** #if defined (FLASH_OPTCR_PG_OTP)
 446:Drivers/STM32H7xx_HAL_Driver/Src/stm32h7xx_hal_flash.c ****     if (TypeProgram == FLASH_TYPEPROGRAM_OTPWORD)
 447:Drivers/STM32H7xx_HAL_Driver/Src/stm32h7xx_hal_flash.c ****     {
 448:Drivers/STM32H7xx_HAL_Driver/Src/stm32h7xx_hal_flash.c ****       /* Program an OTP word (16 bits) */
 449:Drivers/STM32H7xx_HAL_Driver/Src/stm32h7xx_hal_flash.c ****       *(__IO uint16_t *)FlashAddress = *(__IO uint16_t*)DataAddress;
 450:Drivers/STM32H7xx_HAL_Driver/Src/stm32h7xx_hal_flash.c ****     }
 451:Drivers/STM32H7xx_HAL_Driver/Src/stm32h7xx_hal_flash.c ****     else
 452:Drivers/STM32H7xx_HAL_Driver/Src/stm32h7xx_hal_flash.c **** #endif /* FLASH_OPTCR_PG_OTP */
 453:Drivers/STM32H7xx_HAL_Driver/Src/stm32h7xx_hal_flash.c ****     {
 454:Drivers/STM32H7xx_HAL_Driver/Src/stm32h7xx_hal_flash.c ****       /* Program the flash word */
 455:Drivers/STM32H7xx_HAL_Driver/Src/stm32h7xx_hal_flash.c ****       do
 456:Drivers/STM32H7xx_HAL_Driver/Src/stm32h7xx_hal_flash.c ****       {
 457:Drivers/STM32H7xx_HAL_Driver/Src/stm32h7xx_hal_flash.c ****         *dest_addr = *src_addr;
 458:Drivers/STM32H7xx_HAL_Driver/Src/stm32h7xx_hal_flash.c ****         dest_addr++;
 459:Drivers/STM32H7xx_HAL_Driver/Src/stm32h7xx_hal_flash.c ****         src_addr++;
 460:Drivers/STM32H7xx_HAL_Driver/Src/stm32h7xx_hal_flash.c ****         row_index--;
 461:Drivers/STM32H7xx_HAL_Driver/Src/stm32h7xx_hal_flash.c ****       } while (row_index != 0U);
 462:Drivers/STM32H7xx_HAL_Driver/Src/stm32h7xx_hal_flash.c ****     }
 463:Drivers/STM32H7xx_HAL_Driver/Src/stm32h7xx_hal_flash.c **** 
 464:Drivers/STM32H7xx_HAL_Driver/Src/stm32h7xx_hal_flash.c ****     __ISB();
 465:Drivers/STM32H7xx_HAL_Driver/Src/stm32h7xx_hal_flash.c ****     __DSB();
 466:Drivers/STM32H7xx_HAL_Driver/Src/stm32h7xx_hal_flash.c ****   }
 467:Drivers/STM32H7xx_HAL_Driver/Src/stm32h7xx_hal_flash.c **** 
 468:Drivers/STM32H7xx_HAL_Driver/Src/stm32h7xx_hal_flash.c ****   return status;
ARM GAS  C:\Users\l1234\AppData\Local\Temp\cc13EeWz.s 			page 11


 469:Drivers/STM32H7xx_HAL_Driver/Src/stm32h7xx_hal_flash.c **** }
 470:Drivers/STM32H7xx_HAL_Driver/Src/stm32h7xx_hal_flash.c **** 
 471:Drivers/STM32H7xx_HAL_Driver/Src/stm32h7xx_hal_flash.c **** /**
 472:Drivers/STM32H7xx_HAL_Driver/Src/stm32h7xx_hal_flash.c ****   * @brief This function handles FLASH interrupt request.
 473:Drivers/STM32H7xx_HAL_Driver/Src/stm32h7xx_hal_flash.c ****   * @retval None
 474:Drivers/STM32H7xx_HAL_Driver/Src/stm32h7xx_hal_flash.c ****   */
 475:Drivers/STM32H7xx_HAL_Driver/Src/stm32h7xx_hal_flash.c **** void HAL_FLASH_IRQHandler(void)
 476:Drivers/STM32H7xx_HAL_Driver/Src/stm32h7xx_hal_flash.c **** {
 477:Drivers/STM32H7xx_HAL_Driver/Src/stm32h7xx_hal_flash.c ****   uint32_t temp;
 478:Drivers/STM32H7xx_HAL_Driver/Src/stm32h7xx_hal_flash.c ****   uint32_t errorflag;
 479:Drivers/STM32H7xx_HAL_Driver/Src/stm32h7xx_hal_flash.c ****   FLASH_ProcedureTypeDef procedure;
 480:Drivers/STM32H7xx_HAL_Driver/Src/stm32h7xx_hal_flash.c **** 
 481:Drivers/STM32H7xx_HAL_Driver/Src/stm32h7xx_hal_flash.c ****   /* Check FLASH Bank1 End of Operation flag  */
 482:Drivers/STM32H7xx_HAL_Driver/Src/stm32h7xx_hal_flash.c ****   if(__HAL_FLASH_GET_FLAG_BANK1(FLASH_SR_EOP) != RESET)
 483:Drivers/STM32H7xx_HAL_Driver/Src/stm32h7xx_hal_flash.c ****   {
 484:Drivers/STM32H7xx_HAL_Driver/Src/stm32h7xx_hal_flash.c ****     if(pFlash.ProcedureOnGoing == FLASH_PROC_SECTERASE_BANK1)
 485:Drivers/STM32H7xx_HAL_Driver/Src/stm32h7xx_hal_flash.c ****     {
 486:Drivers/STM32H7xx_HAL_Driver/Src/stm32h7xx_hal_flash.c ****       /* Nb of sector to erased can be decreased */
 487:Drivers/STM32H7xx_HAL_Driver/Src/stm32h7xx_hal_flash.c ****       pFlash.NbSectorsToErase--;
 488:Drivers/STM32H7xx_HAL_Driver/Src/stm32h7xx_hal_flash.c **** 
 489:Drivers/STM32H7xx_HAL_Driver/Src/stm32h7xx_hal_flash.c ****       /* Check if there are still sectors to erase */
 490:Drivers/STM32H7xx_HAL_Driver/Src/stm32h7xx_hal_flash.c ****       if(pFlash.NbSectorsToErase != 0U)
 491:Drivers/STM32H7xx_HAL_Driver/Src/stm32h7xx_hal_flash.c ****       {
 492:Drivers/STM32H7xx_HAL_Driver/Src/stm32h7xx_hal_flash.c ****         /* Indicate user which sector has been erased */
 493:Drivers/STM32H7xx_HAL_Driver/Src/stm32h7xx_hal_flash.c ****         HAL_FLASH_EndOfOperationCallback(pFlash.Sector);
 494:Drivers/STM32H7xx_HAL_Driver/Src/stm32h7xx_hal_flash.c **** 
 495:Drivers/STM32H7xx_HAL_Driver/Src/stm32h7xx_hal_flash.c ****         /* Clear bank 1 End of Operation pending bit */
 496:Drivers/STM32H7xx_HAL_Driver/Src/stm32h7xx_hal_flash.c ****         __HAL_FLASH_CLEAR_FLAG_BANK1(FLASH_FLAG_EOP_BANK1);
 497:Drivers/STM32H7xx_HAL_Driver/Src/stm32h7xx_hal_flash.c **** 
 498:Drivers/STM32H7xx_HAL_Driver/Src/stm32h7xx_hal_flash.c ****         /* Increment sector number */
 499:Drivers/STM32H7xx_HAL_Driver/Src/stm32h7xx_hal_flash.c ****         pFlash.Sector++;
 500:Drivers/STM32H7xx_HAL_Driver/Src/stm32h7xx_hal_flash.c ****         temp = pFlash.Sector;
 501:Drivers/STM32H7xx_HAL_Driver/Src/stm32h7xx_hal_flash.c ****         FLASH_Erase_Sector(temp, FLASH_BANK_1, pFlash.VoltageForErase);
 502:Drivers/STM32H7xx_HAL_Driver/Src/stm32h7xx_hal_flash.c ****       }
 503:Drivers/STM32H7xx_HAL_Driver/Src/stm32h7xx_hal_flash.c ****       else
 504:Drivers/STM32H7xx_HAL_Driver/Src/stm32h7xx_hal_flash.c ****       {
 505:Drivers/STM32H7xx_HAL_Driver/Src/stm32h7xx_hal_flash.c ****         /* No more sectors to Erase, user callback can be called */
 506:Drivers/STM32H7xx_HAL_Driver/Src/stm32h7xx_hal_flash.c ****         /* Reset Sector and stop Erase sectors procedure */
 507:Drivers/STM32H7xx_HAL_Driver/Src/stm32h7xx_hal_flash.c ****         pFlash.Sector = 0xFFFFFFFFU;
 508:Drivers/STM32H7xx_HAL_Driver/Src/stm32h7xx_hal_flash.c ****         pFlash.ProcedureOnGoing = FLASH_PROC_NONE;
 509:Drivers/STM32H7xx_HAL_Driver/Src/stm32h7xx_hal_flash.c **** 
 510:Drivers/STM32H7xx_HAL_Driver/Src/stm32h7xx_hal_flash.c ****         /* FLASH EOP interrupt user callback */
 511:Drivers/STM32H7xx_HAL_Driver/Src/stm32h7xx_hal_flash.c ****         HAL_FLASH_EndOfOperationCallback(pFlash.Sector);
 512:Drivers/STM32H7xx_HAL_Driver/Src/stm32h7xx_hal_flash.c **** 
 513:Drivers/STM32H7xx_HAL_Driver/Src/stm32h7xx_hal_flash.c ****         /* Clear FLASH End of Operation pending bit */
 514:Drivers/STM32H7xx_HAL_Driver/Src/stm32h7xx_hal_flash.c ****         __HAL_FLASH_CLEAR_FLAG_BANK1(FLASH_FLAG_EOP_BANK1);
 515:Drivers/STM32H7xx_HAL_Driver/Src/stm32h7xx_hal_flash.c ****       }
 516:Drivers/STM32H7xx_HAL_Driver/Src/stm32h7xx_hal_flash.c ****     }
 517:Drivers/STM32H7xx_HAL_Driver/Src/stm32h7xx_hal_flash.c ****     else
 518:Drivers/STM32H7xx_HAL_Driver/Src/stm32h7xx_hal_flash.c ****     {
 519:Drivers/STM32H7xx_HAL_Driver/Src/stm32h7xx_hal_flash.c ****       procedure = pFlash.ProcedureOnGoing;
 520:Drivers/STM32H7xx_HAL_Driver/Src/stm32h7xx_hal_flash.c **** 
 521:Drivers/STM32H7xx_HAL_Driver/Src/stm32h7xx_hal_flash.c ****       if((procedure == FLASH_PROC_MASSERASE_BANK1) || (procedure == FLASH_PROC_ALLBANK_MASSERASE))
 522:Drivers/STM32H7xx_HAL_Driver/Src/stm32h7xx_hal_flash.c ****       {
 523:Drivers/STM32H7xx_HAL_Driver/Src/stm32h7xx_hal_flash.c ****         /* MassErase ended. Return the selected bank */
 524:Drivers/STM32H7xx_HAL_Driver/Src/stm32h7xx_hal_flash.c ****         /* FLASH EOP interrupt user callback */
 525:Drivers/STM32H7xx_HAL_Driver/Src/stm32h7xx_hal_flash.c ****         HAL_FLASH_EndOfOperationCallback(FLASH_BANK_1);
ARM GAS  C:\Users\l1234\AppData\Local\Temp\cc13EeWz.s 			page 12


 526:Drivers/STM32H7xx_HAL_Driver/Src/stm32h7xx_hal_flash.c ****       }
 527:Drivers/STM32H7xx_HAL_Driver/Src/stm32h7xx_hal_flash.c ****       else if(procedure == FLASH_PROC_PROGRAM_BANK1)
 528:Drivers/STM32H7xx_HAL_Driver/Src/stm32h7xx_hal_flash.c ****       {
 529:Drivers/STM32H7xx_HAL_Driver/Src/stm32h7xx_hal_flash.c ****         /* Program ended. Return the selected address */
 530:Drivers/STM32H7xx_HAL_Driver/Src/stm32h7xx_hal_flash.c ****         /* FLASH EOP interrupt user callback */
 531:Drivers/STM32H7xx_HAL_Driver/Src/stm32h7xx_hal_flash.c ****         HAL_FLASH_EndOfOperationCallback(pFlash.Address);
 532:Drivers/STM32H7xx_HAL_Driver/Src/stm32h7xx_hal_flash.c ****       }
 533:Drivers/STM32H7xx_HAL_Driver/Src/stm32h7xx_hal_flash.c ****       else
 534:Drivers/STM32H7xx_HAL_Driver/Src/stm32h7xx_hal_flash.c ****       {
 535:Drivers/STM32H7xx_HAL_Driver/Src/stm32h7xx_hal_flash.c ****         /* Nothing to do */
 536:Drivers/STM32H7xx_HAL_Driver/Src/stm32h7xx_hal_flash.c ****       }
 537:Drivers/STM32H7xx_HAL_Driver/Src/stm32h7xx_hal_flash.c **** 
 538:Drivers/STM32H7xx_HAL_Driver/Src/stm32h7xx_hal_flash.c ****       if((procedure != FLASH_PROC_SECTERASE_BANK2) && \
 539:Drivers/STM32H7xx_HAL_Driver/Src/stm32h7xx_hal_flash.c ****          (procedure != FLASH_PROC_MASSERASE_BANK2) && \
 540:Drivers/STM32H7xx_HAL_Driver/Src/stm32h7xx_hal_flash.c ****          (procedure != FLASH_PROC_PROGRAM_BANK2))
 541:Drivers/STM32H7xx_HAL_Driver/Src/stm32h7xx_hal_flash.c ****       {
 542:Drivers/STM32H7xx_HAL_Driver/Src/stm32h7xx_hal_flash.c ****         pFlash.ProcedureOnGoing = FLASH_PROC_NONE;
 543:Drivers/STM32H7xx_HAL_Driver/Src/stm32h7xx_hal_flash.c ****         /* Clear FLASH End of Operation pending bit */
 544:Drivers/STM32H7xx_HAL_Driver/Src/stm32h7xx_hal_flash.c ****         __HAL_FLASH_CLEAR_FLAG_BANK1(FLASH_FLAG_EOP_BANK1);
 545:Drivers/STM32H7xx_HAL_Driver/Src/stm32h7xx_hal_flash.c ****       }
 546:Drivers/STM32H7xx_HAL_Driver/Src/stm32h7xx_hal_flash.c ****     }
 547:Drivers/STM32H7xx_HAL_Driver/Src/stm32h7xx_hal_flash.c ****   }
 548:Drivers/STM32H7xx_HAL_Driver/Src/stm32h7xx_hal_flash.c **** 
 549:Drivers/STM32H7xx_HAL_Driver/Src/stm32h7xx_hal_flash.c **** #if defined (DUAL_BANK)
 550:Drivers/STM32H7xx_HAL_Driver/Src/stm32h7xx_hal_flash.c ****  /* Check FLASH Bank2 End of Operation flag  */
 551:Drivers/STM32H7xx_HAL_Driver/Src/stm32h7xx_hal_flash.c ****   if(__HAL_FLASH_GET_FLAG_BANK2(FLASH_SR_EOP) != RESET)
 552:Drivers/STM32H7xx_HAL_Driver/Src/stm32h7xx_hal_flash.c ****   {
 553:Drivers/STM32H7xx_HAL_Driver/Src/stm32h7xx_hal_flash.c ****     if(pFlash.ProcedureOnGoing == FLASH_PROC_SECTERASE_BANK2)
 554:Drivers/STM32H7xx_HAL_Driver/Src/stm32h7xx_hal_flash.c ****     {
 555:Drivers/STM32H7xx_HAL_Driver/Src/stm32h7xx_hal_flash.c ****       /*Nb of sector to erased can be decreased*/
 556:Drivers/STM32H7xx_HAL_Driver/Src/stm32h7xx_hal_flash.c ****       pFlash.NbSectorsToErase--;
 557:Drivers/STM32H7xx_HAL_Driver/Src/stm32h7xx_hal_flash.c **** 
 558:Drivers/STM32H7xx_HAL_Driver/Src/stm32h7xx_hal_flash.c ****       /* Check if there are still sectors to erase*/
 559:Drivers/STM32H7xx_HAL_Driver/Src/stm32h7xx_hal_flash.c ****       if(pFlash.NbSectorsToErase != 0U)
 560:Drivers/STM32H7xx_HAL_Driver/Src/stm32h7xx_hal_flash.c ****       {
 561:Drivers/STM32H7xx_HAL_Driver/Src/stm32h7xx_hal_flash.c ****         /*Indicate user which sector has been erased*/
 562:Drivers/STM32H7xx_HAL_Driver/Src/stm32h7xx_hal_flash.c ****         HAL_FLASH_EndOfOperationCallback(pFlash.Sector);
 563:Drivers/STM32H7xx_HAL_Driver/Src/stm32h7xx_hal_flash.c **** 
 564:Drivers/STM32H7xx_HAL_Driver/Src/stm32h7xx_hal_flash.c ****         /* Clear bank 2 End of Operation pending bit */
 565:Drivers/STM32H7xx_HAL_Driver/Src/stm32h7xx_hal_flash.c ****         __HAL_FLASH_CLEAR_FLAG_BANK2(FLASH_FLAG_EOP_BANK2);
 566:Drivers/STM32H7xx_HAL_Driver/Src/stm32h7xx_hal_flash.c **** 
 567:Drivers/STM32H7xx_HAL_Driver/Src/stm32h7xx_hal_flash.c ****         /*Increment sector number*/
 568:Drivers/STM32H7xx_HAL_Driver/Src/stm32h7xx_hal_flash.c ****         pFlash.Sector++;
 569:Drivers/STM32H7xx_HAL_Driver/Src/stm32h7xx_hal_flash.c ****         temp = pFlash.Sector;
 570:Drivers/STM32H7xx_HAL_Driver/Src/stm32h7xx_hal_flash.c ****         FLASH_Erase_Sector(temp, FLASH_BANK_2, pFlash.VoltageForErase);
 571:Drivers/STM32H7xx_HAL_Driver/Src/stm32h7xx_hal_flash.c ****       }
 572:Drivers/STM32H7xx_HAL_Driver/Src/stm32h7xx_hal_flash.c ****       else
 573:Drivers/STM32H7xx_HAL_Driver/Src/stm32h7xx_hal_flash.c ****       {
 574:Drivers/STM32H7xx_HAL_Driver/Src/stm32h7xx_hal_flash.c ****         /* No more sectors to Erase, user callback can be called */
 575:Drivers/STM32H7xx_HAL_Driver/Src/stm32h7xx_hal_flash.c ****         /* Reset Sector and stop Erase sectors procedure */
 576:Drivers/STM32H7xx_HAL_Driver/Src/stm32h7xx_hal_flash.c ****         pFlash.Sector = 0xFFFFFFFFU;
 577:Drivers/STM32H7xx_HAL_Driver/Src/stm32h7xx_hal_flash.c ****         pFlash.ProcedureOnGoing = FLASH_PROC_NONE;
 578:Drivers/STM32H7xx_HAL_Driver/Src/stm32h7xx_hal_flash.c **** 
 579:Drivers/STM32H7xx_HAL_Driver/Src/stm32h7xx_hal_flash.c ****         /* FLASH EOP interrupt user callback */
 580:Drivers/STM32H7xx_HAL_Driver/Src/stm32h7xx_hal_flash.c ****         HAL_FLASH_EndOfOperationCallback(pFlash.Sector);
 581:Drivers/STM32H7xx_HAL_Driver/Src/stm32h7xx_hal_flash.c **** 
 582:Drivers/STM32H7xx_HAL_Driver/Src/stm32h7xx_hal_flash.c ****         /* Clear FLASH End of Operation pending bit */
ARM GAS  C:\Users\l1234\AppData\Local\Temp\cc13EeWz.s 			page 13


 583:Drivers/STM32H7xx_HAL_Driver/Src/stm32h7xx_hal_flash.c ****         __HAL_FLASH_CLEAR_FLAG_BANK2(FLASH_FLAG_EOP_BANK2);
 584:Drivers/STM32H7xx_HAL_Driver/Src/stm32h7xx_hal_flash.c ****       }
 585:Drivers/STM32H7xx_HAL_Driver/Src/stm32h7xx_hal_flash.c ****     }
 586:Drivers/STM32H7xx_HAL_Driver/Src/stm32h7xx_hal_flash.c ****     else
 587:Drivers/STM32H7xx_HAL_Driver/Src/stm32h7xx_hal_flash.c ****     {
 588:Drivers/STM32H7xx_HAL_Driver/Src/stm32h7xx_hal_flash.c ****       procedure = pFlash.ProcedureOnGoing;
 589:Drivers/STM32H7xx_HAL_Driver/Src/stm32h7xx_hal_flash.c **** 
 590:Drivers/STM32H7xx_HAL_Driver/Src/stm32h7xx_hal_flash.c ****       if((procedure == FLASH_PROC_MASSERASE_BANK2) || (procedure == FLASH_PROC_ALLBANK_MASSERASE))
 591:Drivers/STM32H7xx_HAL_Driver/Src/stm32h7xx_hal_flash.c ****       {
 592:Drivers/STM32H7xx_HAL_Driver/Src/stm32h7xx_hal_flash.c ****         /*MassErase ended. Return the selected bank*/
 593:Drivers/STM32H7xx_HAL_Driver/Src/stm32h7xx_hal_flash.c ****         /* FLASH EOP interrupt user callback */
 594:Drivers/STM32H7xx_HAL_Driver/Src/stm32h7xx_hal_flash.c ****         HAL_FLASH_EndOfOperationCallback(FLASH_BANK_2);
 595:Drivers/STM32H7xx_HAL_Driver/Src/stm32h7xx_hal_flash.c ****       }
 596:Drivers/STM32H7xx_HAL_Driver/Src/stm32h7xx_hal_flash.c ****       else if(procedure == FLASH_PROC_PROGRAM_BANK2)
 597:Drivers/STM32H7xx_HAL_Driver/Src/stm32h7xx_hal_flash.c ****       {
 598:Drivers/STM32H7xx_HAL_Driver/Src/stm32h7xx_hal_flash.c ****         /* Program ended. Return the selected address */
 599:Drivers/STM32H7xx_HAL_Driver/Src/stm32h7xx_hal_flash.c ****         /* FLASH EOP interrupt user callback */
 600:Drivers/STM32H7xx_HAL_Driver/Src/stm32h7xx_hal_flash.c ****         HAL_FLASH_EndOfOperationCallback(pFlash.Address);
 601:Drivers/STM32H7xx_HAL_Driver/Src/stm32h7xx_hal_flash.c ****       }
 602:Drivers/STM32H7xx_HAL_Driver/Src/stm32h7xx_hal_flash.c ****       else
 603:Drivers/STM32H7xx_HAL_Driver/Src/stm32h7xx_hal_flash.c ****       {
 604:Drivers/STM32H7xx_HAL_Driver/Src/stm32h7xx_hal_flash.c ****         /* Nothing to do */
 605:Drivers/STM32H7xx_HAL_Driver/Src/stm32h7xx_hal_flash.c ****       }
 606:Drivers/STM32H7xx_HAL_Driver/Src/stm32h7xx_hal_flash.c **** 
 607:Drivers/STM32H7xx_HAL_Driver/Src/stm32h7xx_hal_flash.c ****       if((procedure != FLASH_PROC_SECTERASE_BANK1) && \
 608:Drivers/STM32H7xx_HAL_Driver/Src/stm32h7xx_hal_flash.c ****          (procedure != FLASH_PROC_MASSERASE_BANK1) && \
 609:Drivers/STM32H7xx_HAL_Driver/Src/stm32h7xx_hal_flash.c ****          (procedure != FLASH_PROC_PROGRAM_BANK1))
 610:Drivers/STM32H7xx_HAL_Driver/Src/stm32h7xx_hal_flash.c ****       {
 611:Drivers/STM32H7xx_HAL_Driver/Src/stm32h7xx_hal_flash.c ****         pFlash.ProcedureOnGoing = FLASH_PROC_NONE;
 612:Drivers/STM32H7xx_HAL_Driver/Src/stm32h7xx_hal_flash.c ****         /* Clear FLASH End of Operation pending bit */
 613:Drivers/STM32H7xx_HAL_Driver/Src/stm32h7xx_hal_flash.c ****         __HAL_FLASH_CLEAR_FLAG_BANK2(FLASH_FLAG_EOP_BANK2);
 614:Drivers/STM32H7xx_HAL_Driver/Src/stm32h7xx_hal_flash.c ****       }
 615:Drivers/STM32H7xx_HAL_Driver/Src/stm32h7xx_hal_flash.c ****     }
 616:Drivers/STM32H7xx_HAL_Driver/Src/stm32h7xx_hal_flash.c ****   }
 617:Drivers/STM32H7xx_HAL_Driver/Src/stm32h7xx_hal_flash.c **** #endif /* DUAL_BANK */
 618:Drivers/STM32H7xx_HAL_Driver/Src/stm32h7xx_hal_flash.c **** 
 619:Drivers/STM32H7xx_HAL_Driver/Src/stm32h7xx_hal_flash.c ****   /* Check FLASH Bank1 operation error flags */
 620:Drivers/STM32H7xx_HAL_Driver/Src/stm32h7xx_hal_flash.c **** #if defined (FLASH_SR_OPERR)
 621:Drivers/STM32H7xx_HAL_Driver/Src/stm32h7xx_hal_flash.c ****   errorflag = FLASH->SR1 & (FLASH_FLAG_WRPERR_BANK1 | FLASH_FLAG_PGSERR_BANK1 | FLASH_FLAG_STRBERR_
 622:Drivers/STM32H7xx_HAL_Driver/Src/stm32h7xx_hal_flash.c ****                             FLASH_FLAG_INCERR_BANK1 | FLASH_FLAG_OPERR_BANK1);
 623:Drivers/STM32H7xx_HAL_Driver/Src/stm32h7xx_hal_flash.c **** #else
 624:Drivers/STM32H7xx_HAL_Driver/Src/stm32h7xx_hal_flash.c ****   errorflag = FLASH->SR1 & (FLASH_FLAG_WRPERR_BANK1 | FLASH_FLAG_PGSERR_BANK1 | FLASH_FLAG_STRBERR_
 625:Drivers/STM32H7xx_HAL_Driver/Src/stm32h7xx_hal_flash.c ****                             FLASH_FLAG_INCERR_BANK1);
 626:Drivers/STM32H7xx_HAL_Driver/Src/stm32h7xx_hal_flash.c **** #endif /* FLASH_SR_OPERR */
 627:Drivers/STM32H7xx_HAL_Driver/Src/stm32h7xx_hal_flash.c **** 
 628:Drivers/STM32H7xx_HAL_Driver/Src/stm32h7xx_hal_flash.c ****   if(errorflag != 0U)
 629:Drivers/STM32H7xx_HAL_Driver/Src/stm32h7xx_hal_flash.c ****   {
 630:Drivers/STM32H7xx_HAL_Driver/Src/stm32h7xx_hal_flash.c ****     /* Save the error code */
 631:Drivers/STM32H7xx_HAL_Driver/Src/stm32h7xx_hal_flash.c ****     pFlash.ErrorCode |= errorflag;
 632:Drivers/STM32H7xx_HAL_Driver/Src/stm32h7xx_hal_flash.c **** 
 633:Drivers/STM32H7xx_HAL_Driver/Src/stm32h7xx_hal_flash.c ****     /* Clear error programming flags */
 634:Drivers/STM32H7xx_HAL_Driver/Src/stm32h7xx_hal_flash.c ****     __HAL_FLASH_CLEAR_FLAG_BANK1(errorflag);
 635:Drivers/STM32H7xx_HAL_Driver/Src/stm32h7xx_hal_flash.c **** 
 636:Drivers/STM32H7xx_HAL_Driver/Src/stm32h7xx_hal_flash.c ****     procedure = pFlash.ProcedureOnGoing;
 637:Drivers/STM32H7xx_HAL_Driver/Src/stm32h7xx_hal_flash.c **** 
 638:Drivers/STM32H7xx_HAL_Driver/Src/stm32h7xx_hal_flash.c ****     if(procedure == FLASH_PROC_SECTERASE_BANK1)
 639:Drivers/STM32H7xx_HAL_Driver/Src/stm32h7xx_hal_flash.c ****     {
ARM GAS  C:\Users\l1234\AppData\Local\Temp\cc13EeWz.s 			page 14


 640:Drivers/STM32H7xx_HAL_Driver/Src/stm32h7xx_hal_flash.c ****       /* Return the faulty sector */
 641:Drivers/STM32H7xx_HAL_Driver/Src/stm32h7xx_hal_flash.c ****       temp = pFlash.Sector;
 642:Drivers/STM32H7xx_HAL_Driver/Src/stm32h7xx_hal_flash.c ****       pFlash.Sector = 0xFFFFFFFFU;
 643:Drivers/STM32H7xx_HAL_Driver/Src/stm32h7xx_hal_flash.c ****     }
 644:Drivers/STM32H7xx_HAL_Driver/Src/stm32h7xx_hal_flash.c ****     else if((procedure == FLASH_PROC_MASSERASE_BANK1) || (procedure == FLASH_PROC_ALLBANK_MASSERASE
 645:Drivers/STM32H7xx_HAL_Driver/Src/stm32h7xx_hal_flash.c ****     {
 646:Drivers/STM32H7xx_HAL_Driver/Src/stm32h7xx_hal_flash.c ****       /* Return the faulty bank */
 647:Drivers/STM32H7xx_HAL_Driver/Src/stm32h7xx_hal_flash.c ****       temp = FLASH_BANK_1;
 648:Drivers/STM32H7xx_HAL_Driver/Src/stm32h7xx_hal_flash.c ****     }
 649:Drivers/STM32H7xx_HAL_Driver/Src/stm32h7xx_hal_flash.c ****     else
 650:Drivers/STM32H7xx_HAL_Driver/Src/stm32h7xx_hal_flash.c ****     {
 651:Drivers/STM32H7xx_HAL_Driver/Src/stm32h7xx_hal_flash.c ****       /* Return the faulty address */
 652:Drivers/STM32H7xx_HAL_Driver/Src/stm32h7xx_hal_flash.c ****       temp = pFlash.Address;
 653:Drivers/STM32H7xx_HAL_Driver/Src/stm32h7xx_hal_flash.c ****     }
 654:Drivers/STM32H7xx_HAL_Driver/Src/stm32h7xx_hal_flash.c **** 
 655:Drivers/STM32H7xx_HAL_Driver/Src/stm32h7xx_hal_flash.c ****     /* Stop the procedure ongoing*/
 656:Drivers/STM32H7xx_HAL_Driver/Src/stm32h7xx_hal_flash.c ****     pFlash.ProcedureOnGoing = FLASH_PROC_NONE;
 657:Drivers/STM32H7xx_HAL_Driver/Src/stm32h7xx_hal_flash.c **** 
 658:Drivers/STM32H7xx_HAL_Driver/Src/stm32h7xx_hal_flash.c ****     /* FLASH error interrupt user callback */
 659:Drivers/STM32H7xx_HAL_Driver/Src/stm32h7xx_hal_flash.c ****     HAL_FLASH_OperationErrorCallback(temp);
 660:Drivers/STM32H7xx_HAL_Driver/Src/stm32h7xx_hal_flash.c ****   }
 661:Drivers/STM32H7xx_HAL_Driver/Src/stm32h7xx_hal_flash.c **** 
 662:Drivers/STM32H7xx_HAL_Driver/Src/stm32h7xx_hal_flash.c **** #if (USE_FLASH_ECC == 1U)
 663:Drivers/STM32H7xx_HAL_Driver/Src/stm32h7xx_hal_flash.c ****   /* Check FLASH Bank1 ECC single correction error flag */
 664:Drivers/STM32H7xx_HAL_Driver/Src/stm32h7xx_hal_flash.c ****   errorflag = FLASH->SR1 & FLASH_FLAG_SNECCERR_BANK1;
 665:Drivers/STM32H7xx_HAL_Driver/Src/stm32h7xx_hal_flash.c **** 
 666:Drivers/STM32H7xx_HAL_Driver/Src/stm32h7xx_hal_flash.c ****   if(errorflag != 0U)
 667:Drivers/STM32H7xx_HAL_Driver/Src/stm32h7xx_hal_flash.c ****   {
 668:Drivers/STM32H7xx_HAL_Driver/Src/stm32h7xx_hal_flash.c ****     /* Save the error code */
 669:Drivers/STM32H7xx_HAL_Driver/Src/stm32h7xx_hal_flash.c ****     pFlash.ErrorCode |= errorflag;
 670:Drivers/STM32H7xx_HAL_Driver/Src/stm32h7xx_hal_flash.c **** 
 671:Drivers/STM32H7xx_HAL_Driver/Src/stm32h7xx_hal_flash.c ****     /* Call User callback */
 672:Drivers/STM32H7xx_HAL_Driver/Src/stm32h7xx_hal_flash.c ****     HAL_FLASHEx_EccCorrectionCallback();
 673:Drivers/STM32H7xx_HAL_Driver/Src/stm32h7xx_hal_flash.c **** 
 674:Drivers/STM32H7xx_HAL_Driver/Src/stm32h7xx_hal_flash.c ****     /* Clear FLASH Bank1 ECC single correction error flag in order to allow new ECC error record */
 675:Drivers/STM32H7xx_HAL_Driver/Src/stm32h7xx_hal_flash.c ****     __HAL_FLASH_CLEAR_FLAG_BANK1(errorflag);
 676:Drivers/STM32H7xx_HAL_Driver/Src/stm32h7xx_hal_flash.c ****   }
 677:Drivers/STM32H7xx_HAL_Driver/Src/stm32h7xx_hal_flash.c **** 
 678:Drivers/STM32H7xx_HAL_Driver/Src/stm32h7xx_hal_flash.c ****   /* Check FLASH Bank1 ECC double detection error flag */
 679:Drivers/STM32H7xx_HAL_Driver/Src/stm32h7xx_hal_flash.c ****   errorflag = FLASH->SR1 & FLASH_FLAG_DBECCERR_BANK1;
 680:Drivers/STM32H7xx_HAL_Driver/Src/stm32h7xx_hal_flash.c **** 
 681:Drivers/STM32H7xx_HAL_Driver/Src/stm32h7xx_hal_flash.c ****   if(errorflag != 0U)
 682:Drivers/STM32H7xx_HAL_Driver/Src/stm32h7xx_hal_flash.c ****   {
 683:Drivers/STM32H7xx_HAL_Driver/Src/stm32h7xx_hal_flash.c ****     /* Save the error code */
 684:Drivers/STM32H7xx_HAL_Driver/Src/stm32h7xx_hal_flash.c ****     pFlash.ErrorCode |= errorflag;
 685:Drivers/STM32H7xx_HAL_Driver/Src/stm32h7xx_hal_flash.c **** 
 686:Drivers/STM32H7xx_HAL_Driver/Src/stm32h7xx_hal_flash.c ****     /* Call User callback */
 687:Drivers/STM32H7xx_HAL_Driver/Src/stm32h7xx_hal_flash.c ****     HAL_FLASHEx_EccDetectionCallback();
 688:Drivers/STM32H7xx_HAL_Driver/Src/stm32h7xx_hal_flash.c **** 
 689:Drivers/STM32H7xx_HAL_Driver/Src/stm32h7xx_hal_flash.c ****     /* Clear FLASH Bank1 ECC double detection error flag in order to allow new ECC error record */
 690:Drivers/STM32H7xx_HAL_Driver/Src/stm32h7xx_hal_flash.c ****     __HAL_FLASH_CLEAR_FLAG_BANK1(errorflag);
 691:Drivers/STM32H7xx_HAL_Driver/Src/stm32h7xx_hal_flash.c ****   }
 692:Drivers/STM32H7xx_HAL_Driver/Src/stm32h7xx_hal_flash.c **** #endif /* USE_FLASH_ECC */
 693:Drivers/STM32H7xx_HAL_Driver/Src/stm32h7xx_hal_flash.c **** 
 694:Drivers/STM32H7xx_HAL_Driver/Src/stm32h7xx_hal_flash.c **** #if defined (DUAL_BANK)
 695:Drivers/STM32H7xx_HAL_Driver/Src/stm32h7xx_hal_flash.c ****   /* Check FLASH Bank2 operation error flags */
 696:Drivers/STM32H7xx_HAL_Driver/Src/stm32h7xx_hal_flash.c **** #if defined (FLASH_SR_OPERR)
ARM GAS  C:\Users\l1234\AppData\Local\Temp\cc13EeWz.s 			page 15


 697:Drivers/STM32H7xx_HAL_Driver/Src/stm32h7xx_hal_flash.c ****   errorflag = FLASH->SR2 & ((FLASH_FLAG_WRPERR_BANK2 | FLASH_FLAG_PGSERR_BANK2 | FLASH_FLAG_STRBERR
 698:Drivers/STM32H7xx_HAL_Driver/Src/stm32h7xx_hal_flash.c ****                              FLASH_FLAG_INCERR_BANK2 | FLASH_FLAG_OPERR_BANK2) & 0x7FFFFFFFU);
 699:Drivers/STM32H7xx_HAL_Driver/Src/stm32h7xx_hal_flash.c **** #else
 700:Drivers/STM32H7xx_HAL_Driver/Src/stm32h7xx_hal_flash.c ****   errorflag = FLASH->SR2 & ((FLASH_FLAG_WRPERR_BANK2 | FLASH_FLAG_PGSERR_BANK2 | FLASH_FLAG_STRBERR
 701:Drivers/STM32H7xx_HAL_Driver/Src/stm32h7xx_hal_flash.c ****                              FLASH_FLAG_INCERR_BANK2) & 0x7FFFFFFFU);
 702:Drivers/STM32H7xx_HAL_Driver/Src/stm32h7xx_hal_flash.c **** #endif /* FLASH_SR_OPERR */
 703:Drivers/STM32H7xx_HAL_Driver/Src/stm32h7xx_hal_flash.c **** 
 704:Drivers/STM32H7xx_HAL_Driver/Src/stm32h7xx_hal_flash.c ****   if(errorflag != 0U)
 705:Drivers/STM32H7xx_HAL_Driver/Src/stm32h7xx_hal_flash.c ****   {
 706:Drivers/STM32H7xx_HAL_Driver/Src/stm32h7xx_hal_flash.c ****     /* Save the error code */
 707:Drivers/STM32H7xx_HAL_Driver/Src/stm32h7xx_hal_flash.c ****     pFlash.ErrorCode |= (errorflag | 0x80000000U);
 708:Drivers/STM32H7xx_HAL_Driver/Src/stm32h7xx_hal_flash.c **** 
 709:Drivers/STM32H7xx_HAL_Driver/Src/stm32h7xx_hal_flash.c ****     /* Clear error programming flags */
 710:Drivers/STM32H7xx_HAL_Driver/Src/stm32h7xx_hal_flash.c ****     __HAL_FLASH_CLEAR_FLAG_BANK2(errorflag);
 711:Drivers/STM32H7xx_HAL_Driver/Src/stm32h7xx_hal_flash.c **** 
 712:Drivers/STM32H7xx_HAL_Driver/Src/stm32h7xx_hal_flash.c ****     procedure = pFlash.ProcedureOnGoing;
 713:Drivers/STM32H7xx_HAL_Driver/Src/stm32h7xx_hal_flash.c **** 
 714:Drivers/STM32H7xx_HAL_Driver/Src/stm32h7xx_hal_flash.c ****     if(procedure== FLASH_PROC_SECTERASE_BANK2)
 715:Drivers/STM32H7xx_HAL_Driver/Src/stm32h7xx_hal_flash.c ****     {
 716:Drivers/STM32H7xx_HAL_Driver/Src/stm32h7xx_hal_flash.c ****       /*return the faulty sector*/
 717:Drivers/STM32H7xx_HAL_Driver/Src/stm32h7xx_hal_flash.c ****       temp = pFlash.Sector;
 718:Drivers/STM32H7xx_HAL_Driver/Src/stm32h7xx_hal_flash.c ****       pFlash.Sector = 0xFFFFFFFFU;
 719:Drivers/STM32H7xx_HAL_Driver/Src/stm32h7xx_hal_flash.c ****     }
 720:Drivers/STM32H7xx_HAL_Driver/Src/stm32h7xx_hal_flash.c ****     else if((procedure == FLASH_PROC_MASSERASE_BANK2) || (procedure == FLASH_PROC_ALLBANK_MASSERASE
 721:Drivers/STM32H7xx_HAL_Driver/Src/stm32h7xx_hal_flash.c ****     {
 722:Drivers/STM32H7xx_HAL_Driver/Src/stm32h7xx_hal_flash.c ****       /*return the faulty bank*/
 723:Drivers/STM32H7xx_HAL_Driver/Src/stm32h7xx_hal_flash.c ****       temp = FLASH_BANK_2;
 724:Drivers/STM32H7xx_HAL_Driver/Src/stm32h7xx_hal_flash.c ****     }
 725:Drivers/STM32H7xx_HAL_Driver/Src/stm32h7xx_hal_flash.c ****     else
 726:Drivers/STM32H7xx_HAL_Driver/Src/stm32h7xx_hal_flash.c ****     {
 727:Drivers/STM32H7xx_HAL_Driver/Src/stm32h7xx_hal_flash.c ****       /*return the faulty address*/
 728:Drivers/STM32H7xx_HAL_Driver/Src/stm32h7xx_hal_flash.c ****       temp = pFlash.Address;
 729:Drivers/STM32H7xx_HAL_Driver/Src/stm32h7xx_hal_flash.c ****     }
 730:Drivers/STM32H7xx_HAL_Driver/Src/stm32h7xx_hal_flash.c **** 
 731:Drivers/STM32H7xx_HAL_Driver/Src/stm32h7xx_hal_flash.c ****     /*Stop the procedure ongoing*/
 732:Drivers/STM32H7xx_HAL_Driver/Src/stm32h7xx_hal_flash.c ****     pFlash.ProcedureOnGoing = FLASH_PROC_NONE;
 733:Drivers/STM32H7xx_HAL_Driver/Src/stm32h7xx_hal_flash.c **** 
 734:Drivers/STM32H7xx_HAL_Driver/Src/stm32h7xx_hal_flash.c ****     /* FLASH error interrupt user callback */
 735:Drivers/STM32H7xx_HAL_Driver/Src/stm32h7xx_hal_flash.c ****     HAL_FLASH_OperationErrorCallback(temp);
 736:Drivers/STM32H7xx_HAL_Driver/Src/stm32h7xx_hal_flash.c ****   }
 737:Drivers/STM32H7xx_HAL_Driver/Src/stm32h7xx_hal_flash.c **** 
 738:Drivers/STM32H7xx_HAL_Driver/Src/stm32h7xx_hal_flash.c **** #if (USE_FLASH_ECC == 1U)
 739:Drivers/STM32H7xx_HAL_Driver/Src/stm32h7xx_hal_flash.c ****   /* Check FLASH Bank2 ECC single correction error flag */
 740:Drivers/STM32H7xx_HAL_Driver/Src/stm32h7xx_hal_flash.c ****   errorflag = FLASH->SR2 & FLASH_FLAG_SNECCERR_BANK2;
 741:Drivers/STM32H7xx_HAL_Driver/Src/stm32h7xx_hal_flash.c **** 
 742:Drivers/STM32H7xx_HAL_Driver/Src/stm32h7xx_hal_flash.c ****   if(errorflag != 0U)
 743:Drivers/STM32H7xx_HAL_Driver/Src/stm32h7xx_hal_flash.c ****   {
 744:Drivers/STM32H7xx_HAL_Driver/Src/stm32h7xx_hal_flash.c ****     /* Save the error code */
 745:Drivers/STM32H7xx_HAL_Driver/Src/stm32h7xx_hal_flash.c ****     pFlash.ErrorCode |= (errorflag | 0x80000000U);
 746:Drivers/STM32H7xx_HAL_Driver/Src/stm32h7xx_hal_flash.c **** 
 747:Drivers/STM32H7xx_HAL_Driver/Src/stm32h7xx_hal_flash.c ****     /* Call User callback */
 748:Drivers/STM32H7xx_HAL_Driver/Src/stm32h7xx_hal_flash.c ****     HAL_FLASHEx_EccCorrectionCallback();
 749:Drivers/STM32H7xx_HAL_Driver/Src/stm32h7xx_hal_flash.c **** 
 750:Drivers/STM32H7xx_HAL_Driver/Src/stm32h7xx_hal_flash.c ****     /* Clear FLASH Bank2 ECC single correction error flag in order to allow new ECC error record */
 751:Drivers/STM32H7xx_HAL_Driver/Src/stm32h7xx_hal_flash.c ****     __HAL_FLASH_CLEAR_FLAG_BANK2(errorflag);
 752:Drivers/STM32H7xx_HAL_Driver/Src/stm32h7xx_hal_flash.c ****   }
 753:Drivers/STM32H7xx_HAL_Driver/Src/stm32h7xx_hal_flash.c **** 
ARM GAS  C:\Users\l1234\AppData\Local\Temp\cc13EeWz.s 			page 16


 754:Drivers/STM32H7xx_HAL_Driver/Src/stm32h7xx_hal_flash.c ****   /* Check FLASH Bank2 ECC double detection error flag */
 755:Drivers/STM32H7xx_HAL_Driver/Src/stm32h7xx_hal_flash.c ****   errorflag = FLASH->SR2 & FLASH_FLAG_DBECCERR_BANK2;
 756:Drivers/STM32H7xx_HAL_Driver/Src/stm32h7xx_hal_flash.c **** 
 757:Drivers/STM32H7xx_HAL_Driver/Src/stm32h7xx_hal_flash.c ****   if(errorflag != 0U)
 758:Drivers/STM32H7xx_HAL_Driver/Src/stm32h7xx_hal_flash.c ****   {
 759:Drivers/STM32H7xx_HAL_Driver/Src/stm32h7xx_hal_flash.c ****     /* Save the error code */
 760:Drivers/STM32H7xx_HAL_Driver/Src/stm32h7xx_hal_flash.c ****     pFlash.ErrorCode |= (errorflag | 0x80000000U);
 761:Drivers/STM32H7xx_HAL_Driver/Src/stm32h7xx_hal_flash.c **** 
 762:Drivers/STM32H7xx_HAL_Driver/Src/stm32h7xx_hal_flash.c ****     /* Call User callback */
 763:Drivers/STM32H7xx_HAL_Driver/Src/stm32h7xx_hal_flash.c ****     HAL_FLASHEx_EccDetectionCallback();
 764:Drivers/STM32H7xx_HAL_Driver/Src/stm32h7xx_hal_flash.c **** 
 765:Drivers/STM32H7xx_HAL_Driver/Src/stm32h7xx_hal_flash.c ****     /* Clear FLASH Bank2 ECC double detection error flag in order to allow new ECC error record */
 766:Drivers/STM32H7xx_HAL_Driver/Src/stm32h7xx_hal_flash.c ****     __HAL_FLASH_CLEAR_FLAG_BANK2(errorflag);
 767:Drivers/STM32H7xx_HAL_Driver/Src/stm32h7xx_hal_flash.c ****   }
 768:Drivers/STM32H7xx_HAL_Driver/Src/stm32h7xx_hal_flash.c **** 
 769:Drivers/STM32H7xx_HAL_Driver/Src/stm32h7xx_hal_flash.c **** #endif /* USE_FLASH_ECC */
 770:Drivers/STM32H7xx_HAL_Driver/Src/stm32h7xx_hal_flash.c **** #endif /* DUAL_BANK */
 771:Drivers/STM32H7xx_HAL_Driver/Src/stm32h7xx_hal_flash.c **** 
 772:Drivers/STM32H7xx_HAL_Driver/Src/stm32h7xx_hal_flash.c ****   if(pFlash.ProcedureOnGoing == FLASH_PROC_NONE)
 773:Drivers/STM32H7xx_HAL_Driver/Src/stm32h7xx_hal_flash.c ****   {
 774:Drivers/STM32H7xx_HAL_Driver/Src/stm32h7xx_hal_flash.c **** #if defined (FLASH_CR_OPERRIE)
 775:Drivers/STM32H7xx_HAL_Driver/Src/stm32h7xx_hal_flash.c ****     /* Disable Bank1 Operation and Error source interrupt */
 776:Drivers/STM32H7xx_HAL_Driver/Src/stm32h7xx_hal_flash.c ****     __HAL_FLASH_DISABLE_IT_BANK1(FLASH_IT_EOP_BANK1    | FLASH_IT_WRPERR_BANK1 | FLASH_IT_PGSERR_BA
 777:Drivers/STM32H7xx_HAL_Driver/Src/stm32h7xx_hal_flash.c ****                                  FLASH_IT_STRBERR_BANK1 | FLASH_IT_INCERR_BANK1 | FLASH_IT_OPERR_BA
 778:Drivers/STM32H7xx_HAL_Driver/Src/stm32h7xx_hal_flash.c **** 
 779:Drivers/STM32H7xx_HAL_Driver/Src/stm32h7xx_hal_flash.c **** #if defined (DUAL_BANK)
 780:Drivers/STM32H7xx_HAL_Driver/Src/stm32h7xx_hal_flash.c ****     /* Disable Bank2 Operation and Error source interrupt */
 781:Drivers/STM32H7xx_HAL_Driver/Src/stm32h7xx_hal_flash.c ****     __HAL_FLASH_DISABLE_IT_BANK2(FLASH_IT_EOP_BANK2    | FLASH_IT_WRPERR_BANK2 | FLASH_IT_PGSERR_BA
 782:Drivers/STM32H7xx_HAL_Driver/Src/stm32h7xx_hal_flash.c ****                                  FLASH_IT_STRBERR_BANK2 | FLASH_IT_INCERR_BANK2 | FLASH_IT_OPERR_BA
 783:Drivers/STM32H7xx_HAL_Driver/Src/stm32h7xx_hal_flash.c **** #endif /* DUAL_BANK */
 784:Drivers/STM32H7xx_HAL_Driver/Src/stm32h7xx_hal_flash.c **** #else
 785:Drivers/STM32H7xx_HAL_Driver/Src/stm32h7xx_hal_flash.c ****     /* Disable Bank1 Operation and Error source interrupt */
 786:Drivers/STM32H7xx_HAL_Driver/Src/stm32h7xx_hal_flash.c ****     __HAL_FLASH_DISABLE_IT_BANK1(FLASH_IT_EOP_BANK1    | FLASH_IT_WRPERR_BANK1 | FLASH_IT_PGSERR_BA
 787:Drivers/STM32H7xx_HAL_Driver/Src/stm32h7xx_hal_flash.c ****                                  FLASH_IT_STRBERR_BANK1 | FLASH_IT_INCERR_BANK1);
 788:Drivers/STM32H7xx_HAL_Driver/Src/stm32h7xx_hal_flash.c **** 
 789:Drivers/STM32H7xx_HAL_Driver/Src/stm32h7xx_hal_flash.c **** #if defined (DUAL_BANK)
 790:Drivers/STM32H7xx_HAL_Driver/Src/stm32h7xx_hal_flash.c ****     /* Disable Bank2 Operation and Error source interrupt */
 791:Drivers/STM32H7xx_HAL_Driver/Src/stm32h7xx_hal_flash.c ****     __HAL_FLASH_DISABLE_IT_BANK2(FLASH_IT_EOP_BANK2    | FLASH_IT_WRPERR_BANK2 | FLASH_IT_PGSERR_BA
 792:Drivers/STM32H7xx_HAL_Driver/Src/stm32h7xx_hal_flash.c ****                                  FLASH_IT_STRBERR_BANK2 | FLASH_IT_INCERR_BANK2);
 793:Drivers/STM32H7xx_HAL_Driver/Src/stm32h7xx_hal_flash.c **** #endif /* DUAL_BANK */
 794:Drivers/STM32H7xx_HAL_Driver/Src/stm32h7xx_hal_flash.c **** #endif /* FLASH_CR_OPERRIE */
 795:Drivers/STM32H7xx_HAL_Driver/Src/stm32h7xx_hal_flash.c **** 
 796:Drivers/STM32H7xx_HAL_Driver/Src/stm32h7xx_hal_flash.c ****     /* Process Unlocked */
 797:Drivers/STM32H7xx_HAL_Driver/Src/stm32h7xx_hal_flash.c ****     __HAL_UNLOCK(&pFlash);
 798:Drivers/STM32H7xx_HAL_Driver/Src/stm32h7xx_hal_flash.c ****   }
 799:Drivers/STM32H7xx_HAL_Driver/Src/stm32h7xx_hal_flash.c **** }
 800:Drivers/STM32H7xx_HAL_Driver/Src/stm32h7xx_hal_flash.c **** 
 801:Drivers/STM32H7xx_HAL_Driver/Src/stm32h7xx_hal_flash.c **** /**
 802:Drivers/STM32H7xx_HAL_Driver/Src/stm32h7xx_hal_flash.c ****   * @brief  FLASH end of operation interrupt callback
 803:Drivers/STM32H7xx_HAL_Driver/Src/stm32h7xx_hal_flash.c ****   * @param  ReturnValue The value saved in this parameter depends on the ongoing procedure
 804:Drivers/STM32H7xx_HAL_Driver/Src/stm32h7xx_hal_flash.c ****   *                  Mass Erase: Bank number which has been requested to erase
 805:Drivers/STM32H7xx_HAL_Driver/Src/stm32h7xx_hal_flash.c ****   *                  Sectors Erase: Sector which has been erased
 806:Drivers/STM32H7xx_HAL_Driver/Src/stm32h7xx_hal_flash.c ****   *                    (if 0xFFFFFFFF, it means that all the selected sectors have been erased)
 807:Drivers/STM32H7xx_HAL_Driver/Src/stm32h7xx_hal_flash.c ****   *                  Program: Address which was selected for data program
 808:Drivers/STM32H7xx_HAL_Driver/Src/stm32h7xx_hal_flash.c ****   * @retval None
 809:Drivers/STM32H7xx_HAL_Driver/Src/stm32h7xx_hal_flash.c ****   */
 810:Drivers/STM32H7xx_HAL_Driver/Src/stm32h7xx_hal_flash.c **** __weak void HAL_FLASH_EndOfOperationCallback(uint32_t ReturnValue)
ARM GAS  C:\Users\l1234\AppData\Local\Temp\cc13EeWz.s 			page 17


 811:Drivers/STM32H7xx_HAL_Driver/Src/stm32h7xx_hal_flash.c **** {
 812:Drivers/STM32H7xx_HAL_Driver/Src/stm32h7xx_hal_flash.c ****   /* Prevent unused argument(s) compilation warning */
 813:Drivers/STM32H7xx_HAL_Driver/Src/stm32h7xx_hal_flash.c ****   UNUSED(ReturnValue);
 814:Drivers/STM32H7xx_HAL_Driver/Src/stm32h7xx_hal_flash.c **** 
 815:Drivers/STM32H7xx_HAL_Driver/Src/stm32h7xx_hal_flash.c ****   /* NOTE : This function Should not be modified, when the callback is needed,
 816:Drivers/STM32H7xx_HAL_Driver/Src/stm32h7xx_hal_flash.c ****             the HAL_FLASH_EndOfOperationCallback could be implemented in the user file
 817:Drivers/STM32H7xx_HAL_Driver/Src/stm32h7xx_hal_flash.c ****    */
 818:Drivers/STM32H7xx_HAL_Driver/Src/stm32h7xx_hal_flash.c **** }
 819:Drivers/STM32H7xx_HAL_Driver/Src/stm32h7xx_hal_flash.c **** 
 820:Drivers/STM32H7xx_HAL_Driver/Src/stm32h7xx_hal_flash.c **** /**
 821:Drivers/STM32H7xx_HAL_Driver/Src/stm32h7xx_hal_flash.c ****   * @brief  FLASH operation error interrupt callback
 822:Drivers/STM32H7xx_HAL_Driver/Src/stm32h7xx_hal_flash.c ****   * @param  ReturnValue The value saved in this parameter depends on the ongoing procedure
 823:Drivers/STM32H7xx_HAL_Driver/Src/stm32h7xx_hal_flash.c ****   *                 Mass Erase: Bank number which has been requested to erase
 824:Drivers/STM32H7xx_HAL_Driver/Src/stm32h7xx_hal_flash.c ****   *                 Sectors Erase: Sector number which returned an error
 825:Drivers/STM32H7xx_HAL_Driver/Src/stm32h7xx_hal_flash.c ****   *                 Program: Address which was selected for data program
 826:Drivers/STM32H7xx_HAL_Driver/Src/stm32h7xx_hal_flash.c ****   * @retval None
 827:Drivers/STM32H7xx_HAL_Driver/Src/stm32h7xx_hal_flash.c ****   */
 828:Drivers/STM32H7xx_HAL_Driver/Src/stm32h7xx_hal_flash.c **** __weak void HAL_FLASH_OperationErrorCallback(uint32_t ReturnValue)
 829:Drivers/STM32H7xx_HAL_Driver/Src/stm32h7xx_hal_flash.c **** {
 830:Drivers/STM32H7xx_HAL_Driver/Src/stm32h7xx_hal_flash.c ****   /* Prevent unused argument(s) compilation warning */
 831:Drivers/STM32H7xx_HAL_Driver/Src/stm32h7xx_hal_flash.c ****   UNUSED(ReturnValue);
 832:Drivers/STM32H7xx_HAL_Driver/Src/stm32h7xx_hal_flash.c **** 
 833:Drivers/STM32H7xx_HAL_Driver/Src/stm32h7xx_hal_flash.c ****   /* NOTE : This function Should not be modified, when the callback is needed,
 834:Drivers/STM32H7xx_HAL_Driver/Src/stm32h7xx_hal_flash.c ****             the HAL_FLASH_OperationErrorCallback could be implemented in the user file
 835:Drivers/STM32H7xx_HAL_Driver/Src/stm32h7xx_hal_flash.c ****    */
 836:Drivers/STM32H7xx_HAL_Driver/Src/stm32h7xx_hal_flash.c **** }
 837:Drivers/STM32H7xx_HAL_Driver/Src/stm32h7xx_hal_flash.c **** 
 838:Drivers/STM32H7xx_HAL_Driver/Src/stm32h7xx_hal_flash.c **** /**
 839:Drivers/STM32H7xx_HAL_Driver/Src/stm32h7xx_hal_flash.c ****   * @}
 840:Drivers/STM32H7xx_HAL_Driver/Src/stm32h7xx_hal_flash.c ****   */
 841:Drivers/STM32H7xx_HAL_Driver/Src/stm32h7xx_hal_flash.c **** 
 842:Drivers/STM32H7xx_HAL_Driver/Src/stm32h7xx_hal_flash.c **** /** @defgroup FLASH_Exported_Functions_Group2 Peripheral Control functions
 843:Drivers/STM32H7xx_HAL_Driver/Src/stm32h7xx_hal_flash.c ****   *  @brief   Management functions
 844:Drivers/STM32H7xx_HAL_Driver/Src/stm32h7xx_hal_flash.c ****   *
 845:Drivers/STM32H7xx_HAL_Driver/Src/stm32h7xx_hal_flash.c **** @verbatim
 846:Drivers/STM32H7xx_HAL_Driver/Src/stm32h7xx_hal_flash.c ****  ===============================================================================
 847:Drivers/STM32H7xx_HAL_Driver/Src/stm32h7xx_hal_flash.c ****                       ##### Peripheral Control functions #####
 848:Drivers/STM32H7xx_HAL_Driver/Src/stm32h7xx_hal_flash.c ****  ===============================================================================
 849:Drivers/STM32H7xx_HAL_Driver/Src/stm32h7xx_hal_flash.c ****     [..]
 850:Drivers/STM32H7xx_HAL_Driver/Src/stm32h7xx_hal_flash.c ****     This subsection provides a set of functions allowing to control the FLASH
 851:Drivers/STM32H7xx_HAL_Driver/Src/stm32h7xx_hal_flash.c ****     memory operations.
 852:Drivers/STM32H7xx_HAL_Driver/Src/stm32h7xx_hal_flash.c **** 
 853:Drivers/STM32H7xx_HAL_Driver/Src/stm32h7xx_hal_flash.c **** @endverbatim
 854:Drivers/STM32H7xx_HAL_Driver/Src/stm32h7xx_hal_flash.c ****   * @{
 855:Drivers/STM32H7xx_HAL_Driver/Src/stm32h7xx_hal_flash.c ****   */
 856:Drivers/STM32H7xx_HAL_Driver/Src/stm32h7xx_hal_flash.c **** 
 857:Drivers/STM32H7xx_HAL_Driver/Src/stm32h7xx_hal_flash.c **** /**
 858:Drivers/STM32H7xx_HAL_Driver/Src/stm32h7xx_hal_flash.c ****   * @brief  Unlock the FLASH control registers access
 859:Drivers/STM32H7xx_HAL_Driver/Src/stm32h7xx_hal_flash.c ****   * @retval HAL Status
 860:Drivers/STM32H7xx_HAL_Driver/Src/stm32h7xx_hal_flash.c ****   */
 861:Drivers/STM32H7xx_HAL_Driver/Src/stm32h7xx_hal_flash.c **** HAL_StatusTypeDef HAL_FLASH_Unlock(void)
 862:Drivers/STM32H7xx_HAL_Driver/Src/stm32h7xx_hal_flash.c **** {
 863:Drivers/STM32H7xx_HAL_Driver/Src/stm32h7xx_hal_flash.c ****   if(READ_BIT(FLASH->CR1, FLASH_CR_LOCK) != 0U)
 864:Drivers/STM32H7xx_HAL_Driver/Src/stm32h7xx_hal_flash.c ****   {
 865:Drivers/STM32H7xx_HAL_Driver/Src/stm32h7xx_hal_flash.c ****     /* Authorize the FLASH Bank1 Registers access */
 866:Drivers/STM32H7xx_HAL_Driver/Src/stm32h7xx_hal_flash.c ****     WRITE_REG(FLASH->KEYR1, FLASH_KEY1);
 867:Drivers/STM32H7xx_HAL_Driver/Src/stm32h7xx_hal_flash.c ****     WRITE_REG(FLASH->KEYR1, FLASH_KEY2);
ARM GAS  C:\Users\l1234\AppData\Local\Temp\cc13EeWz.s 			page 18


 868:Drivers/STM32H7xx_HAL_Driver/Src/stm32h7xx_hal_flash.c **** 
 869:Drivers/STM32H7xx_HAL_Driver/Src/stm32h7xx_hal_flash.c ****     /* Verify Flash Bank1 is unlocked */
 870:Drivers/STM32H7xx_HAL_Driver/Src/stm32h7xx_hal_flash.c ****     if (READ_BIT(FLASH->CR1, FLASH_CR_LOCK) != 0U)
 871:Drivers/STM32H7xx_HAL_Driver/Src/stm32h7xx_hal_flash.c ****     {
 872:Drivers/STM32H7xx_HAL_Driver/Src/stm32h7xx_hal_flash.c ****       return HAL_ERROR;
 873:Drivers/STM32H7xx_HAL_Driver/Src/stm32h7xx_hal_flash.c ****     }
 874:Drivers/STM32H7xx_HAL_Driver/Src/stm32h7xx_hal_flash.c ****   }
 875:Drivers/STM32H7xx_HAL_Driver/Src/stm32h7xx_hal_flash.c **** 
 876:Drivers/STM32H7xx_HAL_Driver/Src/stm32h7xx_hal_flash.c **** #if defined (DUAL_BANK)
 877:Drivers/STM32H7xx_HAL_Driver/Src/stm32h7xx_hal_flash.c ****   if(READ_BIT(FLASH->CR2, FLASH_CR_LOCK) != 0U)
 878:Drivers/STM32H7xx_HAL_Driver/Src/stm32h7xx_hal_flash.c ****   {
 879:Drivers/STM32H7xx_HAL_Driver/Src/stm32h7xx_hal_flash.c ****     /* Authorize the FLASH Bank2 Registers access */
 880:Drivers/STM32H7xx_HAL_Driver/Src/stm32h7xx_hal_flash.c ****     WRITE_REG(FLASH->KEYR2, FLASH_KEY1);
 881:Drivers/STM32H7xx_HAL_Driver/Src/stm32h7xx_hal_flash.c ****     WRITE_REG(FLASH->KEYR2, FLASH_KEY2);
 882:Drivers/STM32H7xx_HAL_Driver/Src/stm32h7xx_hal_flash.c **** 
 883:Drivers/STM32H7xx_HAL_Driver/Src/stm32h7xx_hal_flash.c ****     /* Verify Flash Bank2 is unlocked */
 884:Drivers/STM32H7xx_HAL_Driver/Src/stm32h7xx_hal_flash.c ****     if (READ_BIT(FLASH->CR2, FLASH_CR_LOCK) != 0U)
 885:Drivers/STM32H7xx_HAL_Driver/Src/stm32h7xx_hal_flash.c ****     {
 886:Drivers/STM32H7xx_HAL_Driver/Src/stm32h7xx_hal_flash.c ****       return HAL_ERROR;
 887:Drivers/STM32H7xx_HAL_Driver/Src/stm32h7xx_hal_flash.c ****     }
 888:Drivers/STM32H7xx_HAL_Driver/Src/stm32h7xx_hal_flash.c ****   }
 889:Drivers/STM32H7xx_HAL_Driver/Src/stm32h7xx_hal_flash.c **** #endif /* DUAL_BANK */
 890:Drivers/STM32H7xx_HAL_Driver/Src/stm32h7xx_hal_flash.c **** 
 891:Drivers/STM32H7xx_HAL_Driver/Src/stm32h7xx_hal_flash.c ****   return HAL_OK;
 892:Drivers/STM32H7xx_HAL_Driver/Src/stm32h7xx_hal_flash.c **** }
 893:Drivers/STM32H7xx_HAL_Driver/Src/stm32h7xx_hal_flash.c **** 
 894:Drivers/STM32H7xx_HAL_Driver/Src/stm32h7xx_hal_flash.c **** /**
 895:Drivers/STM32H7xx_HAL_Driver/Src/stm32h7xx_hal_flash.c ****   * @brief  Locks the FLASH control registers access
 896:Drivers/STM32H7xx_HAL_Driver/Src/stm32h7xx_hal_flash.c ****   * @retval HAL Status
 897:Drivers/STM32H7xx_HAL_Driver/Src/stm32h7xx_hal_flash.c ****   */
 898:Drivers/STM32H7xx_HAL_Driver/Src/stm32h7xx_hal_flash.c **** HAL_StatusTypeDef HAL_FLASH_Lock(void)
 899:Drivers/STM32H7xx_HAL_Driver/Src/stm32h7xx_hal_flash.c **** {
 900:Drivers/STM32H7xx_HAL_Driver/Src/stm32h7xx_hal_flash.c ****   /* Set the LOCK Bit to lock the FLASH Bank1 Control Register access */
 901:Drivers/STM32H7xx_HAL_Driver/Src/stm32h7xx_hal_flash.c ****   SET_BIT(FLASH->CR1, FLASH_CR_LOCK);
 902:Drivers/STM32H7xx_HAL_Driver/Src/stm32h7xx_hal_flash.c **** 
 903:Drivers/STM32H7xx_HAL_Driver/Src/stm32h7xx_hal_flash.c ****   /* Verify Flash Bank1 is locked */
 904:Drivers/STM32H7xx_HAL_Driver/Src/stm32h7xx_hal_flash.c ****   if (READ_BIT(FLASH->CR1, FLASH_CR_LOCK) == 0U)
 905:Drivers/STM32H7xx_HAL_Driver/Src/stm32h7xx_hal_flash.c ****   {
 906:Drivers/STM32H7xx_HAL_Driver/Src/stm32h7xx_hal_flash.c ****     return HAL_ERROR;
 907:Drivers/STM32H7xx_HAL_Driver/Src/stm32h7xx_hal_flash.c ****   }
 908:Drivers/STM32H7xx_HAL_Driver/Src/stm32h7xx_hal_flash.c **** 
 909:Drivers/STM32H7xx_HAL_Driver/Src/stm32h7xx_hal_flash.c **** #if defined (DUAL_BANK)
 910:Drivers/STM32H7xx_HAL_Driver/Src/stm32h7xx_hal_flash.c ****   /* Set the LOCK Bit to lock the FLASH Bank2 Control Register access */
 911:Drivers/STM32H7xx_HAL_Driver/Src/stm32h7xx_hal_flash.c ****   SET_BIT(FLASH->CR2, FLASH_CR_LOCK);
 912:Drivers/STM32H7xx_HAL_Driver/Src/stm32h7xx_hal_flash.c **** 
 913:Drivers/STM32H7xx_HAL_Driver/Src/stm32h7xx_hal_flash.c ****   /* Verify Flash Bank2 is locked */
 914:Drivers/STM32H7xx_HAL_Driver/Src/stm32h7xx_hal_flash.c ****   if (READ_BIT(FLASH->CR2, FLASH_CR_LOCK) == 0U)
 915:Drivers/STM32H7xx_HAL_Driver/Src/stm32h7xx_hal_flash.c ****   {
 916:Drivers/STM32H7xx_HAL_Driver/Src/stm32h7xx_hal_flash.c ****     return HAL_ERROR;
 917:Drivers/STM32H7xx_HAL_Driver/Src/stm32h7xx_hal_flash.c ****   }
 918:Drivers/STM32H7xx_HAL_Driver/Src/stm32h7xx_hal_flash.c **** #endif /* DUAL_BANK */
 919:Drivers/STM32H7xx_HAL_Driver/Src/stm32h7xx_hal_flash.c **** 
 920:Drivers/STM32H7xx_HAL_Driver/Src/stm32h7xx_hal_flash.c ****   return HAL_OK;
 921:Drivers/STM32H7xx_HAL_Driver/Src/stm32h7xx_hal_flash.c **** }
 922:Drivers/STM32H7xx_HAL_Driver/Src/stm32h7xx_hal_flash.c **** 
 923:Drivers/STM32H7xx_HAL_Driver/Src/stm32h7xx_hal_flash.c **** /**
 924:Drivers/STM32H7xx_HAL_Driver/Src/stm32h7xx_hal_flash.c ****   * @brief  Unlock the FLASH Option Control Registers access.
ARM GAS  C:\Users\l1234\AppData\Local\Temp\cc13EeWz.s 			page 19


 925:Drivers/STM32H7xx_HAL_Driver/Src/stm32h7xx_hal_flash.c ****   * @retval HAL Status
 926:Drivers/STM32H7xx_HAL_Driver/Src/stm32h7xx_hal_flash.c ****   */
 927:Drivers/STM32H7xx_HAL_Driver/Src/stm32h7xx_hal_flash.c **** HAL_StatusTypeDef HAL_FLASH_OB_Unlock(void)
 928:Drivers/STM32H7xx_HAL_Driver/Src/stm32h7xx_hal_flash.c **** {
 929:Drivers/STM32H7xx_HAL_Driver/Src/stm32h7xx_hal_flash.c ****   if(READ_BIT(FLASH->OPTCR, FLASH_OPTCR_OPTLOCK) != 0U)
 930:Drivers/STM32H7xx_HAL_Driver/Src/stm32h7xx_hal_flash.c ****   {
 931:Drivers/STM32H7xx_HAL_Driver/Src/stm32h7xx_hal_flash.c ****     /* Authorizes the Option Byte registers programming */
 932:Drivers/STM32H7xx_HAL_Driver/Src/stm32h7xx_hal_flash.c ****     WRITE_REG(FLASH->OPTKEYR, FLASH_OPT_KEY1);
 933:Drivers/STM32H7xx_HAL_Driver/Src/stm32h7xx_hal_flash.c ****     WRITE_REG(FLASH->OPTKEYR, FLASH_OPT_KEY2);
 934:Drivers/STM32H7xx_HAL_Driver/Src/stm32h7xx_hal_flash.c **** 
 935:Drivers/STM32H7xx_HAL_Driver/Src/stm32h7xx_hal_flash.c ****     /* Verify that the Option Bytes are unlocked */
 936:Drivers/STM32H7xx_HAL_Driver/Src/stm32h7xx_hal_flash.c ****     if (READ_BIT(FLASH->OPTCR, FLASH_OPTCR_OPTLOCK) != 0U)
 937:Drivers/STM32H7xx_HAL_Driver/Src/stm32h7xx_hal_flash.c ****     {
 938:Drivers/STM32H7xx_HAL_Driver/Src/stm32h7xx_hal_flash.c ****       return HAL_ERROR;
 939:Drivers/STM32H7xx_HAL_Driver/Src/stm32h7xx_hal_flash.c ****     }
 940:Drivers/STM32H7xx_HAL_Driver/Src/stm32h7xx_hal_flash.c ****   }
 941:Drivers/STM32H7xx_HAL_Driver/Src/stm32h7xx_hal_flash.c **** 
 942:Drivers/STM32H7xx_HAL_Driver/Src/stm32h7xx_hal_flash.c ****   return HAL_OK;
 943:Drivers/STM32H7xx_HAL_Driver/Src/stm32h7xx_hal_flash.c **** }
 944:Drivers/STM32H7xx_HAL_Driver/Src/stm32h7xx_hal_flash.c **** 
 945:Drivers/STM32H7xx_HAL_Driver/Src/stm32h7xx_hal_flash.c **** /**
 946:Drivers/STM32H7xx_HAL_Driver/Src/stm32h7xx_hal_flash.c ****   * @brief  Lock the FLASH Option Control Registers access.
 947:Drivers/STM32H7xx_HAL_Driver/Src/stm32h7xx_hal_flash.c ****   * @retval HAL Status
 948:Drivers/STM32H7xx_HAL_Driver/Src/stm32h7xx_hal_flash.c ****   */
 949:Drivers/STM32H7xx_HAL_Driver/Src/stm32h7xx_hal_flash.c **** HAL_StatusTypeDef HAL_FLASH_OB_Lock(void)
 950:Drivers/STM32H7xx_HAL_Driver/Src/stm32h7xx_hal_flash.c **** {
 951:Drivers/STM32H7xx_HAL_Driver/Src/stm32h7xx_hal_flash.c ****   /* Set the OPTLOCK Bit to lock the FLASH Option Byte Registers access */
 952:Drivers/STM32H7xx_HAL_Driver/Src/stm32h7xx_hal_flash.c ****   SET_BIT(FLASH->OPTCR, FLASH_OPTCR_OPTLOCK);
 953:Drivers/STM32H7xx_HAL_Driver/Src/stm32h7xx_hal_flash.c **** 
 954:Drivers/STM32H7xx_HAL_Driver/Src/stm32h7xx_hal_flash.c ****   /* Verify that the Option Bytes are locked */
 955:Drivers/STM32H7xx_HAL_Driver/Src/stm32h7xx_hal_flash.c ****   if (READ_BIT(FLASH->OPTCR, FLASH_OPTCR_OPTLOCK) == 0U)
 956:Drivers/STM32H7xx_HAL_Driver/Src/stm32h7xx_hal_flash.c ****   {
 957:Drivers/STM32H7xx_HAL_Driver/Src/stm32h7xx_hal_flash.c ****     return HAL_ERROR;
 958:Drivers/STM32H7xx_HAL_Driver/Src/stm32h7xx_hal_flash.c ****   }
 959:Drivers/STM32H7xx_HAL_Driver/Src/stm32h7xx_hal_flash.c **** 
 960:Drivers/STM32H7xx_HAL_Driver/Src/stm32h7xx_hal_flash.c ****   return HAL_OK;
 961:Drivers/STM32H7xx_HAL_Driver/Src/stm32h7xx_hal_flash.c **** }
 962:Drivers/STM32H7xx_HAL_Driver/Src/stm32h7xx_hal_flash.c **** 
 963:Drivers/STM32H7xx_HAL_Driver/Src/stm32h7xx_hal_flash.c **** /**
 964:Drivers/STM32H7xx_HAL_Driver/Src/stm32h7xx_hal_flash.c ****   * @brief  Launch the option bytes loading.
 965:Drivers/STM32H7xx_HAL_Driver/Src/stm32h7xx_hal_flash.c ****   * @retval HAL Status
 966:Drivers/STM32H7xx_HAL_Driver/Src/stm32h7xx_hal_flash.c ****   */
 967:Drivers/STM32H7xx_HAL_Driver/Src/stm32h7xx_hal_flash.c **** HAL_StatusTypeDef HAL_FLASH_OB_Launch(void)
 968:Drivers/STM32H7xx_HAL_Driver/Src/stm32h7xx_hal_flash.c **** {
 969:Drivers/STM32H7xx_HAL_Driver/Src/stm32h7xx_hal_flash.c ****   HAL_StatusTypeDef status;
 970:Drivers/STM32H7xx_HAL_Driver/Src/stm32h7xx_hal_flash.c **** 
 971:Drivers/STM32H7xx_HAL_Driver/Src/stm32h7xx_hal_flash.c ****   /* Wait for CRC computation to be completed */
 972:Drivers/STM32H7xx_HAL_Driver/Src/stm32h7xx_hal_flash.c ****   if (FLASH_CRC_WaitForLastOperation((uint32_t)FLASH_TIMEOUT_VALUE, FLASH_BANK_1) != HAL_OK)
 973:Drivers/STM32H7xx_HAL_Driver/Src/stm32h7xx_hal_flash.c ****   {
 974:Drivers/STM32H7xx_HAL_Driver/Src/stm32h7xx_hal_flash.c ****     status = HAL_ERROR;
 975:Drivers/STM32H7xx_HAL_Driver/Src/stm32h7xx_hal_flash.c ****   }
 976:Drivers/STM32H7xx_HAL_Driver/Src/stm32h7xx_hal_flash.c **** #if defined (DUAL_BANK)
 977:Drivers/STM32H7xx_HAL_Driver/Src/stm32h7xx_hal_flash.c ****   else if (FLASH_CRC_WaitForLastOperation((uint32_t)FLASH_TIMEOUT_VALUE, FLASH_BANK_2) != HAL_OK)
 978:Drivers/STM32H7xx_HAL_Driver/Src/stm32h7xx_hal_flash.c ****   {
 979:Drivers/STM32H7xx_HAL_Driver/Src/stm32h7xx_hal_flash.c ****     status = HAL_ERROR;
 980:Drivers/STM32H7xx_HAL_Driver/Src/stm32h7xx_hal_flash.c ****   }
 981:Drivers/STM32H7xx_HAL_Driver/Src/stm32h7xx_hal_flash.c **** #endif /* DUAL_BANK */
ARM GAS  C:\Users\l1234\AppData\Local\Temp\cc13EeWz.s 			page 20


 982:Drivers/STM32H7xx_HAL_Driver/Src/stm32h7xx_hal_flash.c ****   else
 983:Drivers/STM32H7xx_HAL_Driver/Src/stm32h7xx_hal_flash.c ****   {
 984:Drivers/STM32H7xx_HAL_Driver/Src/stm32h7xx_hal_flash.c ****     status = HAL_OK;
 985:Drivers/STM32H7xx_HAL_Driver/Src/stm32h7xx_hal_flash.c ****   }
 986:Drivers/STM32H7xx_HAL_Driver/Src/stm32h7xx_hal_flash.c **** 
 987:Drivers/STM32H7xx_HAL_Driver/Src/stm32h7xx_hal_flash.c ****   if (status == HAL_OK)
 988:Drivers/STM32H7xx_HAL_Driver/Src/stm32h7xx_hal_flash.c ****   {
 989:Drivers/STM32H7xx_HAL_Driver/Src/stm32h7xx_hal_flash.c ****     /* Set OPTSTRT Bit */
 990:Drivers/STM32H7xx_HAL_Driver/Src/stm32h7xx_hal_flash.c ****     SET_BIT(FLASH->OPTCR, FLASH_OPTCR_OPTSTART);
 991:Drivers/STM32H7xx_HAL_Driver/Src/stm32h7xx_hal_flash.c **** 
 992:Drivers/STM32H7xx_HAL_Driver/Src/stm32h7xx_hal_flash.c ****     /* Wait for OB change operation to be completed */
 993:Drivers/STM32H7xx_HAL_Driver/Src/stm32h7xx_hal_flash.c ****     status = FLASH_OB_WaitForLastOperation((uint32_t)FLASH_TIMEOUT_VALUE);
 994:Drivers/STM32H7xx_HAL_Driver/Src/stm32h7xx_hal_flash.c ****   }
 995:Drivers/STM32H7xx_HAL_Driver/Src/stm32h7xx_hal_flash.c **** 
 996:Drivers/STM32H7xx_HAL_Driver/Src/stm32h7xx_hal_flash.c ****   return status;
 997:Drivers/STM32H7xx_HAL_Driver/Src/stm32h7xx_hal_flash.c **** }
 998:Drivers/STM32H7xx_HAL_Driver/Src/stm32h7xx_hal_flash.c **** 
 999:Drivers/STM32H7xx_HAL_Driver/Src/stm32h7xx_hal_flash.c **** /**
1000:Drivers/STM32H7xx_HAL_Driver/Src/stm32h7xx_hal_flash.c ****   * @}
1001:Drivers/STM32H7xx_HAL_Driver/Src/stm32h7xx_hal_flash.c ****   */
1002:Drivers/STM32H7xx_HAL_Driver/Src/stm32h7xx_hal_flash.c **** 
1003:Drivers/STM32H7xx_HAL_Driver/Src/stm32h7xx_hal_flash.c **** /** @defgroup FLASH_Exported_Functions_Group3 Peripheral State and Errors functions
1004:Drivers/STM32H7xx_HAL_Driver/Src/stm32h7xx_hal_flash.c ****   *  @brief   Peripheral Errors functions
1005:Drivers/STM32H7xx_HAL_Driver/Src/stm32h7xx_hal_flash.c ****   *
1006:Drivers/STM32H7xx_HAL_Driver/Src/stm32h7xx_hal_flash.c **** @verbatim
1007:Drivers/STM32H7xx_HAL_Driver/Src/stm32h7xx_hal_flash.c ****  ===============================================================================
1008:Drivers/STM32H7xx_HAL_Driver/Src/stm32h7xx_hal_flash.c ****                 ##### Peripheral Errors functions #####
1009:Drivers/STM32H7xx_HAL_Driver/Src/stm32h7xx_hal_flash.c ****  ===============================================================================
1010:Drivers/STM32H7xx_HAL_Driver/Src/stm32h7xx_hal_flash.c ****     [..]
1011:Drivers/STM32H7xx_HAL_Driver/Src/stm32h7xx_hal_flash.c ****     This subsection permits to get in run-time Errors of the FLASH peripheral.
1012:Drivers/STM32H7xx_HAL_Driver/Src/stm32h7xx_hal_flash.c **** 
1013:Drivers/STM32H7xx_HAL_Driver/Src/stm32h7xx_hal_flash.c **** @endverbatim
1014:Drivers/STM32H7xx_HAL_Driver/Src/stm32h7xx_hal_flash.c ****   * @{
1015:Drivers/STM32H7xx_HAL_Driver/Src/stm32h7xx_hal_flash.c ****   */
1016:Drivers/STM32H7xx_HAL_Driver/Src/stm32h7xx_hal_flash.c **** 
1017:Drivers/STM32H7xx_HAL_Driver/Src/stm32h7xx_hal_flash.c **** /**
1018:Drivers/STM32H7xx_HAL_Driver/Src/stm32h7xx_hal_flash.c ****   * @brief  Get the specific FLASH error flag.
1019:Drivers/STM32H7xx_HAL_Driver/Src/stm32h7xx_hal_flash.c ****   * @retval HAL_FLASH_ERRORCode The returned value can be:
1020:Drivers/STM32H7xx_HAL_Driver/Src/stm32h7xx_hal_flash.c ****   *            @arg HAL_FLASH_ERROR_NONE       : No error set
1021:Drivers/STM32H7xx_HAL_Driver/Src/stm32h7xx_hal_flash.c ****   *
1022:Drivers/STM32H7xx_HAL_Driver/Src/stm32h7xx_hal_flash.c ****   *            @arg HAL_FLASH_ERROR_WRP_BANK1  : Write Protection Error on Bank 1
1023:Drivers/STM32H7xx_HAL_Driver/Src/stm32h7xx_hal_flash.c ****   *            @arg HAL_FLASH_ERROR_PGS_BANK1  : Program Sequence Error on Bank 1
1024:Drivers/STM32H7xx_HAL_Driver/Src/stm32h7xx_hal_flash.c ****   *            @arg HAL_FLASH_ERROR_STRB_BANK1 : Strobe Error on Bank 1
1025:Drivers/STM32H7xx_HAL_Driver/Src/stm32h7xx_hal_flash.c ****   *            @arg HAL_FLASH_ERROR_INC_BANK1  : Inconsistency Error on Bank 1
1026:Drivers/STM32H7xx_HAL_Driver/Src/stm32h7xx_hal_flash.c ****   *            @arg HAL_FLASH_ERROR_OPE_BANK1  : Operation Error on Bank 1
1027:Drivers/STM32H7xx_HAL_Driver/Src/stm32h7xx_hal_flash.c ****   *            @arg HAL_FLASH_ERROR_RDP_BANK1  : Read Protection Error on Bank 1
1028:Drivers/STM32H7xx_HAL_Driver/Src/stm32h7xx_hal_flash.c ****   *            @arg HAL_FLASH_ERROR_RDS_BANK1  : Read Secured Error on Bank 1
1029:Drivers/STM32H7xx_HAL_Driver/Src/stm32h7xx_hal_flash.c ****   *            @arg HAL_FLASH_ERROR_SNECC_BANK1: ECC Single Correction Error on Bank 1
1030:Drivers/STM32H7xx_HAL_Driver/Src/stm32h7xx_hal_flash.c ****   *            @arg HAL_FLASH_ERROR_DBECC_BANK1: ECC Double Detection Error on Bank 1
1031:Drivers/STM32H7xx_HAL_Driver/Src/stm32h7xx_hal_flash.c ****   *            @arg HAL_FLASH_ERROR_CRCRD_BANK1: CRC Read Error on Bank 1
1032:Drivers/STM32H7xx_HAL_Driver/Src/stm32h7xx_hal_flash.c ****   *
1033:Drivers/STM32H7xx_HAL_Driver/Src/stm32h7xx_hal_flash.c ****   *            @arg HAL_FLASH_ERROR_WRP_BANK2  : Write Protection Error on Bank 2
1034:Drivers/STM32H7xx_HAL_Driver/Src/stm32h7xx_hal_flash.c ****   *            @arg HAL_FLASH_ERROR_PGS_BANK2  : Program Sequence Error on Bank 2
1035:Drivers/STM32H7xx_HAL_Driver/Src/stm32h7xx_hal_flash.c ****   *            @arg HAL_FLASH_ERROR_STRB_BANK2 : Strobe Error on Bank 2
1036:Drivers/STM32H7xx_HAL_Driver/Src/stm32h7xx_hal_flash.c ****   *            @arg HAL_FLASH_ERROR_INC_BANK2  : Inconsistency Error on Bank 2
1037:Drivers/STM32H7xx_HAL_Driver/Src/stm32h7xx_hal_flash.c ****   *            @arg HAL_FLASH_ERROR_OPE_BANK2  : Operation Error on Bank 2
1038:Drivers/STM32H7xx_HAL_Driver/Src/stm32h7xx_hal_flash.c ****   *            @arg HAL_FLASH_ERROR_RDP_BANK2  : Read Protection Error on Bank 2
ARM GAS  C:\Users\l1234\AppData\Local\Temp\cc13EeWz.s 			page 21


1039:Drivers/STM32H7xx_HAL_Driver/Src/stm32h7xx_hal_flash.c ****   *            @arg HAL_FLASH_ERROR_RDS_BANK2  : Read Secured Error on Bank 2
1040:Drivers/STM32H7xx_HAL_Driver/Src/stm32h7xx_hal_flash.c ****   *            @arg HAL_FLASH_ERROR_SNECC_BANK2: SNECC Error on Bank 2
1041:Drivers/STM32H7xx_HAL_Driver/Src/stm32h7xx_hal_flash.c ****   *            @arg HAL_FLASH_ERROR_DBECC_BANK2: Double Detection ECC on Bank 2
1042:Drivers/STM32H7xx_HAL_Driver/Src/stm32h7xx_hal_flash.c ****   *            @arg HAL_FLASH_ERROR_CRCRD_BANK2: CRC Read Error on Bank 2
1043:Drivers/STM32H7xx_HAL_Driver/Src/stm32h7xx_hal_flash.c ****   */
1044:Drivers/STM32H7xx_HAL_Driver/Src/stm32h7xx_hal_flash.c **** 
1045:Drivers/STM32H7xx_HAL_Driver/Src/stm32h7xx_hal_flash.c **** uint32_t HAL_FLASH_GetError(void)
1046:Drivers/STM32H7xx_HAL_Driver/Src/stm32h7xx_hal_flash.c **** {
1047:Drivers/STM32H7xx_HAL_Driver/Src/stm32h7xx_hal_flash.c ****    return pFlash.ErrorCode;
1048:Drivers/STM32H7xx_HAL_Driver/Src/stm32h7xx_hal_flash.c **** }
1049:Drivers/STM32H7xx_HAL_Driver/Src/stm32h7xx_hal_flash.c **** 
1050:Drivers/STM32H7xx_HAL_Driver/Src/stm32h7xx_hal_flash.c **** /**
1051:Drivers/STM32H7xx_HAL_Driver/Src/stm32h7xx_hal_flash.c ****   * @}
1052:Drivers/STM32H7xx_HAL_Driver/Src/stm32h7xx_hal_flash.c ****   */
1053:Drivers/STM32H7xx_HAL_Driver/Src/stm32h7xx_hal_flash.c **** 
1054:Drivers/STM32H7xx_HAL_Driver/Src/stm32h7xx_hal_flash.c **** /**
1055:Drivers/STM32H7xx_HAL_Driver/Src/stm32h7xx_hal_flash.c ****   * @}
1056:Drivers/STM32H7xx_HAL_Driver/Src/stm32h7xx_hal_flash.c ****   */
1057:Drivers/STM32H7xx_HAL_Driver/Src/stm32h7xx_hal_flash.c **** 
1058:Drivers/STM32H7xx_HAL_Driver/Src/stm32h7xx_hal_flash.c **** /* Private functions ---------------------------------------------------------*/
1059:Drivers/STM32H7xx_HAL_Driver/Src/stm32h7xx_hal_flash.c **** 
1060:Drivers/STM32H7xx_HAL_Driver/Src/stm32h7xx_hal_flash.c **** /** @addtogroup FLASH_Private_Functions
1061:Drivers/STM32H7xx_HAL_Driver/Src/stm32h7xx_hal_flash.c ****   * @{
1062:Drivers/STM32H7xx_HAL_Driver/Src/stm32h7xx_hal_flash.c ****   */
1063:Drivers/STM32H7xx_HAL_Driver/Src/stm32h7xx_hal_flash.c **** 
1064:Drivers/STM32H7xx_HAL_Driver/Src/stm32h7xx_hal_flash.c **** /**
1065:Drivers/STM32H7xx_HAL_Driver/Src/stm32h7xx_hal_flash.c ****   * @brief  Wait for a FLASH operation to complete.
1066:Drivers/STM32H7xx_HAL_Driver/Src/stm32h7xx_hal_flash.c ****   * @param  Timeout maximum flash operation timeout
1067:Drivers/STM32H7xx_HAL_Driver/Src/stm32h7xx_hal_flash.c ****   * @param  Bank flash FLASH_BANK_1 or FLASH_BANK_2
1068:Drivers/STM32H7xx_HAL_Driver/Src/stm32h7xx_hal_flash.c ****   * @retval HAL_StatusTypeDef HAL Status
1069:Drivers/STM32H7xx_HAL_Driver/Src/stm32h7xx_hal_flash.c ****   */
1070:Drivers/STM32H7xx_HAL_Driver/Src/stm32h7xx_hal_flash.c **** HAL_StatusTypeDef FLASH_WaitForLastOperation(uint32_t Timeout, uint32_t Bank)
1071:Drivers/STM32H7xx_HAL_Driver/Src/stm32h7xx_hal_flash.c **** {
1072:Drivers/STM32H7xx_HAL_Driver/Src/stm32h7xx_hal_flash.c ****   /* Wait for the FLASH operation to complete by polling on QW flag to be reset.
1073:Drivers/STM32H7xx_HAL_Driver/Src/stm32h7xx_hal_flash.c ****      Even if the FLASH operation fails, the QW flag will be reset and an error
1074:Drivers/STM32H7xx_HAL_Driver/Src/stm32h7xx_hal_flash.c ****      flag will be set */
1075:Drivers/STM32H7xx_HAL_Driver/Src/stm32h7xx_hal_flash.c **** 
1076:Drivers/STM32H7xx_HAL_Driver/Src/stm32h7xx_hal_flash.c ****   uint32_t bsyflag = FLASH_FLAG_QW_BANK1;
1077:Drivers/STM32H7xx_HAL_Driver/Src/stm32h7xx_hal_flash.c ****   uint32_t errorflag = 0;
1078:Drivers/STM32H7xx_HAL_Driver/Src/stm32h7xx_hal_flash.c ****   uint32_t tickstart = HAL_GetTick();
1079:Drivers/STM32H7xx_HAL_Driver/Src/stm32h7xx_hal_flash.c **** 
1080:Drivers/STM32H7xx_HAL_Driver/Src/stm32h7xx_hal_flash.c ****   assert_param(IS_FLASH_BANK_EXCLUSIVE(Bank));
1081:Drivers/STM32H7xx_HAL_Driver/Src/stm32h7xx_hal_flash.c **** 
1082:Drivers/STM32H7xx_HAL_Driver/Src/stm32h7xx_hal_flash.c **** #if defined (DUAL_BANK)
1083:Drivers/STM32H7xx_HAL_Driver/Src/stm32h7xx_hal_flash.c **** 
1084:Drivers/STM32H7xx_HAL_Driver/Src/stm32h7xx_hal_flash.c ****   if (Bank == FLASH_BANK_2)
1085:Drivers/STM32H7xx_HAL_Driver/Src/stm32h7xx_hal_flash.c ****   {
1086:Drivers/STM32H7xx_HAL_Driver/Src/stm32h7xx_hal_flash.c ****     /* Select bsyflag depending on Bank */
1087:Drivers/STM32H7xx_HAL_Driver/Src/stm32h7xx_hal_flash.c ****     bsyflag = FLASH_FLAG_QW_BANK2;
1088:Drivers/STM32H7xx_HAL_Driver/Src/stm32h7xx_hal_flash.c ****   }
1089:Drivers/STM32H7xx_HAL_Driver/Src/stm32h7xx_hal_flash.c **** #endif /* DUAL_BANK */
1090:Drivers/STM32H7xx_HAL_Driver/Src/stm32h7xx_hal_flash.c **** 
1091:Drivers/STM32H7xx_HAL_Driver/Src/stm32h7xx_hal_flash.c ****   while(__HAL_FLASH_GET_FLAG(bsyflag))
  89              		.loc 1 1091 9 is_stmt 0 view .LVU26
  90 002a 3D4C     		ldr	r4, .L26
1092:Drivers/STM32H7xx_HAL_Driver/Src/stm32h7xx_hal_flash.c ****   {
1093:Drivers/STM32H7xx_HAL_Driver/Src/stm32h7xx_hal_flash.c ****     if(Timeout != HAL_MAX_DELAY)
ARM GAS  C:\Users\l1234\AppData\Local\Temp\cc13EeWz.s 			page 22


1094:Drivers/STM32H7xx_HAL_Driver/Src/stm32h7xx_hal_flash.c ****     {
1095:Drivers/STM32H7xx_HAL_Driver/Src/stm32h7xx_hal_flash.c ****       if(((HAL_GetTick() - tickstart) > Timeout) || (Timeout == 0U))
  91              		.loc 1 1095 9 view .LVU27
  92 002c 4CF25037 		movw	r7, #50000
  93              	.LBE31:
  94              	.LBE30:
 191:Drivers/STM32H7xx_HAL_Driver/Src/stm32h7xx_hal_flash.c **** 
  95              		.loc 1 191 20 view .LVU28
  96 0030 C9F81830 		str	r3, [r9, #24]
 194:Drivers/STM32H7xx_HAL_Driver/Src/stm32h7xx_hal_flash.c **** 
  97              		.loc 1 194 3 is_stmt 1 view .LVU29
  98              	.LBB35:
  99              	.LBI30:
1070:Drivers/STM32H7xx_HAL_Driver/Src/stm32h7xx_hal_flash.c **** {
 100              		.loc 1 1070 19 view .LVU30
 101              	.LVL4:
 102              	.LBB32:
1076:Drivers/STM32H7xx_HAL_Driver/Src/stm32h7xx_hal_flash.c ****   uint32_t errorflag = 0;
 103              		.loc 1 1076 3 view .LVU31
1077:Drivers/STM32H7xx_HAL_Driver/Src/stm32h7xx_hal_flash.c ****   uint32_t tickstart = HAL_GetTick();
 104              		.loc 1 1077 3 view .LVU32
1078:Drivers/STM32H7xx_HAL_Driver/Src/stm32h7xx_hal_flash.c **** 
 105              		.loc 1 1078 3 view .LVU33
1078:Drivers/STM32H7xx_HAL_Driver/Src/stm32h7xx_hal_flash.c **** 
 106              		.loc 1 1078 24 is_stmt 0 view .LVU34
 107 0034 FFF7FEFF 		bl	HAL_GetTick
 108              	.LVL5:
1078:Drivers/STM32H7xx_HAL_Driver/Src/stm32h7xx_hal_flash.c **** 
 109              		.loc 1 1078 24 view .LVU35
 110 0038 0546     		mov	r5, r0
 111              	.LVL6:
1080:Drivers/STM32H7xx_HAL_Driver/Src/stm32h7xx_hal_flash.c **** 
 112              		.loc 1 1080 3 is_stmt 1 view .LVU36
1091:Drivers/STM32H7xx_HAL_Driver/Src/stm32h7xx_hal_flash.c ****   {
 113              		.loc 1 1091 3 view .LVU37
1091:Drivers/STM32H7xx_HAL_Driver/Src/stm32h7xx_hal_flash.c ****   {
 114              		.loc 1 1091 8 is_stmt 0 view .LVU38
 115 003a 04E0     		b	.L3
 116              	.LVL7:
 117              	.L5:
 118              		.loc 1 1095 12 view .LVU39
 119 003c FFF7FEFF 		bl	HAL_GetTick
 120              	.LVL8:
 121              		.loc 1 1095 26 view .LVU40
 122 0040 401B     		subs	r0, r0, r5
 123              		.loc 1 1095 9 view .LVU41
 124 0042 B842     		cmp	r0, r7
 125 0044 57D8     		bhi	.L16
 126              	.L3:
1093:Drivers/STM32H7xx_HAL_Driver/Src/stm32h7xx_hal_flash.c ****     {
 127              		.loc 1 1093 5 is_stmt 1 view .LVU42
 128              		.loc 1 1095 7 view .LVU43
1091:Drivers/STM32H7xx_HAL_Driver/Src/stm32h7xx_hal_flash.c ****   {
 129              		.loc 1 1091 9 view .LVU44
 130 0046 2369     		ldr	r3, [r4, #16]
 131 0048 5807     		lsls	r0, r3, #29
 132 004a F7D4     		bmi	.L5
ARM GAS  C:\Users\l1234\AppData\Local\Temp\cc13EeWz.s 			page 23


1096:Drivers/STM32H7xx_HAL_Driver/Src/stm32h7xx_hal_flash.c ****       {
1097:Drivers/STM32H7xx_HAL_Driver/Src/stm32h7xx_hal_flash.c ****         return HAL_TIMEOUT;
1098:Drivers/STM32H7xx_HAL_Driver/Src/stm32h7xx_hal_flash.c ****       }
1099:Drivers/STM32H7xx_HAL_Driver/Src/stm32h7xx_hal_flash.c ****     }
1100:Drivers/STM32H7xx_HAL_Driver/Src/stm32h7xx_hal_flash.c ****   }
1101:Drivers/STM32H7xx_HAL_Driver/Src/stm32h7xx_hal_flash.c **** 
1102:Drivers/STM32H7xx_HAL_Driver/Src/stm32h7xx_hal_flash.c ****   /* Get Error Flags */
1103:Drivers/STM32H7xx_HAL_Driver/Src/stm32h7xx_hal_flash.c ****   if (Bank == FLASH_BANK_1)
 133              		.loc 1 1103 3 view .LVU45
1104:Drivers/STM32H7xx_HAL_Driver/Src/stm32h7xx_hal_flash.c ****   {
1105:Drivers/STM32H7xx_HAL_Driver/Src/stm32h7xx_hal_flash.c ****     errorflag = FLASH->SR1 & FLASH_FLAG_ALL_ERRORS_BANK1;
 134              		.loc 1 1105 5 view .LVU46
 135              		.loc 1 1105 22 is_stmt 0 view .LVU47
 136 004c 2369     		ldr	r3, [r4, #16]
 137              		.loc 1 1105 15 view .LVU48
 138 004e 354A     		ldr	r2, .L26+4
 139              	.LVL9:
1106:Drivers/STM32H7xx_HAL_Driver/Src/stm32h7xx_hal_flash.c ****   }
1107:Drivers/STM32H7xx_HAL_Driver/Src/stm32h7xx_hal_flash.c **** #if defined (DUAL_BANK)
1108:Drivers/STM32H7xx_HAL_Driver/Src/stm32h7xx_hal_flash.c ****   else
1109:Drivers/STM32H7xx_HAL_Driver/Src/stm32h7xx_hal_flash.c ****   {
1110:Drivers/STM32H7xx_HAL_Driver/Src/stm32h7xx_hal_flash.c ****     errorflag = (FLASH->SR2 & FLASH_FLAG_ALL_ERRORS_BANK2) | 0x80000000U;
1111:Drivers/STM32H7xx_HAL_Driver/Src/stm32h7xx_hal_flash.c ****   }
1112:Drivers/STM32H7xx_HAL_Driver/Src/stm32h7xx_hal_flash.c **** #endif /* DUAL_BANK */
1113:Drivers/STM32H7xx_HAL_Driver/Src/stm32h7xx_hal_flash.c **** 
1114:Drivers/STM32H7xx_HAL_Driver/Src/stm32h7xx_hal_flash.c ****   /* In case of error reported in Flash SR1 or SR2 register */
1115:Drivers/STM32H7xx_HAL_Driver/Src/stm32h7xx_hal_flash.c ****   if((errorflag & 0x7FFFFFFFU) != 0U)
 140              		.loc 1 1115 3 is_stmt 1 view .LVU49
 141              		.loc 1 1115 5 is_stmt 0 view .LVU50
 142 0050 1340     		ands	r3, r3, r2
 143              	.LVL10:
 144              		.loc 1 1115 5 view .LVU51
 145 0052 44D1     		bne	.L24
 146              	.LVL11:
1116:Drivers/STM32H7xx_HAL_Driver/Src/stm32h7xx_hal_flash.c ****   {
1117:Drivers/STM32H7xx_HAL_Driver/Src/stm32h7xx_hal_flash.c ****     /*Save the error code*/
1118:Drivers/STM32H7xx_HAL_Driver/Src/stm32h7xx_hal_flash.c ****     pFlash.ErrorCode |= errorflag;
1119:Drivers/STM32H7xx_HAL_Driver/Src/stm32h7xx_hal_flash.c **** 
1120:Drivers/STM32H7xx_HAL_Driver/Src/stm32h7xx_hal_flash.c ****     /* Clear error programming flags */
1121:Drivers/STM32H7xx_HAL_Driver/Src/stm32h7xx_hal_flash.c ****     __HAL_FLASH_CLEAR_FLAG(errorflag);
1122:Drivers/STM32H7xx_HAL_Driver/Src/stm32h7xx_hal_flash.c **** 
1123:Drivers/STM32H7xx_HAL_Driver/Src/stm32h7xx_hal_flash.c ****     return HAL_ERROR;
1124:Drivers/STM32H7xx_HAL_Driver/Src/stm32h7xx_hal_flash.c ****   }
1125:Drivers/STM32H7xx_HAL_Driver/Src/stm32h7xx_hal_flash.c **** 
1126:Drivers/STM32H7xx_HAL_Driver/Src/stm32h7xx_hal_flash.c ****   /* Check FLASH End of Operation flag  */
1127:Drivers/STM32H7xx_HAL_Driver/Src/stm32h7xx_hal_flash.c ****   if(Bank == FLASH_BANK_1)
 147              		.loc 1 1127 3 is_stmt 1 view .LVU52
1128:Drivers/STM32H7xx_HAL_Driver/Src/stm32h7xx_hal_flash.c ****   {
1129:Drivers/STM32H7xx_HAL_Driver/Src/stm32h7xx_hal_flash.c ****     if (__HAL_FLASH_GET_FLAG_BANK1(FLASH_FLAG_EOP_BANK1))
 148              		.loc 1 1129 5 view .LVU53
 149              		.loc 1 1129 9 is_stmt 0 view .LVU54
 150 0054 2369     		ldr	r3, [r4, #16]
 151              		.loc 1 1129 8 view .LVU55
 152 0056 D903     		lsls	r1, r3, #15
 153 0058 02D5     		bpl	.L7
1130:Drivers/STM32H7xx_HAL_Driver/Src/stm32h7xx_hal_flash.c ****     {
1131:Drivers/STM32H7xx_HAL_Driver/Src/stm32h7xx_hal_flash.c ****       /* Clear FLASH End of Operation pending bit */
ARM GAS  C:\Users\l1234\AppData\Local\Temp\cc13EeWz.s 			page 24


1132:Drivers/STM32H7xx_HAL_Driver/Src/stm32h7xx_hal_flash.c ****       __HAL_FLASH_CLEAR_FLAG_BANK1(FLASH_FLAG_EOP_BANK1);
 154              		.loc 1 1132 7 is_stmt 1 view .LVU56
 155 005a 4FF48033 		mov	r3, #65536
 156 005e 6361     		str	r3, [r4, #20]
 157              	.LVL12:
 158              		.loc 1 1132 7 is_stmt 0 view .LVU57
 159              	.LBE32:
 160              	.LBE35:
 196:Drivers/STM32H7xx_HAL_Driver/Src/stm32h7xx_hal_flash.c ****   {
 161              		.loc 1 196 3 is_stmt 1 view .LVU58
 162              	.L7:
 230:Drivers/STM32H7xx_HAL_Driver/Src/stm32h7xx_hal_flash.c ****       }
 163              		.loc 1 230 9 view .LVU59
 164 0060 2F4C     		ldr	r4, .L26
 165 0062 E368     		ldr	r3, [r4, #12]
 166 0064 43F00203 		orr	r3, r3, #2
 167 0068 E360     		str	r3, [r4, #12]
 234:Drivers/STM32H7xx_HAL_Driver/Src/stm32h7xx_hal_flash.c ****     __DSB();
 168              		.loc 1 234 5 view .LVU60
 169              	.LBB36:
 170              	.LBI36:
 171              		.file 2 "Drivers/CMSIS/Include/cmsis_gcc.h"
   1:Drivers/CMSIS/Include/cmsis_gcc.h **** /**************************************************************************//**
   2:Drivers/CMSIS/Include/cmsis_gcc.h ****  * @file     cmsis_gcc.h
   3:Drivers/CMSIS/Include/cmsis_gcc.h ****  * @brief    CMSIS compiler GCC header file
   4:Drivers/CMSIS/Include/cmsis_gcc.h ****  * @version  V5.2.0
   5:Drivers/CMSIS/Include/cmsis_gcc.h ****  * @date     08. May 2019
   6:Drivers/CMSIS/Include/cmsis_gcc.h ****  ******************************************************************************/
   7:Drivers/CMSIS/Include/cmsis_gcc.h **** /*
   8:Drivers/CMSIS/Include/cmsis_gcc.h ****  * Copyright (c) 2009-2019 Arm Limited. All rights reserved.
   9:Drivers/CMSIS/Include/cmsis_gcc.h ****  *
  10:Drivers/CMSIS/Include/cmsis_gcc.h ****  * SPDX-License-Identifier: Apache-2.0
  11:Drivers/CMSIS/Include/cmsis_gcc.h ****  *
  12:Drivers/CMSIS/Include/cmsis_gcc.h ****  * Licensed under the Apache License, Version 2.0 (the License); you may
  13:Drivers/CMSIS/Include/cmsis_gcc.h ****  * not use this file except in compliance with the License.
  14:Drivers/CMSIS/Include/cmsis_gcc.h ****  * You may obtain a copy of the License at
  15:Drivers/CMSIS/Include/cmsis_gcc.h ****  *
  16:Drivers/CMSIS/Include/cmsis_gcc.h ****  * www.apache.org/licenses/LICENSE-2.0
  17:Drivers/CMSIS/Include/cmsis_gcc.h ****  *
  18:Drivers/CMSIS/Include/cmsis_gcc.h ****  * Unless required by applicable law or agreed to in writing, software
  19:Drivers/CMSIS/Include/cmsis_gcc.h ****  * distributed under the License is distributed on an AS IS BASIS, WITHOUT
  20:Drivers/CMSIS/Include/cmsis_gcc.h ****  * WARRANTIES OR CONDITIONS OF ANY KIND, either express or implied.
  21:Drivers/CMSIS/Include/cmsis_gcc.h ****  * See the License for the specific language governing permissions and
  22:Drivers/CMSIS/Include/cmsis_gcc.h ****  * limitations under the License.
  23:Drivers/CMSIS/Include/cmsis_gcc.h ****  */
  24:Drivers/CMSIS/Include/cmsis_gcc.h **** 
  25:Drivers/CMSIS/Include/cmsis_gcc.h **** #ifndef __CMSIS_GCC_H
  26:Drivers/CMSIS/Include/cmsis_gcc.h **** #define __CMSIS_GCC_H
  27:Drivers/CMSIS/Include/cmsis_gcc.h **** 
  28:Drivers/CMSIS/Include/cmsis_gcc.h **** /* ignore some GCC warnings */
  29:Drivers/CMSIS/Include/cmsis_gcc.h **** #pragma GCC diagnostic push
  30:Drivers/CMSIS/Include/cmsis_gcc.h **** #pragma GCC diagnostic ignored "-Wsign-conversion"
  31:Drivers/CMSIS/Include/cmsis_gcc.h **** #pragma GCC diagnostic ignored "-Wconversion"
  32:Drivers/CMSIS/Include/cmsis_gcc.h **** #pragma GCC diagnostic ignored "-Wunused-parameter"
  33:Drivers/CMSIS/Include/cmsis_gcc.h **** 
  34:Drivers/CMSIS/Include/cmsis_gcc.h **** /* Fallback for __has_builtin */
  35:Drivers/CMSIS/Include/cmsis_gcc.h **** #ifndef __has_builtin
ARM GAS  C:\Users\l1234\AppData\Local\Temp\cc13EeWz.s 			page 25


  36:Drivers/CMSIS/Include/cmsis_gcc.h ****   #define __has_builtin(x) (0)
  37:Drivers/CMSIS/Include/cmsis_gcc.h **** #endif
  38:Drivers/CMSIS/Include/cmsis_gcc.h **** 
  39:Drivers/CMSIS/Include/cmsis_gcc.h **** /* CMSIS compiler specific defines */
  40:Drivers/CMSIS/Include/cmsis_gcc.h **** #ifndef   __ASM
  41:Drivers/CMSIS/Include/cmsis_gcc.h ****   #define __ASM                                  __asm
  42:Drivers/CMSIS/Include/cmsis_gcc.h **** #endif
  43:Drivers/CMSIS/Include/cmsis_gcc.h **** #ifndef   __INLINE
  44:Drivers/CMSIS/Include/cmsis_gcc.h ****   #define __INLINE                               inline
  45:Drivers/CMSIS/Include/cmsis_gcc.h **** #endif
  46:Drivers/CMSIS/Include/cmsis_gcc.h **** #ifndef   __STATIC_INLINE
  47:Drivers/CMSIS/Include/cmsis_gcc.h ****   #define __STATIC_INLINE                        static inline
  48:Drivers/CMSIS/Include/cmsis_gcc.h **** #endif
  49:Drivers/CMSIS/Include/cmsis_gcc.h **** #ifndef   __STATIC_FORCEINLINE                 
  50:Drivers/CMSIS/Include/cmsis_gcc.h ****   #define __STATIC_FORCEINLINE                   __attribute__((always_inline)) static inline
  51:Drivers/CMSIS/Include/cmsis_gcc.h **** #endif                                           
  52:Drivers/CMSIS/Include/cmsis_gcc.h **** #ifndef   __NO_RETURN
  53:Drivers/CMSIS/Include/cmsis_gcc.h ****   #define __NO_RETURN                            __attribute__((__noreturn__))
  54:Drivers/CMSIS/Include/cmsis_gcc.h **** #endif
  55:Drivers/CMSIS/Include/cmsis_gcc.h **** #ifndef   __USED
  56:Drivers/CMSIS/Include/cmsis_gcc.h ****   #define __USED                                 __attribute__((used))
  57:Drivers/CMSIS/Include/cmsis_gcc.h **** #endif
  58:Drivers/CMSIS/Include/cmsis_gcc.h **** #ifndef   __WEAK
  59:Drivers/CMSIS/Include/cmsis_gcc.h ****   #define __WEAK                                 __attribute__((weak))
  60:Drivers/CMSIS/Include/cmsis_gcc.h **** #endif
  61:Drivers/CMSIS/Include/cmsis_gcc.h **** #ifndef   __PACKED
  62:Drivers/CMSIS/Include/cmsis_gcc.h ****   #define __PACKED                               __attribute__((packed, aligned(1)))
  63:Drivers/CMSIS/Include/cmsis_gcc.h **** #endif
  64:Drivers/CMSIS/Include/cmsis_gcc.h **** #ifndef   __PACKED_STRUCT
  65:Drivers/CMSIS/Include/cmsis_gcc.h ****   #define __PACKED_STRUCT                        struct __attribute__((packed, aligned(1)))
  66:Drivers/CMSIS/Include/cmsis_gcc.h **** #endif
  67:Drivers/CMSIS/Include/cmsis_gcc.h **** #ifndef   __PACKED_UNION
  68:Drivers/CMSIS/Include/cmsis_gcc.h ****   #define __PACKED_UNION                         union __attribute__((packed, aligned(1)))
  69:Drivers/CMSIS/Include/cmsis_gcc.h **** #endif
  70:Drivers/CMSIS/Include/cmsis_gcc.h **** #ifndef   __UNALIGNED_UINT32        /* deprecated */
  71:Drivers/CMSIS/Include/cmsis_gcc.h ****   #pragma GCC diagnostic push
  72:Drivers/CMSIS/Include/cmsis_gcc.h ****   #pragma GCC diagnostic ignored "-Wpacked"
  73:Drivers/CMSIS/Include/cmsis_gcc.h ****   #pragma GCC diagnostic ignored "-Wattributes"
  74:Drivers/CMSIS/Include/cmsis_gcc.h ****   struct __attribute__((packed)) T_UINT32 { uint32_t v; };
  75:Drivers/CMSIS/Include/cmsis_gcc.h ****   #pragma GCC diagnostic pop
  76:Drivers/CMSIS/Include/cmsis_gcc.h ****   #define __UNALIGNED_UINT32(x)                  (((struct T_UINT32 *)(x))->v)
  77:Drivers/CMSIS/Include/cmsis_gcc.h **** #endif
  78:Drivers/CMSIS/Include/cmsis_gcc.h **** #ifndef   __UNALIGNED_UINT16_WRITE
  79:Drivers/CMSIS/Include/cmsis_gcc.h ****   #pragma GCC diagnostic push
  80:Drivers/CMSIS/Include/cmsis_gcc.h ****   #pragma GCC diagnostic ignored "-Wpacked"
  81:Drivers/CMSIS/Include/cmsis_gcc.h ****   #pragma GCC diagnostic ignored "-Wattributes"
  82:Drivers/CMSIS/Include/cmsis_gcc.h ****   __PACKED_STRUCT T_UINT16_WRITE { uint16_t v; };
  83:Drivers/CMSIS/Include/cmsis_gcc.h ****   #pragma GCC diagnostic pop
  84:Drivers/CMSIS/Include/cmsis_gcc.h ****   #define __UNALIGNED_UINT16_WRITE(addr, val)    (void)((((struct T_UINT16_WRITE *)(void *)(addr))-
  85:Drivers/CMSIS/Include/cmsis_gcc.h **** #endif
  86:Drivers/CMSIS/Include/cmsis_gcc.h **** #ifndef   __UNALIGNED_UINT16_READ
  87:Drivers/CMSIS/Include/cmsis_gcc.h ****   #pragma GCC diagnostic push
  88:Drivers/CMSIS/Include/cmsis_gcc.h ****   #pragma GCC diagnostic ignored "-Wpacked"
  89:Drivers/CMSIS/Include/cmsis_gcc.h ****   #pragma GCC diagnostic ignored "-Wattributes"
  90:Drivers/CMSIS/Include/cmsis_gcc.h ****   __PACKED_STRUCT T_UINT16_READ { uint16_t v; };
  91:Drivers/CMSIS/Include/cmsis_gcc.h ****   #pragma GCC diagnostic pop
  92:Drivers/CMSIS/Include/cmsis_gcc.h ****   #define __UNALIGNED_UINT16_READ(addr)          (((const struct T_UINT16_READ *)(const void *)(add
ARM GAS  C:\Users\l1234\AppData\Local\Temp\cc13EeWz.s 			page 26


  93:Drivers/CMSIS/Include/cmsis_gcc.h **** #endif
  94:Drivers/CMSIS/Include/cmsis_gcc.h **** #ifndef   __UNALIGNED_UINT32_WRITE
  95:Drivers/CMSIS/Include/cmsis_gcc.h ****   #pragma GCC diagnostic push
  96:Drivers/CMSIS/Include/cmsis_gcc.h ****   #pragma GCC diagnostic ignored "-Wpacked"
  97:Drivers/CMSIS/Include/cmsis_gcc.h ****   #pragma GCC diagnostic ignored "-Wattributes"
  98:Drivers/CMSIS/Include/cmsis_gcc.h ****   __PACKED_STRUCT T_UINT32_WRITE { uint32_t v; };
  99:Drivers/CMSIS/Include/cmsis_gcc.h ****   #pragma GCC diagnostic pop
 100:Drivers/CMSIS/Include/cmsis_gcc.h ****   #define __UNALIGNED_UINT32_WRITE(addr, val)    (void)((((struct T_UINT32_WRITE *)(void *)(addr))-
 101:Drivers/CMSIS/Include/cmsis_gcc.h **** #endif
 102:Drivers/CMSIS/Include/cmsis_gcc.h **** #ifndef   __UNALIGNED_UINT32_READ
 103:Drivers/CMSIS/Include/cmsis_gcc.h ****   #pragma GCC diagnostic push
 104:Drivers/CMSIS/Include/cmsis_gcc.h ****   #pragma GCC diagnostic ignored "-Wpacked"
 105:Drivers/CMSIS/Include/cmsis_gcc.h ****   #pragma GCC diagnostic ignored "-Wattributes"
 106:Drivers/CMSIS/Include/cmsis_gcc.h ****   __PACKED_STRUCT T_UINT32_READ { uint32_t v; };
 107:Drivers/CMSIS/Include/cmsis_gcc.h ****   #pragma GCC diagnostic pop
 108:Drivers/CMSIS/Include/cmsis_gcc.h ****   #define __UNALIGNED_UINT32_READ(addr)          (((const struct T_UINT32_READ *)(const void *)(add
 109:Drivers/CMSIS/Include/cmsis_gcc.h **** #endif
 110:Drivers/CMSIS/Include/cmsis_gcc.h **** #ifndef   __ALIGNED
 111:Drivers/CMSIS/Include/cmsis_gcc.h ****   #define __ALIGNED(x)                           __attribute__((aligned(x)))
 112:Drivers/CMSIS/Include/cmsis_gcc.h **** #endif
 113:Drivers/CMSIS/Include/cmsis_gcc.h **** #ifndef   __RESTRICT
 114:Drivers/CMSIS/Include/cmsis_gcc.h ****   #define __RESTRICT                             __restrict
 115:Drivers/CMSIS/Include/cmsis_gcc.h **** #endif
 116:Drivers/CMSIS/Include/cmsis_gcc.h **** #ifndef   __COMPILER_BARRIER
 117:Drivers/CMSIS/Include/cmsis_gcc.h ****   #define __COMPILER_BARRIER()                   __ASM volatile("":::"memory")
 118:Drivers/CMSIS/Include/cmsis_gcc.h **** #endif
 119:Drivers/CMSIS/Include/cmsis_gcc.h **** 
 120:Drivers/CMSIS/Include/cmsis_gcc.h **** /* #########################  Startup and Lowlevel Init  ######################## */
 121:Drivers/CMSIS/Include/cmsis_gcc.h **** 
 122:Drivers/CMSIS/Include/cmsis_gcc.h **** #ifndef __PROGRAM_START
 123:Drivers/CMSIS/Include/cmsis_gcc.h **** 
 124:Drivers/CMSIS/Include/cmsis_gcc.h **** /**
 125:Drivers/CMSIS/Include/cmsis_gcc.h ****   \brief   Initializes data and bss sections
 126:Drivers/CMSIS/Include/cmsis_gcc.h ****   \details This default implementations initialized all data and additional bss
 127:Drivers/CMSIS/Include/cmsis_gcc.h ****            sections relying on .copy.table and .zero.table specified properly
 128:Drivers/CMSIS/Include/cmsis_gcc.h ****            in the used linker script.
 129:Drivers/CMSIS/Include/cmsis_gcc.h ****   
 130:Drivers/CMSIS/Include/cmsis_gcc.h ****  */
 131:Drivers/CMSIS/Include/cmsis_gcc.h **** __STATIC_FORCEINLINE __NO_RETURN void __cmsis_start(void)
 132:Drivers/CMSIS/Include/cmsis_gcc.h **** {
 133:Drivers/CMSIS/Include/cmsis_gcc.h ****   extern void _start(void) __NO_RETURN;
 134:Drivers/CMSIS/Include/cmsis_gcc.h ****   
 135:Drivers/CMSIS/Include/cmsis_gcc.h ****   typedef struct {
 136:Drivers/CMSIS/Include/cmsis_gcc.h ****     uint32_t const* src;
 137:Drivers/CMSIS/Include/cmsis_gcc.h ****     uint32_t* dest;
 138:Drivers/CMSIS/Include/cmsis_gcc.h ****     uint32_t  wlen;
 139:Drivers/CMSIS/Include/cmsis_gcc.h ****   } __copy_table_t;
 140:Drivers/CMSIS/Include/cmsis_gcc.h ****   
 141:Drivers/CMSIS/Include/cmsis_gcc.h ****   typedef struct {
 142:Drivers/CMSIS/Include/cmsis_gcc.h ****     uint32_t* dest;
 143:Drivers/CMSIS/Include/cmsis_gcc.h ****     uint32_t  wlen;
 144:Drivers/CMSIS/Include/cmsis_gcc.h ****   } __zero_table_t;
 145:Drivers/CMSIS/Include/cmsis_gcc.h ****   
 146:Drivers/CMSIS/Include/cmsis_gcc.h ****   extern const __copy_table_t __copy_table_start__;
 147:Drivers/CMSIS/Include/cmsis_gcc.h ****   extern const __copy_table_t __copy_table_end__;
 148:Drivers/CMSIS/Include/cmsis_gcc.h ****   extern const __zero_table_t __zero_table_start__;
 149:Drivers/CMSIS/Include/cmsis_gcc.h ****   extern const __zero_table_t __zero_table_end__;
ARM GAS  C:\Users\l1234\AppData\Local\Temp\cc13EeWz.s 			page 27


 150:Drivers/CMSIS/Include/cmsis_gcc.h **** 
 151:Drivers/CMSIS/Include/cmsis_gcc.h ****   for (__copy_table_t const* pTable = &__copy_table_start__; pTable < &__copy_table_end__; ++pTable
 152:Drivers/CMSIS/Include/cmsis_gcc.h ****     for(uint32_t i=0u; i<pTable->wlen; ++i) {
 153:Drivers/CMSIS/Include/cmsis_gcc.h ****       pTable->dest[i] = pTable->src[i];
 154:Drivers/CMSIS/Include/cmsis_gcc.h ****     }
 155:Drivers/CMSIS/Include/cmsis_gcc.h ****   }
 156:Drivers/CMSIS/Include/cmsis_gcc.h ****  
 157:Drivers/CMSIS/Include/cmsis_gcc.h ****   for (__zero_table_t const* pTable = &__zero_table_start__; pTable < &__zero_table_end__; ++pTable
 158:Drivers/CMSIS/Include/cmsis_gcc.h ****     for(uint32_t i=0u; i<pTable->wlen; ++i) {
 159:Drivers/CMSIS/Include/cmsis_gcc.h ****       pTable->dest[i] = 0u;
 160:Drivers/CMSIS/Include/cmsis_gcc.h ****     }
 161:Drivers/CMSIS/Include/cmsis_gcc.h ****   }
 162:Drivers/CMSIS/Include/cmsis_gcc.h ****  
 163:Drivers/CMSIS/Include/cmsis_gcc.h ****   _start();
 164:Drivers/CMSIS/Include/cmsis_gcc.h **** }
 165:Drivers/CMSIS/Include/cmsis_gcc.h ****   
 166:Drivers/CMSIS/Include/cmsis_gcc.h **** #define __PROGRAM_START           __cmsis_start
 167:Drivers/CMSIS/Include/cmsis_gcc.h **** #endif
 168:Drivers/CMSIS/Include/cmsis_gcc.h **** 
 169:Drivers/CMSIS/Include/cmsis_gcc.h **** #ifndef __INITIAL_SP
 170:Drivers/CMSIS/Include/cmsis_gcc.h **** #define __INITIAL_SP              __StackTop
 171:Drivers/CMSIS/Include/cmsis_gcc.h **** #endif
 172:Drivers/CMSIS/Include/cmsis_gcc.h **** 
 173:Drivers/CMSIS/Include/cmsis_gcc.h **** #ifndef __STACK_LIMIT
 174:Drivers/CMSIS/Include/cmsis_gcc.h **** #define __STACK_LIMIT             __StackLimit
 175:Drivers/CMSIS/Include/cmsis_gcc.h **** #endif
 176:Drivers/CMSIS/Include/cmsis_gcc.h **** 
 177:Drivers/CMSIS/Include/cmsis_gcc.h **** #ifndef __VECTOR_TABLE
 178:Drivers/CMSIS/Include/cmsis_gcc.h **** #define __VECTOR_TABLE            __Vectors
 179:Drivers/CMSIS/Include/cmsis_gcc.h **** #endif
 180:Drivers/CMSIS/Include/cmsis_gcc.h **** 
 181:Drivers/CMSIS/Include/cmsis_gcc.h **** #ifndef __VECTOR_TABLE_ATTRIBUTE
 182:Drivers/CMSIS/Include/cmsis_gcc.h **** #define __VECTOR_TABLE_ATTRIBUTE  __attribute((used, section(".vectors")))
 183:Drivers/CMSIS/Include/cmsis_gcc.h **** #endif
 184:Drivers/CMSIS/Include/cmsis_gcc.h **** 
 185:Drivers/CMSIS/Include/cmsis_gcc.h **** /* ###########################  Core Function Access  ########################### */
 186:Drivers/CMSIS/Include/cmsis_gcc.h **** /** \ingroup  CMSIS_Core_FunctionInterface
 187:Drivers/CMSIS/Include/cmsis_gcc.h ****     \defgroup CMSIS_Core_RegAccFunctions CMSIS Core Register Access Functions
 188:Drivers/CMSIS/Include/cmsis_gcc.h ****   @{
 189:Drivers/CMSIS/Include/cmsis_gcc.h ****  */
 190:Drivers/CMSIS/Include/cmsis_gcc.h **** 
 191:Drivers/CMSIS/Include/cmsis_gcc.h **** /**
 192:Drivers/CMSIS/Include/cmsis_gcc.h ****   \brief   Enable IRQ Interrupts
 193:Drivers/CMSIS/Include/cmsis_gcc.h ****   \details Enables IRQ interrupts by clearing the I-bit in the CPSR.
 194:Drivers/CMSIS/Include/cmsis_gcc.h ****            Can only be executed in Privileged modes.
 195:Drivers/CMSIS/Include/cmsis_gcc.h ****  */
 196:Drivers/CMSIS/Include/cmsis_gcc.h **** __STATIC_FORCEINLINE void __enable_irq(void)
 197:Drivers/CMSIS/Include/cmsis_gcc.h **** {
 198:Drivers/CMSIS/Include/cmsis_gcc.h ****   __ASM volatile ("cpsie i" : : : "memory");
 199:Drivers/CMSIS/Include/cmsis_gcc.h **** }
 200:Drivers/CMSIS/Include/cmsis_gcc.h **** 
 201:Drivers/CMSIS/Include/cmsis_gcc.h **** 
 202:Drivers/CMSIS/Include/cmsis_gcc.h **** /**
 203:Drivers/CMSIS/Include/cmsis_gcc.h ****   \brief   Disable IRQ Interrupts
 204:Drivers/CMSIS/Include/cmsis_gcc.h ****   \details Disables IRQ interrupts by setting the I-bit in the CPSR.
 205:Drivers/CMSIS/Include/cmsis_gcc.h ****            Can only be executed in Privileged modes.
 206:Drivers/CMSIS/Include/cmsis_gcc.h ****  */
ARM GAS  C:\Users\l1234\AppData\Local\Temp\cc13EeWz.s 			page 28


 207:Drivers/CMSIS/Include/cmsis_gcc.h **** __STATIC_FORCEINLINE void __disable_irq(void)
 208:Drivers/CMSIS/Include/cmsis_gcc.h **** {
 209:Drivers/CMSIS/Include/cmsis_gcc.h ****   __ASM volatile ("cpsid i" : : : "memory");
 210:Drivers/CMSIS/Include/cmsis_gcc.h **** }
 211:Drivers/CMSIS/Include/cmsis_gcc.h **** 
 212:Drivers/CMSIS/Include/cmsis_gcc.h **** 
 213:Drivers/CMSIS/Include/cmsis_gcc.h **** /**
 214:Drivers/CMSIS/Include/cmsis_gcc.h ****   \brief   Get Control Register
 215:Drivers/CMSIS/Include/cmsis_gcc.h ****   \details Returns the content of the Control Register.
 216:Drivers/CMSIS/Include/cmsis_gcc.h ****   \return               Control Register value
 217:Drivers/CMSIS/Include/cmsis_gcc.h ****  */
 218:Drivers/CMSIS/Include/cmsis_gcc.h **** __STATIC_FORCEINLINE uint32_t __get_CONTROL(void)
 219:Drivers/CMSIS/Include/cmsis_gcc.h **** {
 220:Drivers/CMSIS/Include/cmsis_gcc.h ****   uint32_t result;
 221:Drivers/CMSIS/Include/cmsis_gcc.h **** 
 222:Drivers/CMSIS/Include/cmsis_gcc.h ****   __ASM volatile ("MRS %0, control" : "=r" (result) );
 223:Drivers/CMSIS/Include/cmsis_gcc.h ****   return(result);
 224:Drivers/CMSIS/Include/cmsis_gcc.h **** }
 225:Drivers/CMSIS/Include/cmsis_gcc.h **** 
 226:Drivers/CMSIS/Include/cmsis_gcc.h **** 
 227:Drivers/CMSIS/Include/cmsis_gcc.h **** #if (defined (__ARM_FEATURE_CMSE ) && (__ARM_FEATURE_CMSE == 3))
 228:Drivers/CMSIS/Include/cmsis_gcc.h **** /**
 229:Drivers/CMSIS/Include/cmsis_gcc.h ****   \brief   Get Control Register (non-secure)
 230:Drivers/CMSIS/Include/cmsis_gcc.h ****   \details Returns the content of the non-secure Control Register when in secure mode.
 231:Drivers/CMSIS/Include/cmsis_gcc.h ****   \return               non-secure Control Register value
 232:Drivers/CMSIS/Include/cmsis_gcc.h ****  */
 233:Drivers/CMSIS/Include/cmsis_gcc.h **** __STATIC_FORCEINLINE uint32_t __TZ_get_CONTROL_NS(void)
 234:Drivers/CMSIS/Include/cmsis_gcc.h **** {
 235:Drivers/CMSIS/Include/cmsis_gcc.h ****   uint32_t result;
 236:Drivers/CMSIS/Include/cmsis_gcc.h **** 
 237:Drivers/CMSIS/Include/cmsis_gcc.h ****   __ASM volatile ("MRS %0, control_ns" : "=r" (result) );
 238:Drivers/CMSIS/Include/cmsis_gcc.h ****   return(result);
 239:Drivers/CMSIS/Include/cmsis_gcc.h **** }
 240:Drivers/CMSIS/Include/cmsis_gcc.h **** #endif
 241:Drivers/CMSIS/Include/cmsis_gcc.h **** 
 242:Drivers/CMSIS/Include/cmsis_gcc.h **** 
 243:Drivers/CMSIS/Include/cmsis_gcc.h **** /**
 244:Drivers/CMSIS/Include/cmsis_gcc.h ****   \brief   Set Control Register
 245:Drivers/CMSIS/Include/cmsis_gcc.h ****   \details Writes the given value to the Control Register.
 246:Drivers/CMSIS/Include/cmsis_gcc.h ****   \param [in]    control  Control Register value to set
 247:Drivers/CMSIS/Include/cmsis_gcc.h ****  */
 248:Drivers/CMSIS/Include/cmsis_gcc.h **** __STATIC_FORCEINLINE void __set_CONTROL(uint32_t control)
 249:Drivers/CMSIS/Include/cmsis_gcc.h **** {
 250:Drivers/CMSIS/Include/cmsis_gcc.h ****   __ASM volatile ("MSR control, %0" : : "r" (control) : "memory");
 251:Drivers/CMSIS/Include/cmsis_gcc.h **** }
 252:Drivers/CMSIS/Include/cmsis_gcc.h **** 
 253:Drivers/CMSIS/Include/cmsis_gcc.h **** 
 254:Drivers/CMSIS/Include/cmsis_gcc.h **** #if (defined (__ARM_FEATURE_CMSE ) && (__ARM_FEATURE_CMSE == 3))
 255:Drivers/CMSIS/Include/cmsis_gcc.h **** /**
 256:Drivers/CMSIS/Include/cmsis_gcc.h ****   \brief   Set Control Register (non-secure)
 257:Drivers/CMSIS/Include/cmsis_gcc.h ****   \details Writes the given value to the non-secure Control Register when in secure state.
 258:Drivers/CMSIS/Include/cmsis_gcc.h ****   \param [in]    control  Control Register value to set
 259:Drivers/CMSIS/Include/cmsis_gcc.h ****  */
 260:Drivers/CMSIS/Include/cmsis_gcc.h **** __STATIC_FORCEINLINE void __TZ_set_CONTROL_NS(uint32_t control)
 261:Drivers/CMSIS/Include/cmsis_gcc.h **** {
 262:Drivers/CMSIS/Include/cmsis_gcc.h ****   __ASM volatile ("MSR control_ns, %0" : : "r" (control) : "memory");
 263:Drivers/CMSIS/Include/cmsis_gcc.h **** }
ARM GAS  C:\Users\l1234\AppData\Local\Temp\cc13EeWz.s 			page 29


 264:Drivers/CMSIS/Include/cmsis_gcc.h **** #endif
 265:Drivers/CMSIS/Include/cmsis_gcc.h **** 
 266:Drivers/CMSIS/Include/cmsis_gcc.h **** 
 267:Drivers/CMSIS/Include/cmsis_gcc.h **** /**
 268:Drivers/CMSIS/Include/cmsis_gcc.h ****   \brief   Get IPSR Register
 269:Drivers/CMSIS/Include/cmsis_gcc.h ****   \details Returns the content of the IPSR Register.
 270:Drivers/CMSIS/Include/cmsis_gcc.h ****   \return               IPSR Register value
 271:Drivers/CMSIS/Include/cmsis_gcc.h ****  */
 272:Drivers/CMSIS/Include/cmsis_gcc.h **** __STATIC_FORCEINLINE uint32_t __get_IPSR(void)
 273:Drivers/CMSIS/Include/cmsis_gcc.h **** {
 274:Drivers/CMSIS/Include/cmsis_gcc.h ****   uint32_t result;
 275:Drivers/CMSIS/Include/cmsis_gcc.h **** 
 276:Drivers/CMSIS/Include/cmsis_gcc.h ****   __ASM volatile ("MRS %0, ipsr" : "=r" (result) );
 277:Drivers/CMSIS/Include/cmsis_gcc.h ****   return(result);
 278:Drivers/CMSIS/Include/cmsis_gcc.h **** }
 279:Drivers/CMSIS/Include/cmsis_gcc.h **** 
 280:Drivers/CMSIS/Include/cmsis_gcc.h **** 
 281:Drivers/CMSIS/Include/cmsis_gcc.h **** /**
 282:Drivers/CMSIS/Include/cmsis_gcc.h ****   \brief   Get APSR Register
 283:Drivers/CMSIS/Include/cmsis_gcc.h ****   \details Returns the content of the APSR Register.
 284:Drivers/CMSIS/Include/cmsis_gcc.h ****   \return               APSR Register value
 285:Drivers/CMSIS/Include/cmsis_gcc.h ****  */
 286:Drivers/CMSIS/Include/cmsis_gcc.h **** __STATIC_FORCEINLINE uint32_t __get_APSR(void)
 287:Drivers/CMSIS/Include/cmsis_gcc.h **** {
 288:Drivers/CMSIS/Include/cmsis_gcc.h ****   uint32_t result;
 289:Drivers/CMSIS/Include/cmsis_gcc.h **** 
 290:Drivers/CMSIS/Include/cmsis_gcc.h ****   __ASM volatile ("MRS %0, apsr" : "=r" (result) );
 291:Drivers/CMSIS/Include/cmsis_gcc.h ****   return(result);
 292:Drivers/CMSIS/Include/cmsis_gcc.h **** }
 293:Drivers/CMSIS/Include/cmsis_gcc.h **** 
 294:Drivers/CMSIS/Include/cmsis_gcc.h **** 
 295:Drivers/CMSIS/Include/cmsis_gcc.h **** /**
 296:Drivers/CMSIS/Include/cmsis_gcc.h ****   \brief   Get xPSR Register
 297:Drivers/CMSIS/Include/cmsis_gcc.h ****   \details Returns the content of the xPSR Register.
 298:Drivers/CMSIS/Include/cmsis_gcc.h ****   \return               xPSR Register value
 299:Drivers/CMSIS/Include/cmsis_gcc.h ****  */
 300:Drivers/CMSIS/Include/cmsis_gcc.h **** __STATIC_FORCEINLINE uint32_t __get_xPSR(void)
 301:Drivers/CMSIS/Include/cmsis_gcc.h **** {
 302:Drivers/CMSIS/Include/cmsis_gcc.h ****   uint32_t result;
 303:Drivers/CMSIS/Include/cmsis_gcc.h **** 
 304:Drivers/CMSIS/Include/cmsis_gcc.h ****   __ASM volatile ("MRS %0, xpsr" : "=r" (result) );
 305:Drivers/CMSIS/Include/cmsis_gcc.h ****   return(result);
 306:Drivers/CMSIS/Include/cmsis_gcc.h **** }
 307:Drivers/CMSIS/Include/cmsis_gcc.h **** 
 308:Drivers/CMSIS/Include/cmsis_gcc.h **** 
 309:Drivers/CMSIS/Include/cmsis_gcc.h **** /**
 310:Drivers/CMSIS/Include/cmsis_gcc.h ****   \brief   Get Process Stack Pointer
 311:Drivers/CMSIS/Include/cmsis_gcc.h ****   \details Returns the current value of the Process Stack Pointer (PSP).
 312:Drivers/CMSIS/Include/cmsis_gcc.h ****   \return               PSP Register value
 313:Drivers/CMSIS/Include/cmsis_gcc.h ****  */
 314:Drivers/CMSIS/Include/cmsis_gcc.h **** __STATIC_FORCEINLINE uint32_t __get_PSP(void)
 315:Drivers/CMSIS/Include/cmsis_gcc.h **** {
 316:Drivers/CMSIS/Include/cmsis_gcc.h ****   uint32_t result;
 317:Drivers/CMSIS/Include/cmsis_gcc.h **** 
 318:Drivers/CMSIS/Include/cmsis_gcc.h ****   __ASM volatile ("MRS %0, psp"  : "=r" (result) );
 319:Drivers/CMSIS/Include/cmsis_gcc.h ****   return(result);
 320:Drivers/CMSIS/Include/cmsis_gcc.h **** }
ARM GAS  C:\Users\l1234\AppData\Local\Temp\cc13EeWz.s 			page 30


 321:Drivers/CMSIS/Include/cmsis_gcc.h **** 
 322:Drivers/CMSIS/Include/cmsis_gcc.h **** 
 323:Drivers/CMSIS/Include/cmsis_gcc.h **** #if (defined (__ARM_FEATURE_CMSE ) && (__ARM_FEATURE_CMSE == 3))
 324:Drivers/CMSIS/Include/cmsis_gcc.h **** /**
 325:Drivers/CMSIS/Include/cmsis_gcc.h ****   \brief   Get Process Stack Pointer (non-secure)
 326:Drivers/CMSIS/Include/cmsis_gcc.h ****   \details Returns the current value of the non-secure Process Stack Pointer (PSP) when in secure s
 327:Drivers/CMSIS/Include/cmsis_gcc.h ****   \return               PSP Register value
 328:Drivers/CMSIS/Include/cmsis_gcc.h ****  */
 329:Drivers/CMSIS/Include/cmsis_gcc.h **** __STATIC_FORCEINLINE uint32_t __TZ_get_PSP_NS(void)
 330:Drivers/CMSIS/Include/cmsis_gcc.h **** {
 331:Drivers/CMSIS/Include/cmsis_gcc.h ****   uint32_t result;
 332:Drivers/CMSIS/Include/cmsis_gcc.h **** 
 333:Drivers/CMSIS/Include/cmsis_gcc.h ****   __ASM volatile ("MRS %0, psp_ns"  : "=r" (result) );
 334:Drivers/CMSIS/Include/cmsis_gcc.h ****   return(result);
 335:Drivers/CMSIS/Include/cmsis_gcc.h **** }
 336:Drivers/CMSIS/Include/cmsis_gcc.h **** #endif
 337:Drivers/CMSIS/Include/cmsis_gcc.h **** 
 338:Drivers/CMSIS/Include/cmsis_gcc.h **** 
 339:Drivers/CMSIS/Include/cmsis_gcc.h **** /**
 340:Drivers/CMSIS/Include/cmsis_gcc.h ****   \brief   Set Process Stack Pointer
 341:Drivers/CMSIS/Include/cmsis_gcc.h ****   \details Assigns the given value to the Process Stack Pointer (PSP).
 342:Drivers/CMSIS/Include/cmsis_gcc.h ****   \param [in]    topOfProcStack  Process Stack Pointer value to set
 343:Drivers/CMSIS/Include/cmsis_gcc.h ****  */
 344:Drivers/CMSIS/Include/cmsis_gcc.h **** __STATIC_FORCEINLINE void __set_PSP(uint32_t topOfProcStack)
 345:Drivers/CMSIS/Include/cmsis_gcc.h **** {
 346:Drivers/CMSIS/Include/cmsis_gcc.h ****   __ASM volatile ("MSR psp, %0" : : "r" (topOfProcStack) : );
 347:Drivers/CMSIS/Include/cmsis_gcc.h **** }
 348:Drivers/CMSIS/Include/cmsis_gcc.h **** 
 349:Drivers/CMSIS/Include/cmsis_gcc.h **** 
 350:Drivers/CMSIS/Include/cmsis_gcc.h **** #if (defined (__ARM_FEATURE_CMSE ) && (__ARM_FEATURE_CMSE == 3))
 351:Drivers/CMSIS/Include/cmsis_gcc.h **** /**
 352:Drivers/CMSIS/Include/cmsis_gcc.h ****   \brief   Set Process Stack Pointer (non-secure)
 353:Drivers/CMSIS/Include/cmsis_gcc.h ****   \details Assigns the given value to the non-secure Process Stack Pointer (PSP) when in secure sta
 354:Drivers/CMSIS/Include/cmsis_gcc.h ****   \param [in]    topOfProcStack  Process Stack Pointer value to set
 355:Drivers/CMSIS/Include/cmsis_gcc.h ****  */
 356:Drivers/CMSIS/Include/cmsis_gcc.h **** __STATIC_FORCEINLINE void __TZ_set_PSP_NS(uint32_t topOfProcStack)
 357:Drivers/CMSIS/Include/cmsis_gcc.h **** {
 358:Drivers/CMSIS/Include/cmsis_gcc.h ****   __ASM volatile ("MSR psp_ns, %0" : : "r" (topOfProcStack) : );
 359:Drivers/CMSIS/Include/cmsis_gcc.h **** }
 360:Drivers/CMSIS/Include/cmsis_gcc.h **** #endif
 361:Drivers/CMSIS/Include/cmsis_gcc.h **** 
 362:Drivers/CMSIS/Include/cmsis_gcc.h **** 
 363:Drivers/CMSIS/Include/cmsis_gcc.h **** /**
 364:Drivers/CMSIS/Include/cmsis_gcc.h ****   \brief   Get Main Stack Pointer
 365:Drivers/CMSIS/Include/cmsis_gcc.h ****   \details Returns the current value of the Main Stack Pointer (MSP).
 366:Drivers/CMSIS/Include/cmsis_gcc.h ****   \return               MSP Register value
 367:Drivers/CMSIS/Include/cmsis_gcc.h ****  */
 368:Drivers/CMSIS/Include/cmsis_gcc.h **** __STATIC_FORCEINLINE uint32_t __get_MSP(void)
 369:Drivers/CMSIS/Include/cmsis_gcc.h **** {
 370:Drivers/CMSIS/Include/cmsis_gcc.h ****   uint32_t result;
 371:Drivers/CMSIS/Include/cmsis_gcc.h **** 
 372:Drivers/CMSIS/Include/cmsis_gcc.h ****   __ASM volatile ("MRS %0, msp" : "=r" (result) );
 373:Drivers/CMSIS/Include/cmsis_gcc.h ****   return(result);
 374:Drivers/CMSIS/Include/cmsis_gcc.h **** }
 375:Drivers/CMSIS/Include/cmsis_gcc.h **** 
 376:Drivers/CMSIS/Include/cmsis_gcc.h **** 
 377:Drivers/CMSIS/Include/cmsis_gcc.h **** #if (defined (__ARM_FEATURE_CMSE ) && (__ARM_FEATURE_CMSE == 3))
ARM GAS  C:\Users\l1234\AppData\Local\Temp\cc13EeWz.s 			page 31


 378:Drivers/CMSIS/Include/cmsis_gcc.h **** /**
 379:Drivers/CMSIS/Include/cmsis_gcc.h ****   \brief   Get Main Stack Pointer (non-secure)
 380:Drivers/CMSIS/Include/cmsis_gcc.h ****   \details Returns the current value of the non-secure Main Stack Pointer (MSP) when in secure stat
 381:Drivers/CMSIS/Include/cmsis_gcc.h ****   \return               MSP Register value
 382:Drivers/CMSIS/Include/cmsis_gcc.h ****  */
 383:Drivers/CMSIS/Include/cmsis_gcc.h **** __STATIC_FORCEINLINE uint32_t __TZ_get_MSP_NS(void)
 384:Drivers/CMSIS/Include/cmsis_gcc.h **** {
 385:Drivers/CMSIS/Include/cmsis_gcc.h ****   uint32_t result;
 386:Drivers/CMSIS/Include/cmsis_gcc.h **** 
 387:Drivers/CMSIS/Include/cmsis_gcc.h ****   __ASM volatile ("MRS %0, msp_ns" : "=r" (result) );
 388:Drivers/CMSIS/Include/cmsis_gcc.h ****   return(result);
 389:Drivers/CMSIS/Include/cmsis_gcc.h **** }
 390:Drivers/CMSIS/Include/cmsis_gcc.h **** #endif
 391:Drivers/CMSIS/Include/cmsis_gcc.h **** 
 392:Drivers/CMSIS/Include/cmsis_gcc.h **** 
 393:Drivers/CMSIS/Include/cmsis_gcc.h **** /**
 394:Drivers/CMSIS/Include/cmsis_gcc.h ****   \brief   Set Main Stack Pointer
 395:Drivers/CMSIS/Include/cmsis_gcc.h ****   \details Assigns the given value to the Main Stack Pointer (MSP).
 396:Drivers/CMSIS/Include/cmsis_gcc.h ****   \param [in]    topOfMainStack  Main Stack Pointer value to set
 397:Drivers/CMSIS/Include/cmsis_gcc.h ****  */
 398:Drivers/CMSIS/Include/cmsis_gcc.h **** __STATIC_FORCEINLINE void __set_MSP(uint32_t topOfMainStack)
 399:Drivers/CMSIS/Include/cmsis_gcc.h **** {
 400:Drivers/CMSIS/Include/cmsis_gcc.h ****   __ASM volatile ("MSR msp, %0" : : "r" (topOfMainStack) : );
 401:Drivers/CMSIS/Include/cmsis_gcc.h **** }
 402:Drivers/CMSIS/Include/cmsis_gcc.h **** 
 403:Drivers/CMSIS/Include/cmsis_gcc.h **** 
 404:Drivers/CMSIS/Include/cmsis_gcc.h **** #if (defined (__ARM_FEATURE_CMSE ) && (__ARM_FEATURE_CMSE == 3))
 405:Drivers/CMSIS/Include/cmsis_gcc.h **** /**
 406:Drivers/CMSIS/Include/cmsis_gcc.h ****   \brief   Set Main Stack Pointer (non-secure)
 407:Drivers/CMSIS/Include/cmsis_gcc.h ****   \details Assigns the given value to the non-secure Main Stack Pointer (MSP) when in secure state.
 408:Drivers/CMSIS/Include/cmsis_gcc.h ****   \param [in]    topOfMainStack  Main Stack Pointer value to set
 409:Drivers/CMSIS/Include/cmsis_gcc.h ****  */
 410:Drivers/CMSIS/Include/cmsis_gcc.h **** __STATIC_FORCEINLINE void __TZ_set_MSP_NS(uint32_t topOfMainStack)
 411:Drivers/CMSIS/Include/cmsis_gcc.h **** {
 412:Drivers/CMSIS/Include/cmsis_gcc.h ****   __ASM volatile ("MSR msp_ns, %0" : : "r" (topOfMainStack) : );
 413:Drivers/CMSIS/Include/cmsis_gcc.h **** }
 414:Drivers/CMSIS/Include/cmsis_gcc.h **** #endif
 415:Drivers/CMSIS/Include/cmsis_gcc.h **** 
 416:Drivers/CMSIS/Include/cmsis_gcc.h **** 
 417:Drivers/CMSIS/Include/cmsis_gcc.h **** #if (defined (__ARM_FEATURE_CMSE ) && (__ARM_FEATURE_CMSE == 3))
 418:Drivers/CMSIS/Include/cmsis_gcc.h **** /**
 419:Drivers/CMSIS/Include/cmsis_gcc.h ****   \brief   Get Stack Pointer (non-secure)
 420:Drivers/CMSIS/Include/cmsis_gcc.h ****   \details Returns the current value of the non-secure Stack Pointer (SP) when in secure state.
 421:Drivers/CMSIS/Include/cmsis_gcc.h ****   \return               SP Register value
 422:Drivers/CMSIS/Include/cmsis_gcc.h ****  */
 423:Drivers/CMSIS/Include/cmsis_gcc.h **** __STATIC_FORCEINLINE uint32_t __TZ_get_SP_NS(void)
 424:Drivers/CMSIS/Include/cmsis_gcc.h **** {
 425:Drivers/CMSIS/Include/cmsis_gcc.h ****   uint32_t result;
 426:Drivers/CMSIS/Include/cmsis_gcc.h **** 
 427:Drivers/CMSIS/Include/cmsis_gcc.h ****   __ASM volatile ("MRS %0, sp_ns" : "=r" (result) );
 428:Drivers/CMSIS/Include/cmsis_gcc.h ****   return(result);
 429:Drivers/CMSIS/Include/cmsis_gcc.h **** }
 430:Drivers/CMSIS/Include/cmsis_gcc.h **** 
 431:Drivers/CMSIS/Include/cmsis_gcc.h **** 
 432:Drivers/CMSIS/Include/cmsis_gcc.h **** /**
 433:Drivers/CMSIS/Include/cmsis_gcc.h ****   \brief   Set Stack Pointer (non-secure)
 434:Drivers/CMSIS/Include/cmsis_gcc.h ****   \details Assigns the given value to the non-secure Stack Pointer (SP) when in secure state.
ARM GAS  C:\Users\l1234\AppData\Local\Temp\cc13EeWz.s 			page 32


 435:Drivers/CMSIS/Include/cmsis_gcc.h ****   \param [in]    topOfStack  Stack Pointer value to set
 436:Drivers/CMSIS/Include/cmsis_gcc.h ****  */
 437:Drivers/CMSIS/Include/cmsis_gcc.h **** __STATIC_FORCEINLINE void __TZ_set_SP_NS(uint32_t topOfStack)
 438:Drivers/CMSIS/Include/cmsis_gcc.h **** {
 439:Drivers/CMSIS/Include/cmsis_gcc.h ****   __ASM volatile ("MSR sp_ns, %0" : : "r" (topOfStack) : );
 440:Drivers/CMSIS/Include/cmsis_gcc.h **** }
 441:Drivers/CMSIS/Include/cmsis_gcc.h **** #endif
 442:Drivers/CMSIS/Include/cmsis_gcc.h **** 
 443:Drivers/CMSIS/Include/cmsis_gcc.h **** 
 444:Drivers/CMSIS/Include/cmsis_gcc.h **** /**
 445:Drivers/CMSIS/Include/cmsis_gcc.h ****   \brief   Get Priority Mask
 446:Drivers/CMSIS/Include/cmsis_gcc.h ****   \details Returns the current state of the priority mask bit from the Priority Mask Register.
 447:Drivers/CMSIS/Include/cmsis_gcc.h ****   \return               Priority Mask value
 448:Drivers/CMSIS/Include/cmsis_gcc.h ****  */
 449:Drivers/CMSIS/Include/cmsis_gcc.h **** __STATIC_FORCEINLINE uint32_t __get_PRIMASK(void)
 450:Drivers/CMSIS/Include/cmsis_gcc.h **** {
 451:Drivers/CMSIS/Include/cmsis_gcc.h ****   uint32_t result;
 452:Drivers/CMSIS/Include/cmsis_gcc.h **** 
 453:Drivers/CMSIS/Include/cmsis_gcc.h ****   __ASM volatile ("MRS %0, primask" : "=r" (result) :: "memory");
 454:Drivers/CMSIS/Include/cmsis_gcc.h ****   return(result);
 455:Drivers/CMSIS/Include/cmsis_gcc.h **** }
 456:Drivers/CMSIS/Include/cmsis_gcc.h **** 
 457:Drivers/CMSIS/Include/cmsis_gcc.h **** 
 458:Drivers/CMSIS/Include/cmsis_gcc.h **** #if (defined (__ARM_FEATURE_CMSE ) && (__ARM_FEATURE_CMSE == 3))
 459:Drivers/CMSIS/Include/cmsis_gcc.h **** /**
 460:Drivers/CMSIS/Include/cmsis_gcc.h ****   \brief   Get Priority Mask (non-secure)
 461:Drivers/CMSIS/Include/cmsis_gcc.h ****   \details Returns the current state of the non-secure priority mask bit from the Priority Mask Reg
 462:Drivers/CMSIS/Include/cmsis_gcc.h ****   \return               Priority Mask value
 463:Drivers/CMSIS/Include/cmsis_gcc.h ****  */
 464:Drivers/CMSIS/Include/cmsis_gcc.h **** __STATIC_FORCEINLINE uint32_t __TZ_get_PRIMASK_NS(void)
 465:Drivers/CMSIS/Include/cmsis_gcc.h **** {
 466:Drivers/CMSIS/Include/cmsis_gcc.h ****   uint32_t result;
 467:Drivers/CMSIS/Include/cmsis_gcc.h **** 
 468:Drivers/CMSIS/Include/cmsis_gcc.h ****   __ASM volatile ("MRS %0, primask_ns" : "=r" (result) :: "memory");
 469:Drivers/CMSIS/Include/cmsis_gcc.h ****   return(result);
 470:Drivers/CMSIS/Include/cmsis_gcc.h **** }
 471:Drivers/CMSIS/Include/cmsis_gcc.h **** #endif
 472:Drivers/CMSIS/Include/cmsis_gcc.h **** 
 473:Drivers/CMSIS/Include/cmsis_gcc.h **** 
 474:Drivers/CMSIS/Include/cmsis_gcc.h **** /**
 475:Drivers/CMSIS/Include/cmsis_gcc.h ****   \brief   Set Priority Mask
 476:Drivers/CMSIS/Include/cmsis_gcc.h ****   \details Assigns the given value to the Priority Mask Register.
 477:Drivers/CMSIS/Include/cmsis_gcc.h ****   \param [in]    priMask  Priority Mask
 478:Drivers/CMSIS/Include/cmsis_gcc.h ****  */
 479:Drivers/CMSIS/Include/cmsis_gcc.h **** __STATIC_FORCEINLINE void __set_PRIMASK(uint32_t priMask)
 480:Drivers/CMSIS/Include/cmsis_gcc.h **** {
 481:Drivers/CMSIS/Include/cmsis_gcc.h ****   __ASM volatile ("MSR primask, %0" : : "r" (priMask) : "memory");
 482:Drivers/CMSIS/Include/cmsis_gcc.h **** }
 483:Drivers/CMSIS/Include/cmsis_gcc.h **** 
 484:Drivers/CMSIS/Include/cmsis_gcc.h **** 
 485:Drivers/CMSIS/Include/cmsis_gcc.h **** #if (defined (__ARM_FEATURE_CMSE ) && (__ARM_FEATURE_CMSE == 3))
 486:Drivers/CMSIS/Include/cmsis_gcc.h **** /**
 487:Drivers/CMSIS/Include/cmsis_gcc.h ****   \brief   Set Priority Mask (non-secure)
 488:Drivers/CMSIS/Include/cmsis_gcc.h ****   \details Assigns the given value to the non-secure Priority Mask Register when in secure state.
 489:Drivers/CMSIS/Include/cmsis_gcc.h ****   \param [in]    priMask  Priority Mask
 490:Drivers/CMSIS/Include/cmsis_gcc.h ****  */
 491:Drivers/CMSIS/Include/cmsis_gcc.h **** __STATIC_FORCEINLINE void __TZ_set_PRIMASK_NS(uint32_t priMask)
ARM GAS  C:\Users\l1234\AppData\Local\Temp\cc13EeWz.s 			page 33


 492:Drivers/CMSIS/Include/cmsis_gcc.h **** {
 493:Drivers/CMSIS/Include/cmsis_gcc.h ****   __ASM volatile ("MSR primask_ns, %0" : : "r" (priMask) : "memory");
 494:Drivers/CMSIS/Include/cmsis_gcc.h **** }
 495:Drivers/CMSIS/Include/cmsis_gcc.h **** #endif
 496:Drivers/CMSIS/Include/cmsis_gcc.h **** 
 497:Drivers/CMSIS/Include/cmsis_gcc.h **** 
 498:Drivers/CMSIS/Include/cmsis_gcc.h **** #if ((defined (__ARM_ARCH_7M__      ) && (__ARM_ARCH_7M__      == 1)) || \
 499:Drivers/CMSIS/Include/cmsis_gcc.h ****      (defined (__ARM_ARCH_7EM__     ) && (__ARM_ARCH_7EM__     == 1)) || \
 500:Drivers/CMSIS/Include/cmsis_gcc.h ****      (defined (__ARM_ARCH_8M_MAIN__ ) && (__ARM_ARCH_8M_MAIN__ == 1))    )
 501:Drivers/CMSIS/Include/cmsis_gcc.h **** /**
 502:Drivers/CMSIS/Include/cmsis_gcc.h ****   \brief   Enable FIQ
 503:Drivers/CMSIS/Include/cmsis_gcc.h ****   \details Enables FIQ interrupts by clearing the F-bit in the CPSR.
 504:Drivers/CMSIS/Include/cmsis_gcc.h ****            Can only be executed in Privileged modes.
 505:Drivers/CMSIS/Include/cmsis_gcc.h ****  */
 506:Drivers/CMSIS/Include/cmsis_gcc.h **** __STATIC_FORCEINLINE void __enable_fault_irq(void)
 507:Drivers/CMSIS/Include/cmsis_gcc.h **** {
 508:Drivers/CMSIS/Include/cmsis_gcc.h ****   __ASM volatile ("cpsie f" : : : "memory");
 509:Drivers/CMSIS/Include/cmsis_gcc.h **** }
 510:Drivers/CMSIS/Include/cmsis_gcc.h **** 
 511:Drivers/CMSIS/Include/cmsis_gcc.h **** 
 512:Drivers/CMSIS/Include/cmsis_gcc.h **** /**
 513:Drivers/CMSIS/Include/cmsis_gcc.h ****   \brief   Disable FIQ
 514:Drivers/CMSIS/Include/cmsis_gcc.h ****   \details Disables FIQ interrupts by setting the F-bit in the CPSR.
 515:Drivers/CMSIS/Include/cmsis_gcc.h ****            Can only be executed in Privileged modes.
 516:Drivers/CMSIS/Include/cmsis_gcc.h ****  */
 517:Drivers/CMSIS/Include/cmsis_gcc.h **** __STATIC_FORCEINLINE void __disable_fault_irq(void)
 518:Drivers/CMSIS/Include/cmsis_gcc.h **** {
 519:Drivers/CMSIS/Include/cmsis_gcc.h ****   __ASM volatile ("cpsid f" : : : "memory");
 520:Drivers/CMSIS/Include/cmsis_gcc.h **** }
 521:Drivers/CMSIS/Include/cmsis_gcc.h **** 
 522:Drivers/CMSIS/Include/cmsis_gcc.h **** 
 523:Drivers/CMSIS/Include/cmsis_gcc.h **** /**
 524:Drivers/CMSIS/Include/cmsis_gcc.h ****   \brief   Get Base Priority
 525:Drivers/CMSIS/Include/cmsis_gcc.h ****   \details Returns the current value of the Base Priority register.
 526:Drivers/CMSIS/Include/cmsis_gcc.h ****   \return               Base Priority register value
 527:Drivers/CMSIS/Include/cmsis_gcc.h ****  */
 528:Drivers/CMSIS/Include/cmsis_gcc.h **** __STATIC_FORCEINLINE uint32_t __get_BASEPRI(void)
 529:Drivers/CMSIS/Include/cmsis_gcc.h **** {
 530:Drivers/CMSIS/Include/cmsis_gcc.h ****   uint32_t result;
 531:Drivers/CMSIS/Include/cmsis_gcc.h **** 
 532:Drivers/CMSIS/Include/cmsis_gcc.h ****   __ASM volatile ("MRS %0, basepri" : "=r" (result) );
 533:Drivers/CMSIS/Include/cmsis_gcc.h ****   return(result);
 534:Drivers/CMSIS/Include/cmsis_gcc.h **** }
 535:Drivers/CMSIS/Include/cmsis_gcc.h **** 
 536:Drivers/CMSIS/Include/cmsis_gcc.h **** 
 537:Drivers/CMSIS/Include/cmsis_gcc.h **** #if (defined (__ARM_FEATURE_CMSE ) && (__ARM_FEATURE_CMSE == 3))
 538:Drivers/CMSIS/Include/cmsis_gcc.h **** /**
 539:Drivers/CMSIS/Include/cmsis_gcc.h ****   \brief   Get Base Priority (non-secure)
 540:Drivers/CMSIS/Include/cmsis_gcc.h ****   \details Returns the current value of the non-secure Base Priority register when in secure state.
 541:Drivers/CMSIS/Include/cmsis_gcc.h ****   \return               Base Priority register value
 542:Drivers/CMSIS/Include/cmsis_gcc.h ****  */
 543:Drivers/CMSIS/Include/cmsis_gcc.h **** __STATIC_FORCEINLINE uint32_t __TZ_get_BASEPRI_NS(void)
 544:Drivers/CMSIS/Include/cmsis_gcc.h **** {
 545:Drivers/CMSIS/Include/cmsis_gcc.h ****   uint32_t result;
 546:Drivers/CMSIS/Include/cmsis_gcc.h **** 
 547:Drivers/CMSIS/Include/cmsis_gcc.h ****   __ASM volatile ("MRS %0, basepri_ns" : "=r" (result) );
 548:Drivers/CMSIS/Include/cmsis_gcc.h ****   return(result);
ARM GAS  C:\Users\l1234\AppData\Local\Temp\cc13EeWz.s 			page 34


 549:Drivers/CMSIS/Include/cmsis_gcc.h **** }
 550:Drivers/CMSIS/Include/cmsis_gcc.h **** #endif
 551:Drivers/CMSIS/Include/cmsis_gcc.h **** 
 552:Drivers/CMSIS/Include/cmsis_gcc.h **** 
 553:Drivers/CMSIS/Include/cmsis_gcc.h **** /**
 554:Drivers/CMSIS/Include/cmsis_gcc.h ****   \brief   Set Base Priority
 555:Drivers/CMSIS/Include/cmsis_gcc.h ****   \details Assigns the given value to the Base Priority register.
 556:Drivers/CMSIS/Include/cmsis_gcc.h ****   \param [in]    basePri  Base Priority value to set
 557:Drivers/CMSIS/Include/cmsis_gcc.h ****  */
 558:Drivers/CMSIS/Include/cmsis_gcc.h **** __STATIC_FORCEINLINE void __set_BASEPRI(uint32_t basePri)
 559:Drivers/CMSIS/Include/cmsis_gcc.h **** {
 560:Drivers/CMSIS/Include/cmsis_gcc.h ****   __ASM volatile ("MSR basepri, %0" : : "r" (basePri) : "memory");
 561:Drivers/CMSIS/Include/cmsis_gcc.h **** }
 562:Drivers/CMSIS/Include/cmsis_gcc.h **** 
 563:Drivers/CMSIS/Include/cmsis_gcc.h **** 
 564:Drivers/CMSIS/Include/cmsis_gcc.h **** #if (defined (__ARM_FEATURE_CMSE ) && (__ARM_FEATURE_CMSE == 3))
 565:Drivers/CMSIS/Include/cmsis_gcc.h **** /**
 566:Drivers/CMSIS/Include/cmsis_gcc.h ****   \brief   Set Base Priority (non-secure)
 567:Drivers/CMSIS/Include/cmsis_gcc.h ****   \details Assigns the given value to the non-secure Base Priority register when in secure state.
 568:Drivers/CMSIS/Include/cmsis_gcc.h ****   \param [in]    basePri  Base Priority value to set
 569:Drivers/CMSIS/Include/cmsis_gcc.h ****  */
 570:Drivers/CMSIS/Include/cmsis_gcc.h **** __STATIC_FORCEINLINE void __TZ_set_BASEPRI_NS(uint32_t basePri)
 571:Drivers/CMSIS/Include/cmsis_gcc.h **** {
 572:Drivers/CMSIS/Include/cmsis_gcc.h ****   __ASM volatile ("MSR basepri_ns, %0" : : "r" (basePri) : "memory");
 573:Drivers/CMSIS/Include/cmsis_gcc.h **** }
 574:Drivers/CMSIS/Include/cmsis_gcc.h **** #endif
 575:Drivers/CMSIS/Include/cmsis_gcc.h **** 
 576:Drivers/CMSIS/Include/cmsis_gcc.h **** 
 577:Drivers/CMSIS/Include/cmsis_gcc.h **** /**
 578:Drivers/CMSIS/Include/cmsis_gcc.h ****   \brief   Set Base Priority with condition
 579:Drivers/CMSIS/Include/cmsis_gcc.h ****   \details Assigns the given value to the Base Priority register only if BASEPRI masking is disable
 580:Drivers/CMSIS/Include/cmsis_gcc.h ****            or the new value increases the BASEPRI priority level.
 581:Drivers/CMSIS/Include/cmsis_gcc.h ****   \param [in]    basePri  Base Priority value to set
 582:Drivers/CMSIS/Include/cmsis_gcc.h ****  */
 583:Drivers/CMSIS/Include/cmsis_gcc.h **** __STATIC_FORCEINLINE void __set_BASEPRI_MAX(uint32_t basePri)
 584:Drivers/CMSIS/Include/cmsis_gcc.h **** {
 585:Drivers/CMSIS/Include/cmsis_gcc.h ****   __ASM volatile ("MSR basepri_max, %0" : : "r" (basePri) : "memory");
 586:Drivers/CMSIS/Include/cmsis_gcc.h **** }
 587:Drivers/CMSIS/Include/cmsis_gcc.h **** 
 588:Drivers/CMSIS/Include/cmsis_gcc.h **** 
 589:Drivers/CMSIS/Include/cmsis_gcc.h **** /**
 590:Drivers/CMSIS/Include/cmsis_gcc.h ****   \brief   Get Fault Mask
 591:Drivers/CMSIS/Include/cmsis_gcc.h ****   \details Returns the current value of the Fault Mask register.
 592:Drivers/CMSIS/Include/cmsis_gcc.h ****   \return               Fault Mask register value
 593:Drivers/CMSIS/Include/cmsis_gcc.h ****  */
 594:Drivers/CMSIS/Include/cmsis_gcc.h **** __STATIC_FORCEINLINE uint32_t __get_FAULTMASK(void)
 595:Drivers/CMSIS/Include/cmsis_gcc.h **** {
 596:Drivers/CMSIS/Include/cmsis_gcc.h ****   uint32_t result;
 597:Drivers/CMSIS/Include/cmsis_gcc.h **** 
 598:Drivers/CMSIS/Include/cmsis_gcc.h ****   __ASM volatile ("MRS %0, faultmask" : "=r" (result) );
 599:Drivers/CMSIS/Include/cmsis_gcc.h ****   return(result);
 600:Drivers/CMSIS/Include/cmsis_gcc.h **** }
 601:Drivers/CMSIS/Include/cmsis_gcc.h **** 
 602:Drivers/CMSIS/Include/cmsis_gcc.h **** 
 603:Drivers/CMSIS/Include/cmsis_gcc.h **** #if (defined (__ARM_FEATURE_CMSE ) && (__ARM_FEATURE_CMSE == 3))
 604:Drivers/CMSIS/Include/cmsis_gcc.h **** /**
 605:Drivers/CMSIS/Include/cmsis_gcc.h ****   \brief   Get Fault Mask (non-secure)
ARM GAS  C:\Users\l1234\AppData\Local\Temp\cc13EeWz.s 			page 35


 606:Drivers/CMSIS/Include/cmsis_gcc.h ****   \details Returns the current value of the non-secure Fault Mask register when in secure state.
 607:Drivers/CMSIS/Include/cmsis_gcc.h ****   \return               Fault Mask register value
 608:Drivers/CMSIS/Include/cmsis_gcc.h ****  */
 609:Drivers/CMSIS/Include/cmsis_gcc.h **** __STATIC_FORCEINLINE uint32_t __TZ_get_FAULTMASK_NS(void)
 610:Drivers/CMSIS/Include/cmsis_gcc.h **** {
 611:Drivers/CMSIS/Include/cmsis_gcc.h ****   uint32_t result;
 612:Drivers/CMSIS/Include/cmsis_gcc.h **** 
 613:Drivers/CMSIS/Include/cmsis_gcc.h ****   __ASM volatile ("MRS %0, faultmask_ns" : "=r" (result) );
 614:Drivers/CMSIS/Include/cmsis_gcc.h ****   return(result);
 615:Drivers/CMSIS/Include/cmsis_gcc.h **** }
 616:Drivers/CMSIS/Include/cmsis_gcc.h **** #endif
 617:Drivers/CMSIS/Include/cmsis_gcc.h **** 
 618:Drivers/CMSIS/Include/cmsis_gcc.h **** 
 619:Drivers/CMSIS/Include/cmsis_gcc.h **** /**
 620:Drivers/CMSIS/Include/cmsis_gcc.h ****   \brief   Set Fault Mask
 621:Drivers/CMSIS/Include/cmsis_gcc.h ****   \details Assigns the given value to the Fault Mask register.
 622:Drivers/CMSIS/Include/cmsis_gcc.h ****   \param [in]    faultMask  Fault Mask value to set
 623:Drivers/CMSIS/Include/cmsis_gcc.h ****  */
 624:Drivers/CMSIS/Include/cmsis_gcc.h **** __STATIC_FORCEINLINE void __set_FAULTMASK(uint32_t faultMask)
 625:Drivers/CMSIS/Include/cmsis_gcc.h **** {
 626:Drivers/CMSIS/Include/cmsis_gcc.h ****   __ASM volatile ("MSR faultmask, %0" : : "r" (faultMask) : "memory");
 627:Drivers/CMSIS/Include/cmsis_gcc.h **** }
 628:Drivers/CMSIS/Include/cmsis_gcc.h **** 
 629:Drivers/CMSIS/Include/cmsis_gcc.h **** 
 630:Drivers/CMSIS/Include/cmsis_gcc.h **** #if (defined (__ARM_FEATURE_CMSE ) && (__ARM_FEATURE_CMSE == 3))
 631:Drivers/CMSIS/Include/cmsis_gcc.h **** /**
 632:Drivers/CMSIS/Include/cmsis_gcc.h ****   \brief   Set Fault Mask (non-secure)
 633:Drivers/CMSIS/Include/cmsis_gcc.h ****   \details Assigns the given value to the non-secure Fault Mask register when in secure state.
 634:Drivers/CMSIS/Include/cmsis_gcc.h ****   \param [in]    faultMask  Fault Mask value to set
 635:Drivers/CMSIS/Include/cmsis_gcc.h ****  */
 636:Drivers/CMSIS/Include/cmsis_gcc.h **** __STATIC_FORCEINLINE void __TZ_set_FAULTMASK_NS(uint32_t faultMask)
 637:Drivers/CMSIS/Include/cmsis_gcc.h **** {
 638:Drivers/CMSIS/Include/cmsis_gcc.h ****   __ASM volatile ("MSR faultmask_ns, %0" : : "r" (faultMask) : "memory");
 639:Drivers/CMSIS/Include/cmsis_gcc.h **** }
 640:Drivers/CMSIS/Include/cmsis_gcc.h **** #endif
 641:Drivers/CMSIS/Include/cmsis_gcc.h **** 
 642:Drivers/CMSIS/Include/cmsis_gcc.h **** #endif /* ((defined (__ARM_ARCH_7M__      ) && (__ARM_ARCH_7M__      == 1)) || \
 643:Drivers/CMSIS/Include/cmsis_gcc.h ****            (defined (__ARM_ARCH_7EM__     ) && (__ARM_ARCH_7EM__     == 1)) || \
 644:Drivers/CMSIS/Include/cmsis_gcc.h ****            (defined (__ARM_ARCH_8M_MAIN__ ) && (__ARM_ARCH_8M_MAIN__ == 1))    ) */
 645:Drivers/CMSIS/Include/cmsis_gcc.h **** 
 646:Drivers/CMSIS/Include/cmsis_gcc.h **** 
 647:Drivers/CMSIS/Include/cmsis_gcc.h **** #if ((defined (__ARM_ARCH_8M_MAIN__ ) && (__ARM_ARCH_8M_MAIN__ == 1)) || \
 648:Drivers/CMSIS/Include/cmsis_gcc.h ****      (defined (__ARM_ARCH_8M_BASE__ ) && (__ARM_ARCH_8M_BASE__ == 1))    )
 649:Drivers/CMSIS/Include/cmsis_gcc.h **** 
 650:Drivers/CMSIS/Include/cmsis_gcc.h **** /**
 651:Drivers/CMSIS/Include/cmsis_gcc.h ****   \brief   Get Process Stack Pointer Limit
 652:Drivers/CMSIS/Include/cmsis_gcc.h ****   Devices without ARMv8-M Main Extensions (i.e. Cortex-M23) lack the non-secure
 653:Drivers/CMSIS/Include/cmsis_gcc.h ****   Stack Pointer Limit register hence zero is returned always in non-secure
 654:Drivers/CMSIS/Include/cmsis_gcc.h ****   mode.
 655:Drivers/CMSIS/Include/cmsis_gcc.h ****   
 656:Drivers/CMSIS/Include/cmsis_gcc.h ****   \details Returns the current value of the Process Stack Pointer Limit (PSPLIM).
 657:Drivers/CMSIS/Include/cmsis_gcc.h ****   \return               PSPLIM Register value
 658:Drivers/CMSIS/Include/cmsis_gcc.h ****  */
 659:Drivers/CMSIS/Include/cmsis_gcc.h **** __STATIC_FORCEINLINE uint32_t __get_PSPLIM(void)
 660:Drivers/CMSIS/Include/cmsis_gcc.h **** {
 661:Drivers/CMSIS/Include/cmsis_gcc.h **** #if (!(defined (__ARM_ARCH_8M_MAIN__ ) && (__ARM_ARCH_8M_MAIN__ == 1)) && \
 662:Drivers/CMSIS/Include/cmsis_gcc.h ****     (!defined (__ARM_FEATURE_CMSE) || (__ARM_FEATURE_CMSE < 3)))
ARM GAS  C:\Users\l1234\AppData\Local\Temp\cc13EeWz.s 			page 36


 663:Drivers/CMSIS/Include/cmsis_gcc.h ****     // without main extensions, the non-secure PSPLIM is RAZ/WI
 664:Drivers/CMSIS/Include/cmsis_gcc.h ****   return 0U;
 665:Drivers/CMSIS/Include/cmsis_gcc.h **** #else
 666:Drivers/CMSIS/Include/cmsis_gcc.h ****   uint32_t result;
 667:Drivers/CMSIS/Include/cmsis_gcc.h ****   __ASM volatile ("MRS %0, psplim"  : "=r" (result) );
 668:Drivers/CMSIS/Include/cmsis_gcc.h ****   return result;
 669:Drivers/CMSIS/Include/cmsis_gcc.h **** #endif
 670:Drivers/CMSIS/Include/cmsis_gcc.h **** }
 671:Drivers/CMSIS/Include/cmsis_gcc.h **** 
 672:Drivers/CMSIS/Include/cmsis_gcc.h **** #if (defined (__ARM_FEATURE_CMSE) && (__ARM_FEATURE_CMSE == 3))
 673:Drivers/CMSIS/Include/cmsis_gcc.h **** /**
 674:Drivers/CMSIS/Include/cmsis_gcc.h ****   \brief   Get Process Stack Pointer Limit (non-secure)
 675:Drivers/CMSIS/Include/cmsis_gcc.h ****   Devices without ARMv8-M Main Extensions (i.e. Cortex-M23) lack the non-secure
 676:Drivers/CMSIS/Include/cmsis_gcc.h ****   Stack Pointer Limit register hence zero is returned always.
 677:Drivers/CMSIS/Include/cmsis_gcc.h **** 
 678:Drivers/CMSIS/Include/cmsis_gcc.h ****   \details Returns the current value of the non-secure Process Stack Pointer Limit (PSPLIM) when in
 679:Drivers/CMSIS/Include/cmsis_gcc.h ****   \return               PSPLIM Register value
 680:Drivers/CMSIS/Include/cmsis_gcc.h ****  */
 681:Drivers/CMSIS/Include/cmsis_gcc.h **** __STATIC_FORCEINLINE uint32_t __TZ_get_PSPLIM_NS(void)
 682:Drivers/CMSIS/Include/cmsis_gcc.h **** {
 683:Drivers/CMSIS/Include/cmsis_gcc.h **** #if (!(defined (__ARM_ARCH_8M_MAIN__ ) && (__ARM_ARCH_8M_MAIN__ == 1)))
 684:Drivers/CMSIS/Include/cmsis_gcc.h ****   // without main extensions, the non-secure PSPLIM is RAZ/WI
 685:Drivers/CMSIS/Include/cmsis_gcc.h ****   return 0U;
 686:Drivers/CMSIS/Include/cmsis_gcc.h **** #else
 687:Drivers/CMSIS/Include/cmsis_gcc.h ****   uint32_t result;
 688:Drivers/CMSIS/Include/cmsis_gcc.h ****   __ASM volatile ("MRS %0, psplim_ns"  : "=r" (result) );
 689:Drivers/CMSIS/Include/cmsis_gcc.h ****   return result;
 690:Drivers/CMSIS/Include/cmsis_gcc.h **** #endif
 691:Drivers/CMSIS/Include/cmsis_gcc.h **** }
 692:Drivers/CMSIS/Include/cmsis_gcc.h **** #endif
 693:Drivers/CMSIS/Include/cmsis_gcc.h **** 
 694:Drivers/CMSIS/Include/cmsis_gcc.h **** 
 695:Drivers/CMSIS/Include/cmsis_gcc.h **** /**
 696:Drivers/CMSIS/Include/cmsis_gcc.h ****   \brief   Set Process Stack Pointer Limit
 697:Drivers/CMSIS/Include/cmsis_gcc.h ****   Devices without ARMv8-M Main Extensions (i.e. Cortex-M23) lack the non-secure
 698:Drivers/CMSIS/Include/cmsis_gcc.h ****   Stack Pointer Limit register hence the write is silently ignored in non-secure
 699:Drivers/CMSIS/Include/cmsis_gcc.h ****   mode.
 700:Drivers/CMSIS/Include/cmsis_gcc.h ****   
 701:Drivers/CMSIS/Include/cmsis_gcc.h ****   \details Assigns the given value to the Process Stack Pointer Limit (PSPLIM).
 702:Drivers/CMSIS/Include/cmsis_gcc.h ****   \param [in]    ProcStackPtrLimit  Process Stack Pointer Limit value to set
 703:Drivers/CMSIS/Include/cmsis_gcc.h ****  */
 704:Drivers/CMSIS/Include/cmsis_gcc.h **** __STATIC_FORCEINLINE void __set_PSPLIM(uint32_t ProcStackPtrLimit)
 705:Drivers/CMSIS/Include/cmsis_gcc.h **** {
 706:Drivers/CMSIS/Include/cmsis_gcc.h **** #if (!(defined (__ARM_ARCH_8M_MAIN__ ) && (__ARM_ARCH_8M_MAIN__ == 1)) && \
 707:Drivers/CMSIS/Include/cmsis_gcc.h ****     (!defined (__ARM_FEATURE_CMSE) || (__ARM_FEATURE_CMSE < 3)))
 708:Drivers/CMSIS/Include/cmsis_gcc.h ****   // without main extensions, the non-secure PSPLIM is RAZ/WI
 709:Drivers/CMSIS/Include/cmsis_gcc.h ****   (void)ProcStackPtrLimit;
 710:Drivers/CMSIS/Include/cmsis_gcc.h **** #else
 711:Drivers/CMSIS/Include/cmsis_gcc.h ****   __ASM volatile ("MSR psplim, %0" : : "r" (ProcStackPtrLimit));
 712:Drivers/CMSIS/Include/cmsis_gcc.h **** #endif
 713:Drivers/CMSIS/Include/cmsis_gcc.h **** }
 714:Drivers/CMSIS/Include/cmsis_gcc.h **** 
 715:Drivers/CMSIS/Include/cmsis_gcc.h **** 
 716:Drivers/CMSIS/Include/cmsis_gcc.h **** #if (defined (__ARM_FEATURE_CMSE  ) && (__ARM_FEATURE_CMSE   == 3))
 717:Drivers/CMSIS/Include/cmsis_gcc.h **** /**
 718:Drivers/CMSIS/Include/cmsis_gcc.h ****   \brief   Set Process Stack Pointer (non-secure)
 719:Drivers/CMSIS/Include/cmsis_gcc.h ****   Devices without ARMv8-M Main Extensions (i.e. Cortex-M23) lack the non-secure
ARM GAS  C:\Users\l1234\AppData\Local\Temp\cc13EeWz.s 			page 37


 720:Drivers/CMSIS/Include/cmsis_gcc.h ****   Stack Pointer Limit register hence the write is silently ignored.
 721:Drivers/CMSIS/Include/cmsis_gcc.h **** 
 722:Drivers/CMSIS/Include/cmsis_gcc.h ****   \details Assigns the given value to the non-secure Process Stack Pointer Limit (PSPLIM) when in s
 723:Drivers/CMSIS/Include/cmsis_gcc.h ****   \param [in]    ProcStackPtrLimit  Process Stack Pointer Limit value to set
 724:Drivers/CMSIS/Include/cmsis_gcc.h ****  */
 725:Drivers/CMSIS/Include/cmsis_gcc.h **** __STATIC_FORCEINLINE void __TZ_set_PSPLIM_NS(uint32_t ProcStackPtrLimit)
 726:Drivers/CMSIS/Include/cmsis_gcc.h **** {
 727:Drivers/CMSIS/Include/cmsis_gcc.h **** #if (!(defined (__ARM_ARCH_8M_MAIN__ ) && (__ARM_ARCH_8M_MAIN__ == 1)))
 728:Drivers/CMSIS/Include/cmsis_gcc.h ****   // without main extensions, the non-secure PSPLIM is RAZ/WI
 729:Drivers/CMSIS/Include/cmsis_gcc.h ****   (void)ProcStackPtrLimit;
 730:Drivers/CMSIS/Include/cmsis_gcc.h **** #else
 731:Drivers/CMSIS/Include/cmsis_gcc.h ****   __ASM volatile ("MSR psplim_ns, %0\n" : : "r" (ProcStackPtrLimit));
 732:Drivers/CMSIS/Include/cmsis_gcc.h **** #endif
 733:Drivers/CMSIS/Include/cmsis_gcc.h **** }
 734:Drivers/CMSIS/Include/cmsis_gcc.h **** #endif
 735:Drivers/CMSIS/Include/cmsis_gcc.h **** 
 736:Drivers/CMSIS/Include/cmsis_gcc.h **** 
 737:Drivers/CMSIS/Include/cmsis_gcc.h **** /**
 738:Drivers/CMSIS/Include/cmsis_gcc.h ****   \brief   Get Main Stack Pointer Limit
 739:Drivers/CMSIS/Include/cmsis_gcc.h ****   Devices without ARMv8-M Main Extensions (i.e. Cortex-M23) lack the non-secure
 740:Drivers/CMSIS/Include/cmsis_gcc.h ****   Stack Pointer Limit register hence zero is returned always in non-secure
 741:Drivers/CMSIS/Include/cmsis_gcc.h ****   mode.
 742:Drivers/CMSIS/Include/cmsis_gcc.h **** 
 743:Drivers/CMSIS/Include/cmsis_gcc.h ****   \details Returns the current value of the Main Stack Pointer Limit (MSPLIM).
 744:Drivers/CMSIS/Include/cmsis_gcc.h ****   \return               MSPLIM Register value
 745:Drivers/CMSIS/Include/cmsis_gcc.h ****  */
 746:Drivers/CMSIS/Include/cmsis_gcc.h **** __STATIC_FORCEINLINE uint32_t __get_MSPLIM(void)
 747:Drivers/CMSIS/Include/cmsis_gcc.h **** {
 748:Drivers/CMSIS/Include/cmsis_gcc.h **** #if (!(defined (__ARM_ARCH_8M_MAIN__ ) && (__ARM_ARCH_8M_MAIN__ == 1)) && \
 749:Drivers/CMSIS/Include/cmsis_gcc.h ****     (!defined (__ARM_FEATURE_CMSE) || (__ARM_FEATURE_CMSE < 3)))
 750:Drivers/CMSIS/Include/cmsis_gcc.h ****   // without main extensions, the non-secure MSPLIM is RAZ/WI
 751:Drivers/CMSIS/Include/cmsis_gcc.h ****   return 0U;
 752:Drivers/CMSIS/Include/cmsis_gcc.h **** #else
 753:Drivers/CMSIS/Include/cmsis_gcc.h ****   uint32_t result;
 754:Drivers/CMSIS/Include/cmsis_gcc.h ****   __ASM volatile ("MRS %0, msplim" : "=r" (result) );
 755:Drivers/CMSIS/Include/cmsis_gcc.h ****   return result;
 756:Drivers/CMSIS/Include/cmsis_gcc.h **** #endif
 757:Drivers/CMSIS/Include/cmsis_gcc.h **** }
 758:Drivers/CMSIS/Include/cmsis_gcc.h **** 
 759:Drivers/CMSIS/Include/cmsis_gcc.h **** 
 760:Drivers/CMSIS/Include/cmsis_gcc.h **** #if (defined (__ARM_FEATURE_CMSE  ) && (__ARM_FEATURE_CMSE   == 3))
 761:Drivers/CMSIS/Include/cmsis_gcc.h **** /**
 762:Drivers/CMSIS/Include/cmsis_gcc.h ****   \brief   Get Main Stack Pointer Limit (non-secure)
 763:Drivers/CMSIS/Include/cmsis_gcc.h ****   Devices without ARMv8-M Main Extensions (i.e. Cortex-M23) lack the non-secure
 764:Drivers/CMSIS/Include/cmsis_gcc.h ****   Stack Pointer Limit register hence zero is returned always.
 765:Drivers/CMSIS/Include/cmsis_gcc.h **** 
 766:Drivers/CMSIS/Include/cmsis_gcc.h ****   \details Returns the current value of the non-secure Main Stack Pointer Limit(MSPLIM) when in sec
 767:Drivers/CMSIS/Include/cmsis_gcc.h ****   \return               MSPLIM Register value
 768:Drivers/CMSIS/Include/cmsis_gcc.h ****  */
 769:Drivers/CMSIS/Include/cmsis_gcc.h **** __STATIC_FORCEINLINE uint32_t __TZ_get_MSPLIM_NS(void)
 770:Drivers/CMSIS/Include/cmsis_gcc.h **** {
 771:Drivers/CMSIS/Include/cmsis_gcc.h **** #if (!(defined (__ARM_ARCH_8M_MAIN__ ) && (__ARM_ARCH_8M_MAIN__ == 1)))
 772:Drivers/CMSIS/Include/cmsis_gcc.h ****   // without main extensions, the non-secure MSPLIM is RAZ/WI
 773:Drivers/CMSIS/Include/cmsis_gcc.h ****   return 0U;
 774:Drivers/CMSIS/Include/cmsis_gcc.h **** #else
 775:Drivers/CMSIS/Include/cmsis_gcc.h ****   uint32_t result;
 776:Drivers/CMSIS/Include/cmsis_gcc.h ****   __ASM volatile ("MRS %0, msplim_ns" : "=r" (result) );
ARM GAS  C:\Users\l1234\AppData\Local\Temp\cc13EeWz.s 			page 38


 777:Drivers/CMSIS/Include/cmsis_gcc.h ****   return result;
 778:Drivers/CMSIS/Include/cmsis_gcc.h **** #endif
 779:Drivers/CMSIS/Include/cmsis_gcc.h **** }
 780:Drivers/CMSIS/Include/cmsis_gcc.h **** #endif
 781:Drivers/CMSIS/Include/cmsis_gcc.h **** 
 782:Drivers/CMSIS/Include/cmsis_gcc.h **** 
 783:Drivers/CMSIS/Include/cmsis_gcc.h **** /**
 784:Drivers/CMSIS/Include/cmsis_gcc.h ****   \brief   Set Main Stack Pointer Limit
 785:Drivers/CMSIS/Include/cmsis_gcc.h ****   Devices without ARMv8-M Main Extensions (i.e. Cortex-M23) lack the non-secure
 786:Drivers/CMSIS/Include/cmsis_gcc.h ****   Stack Pointer Limit register hence the write is silently ignored in non-secure
 787:Drivers/CMSIS/Include/cmsis_gcc.h ****   mode.
 788:Drivers/CMSIS/Include/cmsis_gcc.h **** 
 789:Drivers/CMSIS/Include/cmsis_gcc.h ****   \details Assigns the given value to the Main Stack Pointer Limit (MSPLIM).
 790:Drivers/CMSIS/Include/cmsis_gcc.h ****   \param [in]    MainStackPtrLimit  Main Stack Pointer Limit value to set
 791:Drivers/CMSIS/Include/cmsis_gcc.h ****  */
 792:Drivers/CMSIS/Include/cmsis_gcc.h **** __STATIC_FORCEINLINE void __set_MSPLIM(uint32_t MainStackPtrLimit)
 793:Drivers/CMSIS/Include/cmsis_gcc.h **** {
 794:Drivers/CMSIS/Include/cmsis_gcc.h **** #if (!(defined (__ARM_ARCH_8M_MAIN__ ) && (__ARM_ARCH_8M_MAIN__ == 1)) && \
 795:Drivers/CMSIS/Include/cmsis_gcc.h ****     (!defined (__ARM_FEATURE_CMSE) || (__ARM_FEATURE_CMSE < 3)))
 796:Drivers/CMSIS/Include/cmsis_gcc.h ****   // without main extensions, the non-secure MSPLIM is RAZ/WI
 797:Drivers/CMSIS/Include/cmsis_gcc.h ****   (void)MainStackPtrLimit;
 798:Drivers/CMSIS/Include/cmsis_gcc.h **** #else
 799:Drivers/CMSIS/Include/cmsis_gcc.h ****   __ASM volatile ("MSR msplim, %0" : : "r" (MainStackPtrLimit));
 800:Drivers/CMSIS/Include/cmsis_gcc.h **** #endif
 801:Drivers/CMSIS/Include/cmsis_gcc.h **** }
 802:Drivers/CMSIS/Include/cmsis_gcc.h **** 
 803:Drivers/CMSIS/Include/cmsis_gcc.h **** 
 804:Drivers/CMSIS/Include/cmsis_gcc.h **** #if (defined (__ARM_FEATURE_CMSE  ) && (__ARM_FEATURE_CMSE   == 3))
 805:Drivers/CMSIS/Include/cmsis_gcc.h **** /**
 806:Drivers/CMSIS/Include/cmsis_gcc.h ****   \brief   Set Main Stack Pointer Limit (non-secure)
 807:Drivers/CMSIS/Include/cmsis_gcc.h ****   Devices without ARMv8-M Main Extensions (i.e. Cortex-M23) lack the non-secure
 808:Drivers/CMSIS/Include/cmsis_gcc.h ****   Stack Pointer Limit register hence the write is silently ignored.
 809:Drivers/CMSIS/Include/cmsis_gcc.h **** 
 810:Drivers/CMSIS/Include/cmsis_gcc.h ****   \details Assigns the given value to the non-secure Main Stack Pointer Limit (MSPLIM) when in secu
 811:Drivers/CMSIS/Include/cmsis_gcc.h ****   \param [in]    MainStackPtrLimit  Main Stack Pointer value to set
 812:Drivers/CMSIS/Include/cmsis_gcc.h ****  */
 813:Drivers/CMSIS/Include/cmsis_gcc.h **** __STATIC_FORCEINLINE void __TZ_set_MSPLIM_NS(uint32_t MainStackPtrLimit)
 814:Drivers/CMSIS/Include/cmsis_gcc.h **** {
 815:Drivers/CMSIS/Include/cmsis_gcc.h **** #if (!(defined (__ARM_ARCH_8M_MAIN__ ) && (__ARM_ARCH_8M_MAIN__ == 1)))
 816:Drivers/CMSIS/Include/cmsis_gcc.h ****   // without main extensions, the non-secure MSPLIM is RAZ/WI
 817:Drivers/CMSIS/Include/cmsis_gcc.h ****   (void)MainStackPtrLimit;
 818:Drivers/CMSIS/Include/cmsis_gcc.h **** #else
 819:Drivers/CMSIS/Include/cmsis_gcc.h ****   __ASM volatile ("MSR msplim_ns, %0" : : "r" (MainStackPtrLimit));
 820:Drivers/CMSIS/Include/cmsis_gcc.h **** #endif
 821:Drivers/CMSIS/Include/cmsis_gcc.h **** }
 822:Drivers/CMSIS/Include/cmsis_gcc.h **** #endif
 823:Drivers/CMSIS/Include/cmsis_gcc.h **** 
 824:Drivers/CMSIS/Include/cmsis_gcc.h **** #endif /* ((defined (__ARM_ARCH_8M_MAIN__ ) && (__ARM_ARCH_8M_MAIN__ == 1)) || \
 825:Drivers/CMSIS/Include/cmsis_gcc.h ****            (defined (__ARM_ARCH_8M_BASE__ ) && (__ARM_ARCH_8M_BASE__ == 1))    ) */
 826:Drivers/CMSIS/Include/cmsis_gcc.h **** 
 827:Drivers/CMSIS/Include/cmsis_gcc.h **** 
 828:Drivers/CMSIS/Include/cmsis_gcc.h **** /**
 829:Drivers/CMSIS/Include/cmsis_gcc.h ****   \brief   Get FPSCR
 830:Drivers/CMSIS/Include/cmsis_gcc.h ****   \details Returns the current value of the Floating Point Status/Control register.
 831:Drivers/CMSIS/Include/cmsis_gcc.h ****   \return               Floating Point Status/Control register value
 832:Drivers/CMSIS/Include/cmsis_gcc.h ****  */
 833:Drivers/CMSIS/Include/cmsis_gcc.h **** __STATIC_FORCEINLINE uint32_t __get_FPSCR(void)
ARM GAS  C:\Users\l1234\AppData\Local\Temp\cc13EeWz.s 			page 39


 834:Drivers/CMSIS/Include/cmsis_gcc.h **** {
 835:Drivers/CMSIS/Include/cmsis_gcc.h **** #if ((defined (__FPU_PRESENT) && (__FPU_PRESENT == 1U)) && \
 836:Drivers/CMSIS/Include/cmsis_gcc.h ****      (defined (__FPU_USED   ) && (__FPU_USED    == 1U))     )
 837:Drivers/CMSIS/Include/cmsis_gcc.h **** #if __has_builtin(__builtin_arm_get_fpscr) 
 838:Drivers/CMSIS/Include/cmsis_gcc.h **** // Re-enable using built-in when GCC has been fixed
 839:Drivers/CMSIS/Include/cmsis_gcc.h **** // || (__GNUC__ > 7) || (__GNUC__ == 7 && __GNUC_MINOR__ >= 2)
 840:Drivers/CMSIS/Include/cmsis_gcc.h ****   /* see https://gcc.gnu.org/ml/gcc-patches/2017-04/msg00443.html */
 841:Drivers/CMSIS/Include/cmsis_gcc.h ****   return __builtin_arm_get_fpscr();
 842:Drivers/CMSIS/Include/cmsis_gcc.h **** #else
 843:Drivers/CMSIS/Include/cmsis_gcc.h ****   uint32_t result;
 844:Drivers/CMSIS/Include/cmsis_gcc.h **** 
 845:Drivers/CMSIS/Include/cmsis_gcc.h ****   __ASM volatile ("VMRS %0, fpscr" : "=r" (result) );
 846:Drivers/CMSIS/Include/cmsis_gcc.h ****   return(result);
 847:Drivers/CMSIS/Include/cmsis_gcc.h **** #endif
 848:Drivers/CMSIS/Include/cmsis_gcc.h **** #else
 849:Drivers/CMSIS/Include/cmsis_gcc.h ****   return(0U);
 850:Drivers/CMSIS/Include/cmsis_gcc.h **** #endif
 851:Drivers/CMSIS/Include/cmsis_gcc.h **** }
 852:Drivers/CMSIS/Include/cmsis_gcc.h **** 
 853:Drivers/CMSIS/Include/cmsis_gcc.h **** 
 854:Drivers/CMSIS/Include/cmsis_gcc.h **** /**
 855:Drivers/CMSIS/Include/cmsis_gcc.h ****   \brief   Set FPSCR
 856:Drivers/CMSIS/Include/cmsis_gcc.h ****   \details Assigns the given value to the Floating Point Status/Control register.
 857:Drivers/CMSIS/Include/cmsis_gcc.h ****   \param [in]    fpscr  Floating Point Status/Control value to set
 858:Drivers/CMSIS/Include/cmsis_gcc.h ****  */
 859:Drivers/CMSIS/Include/cmsis_gcc.h **** __STATIC_FORCEINLINE void __set_FPSCR(uint32_t fpscr)
 860:Drivers/CMSIS/Include/cmsis_gcc.h **** {
 861:Drivers/CMSIS/Include/cmsis_gcc.h **** #if ((defined (__FPU_PRESENT) && (__FPU_PRESENT == 1U)) && \
 862:Drivers/CMSIS/Include/cmsis_gcc.h ****      (defined (__FPU_USED   ) && (__FPU_USED    == 1U))     )
 863:Drivers/CMSIS/Include/cmsis_gcc.h **** #if __has_builtin(__builtin_arm_set_fpscr)
 864:Drivers/CMSIS/Include/cmsis_gcc.h **** // Re-enable using built-in when GCC has been fixed
 865:Drivers/CMSIS/Include/cmsis_gcc.h **** // || (__GNUC__ > 7) || (__GNUC__ == 7 && __GNUC_MINOR__ >= 2)
 866:Drivers/CMSIS/Include/cmsis_gcc.h ****   /* see https://gcc.gnu.org/ml/gcc-patches/2017-04/msg00443.html */
 867:Drivers/CMSIS/Include/cmsis_gcc.h ****   __builtin_arm_set_fpscr(fpscr);
 868:Drivers/CMSIS/Include/cmsis_gcc.h **** #else
 869:Drivers/CMSIS/Include/cmsis_gcc.h ****   __ASM volatile ("VMSR fpscr, %0" : : "r" (fpscr) : "vfpcc", "memory");
 870:Drivers/CMSIS/Include/cmsis_gcc.h **** #endif
 871:Drivers/CMSIS/Include/cmsis_gcc.h **** #else
 872:Drivers/CMSIS/Include/cmsis_gcc.h ****   (void)fpscr;
 873:Drivers/CMSIS/Include/cmsis_gcc.h **** #endif
 874:Drivers/CMSIS/Include/cmsis_gcc.h **** }
 875:Drivers/CMSIS/Include/cmsis_gcc.h **** 
 876:Drivers/CMSIS/Include/cmsis_gcc.h **** 
 877:Drivers/CMSIS/Include/cmsis_gcc.h **** /*@} end of CMSIS_Core_RegAccFunctions */
 878:Drivers/CMSIS/Include/cmsis_gcc.h **** 
 879:Drivers/CMSIS/Include/cmsis_gcc.h **** 
 880:Drivers/CMSIS/Include/cmsis_gcc.h **** /* ##########################  Core Instruction Access  ######################### */
 881:Drivers/CMSIS/Include/cmsis_gcc.h **** /** \defgroup CMSIS_Core_InstructionInterface CMSIS Core Instruction Interface
 882:Drivers/CMSIS/Include/cmsis_gcc.h ****   Access to dedicated instructions
 883:Drivers/CMSIS/Include/cmsis_gcc.h ****   @{
 884:Drivers/CMSIS/Include/cmsis_gcc.h **** */
 885:Drivers/CMSIS/Include/cmsis_gcc.h **** 
 886:Drivers/CMSIS/Include/cmsis_gcc.h **** /* Define macros for porting to both thumb1 and thumb2.
 887:Drivers/CMSIS/Include/cmsis_gcc.h ****  * For thumb1, use low register (r0-r7), specified by constraint "l"
 888:Drivers/CMSIS/Include/cmsis_gcc.h ****  * Otherwise, use general registers, specified by constraint "r" */
 889:Drivers/CMSIS/Include/cmsis_gcc.h **** #if defined (__thumb__) && !defined (__thumb2__)
 890:Drivers/CMSIS/Include/cmsis_gcc.h **** #define __CMSIS_GCC_OUT_REG(r) "=l" (r)
ARM GAS  C:\Users\l1234\AppData\Local\Temp\cc13EeWz.s 			page 40


 891:Drivers/CMSIS/Include/cmsis_gcc.h **** #define __CMSIS_GCC_RW_REG(r) "+l" (r)
 892:Drivers/CMSIS/Include/cmsis_gcc.h **** #define __CMSIS_GCC_USE_REG(r) "l" (r)
 893:Drivers/CMSIS/Include/cmsis_gcc.h **** #else
 894:Drivers/CMSIS/Include/cmsis_gcc.h **** #define __CMSIS_GCC_OUT_REG(r) "=r" (r)
 895:Drivers/CMSIS/Include/cmsis_gcc.h **** #define __CMSIS_GCC_RW_REG(r) "+r" (r)
 896:Drivers/CMSIS/Include/cmsis_gcc.h **** #define __CMSIS_GCC_USE_REG(r) "r" (r)
 897:Drivers/CMSIS/Include/cmsis_gcc.h **** #endif
 898:Drivers/CMSIS/Include/cmsis_gcc.h **** 
 899:Drivers/CMSIS/Include/cmsis_gcc.h **** /**
 900:Drivers/CMSIS/Include/cmsis_gcc.h ****   \brief   No Operation
 901:Drivers/CMSIS/Include/cmsis_gcc.h ****   \details No Operation does nothing. This instruction can be used for code alignment purposes.
 902:Drivers/CMSIS/Include/cmsis_gcc.h ****  */
 903:Drivers/CMSIS/Include/cmsis_gcc.h **** #define __NOP()                             __ASM volatile ("nop")
 904:Drivers/CMSIS/Include/cmsis_gcc.h **** 
 905:Drivers/CMSIS/Include/cmsis_gcc.h **** /**
 906:Drivers/CMSIS/Include/cmsis_gcc.h ****   \brief   Wait For Interrupt
 907:Drivers/CMSIS/Include/cmsis_gcc.h ****   \details Wait For Interrupt is a hint instruction that suspends execution until one of a number o
 908:Drivers/CMSIS/Include/cmsis_gcc.h ****  */
 909:Drivers/CMSIS/Include/cmsis_gcc.h **** #define __WFI()                             __ASM volatile ("wfi")
 910:Drivers/CMSIS/Include/cmsis_gcc.h **** 
 911:Drivers/CMSIS/Include/cmsis_gcc.h **** 
 912:Drivers/CMSIS/Include/cmsis_gcc.h **** /**
 913:Drivers/CMSIS/Include/cmsis_gcc.h ****   \brief   Wait For Event
 914:Drivers/CMSIS/Include/cmsis_gcc.h ****   \details Wait For Event is a hint instruction that permits the processor to enter
 915:Drivers/CMSIS/Include/cmsis_gcc.h ****            a low-power state until one of a number of events occurs.
 916:Drivers/CMSIS/Include/cmsis_gcc.h ****  */
 917:Drivers/CMSIS/Include/cmsis_gcc.h **** #define __WFE()                             __ASM volatile ("wfe")
 918:Drivers/CMSIS/Include/cmsis_gcc.h **** 
 919:Drivers/CMSIS/Include/cmsis_gcc.h **** 
 920:Drivers/CMSIS/Include/cmsis_gcc.h **** /**
 921:Drivers/CMSIS/Include/cmsis_gcc.h ****   \brief   Send Event
 922:Drivers/CMSIS/Include/cmsis_gcc.h ****   \details Send Event is a hint instruction. It causes an event to be signaled to the CPU.
 923:Drivers/CMSIS/Include/cmsis_gcc.h ****  */
 924:Drivers/CMSIS/Include/cmsis_gcc.h **** #define __SEV()                             __ASM volatile ("sev")
 925:Drivers/CMSIS/Include/cmsis_gcc.h **** 
 926:Drivers/CMSIS/Include/cmsis_gcc.h **** 
 927:Drivers/CMSIS/Include/cmsis_gcc.h **** /**
 928:Drivers/CMSIS/Include/cmsis_gcc.h ****   \brief   Instruction Synchronization Barrier
 929:Drivers/CMSIS/Include/cmsis_gcc.h ****   \details Instruction Synchronization Barrier flushes the pipeline in the processor,
 930:Drivers/CMSIS/Include/cmsis_gcc.h ****            so that all instructions following the ISB are fetched from cache or memory,
 931:Drivers/CMSIS/Include/cmsis_gcc.h ****            after the instruction has been completed.
 932:Drivers/CMSIS/Include/cmsis_gcc.h ****  */
 933:Drivers/CMSIS/Include/cmsis_gcc.h **** __STATIC_FORCEINLINE void __ISB(void)
 172              		.loc 2 933 27 view .LVU61
 173              	.LBB37:
 934:Drivers/CMSIS/Include/cmsis_gcc.h **** {
 935:Drivers/CMSIS/Include/cmsis_gcc.h ****   __ASM volatile ("isb 0xF":::"memory");
 174              		.loc 2 935 3 view .LVU62
 175              		.syntax unified
 176              	@ 935 "Drivers/CMSIS/Include/cmsis_gcc.h" 1
 177 006a BFF36F8F 		isb 0xF
 178              	@ 0 "" 2
 179              		.thumb
 180              		.syntax unified
 181              	.LBE37:
 182              	.LBE36:
 235:Drivers/STM32H7xx_HAL_Driver/Src/stm32h7xx_hal_flash.c **** 
ARM GAS  C:\Users\l1234\AppData\Local\Temp\cc13EeWz.s 			page 41


 183              		.loc 1 235 5 view .LVU63
 184              	.LBB38:
 185              	.LBI38:
 936:Drivers/CMSIS/Include/cmsis_gcc.h **** }
 937:Drivers/CMSIS/Include/cmsis_gcc.h **** 
 938:Drivers/CMSIS/Include/cmsis_gcc.h **** 
 939:Drivers/CMSIS/Include/cmsis_gcc.h **** /**
 940:Drivers/CMSIS/Include/cmsis_gcc.h ****   \brief   Data Synchronization Barrier
 941:Drivers/CMSIS/Include/cmsis_gcc.h ****   \details Acts as a special kind of Data Memory Barrier.
 942:Drivers/CMSIS/Include/cmsis_gcc.h ****            It completes when all explicit memory accesses before this instruction complete.
 943:Drivers/CMSIS/Include/cmsis_gcc.h ****  */
 944:Drivers/CMSIS/Include/cmsis_gcc.h **** __STATIC_FORCEINLINE void __DSB(void)
 186              		.loc 2 944 27 view .LVU64
 187              	.LBB39:
 945:Drivers/CMSIS/Include/cmsis_gcc.h **** {
 946:Drivers/CMSIS/Include/cmsis_gcc.h ****   __ASM volatile ("dsb 0xF":::"memory");
 188              		.loc 2 946 3 view .LVU65
 189              		.syntax unified
 190              	@ 946 "Drivers/CMSIS/Include/cmsis_gcc.h" 1
 191 006e BFF34F8F 		dsb 0xF
 192              	@ 0 "" 2
 193              	.LVL13:
 194              		.loc 2 946 3 is_stmt 0 view .LVU66
 195              		.thumb
 196              		.syntax unified
 197              	.LBE39:
 198              	.LBE38:
 247:Drivers/STM32H7xx_HAL_Driver/Src/stm32h7xx_hal_flash.c ****       {
 199              		.loc 1 247 7 is_stmt 1 view .LVU67
 249:Drivers/STM32H7xx_HAL_Driver/Src/stm32h7xx_hal_flash.c ****         dest_addr++;
 200              		.loc 1 249 9 view .LVU68
 249:Drivers/STM32H7xx_HAL_Driver/Src/stm32h7xx_hal_flash.c ****         dest_addr++;
 201              		.loc 1 249 22 is_stmt 0 view .LVU69
 202 0072 D8F80030 		ldr	r3, [r8]
 249:Drivers/STM32H7xx_HAL_Driver/Src/stm32h7xx_hal_flash.c ****         dest_addr++;
 203              		.loc 1 249 20 view .LVU70
 204 0076 3360     		str	r3, [r6]
 250:Drivers/STM32H7xx_HAL_Driver/Src/stm32h7xx_hal_flash.c ****         src_addr++;
 205              		.loc 1 250 9 is_stmt 1 view .LVU71
 206              	.LVL14:
 251:Drivers/STM32H7xx_HAL_Driver/Src/stm32h7xx_hal_flash.c ****         row_index--;
 207              		.loc 1 251 9 view .LVU72
 252:Drivers/STM32H7xx_HAL_Driver/Src/stm32h7xx_hal_flash.c ****      } while (row_index != 0U);
 208              		.loc 1 252 9 view .LVU73
 253:Drivers/STM32H7xx_HAL_Driver/Src/stm32h7xx_hal_flash.c ****     }
 209              		.loc 1 253 25 view .LVU74
 247:Drivers/STM32H7xx_HAL_Driver/Src/stm32h7xx_hal_flash.c ****       {
 210              		.loc 1 247 7 view .LVU75
 249:Drivers/STM32H7xx_HAL_Driver/Src/stm32h7xx_hal_flash.c ****         dest_addr++;
 211              		.loc 1 249 9 view .LVU76
 249:Drivers/STM32H7xx_HAL_Driver/Src/stm32h7xx_hal_flash.c ****         dest_addr++;
 212              		.loc 1 249 22 is_stmt 0 view .LVU77
 213 0078 D8F80430 		ldr	r3, [r8, #4]
 249:Drivers/STM32H7xx_HAL_Driver/Src/stm32h7xx_hal_flash.c ****         dest_addr++;
 214              		.loc 1 249 20 view .LVU78
 215 007c 7360     		str	r3, [r6, #4]
 250:Drivers/STM32H7xx_HAL_Driver/Src/stm32h7xx_hal_flash.c ****         src_addr++;
ARM GAS  C:\Users\l1234\AppData\Local\Temp\cc13EeWz.s 			page 42


 216              		.loc 1 250 9 is_stmt 1 view .LVU79
 217              	.LVL15:
 251:Drivers/STM32H7xx_HAL_Driver/Src/stm32h7xx_hal_flash.c ****         row_index--;
 218              		.loc 1 251 9 view .LVU80
 252:Drivers/STM32H7xx_HAL_Driver/Src/stm32h7xx_hal_flash.c ****      } while (row_index != 0U);
 219              		.loc 1 252 9 view .LVU81
 253:Drivers/STM32H7xx_HAL_Driver/Src/stm32h7xx_hal_flash.c ****     }
 220              		.loc 1 253 25 view .LVU82
 247:Drivers/STM32H7xx_HAL_Driver/Src/stm32h7xx_hal_flash.c ****       {
 221              		.loc 1 247 7 view .LVU83
 249:Drivers/STM32H7xx_HAL_Driver/Src/stm32h7xx_hal_flash.c ****         dest_addr++;
 222              		.loc 1 249 9 view .LVU84
 249:Drivers/STM32H7xx_HAL_Driver/Src/stm32h7xx_hal_flash.c ****         dest_addr++;
 223              		.loc 1 249 22 is_stmt 0 view .LVU85
 224 007e D8F80830 		ldr	r3, [r8, #8]
 249:Drivers/STM32H7xx_HAL_Driver/Src/stm32h7xx_hal_flash.c ****         dest_addr++;
 225              		.loc 1 249 20 view .LVU86
 226 0082 B360     		str	r3, [r6, #8]
 250:Drivers/STM32H7xx_HAL_Driver/Src/stm32h7xx_hal_flash.c ****         src_addr++;
 227              		.loc 1 250 9 is_stmt 1 view .LVU87
 228              	.LVL16:
 251:Drivers/STM32H7xx_HAL_Driver/Src/stm32h7xx_hal_flash.c ****         row_index--;
 229              		.loc 1 251 9 view .LVU88
 252:Drivers/STM32H7xx_HAL_Driver/Src/stm32h7xx_hal_flash.c ****      } while (row_index != 0U);
 230              		.loc 1 252 9 view .LVU89
 253:Drivers/STM32H7xx_HAL_Driver/Src/stm32h7xx_hal_flash.c ****     }
 231              		.loc 1 253 25 view .LVU90
 247:Drivers/STM32H7xx_HAL_Driver/Src/stm32h7xx_hal_flash.c ****       {
 232              		.loc 1 247 7 view .LVU91
 249:Drivers/STM32H7xx_HAL_Driver/Src/stm32h7xx_hal_flash.c ****         dest_addr++;
 233              		.loc 1 249 9 view .LVU92
 249:Drivers/STM32H7xx_HAL_Driver/Src/stm32h7xx_hal_flash.c ****         dest_addr++;
 234              		.loc 1 249 22 is_stmt 0 view .LVU93
 235 0084 D8F80C30 		ldr	r3, [r8, #12]
 249:Drivers/STM32H7xx_HAL_Driver/Src/stm32h7xx_hal_flash.c ****         dest_addr++;
 236              		.loc 1 249 20 view .LVU94
 237 0088 F360     		str	r3, [r6, #12]
 250:Drivers/STM32H7xx_HAL_Driver/Src/stm32h7xx_hal_flash.c ****         src_addr++;
 238              		.loc 1 250 9 is_stmt 1 view .LVU95
 239              	.LVL17:
 251:Drivers/STM32H7xx_HAL_Driver/Src/stm32h7xx_hal_flash.c ****         row_index--;
 240              		.loc 1 251 9 view .LVU96
 252:Drivers/STM32H7xx_HAL_Driver/Src/stm32h7xx_hal_flash.c ****      } while (row_index != 0U);
 241              		.loc 1 252 9 view .LVU97
 253:Drivers/STM32H7xx_HAL_Driver/Src/stm32h7xx_hal_flash.c ****     }
 242              		.loc 1 253 25 view .LVU98
 247:Drivers/STM32H7xx_HAL_Driver/Src/stm32h7xx_hal_flash.c ****       {
 243              		.loc 1 247 7 view .LVU99
 249:Drivers/STM32H7xx_HAL_Driver/Src/stm32h7xx_hal_flash.c ****         dest_addr++;
 244              		.loc 1 249 9 view .LVU100
 249:Drivers/STM32H7xx_HAL_Driver/Src/stm32h7xx_hal_flash.c ****         dest_addr++;
 245              		.loc 1 249 22 is_stmt 0 view .LVU101
 246 008a D8F81030 		ldr	r3, [r8, #16]
 249:Drivers/STM32H7xx_HAL_Driver/Src/stm32h7xx_hal_flash.c ****         dest_addr++;
 247              		.loc 1 249 20 view .LVU102
 248 008e 3361     		str	r3, [r6, #16]
 250:Drivers/STM32H7xx_HAL_Driver/Src/stm32h7xx_hal_flash.c ****         src_addr++;
ARM GAS  C:\Users\l1234\AppData\Local\Temp\cc13EeWz.s 			page 43


 249              		.loc 1 250 9 is_stmt 1 view .LVU103
 250              	.LVL18:
 251:Drivers/STM32H7xx_HAL_Driver/Src/stm32h7xx_hal_flash.c ****         row_index--;
 251              		.loc 1 251 9 view .LVU104
 252:Drivers/STM32H7xx_HAL_Driver/Src/stm32h7xx_hal_flash.c ****      } while (row_index != 0U);
 252              		.loc 1 252 9 view .LVU105
 253:Drivers/STM32H7xx_HAL_Driver/Src/stm32h7xx_hal_flash.c ****     }
 253              		.loc 1 253 25 view .LVU106
 247:Drivers/STM32H7xx_HAL_Driver/Src/stm32h7xx_hal_flash.c ****       {
 254              		.loc 1 247 7 view .LVU107
 249:Drivers/STM32H7xx_HAL_Driver/Src/stm32h7xx_hal_flash.c ****         dest_addr++;
 255              		.loc 1 249 9 view .LVU108
 249:Drivers/STM32H7xx_HAL_Driver/Src/stm32h7xx_hal_flash.c ****         dest_addr++;
 256              		.loc 1 249 22 is_stmt 0 view .LVU109
 257 0090 D8F81430 		ldr	r3, [r8, #20]
 249:Drivers/STM32H7xx_HAL_Driver/Src/stm32h7xx_hal_flash.c ****         dest_addr++;
 258              		.loc 1 249 20 view .LVU110
 259 0094 7361     		str	r3, [r6, #20]
 250:Drivers/STM32H7xx_HAL_Driver/Src/stm32h7xx_hal_flash.c ****         src_addr++;
 260              		.loc 1 250 9 is_stmt 1 view .LVU111
 261              	.LVL19:
 251:Drivers/STM32H7xx_HAL_Driver/Src/stm32h7xx_hal_flash.c ****         row_index--;
 262              		.loc 1 251 9 view .LVU112
 252:Drivers/STM32H7xx_HAL_Driver/Src/stm32h7xx_hal_flash.c ****      } while (row_index != 0U);
 263              		.loc 1 252 9 view .LVU113
 253:Drivers/STM32H7xx_HAL_Driver/Src/stm32h7xx_hal_flash.c ****     }
 264              		.loc 1 253 25 view .LVU114
 247:Drivers/STM32H7xx_HAL_Driver/Src/stm32h7xx_hal_flash.c ****       {
 265              		.loc 1 247 7 view .LVU115
 249:Drivers/STM32H7xx_HAL_Driver/Src/stm32h7xx_hal_flash.c ****         dest_addr++;
 266              		.loc 1 249 9 view .LVU116
 249:Drivers/STM32H7xx_HAL_Driver/Src/stm32h7xx_hal_flash.c ****         dest_addr++;
 267              		.loc 1 249 22 is_stmt 0 view .LVU117
 268 0096 D8F81830 		ldr	r3, [r8, #24]
 249:Drivers/STM32H7xx_HAL_Driver/Src/stm32h7xx_hal_flash.c ****         dest_addr++;
 269              		.loc 1 249 20 view .LVU118
 270 009a B361     		str	r3, [r6, #24]
 250:Drivers/STM32H7xx_HAL_Driver/Src/stm32h7xx_hal_flash.c ****         src_addr++;
 271              		.loc 1 250 9 is_stmt 1 view .LVU119
 272              	.LVL20:
 251:Drivers/STM32H7xx_HAL_Driver/Src/stm32h7xx_hal_flash.c ****         row_index--;
 273              		.loc 1 251 9 view .LVU120
 252:Drivers/STM32H7xx_HAL_Driver/Src/stm32h7xx_hal_flash.c ****      } while (row_index != 0U);
 274              		.loc 1 252 9 view .LVU121
 253:Drivers/STM32H7xx_HAL_Driver/Src/stm32h7xx_hal_flash.c ****     }
 275              		.loc 1 253 25 view .LVU122
 247:Drivers/STM32H7xx_HAL_Driver/Src/stm32h7xx_hal_flash.c ****       {
 276              		.loc 1 247 7 view .LVU123
 249:Drivers/STM32H7xx_HAL_Driver/Src/stm32h7xx_hal_flash.c ****         dest_addr++;
 277              		.loc 1 249 9 view .LVU124
 249:Drivers/STM32H7xx_HAL_Driver/Src/stm32h7xx_hal_flash.c ****         dest_addr++;
 278              		.loc 1 249 22 is_stmt 0 view .LVU125
 279 009c D8F81C30 		ldr	r3, [r8, #28]
 249:Drivers/STM32H7xx_HAL_Driver/Src/stm32h7xx_hal_flash.c ****         dest_addr++;
 280              		.loc 1 249 20 view .LVU126
 281 00a0 F361     		str	r3, [r6, #28]
 250:Drivers/STM32H7xx_HAL_Driver/Src/stm32h7xx_hal_flash.c ****         src_addr++;
ARM GAS  C:\Users\l1234\AppData\Local\Temp\cc13EeWz.s 			page 44


 282              		.loc 1 250 9 is_stmt 1 view .LVU127
 283              	.LVL21:
 251:Drivers/STM32H7xx_HAL_Driver/Src/stm32h7xx_hal_flash.c ****         row_index--;
 284              		.loc 1 251 9 view .LVU128
 252:Drivers/STM32H7xx_HAL_Driver/Src/stm32h7xx_hal_flash.c ****      } while (row_index != 0U);
 285              		.loc 1 252 9 view .LVU129
 253:Drivers/STM32H7xx_HAL_Driver/Src/stm32h7xx_hal_flash.c ****     }
 286              		.loc 1 253 25 view .LVU130
 256:Drivers/STM32H7xx_HAL_Driver/Src/stm32h7xx_hal_flash.c ****     __DSB();
 287              		.loc 1 256 5 view .LVU131
 288              	.LBB40:
 289              	.LBI40:
 933:Drivers/CMSIS/Include/cmsis_gcc.h **** {
 290              		.loc 2 933 27 view .LVU132
 291              	.LBB41:
 935:Drivers/CMSIS/Include/cmsis_gcc.h **** }
 292              		.loc 2 935 3 view .LVU133
 293              		.syntax unified
 294              	@ 935 "Drivers/CMSIS/Include/cmsis_gcc.h" 1
 295 00a2 BFF36F8F 		isb 0xF
 296              	@ 0 "" 2
 297              		.thumb
 298              		.syntax unified
 299              	.LBE41:
 300              	.LBE40:
 257:Drivers/STM32H7xx_HAL_Driver/Src/stm32h7xx_hal_flash.c **** 
 301              		.loc 1 257 5 view .LVU134
 302              	.LBB42:
 303              	.LBI42:
 944:Drivers/CMSIS/Include/cmsis_gcc.h **** {
 304              		.loc 2 944 27 view .LVU135
 305              	.LBB43:
 306              		.loc 2 946 3 view .LVU136
 307              		.syntax unified
 308              	@ 946 "Drivers/CMSIS/Include/cmsis_gcc.h" 1
 309 00a6 BFF34F8F 		dsb 0xF
 310              	@ 0 "" 2
 311              		.thumb
 312              		.syntax unified
 313              	.LBE43:
 314              	.LBE42:
 260:Drivers/STM32H7xx_HAL_Driver/Src/stm32h7xx_hal_flash.c **** 
 315              		.loc 1 260 5 view .LVU137
 316              	.LBB44:
 317              	.LBI44:
1070:Drivers/STM32H7xx_HAL_Driver/Src/stm32h7xx_hal_flash.c **** {
 318              		.loc 1 1070 19 view .LVU138
 319              	.LVL22:
 320              	.LBB45:
1076:Drivers/STM32H7xx_HAL_Driver/Src/stm32h7xx_hal_flash.c ****   uint32_t errorflag = 0;
 321              		.loc 1 1076 3 view .LVU139
1077:Drivers/STM32H7xx_HAL_Driver/Src/stm32h7xx_hal_flash.c ****   uint32_t tickstart = HAL_GetTick();
 322              		.loc 1 1077 3 view .LVU140
1078:Drivers/STM32H7xx_HAL_Driver/Src/stm32h7xx_hal_flash.c **** 
 323              		.loc 1 1078 3 view .LVU141
1078:Drivers/STM32H7xx_HAL_Driver/Src/stm32h7xx_hal_flash.c **** 
 324              		.loc 1 1078 24 is_stmt 0 view .LVU142
ARM GAS  C:\Users\l1234\AppData\Local\Temp\cc13EeWz.s 			page 45


 325 00aa FFF7FEFF 		bl	HAL_GetTick
 326              	.LVL23:
1095:Drivers/STM32H7xx_HAL_Driver/Src/stm32h7xx_hal_flash.c ****       {
 327              		.loc 1 1095 9 view .LVU143
 328 00ae 4CF25036 		movw	r6, #50000
 329              	.LVL24:
1078:Drivers/STM32H7xx_HAL_Driver/Src/stm32h7xx_hal_flash.c **** 
 330              		.loc 1 1078 24 view .LVU144
 331 00b2 0546     		mov	r5, r0
 332              	.LVL25:
1080:Drivers/STM32H7xx_HAL_Driver/Src/stm32h7xx_hal_flash.c **** 
 333              		.loc 1 1080 3 is_stmt 1 view .LVU145
1091:Drivers/STM32H7xx_HAL_Driver/Src/stm32h7xx_hal_flash.c ****   {
 334              		.loc 1 1091 3 view .LVU146
1091:Drivers/STM32H7xx_HAL_Driver/Src/stm32h7xx_hal_flash.c ****   {
 335              		.loc 1 1091 8 is_stmt 0 view .LVU147
 336 00b4 04E0     		b	.L8
 337              	.LVL26:
 338              	.L10:
1095:Drivers/STM32H7xx_HAL_Driver/Src/stm32h7xx_hal_flash.c ****       {
 339              		.loc 1 1095 12 view .LVU148
 340 00b6 FFF7FEFF 		bl	HAL_GetTick
 341              	.LVL27:
1095:Drivers/STM32H7xx_HAL_Driver/Src/stm32h7xx_hal_flash.c ****       {
 342              		.loc 1 1095 26 view .LVU149
 343 00ba 401B     		subs	r0, r0, r5
1095:Drivers/STM32H7xx_HAL_Driver/Src/stm32h7xx_hal_flash.c ****       {
 344              		.loc 1 1095 9 view .LVU150
 345 00bc B042     		cmp	r0, r6
 346 00be 1FD8     		bhi	.L17
 347              	.L8:
1093:Drivers/STM32H7xx_HAL_Driver/Src/stm32h7xx_hal_flash.c ****     {
 348              		.loc 1 1093 5 is_stmt 1 view .LVU151
1095:Drivers/STM32H7xx_HAL_Driver/Src/stm32h7xx_hal_flash.c ****       {
 349              		.loc 1 1095 7 view .LVU152
1091:Drivers/STM32H7xx_HAL_Driver/Src/stm32h7xx_hal_flash.c ****   {
 350              		.loc 1 1091 9 view .LVU153
 351 00c0 2369     		ldr	r3, [r4, #16]
 352 00c2 5A07     		lsls	r2, r3, #29
 353 00c4 F7D4     		bmi	.L10
1103:Drivers/STM32H7xx_HAL_Driver/Src/stm32h7xx_hal_flash.c ****   {
 354              		.loc 1 1103 3 view .LVU154
1105:Drivers/STM32H7xx_HAL_Driver/Src/stm32h7xx_hal_flash.c ****   }
 355              		.loc 1 1105 5 view .LVU155
1105:Drivers/STM32H7xx_HAL_Driver/Src/stm32h7xx_hal_flash.c ****   }
 356              		.loc 1 1105 22 is_stmt 0 view .LVU156
 357 00c6 2369     		ldr	r3, [r4, #16]
1105:Drivers/STM32H7xx_HAL_Driver/Src/stm32h7xx_hal_flash.c ****   }
 358              		.loc 1 1105 15 view .LVU157
 359 00c8 164A     		ldr	r2, .L26+4
 360              	.LVL28:
1115:Drivers/STM32H7xx_HAL_Driver/Src/stm32h7xx_hal_flash.c ****   {
 361              		.loc 1 1115 3 is_stmt 1 view .LVU158
1115:Drivers/STM32H7xx_HAL_Driver/Src/stm32h7xx_hal_flash.c ****   {
 362              		.loc 1 1115 5 is_stmt 0 view .LVU159
 363 00ca 1340     		ands	r3, r3, r2
 364              	.LVL29:
ARM GAS  C:\Users\l1234\AppData\Local\Temp\cc13EeWz.s 			page 46


1115:Drivers/STM32H7xx_HAL_Driver/Src/stm32h7xx_hal_flash.c ****   {
 365              		.loc 1 1115 5 view .LVU160
 366 00cc 1FD1     		bne	.L25
 367              	.LVL30:
1127:Drivers/STM32H7xx_HAL_Driver/Src/stm32h7xx_hal_flash.c ****   {
 368              		.loc 1 1127 3 is_stmt 1 view .LVU161
1129:Drivers/STM32H7xx_HAL_Driver/Src/stm32h7xx_hal_flash.c ****     {
 369              		.loc 1 1129 5 view .LVU162
1129:Drivers/STM32H7xx_HAL_Driver/Src/stm32h7xx_hal_flash.c ****     {
 370              		.loc 1 1129 9 is_stmt 0 view .LVU163
 371 00ce 2369     		ldr	r3, [r4, #16]
1129:Drivers/STM32H7xx_HAL_Driver/Src/stm32h7xx_hal_flash.c ****     {
 372              		.loc 1 1129 8 view .LVU164
 373 00d0 DB03     		lsls	r3, r3, #15
 374 00d2 02D5     		bpl	.L13
 375              		.loc 1 1132 7 is_stmt 1 view .LVU165
 376 00d4 4FF48033 		mov	r3, #65536
 377 00d8 6361     		str	r3, [r4, #20]
 378              	.L13:
1133:Drivers/STM32H7xx_HAL_Driver/Src/stm32h7xx_hal_flash.c ****     }
1134:Drivers/STM32H7xx_HAL_Driver/Src/stm32h7xx_hal_flash.c ****   }
1135:Drivers/STM32H7xx_HAL_Driver/Src/stm32h7xx_hal_flash.c **** #if defined (DUAL_BANK)
1136:Drivers/STM32H7xx_HAL_Driver/Src/stm32h7xx_hal_flash.c ****   else
1137:Drivers/STM32H7xx_HAL_Driver/Src/stm32h7xx_hal_flash.c ****   {
1138:Drivers/STM32H7xx_HAL_Driver/Src/stm32h7xx_hal_flash.c ****     if (__HAL_FLASH_GET_FLAG_BANK2(FLASH_FLAG_EOP_BANK2))
1139:Drivers/STM32H7xx_HAL_Driver/Src/stm32h7xx_hal_flash.c ****     {
1140:Drivers/STM32H7xx_HAL_Driver/Src/stm32h7xx_hal_flash.c ****       /* Clear FLASH End of Operation pending bit */
1141:Drivers/STM32H7xx_HAL_Driver/Src/stm32h7xx_hal_flash.c ****       __HAL_FLASH_CLEAR_FLAG_BANK2(FLASH_FLAG_EOP_BANK2);
1142:Drivers/STM32H7xx_HAL_Driver/Src/stm32h7xx_hal_flash.c ****     }
1143:Drivers/STM32H7xx_HAL_Driver/Src/stm32h7xx_hal_flash.c ****   }
1144:Drivers/STM32H7xx_HAL_Driver/Src/stm32h7xx_hal_flash.c **** #endif /* DUAL_BANK */
1145:Drivers/STM32H7xx_HAL_Driver/Src/stm32h7xx_hal_flash.c **** 
1146:Drivers/STM32H7xx_HAL_Driver/Src/stm32h7xx_hal_flash.c ****   return HAL_OK;
 379              		.loc 1 1146 10 is_stmt 0 view .LVU166
 380 00da 0020     		movs	r0, #0
 381 00dc 11E0     		b	.L9
 382              	.LVL31:
 383              	.L24:
 384              		.loc 1 1146 10 view .LVU167
 385              	.LBE45:
 386              	.LBE44:
 387              	.LBB48:
 388              	.LBB33:
1118:Drivers/STM32H7xx_HAL_Driver/Src/stm32h7xx_hal_flash.c **** 
 389              		.loc 1 1118 5 is_stmt 1 view .LVU168
1118:Drivers/STM32H7xx_HAL_Driver/Src/stm32h7xx_hal_flash.c **** 
 390              		.loc 1 1118 11 is_stmt 0 view .LVU169
 391 00de D9F81820 		ldr	r2, [r9, #24]
1123:Drivers/STM32H7xx_HAL_Driver/Src/stm32h7xx_hal_flash.c ****   }
 392              		.loc 1 1123 12 view .LVU170
 393 00e2 0120     		movs	r0, #1
1118:Drivers/STM32H7xx_HAL_Driver/Src/stm32h7xx_hal_flash.c **** 
 394              		.loc 1 1118 22 view .LVU171
 395 00e4 1A43     		orrs	r2, r2, r3
 396 00e6 C9F81820 		str	r2, [r9, #24]
1121:Drivers/STM32H7xx_HAL_Driver/Src/stm32h7xx_hal_flash.c **** 
 397              		.loc 1 1121 5 is_stmt 1 view .LVU172
ARM GAS  C:\Users\l1234\AppData\Local\Temp\cc13EeWz.s 			page 47


 398 00ea 6361     		str	r3, [r4, #20]
1123:Drivers/STM32H7xx_HAL_Driver/Src/stm32h7xx_hal_flash.c ****   }
 399              		.loc 1 1123 5 view .LVU173
 400              	.LVL32:
1123:Drivers/STM32H7xx_HAL_Driver/Src/stm32h7xx_hal_flash.c ****   }
 401              		.loc 1 1123 5 is_stmt 0 view .LVU174
 402              	.LBE33:
 403              	.LBE48:
 196:Drivers/STM32H7xx_HAL_Driver/Src/stm32h7xx_hal_flash.c ****   {
 404              		.loc 1 196 3 is_stmt 1 view .LVU175
 405              	.L4:
 300:Drivers/STM32H7xx_HAL_Driver/Src/stm32h7xx_hal_flash.c **** 
 406              		.loc 1 300 3 view .LVU176
 300:Drivers/STM32H7xx_HAL_Driver/Src/stm32h7xx_hal_flash.c **** 
 407              		.loc 1 300 3 view .LVU177
 408 00ec 0023     		movs	r3, #0
 409 00ee 89F81430 		strb	r3, [r9, #20]
 300:Drivers/STM32H7xx_HAL_Driver/Src/stm32h7xx_hal_flash.c **** 
 410              		.loc 1 300 3 view .LVU178
 302:Drivers/STM32H7xx_HAL_Driver/Src/stm32h7xx_hal_flash.c **** }
 411              		.loc 1 302 3 view .LVU179
 303:Drivers/STM32H7xx_HAL_Driver/Src/stm32h7xx_hal_flash.c **** 
 412              		.loc 1 303 1 is_stmt 0 view .LVU180
 413 00f2 BDE8F883 		pop	{r3, r4, r5, r6, r7, r8, r9, pc}
 414              	.LVL33:
 415              	.L16:
 416              	.LBB49:
 417              	.LBB34:
 303:Drivers/STM32H7xx_HAL_Driver/Src/stm32h7xx_hal_flash.c **** 
 418              		.loc 1 303 1 view .LVU181
 419 00f6 0320     		movs	r0, #3
 420 00f8 F8E7     		b	.L4
 421              	.LVL34:
 422              	.L14:
 303:Drivers/STM32H7xx_HAL_Driver/Src/stm32h7xx_hal_flash.c **** 
 423              		.loc 1 303 1 view .LVU182
 424              	.LBE34:
 425              	.LBE49:
 167:Drivers/STM32H7xx_HAL_Driver/Src/stm32h7xx_hal_flash.c **** 
 426              		.loc 1 167 3 view .LVU183
 427 00fa 0220     		movs	r0, #2
 428              	.LVL35:
 303:Drivers/STM32H7xx_HAL_Driver/Src/stm32h7xx_hal_flash.c **** 
 429              		.loc 1 303 1 view .LVU184
 430 00fc BDE8F883 		pop	{r3, r4, r5, r6, r7, r8, r9, pc}
 431              	.LVL36:
 432              	.L17:
 433              	.LBB50:
 434              	.LBB46:
1097:Drivers/STM32H7xx_HAL_Driver/Src/stm32h7xx_hal_flash.c ****       }
 435              		.loc 1 1097 16 view .LVU185
 436 0100 0320     		movs	r0, #3
 437              	.LVL37:
 438              	.L9:
1097:Drivers/STM32H7xx_HAL_Driver/Src/stm32h7xx_hal_flash.c ****       }
 439              		.loc 1 1097 16 view .LVU186
 440              	.LBE46:
ARM GAS  C:\Users\l1234\AppData\Local\Temp\cc13EeWz.s 			page 48


 441              	.LBE50:
 294:Drivers/STM32H7xx_HAL_Driver/Src/stm32h7xx_hal_flash.c ****     }
 442              		.loc 1 294 7 is_stmt 1 view .LVU187
 443 0102 074A     		ldr	r2, .L26
 444 0104 D368     		ldr	r3, [r2, #12]
 445 0106 23F00203 		bic	r3, r3, #2
 446 010a D360     		str	r3, [r2, #12]
 447 010c EEE7     		b	.L4
 448              	.LVL38:
 449              	.L25:
 450              	.LBB51:
 451              	.LBB47:
1118:Drivers/STM32H7xx_HAL_Driver/Src/stm32h7xx_hal_flash.c **** 
 452              		.loc 1 1118 5 view .LVU188
1118:Drivers/STM32H7xx_HAL_Driver/Src/stm32h7xx_hal_flash.c **** 
 453              		.loc 1 1118 11 is_stmt 0 view .LVU189
 454 010e D9F81820 		ldr	r2, [r9, #24]
1123:Drivers/STM32H7xx_HAL_Driver/Src/stm32h7xx_hal_flash.c ****   }
 455              		.loc 1 1123 12 view .LVU190
 456 0112 0120     		movs	r0, #1
1118:Drivers/STM32H7xx_HAL_Driver/Src/stm32h7xx_hal_flash.c **** 
 457              		.loc 1 1118 22 view .LVU191
 458 0114 1A43     		orrs	r2, r2, r3
 459 0116 C9F81820 		str	r2, [r9, #24]
1121:Drivers/STM32H7xx_HAL_Driver/Src/stm32h7xx_hal_flash.c **** 
 460              		.loc 1 1121 5 is_stmt 1 view .LVU192
 461 011a 6361     		str	r3, [r4, #20]
1123:Drivers/STM32H7xx_HAL_Driver/Src/stm32h7xx_hal_flash.c ****   }
 462              		.loc 1 1123 5 view .LVU193
1123:Drivers/STM32H7xx_HAL_Driver/Src/stm32h7xx_hal_flash.c ****   }
 463              		.loc 1 1123 12 is_stmt 0 view .LVU194
 464 011c F1E7     		b	.L9
 465              	.L27:
 466 011e 00BF     		.align	2
 467              	.L26:
 468 0120 00200052 		.word	1375739904
 469 0124 0000EE17 		.word	401473536
 470 0128 00000000 		.word	pFlash
 471              	.LBE47:
 472              	.LBE51:
 473              		.cfi_endproc
 474              	.LFE144:
 476              		.section	.text.HAL_FLASH_Program_IT,"ax",%progbits
 477              		.align	1
 478              		.p2align 2,,3
 479              		.global	HAL_FLASH_Program_IT
 480              		.syntax unified
 481              		.thumb
 482              		.thumb_func
 484              	HAL_FLASH_Program_IT:
 485              	.LVL39:
 486              	.LFB145:
 320:Drivers/STM32H7xx_HAL_Driver/Src/stm32h7xx_hal_flash.c ****   HAL_StatusTypeDef status;
 487              		.loc 1 320 1 is_stmt 1 view -0
 488              		.cfi_startproc
 489              		@ args = 0, pretend = 0, frame = 0
 490              		@ frame_needed = 0, uses_anonymous_args = 0
ARM GAS  C:\Users\l1234\AppData\Local\Temp\cc13EeWz.s 			page 49


 321:Drivers/STM32H7xx_HAL_Driver/Src/stm32h7xx_hal_flash.c ****   __IO uint32_t *dest_addr = (__IO uint32_t*)FlashAddress;
 491              		.loc 1 321 3 view .LVU196
 322:Drivers/STM32H7xx_HAL_Driver/Src/stm32h7xx_hal_flash.c ****   __IO uint32_t *src_addr = (__IO uint32_t*)DataAddress;
 492              		.loc 1 322 3 view .LVU197
 320:Drivers/STM32H7xx_HAL_Driver/Src/stm32h7xx_hal_flash.c ****   HAL_StatusTypeDef status;
 493              		.loc 1 320 1 is_stmt 0 view .LVU198
 494 0000 2DE9F843 		push	{r3, r4, r5, r6, r7, r8, r9, lr}
 495              	.LCFI1:
 496              		.cfi_def_cfa_offset 32
 497              		.cfi_offset 3, -32
 498              		.cfi_offset 4, -28
 499              		.cfi_offset 5, -24
 500              		.cfi_offset 6, -20
 501              		.cfi_offset 7, -16
 502              		.cfi_offset 8, -12
 503              		.cfi_offset 9, -8
 504              		.cfi_offset 14, -4
 332:Drivers/STM32H7xx_HAL_Driver/Src/stm32h7xx_hal_flash.c **** 
 505              		.loc 1 332 3 view .LVU199
 506 0004 DFF8E490 		ldr	r9, .L44+8
 507 0008 99F81430 		ldrb	r3, [r9, #20]	@ zero_extendqisi2
 508              	.LVL40:
 323:Drivers/STM32H7xx_HAL_Driver/Src/stm32h7xx_hal_flash.c ****   uint32_t bank;
 509              		.loc 1 323 3 is_stmt 1 view .LVU200
 324:Drivers/STM32H7xx_HAL_Driver/Src/stm32h7xx_hal_flash.c ****   uint8_t row_index = FLASH_NB_32BITWORD_IN_FLASHWORD;
 510              		.loc 1 324 3 view .LVU201
 325:Drivers/STM32H7xx_HAL_Driver/Src/stm32h7xx_hal_flash.c **** 
 511              		.loc 1 325 3 view .LVU202
 328:Drivers/STM32H7xx_HAL_Driver/Src/stm32h7xx_hal_flash.c ****   assert_param(IS_FLASH_PROGRAM_ADDRESS(FlashAddress));
 512              		.loc 1 328 3 view .LVU203
 329:Drivers/STM32H7xx_HAL_Driver/Src/stm32h7xx_hal_flash.c **** 
 513              		.loc 1 329 3 view .LVU204
 332:Drivers/STM32H7xx_HAL_Driver/Src/stm32h7xx_hal_flash.c **** 
 514              		.loc 1 332 3 view .LVU205
 332:Drivers/STM32H7xx_HAL_Driver/Src/stm32h7xx_hal_flash.c **** 
 515              		.loc 1 332 3 view .LVU206
 516 000c 012B     		cmp	r3, #1
 517 000e 66D0     		beq	.L35
 335:Drivers/STM32H7xx_HAL_Driver/Src/stm32h7xx_hal_flash.c **** 
 518              		.loc 1 335 20 is_stmt 0 discriminator 2 view .LVU207
 519 0010 0023     		movs	r3, #0
 332:Drivers/STM32H7xx_HAL_Driver/Src/stm32h7xx_hal_flash.c **** 
 520              		.loc 1 332 3 discriminator 2 view .LVU208
 521 0012 0120     		movs	r0, #1
 522              	.LVL41:
 332:Drivers/STM32H7xx_HAL_Driver/Src/stm32h7xx_hal_flash.c **** 
 523              		.loc 1 332 3 discriminator 2 view .LVU209
 524 0014 0E46     		mov	r6, r1
 332:Drivers/STM32H7xx_HAL_Driver/Src/stm32h7xx_hal_flash.c **** 
 525              		.loc 1 332 3 is_stmt 1 discriminator 2 view .LVU210
 335:Drivers/STM32H7xx_HAL_Driver/Src/stm32h7xx_hal_flash.c **** 
 526              		.loc 1 335 20 is_stmt 0 discriminator 2 view .LVU211
 527 0016 C9F81830 		str	r3, [r9, #24]
 340:Drivers/STM32H7xx_HAL_Driver/Src/stm32h7xx_hal_flash.c **** #endif /* FLASH_OPTCR_PG_OTP */
 528              		.loc 1 340 6 discriminator 2 view .LVU212
 529 001a 01F17843 		add	r3, r1, #-134217728
 332:Drivers/STM32H7xx_HAL_Driver/Src/stm32h7xx_hal_flash.c **** 
ARM GAS  C:\Users\l1234\AppData\Local\Temp\cc13EeWz.s 			page 50


 530              		.loc 1 332 3 discriminator 2 view .LVU213
 531 001e 89F81400 		strb	r0, [r9, #20]
 332:Drivers/STM32H7xx_HAL_Driver/Src/stm32h7xx_hal_flash.c **** 
 532              		.loc 1 332 3 is_stmt 1 discriminator 2 view .LVU214
 335:Drivers/STM32H7xx_HAL_Driver/Src/stm32h7xx_hal_flash.c **** 
 533              		.loc 1 335 3 discriminator 2 view .LVU215
 340:Drivers/STM32H7xx_HAL_Driver/Src/stm32h7xx_hal_flash.c **** #endif /* FLASH_OPTCR_PG_OTP */
 534              		.loc 1 340 3 discriminator 2 view .LVU216
 340:Drivers/STM32H7xx_HAL_Driver/Src/stm32h7xx_hal_flash.c **** #endif /* FLASH_OPTCR_PG_OTP */
 535              		.loc 1 340 5 is_stmt 0 discriminator 2 view .LVU217
 536 0022 B3F5801F 		cmp	r3, #1048576
 537 0026 01D3     		bcc	.L42
 469:Drivers/STM32H7xx_HAL_Driver/Src/stm32h7xx_hal_flash.c **** 
 538              		.loc 1 469 1 view .LVU218
 539 0028 BDE8F883 		pop	{r3, r4, r5, r6, r7, r8, r9, pc}
 540              	.L42:
 469:Drivers/STM32H7xx_HAL_Driver/Src/stm32h7xx_hal_flash.c **** 
 541              		.loc 1 469 1 view .LVU219
 542 002c 9046     		mov	r8, r2
 343:Drivers/STM32H7xx_HAL_Driver/Src/stm32h7xx_hal_flash.c ****     /* Prevent unused argument(s) compilation warning */
 543              		.loc 1 343 5 is_stmt 1 view .LVU220
 544              	.LVL42:
 345:Drivers/STM32H7xx_HAL_Driver/Src/stm32h7xx_hal_flash.c ****   }
 545              		.loc 1 345 5 view .LVU221
 359:Drivers/STM32H7xx_HAL_Driver/Src/stm32h7xx_hal_flash.c **** 
 546              		.loc 1 359 3 view .LVU222
 547              	.LBB62:
 548              	.LBI62:
1070:Drivers/STM32H7xx_HAL_Driver/Src/stm32h7xx_hal_flash.c **** {
 549              		.loc 1 1070 19 view .LVU223
 550              	.LBB63:
1076:Drivers/STM32H7xx_HAL_Driver/Src/stm32h7xx_hal_flash.c ****   uint32_t errorflag = 0;
 551              		.loc 1 1076 3 view .LVU224
1077:Drivers/STM32H7xx_HAL_Driver/Src/stm32h7xx_hal_flash.c ****   uint32_t tickstart = HAL_GetTick();
 552              		.loc 1 1077 3 view .LVU225
1078:Drivers/STM32H7xx_HAL_Driver/Src/stm32h7xx_hal_flash.c **** 
 553              		.loc 1 1078 3 view .LVU226
1091:Drivers/STM32H7xx_HAL_Driver/Src/stm32h7xx_hal_flash.c ****   {
 554              		.loc 1 1091 9 is_stmt 0 view .LVU227
 555 002e 2D4C     		ldr	r4, .L44
1078:Drivers/STM32H7xx_HAL_Driver/Src/stm32h7xx_hal_flash.c **** 
 556              		.loc 1 1078 24 view .LVU228
 557 0030 FFF7FEFF 		bl	HAL_GetTick
 558              	.LVL43:
1095:Drivers/STM32H7xx_HAL_Driver/Src/stm32h7xx_hal_flash.c ****       {
 559              		.loc 1 1095 9 view .LVU229
 560 0034 4CF25037 		movw	r7, #50000
1078:Drivers/STM32H7xx_HAL_Driver/Src/stm32h7xx_hal_flash.c **** 
 561              		.loc 1 1078 24 view .LVU230
 562 0038 0546     		mov	r5, r0
 563              	.LVL44:
1080:Drivers/STM32H7xx_HAL_Driver/Src/stm32h7xx_hal_flash.c **** 
 564              		.loc 1 1080 3 is_stmt 1 view .LVU231
1091:Drivers/STM32H7xx_HAL_Driver/Src/stm32h7xx_hal_flash.c ****   {
 565              		.loc 1 1091 3 view .LVU232
1091:Drivers/STM32H7xx_HAL_Driver/Src/stm32h7xx_hal_flash.c ****   {
 566              		.loc 1 1091 8 is_stmt 0 view .LVU233
ARM GAS  C:\Users\l1234\AppData\Local\Temp\cc13EeWz.s 			page 51


 567 003a 04E0     		b	.L30
 568              	.LVL45:
 569              	.L32:
1095:Drivers/STM32H7xx_HAL_Driver/Src/stm32h7xx_hal_flash.c ****       {
 570              		.loc 1 1095 12 view .LVU234
 571 003c FFF7FEFF 		bl	HAL_GetTick
 572              	.LVL46:
1095:Drivers/STM32H7xx_HAL_Driver/Src/stm32h7xx_hal_flash.c ****       {
 573              		.loc 1 1095 26 view .LVU235
 574 0040 401B     		subs	r0, r0, r5
1095:Drivers/STM32H7xx_HAL_Driver/Src/stm32h7xx_hal_flash.c ****       {
 575              		.loc 1 1095 9 view .LVU236
 576 0042 B842     		cmp	r0, r7
 577 0044 49D8     		bhi	.L37
 578              	.L30:
1093:Drivers/STM32H7xx_HAL_Driver/Src/stm32h7xx_hal_flash.c ****     {
 579              		.loc 1 1093 5 is_stmt 1 view .LVU237
1095:Drivers/STM32H7xx_HAL_Driver/Src/stm32h7xx_hal_flash.c ****       {
 580              		.loc 1 1095 7 view .LVU238
1091:Drivers/STM32H7xx_HAL_Driver/Src/stm32h7xx_hal_flash.c ****   {
 581              		.loc 1 1091 9 view .LVU239
 582 0046 2369     		ldr	r3, [r4, #16]
 583 0048 5A07     		lsls	r2, r3, #29
 584 004a F7D4     		bmi	.L32
1103:Drivers/STM32H7xx_HAL_Driver/Src/stm32h7xx_hal_flash.c ****   {
 585              		.loc 1 1103 3 view .LVU240
1105:Drivers/STM32H7xx_HAL_Driver/Src/stm32h7xx_hal_flash.c ****   }
 586              		.loc 1 1105 5 view .LVU241
1105:Drivers/STM32H7xx_HAL_Driver/Src/stm32h7xx_hal_flash.c ****   }
 587              		.loc 1 1105 22 is_stmt 0 view .LVU242
 588 004c 2369     		ldr	r3, [r4, #16]
1105:Drivers/STM32H7xx_HAL_Driver/Src/stm32h7xx_hal_flash.c ****   }
 589              		.loc 1 1105 15 view .LVU243
 590 004e 264A     		ldr	r2, .L44+4
 591              	.LVL47:
1115:Drivers/STM32H7xx_HAL_Driver/Src/stm32h7xx_hal_flash.c ****   {
 592              		.loc 1 1115 3 is_stmt 1 view .LVU244
1115:Drivers/STM32H7xx_HAL_Driver/Src/stm32h7xx_hal_flash.c ****   {
 593              		.loc 1 1115 5 is_stmt 0 view .LVU245
 594 0050 1340     		ands	r3, r3, r2
 595              	.LVL48:
1115:Drivers/STM32H7xx_HAL_Driver/Src/stm32h7xx_hal_flash.c ****   {
 596              		.loc 1 1115 5 view .LVU246
 597 0052 36D1     		bne	.L43
 598              	.LVL49:
1127:Drivers/STM32H7xx_HAL_Driver/Src/stm32h7xx_hal_flash.c ****   {
 599              		.loc 1 1127 3 is_stmt 1 view .LVU247
1129:Drivers/STM32H7xx_HAL_Driver/Src/stm32h7xx_hal_flash.c ****     {
 600              		.loc 1 1129 5 view .LVU248
1129:Drivers/STM32H7xx_HAL_Driver/Src/stm32h7xx_hal_flash.c ****     {
 601              		.loc 1 1129 9 is_stmt 0 view .LVU249
 602 0054 2369     		ldr	r3, [r4, #16]
1129:Drivers/STM32H7xx_HAL_Driver/Src/stm32h7xx_hal_flash.c ****     {
 603              		.loc 1 1129 8 view .LVU250
 604 0056 DB03     		lsls	r3, r3, #15
 605 0058 02D5     		bpl	.L34
1132:Drivers/STM32H7xx_HAL_Driver/Src/stm32h7xx_hal_flash.c ****     }
ARM GAS  C:\Users\l1234\AppData\Local\Temp\cc13EeWz.s 			page 52


 606              		.loc 1 1132 7 is_stmt 1 view .LVU251
 607 005a 4FF48033 		mov	r3, #65536
 608 005e 6361     		str	r3, [r4, #20]
 609              	.LVL50:
1132:Drivers/STM32H7xx_HAL_Driver/Src/stm32h7xx_hal_flash.c ****     }
 610              		.loc 1 1132 7 is_stmt 0 view .LVU252
 611              	.LBE63:
 612              	.LBE62:
 361:Drivers/STM32H7xx_HAL_Driver/Src/stm32h7xx_hal_flash.c ****   {
 613              		.loc 1 361 3 is_stmt 1 view .LVU253
 614              	.L34:
 368:Drivers/STM32H7xx_HAL_Driver/Src/stm32h7xx_hal_flash.c **** 
 615              		.loc 1 368 5 view .LVU254
 429:Drivers/STM32H7xx_HAL_Driver/Src/stm32h7xx_hal_flash.c ****     }
 616              		.loc 1 429 7 is_stmt 0 view .LVU255
 617 0060 204B     		ldr	r3, .L44
 417:Drivers/STM32H7xx_HAL_Driver/Src/stm32h7xx_hal_flash.c **** 
 618              		.loc 1 417 29 view .LVU256
 619 0062 0322     		movs	r2, #3
 368:Drivers/STM32H7xx_HAL_Driver/Src/stm32h7xx_hal_flash.c **** 
 620              		.loc 1 368 20 view .LVU257
 621 0064 C9F81060 		str	r6, [r9, #16]
 417:Drivers/STM32H7xx_HAL_Driver/Src/stm32h7xx_hal_flash.c **** 
 622              		.loc 1 417 5 is_stmt 1 view .LVU258
 417:Drivers/STM32H7xx_HAL_Driver/Src/stm32h7xx_hal_flash.c **** 
 623              		.loc 1 417 29 is_stmt 0 view .LVU259
 624 0068 89F80020 		strb	r2, [r9]
 429:Drivers/STM32H7xx_HAL_Driver/Src/stm32h7xx_hal_flash.c ****     }
 625              		.loc 1 429 7 is_stmt 1 view .LVU260
 626 006c DA68     		ldr	r2, [r3, #12]
 627 006e 42F00202 		orr	r2, r2, #2
 628 0072 DA60     		str	r2, [r3, #12]
 434:Drivers/STM32H7xx_HAL_Driver/Src/stm32h7xx_hal_flash.c ****                                   FLASH_IT_STRBERR_BANK1 | FLASH_IT_INCERR_BANK1 | FLASH_IT_OPERR_B
 629              		.loc 1 434 7 view .LVU261
 630 0074 DA68     		ldr	r2, [r3, #12]
 631 0076 42F4DE02 		orr	r2, r2, #7274496
 632 007a DA60     		str	r2, [r3, #12]
 442:Drivers/STM32H7xx_HAL_Driver/Src/stm32h7xx_hal_flash.c ****     __DSB();
 633              		.loc 1 442 5 view .LVU262
 634              	.LBB66:
 635              	.LBI66:
 933:Drivers/CMSIS/Include/cmsis_gcc.h **** {
 636              		.loc 2 933 27 view .LVU263
 637              	.LBB67:
 935:Drivers/CMSIS/Include/cmsis_gcc.h **** }
 638              		.loc 2 935 3 view .LVU264
 639              		.syntax unified
 640              	@ 935 "Drivers/CMSIS/Include/cmsis_gcc.h" 1
 641 007c BFF36F8F 		isb 0xF
 642              	@ 0 "" 2
 643              		.thumb
 644              		.syntax unified
 645              	.LBE67:
 646              	.LBE66:
 443:Drivers/STM32H7xx_HAL_Driver/Src/stm32h7xx_hal_flash.c **** 
 647              		.loc 1 443 5 view .LVU265
 648              	.LBB68:
ARM GAS  C:\Users\l1234\AppData\Local\Temp\cc13EeWz.s 			page 53


 649              	.LBI68:
 944:Drivers/CMSIS/Include/cmsis_gcc.h **** {
 650              		.loc 2 944 27 view .LVU266
 651              	.LBB69:
 652              		.loc 2 946 3 view .LVU267
 653              		.syntax unified
 654              	@ 946 "Drivers/CMSIS/Include/cmsis_gcc.h" 1
 655 0080 BFF34F8F 		dsb 0xF
 656              	@ 0 "" 2
 657              	.LVL51:
 658              		.loc 2 946 3 is_stmt 0 view .LVU268
 659              		.thumb
 660              		.syntax unified
 661              	.LBE69:
 662              	.LBE68:
 455:Drivers/STM32H7xx_HAL_Driver/Src/stm32h7xx_hal_flash.c ****       {
 663              		.loc 1 455 7 is_stmt 1 view .LVU269
 457:Drivers/STM32H7xx_HAL_Driver/Src/stm32h7xx_hal_flash.c ****         dest_addr++;
 664              		.loc 1 457 9 view .LVU270
 457:Drivers/STM32H7xx_HAL_Driver/Src/stm32h7xx_hal_flash.c ****         dest_addr++;
 665              		.loc 1 457 22 is_stmt 0 view .LVU271
 666 0084 D8F80030 		ldr	r3, [r8]
 457:Drivers/STM32H7xx_HAL_Driver/Src/stm32h7xx_hal_flash.c ****         dest_addr++;
 667              		.loc 1 457 20 view .LVU272
 668 0088 3360     		str	r3, [r6]
 458:Drivers/STM32H7xx_HAL_Driver/Src/stm32h7xx_hal_flash.c ****         src_addr++;
 669              		.loc 1 458 9 is_stmt 1 view .LVU273
 670              	.LVL52:
 459:Drivers/STM32H7xx_HAL_Driver/Src/stm32h7xx_hal_flash.c ****         row_index--;
 671              		.loc 1 459 9 view .LVU274
 460:Drivers/STM32H7xx_HAL_Driver/Src/stm32h7xx_hal_flash.c ****       } while (row_index != 0U);
 672              		.loc 1 460 9 view .LVU275
 461:Drivers/STM32H7xx_HAL_Driver/Src/stm32h7xx_hal_flash.c ****     }
 673              		.loc 1 461 26 view .LVU276
 455:Drivers/STM32H7xx_HAL_Driver/Src/stm32h7xx_hal_flash.c ****       {
 674              		.loc 1 455 7 view .LVU277
 457:Drivers/STM32H7xx_HAL_Driver/Src/stm32h7xx_hal_flash.c ****         dest_addr++;
 675              		.loc 1 457 9 view .LVU278
 457:Drivers/STM32H7xx_HAL_Driver/Src/stm32h7xx_hal_flash.c ****         dest_addr++;
 676              		.loc 1 457 22 is_stmt 0 view .LVU279
 677 008a D8F80430 		ldr	r3, [r8, #4]
 457:Drivers/STM32H7xx_HAL_Driver/Src/stm32h7xx_hal_flash.c ****         dest_addr++;
 678              		.loc 1 457 20 view .LVU280
 679 008e 7360     		str	r3, [r6, #4]
 458:Drivers/STM32H7xx_HAL_Driver/Src/stm32h7xx_hal_flash.c ****         src_addr++;
 680              		.loc 1 458 9 is_stmt 1 view .LVU281
 681              	.LVL53:
 459:Drivers/STM32H7xx_HAL_Driver/Src/stm32h7xx_hal_flash.c ****         row_index--;
 682              		.loc 1 459 9 view .LVU282
 460:Drivers/STM32H7xx_HAL_Driver/Src/stm32h7xx_hal_flash.c ****       } while (row_index != 0U);
 683              		.loc 1 460 9 view .LVU283
 461:Drivers/STM32H7xx_HAL_Driver/Src/stm32h7xx_hal_flash.c ****     }
 684              		.loc 1 461 26 view .LVU284
 455:Drivers/STM32H7xx_HAL_Driver/Src/stm32h7xx_hal_flash.c ****       {
 685              		.loc 1 455 7 view .LVU285
 457:Drivers/STM32H7xx_HAL_Driver/Src/stm32h7xx_hal_flash.c ****         dest_addr++;
 686              		.loc 1 457 9 view .LVU286
ARM GAS  C:\Users\l1234\AppData\Local\Temp\cc13EeWz.s 			page 54


 457:Drivers/STM32H7xx_HAL_Driver/Src/stm32h7xx_hal_flash.c ****         dest_addr++;
 687              		.loc 1 457 22 is_stmt 0 view .LVU287
 688 0090 D8F80830 		ldr	r3, [r8, #8]
 457:Drivers/STM32H7xx_HAL_Driver/Src/stm32h7xx_hal_flash.c ****         dest_addr++;
 689              		.loc 1 457 20 view .LVU288
 690 0094 B360     		str	r3, [r6, #8]
 458:Drivers/STM32H7xx_HAL_Driver/Src/stm32h7xx_hal_flash.c ****         src_addr++;
 691              		.loc 1 458 9 is_stmt 1 view .LVU289
 692              	.LVL54:
 459:Drivers/STM32H7xx_HAL_Driver/Src/stm32h7xx_hal_flash.c ****         row_index--;
 693              		.loc 1 459 9 view .LVU290
 460:Drivers/STM32H7xx_HAL_Driver/Src/stm32h7xx_hal_flash.c ****       } while (row_index != 0U);
 694              		.loc 1 460 9 view .LVU291
 461:Drivers/STM32H7xx_HAL_Driver/Src/stm32h7xx_hal_flash.c ****     }
 695              		.loc 1 461 26 view .LVU292
 455:Drivers/STM32H7xx_HAL_Driver/Src/stm32h7xx_hal_flash.c ****       {
 696              		.loc 1 455 7 view .LVU293
 457:Drivers/STM32H7xx_HAL_Driver/Src/stm32h7xx_hal_flash.c ****         dest_addr++;
 697              		.loc 1 457 9 view .LVU294
 457:Drivers/STM32H7xx_HAL_Driver/Src/stm32h7xx_hal_flash.c ****         dest_addr++;
 698              		.loc 1 457 22 is_stmt 0 view .LVU295
 699 0096 D8F80C30 		ldr	r3, [r8, #12]
 457:Drivers/STM32H7xx_HAL_Driver/Src/stm32h7xx_hal_flash.c ****         dest_addr++;
 700              		.loc 1 457 20 view .LVU296
 701 009a F360     		str	r3, [r6, #12]
 458:Drivers/STM32H7xx_HAL_Driver/Src/stm32h7xx_hal_flash.c ****         src_addr++;
 702              		.loc 1 458 9 is_stmt 1 view .LVU297
 703              	.LVL55:
 459:Drivers/STM32H7xx_HAL_Driver/Src/stm32h7xx_hal_flash.c ****         row_index--;
 704              		.loc 1 459 9 view .LVU298
 460:Drivers/STM32H7xx_HAL_Driver/Src/stm32h7xx_hal_flash.c ****       } while (row_index != 0U);
 705              		.loc 1 460 9 view .LVU299
 461:Drivers/STM32H7xx_HAL_Driver/Src/stm32h7xx_hal_flash.c ****     }
 706              		.loc 1 461 26 view .LVU300
 455:Drivers/STM32H7xx_HAL_Driver/Src/stm32h7xx_hal_flash.c ****       {
 707              		.loc 1 455 7 view .LVU301
 457:Drivers/STM32H7xx_HAL_Driver/Src/stm32h7xx_hal_flash.c ****         dest_addr++;
 708              		.loc 1 457 9 view .LVU302
 457:Drivers/STM32H7xx_HAL_Driver/Src/stm32h7xx_hal_flash.c ****         dest_addr++;
 709              		.loc 1 457 22 is_stmt 0 view .LVU303
 710 009c D8F81030 		ldr	r3, [r8, #16]
 457:Drivers/STM32H7xx_HAL_Driver/Src/stm32h7xx_hal_flash.c ****         dest_addr++;
 711              		.loc 1 457 20 view .LVU304
 712 00a0 3361     		str	r3, [r6, #16]
 458:Drivers/STM32H7xx_HAL_Driver/Src/stm32h7xx_hal_flash.c ****         src_addr++;
 713              		.loc 1 458 9 is_stmt 1 view .LVU305
 714              	.LVL56:
 459:Drivers/STM32H7xx_HAL_Driver/Src/stm32h7xx_hal_flash.c ****         row_index--;
 715              		.loc 1 459 9 view .LVU306
 460:Drivers/STM32H7xx_HAL_Driver/Src/stm32h7xx_hal_flash.c ****       } while (row_index != 0U);
 716              		.loc 1 460 9 view .LVU307
 461:Drivers/STM32H7xx_HAL_Driver/Src/stm32h7xx_hal_flash.c ****     }
 717              		.loc 1 461 26 view .LVU308
 455:Drivers/STM32H7xx_HAL_Driver/Src/stm32h7xx_hal_flash.c ****       {
 718              		.loc 1 455 7 view .LVU309
 457:Drivers/STM32H7xx_HAL_Driver/Src/stm32h7xx_hal_flash.c ****         dest_addr++;
 719              		.loc 1 457 9 view .LVU310
ARM GAS  C:\Users\l1234\AppData\Local\Temp\cc13EeWz.s 			page 55


 457:Drivers/STM32H7xx_HAL_Driver/Src/stm32h7xx_hal_flash.c ****         dest_addr++;
 720              		.loc 1 457 22 is_stmt 0 view .LVU311
 721 00a2 D8F81430 		ldr	r3, [r8, #20]
 457:Drivers/STM32H7xx_HAL_Driver/Src/stm32h7xx_hal_flash.c ****         dest_addr++;
 722              		.loc 1 457 20 view .LVU312
 723 00a6 7361     		str	r3, [r6, #20]
 458:Drivers/STM32H7xx_HAL_Driver/Src/stm32h7xx_hal_flash.c ****         src_addr++;
 724              		.loc 1 458 9 is_stmt 1 view .LVU313
 725              	.LVL57:
 459:Drivers/STM32H7xx_HAL_Driver/Src/stm32h7xx_hal_flash.c ****         row_index--;
 726              		.loc 1 459 9 view .LVU314
 460:Drivers/STM32H7xx_HAL_Driver/Src/stm32h7xx_hal_flash.c ****       } while (row_index != 0U);
 727              		.loc 1 460 9 view .LVU315
 461:Drivers/STM32H7xx_HAL_Driver/Src/stm32h7xx_hal_flash.c ****     }
 728              		.loc 1 461 26 view .LVU316
 455:Drivers/STM32H7xx_HAL_Driver/Src/stm32h7xx_hal_flash.c ****       {
 729              		.loc 1 455 7 view .LVU317
 457:Drivers/STM32H7xx_HAL_Driver/Src/stm32h7xx_hal_flash.c ****         dest_addr++;
 730              		.loc 1 457 9 view .LVU318
 457:Drivers/STM32H7xx_HAL_Driver/Src/stm32h7xx_hal_flash.c ****         dest_addr++;
 731              		.loc 1 457 22 is_stmt 0 view .LVU319
 732 00a8 D8F81830 		ldr	r3, [r8, #24]
 457:Drivers/STM32H7xx_HAL_Driver/Src/stm32h7xx_hal_flash.c ****         dest_addr++;
 733              		.loc 1 457 20 view .LVU320
 734 00ac B361     		str	r3, [r6, #24]
 458:Drivers/STM32H7xx_HAL_Driver/Src/stm32h7xx_hal_flash.c ****         src_addr++;
 735              		.loc 1 458 9 is_stmt 1 view .LVU321
 736              	.LVL58:
 459:Drivers/STM32H7xx_HAL_Driver/Src/stm32h7xx_hal_flash.c ****         row_index--;
 737              		.loc 1 459 9 view .LVU322
 460:Drivers/STM32H7xx_HAL_Driver/Src/stm32h7xx_hal_flash.c ****       } while (row_index != 0U);
 738              		.loc 1 460 9 view .LVU323
 461:Drivers/STM32H7xx_HAL_Driver/Src/stm32h7xx_hal_flash.c ****     }
 739              		.loc 1 461 26 view .LVU324
 455:Drivers/STM32H7xx_HAL_Driver/Src/stm32h7xx_hal_flash.c ****       {
 740              		.loc 1 455 7 view .LVU325
 457:Drivers/STM32H7xx_HAL_Driver/Src/stm32h7xx_hal_flash.c ****         dest_addr++;
 741              		.loc 1 457 9 view .LVU326
 457:Drivers/STM32H7xx_HAL_Driver/Src/stm32h7xx_hal_flash.c ****         dest_addr++;
 742              		.loc 1 457 22 is_stmt 0 view .LVU327
 743 00ae D8F81C30 		ldr	r3, [r8, #28]
 457:Drivers/STM32H7xx_HAL_Driver/Src/stm32h7xx_hal_flash.c ****         dest_addr++;
 744              		.loc 1 457 20 view .LVU328
 745 00b2 F361     		str	r3, [r6, #28]
 458:Drivers/STM32H7xx_HAL_Driver/Src/stm32h7xx_hal_flash.c ****         src_addr++;
 746              		.loc 1 458 9 is_stmt 1 view .LVU329
 747              	.LVL59:
 459:Drivers/STM32H7xx_HAL_Driver/Src/stm32h7xx_hal_flash.c ****         row_index--;
 748              		.loc 1 459 9 view .LVU330
 460:Drivers/STM32H7xx_HAL_Driver/Src/stm32h7xx_hal_flash.c ****       } while (row_index != 0U);
 749              		.loc 1 460 9 view .LVU331
 461:Drivers/STM32H7xx_HAL_Driver/Src/stm32h7xx_hal_flash.c ****     }
 750              		.loc 1 461 26 view .LVU332
 464:Drivers/STM32H7xx_HAL_Driver/Src/stm32h7xx_hal_flash.c ****     __DSB();
 751              		.loc 1 464 5 view .LVU333
 752              	.LBB70:
 753              	.LBI70:
ARM GAS  C:\Users\l1234\AppData\Local\Temp\cc13EeWz.s 			page 56


 933:Drivers/CMSIS/Include/cmsis_gcc.h **** {
 754              		.loc 2 933 27 view .LVU334
 755              	.LBB71:
 935:Drivers/CMSIS/Include/cmsis_gcc.h **** }
 756              		.loc 2 935 3 view .LVU335
 757              		.syntax unified
 758              	@ 935 "Drivers/CMSIS/Include/cmsis_gcc.h" 1
 759 00b4 BFF36F8F 		isb 0xF
 760              	@ 0 "" 2
 761              		.thumb
 762              		.syntax unified
 763              	.LBE71:
 764              	.LBE70:
 465:Drivers/STM32H7xx_HAL_Driver/Src/stm32h7xx_hal_flash.c ****   }
 765              		.loc 1 465 5 view .LVU336
 766              	.LBB72:
 767              	.LBI72:
 944:Drivers/CMSIS/Include/cmsis_gcc.h **** {
 768              		.loc 2 944 27 view .LVU337
 769              	.LBB73:
 770              		.loc 2 946 3 view .LVU338
 771              		.syntax unified
 772              	@ 946 "Drivers/CMSIS/Include/cmsis_gcc.h" 1
 773 00b8 BFF34F8F 		dsb 0xF
 774              	@ 0 "" 2
 947:Drivers/CMSIS/Include/cmsis_gcc.h **** }
 775              		.loc 2 947 1 is_stmt 0 view .LVU339
 776              		.thumb
 777              		.syntax unified
 778 00bc 0020     		movs	r0, #0
 779              	.LBE73:
 780              	.LBE72:
 469:Drivers/STM32H7xx_HAL_Driver/Src/stm32h7xx_hal_flash.c **** 
 781              		.loc 1 469 1 view .LVU340
 782 00be BDE8F883 		pop	{r3, r4, r5, r6, r7, r8, r9, pc}
 783              	.LVL60:
 784              	.L43:
 785              	.LBB74:
 786              	.LBB64:
1118:Drivers/STM32H7xx_HAL_Driver/Src/stm32h7xx_hal_flash.c **** 
 787              		.loc 1 1118 5 is_stmt 1 view .LVU341
1118:Drivers/STM32H7xx_HAL_Driver/Src/stm32h7xx_hal_flash.c **** 
 788              		.loc 1 1118 11 is_stmt 0 view .LVU342
 789 00c2 D9F81820 		ldr	r2, [r9, #24]
1123:Drivers/STM32H7xx_HAL_Driver/Src/stm32h7xx_hal_flash.c ****   }
 790              		.loc 1 1123 12 view .LVU343
 791 00c6 0120     		movs	r0, #1
1118:Drivers/STM32H7xx_HAL_Driver/Src/stm32h7xx_hal_flash.c **** 
 792              		.loc 1 1118 22 view .LVU344
 793 00c8 1A43     		orrs	r2, r2, r3
 794 00ca C9F81820 		str	r2, [r9, #24]
1121:Drivers/STM32H7xx_HAL_Driver/Src/stm32h7xx_hal_flash.c **** 
 795              		.loc 1 1121 5 is_stmt 1 view .LVU345
 796 00ce 6361     		str	r3, [r4, #20]
1123:Drivers/STM32H7xx_HAL_Driver/Src/stm32h7xx_hal_flash.c ****   }
 797              		.loc 1 1123 5 view .LVU346
 798              	.LVL61:
ARM GAS  C:\Users\l1234\AppData\Local\Temp\cc13EeWz.s 			page 57


1123:Drivers/STM32H7xx_HAL_Driver/Src/stm32h7xx_hal_flash.c ****   }
 799              		.loc 1 1123 5 is_stmt 0 view .LVU347
 800              	.LBE64:
 801              	.LBE74:
 361:Drivers/STM32H7xx_HAL_Driver/Src/stm32h7xx_hal_flash.c ****   {
 802              		.loc 1 361 3 is_stmt 1 view .LVU348
 803              	.L31:
 364:Drivers/STM32H7xx_HAL_Driver/Src/stm32h7xx_hal_flash.c ****   }
 804              		.loc 1 364 5 view .LVU349
 364:Drivers/STM32H7xx_HAL_Driver/Src/stm32h7xx_hal_flash.c ****   }
 805              		.loc 1 364 5 view .LVU350
 806 00d0 0023     		movs	r3, #0
 807 00d2 89F81430 		strb	r3, [r9, #20]
 364:Drivers/STM32H7xx_HAL_Driver/Src/stm32h7xx_hal_flash.c ****   }
 808              		.loc 1 364 5 view .LVU351
 469:Drivers/STM32H7xx_HAL_Driver/Src/stm32h7xx_hal_flash.c **** 
 809              		.loc 1 469 1 is_stmt 0 view .LVU352
 810 00d6 BDE8F883 		pop	{r3, r4, r5, r6, r7, r8, r9, pc}
 811              	.LVL62:
 812              	.L37:
 813              	.LBB75:
 814              	.LBB65:
 469:Drivers/STM32H7xx_HAL_Driver/Src/stm32h7xx_hal_flash.c **** 
 815              		.loc 1 469 1 view .LVU353
 816 00da 0320     		movs	r0, #3
 817 00dc F8E7     		b	.L31
 818              	.LVL63:
 819              	.L35:
 469:Drivers/STM32H7xx_HAL_Driver/Src/stm32h7xx_hal_flash.c **** 
 820              		.loc 1 469 1 view .LVU354
 821              	.LBE65:
 822              	.LBE75:
 332:Drivers/STM32H7xx_HAL_Driver/Src/stm32h7xx_hal_flash.c **** 
 823              		.loc 1 332 3 view .LVU355
 824 00de 0220     		movs	r0, #2
 825              	.LVL64:
 469:Drivers/STM32H7xx_HAL_Driver/Src/stm32h7xx_hal_flash.c **** 
 826              		.loc 1 469 1 view .LVU356
 827 00e0 BDE8F883 		pop	{r3, r4, r5, r6, r7, r8, r9, pc}
 828              	.L45:
 829              		.align	2
 830              	.L44:
 831 00e4 00200052 		.word	1375739904
 832 00e8 0000EE17 		.word	401473536
 833 00ec 00000000 		.word	pFlash
 834              		.cfi_endproc
 835              	.LFE145:
 837              		.section	.text.HAL_FLASH_EndOfOperationCallback,"ax",%progbits
 838              		.align	1
 839              		.p2align 2,,3
 840              		.weak	HAL_FLASH_EndOfOperationCallback
 841              		.syntax unified
 842              		.thumb
 843              		.thumb_func
 845              	HAL_FLASH_EndOfOperationCallback:
 846              	.LVL65:
 847              	.LFB147:
ARM GAS  C:\Users\l1234\AppData\Local\Temp\cc13EeWz.s 			page 58


 811:Drivers/STM32H7xx_HAL_Driver/Src/stm32h7xx_hal_flash.c ****   /* Prevent unused argument(s) compilation warning */
 848              		.loc 1 811 1 is_stmt 1 view -0
 849              		.cfi_startproc
 850              		@ args = 0, pretend = 0, frame = 0
 851              		@ frame_needed = 0, uses_anonymous_args = 0
 852              		@ link register save eliminated.
 813:Drivers/STM32H7xx_HAL_Driver/Src/stm32h7xx_hal_flash.c **** 
 853              		.loc 1 813 3 view .LVU358
 818:Drivers/STM32H7xx_HAL_Driver/Src/stm32h7xx_hal_flash.c **** 
 854              		.loc 1 818 1 is_stmt 0 view .LVU359
 855 0000 7047     		bx	lr
 856              		.cfi_endproc
 857              	.LFE147:
 859 0002 00BF     		.section	.text.HAL_FLASH_OperationErrorCallback,"ax",%progbits
 860              		.align	1
 861              		.p2align 2,,3
 862              		.weak	HAL_FLASH_OperationErrorCallback
 863              		.syntax unified
 864              		.thumb
 865              		.thumb_func
 867              	HAL_FLASH_OperationErrorCallback:
 868              	.LFB161:
 869              		.cfi_startproc
 828:Drivers/STM32H7xx_HAL_Driver/Src/stm32h7xx_hal_flash.c **** {
 870              		.loc 1 828 13 is_stmt 1 view -0
 871              		@ args = 0, pretend = 0, frame = 0
 872              		@ frame_needed = 0, uses_anonymous_args = 0
 873              		@ link register save eliminated.
 874 0000 7047     		bx	lr
 875              		.cfi_endproc
 876              	.LFE161:
 878 0002 00BF     		.section	.text.HAL_FLASH_IRQHandler,"ax",%progbits
 879              		.align	1
 880              		.p2align 2,,3
 881              		.global	HAL_FLASH_IRQHandler
 882              		.syntax unified
 883              		.thumb
 884              		.thumb_func
 886              	HAL_FLASH_IRQHandler:
 887              	.LFB146:
 476:Drivers/STM32H7xx_HAL_Driver/Src/stm32h7xx_hal_flash.c ****   uint32_t temp;
 888              		.loc 1 476 1 view -0
 889              		.cfi_startproc
 890              		@ args = 0, pretend = 0, frame = 0
 891              		@ frame_needed = 0, uses_anonymous_args = 0
 477:Drivers/STM32H7xx_HAL_Driver/Src/stm32h7xx_hal_flash.c ****   uint32_t errorflag;
 892              		.loc 1 477 3 view .LVU362
 478:Drivers/STM32H7xx_HAL_Driver/Src/stm32h7xx_hal_flash.c ****   FLASH_ProcedureTypeDef procedure;
 893              		.loc 1 478 3 view .LVU363
 479:Drivers/STM32H7xx_HAL_Driver/Src/stm32h7xx_hal_flash.c **** 
 894              		.loc 1 479 3 view .LVU364
 482:Drivers/STM32H7xx_HAL_Driver/Src/stm32h7xx_hal_flash.c ****   {
 895              		.loc 1 482 3 view .LVU365
 476:Drivers/STM32H7xx_HAL_Driver/Src/stm32h7xx_hal_flash.c ****   uint32_t temp;
 896              		.loc 1 476 1 is_stmt 0 view .LVU366
 897 0000 70B5     		push	{r4, r5, r6, lr}
 898              	.LCFI2:
ARM GAS  C:\Users\l1234\AppData\Local\Temp\cc13EeWz.s 			page 59


 899              		.cfi_def_cfa_offset 16
 900              		.cfi_offset 4, -16
 901              		.cfi_offset 5, -12
 902              		.cfi_offset 6, -8
 903              		.cfi_offset 14, -4
 482:Drivers/STM32H7xx_HAL_Driver/Src/stm32h7xx_hal_flash.c ****   {
 904              		.loc 1 482 6 view .LVU367
 905 0002 364D     		ldr	r5, .L72
 484:Drivers/STM32H7xx_HAL_Driver/Src/stm32h7xx_hal_flash.c ****     {
 906              		.loc 1 484 14 view .LVU368
 907 0004 364C     		ldr	r4, .L72+4
 482:Drivers/STM32H7xx_HAL_Driver/Src/stm32h7xx_hal_flash.c ****   {
 908              		.loc 1 482 6 view .LVU369
 909 0006 2B69     		ldr	r3, [r5, #16]
 482:Drivers/STM32H7xx_HAL_Driver/Src/stm32h7xx_hal_flash.c ****   {
 910              		.loc 1 482 5 view .LVU370
 911 0008 DB03     		lsls	r3, r3, #15
 912 000a 0ED5     		bpl	.L49
 484:Drivers/STM32H7xx_HAL_Driver/Src/stm32h7xx_hal_flash.c ****     {
 913              		.loc 1 484 5 is_stmt 1 view .LVU371
 484:Drivers/STM32H7xx_HAL_Driver/Src/stm32h7xx_hal_flash.c ****     {
 914              		.loc 1 484 14 is_stmt 0 view .LVU372
 915 000c 2378     		ldrb	r3, [r4]	@ zero_extendqisi2
 484:Drivers/STM32H7xx_HAL_Driver/Src/stm32h7xx_hal_flash.c ****     {
 916              		.loc 1 484 7 view .LVU373
 917 000e 012B     		cmp	r3, #1
 484:Drivers/STM32H7xx_HAL_Driver/Src/stm32h7xx_hal_flash.c ****     {
 918              		.loc 1 484 14 view .LVU374
 919 0010 DEB2     		uxtb	r6, r3
 484:Drivers/STM32H7xx_HAL_Driver/Src/stm32h7xx_hal_flash.c ****     {
 920              		.loc 1 484 7 view .LVU375
 921 0012 2BD0     		beq	.L69
 519:Drivers/STM32H7xx_HAL_Driver/Src/stm32h7xx_hal_flash.c **** 
 922              		.loc 1 519 7 is_stmt 1 view .LVU376
 519:Drivers/STM32H7xx_HAL_Driver/Src/stm32h7xx_hal_flash.c **** 
 923              		.loc 1 519 17 is_stmt 0 view .LVU377
 924 0014 2278     		ldrb	r2, [r4]	@ zero_extendqisi2
 521:Drivers/STM32H7xx_HAL_Driver/Src/stm32h7xx_hal_flash.c ****       {
 925              		.loc 1 521 9 view .LVU378
 926 0016 022A     		cmp	r2, #2
 519:Drivers/STM32H7xx_HAL_Driver/Src/stm32h7xx_hal_flash.c **** 
 927              		.loc 1 519 17 view .LVU379
 928 0018 D3B2     		uxtb	r3, r2
 929              	.LVL66:
 521:Drivers/STM32H7xx_HAL_Driver/Src/stm32h7xx_hal_flash.c ****       {
 930              		.loc 1 521 7 is_stmt 1 view .LVU380
 521:Drivers/STM32H7xx_HAL_Driver/Src/stm32h7xx_hal_flash.c ****       {
 931              		.loc 1 521 9 is_stmt 0 view .LVU381
 932 001a 46D0     		beq	.L61
 933 001c 072B     		cmp	r3, #7
 934 001e 44D0     		beq	.L61
 527:Drivers/STM32H7xx_HAL_Driver/Src/stm32h7xx_hal_flash.c ****       {
 935              		.loc 1 527 12 is_stmt 1 view .LVU382
 527:Drivers/STM32H7xx_HAL_Driver/Src/stm32h7xx_hal_flash.c ****       {
 936              		.loc 1 527 14 is_stmt 0 view .LVU383
 937 0020 032B     		cmp	r3, #3
 938 0022 57D0     		beq	.L70
ARM GAS  C:\Users\l1234\AppData\Local\Temp\cc13EeWz.s 			page 60


 536:Drivers/STM32H7xx_HAL_Driver/Src/stm32h7xx_hal_flash.c **** 
 939              		.loc 1 536 7 is_stmt 1 view .LVU384
 538:Drivers/STM32H7xx_HAL_Driver/Src/stm32h7xx_hal_flash.c ****          (procedure != FLASH_PROC_MASSERASE_BANK2) && \
 940              		.loc 1 538 7 view .LVU385
 538:Drivers/STM32H7xx_HAL_Driver/Src/stm32h7xx_hal_flash.c ****          (procedure != FLASH_PROC_MASSERASE_BANK2) && \
 941              		.loc 1 538 9 is_stmt 0 view .LVU386
 942 0024 043B     		subs	r3, r3, #4
 943              	.LVL67:
 538:Drivers/STM32H7xx_HAL_Driver/Src/stm32h7xx_hal_flash.c ****          (procedure != FLASH_PROC_MASSERASE_BANK2) && \
 944              		.loc 1 538 9 view .LVU387
 945 0026 022B     		cmp	r3, #2
 946 0028 42D8     		bhi	.L54
 947              	.LVL68:
 948              	.L49:
 621:Drivers/STM32H7xx_HAL_Driver/Src/stm32h7xx_hal_flash.c ****                             FLASH_FLAG_INCERR_BANK1 | FLASH_FLAG_OPERR_BANK1);
 949              		.loc 1 621 3 is_stmt 1 view .LVU388
 621:Drivers/STM32H7xx_HAL_Driver/Src/stm32h7xx_hal_flash.c ****                             FLASH_FLAG_INCERR_BANK1 | FLASH_FLAG_OPERR_BANK1);
 950              		.loc 1 621 20 is_stmt 0 view .LVU389
 951 002a 2C4A     		ldr	r2, .L72
 952 002c 1369     		ldr	r3, [r2, #16]
 953              	.LVL69:
 628:Drivers/STM32H7xx_HAL_Driver/Src/stm32h7xx_hal_flash.c ****   {
 954              		.loc 1 628 3 is_stmt 1 view .LVU390
 628:Drivers/STM32H7xx_HAL_Driver/Src/stm32h7xx_hal_flash.c ****   {
 955              		.loc 1 628 5 is_stmt 0 view .LVU391
 956 002e 13F4DC03 		ands	r3, r3, #7208960
 957              	.LVL70:
 628:Drivers/STM32H7xx_HAL_Driver/Src/stm32h7xx_hal_flash.c ****   {
 958              		.loc 1 628 5 view .LVU392
 959 0032 10D0     		beq	.L56
 631:Drivers/STM32H7xx_HAL_Driver/Src/stm32h7xx_hal_flash.c **** 
 960              		.loc 1 631 5 is_stmt 1 view .LVU393
 631:Drivers/STM32H7xx_HAL_Driver/Src/stm32h7xx_hal_flash.c **** 
 961              		.loc 1 631 11 is_stmt 0 view .LVU394
 962 0034 A169     		ldr	r1, [r4, #24]
 631:Drivers/STM32H7xx_HAL_Driver/Src/stm32h7xx_hal_flash.c **** 
 963              		.loc 1 631 22 view .LVU395
 964 0036 1943     		orrs	r1, r1, r3
 965 0038 A161     		str	r1, [r4, #24]
 634:Drivers/STM32H7xx_HAL_Driver/Src/stm32h7xx_hal_flash.c **** 
 966              		.loc 1 634 5 is_stmt 1 view .LVU396
 967 003a 5361     		str	r3, [r2, #20]
 636:Drivers/STM32H7xx_HAL_Driver/Src/stm32h7xx_hal_flash.c **** 
 968              		.loc 1 636 5 view .LVU397
 636:Drivers/STM32H7xx_HAL_Driver/Src/stm32h7xx_hal_flash.c **** 
 969              		.loc 1 636 15 is_stmt 0 view .LVU398
 970 003c 2378     		ldrb	r3, [r4]	@ zero_extendqisi2
 971              	.LVL71:
 638:Drivers/STM32H7xx_HAL_Driver/Src/stm32h7xx_hal_flash.c ****     {
 972              		.loc 1 638 7 view .LVU399
 973 003e 012B     		cmp	r3, #1
 636:Drivers/STM32H7xx_HAL_Driver/Src/stm32h7xx_hal_flash.c **** 
 974              		.loc 1 636 15 view .LVU400
 975 0040 DAB2     		uxtb	r2, r3
 976              	.LVL72:
 638:Drivers/STM32H7xx_HAL_Driver/Src/stm32h7xx_hal_flash.c ****     {
 977              		.loc 1 638 5 is_stmt 1 view .LVU401
ARM GAS  C:\Users\l1234\AppData\Local\Temp\cc13EeWz.s 			page 61


 638:Drivers/STM32H7xx_HAL_Driver/Src/stm32h7xx_hal_flash.c ****     {
 978              		.loc 1 638 7 is_stmt 0 view .LVU402
 979 0042 27D0     		beq	.L71
 644:Drivers/STM32H7xx_HAL_Driver/Src/stm32h7xx_hal_flash.c ****     {
 980              		.loc 1 644 10 is_stmt 1 view .LVU403
 644:Drivers/STM32H7xx_HAL_Driver/Src/stm32h7xx_hal_flash.c ****     {
 981              		.loc 1 644 12 is_stmt 0 view .LVU404
 982 0044 022A     		cmp	r2, #2
 983 0046 2ED0     		beq	.L60
 984 0048 072A     		cmp	r2, #7
 985 004a 2CD0     		beq	.L60
 652:Drivers/STM32H7xx_HAL_Driver/Src/stm32h7xx_hal_flash.c ****     }
 986              		.loc 1 652 7 is_stmt 1 view .LVU405
 656:Drivers/STM32H7xx_HAL_Driver/Src/stm32h7xx_hal_flash.c **** 
 987              		.loc 1 656 29 is_stmt 0 view .LVU406
 988 004c 0023     		movs	r3, #0
 652:Drivers/STM32H7xx_HAL_Driver/Src/stm32h7xx_hal_flash.c ****     }
 989              		.loc 1 652 12 view .LVU407
 990 004e 2069     		ldr	r0, [r4, #16]
 991              	.LVL73:
 656:Drivers/STM32H7xx_HAL_Driver/Src/stm32h7xx_hal_flash.c **** 
 992              		.loc 1 656 5 is_stmt 1 view .LVU408
 656:Drivers/STM32H7xx_HAL_Driver/Src/stm32h7xx_hal_flash.c **** 
 993              		.loc 1 656 29 is_stmt 0 view .LVU409
 994 0050 2370     		strb	r3, [r4]
 995              	.LVL74:
 659:Drivers/STM32H7xx_HAL_Driver/Src/stm32h7xx_hal_flash.c ****   }
 996              		.loc 1 659 5 is_stmt 1 view .LVU410
 997 0052 FFF7FEFF 		bl	HAL_FLASH_OperationErrorCallback
 998              	.LVL75:
 999              	.L56:
 772:Drivers/STM32H7xx_HAL_Driver/Src/stm32h7xx_hal_flash.c ****   {
 1000              		.loc 1 772 3 view .LVU411
 772:Drivers/STM32H7xx_HAL_Driver/Src/stm32h7xx_hal_flash.c ****   {
 1001              		.loc 1 772 12 is_stmt 0 view .LVU412
 1002 0056 2378     		ldrb	r3, [r4]	@ zero_extendqisi2
 772:Drivers/STM32H7xx_HAL_Driver/Src/stm32h7xx_hal_flash.c ****   {
 1003              		.loc 1 772 5 view .LVU413
 1004 0058 03F0FF02 		and	r2, r3, #255
 1005 005c 2BB9     		cbnz	r3, .L48
 776:Drivers/STM32H7xx_HAL_Driver/Src/stm32h7xx_hal_flash.c ****                                  FLASH_IT_STRBERR_BANK1 | FLASH_IT_INCERR_BANK1 | FLASH_IT_OPERR_BA
 1006              		.loc 1 776 5 is_stmt 1 view .LVU414
 1007 005e 1F49     		ldr	r1, .L72
 1008 0060 CB68     		ldr	r3, [r1, #12]
 1009 0062 23F4DE03 		bic	r3, r3, #7274496
 1010 0066 CB60     		str	r3, [r1, #12]
 797:Drivers/STM32H7xx_HAL_Driver/Src/stm32h7xx_hal_flash.c ****   }
 1011              		.loc 1 797 5 view .LVU415
 797:Drivers/STM32H7xx_HAL_Driver/Src/stm32h7xx_hal_flash.c ****   }
 1012              		.loc 1 797 5 view .LVU416
 1013 0068 2275     		strb	r2, [r4, #20]
 797:Drivers/STM32H7xx_HAL_Driver/Src/stm32h7xx_hal_flash.c ****   }
 1014              		.loc 1 797 5 view .LVU417
 1015              	.L48:
 799:Drivers/STM32H7xx_HAL_Driver/Src/stm32h7xx_hal_flash.c **** 
 1016              		.loc 1 799 1 is_stmt 0 view .LVU418
 1017 006a 70BD     		pop	{r4, r5, r6, pc}
ARM GAS  C:\Users\l1234\AppData\Local\Temp\cc13EeWz.s 			page 62


 1018              	.LVL76:
 1019              	.L69:
 487:Drivers/STM32H7xx_HAL_Driver/Src/stm32h7xx_hal_flash.c **** 
 1020              		.loc 1 487 7 is_stmt 1 view .LVU419
 487:Drivers/STM32H7xx_HAL_Driver/Src/stm32h7xx_hal_flash.c **** 
 1021              		.loc 1 487 13 is_stmt 0 view .LVU420
 1022 006c 6368     		ldr	r3, [r4, #4]
 487:Drivers/STM32H7xx_HAL_Driver/Src/stm32h7xx_hal_flash.c **** 
 1023              		.loc 1 487 30 view .LVU421
 1024 006e 013B     		subs	r3, r3, #1
 1025 0070 6360     		str	r3, [r4, #4]
 490:Drivers/STM32H7xx_HAL_Driver/Src/stm32h7xx_hal_flash.c ****       {
 1026              		.loc 1 490 7 is_stmt 1 view .LVU422
 490:Drivers/STM32H7xx_HAL_Driver/Src/stm32h7xx_hal_flash.c ****       {
 1027              		.loc 1 490 16 is_stmt 0 view .LVU423
 1028 0072 6368     		ldr	r3, [r4, #4]
 490:Drivers/STM32H7xx_HAL_Driver/Src/stm32h7xx_hal_flash.c ****       {
 1029              		.loc 1 490 9 view .LVU424
 1030 0074 1BB3     		cbz	r3, .L51
 493:Drivers/STM32H7xx_HAL_Driver/Src/stm32h7xx_hal_flash.c **** 
 1031              		.loc 1 493 9 is_stmt 1 view .LVU425
 493:Drivers/STM32H7xx_HAL_Driver/Src/stm32h7xx_hal_flash.c **** 
 1032              		.loc 1 493 48 is_stmt 0 view .LVU426
 1033 0076 E068     		ldr	r0, [r4, #12]
 493:Drivers/STM32H7xx_HAL_Driver/Src/stm32h7xx_hal_flash.c **** 
 1034              		.loc 1 493 9 view .LVU427
 1035 0078 FFF7FEFF 		bl	HAL_FLASH_EndOfOperationCallback
 1036              	.LVL77:
 496:Drivers/STM32H7xx_HAL_Driver/Src/stm32h7xx_hal_flash.c **** 
 1037              		.loc 1 496 9 is_stmt 1 view .LVU428
 1038 007c 4FF48033 		mov	r3, #65536
 501:Drivers/STM32H7xx_HAL_Driver/Src/stm32h7xx_hal_flash.c ****       }
 1039              		.loc 1 501 9 is_stmt 0 view .LVU429
 1040 0080 3146     		mov	r1, r6
 496:Drivers/STM32H7xx_HAL_Driver/Src/stm32h7xx_hal_flash.c **** 
 1041              		.loc 1 496 9 view .LVU430
 1042 0082 6B61     		str	r3, [r5, #20]
 499:Drivers/STM32H7xx_HAL_Driver/Src/stm32h7xx_hal_flash.c ****         temp = pFlash.Sector;
 1043              		.loc 1 499 9 is_stmt 1 view .LVU431
 499:Drivers/STM32H7xx_HAL_Driver/Src/stm32h7xx_hal_flash.c ****         temp = pFlash.Sector;
 1044              		.loc 1 499 15 is_stmt 0 view .LVU432
 1045 0084 E368     		ldr	r3, [r4, #12]
 499:Drivers/STM32H7xx_HAL_Driver/Src/stm32h7xx_hal_flash.c ****         temp = pFlash.Sector;
 1046              		.loc 1 499 22 view .LVU433
 1047 0086 0133     		adds	r3, r3, #1
 1048 0088 E360     		str	r3, [r4, #12]
 500:Drivers/STM32H7xx_HAL_Driver/Src/stm32h7xx_hal_flash.c ****         FLASH_Erase_Sector(temp, FLASH_BANK_1, pFlash.VoltageForErase);
 1049              		.loc 1 500 9 is_stmt 1 view .LVU434
 500:Drivers/STM32H7xx_HAL_Driver/Src/stm32h7xx_hal_flash.c ****         FLASH_Erase_Sector(temp, FLASH_BANK_1, pFlash.VoltageForErase);
 1050              		.loc 1 500 14 is_stmt 0 view .LVU435
 1051 008a E068     		ldr	r0, [r4, #12]
 1052              	.LVL78:
 501:Drivers/STM32H7xx_HAL_Driver/Src/stm32h7xx_hal_flash.c ****       }
 1053              		.loc 1 501 9 is_stmt 1 view .LVU436
 501:Drivers/STM32H7xx_HAL_Driver/Src/stm32h7xx_hal_flash.c ****       }
 1054              		.loc 1 501 54 is_stmt 0 view .LVU437
 1055 008c A268     		ldr	r2, [r4, #8]
ARM GAS  C:\Users\l1234\AppData\Local\Temp\cc13EeWz.s 			page 63


 501:Drivers/STM32H7xx_HAL_Driver/Src/stm32h7xx_hal_flash.c ****       }
 1056              		.loc 1 501 9 view .LVU438
 1057 008e FFF7FEFF 		bl	FLASH_Erase_Sector
 1058              	.LVL79:
 501:Drivers/STM32H7xx_HAL_Driver/Src/stm32h7xx_hal_flash.c ****       }
 1059              		.loc 1 501 9 view .LVU439
 1060 0092 CAE7     		b	.L49
 1061              	.LVL80:
 1062              	.L71:
 641:Drivers/STM32H7xx_HAL_Driver/Src/stm32h7xx_hal_flash.c ****       pFlash.Sector = 0xFFFFFFFFU;
 1063              		.loc 1 641 7 is_stmt 1 view .LVU440
 642:Drivers/STM32H7xx_HAL_Driver/Src/stm32h7xx_hal_flash.c ****     }
 1064              		.loc 1 642 21 is_stmt 0 view .LVU441
 1065 0094 4FF0FF33 		mov	r3, #-1
 641:Drivers/STM32H7xx_HAL_Driver/Src/stm32h7xx_hal_flash.c ****       pFlash.Sector = 0xFFFFFFFFU;
 1066              		.loc 1 641 12 view .LVU442
 1067 0098 E068     		ldr	r0, [r4, #12]
 1068              	.LVL81:
 642:Drivers/STM32H7xx_HAL_Driver/Src/stm32h7xx_hal_flash.c ****     }
 1069              		.loc 1 642 7 is_stmt 1 view .LVU443
 642:Drivers/STM32H7xx_HAL_Driver/Src/stm32h7xx_hal_flash.c ****     }
 1070              		.loc 1 642 21 is_stmt 0 view .LVU444
 1071 009a E360     		str	r3, [r4, #12]
 1072              	.LVL82:
 1073              	.L58:
 656:Drivers/STM32H7xx_HAL_Driver/Src/stm32h7xx_hal_flash.c **** 
 1074              		.loc 1 656 5 is_stmt 1 view .LVU445
 656:Drivers/STM32H7xx_HAL_Driver/Src/stm32h7xx_hal_flash.c **** 
 1075              		.loc 1 656 29 is_stmt 0 view .LVU446
 1076 009c 0023     		movs	r3, #0
 1077 009e 2370     		strb	r3, [r4]
 659:Drivers/STM32H7xx_HAL_Driver/Src/stm32h7xx_hal_flash.c ****   }
 1078              		.loc 1 659 5 is_stmt 1 view .LVU447
 1079 00a0 FFF7FEFF 		bl	HAL_FLASH_OperationErrorCallback
 1080              	.LVL83:
 659:Drivers/STM32H7xx_HAL_Driver/Src/stm32h7xx_hal_flash.c ****   }
 1081              		.loc 1 659 5 is_stmt 0 view .LVU448
 1082 00a4 D7E7     		b	.L56
 1083              	.LVL84:
 1084              	.L60:
 647:Drivers/STM32H7xx_HAL_Driver/Src/stm32h7xx_hal_flash.c ****     }
 1085              		.loc 1 647 12 view .LVU449
 1086 00a6 0120     		movs	r0, #1
 1087 00a8 F8E7     		b	.L58
 1088              	.LVL85:
 1089              	.L61:
 525:Drivers/STM32H7xx_HAL_Driver/Src/stm32h7xx_hal_flash.c ****       }
 1090              		.loc 1 525 9 is_stmt 1 view .LVU450
 1091 00aa 0120     		movs	r0, #1
 1092 00ac FFF7FEFF 		bl	HAL_FLASH_EndOfOperationCallback
 1093              	.LVL86:
 536:Drivers/STM32H7xx_HAL_Driver/Src/stm32h7xx_hal_flash.c **** 
 1094              		.loc 1 536 7 view .LVU451
 538:Drivers/STM32H7xx_HAL_Driver/Src/stm32h7xx_hal_flash.c ****          (procedure != FLASH_PROC_MASSERASE_BANK2) && \
 1095              		.loc 1 538 7 view .LVU452
 1096              	.L54:
 542:Drivers/STM32H7xx_HAL_Driver/Src/stm32h7xx_hal_flash.c ****         /* Clear FLASH End of Operation pending bit */
ARM GAS  C:\Users\l1234\AppData\Local\Temp\cc13EeWz.s 			page 64


 1097              		.loc 1 542 9 view .LVU453
 542:Drivers/STM32H7xx_HAL_Driver/Src/stm32h7xx_hal_flash.c ****         /* Clear FLASH End of Operation pending bit */
 1098              		.loc 1 542 33 is_stmt 0 view .LVU454
 1099 00b0 0021     		movs	r1, #0
 544:Drivers/STM32H7xx_HAL_Driver/Src/stm32h7xx_hal_flash.c ****       }
 1100              		.loc 1 544 9 view .LVU455
 1101 00b2 0A4B     		ldr	r3, .L72
 1102 00b4 4FF48032 		mov	r2, #65536
 542:Drivers/STM32H7xx_HAL_Driver/Src/stm32h7xx_hal_flash.c ****         /* Clear FLASH End of Operation pending bit */
 1103              		.loc 1 542 33 view .LVU456
 1104 00b8 2170     		strb	r1, [r4]
 544:Drivers/STM32H7xx_HAL_Driver/Src/stm32h7xx_hal_flash.c ****       }
 1105              		.loc 1 544 9 is_stmt 1 view .LVU457
 1106 00ba 5A61     		str	r2, [r3, #20]
 1107 00bc B5E7     		b	.L49
 1108              	.LVL87:
 1109              	.L51:
 507:Drivers/STM32H7xx_HAL_Driver/Src/stm32h7xx_hal_flash.c ****         pFlash.ProcedureOnGoing = FLASH_PROC_NONE;
 1110              		.loc 1 507 9 view .LVU458
 507:Drivers/STM32H7xx_HAL_Driver/Src/stm32h7xx_hal_flash.c ****         pFlash.ProcedureOnGoing = FLASH_PROC_NONE;
 1111              		.loc 1 507 23 is_stmt 0 view .LVU459
 1112 00be 4FF0FF32 		mov	r2, #-1
 1113 00c2 E260     		str	r2, [r4, #12]
 508:Drivers/STM32H7xx_HAL_Driver/Src/stm32h7xx_hal_flash.c **** 
 1114              		.loc 1 508 9 is_stmt 1 view .LVU460
 508:Drivers/STM32H7xx_HAL_Driver/Src/stm32h7xx_hal_flash.c **** 
 1115              		.loc 1 508 33 is_stmt 0 view .LVU461
 1116 00c4 2370     		strb	r3, [r4]
 511:Drivers/STM32H7xx_HAL_Driver/Src/stm32h7xx_hal_flash.c **** 
 1117              		.loc 1 511 9 is_stmt 1 view .LVU462
 511:Drivers/STM32H7xx_HAL_Driver/Src/stm32h7xx_hal_flash.c **** 
 1118              		.loc 1 511 48 is_stmt 0 view .LVU463
 1119 00c6 E068     		ldr	r0, [r4, #12]
 511:Drivers/STM32H7xx_HAL_Driver/Src/stm32h7xx_hal_flash.c **** 
 1120              		.loc 1 511 9 view .LVU464
 1121 00c8 FFF7FEFF 		bl	HAL_FLASH_EndOfOperationCallback
 1122              	.LVL88:
 514:Drivers/STM32H7xx_HAL_Driver/Src/stm32h7xx_hal_flash.c ****       }
 1123              		.loc 1 514 9 is_stmt 1 view .LVU465
 1124 00cc 4FF48033 		mov	r3, #65536
 1125 00d0 6B61     		str	r3, [r5, #20]
 1126 00d2 AAE7     		b	.L49
 1127              	.LVL89:
 1128              	.L70:
 531:Drivers/STM32H7xx_HAL_Driver/Src/stm32h7xx_hal_flash.c ****       }
 1129              		.loc 1 531 9 view .LVU466
 531:Drivers/STM32H7xx_HAL_Driver/Src/stm32h7xx_hal_flash.c ****       }
 1130              		.loc 1 531 48 is_stmt 0 view .LVU467
 1131 00d4 2069     		ldr	r0, [r4, #16]
 531:Drivers/STM32H7xx_HAL_Driver/Src/stm32h7xx_hal_flash.c ****       }
 1132              		.loc 1 531 9 view .LVU468
 1133 00d6 FFF7FEFF 		bl	HAL_FLASH_EndOfOperationCallback
 1134              	.LVL90:
 536:Drivers/STM32H7xx_HAL_Driver/Src/stm32h7xx_hal_flash.c **** 
 1135              		.loc 1 536 7 is_stmt 1 view .LVU469
 538:Drivers/STM32H7xx_HAL_Driver/Src/stm32h7xx_hal_flash.c ****          (procedure != FLASH_PROC_MASSERASE_BANK2) && \
 1136              		.loc 1 538 7 view .LVU470
ARM GAS  C:\Users\l1234\AppData\Local\Temp\cc13EeWz.s 			page 65


 1137 00da E9E7     		b	.L54
 1138              	.L73:
 1139              		.align	2
 1140              	.L72:
 1141 00dc 00200052 		.word	1375739904
 1142 00e0 00000000 		.word	pFlash
 1143              		.cfi_endproc
 1144              	.LFE146:
 1146              		.section	.text.HAL_FLASH_Unlock,"ax",%progbits
 1147              		.align	1
 1148              		.p2align 2,,3
 1149              		.global	HAL_FLASH_Unlock
 1150              		.syntax unified
 1151              		.thumb
 1152              		.thumb_func
 1154              	HAL_FLASH_Unlock:
 1155              	.LFB149:
 862:Drivers/STM32H7xx_HAL_Driver/Src/stm32h7xx_hal_flash.c ****   if(READ_BIT(FLASH->CR1, FLASH_CR_LOCK) != 0U)
 1156              		.loc 1 862 1 view -0
 1157              		.cfi_startproc
 1158              		@ args = 0, pretend = 0, frame = 0
 1159              		@ frame_needed = 0, uses_anonymous_args = 0
 1160              		@ link register save eliminated.
 863:Drivers/STM32H7xx_HAL_Driver/Src/stm32h7xx_hal_flash.c ****   {
 1161              		.loc 1 863 3 view .LVU472
 863:Drivers/STM32H7xx_HAL_Driver/Src/stm32h7xx_hal_flash.c ****   {
 1162              		.loc 1 863 6 is_stmt 0 view .LVU473
 1163 0000 064B     		ldr	r3, .L77
 1164 0002 D868     		ldr	r0, [r3, #12]
 863:Drivers/STM32H7xx_HAL_Driver/Src/stm32h7xx_hal_flash.c ****   {
 1165              		.loc 1 863 5 view .LVU474
 1166 0004 10F00100 		ands	r0, r0, #1
 1167 0008 06D0     		beq	.L75
 866:Drivers/STM32H7xx_HAL_Driver/Src/stm32h7xx_hal_flash.c ****     WRITE_REG(FLASH->KEYR1, FLASH_KEY2);
 1168              		.loc 1 866 5 is_stmt 1 view .LVU475
 1169 000a 0549     		ldr	r1, .L77+4
 867:Drivers/STM32H7xx_HAL_Driver/Src/stm32h7xx_hal_flash.c **** 
 1170              		.loc 1 867 5 is_stmt 0 view .LVU476
 1171 000c 054A     		ldr	r2, .L77+8
 866:Drivers/STM32H7xx_HAL_Driver/Src/stm32h7xx_hal_flash.c ****     WRITE_REG(FLASH->KEYR1, FLASH_KEY2);
 1172              		.loc 1 866 5 view .LVU477
 1173 000e 5960     		str	r1, [r3, #4]
 867:Drivers/STM32H7xx_HAL_Driver/Src/stm32h7xx_hal_flash.c **** 
 1174              		.loc 1 867 5 is_stmt 1 view .LVU478
 1175 0010 5A60     		str	r2, [r3, #4]
 870:Drivers/STM32H7xx_HAL_Driver/Src/stm32h7xx_hal_flash.c ****     {
 1176              		.loc 1 870 5 view .LVU479
 870:Drivers/STM32H7xx_HAL_Driver/Src/stm32h7xx_hal_flash.c ****     {
 1177              		.loc 1 870 9 is_stmt 0 view .LVU480
 1178 0012 D868     		ldr	r0, [r3, #12]
 1179 0014 00F00100 		and	r0, r0, #1
 1180              	.L75:
 892:Drivers/STM32H7xx_HAL_Driver/Src/stm32h7xx_hal_flash.c **** 
 1181              		.loc 1 892 1 view .LVU481
 1182 0018 7047     		bx	lr
 1183              	.L78:
 1184 001a 00BF     		.align	2
ARM GAS  C:\Users\l1234\AppData\Local\Temp\cc13EeWz.s 			page 66


 1185              	.L77:
 1186 001c 00200052 		.word	1375739904
 1187 0020 23016745 		.word	1164378403
 1188 0024 AB89EFCD 		.word	-839939669
 1189              		.cfi_endproc
 1190              	.LFE149:
 1192              		.section	.text.HAL_FLASH_Lock,"ax",%progbits
 1193              		.align	1
 1194              		.p2align 2,,3
 1195              		.global	HAL_FLASH_Lock
 1196              		.syntax unified
 1197              		.thumb
 1198              		.thumb_func
 1200              	HAL_FLASH_Lock:
 1201              	.LFB150:
 899:Drivers/STM32H7xx_HAL_Driver/Src/stm32h7xx_hal_flash.c ****   /* Set the LOCK Bit to lock the FLASH Bank1 Control Register access */
 1202              		.loc 1 899 1 is_stmt 1 view -0
 1203              		.cfi_startproc
 1204              		@ args = 0, pretend = 0, frame = 0
 1205              		@ frame_needed = 0, uses_anonymous_args = 0
 1206              		@ link register save eliminated.
 901:Drivers/STM32H7xx_HAL_Driver/Src/stm32h7xx_hal_flash.c **** 
 1207              		.loc 1 901 3 view .LVU483
 1208 0000 044B     		ldr	r3, .L80
 1209 0002 DA68     		ldr	r2, [r3, #12]
 1210 0004 42F00102 		orr	r2, r2, #1
 1211 0008 DA60     		str	r2, [r3, #12]
 904:Drivers/STM32H7xx_HAL_Driver/Src/stm32h7xx_hal_flash.c ****   {
 1212              		.loc 1 904 3 view .LVU484
 904:Drivers/STM32H7xx_HAL_Driver/Src/stm32h7xx_hal_flash.c ****   {
 1213              		.loc 1 904 7 is_stmt 0 view .LVU485
 1214 000a D868     		ldr	r0, [r3, #12]
 921:Drivers/STM32H7xx_HAL_Driver/Src/stm32h7xx_hal_flash.c **** 
 1215              		.loc 1 921 1 view .LVU486
 1216 000c C043     		mvns	r0, r0
 1217 000e 00F00100 		and	r0, r0, #1
 1218 0012 7047     		bx	lr
 1219              	.L81:
 1220              		.align	2
 1221              	.L80:
 1222 0014 00200052 		.word	1375739904
 1223              		.cfi_endproc
 1224              	.LFE150:
 1226              		.section	.text.HAL_FLASH_OB_Unlock,"ax",%progbits
 1227              		.align	1
 1228              		.p2align 2,,3
 1229              		.global	HAL_FLASH_OB_Unlock
 1230              		.syntax unified
 1231              		.thumb
 1232              		.thumb_func
 1234              	HAL_FLASH_OB_Unlock:
 1235              	.LFB151:
 928:Drivers/STM32H7xx_HAL_Driver/Src/stm32h7xx_hal_flash.c ****   if(READ_BIT(FLASH->OPTCR, FLASH_OPTCR_OPTLOCK) != 0U)
 1236              		.loc 1 928 1 is_stmt 1 view -0
 1237              		.cfi_startproc
 1238              		@ args = 0, pretend = 0, frame = 0
 1239              		@ frame_needed = 0, uses_anonymous_args = 0
ARM GAS  C:\Users\l1234\AppData\Local\Temp\cc13EeWz.s 			page 67


 1240              		@ link register save eliminated.
 929:Drivers/STM32H7xx_HAL_Driver/Src/stm32h7xx_hal_flash.c ****   {
 1241              		.loc 1 929 3 view .LVU488
 929:Drivers/STM32H7xx_HAL_Driver/Src/stm32h7xx_hal_flash.c ****   {
 1242              		.loc 1 929 6 is_stmt 0 view .LVU489
 1243 0000 064B     		ldr	r3, .L85
 1244 0002 9869     		ldr	r0, [r3, #24]
 929:Drivers/STM32H7xx_HAL_Driver/Src/stm32h7xx_hal_flash.c ****   {
 1245              		.loc 1 929 5 view .LVU490
 1246 0004 10F00100 		ands	r0, r0, #1
 1247 0008 06D0     		beq	.L83
 932:Drivers/STM32H7xx_HAL_Driver/Src/stm32h7xx_hal_flash.c ****     WRITE_REG(FLASH->OPTKEYR, FLASH_OPT_KEY2);
 1248              		.loc 1 932 5 is_stmt 1 view .LVU491
 1249 000a 0549     		ldr	r1, .L85+4
 933:Drivers/STM32H7xx_HAL_Driver/Src/stm32h7xx_hal_flash.c **** 
 1250              		.loc 1 933 5 is_stmt 0 view .LVU492
 1251 000c 054A     		ldr	r2, .L85+8
 932:Drivers/STM32H7xx_HAL_Driver/Src/stm32h7xx_hal_flash.c ****     WRITE_REG(FLASH->OPTKEYR, FLASH_OPT_KEY2);
 1252              		.loc 1 932 5 view .LVU493
 1253 000e 9960     		str	r1, [r3, #8]
 933:Drivers/STM32H7xx_HAL_Driver/Src/stm32h7xx_hal_flash.c **** 
 1254              		.loc 1 933 5 is_stmt 1 view .LVU494
 1255 0010 9A60     		str	r2, [r3, #8]
 936:Drivers/STM32H7xx_HAL_Driver/Src/stm32h7xx_hal_flash.c ****     {
 1256              		.loc 1 936 5 view .LVU495
 936:Drivers/STM32H7xx_HAL_Driver/Src/stm32h7xx_hal_flash.c ****     {
 1257              		.loc 1 936 9 is_stmt 0 view .LVU496
 1258 0012 9869     		ldr	r0, [r3, #24]
 1259 0014 00F00100 		and	r0, r0, #1
 1260              	.L83:
 943:Drivers/STM32H7xx_HAL_Driver/Src/stm32h7xx_hal_flash.c **** 
 1261              		.loc 1 943 1 view .LVU497
 1262 0018 7047     		bx	lr
 1263              	.L86:
 1264 001a 00BF     		.align	2
 1265              	.L85:
 1266 001c 00200052 		.word	1375739904
 1267 0020 3B2A1908 		.word	135866939
 1268 0024 7F6E5D4C 		.word	1281191551
 1269              		.cfi_endproc
 1270              	.LFE151:
 1272              		.section	.text.HAL_FLASH_OB_Lock,"ax",%progbits
 1273              		.align	1
 1274              		.p2align 2,,3
 1275              		.global	HAL_FLASH_OB_Lock
 1276              		.syntax unified
 1277              		.thumb
 1278              		.thumb_func
 1280              	HAL_FLASH_OB_Lock:
 1281              	.LFB152:
 950:Drivers/STM32H7xx_HAL_Driver/Src/stm32h7xx_hal_flash.c ****   /* Set the OPTLOCK Bit to lock the FLASH Option Byte Registers access */
 1282              		.loc 1 950 1 is_stmt 1 view -0
 1283              		.cfi_startproc
 1284              		@ args = 0, pretend = 0, frame = 0
 1285              		@ frame_needed = 0, uses_anonymous_args = 0
 1286              		@ link register save eliminated.
 952:Drivers/STM32H7xx_HAL_Driver/Src/stm32h7xx_hal_flash.c **** 
ARM GAS  C:\Users\l1234\AppData\Local\Temp\cc13EeWz.s 			page 68


 1287              		.loc 1 952 3 view .LVU499
 1288 0000 044B     		ldr	r3, .L88
 1289 0002 9A69     		ldr	r2, [r3, #24]
 1290 0004 42F00102 		orr	r2, r2, #1
 1291 0008 9A61     		str	r2, [r3, #24]
 955:Drivers/STM32H7xx_HAL_Driver/Src/stm32h7xx_hal_flash.c ****   {
 1292              		.loc 1 955 3 view .LVU500
 955:Drivers/STM32H7xx_HAL_Driver/Src/stm32h7xx_hal_flash.c ****   {
 1293              		.loc 1 955 7 is_stmt 0 view .LVU501
 1294 000a 9869     		ldr	r0, [r3, #24]
 961:Drivers/STM32H7xx_HAL_Driver/Src/stm32h7xx_hal_flash.c **** 
 1295              		.loc 1 961 1 view .LVU502
 1296 000c C043     		mvns	r0, r0
 1297 000e 00F00100 		and	r0, r0, #1
 1298 0012 7047     		bx	lr
 1299              	.L89:
 1300              		.align	2
 1301              	.L88:
 1302 0014 00200052 		.word	1375739904
 1303              		.cfi_endproc
 1304              	.LFE152:
 1306              		.section	.text.HAL_FLASH_OB_Launch,"ax",%progbits
 1307              		.align	1
 1308              		.p2align 2,,3
 1309              		.global	HAL_FLASH_OB_Launch
 1310              		.syntax unified
 1311              		.thumb
 1312              		.thumb_func
 1314              	HAL_FLASH_OB_Launch:
 1315              	.LFB153:
 968:Drivers/STM32H7xx_HAL_Driver/Src/stm32h7xx_hal_flash.c ****   HAL_StatusTypeDef status;
 1316              		.loc 1 968 1 is_stmt 1 view -0
 1317              		.cfi_startproc
 1318              		@ args = 0, pretend = 0, frame = 0
 1319              		@ frame_needed = 0, uses_anonymous_args = 0
 969:Drivers/STM32H7xx_HAL_Driver/Src/stm32h7xx_hal_flash.c **** 
 1320              		.loc 1 969 3 view .LVU504
 972:Drivers/STM32H7xx_HAL_Driver/Src/stm32h7xx_hal_flash.c ****   {
 1321              		.loc 1 972 3 view .LVU505
 1322              	.LBB84:
 1323              	.LBI84:
1147:Drivers/STM32H7xx_HAL_Driver/Src/stm32h7xx_hal_flash.c **** }
1148:Drivers/STM32H7xx_HAL_Driver/Src/stm32h7xx_hal_flash.c **** 
1149:Drivers/STM32H7xx_HAL_Driver/Src/stm32h7xx_hal_flash.c **** /**
1150:Drivers/STM32H7xx_HAL_Driver/Src/stm32h7xx_hal_flash.c ****   * @brief  Wait for a FLASH Option Bytes change operation to complete.
1151:Drivers/STM32H7xx_HAL_Driver/Src/stm32h7xx_hal_flash.c ****   * @param  Timeout maximum flash operation timeout
1152:Drivers/STM32H7xx_HAL_Driver/Src/stm32h7xx_hal_flash.c ****   * @retval HAL_StatusTypeDef HAL Status
1153:Drivers/STM32H7xx_HAL_Driver/Src/stm32h7xx_hal_flash.c ****   */
1154:Drivers/STM32H7xx_HAL_Driver/Src/stm32h7xx_hal_flash.c **** HAL_StatusTypeDef FLASH_OB_WaitForLastOperation(uint32_t Timeout)
1155:Drivers/STM32H7xx_HAL_Driver/Src/stm32h7xx_hal_flash.c **** {
1156:Drivers/STM32H7xx_HAL_Driver/Src/stm32h7xx_hal_flash.c ****   /* Get timeout */
1157:Drivers/STM32H7xx_HAL_Driver/Src/stm32h7xx_hal_flash.c ****   uint32_t tickstart = HAL_GetTick();
1158:Drivers/STM32H7xx_HAL_Driver/Src/stm32h7xx_hal_flash.c **** 
1159:Drivers/STM32H7xx_HAL_Driver/Src/stm32h7xx_hal_flash.c ****   /* Wait for the FLASH Option Bytes change operation to complete by polling on OPT_BUSY flag to be
1160:Drivers/STM32H7xx_HAL_Driver/Src/stm32h7xx_hal_flash.c ****   while(READ_BIT(FLASH->OPTSR_CUR, FLASH_OPTSR_OPT_BUSY) != 0U)
1161:Drivers/STM32H7xx_HAL_Driver/Src/stm32h7xx_hal_flash.c ****   {
1162:Drivers/STM32H7xx_HAL_Driver/Src/stm32h7xx_hal_flash.c ****     if(Timeout != HAL_MAX_DELAY)
ARM GAS  C:\Users\l1234\AppData\Local\Temp\cc13EeWz.s 			page 69


1163:Drivers/STM32H7xx_HAL_Driver/Src/stm32h7xx_hal_flash.c ****     {
1164:Drivers/STM32H7xx_HAL_Driver/Src/stm32h7xx_hal_flash.c ****       if(((HAL_GetTick() - tickstart) > Timeout) || (Timeout == 0U))
1165:Drivers/STM32H7xx_HAL_Driver/Src/stm32h7xx_hal_flash.c ****       {
1166:Drivers/STM32H7xx_HAL_Driver/Src/stm32h7xx_hal_flash.c ****         return HAL_TIMEOUT;
1167:Drivers/STM32H7xx_HAL_Driver/Src/stm32h7xx_hal_flash.c ****       }
1168:Drivers/STM32H7xx_HAL_Driver/Src/stm32h7xx_hal_flash.c ****     }
1169:Drivers/STM32H7xx_HAL_Driver/Src/stm32h7xx_hal_flash.c ****   }
1170:Drivers/STM32H7xx_HAL_Driver/Src/stm32h7xx_hal_flash.c **** 
1171:Drivers/STM32H7xx_HAL_Driver/Src/stm32h7xx_hal_flash.c ****   /* Check option byte change error */
1172:Drivers/STM32H7xx_HAL_Driver/Src/stm32h7xx_hal_flash.c ****   if(READ_BIT(FLASH->OPTSR_CUR, FLASH_OPTSR_OPTCHANGEERR) != 0U)
1173:Drivers/STM32H7xx_HAL_Driver/Src/stm32h7xx_hal_flash.c ****   {
1174:Drivers/STM32H7xx_HAL_Driver/Src/stm32h7xx_hal_flash.c ****     /* Save the error code */
1175:Drivers/STM32H7xx_HAL_Driver/Src/stm32h7xx_hal_flash.c ****     pFlash.ErrorCode |= HAL_FLASH_ERROR_OB_CHANGE;
1176:Drivers/STM32H7xx_HAL_Driver/Src/stm32h7xx_hal_flash.c **** 
1177:Drivers/STM32H7xx_HAL_Driver/Src/stm32h7xx_hal_flash.c ****     /* Clear the OB error flag */
1178:Drivers/STM32H7xx_HAL_Driver/Src/stm32h7xx_hal_flash.c ****     FLASH->OPTCCR |= FLASH_OPTCCR_CLR_OPTCHANGEERR;
1179:Drivers/STM32H7xx_HAL_Driver/Src/stm32h7xx_hal_flash.c **** 
1180:Drivers/STM32H7xx_HAL_Driver/Src/stm32h7xx_hal_flash.c ****     return HAL_ERROR;
1181:Drivers/STM32H7xx_HAL_Driver/Src/stm32h7xx_hal_flash.c ****   }
1182:Drivers/STM32H7xx_HAL_Driver/Src/stm32h7xx_hal_flash.c **** 
1183:Drivers/STM32H7xx_HAL_Driver/Src/stm32h7xx_hal_flash.c ****   /* If there is no error flag set */
1184:Drivers/STM32H7xx_HAL_Driver/Src/stm32h7xx_hal_flash.c ****   return HAL_OK;
1185:Drivers/STM32H7xx_HAL_Driver/Src/stm32h7xx_hal_flash.c **** }
1186:Drivers/STM32H7xx_HAL_Driver/Src/stm32h7xx_hal_flash.c **** 
1187:Drivers/STM32H7xx_HAL_Driver/Src/stm32h7xx_hal_flash.c **** /**
1188:Drivers/STM32H7xx_HAL_Driver/Src/stm32h7xx_hal_flash.c ****   * @brief  Wait for a FLASH CRC computation to complete.
1189:Drivers/STM32H7xx_HAL_Driver/Src/stm32h7xx_hal_flash.c ****   * @param  Timeout maximum flash operation timeout
1190:Drivers/STM32H7xx_HAL_Driver/Src/stm32h7xx_hal_flash.c ****   * @param  Bank flash FLASH_BANK_1 or FLASH_BANK_2
1191:Drivers/STM32H7xx_HAL_Driver/Src/stm32h7xx_hal_flash.c ****   * @retval HAL_StatusTypeDef HAL Status
1192:Drivers/STM32H7xx_HAL_Driver/Src/stm32h7xx_hal_flash.c ****   */
1193:Drivers/STM32H7xx_HAL_Driver/Src/stm32h7xx_hal_flash.c **** HAL_StatusTypeDef FLASH_CRC_WaitForLastOperation(uint32_t Timeout, uint32_t Bank)
 1324              		.loc 1 1193 19 view .LVU506
 1325              	.LVL91:
 1326              	.LBB85:
1194:Drivers/STM32H7xx_HAL_Driver/Src/stm32h7xx_hal_flash.c **** {
1195:Drivers/STM32H7xx_HAL_Driver/Src/stm32h7xx_hal_flash.c ****   uint32_t bsyflag;
 1327              		.loc 1 1195 3 view .LVU507
1196:Drivers/STM32H7xx_HAL_Driver/Src/stm32h7xx_hal_flash.c ****   uint32_t tickstart = HAL_GetTick();
 1328              		.loc 1 1196 3 view .LVU508
 1329              	.LBE85:
 1330              	.LBE84:
 968:Drivers/STM32H7xx_HAL_Driver/Src/stm32h7xx_hal_flash.c ****   HAL_StatusTypeDef status;
 1331              		.loc 1 968 1 is_stmt 0 view .LVU509
 1332 0000 70B5     		push	{r4, r5, r6, lr}
 1333              	.LCFI3:
 1334              		.cfi_def_cfa_offset 16
 1335              		.cfi_offset 4, -16
 1336              		.cfi_offset 5, -12
 1337              		.cfi_offset 6, -8
 1338              		.cfi_offset 14, -4
 1339              	.LBB90:
 1340              	.LBB88:
 1341              		.loc 1 1196 24 view .LVU510
 1342 0002 FFF7FEFF 		bl	HAL_GetTick
 1343              	.LVL92:
1197:Drivers/STM32H7xx_HAL_Driver/Src/stm32h7xx_hal_flash.c **** 
1198:Drivers/STM32H7xx_HAL_Driver/Src/stm32h7xx_hal_flash.c ****   assert_param(IS_FLASH_BANK_EXCLUSIVE(Bank));
ARM GAS  C:\Users\l1234\AppData\Local\Temp\cc13EeWz.s 			page 70


1199:Drivers/STM32H7xx_HAL_Driver/Src/stm32h7xx_hal_flash.c **** 
1200:Drivers/STM32H7xx_HAL_Driver/Src/stm32h7xx_hal_flash.c ****   /* Select bsyflag depending on Bank */
1201:Drivers/STM32H7xx_HAL_Driver/Src/stm32h7xx_hal_flash.c ****   if(Bank == FLASH_BANK_1)
1202:Drivers/STM32H7xx_HAL_Driver/Src/stm32h7xx_hal_flash.c ****   {
1203:Drivers/STM32H7xx_HAL_Driver/Src/stm32h7xx_hal_flash.c ****     bsyflag = FLASH_FLAG_CRC_BUSY_BANK1;
1204:Drivers/STM32H7xx_HAL_Driver/Src/stm32h7xx_hal_flash.c ****   }
1205:Drivers/STM32H7xx_HAL_Driver/Src/stm32h7xx_hal_flash.c ****   else
1206:Drivers/STM32H7xx_HAL_Driver/Src/stm32h7xx_hal_flash.c ****   {
1207:Drivers/STM32H7xx_HAL_Driver/Src/stm32h7xx_hal_flash.c ****     bsyflag = FLASH_FLAG_CRC_BUSY_BANK2;
1208:Drivers/STM32H7xx_HAL_Driver/Src/stm32h7xx_hal_flash.c ****   }
1209:Drivers/STM32H7xx_HAL_Driver/Src/stm32h7xx_hal_flash.c **** 
1210:Drivers/STM32H7xx_HAL_Driver/Src/stm32h7xx_hal_flash.c ****   /* Wait for the FLASH CRC computation to complete by polling on CRC_BUSY flag to be reset */
1211:Drivers/STM32H7xx_HAL_Driver/Src/stm32h7xx_hal_flash.c ****   while(__HAL_FLASH_GET_FLAG(bsyflag))
 1344              		.loc 1 1211 9 view .LVU511
 1345 0006 1E4C     		ldr	r4, .L104
1212:Drivers/STM32H7xx_HAL_Driver/Src/stm32h7xx_hal_flash.c ****   {
1213:Drivers/STM32H7xx_HAL_Driver/Src/stm32h7xx_hal_flash.c ****     if(Timeout != HAL_MAX_DELAY)
1214:Drivers/STM32H7xx_HAL_Driver/Src/stm32h7xx_hal_flash.c ****     {
1215:Drivers/STM32H7xx_HAL_Driver/Src/stm32h7xx_hal_flash.c ****       if(((HAL_GetTick() - tickstart) > Timeout) || (Timeout == 0U))
 1346              		.loc 1 1215 9 view .LVU512
 1347 0008 4CF25036 		movw	r6, #50000
1196:Drivers/STM32H7xx_HAL_Driver/Src/stm32h7xx_hal_flash.c **** 
 1348              		.loc 1 1196 24 view .LVU513
 1349 000c 0546     		mov	r5, r0
 1350              	.LVL93:
1198:Drivers/STM32H7xx_HAL_Driver/Src/stm32h7xx_hal_flash.c **** 
 1351              		.loc 1 1198 3 is_stmt 1 view .LVU514
1201:Drivers/STM32H7xx_HAL_Driver/Src/stm32h7xx_hal_flash.c ****   {
 1352              		.loc 1 1201 3 view .LVU515
 1353 000e 04E0     		b	.L91
 1354              	.LVL94:
 1355              	.L93:
 1356              		.loc 1 1215 12 is_stmt 0 view .LVU516
 1357 0010 FFF7FEFF 		bl	HAL_GetTick
 1358              	.LVL95:
 1359              		.loc 1 1215 26 view .LVU517
 1360 0014 401B     		subs	r0, r0, r5
 1361              		.loc 1 1215 9 view .LVU518
 1362 0016 B042     		cmp	r0, r6
 1363 0018 24D8     		bhi	.L95
 1364              	.LVL96:
 1365              	.L91:
1213:Drivers/STM32H7xx_HAL_Driver/Src/stm32h7xx_hal_flash.c ****     {
 1366              		.loc 1 1213 5 is_stmt 1 view .LVU519
 1367              		.loc 1 1215 7 view .LVU520
1211:Drivers/STM32H7xx_HAL_Driver/Src/stm32h7xx_hal_flash.c ****   {
 1368              		.loc 1 1211 9 view .LVU521
 1369 001a 2369     		ldr	r3, [r4, #16]
 1370 001c 1907     		lsls	r1, r3, #28
 1371 001e F7D4     		bmi	.L93
1216:Drivers/STM32H7xx_HAL_Driver/Src/stm32h7xx_hal_flash.c ****       {
1217:Drivers/STM32H7xx_HAL_Driver/Src/stm32h7xx_hal_flash.c ****         return HAL_TIMEOUT;
1218:Drivers/STM32H7xx_HAL_Driver/Src/stm32h7xx_hal_flash.c ****       }
1219:Drivers/STM32H7xx_HAL_Driver/Src/stm32h7xx_hal_flash.c ****     }
1220:Drivers/STM32H7xx_HAL_Driver/Src/stm32h7xx_hal_flash.c ****   }
1221:Drivers/STM32H7xx_HAL_Driver/Src/stm32h7xx_hal_flash.c **** 
1222:Drivers/STM32H7xx_HAL_Driver/Src/stm32h7xx_hal_flash.c ****   /* Check FLASH CRC read error flag  */
ARM GAS  C:\Users\l1234\AppData\Local\Temp\cc13EeWz.s 			page 71


1223:Drivers/STM32H7xx_HAL_Driver/Src/stm32h7xx_hal_flash.c ****   if(Bank == FLASH_BANK_1)
 1372              		.loc 1 1223 3 view .LVU522
1224:Drivers/STM32H7xx_HAL_Driver/Src/stm32h7xx_hal_flash.c ****   {
1225:Drivers/STM32H7xx_HAL_Driver/Src/stm32h7xx_hal_flash.c ****     if (__HAL_FLASH_GET_FLAG_BANK1(FLASH_FLAG_CRCRDERR_BANK1))
 1373              		.loc 1 1225 5 view .LVU523
 1374              		.loc 1 1225 9 is_stmt 0 view .LVU524
 1375 0020 2369     		ldr	r3, [r4, #16]
 1376              		.loc 1 1225 8 view .LVU525
 1377 0022 DA00     		lsls	r2, r3, #3
 1378 0024 17D4     		bmi	.L102
 1379              	.LVL97:
 1380              		.loc 1 1225 8 view .LVU526
 1381              	.LBE88:
 1382              	.LBE90:
 984:Drivers/STM32H7xx_HAL_Driver/Src/stm32h7xx_hal_flash.c ****   }
 1383              		.loc 1 984 5 is_stmt 1 view .LVU527
 987:Drivers/STM32H7xx_HAL_Driver/Src/stm32h7xx_hal_flash.c ****   {
 1384              		.loc 1 987 3 view .LVU528
 990:Drivers/STM32H7xx_HAL_Driver/Src/stm32h7xx_hal_flash.c **** 
 1385              		.loc 1 990 5 view .LVU529
 1386 0026 A369     		ldr	r3, [r4, #24]
 1387              	.LBB91:
 1388              	.LBB92:
1164:Drivers/STM32H7xx_HAL_Driver/Src/stm32h7xx_hal_flash.c ****       {
 1389              		.loc 1 1164 9 is_stmt 0 view .LVU530
 1390 0028 4CF25036 		movw	r6, #50000
1160:Drivers/STM32H7xx_HAL_Driver/Src/stm32h7xx_hal_flash.c ****   {
 1391              		.loc 1 1160 9 view .LVU531
 1392 002c 144D     		ldr	r5, .L104
 1393              	.LBE92:
 1394              	.LBE91:
 990:Drivers/STM32H7xx_HAL_Driver/Src/stm32h7xx_hal_flash.c **** 
 1395              		.loc 1 990 5 view .LVU532
 1396 002e 43F00203 		orr	r3, r3, #2
 1397 0032 A361     		str	r3, [r4, #24]
 993:Drivers/STM32H7xx_HAL_Driver/Src/stm32h7xx_hal_flash.c ****   }
 1398              		.loc 1 993 5 is_stmt 1 view .LVU533
 1399              	.LBB97:
 1400              	.LBI91:
1154:Drivers/STM32H7xx_HAL_Driver/Src/stm32h7xx_hal_flash.c **** {
 1401              		.loc 1 1154 19 view .LVU534
 1402              	.LVL98:
 1403              	.LBB95:
1157:Drivers/STM32H7xx_HAL_Driver/Src/stm32h7xx_hal_flash.c **** 
 1404              		.loc 1 1157 3 view .LVU535
1157:Drivers/STM32H7xx_HAL_Driver/Src/stm32h7xx_hal_flash.c **** 
 1405              		.loc 1 1157 24 is_stmt 0 view .LVU536
 1406 0034 FFF7FEFF 		bl	HAL_GetTick
 1407              	.LVL99:
 1408 0038 0446     		mov	r4, r0
 1409              	.LVL100:
1160:Drivers/STM32H7xx_HAL_Driver/Src/stm32h7xx_hal_flash.c ****   {
 1410              		.loc 1 1160 3 is_stmt 1 view .LVU537
1160:Drivers/STM32H7xx_HAL_Driver/Src/stm32h7xx_hal_flash.c ****   {
 1411              		.loc 1 1160 8 is_stmt 0 view .LVU538
 1412 003a 04E0     		b	.L96
 1413              	.LVL101:
ARM GAS  C:\Users\l1234\AppData\Local\Temp\cc13EeWz.s 			page 72


 1414              	.L97:
1164:Drivers/STM32H7xx_HAL_Driver/Src/stm32h7xx_hal_flash.c ****       {
 1415              		.loc 1 1164 12 view .LVU539
 1416 003c FFF7FEFF 		bl	HAL_GetTick
 1417              	.LVL102:
1164:Drivers/STM32H7xx_HAL_Driver/Src/stm32h7xx_hal_flash.c ****       {
 1418              		.loc 1 1164 26 view .LVU540
 1419 0040 001B     		subs	r0, r0, r4
1164:Drivers/STM32H7xx_HAL_Driver/Src/stm32h7xx_hal_flash.c ****       {
 1420              		.loc 1 1164 9 view .LVU541
 1421 0042 B042     		cmp	r0, r6
 1422 0044 1AD8     		bhi	.L98
 1423              	.L96:
1162:Drivers/STM32H7xx_HAL_Driver/Src/stm32h7xx_hal_flash.c ****     {
 1424              		.loc 1 1162 5 is_stmt 1 view .LVU542
1164:Drivers/STM32H7xx_HAL_Driver/Src/stm32h7xx_hal_flash.c ****       {
 1425              		.loc 1 1164 7 view .LVU543
1160:Drivers/STM32H7xx_HAL_Driver/Src/stm32h7xx_hal_flash.c ****   {
 1426              		.loc 1 1160 58 view .LVU544
1160:Drivers/STM32H7xx_HAL_Driver/Src/stm32h7xx_hal_flash.c ****   {
 1427              		.loc 1 1160 9 is_stmt 0 view .LVU545
 1428 0046 EB69     		ldr	r3, [r5, #28]
1160:Drivers/STM32H7xx_HAL_Driver/Src/stm32h7xx_hal_flash.c ****   {
 1429              		.loc 1 1160 58 view .LVU546
 1430 0048 DB07     		lsls	r3, r3, #31
 1431 004a F7D4     		bmi	.L97
1172:Drivers/STM32H7xx_HAL_Driver/Src/stm32h7xx_hal_flash.c ****   {
 1432              		.loc 1 1172 3 is_stmt 1 view .LVU547
1172:Drivers/STM32H7xx_HAL_Driver/Src/stm32h7xx_hal_flash.c ****   {
 1433              		.loc 1 1172 6 is_stmt 0 view .LVU548
 1434 004c E869     		ldr	r0, [r5, #28]
1172:Drivers/STM32H7xx_HAL_Driver/Src/stm32h7xx_hal_flash.c ****   {
 1435              		.loc 1 1172 5 view .LVU549
 1436 004e 10F08040 		ands	r0, r0, #1073741824
 1437 0052 09D1     		bne	.L103
 1438              	.LVL103:
1172:Drivers/STM32H7xx_HAL_Driver/Src/stm32h7xx_hal_flash.c ****   {
 1439              		.loc 1 1172 5 view .LVU550
 1440              	.LBE95:
 1441              	.LBE97:
 996:Drivers/STM32H7xx_HAL_Driver/Src/stm32h7xx_hal_flash.c **** }
 1442              		.loc 1 996 3 is_stmt 1 view .LVU551
 997:Drivers/STM32H7xx_HAL_Driver/Src/stm32h7xx_hal_flash.c **** 
 1443              		.loc 1 997 1 is_stmt 0 view .LVU552
 1444 0054 70BD     		pop	{r4, r5, r6, pc}
 1445              	.LVL104:
 1446              	.L102:
 1447              	.LBB98:
 1448              	.LBB89:
 1449              	.LBB86:
 1450              	.LBI86:
1193:Drivers/STM32H7xx_HAL_Driver/Src/stm32h7xx_hal_flash.c **** {
 1451              		.loc 1 1193 19 is_stmt 1 view .LVU553
 1452              	.LBB87:
1226:Drivers/STM32H7xx_HAL_Driver/Src/stm32h7xx_hal_flash.c ****     {
1227:Drivers/STM32H7xx_HAL_Driver/Src/stm32h7xx_hal_flash.c ****       /* Save the error code */
1228:Drivers/STM32H7xx_HAL_Driver/Src/stm32h7xx_hal_flash.c ****       pFlash.ErrorCode |= HAL_FLASH_ERROR_CRCRD_BANK1;
ARM GAS  C:\Users\l1234\AppData\Local\Temp\cc13EeWz.s 			page 73


 1453              		.loc 1 1228 7 view .LVU554
 1454              		.loc 1 1228 13 is_stmt 0 view .LVU555
 1455 0056 0B4A     		ldr	r2, .L104+4
1229:Drivers/STM32H7xx_HAL_Driver/Src/stm32h7xx_hal_flash.c **** 
1230:Drivers/STM32H7xx_HAL_Driver/Src/stm32h7xx_hal_flash.c ****       /* Clear FLASH CRC read error pending bit */
1231:Drivers/STM32H7xx_HAL_Driver/Src/stm32h7xx_hal_flash.c ****       __HAL_FLASH_CLEAR_FLAG_BANK1(FLASH_FLAG_CRCRDERR_BANK1);
 1456              		.loc 1 1231 7 view .LVU556
 1457 0058 4FF08051 		mov	r1, #268435456
1228:Drivers/STM32H7xx_HAL_Driver/Src/stm32h7xx_hal_flash.c **** 
 1458              		.loc 1 1228 13 view .LVU557
 1459 005c 9369     		ldr	r3, [r2, #24]
1228:Drivers/STM32H7xx_HAL_Driver/Src/stm32h7xx_hal_flash.c **** 
 1460              		.loc 1 1228 24 view .LVU558
 1461 005e 0B43     		orrs	r3, r3, r1
 1462 0060 9361     		str	r3, [r2, #24]
 1463              		.loc 1 1231 7 is_stmt 1 view .LVU559
 1464 0062 6161     		str	r1, [r4, #20]
1232:Drivers/STM32H7xx_HAL_Driver/Src/stm32h7xx_hal_flash.c **** 
1233:Drivers/STM32H7xx_HAL_Driver/Src/stm32h7xx_hal_flash.c ****       return HAL_ERROR;
 1465              		.loc 1 1233 7 view .LVU560
 1466              	.LVL105:
 1467              	.L95:
 1468              		.loc 1 1233 7 is_stmt 0 view .LVU561
 1469              	.LBE87:
 1470              	.LBE86:
 1471              	.LBE89:
 1472              	.LBE98:
 974:Drivers/STM32H7xx_HAL_Driver/Src/stm32h7xx_hal_flash.c ****   }
 1473              		.loc 1 974 12 view .LVU562
 1474 0064 0120     		movs	r0, #1
 1475              	.LVL106:
 996:Drivers/STM32H7xx_HAL_Driver/Src/stm32h7xx_hal_flash.c **** }
 1476              		.loc 1 996 3 is_stmt 1 view .LVU563
 997:Drivers/STM32H7xx_HAL_Driver/Src/stm32h7xx_hal_flash.c **** 
 1477              		.loc 1 997 1 is_stmt 0 view .LVU564
 1478 0066 70BD     		pop	{r4, r5, r6, pc}
 1479              	.LVL107:
 1480              	.L103:
 1481              	.LBB99:
 1482              	.LBB96:
 1483              	.LBB93:
 1484              	.LBI93:
1154:Drivers/STM32H7xx_HAL_Driver/Src/stm32h7xx_hal_flash.c **** {
 1485              		.loc 1 1154 19 is_stmt 1 view .LVU565
 1486              	.LBB94:
1175:Drivers/STM32H7xx_HAL_Driver/Src/stm32h7xx_hal_flash.c **** 
 1487              		.loc 1 1175 5 view .LVU566
1175:Drivers/STM32H7xx_HAL_Driver/Src/stm32h7xx_hal_flash.c **** 
 1488              		.loc 1 1175 11 is_stmt 0 view .LVU567
 1489 0068 064A     		ldr	r2, .L104+4
 1490 006a 9369     		ldr	r3, [r2, #24]
1175:Drivers/STM32H7xx_HAL_Driver/Src/stm32h7xx_hal_flash.c **** 
 1491              		.loc 1 1175 22 view .LVU568
 1492 006c 43F08043 		orr	r3, r3, #1073741824
 1493 0070 9361     		str	r3, [r2, #24]
1178:Drivers/STM32H7xx_HAL_Driver/Src/stm32h7xx_hal_flash.c **** 
 1494              		.loc 1 1178 5 is_stmt 1 view .LVU569
ARM GAS  C:\Users\l1234\AppData\Local\Temp\cc13EeWz.s 			page 74


1178:Drivers/STM32H7xx_HAL_Driver/Src/stm32h7xx_hal_flash.c **** 
 1495              		.loc 1 1178 10 is_stmt 0 view .LVU570
 1496 0072 6B6A     		ldr	r3, [r5, #36]
1178:Drivers/STM32H7xx_HAL_Driver/Src/stm32h7xx_hal_flash.c **** 
 1497              		.loc 1 1178 19 view .LVU571
 1498 0074 43F08043 		orr	r3, r3, #1073741824
 1499 0078 6B62     		str	r3, [r5, #36]
1180:Drivers/STM32H7xx_HAL_Driver/Src/stm32h7xx_hal_flash.c ****   }
 1500              		.loc 1 1180 5 is_stmt 1 view .LVU572
 1501              	.LVL108:
1180:Drivers/STM32H7xx_HAL_Driver/Src/stm32h7xx_hal_flash.c ****   }
 1502              		.loc 1 1180 5 is_stmt 0 view .LVU573
 1503 007a F3E7     		b	.L95
 1504              	.L98:
1180:Drivers/STM32H7xx_HAL_Driver/Src/stm32h7xx_hal_flash.c ****   }
 1505              		.loc 1 1180 5 view .LVU574
 1506              	.LBE94:
 1507              	.LBE93:
1166:Drivers/STM32H7xx_HAL_Driver/Src/stm32h7xx_hal_flash.c ****       }
 1508              		.loc 1 1166 16 view .LVU575
 1509 007c 0320     		movs	r0, #3
 1510              	.LVL109:
1166:Drivers/STM32H7xx_HAL_Driver/Src/stm32h7xx_hal_flash.c ****       }
 1511              		.loc 1 1166 16 view .LVU576
 1512              	.LBE96:
 1513              	.LBE99:
 996:Drivers/STM32H7xx_HAL_Driver/Src/stm32h7xx_hal_flash.c **** }
 1514              		.loc 1 996 3 is_stmt 1 view .LVU577
 997:Drivers/STM32H7xx_HAL_Driver/Src/stm32h7xx_hal_flash.c **** 
 1515              		.loc 1 997 1 is_stmt 0 view .LVU578
 1516 007e 70BD     		pop	{r4, r5, r6, pc}
 1517              	.L105:
 1518              		.align	2
 1519              	.L104:
 1520 0080 00200052 		.word	1375739904
 1521 0084 00000000 		.word	pFlash
 1522              		.cfi_endproc
 1523              	.LFE153:
 1525              		.section	.text.HAL_FLASH_GetError,"ax",%progbits
 1526              		.align	1
 1527              		.p2align 2,,3
 1528              		.global	HAL_FLASH_GetError
 1529              		.syntax unified
 1530              		.thumb
 1531              		.thumb_func
 1533              	HAL_FLASH_GetError:
 1534              	.LFB154:
1046:Drivers/STM32H7xx_HAL_Driver/Src/stm32h7xx_hal_flash.c ****    return pFlash.ErrorCode;
 1535              		.loc 1 1046 1 is_stmt 1 view -0
 1536              		.cfi_startproc
 1537              		@ args = 0, pretend = 0, frame = 0
 1538              		@ frame_needed = 0, uses_anonymous_args = 0
 1539              		@ link register save eliminated.
1047:Drivers/STM32H7xx_HAL_Driver/Src/stm32h7xx_hal_flash.c **** }
 1540              		.loc 1 1047 4 view .LVU580
1047:Drivers/STM32H7xx_HAL_Driver/Src/stm32h7xx_hal_flash.c **** }
 1541              		.loc 1 1047 17 is_stmt 0 view .LVU581
ARM GAS  C:\Users\l1234\AppData\Local\Temp\cc13EeWz.s 			page 75


 1542 0000 014B     		ldr	r3, .L107
 1543 0002 9869     		ldr	r0, [r3, #24]
1048:Drivers/STM32H7xx_HAL_Driver/Src/stm32h7xx_hal_flash.c **** 
 1544              		.loc 1 1048 1 view .LVU582
 1545 0004 7047     		bx	lr
 1546              	.L108:
 1547 0006 00BF     		.align	2
 1548              	.L107:
 1549 0008 00000000 		.word	pFlash
 1550              		.cfi_endproc
 1551              	.LFE154:
 1553              		.section	.text.FLASH_WaitForLastOperation,"ax",%progbits
 1554              		.align	1
 1555              		.p2align 2,,3
 1556              		.global	FLASH_WaitForLastOperation
 1557              		.syntax unified
 1558              		.thumb
 1559              		.thumb_func
 1561              	FLASH_WaitForLastOperation:
 1562              	.LVL110:
 1563              	.LFB155:
1071:Drivers/STM32H7xx_HAL_Driver/Src/stm32h7xx_hal_flash.c ****   /* Wait for the FLASH operation to complete by polling on QW flag to be reset.
 1564              		.loc 1 1071 1 is_stmt 1 view -0
 1565              		.cfi_startproc
 1566              		@ args = 0, pretend = 0, frame = 0
 1567              		@ frame_needed = 0, uses_anonymous_args = 0
1076:Drivers/STM32H7xx_HAL_Driver/Src/stm32h7xx_hal_flash.c ****   uint32_t errorflag = 0;
 1568              		.loc 1 1076 3 view .LVU584
1077:Drivers/STM32H7xx_HAL_Driver/Src/stm32h7xx_hal_flash.c ****   uint32_t tickstart = HAL_GetTick();
 1569              		.loc 1 1077 3 view .LVU585
1078:Drivers/STM32H7xx_HAL_Driver/Src/stm32h7xx_hal_flash.c **** 
 1570              		.loc 1 1078 3 view .LVU586
1071:Drivers/STM32H7xx_HAL_Driver/Src/stm32h7xx_hal_flash.c ****   /* Wait for the FLASH operation to complete by polling on QW flag to be reset.
 1571              		.loc 1 1071 1 is_stmt 0 view .LVU587
 1572 0000 F8B5     		push	{r3, r4, r5, r6, r7, lr}
 1573              	.LCFI4:
 1574              		.cfi_def_cfa_offset 24
 1575              		.cfi_offset 3, -24
 1576              		.cfi_offset 4, -20
 1577              		.cfi_offset 5, -16
 1578              		.cfi_offset 6, -12
 1579              		.cfi_offset 7, -8
 1580              		.cfi_offset 14, -4
1071:Drivers/STM32H7xx_HAL_Driver/Src/stm32h7xx_hal_flash.c ****   /* Wait for the FLASH operation to complete by polling on QW flag to be reset.
 1581              		.loc 1 1071 1 view .LVU588
 1582 0002 0446     		mov	r4, r0
 1583 0004 0E46     		mov	r6, r1
1078:Drivers/STM32H7xx_HAL_Driver/Src/stm32h7xx_hal_flash.c **** 
 1584              		.loc 1 1078 24 view .LVU589
 1585 0006 FFF7FEFF 		bl	HAL_GetTick
 1586              	.LVL111:
1080:Drivers/STM32H7xx_HAL_Driver/Src/stm32h7xx_hal_flash.c **** 
 1587              		.loc 1 1080 3 is_stmt 1 view .LVU590
1091:Drivers/STM32H7xx_HAL_Driver/Src/stm32h7xx_hal_flash.c ****   {
 1588              		.loc 1 1091 3 view .LVU591
 1589 000a 651C     		adds	r5, r4, #1
 1590 000c 1AD1     		bne	.L123
ARM GAS  C:\Users\l1234\AppData\Local\Temp\cc13EeWz.s 			page 76


1091:Drivers/STM32H7xx_HAL_Driver/Src/stm32h7xx_hal_flash.c ****   {
 1591              		.loc 1 1091 9 is_stmt 0 view .LVU592
 1592 000e 154A     		ldr	r2, .L126
 1593              	.L111:
1091:Drivers/STM32H7xx_HAL_Driver/Src/stm32h7xx_hal_flash.c ****   {
 1594              		.loc 1 1091 9 is_stmt 1 view .LVU593
 1595 0010 1369     		ldr	r3, [r2, #16]
 1596 0012 5907     		lsls	r1, r3, #29
 1597 0014 FCD4     		bmi	.L111
 1598              	.LVL112:
 1599              	.L113:
1103:Drivers/STM32H7xx_HAL_Driver/Src/stm32h7xx_hal_flash.c ****   {
 1600              		.loc 1 1103 3 view .LVU594
1103:Drivers/STM32H7xx_HAL_Driver/Src/stm32h7xx_hal_flash.c ****   {
 1601              		.loc 1 1103 6 is_stmt 0 view .LVU595
 1602 0016 012E     		cmp	r6, #1
 1603 0018 01D0     		beq	.L124
 1604              	.LVL113:
 1605              	.L115:
1146:Drivers/STM32H7xx_HAL_Driver/Src/stm32h7xx_hal_flash.c **** }
 1606              		.loc 1 1146 10 view .LVU596
 1607 001a 0020     		movs	r0, #0
1147:Drivers/STM32H7xx_HAL_Driver/Src/stm32h7xx_hal_flash.c **** 
 1608              		.loc 1 1147 1 view .LVU597
 1609 001c F8BD     		pop	{r3, r4, r5, r6, r7, pc}
 1610              	.LVL114:
 1611              	.L124:
1105:Drivers/STM32H7xx_HAL_Driver/Src/stm32h7xx_hal_flash.c ****   }
 1612              		.loc 1 1105 5 is_stmt 1 view .LVU598
1105:Drivers/STM32H7xx_HAL_Driver/Src/stm32h7xx_hal_flash.c ****   }
 1613              		.loc 1 1105 22 is_stmt 0 view .LVU599
 1614 001e 114A     		ldr	r2, .L126
1105:Drivers/STM32H7xx_HAL_Driver/Src/stm32h7xx_hal_flash.c ****   }
 1615              		.loc 1 1105 15 view .LVU600
 1616 0020 1149     		ldr	r1, .L126+4
1105:Drivers/STM32H7xx_HAL_Driver/Src/stm32h7xx_hal_flash.c ****   }
 1617              		.loc 1 1105 22 view .LVU601
 1618 0022 1369     		ldr	r3, [r2, #16]
 1619              	.LVL115:
1115:Drivers/STM32H7xx_HAL_Driver/Src/stm32h7xx_hal_flash.c ****   {
 1620              		.loc 1 1115 3 is_stmt 1 view .LVU602
1115:Drivers/STM32H7xx_HAL_Driver/Src/stm32h7xx_hal_flash.c ****   {
 1621              		.loc 1 1115 5 is_stmt 0 view .LVU603
 1622 0024 0B40     		ands	r3, r3, r1
 1623              	.LVL116:
1115:Drivers/STM32H7xx_HAL_Driver/Src/stm32h7xx_hal_flash.c ****   {
 1624              		.loc 1 1115 5 view .LVU604
 1625 0026 06D1     		bne	.L125
 1626              	.LVL117:
1127:Drivers/STM32H7xx_HAL_Driver/Src/stm32h7xx_hal_flash.c ****   {
 1627              		.loc 1 1127 3 is_stmt 1 view .LVU605
1129:Drivers/STM32H7xx_HAL_Driver/Src/stm32h7xx_hal_flash.c ****     {
 1628              		.loc 1 1129 5 view .LVU606
1129:Drivers/STM32H7xx_HAL_Driver/Src/stm32h7xx_hal_flash.c ****     {
 1629              		.loc 1 1129 9 is_stmt 0 view .LVU607
 1630 0028 1369     		ldr	r3, [r2, #16]
1129:Drivers/STM32H7xx_HAL_Driver/Src/stm32h7xx_hal_flash.c ****     {
ARM GAS  C:\Users\l1234\AppData\Local\Temp\cc13EeWz.s 			page 77


 1631              		.loc 1 1129 8 view .LVU608
 1632 002a DB03     		lsls	r3, r3, #15
 1633 002c F5D5     		bpl	.L115
1132:Drivers/STM32H7xx_HAL_Driver/Src/stm32h7xx_hal_flash.c ****     }
 1634              		.loc 1 1132 7 is_stmt 1 view .LVU609
 1635 002e 4FF48033 		mov	r3, #65536
 1636 0032 5361     		str	r3, [r2, #20]
 1637 0034 F1E7     		b	.L115
 1638              	.LVL118:
 1639              	.L125:
1118:Drivers/STM32H7xx_HAL_Driver/Src/stm32h7xx_hal_flash.c **** 
 1640              		.loc 1 1118 5 view .LVU610
1118:Drivers/STM32H7xx_HAL_Driver/Src/stm32h7xx_hal_flash.c **** 
 1641              		.loc 1 1118 11 is_stmt 0 view .LVU611
 1642 0036 0D4C     		ldr	r4, .L126+8
 1643              	.LVL119:
1123:Drivers/STM32H7xx_HAL_Driver/Src/stm32h7xx_hal_flash.c ****   }
 1644              		.loc 1 1123 12 view .LVU612
 1645 0038 3046     		mov	r0, r6
1118:Drivers/STM32H7xx_HAL_Driver/Src/stm32h7xx_hal_flash.c **** 
 1646              		.loc 1 1118 11 view .LVU613
 1647 003a A169     		ldr	r1, [r4, #24]
1118:Drivers/STM32H7xx_HAL_Driver/Src/stm32h7xx_hal_flash.c **** 
 1648              		.loc 1 1118 22 view .LVU614
 1649 003c 1943     		orrs	r1, r1, r3
 1650 003e A161     		str	r1, [r4, #24]
1121:Drivers/STM32H7xx_HAL_Driver/Src/stm32h7xx_hal_flash.c **** 
 1651              		.loc 1 1121 5 is_stmt 1 view .LVU615
 1652 0040 5361     		str	r3, [r2, #20]
1123:Drivers/STM32H7xx_HAL_Driver/Src/stm32h7xx_hal_flash.c ****   }
 1653              		.loc 1 1123 5 view .LVU616
 1654              	.LVL120:
1147:Drivers/STM32H7xx_HAL_Driver/Src/stm32h7xx_hal_flash.c **** 
 1655              		.loc 1 1147 1 is_stmt 0 view .LVU617
 1656 0042 F8BD     		pop	{r3, r4, r5, r6, r7, pc}
 1657              	.LVL121:
 1658              	.L123:
1147:Drivers/STM32H7xx_HAL_Driver/Src/stm32h7xx_hal_flash.c **** 
 1659              		.loc 1 1147 1 view .LVU618
 1660 0044 0546     		mov	r5, r0
1091:Drivers/STM32H7xx_HAL_Driver/Src/stm32h7xx_hal_flash.c ****   {
 1661              		.loc 1 1091 9 view .LVU619
 1662 0046 074F     		ldr	r7, .L126
 1663 0048 05E0     		b	.L110
 1664              	.LVL122:
 1665              	.L114:
1095:Drivers/STM32H7xx_HAL_Driver/Src/stm32h7xx_hal_flash.c ****       {
 1666              		.loc 1 1095 12 view .LVU620
 1667 004a FFF7FEFF 		bl	HAL_GetTick
 1668              	.LVL123:
1095:Drivers/STM32H7xx_HAL_Driver/Src/stm32h7xx_hal_flash.c ****       {
 1669              		.loc 1 1095 26 view .LVU621
 1670 004e 401B     		subs	r0, r0, r5
1095:Drivers/STM32H7xx_HAL_Driver/Src/stm32h7xx_hal_flash.c ****       {
 1671              		.loc 1 1095 50 view .LVU622
 1672 0050 A042     		cmp	r0, r4
 1673 0052 04D8     		bhi	.L118
ARM GAS  C:\Users\l1234\AppData\Local\Temp\cc13EeWz.s 			page 78


 1674 0054 1CB1     		cbz	r4, .L118
 1675              	.L110:
1093:Drivers/STM32H7xx_HAL_Driver/Src/stm32h7xx_hal_flash.c ****     {
 1676              		.loc 1 1093 5 is_stmt 1 view .LVU623
1095:Drivers/STM32H7xx_HAL_Driver/Src/stm32h7xx_hal_flash.c ****       {
 1677              		.loc 1 1095 7 view .LVU624
1091:Drivers/STM32H7xx_HAL_Driver/Src/stm32h7xx_hal_flash.c ****   {
 1678              		.loc 1 1091 9 view .LVU625
 1679 0056 3B69     		ldr	r3, [r7, #16]
 1680 0058 5A07     		lsls	r2, r3, #29
 1681 005a F6D4     		bmi	.L114
 1682 005c DBE7     		b	.L113
 1683              	.L118:
1097:Drivers/STM32H7xx_HAL_Driver/Src/stm32h7xx_hal_flash.c ****       }
 1684              		.loc 1 1097 16 is_stmt 0 view .LVU626
 1685 005e 0320     		movs	r0, #3
 1686              	.LVL124:
1147:Drivers/STM32H7xx_HAL_Driver/Src/stm32h7xx_hal_flash.c **** 
 1687              		.loc 1 1147 1 view .LVU627
 1688 0060 F8BD     		pop	{r3, r4, r5, r6, r7, pc}
 1689              	.LVL125:
 1690              	.L127:
1147:Drivers/STM32H7xx_HAL_Driver/Src/stm32h7xx_hal_flash.c **** 
 1691              		.loc 1 1147 1 view .LVU628
 1692 0062 00BF     		.align	2
 1693              	.L126:
 1694 0064 00200052 		.word	1375739904
 1695 0068 0000EE17 		.word	401473536
 1696 006c 00000000 		.word	pFlash
 1697              		.cfi_endproc
 1698              	.LFE155:
 1700              		.section	.text.FLASH_OB_WaitForLastOperation,"ax",%progbits
 1701              		.align	1
 1702              		.p2align 2,,3
 1703              		.global	FLASH_OB_WaitForLastOperation
 1704              		.syntax unified
 1705              		.thumb
 1706              		.thumb_func
 1708              	FLASH_OB_WaitForLastOperation:
 1709              	.LVL126:
 1710              	.LFB156:
1155:Drivers/STM32H7xx_HAL_Driver/Src/stm32h7xx_hal_flash.c ****   /* Get timeout */
 1711              		.loc 1 1155 1 is_stmt 1 view -0
 1712              		.cfi_startproc
 1713              		@ args = 0, pretend = 0, frame = 0
 1714              		@ frame_needed = 0, uses_anonymous_args = 0
1157:Drivers/STM32H7xx_HAL_Driver/Src/stm32h7xx_hal_flash.c **** 
 1715              		.loc 1 1157 3 view .LVU630
1155:Drivers/STM32H7xx_HAL_Driver/Src/stm32h7xx_hal_flash.c ****   /* Get timeout */
 1716              		.loc 1 1155 1 is_stmt 0 view .LVU631
 1717 0000 70B5     		push	{r4, r5, r6, lr}
 1718              	.LCFI5:
 1719              		.cfi_def_cfa_offset 16
 1720              		.cfi_offset 4, -16
 1721              		.cfi_offset 5, -12
 1722              		.cfi_offset 6, -8
 1723              		.cfi_offset 14, -4
ARM GAS  C:\Users\l1234\AppData\Local\Temp\cc13EeWz.s 			page 79


1155:Drivers/STM32H7xx_HAL_Driver/Src/stm32h7xx_hal_flash.c ****   /* Get timeout */
 1724              		.loc 1 1155 1 view .LVU632
 1725 0002 0446     		mov	r4, r0
1157:Drivers/STM32H7xx_HAL_Driver/Src/stm32h7xx_hal_flash.c **** 
 1726              		.loc 1 1157 24 view .LVU633
 1727 0004 FFF7FEFF 		bl	HAL_GetTick
 1728              	.LVL127:
1160:Drivers/STM32H7xx_HAL_Driver/Src/stm32h7xx_hal_flash.c ****   {
 1729              		.loc 1 1160 3 is_stmt 1 view .LVU634
 1730 0008 651C     		adds	r5, r4, #1
 1731 000a 14D1     		bne	.L140
1160:Drivers/STM32H7xx_HAL_Driver/Src/stm32h7xx_hal_flash.c ****   {
 1732              		.loc 1 1160 9 is_stmt 0 view .LVU635
 1733 000c 114A     		ldr	r2, .L142
 1734              	.L130:
1160:Drivers/STM32H7xx_HAL_Driver/Src/stm32h7xx_hal_flash.c ****   {
 1735              		.loc 1 1160 58 is_stmt 1 view .LVU636
1160:Drivers/STM32H7xx_HAL_Driver/Src/stm32h7xx_hal_flash.c ****   {
 1736              		.loc 1 1160 9 is_stmt 0 view .LVU637
 1737 000e D369     		ldr	r3, [r2, #28]
1160:Drivers/STM32H7xx_HAL_Driver/Src/stm32h7xx_hal_flash.c ****   {
 1738              		.loc 1 1160 58 view .LVU638
 1739 0010 D907     		lsls	r1, r3, #31
 1740 0012 FCD4     		bmi	.L130
 1741              	.LVL128:
 1742              	.L132:
1172:Drivers/STM32H7xx_HAL_Driver/Src/stm32h7xx_hal_flash.c ****   {
 1743              		.loc 1 1172 3 is_stmt 1 view .LVU639
1172:Drivers/STM32H7xx_HAL_Driver/Src/stm32h7xx_hal_flash.c ****   {
 1744              		.loc 1 1172 6 is_stmt 0 view .LVU640
 1745 0014 0F4A     		ldr	r2, .L142
 1746 0016 D069     		ldr	r0, [r2, #28]
1172:Drivers/STM32H7xx_HAL_Driver/Src/stm32h7xx_hal_flash.c ****   {
 1747              		.loc 1 1172 5 view .LVU641
 1748 0018 10F08040 		ands	r0, r0, #1073741824
 1749 001c 00D1     		bne	.L141
1185:Drivers/STM32H7xx_HAL_Driver/Src/stm32h7xx_hal_flash.c **** 
 1750              		.loc 1 1185 1 view .LVU642
 1751 001e 70BD     		pop	{r4, r5, r6, pc}
 1752              	.LVL129:
 1753              	.L141:
 1754              	.LBB102:
 1755              	.LBI102:
1154:Drivers/STM32H7xx_HAL_Driver/Src/stm32h7xx_hal_flash.c **** {
 1756              		.loc 1 1154 19 is_stmt 1 view .LVU643
 1757              	.LBB103:
1175:Drivers/STM32H7xx_HAL_Driver/Src/stm32h7xx_hal_flash.c **** 
 1758              		.loc 1 1175 5 view .LVU644
1175:Drivers/STM32H7xx_HAL_Driver/Src/stm32h7xx_hal_flash.c **** 
 1759              		.loc 1 1175 11 is_stmt 0 view .LVU645
 1760 0020 0D49     		ldr	r1, .L142+4
1178:Drivers/STM32H7xx_HAL_Driver/Src/stm32h7xx_hal_flash.c **** 
 1761              		.loc 1 1178 19 view .LVU646
 1762 0022 0120     		movs	r0, #1
1175:Drivers/STM32H7xx_HAL_Driver/Src/stm32h7xx_hal_flash.c **** 
 1763              		.loc 1 1175 11 view .LVU647
 1764 0024 8B69     		ldr	r3, [r1, #24]
ARM GAS  C:\Users\l1234\AppData\Local\Temp\cc13EeWz.s 			page 80


1175:Drivers/STM32H7xx_HAL_Driver/Src/stm32h7xx_hal_flash.c **** 
 1765              		.loc 1 1175 22 view .LVU648
 1766 0026 43F08043 		orr	r3, r3, #1073741824
 1767 002a 8B61     		str	r3, [r1, #24]
1178:Drivers/STM32H7xx_HAL_Driver/Src/stm32h7xx_hal_flash.c **** 
 1768              		.loc 1 1178 5 is_stmt 1 view .LVU649
1178:Drivers/STM32H7xx_HAL_Driver/Src/stm32h7xx_hal_flash.c **** 
 1769              		.loc 1 1178 10 is_stmt 0 view .LVU650
 1770 002c 536A     		ldr	r3, [r2, #36]
1178:Drivers/STM32H7xx_HAL_Driver/Src/stm32h7xx_hal_flash.c **** 
 1771              		.loc 1 1178 19 view .LVU651
 1772 002e 43F08043 		orr	r3, r3, #1073741824
 1773 0032 5362     		str	r3, [r2, #36]
1180:Drivers/STM32H7xx_HAL_Driver/Src/stm32h7xx_hal_flash.c ****   }
 1774              		.loc 1 1180 5 is_stmt 1 view .LVU652
 1775              	.LVL130:
1180:Drivers/STM32H7xx_HAL_Driver/Src/stm32h7xx_hal_flash.c ****   }
 1776              		.loc 1 1180 5 is_stmt 0 view .LVU653
 1777              	.LBE103:
 1778              	.LBE102:
1185:Drivers/STM32H7xx_HAL_Driver/Src/stm32h7xx_hal_flash.c **** 
 1779              		.loc 1 1185 1 view .LVU654
 1780 0034 70BD     		pop	{r4, r5, r6, pc}
 1781              	.LVL131:
 1782              	.L140:
1185:Drivers/STM32H7xx_HAL_Driver/Src/stm32h7xx_hal_flash.c **** 
 1783              		.loc 1 1185 1 view .LVU655
 1784 0036 0546     		mov	r5, r0
1160:Drivers/STM32H7xx_HAL_Driver/Src/stm32h7xx_hal_flash.c ****   {
 1785              		.loc 1 1160 9 view .LVU656
 1786 0038 064E     		ldr	r6, .L142
 1787 003a 05E0     		b	.L129
 1788              	.LVL132:
 1789              	.L133:
1164:Drivers/STM32H7xx_HAL_Driver/Src/stm32h7xx_hal_flash.c ****       {
 1790              		.loc 1 1164 12 view .LVU657
 1791 003c FFF7FEFF 		bl	HAL_GetTick
 1792              	.LVL133:
1164:Drivers/STM32H7xx_HAL_Driver/Src/stm32h7xx_hal_flash.c ****       {
 1793              		.loc 1 1164 26 view .LVU658
 1794 0040 401B     		subs	r0, r0, r5
1164:Drivers/STM32H7xx_HAL_Driver/Src/stm32h7xx_hal_flash.c ****       {
 1795              		.loc 1 1164 50 view .LVU659
 1796 0042 A042     		cmp	r0, r4
 1797 0044 04D8     		bhi	.L134
 1798 0046 1CB1     		cbz	r4, .L134
 1799              	.L129:
1162:Drivers/STM32H7xx_HAL_Driver/Src/stm32h7xx_hal_flash.c ****     {
 1800              		.loc 1 1162 5 is_stmt 1 view .LVU660
1164:Drivers/STM32H7xx_HAL_Driver/Src/stm32h7xx_hal_flash.c ****       {
 1801              		.loc 1 1164 7 view .LVU661
1160:Drivers/STM32H7xx_HAL_Driver/Src/stm32h7xx_hal_flash.c ****   {
 1802              		.loc 1 1160 58 view .LVU662
1160:Drivers/STM32H7xx_HAL_Driver/Src/stm32h7xx_hal_flash.c ****   {
 1803              		.loc 1 1160 9 is_stmt 0 view .LVU663
 1804 0048 F369     		ldr	r3, [r6, #28]
1160:Drivers/STM32H7xx_HAL_Driver/Src/stm32h7xx_hal_flash.c ****   {
ARM GAS  C:\Users\l1234\AppData\Local\Temp\cc13EeWz.s 			page 81


 1805              		.loc 1 1160 58 view .LVU664
 1806 004a DB07     		lsls	r3, r3, #31
 1807 004c F6D4     		bmi	.L133
 1808 004e E1E7     		b	.L132
 1809              	.L134:
1166:Drivers/STM32H7xx_HAL_Driver/Src/stm32h7xx_hal_flash.c ****       }
 1810              		.loc 1 1166 16 view .LVU665
 1811 0050 0320     		movs	r0, #3
1185:Drivers/STM32H7xx_HAL_Driver/Src/stm32h7xx_hal_flash.c **** 
 1812              		.loc 1 1185 1 view .LVU666
 1813 0052 70BD     		pop	{r4, r5, r6, pc}
 1814              	.LVL134:
 1815              	.L143:
1185:Drivers/STM32H7xx_HAL_Driver/Src/stm32h7xx_hal_flash.c **** 
 1816              		.loc 1 1185 1 view .LVU667
 1817              		.align	2
 1818              	.L142:
 1819 0054 00200052 		.word	1375739904
 1820 0058 00000000 		.word	pFlash
 1821              		.cfi_endproc
 1822              	.LFE156:
 1824              		.section	.text.FLASH_CRC_WaitForLastOperation,"ax",%progbits
 1825              		.align	1
 1826              		.p2align 2,,3
 1827              		.global	FLASH_CRC_WaitForLastOperation
 1828              		.syntax unified
 1829              		.thumb
 1830              		.thumb_func
 1832              	FLASH_CRC_WaitForLastOperation:
 1833              	.LVL135:
 1834              	.LFB157:
1194:Drivers/STM32H7xx_HAL_Driver/Src/stm32h7xx_hal_flash.c ****   uint32_t bsyflag;
 1835              		.loc 1 1194 1 is_stmt 1 view -0
 1836              		.cfi_startproc
 1837              		@ args = 0, pretend = 0, frame = 0
 1838              		@ frame_needed = 0, uses_anonymous_args = 0
1195:Drivers/STM32H7xx_HAL_Driver/Src/stm32h7xx_hal_flash.c ****   uint32_t tickstart = HAL_GetTick();
 1839              		.loc 1 1195 3 view .LVU669
1196:Drivers/STM32H7xx_HAL_Driver/Src/stm32h7xx_hal_flash.c **** 
 1840              		.loc 1 1196 3 view .LVU670
1194:Drivers/STM32H7xx_HAL_Driver/Src/stm32h7xx_hal_flash.c ****   uint32_t bsyflag;
 1841              		.loc 1 1194 1 is_stmt 0 view .LVU671
 1842 0000 2DE9F041 		push	{r4, r5, r6, r7, r8, lr}
 1843              	.LCFI6:
 1844              		.cfi_def_cfa_offset 24
 1845              		.cfi_offset 4, -24
 1846              		.cfi_offset 5, -20
 1847              		.cfi_offset 6, -16
 1848              		.cfi_offset 7, -12
 1849              		.cfi_offset 8, -8
 1850              		.cfi_offset 14, -4
1194:Drivers/STM32H7xx_HAL_Driver/Src/stm32h7xx_hal_flash.c ****   uint32_t bsyflag;
 1851              		.loc 1 1194 1 view .LVU672
 1852 0004 0E46     		mov	r6, r1
 1853 0006 0546     		mov	r5, r0
1196:Drivers/STM32H7xx_HAL_Driver/Src/stm32h7xx_hal_flash.c **** 
 1854              		.loc 1 1196 24 view .LVU673
ARM GAS  C:\Users\l1234\AppData\Local\Temp\cc13EeWz.s 			page 82


 1855 0008 FFF7FEFF 		bl	HAL_GetTick
 1856              	.LVL136:
1207:Drivers/STM32H7xx_HAL_Driver/Src/stm32h7xx_hal_flash.c ****   }
 1857              		.loc 1 1207 13 view .LVU674
 1858 000c 184C     		ldr	r4, .L161
 1859 000e 012E     		cmp	r6, #1
 1860              	.LVL137:
1198:Drivers/STM32H7xx_HAL_Driver/Src/stm32h7xx_hal_flash.c **** 
 1861              		.loc 1 1198 3 is_stmt 1 view .LVU675
1201:Drivers/STM32H7xx_HAL_Driver/Src/stm32h7xx_hal_flash.c ****   {
 1862              		.loc 1 1201 3 view .LVU676
1207:Drivers/STM32H7xx_HAL_Driver/Src/stm32h7xx_hal_flash.c ****   }
 1863              		.loc 1 1207 13 is_stmt 0 view .LVU677
 1864 0010 08BF     		it	eq
 1865 0012 0824     		moveq	r4, #8
 1866 0014 6B1C     		adds	r3, r5, #1
 1867 0016 18D1     		bne	.L159
1211:Drivers/STM32H7xx_HAL_Driver/Src/stm32h7xx_hal_flash.c ****   {
 1868              		.loc 1 1211 9 view .LVU678
 1869 0018 164A     		ldr	r2, .L161+4
 1870              	.L148:
 1871              	.LVL138:
1211:Drivers/STM32H7xx_HAL_Driver/Src/stm32h7xx_hal_flash.c ****   {
 1872              		.loc 1 1211 9 is_stmt 1 view .LVU679
 1873 001a 1369     		ldr	r3, [r2, #16]
 1874 001c 34EA0303 		bics	r3, r4, r3
 1875 0020 FBD0     		beq	.L148
 1876              	.LVL139:
 1877              	.L149:
1223:Drivers/STM32H7xx_HAL_Driver/Src/stm32h7xx_hal_flash.c ****   {
 1878              		.loc 1 1223 3 view .LVU680
1223:Drivers/STM32H7xx_HAL_Driver/Src/stm32h7xx_hal_flash.c ****   {
 1879              		.loc 1 1223 5 is_stmt 0 view .LVU681
 1880 0022 012E     		cmp	r6, #1
 1881 0024 02D0     		beq	.L160
1234:Drivers/STM32H7xx_HAL_Driver/Src/stm32h7xx_hal_flash.c ****     }
1235:Drivers/STM32H7xx_HAL_Driver/Src/stm32h7xx_hal_flash.c ****   }
1236:Drivers/STM32H7xx_HAL_Driver/Src/stm32h7xx_hal_flash.c **** #if defined (DUAL_BANK)
1237:Drivers/STM32H7xx_HAL_Driver/Src/stm32h7xx_hal_flash.c ****   else
1238:Drivers/STM32H7xx_HAL_Driver/Src/stm32h7xx_hal_flash.c ****   {
1239:Drivers/STM32H7xx_HAL_Driver/Src/stm32h7xx_hal_flash.c ****     if (__HAL_FLASH_GET_FLAG_BANK2(FLASH_FLAG_CRCRDERR_BANK2))
1240:Drivers/STM32H7xx_HAL_Driver/Src/stm32h7xx_hal_flash.c ****     {
1241:Drivers/STM32H7xx_HAL_Driver/Src/stm32h7xx_hal_flash.c ****       /* Save the error code */
1242:Drivers/STM32H7xx_HAL_Driver/Src/stm32h7xx_hal_flash.c ****       pFlash.ErrorCode |= HAL_FLASH_ERROR_CRCRD_BANK2;
1243:Drivers/STM32H7xx_HAL_Driver/Src/stm32h7xx_hal_flash.c **** 
1244:Drivers/STM32H7xx_HAL_Driver/Src/stm32h7xx_hal_flash.c ****       /* Clear FLASH CRC read error pending bit */
1245:Drivers/STM32H7xx_HAL_Driver/Src/stm32h7xx_hal_flash.c ****       __HAL_FLASH_CLEAR_FLAG_BANK2(FLASH_FLAG_CRCRDERR_BANK2);
1246:Drivers/STM32H7xx_HAL_Driver/Src/stm32h7xx_hal_flash.c **** 
1247:Drivers/STM32H7xx_HAL_Driver/Src/stm32h7xx_hal_flash.c ****       return HAL_ERROR;
1248:Drivers/STM32H7xx_HAL_Driver/Src/stm32h7xx_hal_flash.c ****     }
1249:Drivers/STM32H7xx_HAL_Driver/Src/stm32h7xx_hal_flash.c ****   }
1250:Drivers/STM32H7xx_HAL_Driver/Src/stm32h7xx_hal_flash.c **** #endif /* DUAL_BANK */
1251:Drivers/STM32H7xx_HAL_Driver/Src/stm32h7xx_hal_flash.c **** 
1252:Drivers/STM32H7xx_HAL_Driver/Src/stm32h7xx_hal_flash.c ****   /* If there is no error flag set */
1253:Drivers/STM32H7xx_HAL_Driver/Src/stm32h7xx_hal_flash.c ****   return HAL_OK;
 1882              		.loc 1 1253 10 view .LVU682
 1883 0026 0020     		movs	r0, #0
ARM GAS  C:\Users\l1234\AppData\Local\Temp\cc13EeWz.s 			page 83


 1884              	.L146:
1254:Drivers/STM32H7xx_HAL_Driver/Src/stm32h7xx_hal_flash.c **** }
 1885              		.loc 1 1254 1 view .LVU683
 1886 0028 BDE8F081 		pop	{r4, r5, r6, r7, r8, pc}
 1887              	.LVL140:
 1888              	.L160:
1225:Drivers/STM32H7xx_HAL_Driver/Src/stm32h7xx_hal_flash.c ****     {
 1889              		.loc 1 1225 5 is_stmt 1 view .LVU684
1225:Drivers/STM32H7xx_HAL_Driver/Src/stm32h7xx_hal_flash.c ****     {
 1890              		.loc 1 1225 9 is_stmt 0 view .LVU685
 1891 002c 114B     		ldr	r3, .L161+4
 1892 002e 1869     		ldr	r0, [r3, #16]
1225:Drivers/STM32H7xx_HAL_Driver/Src/stm32h7xx_hal_flash.c ****     {
 1893              		.loc 1 1225 8 view .LVU686
 1894 0030 10F08050 		ands	r0, r0, #268435456
 1895 0034 F8D0     		beq	.L146
 1896              	.LBB106:
 1897              	.LBI106:
1193:Drivers/STM32H7xx_HAL_Driver/Src/stm32h7xx_hal_flash.c **** {
 1898              		.loc 1 1193 19 is_stmt 1 view .LVU687
 1899              	.LVL141:
 1900              	.LBB107:
1228:Drivers/STM32H7xx_HAL_Driver/Src/stm32h7xx_hal_flash.c **** 
 1901              		.loc 1 1228 7 view .LVU688
1228:Drivers/STM32H7xx_HAL_Driver/Src/stm32h7xx_hal_flash.c **** 
 1902              		.loc 1 1228 13 is_stmt 0 view .LVU689
 1903 0036 1049     		ldr	r1, .L161+8
1231:Drivers/STM32H7xx_HAL_Driver/Src/stm32h7xx_hal_flash.c **** 
 1904              		.loc 1 1231 7 view .LVU690
 1905 0038 4FF08054 		mov	r4, #268435456
 1906              	.LVL142:
1231:Drivers/STM32H7xx_HAL_Driver/Src/stm32h7xx_hal_flash.c **** 
 1907              		.loc 1 1231 7 view .LVU691
 1908 003c 3046     		mov	r0, r6
1228:Drivers/STM32H7xx_HAL_Driver/Src/stm32h7xx_hal_flash.c **** 
 1909              		.loc 1 1228 13 view .LVU692
 1910 003e 8A69     		ldr	r2, [r1, #24]
1228:Drivers/STM32H7xx_HAL_Driver/Src/stm32h7xx_hal_flash.c **** 
 1911              		.loc 1 1228 24 view .LVU693
 1912 0040 2243     		orrs	r2, r2, r4
 1913 0042 8A61     		str	r2, [r1, #24]
1231:Drivers/STM32H7xx_HAL_Driver/Src/stm32h7xx_hal_flash.c **** 
 1914              		.loc 1 1231 7 is_stmt 1 view .LVU694
 1915 0044 5C61     		str	r4, [r3, #20]
1233:Drivers/STM32H7xx_HAL_Driver/Src/stm32h7xx_hal_flash.c ****     }
 1916              		.loc 1 1233 7 view .LVU695
 1917              	.LVL143:
1233:Drivers/STM32H7xx_HAL_Driver/Src/stm32h7xx_hal_flash.c ****     }
 1918              		.loc 1 1233 7 is_stmt 0 view .LVU696
 1919              	.LBE107:
 1920              	.LBE106:
 1921              		.loc 1 1254 1 view .LVU697
 1922 0046 BDE8F081 		pop	{r4, r5, r6, r7, r8, pc}
 1923              	.LVL144:
 1924              	.L159:
 1925              		.loc 1 1254 1 view .LVU698
 1926 004a 0746     		mov	r7, r0
ARM GAS  C:\Users\l1234\AppData\Local\Temp\cc13EeWz.s 			page 84


1211:Drivers/STM32H7xx_HAL_Driver/Src/stm32h7xx_hal_flash.c ****   {
 1927              		.loc 1 1211 9 view .LVU699
 1928 004c DFF82480 		ldr	r8, .L161+4
 1929 0050 05E0     		b	.L147
 1930              	.LVL145:
 1931              	.L150:
1215:Drivers/STM32H7xx_HAL_Driver/Src/stm32h7xx_hal_flash.c ****       {
 1932              		.loc 1 1215 12 view .LVU700
 1933 0052 FFF7FEFF 		bl	HAL_GetTick
 1934              	.LVL146:
1215:Drivers/STM32H7xx_HAL_Driver/Src/stm32h7xx_hal_flash.c ****       {
 1935              		.loc 1 1215 26 view .LVU701
 1936 0056 C01B     		subs	r0, r0, r7
1215:Drivers/STM32H7xx_HAL_Driver/Src/stm32h7xx_hal_flash.c ****       {
 1937              		.loc 1 1215 50 view .LVU702
 1938 0058 A842     		cmp	r0, r5
 1939 005a 06D8     		bhi	.L152
 1940 005c 2DB1     		cbz	r5, .L152
 1941              	.LVL147:
 1942              	.L147:
1213:Drivers/STM32H7xx_HAL_Driver/Src/stm32h7xx_hal_flash.c ****     {
 1943              		.loc 1 1213 5 is_stmt 1 view .LVU703
1215:Drivers/STM32H7xx_HAL_Driver/Src/stm32h7xx_hal_flash.c ****       {
 1944              		.loc 1 1215 7 view .LVU704
1211:Drivers/STM32H7xx_HAL_Driver/Src/stm32h7xx_hal_flash.c ****   {
 1945              		.loc 1 1211 9 view .LVU705
 1946 005e D8F81030 		ldr	r3, [r8, #16]
 1947 0062 34EA0303 		bics	r3, r4, r3
 1948 0066 F4D0     		beq	.L150
 1949 0068 DBE7     		b	.L149
 1950              	.L152:
1217:Drivers/STM32H7xx_HAL_Driver/Src/stm32h7xx_hal_flash.c ****       }
 1951              		.loc 1 1217 16 is_stmt 0 view .LVU706
 1952 006a 0320     		movs	r0, #3
 1953 006c DCE7     		b	.L146
 1954              	.L162:
 1955 006e 00BF     		.align	2
 1956              	.L161:
 1957 0070 08000080 		.word	-2147483640
 1958 0074 00200052 		.word	1375739904
 1959 0078 00000000 		.word	pFlash
 1960              		.cfi_endproc
 1961              	.LFE157:
 1963              		.global	pFlash
 1964              		.section	.bss.pFlash,"aw",%nobits
 1965              		.align	2
 1968              	pFlash:
 1969 0000 00000000 		.space	28
 1969      00000000 
 1969      00000000 
 1969      00000000 
 1969      00000000 
 1970              		.text
 1971              	.Letext0:
 1972              		.file 3 "c:\\msys64\\mingw64\\arm-none-eabi\\include\\machine\\_default_types.h"
 1973              		.file 4 "c:\\msys64\\mingw64\\arm-none-eabi\\include\\sys\\_stdint.h"
 1974              		.file 5 "Drivers/CMSIS/Device/ST/STM32H7xx/Include/stm32h723xx.h"
ARM GAS  C:\Users\l1234\AppData\Local\Temp\cc13EeWz.s 			page 85


 1975              		.file 6 "Drivers/CMSIS/Device/ST/STM32H7xx/Include/stm32h7xx.h"
 1976              		.file 7 "Drivers/STM32H7xx_HAL_Driver/Inc/stm32h7xx_hal_def.h"
 1977              		.file 8 "Drivers/STM32H7xx_HAL_Driver/Inc/stm32h7xx_hal_flash.h"
 1978              		.file 9 "Drivers/STM32H7xx_HAL_Driver/Inc/stm32h7xx_hal_flash_ex.h"
 1979              		.file 10 "Drivers/STM32H7xx_HAL_Driver/Inc/stm32h7xx_hal.h"
ARM GAS  C:\Users\l1234\AppData\Local\Temp\cc13EeWz.s 			page 86


DEFINED SYMBOLS
                            *ABS*:00000000 stm32h7xx_hal_flash.c
C:\Users\l1234\AppData\Local\Temp\cc13EeWz.s:20     .text.HAL_FLASH_Program:00000000 $t
C:\Users\l1234\AppData\Local\Temp\cc13EeWz.s:27     .text.HAL_FLASH_Program:00000000 HAL_FLASH_Program
C:\Users\l1234\AppData\Local\Temp\cc13EeWz.s:468    .text.HAL_FLASH_Program:00000120 $d
C:\Users\l1234\AppData\Local\Temp\cc13EeWz.s:1968   .bss.pFlash:00000000 pFlash
C:\Users\l1234\AppData\Local\Temp\cc13EeWz.s:477    .text.HAL_FLASH_Program_IT:00000000 $t
C:\Users\l1234\AppData\Local\Temp\cc13EeWz.s:484    .text.HAL_FLASH_Program_IT:00000000 HAL_FLASH_Program_IT
C:\Users\l1234\AppData\Local\Temp\cc13EeWz.s:831    .text.HAL_FLASH_Program_IT:000000e4 $d
C:\Users\l1234\AppData\Local\Temp\cc13EeWz.s:838    .text.HAL_FLASH_EndOfOperationCallback:00000000 $t
C:\Users\l1234\AppData\Local\Temp\cc13EeWz.s:845    .text.HAL_FLASH_EndOfOperationCallback:00000000 HAL_FLASH_EndOfOperationCallback
C:\Users\l1234\AppData\Local\Temp\cc13EeWz.s:860    .text.HAL_FLASH_OperationErrorCallback:00000000 $t
C:\Users\l1234\AppData\Local\Temp\cc13EeWz.s:867    .text.HAL_FLASH_OperationErrorCallback:00000000 HAL_FLASH_OperationErrorCallback
C:\Users\l1234\AppData\Local\Temp\cc13EeWz.s:879    .text.HAL_FLASH_IRQHandler:00000000 $t
C:\Users\l1234\AppData\Local\Temp\cc13EeWz.s:886    .text.HAL_FLASH_IRQHandler:00000000 HAL_FLASH_IRQHandler
C:\Users\l1234\AppData\Local\Temp\cc13EeWz.s:1141   .text.HAL_FLASH_IRQHandler:000000dc $d
C:\Users\l1234\AppData\Local\Temp\cc13EeWz.s:1147   .text.HAL_FLASH_Unlock:00000000 $t
C:\Users\l1234\AppData\Local\Temp\cc13EeWz.s:1154   .text.HAL_FLASH_Unlock:00000000 HAL_FLASH_Unlock
C:\Users\l1234\AppData\Local\Temp\cc13EeWz.s:1186   .text.HAL_FLASH_Unlock:0000001c $d
C:\Users\l1234\AppData\Local\Temp\cc13EeWz.s:1193   .text.HAL_FLASH_Lock:00000000 $t
C:\Users\l1234\AppData\Local\Temp\cc13EeWz.s:1200   .text.HAL_FLASH_Lock:00000000 HAL_FLASH_Lock
C:\Users\l1234\AppData\Local\Temp\cc13EeWz.s:1222   .text.HAL_FLASH_Lock:00000014 $d
C:\Users\l1234\AppData\Local\Temp\cc13EeWz.s:1227   .text.HAL_FLASH_OB_Unlock:00000000 $t
C:\Users\l1234\AppData\Local\Temp\cc13EeWz.s:1234   .text.HAL_FLASH_OB_Unlock:00000000 HAL_FLASH_OB_Unlock
C:\Users\l1234\AppData\Local\Temp\cc13EeWz.s:1266   .text.HAL_FLASH_OB_Unlock:0000001c $d
C:\Users\l1234\AppData\Local\Temp\cc13EeWz.s:1273   .text.HAL_FLASH_OB_Lock:00000000 $t
C:\Users\l1234\AppData\Local\Temp\cc13EeWz.s:1280   .text.HAL_FLASH_OB_Lock:00000000 HAL_FLASH_OB_Lock
C:\Users\l1234\AppData\Local\Temp\cc13EeWz.s:1302   .text.HAL_FLASH_OB_Lock:00000014 $d
C:\Users\l1234\AppData\Local\Temp\cc13EeWz.s:1307   .text.HAL_FLASH_OB_Launch:00000000 $t
C:\Users\l1234\AppData\Local\Temp\cc13EeWz.s:1314   .text.HAL_FLASH_OB_Launch:00000000 HAL_FLASH_OB_Launch
C:\Users\l1234\AppData\Local\Temp\cc13EeWz.s:1520   .text.HAL_FLASH_OB_Launch:00000080 $d
C:\Users\l1234\AppData\Local\Temp\cc13EeWz.s:1526   .text.HAL_FLASH_GetError:00000000 $t
C:\Users\l1234\AppData\Local\Temp\cc13EeWz.s:1533   .text.HAL_FLASH_GetError:00000000 HAL_FLASH_GetError
C:\Users\l1234\AppData\Local\Temp\cc13EeWz.s:1549   .text.HAL_FLASH_GetError:00000008 $d
C:\Users\l1234\AppData\Local\Temp\cc13EeWz.s:1554   .text.FLASH_WaitForLastOperation:00000000 $t
C:\Users\l1234\AppData\Local\Temp\cc13EeWz.s:1561   .text.FLASH_WaitForLastOperation:00000000 FLASH_WaitForLastOperation
C:\Users\l1234\AppData\Local\Temp\cc13EeWz.s:1694   .text.FLASH_WaitForLastOperation:00000064 $d
C:\Users\l1234\AppData\Local\Temp\cc13EeWz.s:1701   .text.FLASH_OB_WaitForLastOperation:00000000 $t
C:\Users\l1234\AppData\Local\Temp\cc13EeWz.s:1708   .text.FLASH_OB_WaitForLastOperation:00000000 FLASH_OB_WaitForLastOperation
C:\Users\l1234\AppData\Local\Temp\cc13EeWz.s:1819   .text.FLASH_OB_WaitForLastOperation:00000054 $d
C:\Users\l1234\AppData\Local\Temp\cc13EeWz.s:1825   .text.FLASH_CRC_WaitForLastOperation:00000000 $t
C:\Users\l1234\AppData\Local\Temp\cc13EeWz.s:1832   .text.FLASH_CRC_WaitForLastOperation:00000000 FLASH_CRC_WaitForLastOperation
C:\Users\l1234\AppData\Local\Temp\cc13EeWz.s:1957   .text.FLASH_CRC_WaitForLastOperation:00000070 $d
C:\Users\l1234\AppData\Local\Temp\cc13EeWz.s:1965   .bss.pFlash:00000000 $d

UNDEFINED SYMBOLS
HAL_GetTick
FLASH_Erase_Sector
