:020000040800F2
:1000000000000220D1AB0008ED1D0008F11D000822
:10001000F51D0008F91D0008FD1D00080000000086
:10002000000000000000000000000000011E0008A9
:10003000051E000800000000091E00080D1E000833
:1000400025AC000825AC000825AC000825AC00084C
:1000500025AC000825AC000825AC000825AC00083C
:1000600025AC000825AC000825AC0008111E0008CE
:100070001D1E0008291E0008351E0008411E00082C
:100080004D1E0008591E000825AC000825AC0008CC
:1000900025AC000825AC000825AC0008651E00084A
:1000A00025AC000825AC000825AC000825AC0008EC
:1000B00025AC000825AC0008791E000825AC000816
:1000C00025AC000825AC000825AC0008851E0008FA
:1000D00025AC0008911E000825AC000825AC0008DE
:1000E0009D1E000825AC00080000000025AC00089B
:1000F00025AC000825AC000825AC000825AC00089C
:1001000025AC000825AC000825AC000825AC00088B
:1001100025AC0008B51E0008C11E000825AC00086B
:1001200025AC000825AC000825AC000825AC00086B
:1001300025AC000825AC000825AC0008CD1E000841
:1001400000000000000000000000000000000000AF
:1001500025AC000825AC000825AC000825AC00083B
:1001600025AC000825AC000825AC000825AC00082B
:1001700025AC000825AC000825AC000800000000F4
:1001800025AC000825AC0008E91E000825AC0008D5
:1001900025AC000825AC000825AC000825AC0008FB
:1001A00025AC000825AC000825AC000800000000C4
:1001B00025AC000825AC000825AC000825AC0008DB
:1001C00025AC000825AC000800000000000000007D
:1001D000000000000000000025AC00080000000046
:1001E000000000000000000000000000000000000F
:1001F000000000000000000025AC000825AC00084D
:1002000025AC000825AC00080000000025AC000863
:1002100025AC000825AC000825AC000825AC00087A
:1002200025AC00080000000025AC0008000000001C
:1002300025AC000825AC00080000000025AC000833
:1002400025AC000825AC000825AC000825AC00084A
:1002500025AC000825AC000825AC000825AC00083A
:1002600025AC000825AC000825AC000825AC00082A
:1002700025AC000825AC000825AC000800000000F3
:1002800025AC000825AC000825AC000825AC00080A
:100290000000000025AC000825AC000800000000AC
:1002A0000000000025AC000825AC000825AC0008C3
:1002B000F51E000825AC000825AC0008011F000849
:0C02C0000D1F0008191F000825AC0008E5
:1002D000830730B547D0541E002A3ED0CAB2034629
:1002E00001E0013C39D303F8012B9D07F9D1032C20
:1002F0002CD9CDB205EB05250F2C05EB054535D9DD
:10030000A4F1100222F00F0C03F1100EE6444FEAA4
:10031000121C1A46156055609560D5601032724502
:10032000F8D10CF1010214F00C0F03EB021204F0EF
:100330000F0C13D0ACF1040323F003030433134474
:1003400042F8045B9A42FBD10CF003042CB1C9B211
:100350001C4403F8011B9C42FBD130BD644613468C
:10036000002CF4D1F9E703461446C0E71A46A44628
:10037000E0E700BF70B50F4B0F4DAB42A3EB050696
:1003800007D0B610002455F8043B01349847A64224
:10039000F9D80AF099FD094D094B5E1BAB424FEAB3
:1003A000A60606D0002455F8043B01349847A6421F
:1003B000F9D870BDA4AF0008A4AF0008A4AF00082E
:1003C000A8AF0008844641EA000313F003036DD18F
:1003D000403A41D351F8043B40F8043B51F8043B08
:1003E00040F8043B51F8043B40F8043B51F8043B0F
:1003F00040F8043B51F8043B40F8043B51F8043BFF
:1004000040F8043B51F8043B40F8043B51F8043BEE
:1004100040F8043B51F8043B40F8043B51F8043BDE
:1004200040F8043B51F8043B40F8043B51F8043BCE
:1004300040F8043B51F8043B40F8043B51F8043BBE
:1004400040F8043B51F8043B40F8043B51F8043BAE
:1004500040F8043B403ABDD2303211D351F8043B4E
:1004600040F8043B51F8043B40F8043B51F8043B8E
:1004700040F8043B51F8043B40F8043B103AEDD2FD
:100480000C3205D351F8043B40F8043B043AF9D24E
:10049000043208D0D2071CBF11F8013B00F8013B21
:1004A00001D30B8803806046704700BF082A13D32E
:1004B0008B078DD010F003038AD0C3F10403D21A46
:1004C000DB071CBF11F8013B00F8013B80D331F87A
:1004D000023B20F8023B7BE7043AD9D3013A11F8FA
:1004E000013B00F8013BF9D20B7803704B78437065
:1004F0008B7883706046704753B94AB9002908BFAA
:1005000000281CBF4FF0FF314FF0FF3000F00CB857
:10051000ADF1080C6DE904CE0AF085FBDDF804E0CE
:10052000DDE9022304B07047704700BF10B5054CE9
:10053000237833B9044B13B10448AFF3008001238F
:10054000237010BD4000002000000000C8AE00086D
:1005500008B5034B1BB103490348AFF3008008BD46
:100560000000000044000020C8AE000800000000A9
:1005700010B59EB04C2200210AA8FFF7A9FE202248
:10058000002102A8FFF7A4FE022005F021FD244A65
:1005900000230193936923F440439361936903F427
:1005A00040430193019B93699B04FCD501210223E5
:1005B000002240240D910AA8179104211593189147
:1005C0000C2119931B921A911C920E949FED127B91
:1005D000CDE9133328238DED0A7B169302F018FC26
:1005E000034608B172B6FEE70493082303213F22B5
:1005F00005934FF4806302A8CDE90221CDE90644BA
:10060000CDE9083402F038FF08B172B6FEE71EB03B
:1006100010BD00BFAFF30080030000000000010028
:100620000048025800B5AFB0B022002102A8FFF781
:100630004FFE4FF0004200236846CDE9002303F04F
:1006400025FA08B172B6FEE72FB05DF804FB00BFD3
:100650002DE9F04F2DED068B8FB04FF4004405F0DF
:10066000DBFCB04BB0484FF48062B0490C93ADF85E
:100670002C20ADF834409FEDAE9ADFEDAE8ADFF866
:10068000D882AD4FAD4EAE4DDFF8D092CDE9090125
:10069000FFF76EFFFFF7C6FF00F078F900F05EFA93
:1006A00000F0EAFD01F02EF901F09EF800F0A2FA48
:1006B00000F000FB01F04EF800F01EFE00F0CAFC56
:1006C00001F0D6F800F04CFE00F054FB00F084FE80
:1006D00000F02EFF00F0C0FE00F0EAFC01224FF413
:1006E0008041984804F054FB01224FF40051954892
:1006F00004F04EFB21460122924804F049FB924C43
:1007000009F03AFF09F08CFF904B012290481A70D3
:1007100001F090FD09A809F077FE09A809F09AFDFB
:1007200098ED031AD8ED020A05A898ED010A09F020
:100730007FFF00200AF084F80246012001920AF0AF
:100740007FF8834602200AF07BF8824603200AF0F5
:1007500077F8019A002A00F0E280B2F90230F5EE53
:10076000007A00EE903AF8EEE00A60EEA80A60EE39
:10077000A70ABBF1000F00F0CF80BBF90230F5EE05
:10078000007A0AEE903AF8EEEAAA6AEEA8AA6AEEB1
:10079000A7AABAF1000F00F0B780BAF90230F5EE5F
:1007A000007A0AEE103AB8EECAAA2AEE28AA2AEE71
:1007B00027AA002800F0AD80B0F90230F5EE007AEB
:1007C00009EE903AF8EEE99A69EEA89A69EEA79ACE
:1007D000B7EE008A9DED050A00200AF03BF894ED83
:1007E000007AD4ED007AF0EE406A97ED006AF0EE00
:1007F0006A0A78EE677A9DED060A012067EE867A2E
:10080000E6EE877AC7ED007A0AF024F894ED007AD4
:10081000F0EE406AD4ED007AF0EE4A0A96ED006AF6
:10082000022078EE677A9DED070A67EE867AE6EE9B
:10083000877AC6ED007A0AF00DF894ED007AF0EEB2
:10084000406AD4ED007AF0EE690A95ED006A032063
:1008500078EE677A9DED080A67EE867AE6EE877A8B
:10086000C5ED007A09F0F6FF94ED006A0021D4EDA1
:10087000007AD9ED005A38EE678AD7ED006A95ED17
:10088000007AFDEEE66AD6ED007A28EE258ABDEE06
:10089000C77A16EE900AFDEEE77AA0EE068A17EE0A
:1008A000103A0FFA80FE40F3072017EE902A43F328
:1008B000072C1BB260F307010020FDEEC87A6CF331
:1008C00007006EF30F2142F3072C63F30F2012B2DF
:1008D00017EE903A6CF3174189ED008A43F3072C29
:1008E00062F31F611AB208236CF3174003914FF4AF
:1008F000007162F31F6003AA0490164809F064FEB9
:10090000012005F0CBFB08E7B0EE49AA00287FF4F0
:1009100053AFF0EE499A5BE7F0EE49AA39E7F0EE03
:10092000490A26E700100258C0030020000C0258B4
:10093000000000007077D63D6800002064000020B1
:100940006000002000080258100000206C00002009
:100950003005002074000020000D00205C00002005
:10096000034B02689A4200D070470AF031B800BFCA
:1009700000500040034B02689A4200D0704705F0D7
:100980007BBB00BF0010004072B6FEE72DE9F043CC
:100990006C4B8DB000246C4EDFF8B8814FF4604191
:1009A0000A943046694F0125DFF8AC91CDE9064441
:1009B000CDE90844D3F8E02042F01002C3F8E0206B
:1009C000D3F8E02002F010020092009AD3F8E02061
:1009D00042F00402C3F8E020D3F8E02002F0040261
:1009E0000192019AD3F8E02042F08002C3F8E0209F
:1009F000D3F8E02002F080020292029AD3F8E020BD
:100A000042F00102C3F8E020D3F8E02002F0010236
:100A10000392039AD3F8E02042F00202C3F8E020E8
:100A2000D3F8E02002F002020492049AD3F8E02006
:100A300042F00802C3F8E0202246D3F8E03003F089
:100A400008030593059B04F0A3F9224640464FF4A2
:100A5000224104F09DF9224638464FF4444104F007
:100A600097F94FF4604306A93046CDE90635CDE944
:100A7000084404F053F820224FF4041306A9484612
:100A80000894CDE9062304F049F84FF4224306A95F
:100A9000404606930994CDE9075404F03FF84FF41B
:100AA00080424FF40413404606A90894CDE906237A
:100AB00004F034F84FF4884306A93846069302231D
:100AC000CDE90754099304F029F84FF40043384660
:100AD00006A909940693CDE9075404F01FF84FF4D2
:100AE00080724FF48813304606A90894CDE9062396
:100AF00004F014F84FF400424FF44413484606A99A
:100B00000894CDE9062304F009F800234FF400729D
:100B100006A90F480894CDE9062303F0FFFF2246FB
:100B20002946172002F0B8F8172002F0F1F8224603
:100B30002946282002F0B0F8282002F0E9F80DB08C
:100B4000BDE8F0830044025800080258000C025827
:100B5000000402580010025800000258244B0022E2
:100B60000B20114610B5D3F8D84082B044F00104F0
:100B7000C3F8D840D3F8D83003F001030193019BA8
:100B800002F08AF80B2002F0C3F800220C20114674
:100B900002F082F80C2002F0BBF800220D20114672
:100BA00002F07AF80D2002F0B3F800220E20114670
:100BB00002F072F80E2002F0ABF800220F2011466E
:100BC00002F06AF80F2002F0A3F80022102011466C
:100BD00002F062F8102002F09BF80022112011466A
:100BE00002F05AF8112002B0BDE8104002F090B8AF
:100BF0000044025830B52D480124002304220A2164
:100C00008474846302242A4D8BB003820560816161
:100C100001628162C0E90F32C0E91123C0E91323E8
:100C2000C0E91523C0E91932C0E902330322C0E943
:100C30000C13C0E917341D2342614262C361C362D1
:100C400005F0A0FA28BB0221002301254FF400740F
:100C50004FF4FE620491154802A90792CDE90233D0
:100C6000CDE9055405F0D4FCE8B9002402220F4870
:100C700011462346009405F00FFD224601210B4842
:100C800005F044FE60B9094805F024FD20B90BB019
:100C900030BDFFF779FED6E7FFF776FE0BB030BD2B
:100CA000FFF772FEEFE7FFF76FFEDEE74C02002072
:100CB00000A0004030B52D480124002304220A2161
:100CC0008474846302242A4D8BB0038205608161A1
:100CD00001628162C0E90F32C0E91123C0E9132328
:100CE000C0E91523C0E91932C0E902330322C0E983
:100CF0000C13C0E917341D2342614262C361C36211
:100D000005F040FA28BB0221002301254FF40074AE
:100D10004FF4FE620491154802A90792CDE902330F
:100D2000CDE9055405F074FCE8B9002402220F480F
:100D300011462346009405F0AFFC224601210B48E2
:100D400005F0E4FD60B9094805F0C4FC20B90BB01A
:100D500030BDFFF719FED6E7FFF716FE0BB030BD2A
:100D6000FFF712FEEFE7FFF70FFEDEE7600100205E
:100D700000A4004030B52D480124002304220A219C
:100D80008474846302242A4D8BB0038205608161E0
:100D900001628162C0E90F32C0E91123C0E9132367
:100DA000C0E91523C0E91932C0E902330322C0E9C2
:100DB0000C13C0E917341D2342614262C361C36250
:100DC00005F0E0F928BB0221002301254FF400744F
:100DD0004FF4FE620491154802A90792CDE902334F
:100DE000CDE9055405F014FCE8B9002402220F48AF
:100DF00011462346009405F04FFC224601210B4882
:100E000005F084FD60B9094805F064FC20B90BB019
:100E100030BDFFF7B9FDD6E7FFF7B6FD0BB030BD2B
:100E2000FFF7B2FDEFE7FFF7AFFDDEE7740000204C
:100E300000D400400000000010B5BAB00021044604
:100E4000B8220CA80A91CDE90611CDE90811FFF7E7
:100E50003FFA2368784A934207D0784A934249D0B0
:100E6000774A93427ED03AB010BD9FED697B4FF038
:100E700080530CA88DED0C7B279302F007FE002811
:100E800040F0BC806F4A13680133012B13600CD112
:100E90006D4BD3F8EC2042F48072C3F8EC20D3F809
:100EA000EC3003F480730093009B674B092406A980
:100EB0006648D3F8E02042F00802C3F8E020D3F8F7
:100EC000E0309FED557B03F008038DED067B019329
:100ED000019B9FED537B8DED087B0A9403F01EFE72
:100EE00000223F20114601F0D7FE3F2001F010FF05
:100EF0003AB010BD9FED467B4FF080530CA88DEDAE
:100F00000C7B279302F0C2FD00287AD14D4A13686A
:100F10000133012B13600CD14B4BD3F8EC2042F47E
:100F20008072C3F8EC20D3F8EC3003F480730293A2
:100F3000029B454B092406A94548D3F8E02042F01E
:100F400002029FED397BC3F8E020D3F8E0308DED4D
:100F5000067B03F002039FED327B0393039B8DED31
:100F6000087BBAE79FED2A7B4FF080530CA88DEDEC
:100F70000C7B279302F08AFD002845D1314A136883
:100F80000133012B13600CD12F4BD3F8EC2042F42A
:100F90008072C3F8EC20D3F8EC3003F48073049330
:100FA000049B294B052406A92848D3F8E02042F0E9
:100FB00008029FED1F7BC3F8E020D3F8E0300A94CD
:100FC00003F008038DED067B9FED157B0593059BD4
:100FD0008DED087B03F0A2FD00229F20114601F059
:100FE0005BFE9F2001F094FE0022A020114601F03C
:100FF00053FEA02001F08CFE3AB010BDFFF7C4FCF8
:1010000040E7FFF7C1FC81E7FFF7BEFCB6E700BF92
:10101000008000000000000003000000020000004B
:10102000000000000000000060000000020000005E
:10103000003000000200000000A0004000A40040BA
:1010400000D400407000002000440258000C0258F8
:10105000000402581448002314494FF4800210B5CC
:1010600080E80E004FF0806207244FF00051436289
:101070008362C36243658365C0E905324FF08042F5
:10108000C0E90343C0E90713C0E90D23C0E90F33EA
:10109000C0E91133C0E9133305F06EFE00B910BD8D
:1010A000BDE81040FFF770BCC003002000300140D5
:1010B0001448002314494FF4800210B580E80E0054
:1010C0004FF0806207244FF0005143628362C36295
:1010D00043658365C0E905324FF08042C0E90343B0
:1010E000C0E90713C0E90D23C0E90F33C0E911338C
:1010F000C0E9133305F040FE00B910BDBDE8104053
:10110000FFF742BC38030020003C0040D0B5BAB025
:1011100000210446B8220CA80A91CDE90611CDE9B8
:101120000811FFF7D5F823684C4A934204D04C4A83
:10113000934256D03AB0D0BD4FF4805600274FF4BA
:1011400080430CA8CDE90C67239302F09FFC002894
:101150007DD1444B802002210524D3F8F0200026C5
:10116000002742F48052C3F8F020D3F8F02002F4B4
:1011700080520192019AD3F8E02042F00802C3F8AD
:10118000E020D3F8E02002F008020292029AD3F89D
:10119000E02042F00202C3F8E020D3F8E0300A94E5
:1011A00003F00203CDE90601039306A92E48039B31
:1011B000CDE9086703F0B2FC0223182206A92B48E8
:1011C0000A94CDE90623CDE9086703F0A7FC0022C5
:1011D0000321232001F060FD232001F099FD3AB0A6
:1011E000D0BD4FF4805600274FF480430CA8CDE9C2
:1011F0000C67239302F04AFC60BB1A4B4FF4E05695
:1012000002270624D3F8E82006A9194842F4004230
:10121000C3F8E820D3F8E82002F400420492049ACC
:10122000D3F8E02042F00402C3F8E020D3F8E03025
:101230000A9403F004030593059BCDE90667002695
:101240000027CDE9086703F069FC3AB0D0BDFFF78D
:101250009BFB7EE7FFF798FBCFE700BF0030014024
:10126000003C004000440258000C025800040258A0
:10127000000802580000000010B5002388B01C4888
:1012800086211C4C4FF6FF72049300930361436167
:1012900083610793C0E90041C0E90232CDE905331B
:1012A000CDE9013300F01CFFA0B94FF4805304A92D
:1012B0000F48049301F09EF998B9002369460C4841
:1012C00002939FED097B8DED007B01F069FC20B955
:1012D00008B010BDFFF758FBE7E7FFF755FB08B074
:1012E00010BDFFF751FBE8E7000000000000000020
:1012F000D00500200000014000B58DB02022002163
:1013000004A8FEF7E5FF15484FF0804100230122B5
:1013100001604FF0FF310293C16003A94360836015
:1013200003618361039205920992CDE9003301F0D4
:1013300089F850B90023694608480093029301F0E8
:101340002FFC28B90DB05DF804FBFFF71DFBF1E79A
:10135000FFF71AFB0DB05DF804FB00BF800500200D
:1013600010B5002388B0194845F6C051184C41F219
:10137000883204930193046041608360C26003611A
:1013800083610793CDE90533CDE9023300F0A8FE70
:1013900088B94FF4805304A90C48049301F02AF94A
:1013A00080B9002301A909480193039301F0F8FBD8
:1013B00020B908B010BDFFF7E7FAEAE7FFF7E4FA53
:1013C00008B010BDFFF7E0FAEBE700BF30050020E2
:1013D000000800400000000000B58DB02022002170
:1013E00004A8FEF775FF1A481A490023012201607C
:1013F0004FF6FF7102934361836105920992C0E940
:1014000003130321039103A9CDE90033C0E901339C
:1014100001F018F868B9002369460D4802939FED62
:101420000A7B8DED007B01F0BBFB28B90DB05DF8A8
:1014300004FBFFF7A9FAEEE7FFF7A6FA0DB05DF897
:1014400004FB00BFAFF300800000000000000000BC
:10145000E00400200004014010B5314C002392B09C
:1014600030494FF6FF72204601930A932361A3612E
:10147000C4E90013C4E90232CDE90233CDE90B33EC
:10148000CDE90D33CDE90F3300F032FF00BB00236F
:1014900001A923480193039301F082FBF0B90023D3
:1014A0000AA904221E480C930E939FED197B8DED23
:1014B0000A7B01F05BFA70B91A4A0023216808938D
:1014C0009142CDE90433CDE906330AD012B010BD04
:1014D000FFF75AFADBE7FFF757FAEDE7FFF754FAA1
:1014E000DDE7114B022404A91048D3F8E020224381
:1014F000C3F8E020D3F8E030089423409FED067B4A
:101500000093009B8DED047B03F008FB12B010BD2F
:1015100060000000000000000080000002000000E9
:1015200094040020001800400044025800040258AF
:1015300010B5002388B0194842F21071184C4FF4CE
:10154000347204930193046041608360C26003615C
:1015500083610793CDE90533CDE9023300F0C0FD87
:1015600088B94FF4805304A90C48049301F042F861
:1015700080B9002301A909480193039301F010FBEE
:1015800020B908B010BDFFF7FFF9EAE7FFF7FCF953
:1015900008B010BDFFF7F8F9EBE700BF48040020E2
:1015A00000E00040264A0368934210B584B007D09B
:1015B000244A93422BD0244A934210D004B010BD49
:1015C000224BD3F8F02042F00102C3F8F020D3F808
:1015D000F03003F001030193019B04B010BD1B4BDD
:1015E0000022A120D3F8EC40114644F08074C3F8E7
:1015F000EC40D3F8EC3003F080730393039B01F0CD
:101600004BFBA12004B0BDE8104001F081BB0F4BA3
:1016100000221E20D3F8E840114644F00404C3F829
:10162000E840D3F8E83003F004030293029B01F092
:1016300033FB1E2004B0BDE8104001F069BB00BFC1
:10164000000001400008004000E000400044025853
:101650000268002310B5B2F1804F8AB0CDE904339F
:10166000CDE90633089304D0294B9A4222D00AB020
:1016700010BD284B012404A92748D3F8E8202243B1
:10168000C3F8E820D3F8E82022400092009AD3F86B
:10169000E0202243C3F8E020D3F8E0300894234050
:1016A0009FED177B0193019B8DED047B03F036FAD0
:1016B0000AB010BD174B032404A91848D3F8F02032
:1016C00042F00202C3F8F020D3F8F02002F0020248
:1016D0000292029AD3F8E02042F00402C3F8E0201C
:1016E000D3F8E030089403F004039FED077B0393E5
:1016F000039B8DED047B03F011FA0AB010BD00BF0F
:101700000300000002000000C00000000200000012
:10171000000401400044025800000258000802582A
:101720000A4B02689A4200D07047094B82B0D3F846
:10173000E82042F04002C3F8E820D3F8E83003F094
:1017400040030193019B02B0704700BF00180040A6
:1017500000440258214800232149224A10B5C0E91B
:1017600000124FF400524FF480544FF480618361B3
:10177000C2600C228460C361036243628362C0E979
:10178000041206F04DFF70B90021144806F0DEFF88
:1017900088B90021114807F01BF8A0B90F4806F0DE
:1017A000B7FFB8B910BDFFF7EFF800210B4806F0FE
:1017B000CDFF0028EDD0FFF7E7F80021074807F03C
:1017C00007F80028EAD0FFF7DFF8044806F0A0FF8A
:1017D0000028E7D0BDE81040FFF7D6B8D80B0020AE
:1017E00000500040A086010010B51F4800231F4C88
:1017F0004FF47A310C22836043628362C0E9004176
:10180000C0E90333C0E90523C0E9073306F008FF48
:1018100070B90021144806F099FF88B900211248D8
:1018200006F0D6FFA0B9104806F072FFB8B910BD97
:10183000FFF7AAF800210C4806F088FF0028EDD039
:10184000FFF7A2F80021084806F0C2FF0028EAD0FE
:10185000FFF79AF8044806F05BFF0028E7D0BDE8E0
:101860001040FFF791B800BF080B0020007800403F
:1018700022484FF4E1322249002310B5C0E900129A
:101880004FF400524FF480544FF480618361C26082
:101890000C228460C361036243628362C0E9041264
:1018A00006F0BEFE70B90021144806F04FFF88B95B
:1018B0000021124806F08CFFA0B9104806F028FF5E
:1018C000B8B910BDFFF760F800210C4806F03EFFE4
:1018D0000028EDD0FFF758F80021084806F078FFFF
:1018E0000028EAD0FFF750F8044806F011FF00285E
:1018F000E7D0BDE81040FFF747B800BF380A002026
:101900000010014010B51F4800231F4C4FF47A31DE
:101910000C22836043628362C0E90041C0E9033363
:10192000C0E90523C0E9073306F07AFE70B900214B
:10193000144806F00BFF88B90021124806F048FF52
:10194000A0B9104806F0E4FEB8B910BDFFF71CF8C6
:1019500000210C4806F0FAFE0028EDD0FFF714F83D
:101960000021084806F034FF0028EAD0FFF70CF801
:10197000044806F0CDFE0028E7D0BDE81040FFF790
:1019800003B800BF68090020001C0140F0B5BFB0DB
:1019900000210446B82210A80E91CDE90A11CDE924
:1019A0000C11FEF795FC2368B34A934200F0858042
:1019B000B24A934200F0EE80B14A934200F0808137
:1019C000B04A934201D03FB0F0BD0122002310A8DD
:1019D000CDE9102302F05AF8002840F0F281AA4B1A
:1019E000042002210026D3F8F020002742F08002D4
:1019F000C3F8F020D3F8F02002F080020892089A91
:101A0000D3F8E02042F01002C3F8E020D3F8E03031
:101A100003F0100309930423099A0E93CDE90A01F8
:101A20000AA99A48CDE90C6703F078F80B2308223D
:101A30000AA90E9302239548CDE90A23CDE90C6744
:101A400003F06CF8924E7622002392493046726081
:101A50004FF480623160B360F36032617361B361EF
:101A6000F3613362736203F08FFA002840F0AF81B4
:101A7000894D7722894900236A604FF4806229608A
:101A800040212846C4F88060B463EB606B61A960B4
:101A9000AB612A61EB612B626B6203F075FA00287F
:101AA00040F0928100229C20E5671146AC6301F072
:101AB000F3F89C2001F02CF985E70222002310A8FE
:101AC000CDE9102301F0E2FF002840F065816E4B64
:101AD0004FF4005002210026D3F8E8200027704D73
:101AE00042F48012C3F8E820D3F8E82002F4801210
:101AF0000192019AD3F8E02042F00202C3F8E020FC
:101B0000D3F8E02002F002020292029AD3F8E02019
:101B100042F00802C3F8E020D3F8E03003F00803F5
:101B200003930E23039A0E93CDE90A010AA95D4897
:101B3000CDE90C6702F0F2FF082304220AA90E93F4
:101B400002235948CDE90A23CDE90C6702F0E6FFEC
:101B50004122002355496A604FF48062284629607B
:101B6000AB60EB602A616B61AB61EB612B626B6216
:101B700003F00AFA002840F00C8100223520C4F856
:101B800080501146AC6301F087F8352001F0C0F8B1
:101B90003FB0F0BD0222002310A8CDE9102301F0D0
:101BA00075FF002840F0FB80374B07200AA9404E04
:101BB000D3F8E82042F08042C3F8E820D3F8E820C8
:101BC00002F080420492049AD3F8E02042F010021E
:101BD000C3F8E0204FF4C072D3F8E0300E9003F069
:101BE00010032A4805930223059DCDE90A2300220C
:101BF0000023CDE90C2302F091FF2E494F22002350
:101C000031604FF4806172604FF400323046B3604F
:101C1000F3607361B3613161F3613262736203F047
:101C2000B3F9002840F0C180234D502223490023FE
:101C30006A604FF48062296040212A614FF40032CB
:101C40002846C4F88060B463EB606B61A960AB6147
:101C5000EB612A626B6203F097F9002840F0A280E2
:101C600000225220E5671146AC6301F015F85220BE
:101C700001F04EF83FB0F0BD005000400078004049
:101C800000100140001C014000440258001002589E
:101C9000980600201000024020060020700002403C
:101CA000F008002000040258000C025828000240EE
:101CB0007808002040000240000800205800024040
:101CC0000122002310A8CDE9102301F0DFFE002837
:101CD00071D1404B07200AA93F4ED3F8F02042F0C3
:101CE0001002C3F8F020D3F8F02002F010020692A0
:101CF000069AD3F8E02042F00102C3F8E0204FF446
:101D0000C062D3F8E0300E9003F00103334807932C
:101D10000223079DCDE90A2300220023CDE90C23ED
:101D200002F0FCFE2E492A2200233160402172601D
:101D30004FF480623046F3607361B361F361B16068
:101D400032613362736203F01FF988BB254D29228B
:101D5000002325496A604FF480622846E667B46331
:101D60002960AB60EB602A616B61AB61EB612B6258
:101D70006B6203F009F908BB00222520C4F88050EB
:101D80001146AC6300F088FF252000F0C1FF3FB092
:101D9000F0BDFEF7F9FDF0E6FEF7F6FD97E6FEF77B
:101DA000F3FD01E7FEF7F0FD5AE7FEF7EDFD3BE737
:101DB000FEF7EAFDCAE7FEF7E7FD8AE7FEF7E4FD76
:101DC000DAE7FEF7E1FD0AE6FEF7DEFD6AE6FEF77A
:101DD000DBFD4DE600440258880700200000025851
:101DE0008800024010070020A0000240FEE700BF6C
:101DF000FEE700BFFEE700BFFEE700BFFEE700BF53
:101E0000704700BF704700BF704700BF704700BFFA
:101E1000014803F089BD00BF98060020014803F087
:101E200083BD00BFF0080020014803F07DBD00BF66
:101E300078080020014803F077BD00BF00080020AB
:101E4000014803F071BD00BF20060020014803F0E7
:101E50006BBD00BF88070020014803F065BD00BFCF
:101E600010070020202008B502F098FF4FF4807082
:101E7000BDE8084002F092BF014800F089BC00BFF5
:101E800030050020014805F055BA00BFC00300200E
:101E9000014805F0A5BE00BF380A00204FF480407D
:101EA00008B502F07BFF4FF40040BDE8084002F0A7
:101EB00075BF00BF014805F093BE00BFD80B0020DE
:101EC000014800F065BC00BFA40C0020044808B520
:101ED00004F060FD0348BDE8084004F05BBD00BFAE
:101EE0004C02002060010020014805F079BE00BFCF
:101EF000080B0020014805F073BE00BF68090020F0
:101F0000014804F047BD00BF74000020014804F000
:101F100041BD00BF74000020014800F039BC00BF83
:101F200048040020074B82B0D3F8F42042F00202AC
:101F3000C3F8F420D3F8F43003F002030193019BBB
:101F400002B07047004402580F2801D901207047A1
:101F500030B501468BB000220446362000F09CFECE
:101F6000362000F0D5FE1B4B1B4A694602A81460C0
:101F7000D3F8E82042F01002C3F8E820D3F8E830A4
:101F800003F010030193019B01F070FC079BC3B9A0
:101F900001F0DCFB034611490022114CA1FB0313A5
:101FA000104D40F2E73120469B0C2560A260013BBA
:101FB000C4E90312636000F093F830B101200BB064
:101FC00030BD01F0C3FB4300E5E7204600F032F9E5
:101FD000F5E700BF004402581800002083DE1B43D1
:101FE000A40C002000100040036A026A23F00203E0
:101FF00022F0010270B40262174A446885692A40DF
:102000000D682A438D682B43144DA8420FD005F567
:102010008065A8420BD005F57055A84207D005F59C
:102020008065A84203D005F58065A8420DD1CD6832
:1020300023F0080324F440742B43D1E9056523F011
:10204000040346EA050C4CEA0404496844608261D2
:102050004163036270BC70478CFFFEFF00000140CB
:10206000036A026A23F4007322F4807270B402627D
:10207000184A4468C5692A400D682A438D6843EAB6
:102080000523154DA8420FD005F58065A8420BD059
:10209000124E05F58045A84218BFB0420BD005F599
:1020A0008065A8420FD106E023F40063CD6843EABF
:1020B000052323F4806324F44054D1E9056546EAFE
:1020C000050C44EA0C1449684460C261C1630362B0
:1020D00070BC70478CFFFEFF0000014000400140D3
:1020E000002800F09980F8B590F83D30044603F0E0
:1020F000FF02002B00F08180236802224749484DEF
:10210000B3F1804FA3EB010184F83D20A3EB050E52
:102110001A68B1FA81F1A069BEFA8EFE66684FEACC
:102120005111E7684FEA5E1E27D031BBDFF800C1CE
:10213000634522D00CF5806C63451ED00CF5806C95
:1021400063451AD0BEF1000F17D136498B4259D0E2
:1021500001F580618B4255D0334DA1F5C8418B42CA
:1021600018BFAB424ED001F580618B424AD022F0BD
:102170008002DF629E6210431EE0A56822F07002BA
:10218000D4F810C02A43DF629E6222F4407242EA11
:102190000C0222F08002104361B9BEF1000F09D198
:1021A0002049224A934218BF8B4203D002F5806235
:1021B000934201D162691A631968012241F0040156
:1021C00019605A611860002084F8482084F83E2085
:1021D00084F83F2084F8402084F8412084F842208D
:1021E00084F8432084F8442084F8452084F846206D
:1021F00084F8472084F83D20F8BD80F83C20FFF7A4
:10220000D1F979E7216922F44072DF620A439E62C4
:1022100022F080021043C3E7012070470000014014
:1022200000040140004001400048014000440140DA
:102230000004004090F83D30012B49D10268022192
:10224000244BB2F1804F18BF9A4230B40CBF012327
:102250000023214D214CAA4208BF43F0010380F81E
:102260003D101F48A24208BF43F0010304F58064FB
:10227000D168A24208BF43F0010304F5406441F075
:102280000101824208BF43F0010300F57050D160A4
:10229000A24208BF43F001031249824208BF43F043
:1022A00001038A4208BF43F0010313B90E4B9A425F
:1022B00007D191680D4B0B40062B06D0B3F5803F3C
:1022C00003D0136843F001031360002030BC704753
:1022D0000120704700000140000400400008004059
:1022E0000004014000E0004000E40040070001005D
:1022F000002800F09980F8B590F83D30044603F0CE
:10230000FF02002B00F08180236802224749484DDC
:10231000B3F1804FA3EB010184F83D20A3EB050E40
:102320001A68B1FA81F1A069BEFA8EFE66684FEABA
:102330005111E7684FEA5E1E27D031BBDFF800C1BC
:10234000634522D00CF5806C63451ED00CF5806C83
:1023500063451AD0BEF1000F17D136498B4259D0D0
:1023600001F580618B4255D0334DA1F5C8418B42B8
:1023700018BFAB424ED001F580618B424AD022F0AB
:102380008002DF629E6210431EE0A56822F07002A8
:10239000D4F810C02A43DF629E6222F4407242EAFF
:1023A0000C0222F08002104361B9BEF1000F09D186
:1023B0002049224A934218BF8B4203D002F5806223
:1023C000934201D162691A631968012241F0040144
:1023D00019605A611860002084F8482084F83E2073
:1023E00084F83F2084F8402084F8412084F842207B
:1023F00084F8432084F8442084F8452084F846205B
:1024000084F8472084F83D20F8BD80F83C20FFF791
:1024100087F979E7216922F44072DF620A439E62FC
:1024200022F080021043C3E7012070470000014002
:1024300000040140004001400048014000440140C8
:1024400000040040002800F0C0802DE9F04190F821
:102450003D3004460D4603F0FF02002B00F0A5803E
:10246000236802215A4A84F83D10B3F1804F9968DD
:10247000584E02EA01025849A3EB0608A069A3EBF3
:1024800001019A60B8FA88F81A68B1FA81F16768B0
:102490004FEA5818D4F80CC04FEA511128D039BB74
:1024A000DFF84CE1734523D00EF5806E73451FD0E5
:1024B0000EF5806E73451BD0B8F1000F18D1474957
:1024C0008B4277D001F580618B4273D0444EA1F5E9
:1024D000C8418B4218BFB3426CD001F580618B427A
:1024E00068D022F08002C3F82CC09F6210431FE026
:1024F000A66822F07002D4F810E03243C3F82CC072
:102500009F6222F4407242EA0E0222F080021043DF
:1025100061B9B8F1000F09D13049324A934218BF6E
:102520008B4203D002F58062934201D162691A6343
:102530001A680126A96842F004021A602A695E61DD
:102540004FEA021EAA69186041EA022CE9699868FC
:102550004EEA01229F69244939406F694CEA010C17
:10256000E9680A43196A21F0AA0E296A42EA01328F
:1025700069682D6841EA0711284341EA0E01986015
:102580001A480CEA0000024300209A61196284F89C
:10259000486084F83E6084F83F6084F8446084F8C2
:1025A000456084F83D60BDE8F08180F83C20FFF78D
:1025B0004FF855E7216922F44072C3F82CC00A4352
:1025C0009F6222F080021043A6E70120704700BFFF
:1025D000F8BFFEFF00040140000001400040014040
:1025E0000048014000440140FCFCFFFF0303FFFFE3
:1025F0000004004090F83C30012B7ED002460223BC
:1026000030B40468012082F83D3082F83C00584B19
:10261000A5682B40A3600B68702B00F0988025D82C
:10262000502B6CD038D9602B18D14B68CD68216AFB
:10263000206A21F0A00120F0100041EA03114D4B67
:102640002062A06920F4704040EA0530A0610020BB
:102650002162A1680B4043F06703A36001210023BE
:1026600082F83D1082F83C3030BC7047B3F5005F13
:102670005DD031D940498B4206D027D93F498B42A2
:1026800002D010318B42E9D1A0683A490140194388
:1026900041F00701A16022E0402B22D1236A486863
:1026A000CD6823F00A03216A1843324B21F001015F
:1026B0002162A16921F0F00141EA0511A1612062C6
:1026C000A1680B4043F04703A36008E023F010012A
:1026D000B1F5801FC2D1D7E7B3F5805FBED100202E
:1026E000BCE7BBD8202BCFD003D9302BCCD00120D6
:1026F000B4E733F01001B1D1C6E702207047236A76
:102700004868CD6823F00A03216A1843194B21F069
:1027100001012162A16921F0F00141EA0511A161E5
:102720002062A1680B4043F05703A360D7E7D1E9CB
:102730000153A0682B43CD6820F47F4143EA052371
:102740000B43A360A36843F48043A360C7E7D1E9C8
:102750000153A0682B43CD6820F47F4143EA052351
:102760000B43A360A36843F07703A360B7E700BF00
:102770008800CEFF8FFFCFFF200010003000100038
:10278000704700BF704700BF704700BF704700BF71
:10279000F8B503680546DE681C69A10701D5B207D4
:1027A00057D4670701D5700740D4210701D53207F8
:1027B0002AD4E70601D5F00613D4E10701D5F207C4
:1027C00065D414F4025F04F4807752D0330666D4E3
:1027D000600601D5710673D4A20601D5B3064DD4A7
:1027E000F8BD2B686FF0100228461A6108222A777C
:1027F000DB6913F4407F74D1FFF7C2FF2846FFF76F
:10280000C3FF00232B77D8E72B686FF00802284618
:102810001A6104222A77DB699B075FD1FFF7B0FFBB
:102820002846FFF7B1FF00232B77C2E72B686FF034
:10283000040228461A6102222A779B6913F4407F1A
:1028400049D1FFF79DFF2846FFF79EFF00232B7716
:10285000ABE76FF002021A61012202779B699B07C6
:1028600036D1FFF78DFF2846FFF78EFF00232B7729
:1028700097E7002FACD037061AD4A9E72B686FF082
:10288000200228461A61BDE8F84000F0EDB92B6837
:102890006FF0010228461A61FEF76CF891E72B6889
:1028A0006FF4025228461A6100F0E0F9002F8FD031
:1028B0002B686FF4807228461A6100F0D9F987E717
:1028C0002B686FF0400228461A61FFF75FFF83E72D
:1028D000FFF758FFCAE7FFF755FFB7E7FFF752FFCB
:1028E000A1E7FFF74FFF8CE7036A026A23F020039A
:1028F00022F0100270B40262194A446885692A40C5
:102900000D6842EA05228D6843EA0513154DA84279
:102910000FD005F58065A8420BD0134E05F5804514
:10292000A84218BFB0420BD005F58065A8420FD170
:1029300006E023F08003CD6843EA051323F040034B
:1029400024F44064D1E9056546EA050C44EA8C04A8
:102950004968446082618163036270BC704700BF54
:10296000FF8CFFFE0000014000400140F8B590F8E8
:102970003C30012B00F00781012304460D4680F80E
:102980003C30142A16D8DFE812F056001500150066
:1029900015006700150015001500780015001500DA
:1029A00015008800150015001500C400150015005D
:1029B00015001A000120002384F83C30F8BD03689C
:1029C0001A6A196A22F4001221F4801119626F49FF
:1029D00058685E6D31402E6841EA0621AE6842EAD1
:1029E00006526B4EB3420ED006F58066B3420AD053
:1029F000684F06F58046B34218BFBB4203D006F5C8
:102A00008066B34204D120F480206E6940EA8620BB
:102A10005860686859652969D8651A625A6D42F428
:102A200000625A655A6D22F480625A655A6D42EA14
:102A300001225A650EE00068FFF7D6FA2A69836919
:102A400043F008038361836923F00403836183698E
:102A5000134383610020AEE70068FFF745FF2A6952
:102A6000836943F400638361836923F48063836132
:102A7000836943EA02238361ECE70068FFF7F0FA19
:102A80002A69C36943F00803C361C36923F00403DF
:102A9000C361C3691343C361DCE703681A6A196A37
:102AA00022F4005221F4805119623B495868DE69D2
:102AB00031402E6841EA0621AE6842EA0632344EC1
:102AC000B3420ED006F58066B3420AD0314F06F508
:102AD0008046B34218BFBB4203D006F58066B342BE
:102AE00004D120F480406E6940EA8610586068681E
:102AF000D961296918641A62DA6942F40062DA61FC
:102B0000DA6922F48062DA61DA6942EA0122DA6182
:102B1000A0E703681A6A196A22F4003221F48031AE
:102B200019621E4958685E6D31402E683143AE68A7
:102B300042EA0642164EB3420ED006F58066B34214
:102B40000AD0144F06F58046B34218BFBB4203D0EB
:102B500006F58066B34204D120F480306E6940EA05
:102B60000620586068685965296998651A625A6D27
:102B700042F008025A655A6D22F004025A655A6DF5
:102B80000A435A6566E70220F8BD00BFFF8FFFFECB
:102B90000000014000400140FF8CFFFE8FFFFEFF60
:102BA00090F83C30012B53D003680246022070B4E9
:102BB000284D82F83D00AB4258689C683ED005F530
:102BC0008065AB423AD020F070052348234E834203
:102BD00018BFB3F1804F0CBF01200020B34208BFE3
:102BE00040F0010006F58066B34208BF40F00100E6
:102BF00006F54066B34208BF40F0010006F5943682
:102C0000B34208BF40F001000E6835435D60144DCB
:102C1000AB4208BF40F0010010B91248834204D112
:102C2000896824F080040C439C600023012118462D
:102C300082F83D1082F83C3070BC70474D6820F43B
:102C4000700028430D6820F0700028435860E7E7C3
:102C500002207047000001400004004000080040CE
:102C600000E0004000E40040704700BF704700BF34
:102C7000704700BF06494FF6FF0C0002054BCA68BB
:102C800000F4E06002EA0C0210430343CB6070479B
:102C900000ED00E00000FA051A4BDB68C3F30223E5
:102CA00000B5C3F1070E03F1040CBEF1040F28BFF9
:102CB0004FF0040EBCF1060F1AD9A3F1030C4FF02C
:102CC000FF3303FA0CF322EA03024FF0FF3300282C
:102CD00003FA0EF321EA030303FA0CF343EA0203B7
:102CE0004FEA0313DBB206DB074A13545DF804FB1B
:102CF00000229446E9E700F00F00044A13545DF8FF
:102D000004FB00BF00ED00E000E400E014ED00E093
:102D1000002807DB012300F01F01034A40098B4014
:102D200042F82030704700BF00E100E0334B30B480
:102D3000996A9C6ADD6A14F47C7F5A6BC4F30510AF
:102D400036D0C2F3CC0205F0010501F0030107EE15
:102D5000900A05FB02F20129B8EEE77A06EE902A06
:102D6000FAEEE96A02D0022942D019B3DFED247AE3
:102D700087EE876A1B6BC3F3080307EE903AF7EE02
:102D8000005AF8EEE77A77EEA67A77EEA57A67EE44
:102D9000867A1A4B1B6BC3F34623013307EE103AB6
:102DA000F8EEC76A87EEA67AFCEEC77A17EE900AAD
:102DB00030BC70471A6892061DD51968F7EE005AA4
:102DC000104A1B6BC1F3C101C3F30803CA4007EEED
:102DD000903A06EE102AF8EEE77AB8EEC66A77EE79
:102DE000A66AC6EE077A36EEA57A67EE877AD0E74E
:102DF000DFED057ABCE7DFED057AB9E7004402585C
:102E00000024744A0090D003001BB74B0024744C7C
:102E1000002800F0A182F8B503680446D9072ED532
:102E20009B490A69896A02F03802102A00F0D680AC
:102E3000182A00F0CE806368B3F5803F00F0EE8082
:102E4000002B00F04481B3F5A02F914B1A6800F0DD
:102E50004E8222F480321A601A6822F480221A60AC
:102E600003F016F98A4E054605E003F011F9401B00
:102E7000642800F22A8133689B03F6D523689D07F6
:102E800064D4D90628D582490A69896A02F03802D1
:102E9000082A00F0B380182A00F0AB80E3697C4D6B
:102EA000002B00F04C812B6843F080032B6003F073
:102EB000EFF8064605E003F0EBF8801B022800F26D
:102EC00004812B68DB05F6D5EB68226A23F07C537E
:102ED00043EA0263EB6023681D0716D563696C4DF6
:102EE000002B00F00A816B6F43F001036B6703F066
:102EF000CFF8064605E003F0CBF8801B022800F26D
:102F0000E4806B6F9807F6D523689A0616D5A369F7
:102F10005F4D002B00F002812B6843F480532B603F
:102F200003F0B6F8064605E003F0B2F8801B02286D
:102F300000F2CB802B689F04F6D52368590773D421
:102F4000636A002B40F0A8800020F8BD504A136946
:102F5000926A13F0380322D14D4BE2681B6859077F
:102F600001D5002A43D04A4D2B6823F0190313439F
:102F70002B6003F08DF8064605E003F089F8801B0E
:102F8000022800F2A2802B685B07F6D56B682269E5
:102F900023F0FE4343EA02636B60236871E7182B5A
:102FA00000F0F0803A4DE2682B68002A00F0D980EA
:102FB00023F0190313432B6003F06AF8064604E07C
:102FC00003F066F8801B02287FD82B685F07F7D5CF
:102FD000DCE701F0030102297FF42DAF2C4A1268CF
:102FE00092037FF54CAF6268002A7FF448AF01205E
:102FF000F8BD01F0030101297FF450AF244A1268A3
:10300000D20502D5E269802AF1D12149206ACA6835
:1030100022F07C5242EA0062CA605DE71C4A1368F3
:1030200043F4803313601BE71A4D2B6843F480731D
:103030002B6003F02DF8064604E003F029F8801B0E
:10304000642842D82B68DA05F7D5A368012B00F075
:103050006F81002B00F05381052B0D4B1A6F00F090
:10306000738122F001021A671A6F22F004021A67B4
:1030700003F00EF8064E41F28837054604E003F0EF
:1030800007F8401BB84220D8336F9B07F7D557E7A6
:103090000044025800480258A84D2A6902F038023C
:1030A000182A00F0D780022B2B6823F080732B6046
:1030B0006CD002F0EDFF04462B689B017FF544AF16
:1030C00002F0E6FF001B0228F6D90320F8BD9B4D55
:1030D0002B6823F480332B602B6823F480232B6030
:1030E00002F0D6FF064604E002F0D2FF801B6428FF
:1030F000EBD82B689F03F7D4C0E66B6F23F0010376
:103100006B6702F0C5FF064604E002F0C1FF801BBA
:103110000228DAD86B6F9907F7D4F5E62B6823F409
:1031200080532B6002F0B4FF064604E002F0B0FFCB
:10313000801B0228C9D82B689804F7D4FDE62B68B9
:1031400023F080032B6002F0A3FF064604E002F0A8
:103150009FFF801B0228B8D82B68DF05F7D42368AF
:10316000BAE623F001032B6002F092FF064604E06A
:1031700002F08EFF801B0228A7D82B685807F7D4CF
:1031800023687EE690077FF40DAFE5E602F080FF4E
:10319000064604E002F07CFF801B022895D82B68CD
:1031A0009901F7D4A96A664BA26A0B406549634E40
:1031B0001343E26A43EA0213AB62D4E90D32013BE6
:1031C000013A5B0212049BB202F4FE021343226B2B
:1031D000013AC2F308021343E26B013A120602F00D
:1031E000FE4213432B63EB6A23F00103EB626A6B2D
:1031F000A36C114041EAC3016963EB6A226C23F0BE
:103200000C031343EB62EB6A626C23F0020313437B
:10321000EB62EB6A43F48033EB62EB6A43F4003316
:10322000EB62EB6A43F48023EB62EB6A43F0010349
:10323000EB622B6843F080732B6002F029FF044699
:1032400033689A013FF580AE02F022FF001B02288E
:10325000F6D93AE7012BAA6A286B3FF4C8AE02F010
:103260000303A16A8B427FF4C2AEC2F30512E36A84
:103270009A427FF4BCAE236BC0F30802013B9A4232
:103280007FF4B5AE636BC0F34622013B9A427FF4F4
:10329000AEAEA36BC0F30642013B9A427FF4A7AEE9
:1032A000E36BC0F30660013B98427FF4A0AE6B6B0A
:1032B000A26CC3F3CC039A423FF446AE1F4AD36AD2
:1032C00023F00103D36202F0E3FE054602F0E0FEC4
:1032D000A842FBD0194A1B4B506BA16C034043EA38
:1032E000C1035363D36A43F00103D3622CE642F473
:1032F00080221A601A6842F480321A60B0E50F4DDD
:1033000041F288372B6F23F001032B672B6F23F0DB
:1033100004032B6702F0BCFE064605E002F0B8FE8F
:10332000801BB8423FF6D1AE2B6F9807F6D407E664
:10333000024A136F43F00103136799E600440258F1
:103340000CFCFFFF0700FFFF42F004021A671A6F30
:1033500042F001021A678BE6012070473F4A136969
:1033600003F03803102B04D0182B0DD01BB13C48B0
:1033700070473C4870471368990648D513683A4827
:10338000C3F3C103D8407047916A30B4946AD56AD8
:1033900014F47C7F536BC4F3051036D0C3F3CC0315
:1033A00005F0010501F0030107EE900A05FB03F3A8
:1033B0000129F8EEE77A06EE903AFAEEE96A02D0D1
:1033C000022926D041B39FED297A87EE276A136B35
:1033D000C3F3080307EE103AF7EE005AB8EEC77AC7
:1033E00037EE267A37EE257A27EE067A1B4B1B6BD3
:1033F000C3F34623013307EE903AF8EEE76AC7EECF
:10340000267AFCEEE77A17EE900A30BC7047164831
:1034100070479FED177AD8E713689B061AD5106896
:10342000F7EE005A136B1049C0F3C102C3F308034F
:10343000D14007EE103A06EE101AB8EEC77AB8EE91
:10344000C66A77EE266A86EE277A76EEA57A27EEAA
:10345000277ACBE79FED077AB7E700BF0044025811
:1034600000093D0000366E010090D0030024744A2C
:10347000001BB74B0024744C002800F00E818D4ACD
:10348000136803F00F038B422DE9F04104460D460B
:103490000CD2136823F00F030B431360136803F07F
:1034A0000F038B4202D00120BDE8F081236858074A
:1034B0000BD5814920698A6902F07002904204D9D3
:1034C0008A6922F0700202438A6119070BD57A4992
:1034D0006069CA6902F07002904204D9CA6922F098
:1034E00070020243CA61DA060BD57349A069CA6942
:1034F00002F4E062904204D9CA6922F4E062024315
:10350000CA619F060BD56C49E0690A6A02F0700235
:10351000904204D90A6A22F0700202430A629E07AE
:1035200003F0010240F1AB80634EE068B16901F045
:103530000F01884204D9B16921F00F010143B16143
:10354000002A30D05C4AA168936923F470630B436E
:10355000936161681368022900F0A180032900F0DB
:103560009880012900F0A1805F079CD5524E41F25E
:103570008838336923F007030B43336102F088FD79
:10358000074605E002F084FDC01B404500F28B8039
:103590003369626803F03803B3EBC20FF2D12368DA
:1035A0009E0706D5E06844498A6902F00F0282420C
:1035B00069D840490A6802F00F02AA420AD90A688B
:1035C00022F00F022A430A600A6802F00F02AA42A0
:1035D0007FF469AF58070BD5374920698A6902F033
:1035E0007002904204D28A6922F0700202438A611A
:1035F00019070BD530496069CA6902F07002904220
:1036000004D2CA6922F070020243CA61DA060BD5FD
:103610002949A069CA6902F4E062904204D2CA69E9
:1036200022F4E0620243CA619B060BD5224AE1699B
:10363000136A03F07003994204D2136A23F07003F3
:103640000B431362FFF78AFE1B4A03461B4891692E
:103650009269C1F303211A4D02F00F02194C415C2B
:10366000825C01F01F01184802F01F02CB40006885
:103670002B60D3402360BDE8F041FEF765BC002A13
:103680007FF460AF95E78A6922F00F0202438A61F6
:103690008FE79A013FF56AAF05E70120704798036D
:1036A0003FF564AFFFE60320FEE6DB053FF55EAFC6
:1036B000F9E600BF00200052004402586CAF000839
:1036C000200000201C00002018000020184A38B5F7
:1036D000136903F03803102B19D0182B22D0C3B173
:1036E000144B134914488A698969C2F30322134CA5
:1036F00001F00F01124D825C405C02F01F0200F0ED
:103700001F00D34023FA00F02B60206038BD0D4B22
:10371000E7E713689B0609D512680B4BC2F3C10299
:10372000D340DEE7FFF702FB0346DAE7064BD8E7B4
:103730000044025800093D006CAF00081C00002046
:103740002000002000366E010090D0031C4A38B5DE
:10375000136903F03803102B20D0182B29D0FBB1AC
:10376000184B174A18499069184DC0F30320184C9C
:10377000085C00F01F00C340906900F00F002B6050
:10378000085C00F01F00C3402360D269C2F302123C
:10379000885C00F01F0023FA00F038BD0D4BE0E715
:1037A00013689B0609D512680B4BC2F3C102D340C4
:1037B000D7E7FFF7BBFA0346D3E7074BD1E700BFD4
:1037C0000044025800093D006CAF000820000020B2
:1037D0001C00002000366E010090D0031C4A38B552
:1037E000136903F03803102B20D0182B29D0FBB11C
:1037F000184B174A18499069184DC0F30320184C0C
:10380000085C00F01F00C340906900F00F002B60BF
:10381000085C00F01F00C3402360D269C2F302229B
:10382000885C00F01F0023FA00F038BD0D4BE0E784
:1038300013689B0609D512680B4BC2F3C102D34033
:10384000D7E7FFF773FA0346D3E7074BD1E700BF8B
:103850000044025800093D006CAF00082000002021
:103860001C00002000366E010090D003134B3F2255
:1038700002601A6902F0070242609A6902F47062FB
:1038800082609A6902F00F02C2609A6902F07002C7
:103890000261DA6902F070024261DA6902F4E06200
:1038A00082611B6A10B403F07003054CC361236886
:1038B0005DF8044B03F00F030B607047004402589F
:1038C00000200052F8B5364C06460F46236823F018
:1038D0008063236002F0DCFB054604E002F0D8FBC5
:1038E000401B022856D823681A01F7D4A36A32680D
:1038F00023F47C3343EA0233A362D6E90232013B6C
:10390000013A5B0212049BB202F4FE021343726896
:10391000013AC2F3080213433269013A120602F077
:10392000FE421343A363E36A726923F0C0031343A7
:10393000E362E26AB36922F020021A43194BE262A1
:10394000E26A22F01002E262E16BF2690B4043EAA4
:10395000C203E363E36A43F01003E362E36ADFB1A7
:10396000012F0CBF43F4801343F40013E3620C4CAB
:10397000236843F08063236002F08AFB054604E07D
:1039800002F086FB401B022804D823681B01F7D5F0
:103990000020F8BD0320F8BD43F40023E362E6E70E
:1039A000004402580700FFFFF8B5364C06460F46A4
:1039B000236823F08053236002F06AFB054604E08D
:1039C00002F066FB401B022856D823689A00F7D401
:1039D000A36A326823F07C7343EA0253A362D6E9F8
:1039E0000232013B013A5B0212049BB202F4FE0276
:1039F00013437268013AC2F3080213433269013A71
:103A0000120602F0FE4213432364E36A726923F450
:103A100040631343E362E26AB36922F400721A431B
:103A2000194BE262E26A22F48072E262616CF2692E
:103A30000B4043EAC2036364E36A43F48073E362C6
:103A4000E36ADFB1012F0CBF43F4000343F080733E
:103A5000E3620C4C236843F08053236002F018FBB0
:103A6000054604E002F014FB401B022804D823683A
:103A70009B00F7D50020F8BD0320F8BD43F4800378
:103A8000E362E6E7004402580700FFFF2DE9F84330
:103A9000D0E900320446180103F0006626D5616EB5
:103AA000B1F5001F00F05C8615D8002900F0A48451
:103AB000B1F5801F40F01084B049896A01F003011C
:103AC000032900F00984022104F10800FFF7FAFE3F
:103AD000064600F052BEB1F5401F40F0FD83A74DF1
:103AE0000026286D20F4401001432965D9050AD528
:103AF000A16D042906D8DFE811F059040B0623064E
:103B00005E045E04012635465F0528D5D4F8A4106E
:103B1000B1F5800F00F0E88500F2F980002900F08F
:103B20005784B1F5001F40F0FC809449896A01F088
:103B30000301032900F0F580002104F10800FFF7DC
:103B4000C1FE0546D4E90032002D40F0E2848B4FDF
:103B5000D4F8A400B96D21F460010143B9651805DA
:103B600028D5D4F8A810B1F1007F00F0A98500F2A3
:103B7000DB80002900F03684B1F1807F40F0DE80E8
:103B80007E49896A01F00301032900F0D7800021F2
:103B900004F10800FFF796FE0546D4E90032002D37
:103BA00040F0B484754FD4F8A800B96D21F0E061FD
:103BB0000143B965990118D5E16C202900F03085E1
:103BC00000F2BF8039B1102940F0BE806B48C16A55
:103BD00041F40031C162002D40F08584674FE06CF4
:103BE000F96C21F030010143F964DF0426D5E16D61
:103BF000B1F5005F00F0508500F2A980002900F0C7
:103C0000CC83B1F5805F40F0AA805C49896A01F0FD
:103C10000301032900F0A380002104F10800FFF74D
:103C200051FE0546D4E90032002D40F06C84534F1C
:103C3000E06D396D21F4E04101433965980424D5E4
:103C4000216EB1F5003F00F0138500F28B8091B139
:103C5000B1F5803F40F08E804849896A01F0030148
:103C6000032900F08780012104F10800FFF72AFEF4
:103C70000546D4E90032002D40F05C843F4F206EB1
:103C8000396D21F4E02101433965590423D5D4F875
:103C9000AC10B1F1005F00F0D78471D881B1B1F1FF
:103CA000805F75D13549896A01F0030103296FD01E
:103CB000012104F10800FFF705FE0546D4E90032B2
:103CC000002D40F04D842D4FD4F8AC00B96D21F09B
:103CD000E0410143B9651F040DD5E16EB1F1805F8C
:103CE00000F0CF82B1F1005F00F0DB83002900F02B
:103CF000CD8201263546D80156D5A16C032900F2A4
:103D00009B85DFE811F04D00480032044D0021F49E
:103D10000010B0F5000F3FF417AFB1F5C00F3FF43E
:103D200013AF012635461AE721F08070B0F1806F9D
:103D30003FF435AFB1F1407F3FF431AF0126354656
:103D400038E730293FF447AF012635464DE7B1F556
:103D5000405F3FF469AFB1F5804F3FF465AF012696
:103D600035466BE721F48030B0F5802F83D0B1F574
:103D7000403F80D00126354687E700BF0044025807
:103D800021F08050B0F1804F9AD0B1F1405F97D0D0
:103D9000012635469FE73748C16A41F40031C162C8
:103DA000002D00F0A3832E46590200F1B482D807FB
:103DB0002FD5A16F28292AD8DFE811F0A202290007
:103DC000290029002900290029002900930229003F
:103DD0002900290029002900290029000B052900B4
:103DE000290029002900290029002900A202290010
:103DF000290029002900290029002900A202290000
:103E0000290029002900290029002900A2020126F1
:103E1000354699071ED5616F052900F2F384DFE866
:103E200011F015000600C604150015001500114913
:103E3000896A01F00301032900F0E484012104F1FF
:103E40000800FFF73FFD0546D4E90032002D00F0E1
:103E500074832E465F0722D5D4F89010052900F20E
:103E6000D584DFE811F0180009009204180018004A
:103E7000180000BF00440258AF49896A01F00301ED
:103E8000032900F0C384012104F10800FFF71AFDA3
:103E90000546D4E90032002D00F057832E469806DF
:103EA00026D5D4F88C10B1F1005F00F0838300F2C6
:103EB000898191B1B1F1805F40F08E819E49896A1C
:103EC00001F00301032900F08781002104F10800BB
:103ED000FFF7F8FC0546D4E90032002D40F02683B8
:103EE000954FD4F88C00796D21F0E041014379655C
:103EF000590626D5D4F89810B1F5006F00F06C8300
:103F000000F26D8191B1B1F5806F40F072818A4904
:103F1000896A01F00301032900F06B81002104F19B
:103F20000800FFF7CFFC0546D4E90032002D40F031
:103F3000FB82814FD4F89800B96D21F4E051014320
:103F4000B9651F0626D5D4F89C10B1F5804F00F056
:103F5000558300F2518191B1B1F5005F40F0568177
:103F60007549896A01F00301032900F04F8100219E
:103F700004F10800FFF7A6FC0546D4E90032002D45
:103F800040F0D6826C4FD4F89C00B96D21F46041AA
:103F90000143B96518070BD5D4F88000B0F5805FF0
:103FA00000F04282644F796D21F4405101437965FC
:103FB000D9060BD5D4F89400B0F5807F00F0498283
:103FC0005D4FB96D21F440710143B9651F030ED5F2
:103FD000D4F8A010B1F5803F00F06381B1F5003F47
:103FE00000F06E81002900F06D82012635465803ED
:103FF0000FD5D4F88410B1F5001F00F0C982B1F5D7
:10400000401F00F03281B1F5801F00F029810126A8
:104010003546D90320D5216D002900F02F82B1F556
:10402000803F40F01A814449896A01F00301032965
:1040300000F01381022104F10800FFF743FC05465C
:10404000D4E90032002D40F021823B4F206DF96C05
:1040500021F480310143F9649F000ED53649896A05
:1040600001F00301032907D0022104F12800FFF722
:104070009BFCD4E9003200B10126980340F1D580C1
:10408000E16FB1F5807F00F0038240F2C28021F43D
:104090008070B0F5007F00F0BF800125D90206D501
:1040A0002548266F016D21F00041314301659F02D3
:1040B00006D52148A66E016D21F08071314301655E
:1040C0005E0009D51C49086920F4004008610869B0
:1040D000D4F8B46030430861002B06DA1648666DE8
:1040E000C16C21F040513143C164180207D5124917
:1040F000D4F888004B6D23F4400303434B65D1078C
:104100000FD50D4B9B6A03F00303032B00F0868150
:10411000002104F10800FFF7D5FB6268002840F099
:10412000FF81930713D5044B9B6A03F00303032B12
:1041300000F0698102E000BF00440258012104F14F
:104140000800FFF7BFFB6268002840F0E5815707D1
:104150000FD5B34B9B6A03F00303032B00F055818B
:10416000022104F10800FFF7ADFB6268002840F06F
:10417000D98116070FD5AA4B9B6A03F00303032BC3
:1041800000F04581002104F12800FFF70DFC626872
:10419000002840F0C381D0064AD5A14B04F128067F
:1041A0009B6A03F00303032B00F0338101213046A7
:1041B000FFF7FAFB00283AD063689A0640F18E8038
:1041C000054639E021F08050B0F1804F3FF485AED4
:1041D000B1F1405F3FF481AE0126354688E621F417
:1041E0008060B0F5805F3FF4A1AEB1F5406F3FF461
:1041F0009DAE01263546A4E621F40050B0F5004FEF
:104200003FF4BDAEB1F5C04F3FF4B9AE012635461F
:10421000C0E600297FF441AF002D7FF43FAF804D11
:10422000686D20F4407001436965354636E7626881
:1042300093060DD504F12806794B9B6A03F003031E
:10424000032B4BD002213046FFF7AEFB002845D1AF
:10425000281E18BF0120BDE8F88301263546FBE67D
:104260006F48C16A41F40031C162002D40F04981BC
:104270006B4FD4F88400796D21F4401101437965C6
:10428000C7E66748C16A41F40031C162002D40F0C1
:104290003581634FE06E396D21F04051014339653E
:1042A00029E55F49896A01F0030103293FF49DAEC6
:1042B000022104F12800FFF777FB0546D4E900321C
:1042C000002D40F04B81564FD4F8A000B96D21F479
:1042D00040310143B9658AE6012607E40120BDE8C3
:1042E000F8834F49896A01F0030103293FF48FAD38
:1042F000012104F10800FFF7E5FA0546D4E9003290
:10430000002D40F03081464FA06F796D21F03801CB
:10431000014379657DE5434F3B6843F480733B601F
:1043200001F0B6FE804606E001F0B2FEA0EB080008
:10433000642800F261823B68DA05F5D5002D40F073
:104340005C82374AD4F8B030116F594011F4407F85
:104350000BD0116F106F21F4407140F48030106762
:10436000106F20F4803010671167B3F5807F00F084
:10437000678203F44072B2F5407F00F075822849ED
:104380000A6922F47C520A612548C3F30B01076FC6
:104390003943D4E90032016709E52148C16A41F493
:1043A0000031C162002D40F0AE8040E41C48C16A7B
:1043B00041F40031C1623546002D40F0BB81184FF9
:1043C000A06D396D21F0070101433965FFF79CBBF2
:1043D0001348C16A41F40031C162002D40F0998058
:1043E000FFF7B5BB0E48C16A41F40031C162002D30
:1043F00040F08C80FFF7D6BB094DE86A40F40030EE
:10440000E862FFF76CBB0125A1E60125B1E60125B5
:10441000C1E691067FF562AF01250DE7012580E633
:104420000044025800480258C449896A01F0030157
:10443000032900F0EF81022104F12800FFF7B4FA0C
:10444000002800F0F381D4F880000126D4E900327E
:10445000A8E5BA49896A01F00301032900F0DD816A
:10446000022104F12800FFF79FFA002800F0D8810C
:10447000D4F894000126D4E90032A1E5AF48C16A1E
:1044800041F40031C162002D3FF4DFAD2E46E3E57B
:10449000AA4FF86A40F40030F862002D7FF4FEADB8
:1044A000BDE6A649896A01F0030103293FF421AC66
:1044B000012104F10800FFF705FA0546D4E90032AE
:1044C000E5B9E6E69D48806A00F0030003283FF462
:1044D0008CAD04F10800FFF7F5F90546D4E9003288
:1044E000002D3BD1EFE62E46FFF77FBB934FA06C2C
:1044F000F96C21F003010143F96455E42E46FFF7FE
:10450000FABB2E4685E52E46FFF798BB2E46FFF7F1
:1045100051BB2E46FFF723BB054618E605463AE693
:104520000546FEE5054624E62E460AE52E46DFE46E
:104530002E462FE52E46FFF7A8BB804F606F796DA2
:1045400021F007010143796584E47C4FD4F89000A1
:10455000B96D21F007010143B965A0E42E4646E597
:104560002E46FFF7B8BB2E4653E47449896A01F022
:104570000301032900F06081022104F10800FFF724
:10458000A1F90546D4E90032002D7FF40CACADE76B
:104590006A49896A01F0030103293FF438AD01211A
:1045A00004F12800FFF700FA0546D4E90032002D97
:1045B000A7D15DE66149896A01F0030103293FF44F
:1045C0000BAE022104F12800FFF7EEF90546D4E90D
:1045D0000032002DAAD183E45849896A01F0030111
:1045E00003293FF406AE022104F12800FFF7DCF9AD
:1045F0000546D4E90032002D96D19AE44F49896AE4
:1046000001F0030103293FF401AE022104F1280067
:10461000FFF7CAF90546D4E90032002D88D1B1E48C
:104620004649896A01F0030103293FF48DAB022159
:1046300004F10800FFF746F90546D4E90032002DE1
:104640007FF451AFFFF7CABA3C49896A01F0030110
:1046500003293FF49DAB012104F12800FFF7A4F9E1
:104660000546D4E90032002D7FF47AAFFFF72BBB6B
:104670003249896A01F0030103293FF47BAB012130
:1046800004F12800FFF790F90546D4E90032002D27
:104690007FF450AFFFF7F2BA2849896A01F00301AD
:1046A00003293FF45CAB002104F12800FFF77CF9FB
:1046B0000546D4E90032002D7FF425AFFFF7B7BAE5
:1046C0001E49896A01F0030103293FF437AB002139
:1046D00004F12800FFF768F90546D4E90032002DFF
:1046E0007FF414AFFFF75EBA1449896A01F0030141
:1046F00003293FF416AB002104F12800FFF754F919
:104700000546D4E90032002D7FF403AFFFF71FBA4E
:104710000A49896A01F0030103293FF4F3A9002142
:1047200004F10800FFF7CEF80546D4E90032002D69
:104730003FF445AE2E46FFF7E7B900BF00440258EC
:104740005149896A01F0030103293FF4DBA90021E3
:1047500004F12800FFF728F90546D4E900322BE6DA
:104760004949896A01F0030103293FF4B5AD0221EB
:1047700004F12800FFF718F90646D4E90032002EAC
:104780007FF4B4A9616EFFF7AAB93F49896A01F0C5
:10479000030103293AD0012104F12800FFF704F9AD
:1047A0000546D4E90032002D7FF478ABCDE63649DA
:1047B000896A01F00301032924D0012104F12800B2
:1047C000FFF7F2F80546D4E90032002D7FF441AB43
:1047D000B3E62D49896A01F0030103293FF417ABC1
:1047E000012104F12800FFF7DFF80546D4E9003283
:1047F000002D7FF4B8AE86E503252E46D4E90032BD
:10480000FFF7D5BA01263546FFF724BB012635460A
:10481000FFF745BB0126FFF7C5BB0126FFF7D0BB5D
:10482000D4F89400D4E90032FFF7CABBD4F8800072
:10483000D4E90032FFF7B6BB01263546FFF7B4BA1C
:1048400001F026FCDFF84080074641F2883904E099
:1048500001F01EFCC01B484510D8D8F870309B07EB
:10486000F6D5D4F8B03084E50748084A016902EA71
:10487000131221F47C510A43026185E50326D4E931
:1048800000323546FFF793BA00440258CFFFFF00CD
:1048900008B5FEF71BFF054B054A1B6AC3F302135D
:1048A000D35C03F01F03D84008BD00BF004402588A
:1048B0006CAF0008474A70B4946A956AD66A15F4DA
:1048C0007C3FC5F30533D16B5BD0C1F3CC01C6F39C
:1048D000001604F0030407EE903A06FB01F1012CE8
:1048E000B8EEE77A06EE901AFAEEE96A03D0022CE7
:1048F0006AD0002C4AD0DFED387A87EE876A936B56
:10490000C3F3080307EE903AF7EE005AF8EEE77AA1
:1049100077EEA67A77EEA57A67EE867A2D4AB7EE1D
:10492000006A936BC3F3462307EE103AB8EEC77ADA
:1049300070BC37EE067AC7EE876AFCEEE66AC0ED19
:10494000006A936BC3F3064307EE103AB8EEC77ADA
:1049500037EE067AC7EE876AFCEEE66AC0ED016ABA
:10496000936BC3F3066306EE903AF8EEE66A76EED2
:10497000866A87EEA67AFCEEC77A17EE903A8360D5
:10498000704770BC036043608360704713689B0688
:104990001DD51468F7EE005A936B1049C4F3C10299
:1049A000C3F30803D14007EE903A06EE101AF8EE72
:1049B000E77AB8EEC66A77EEA66AC6EE077A36EEF2
:1049C000A57A67EE877AA9E7DFED057A95E7DFED4F
:1049D000057A92E7004402580024744A0090D003FC
:1049E000001BB74B0024744C474A70B4946A956A14
:1049F000D66A15F07C7FC5F30553516C5BD0C1F3CB
:104A0000CC01C6F3002604F0030407EE903A06FB3F
:104A100001F1012CB8EEE77A06EE901AFAEEE96A97
:104A200003D0022C6AD0002C4AD0DFED387A87EE12
:104A3000876A136CC3F3080307EE903AF7EE005A47
:104A4000F8EEE77A77EEA67A77EEA57A67EE867AC1
:104A50002D4AB7EE006A136CC3F3462307EE103AF3
:104A6000B8EEC77A70BC37EE067AC7EE876AFCEEFE
:104A7000E66AC0ED006A136CC3F3064307EE103A12
:104A8000B8EEC77A37EE067AC7EE876AFCEEE66ABA
:104A9000C0ED016A136CC3F3066306EE903AF8EEBC
:104AA000E66A76EE866A87EEA67AFCEEC77A17EE9D
:104AB000903A8360704770BC0360436083607047C6
:104AC00013689B061DD51468F7EE005A136C104945
:104AD000C4F3C102C3F30803D14007EE903A06EED7
:104AE000101AF8EEE77AB8EEC66A77EEA66AC6EE56
:104AF000077A36EEA57A67EE877AA9E7DFED057AC1
:104B000095E7DFED057A92E7004402580024744AE5
:104B10000090D003001BB74B0024744C2DE9F04FDC
:104B20000C6885B0002C00F0A08000234FF0010B32
:104B30004FF0B04E00910BFA03FC1CEA040A00F09F
:104B40008F8000995F004D68032105F0030201FA90
:104B500007F602F1FF38F643B8F1010F40F2888002
:104B6000032A40F0C680BA40076815F4403F06EAC1
:104B7000070642EA0602026072D0794E03F003078C
:104B80000F21D6F8F420BF0042F0020201FA07FC20
:104B90007449C6F8F420D6F8F42023F003068842BE
:104BA00006F1B04602F0020206F580660392039A0F
:104BB000B26822EA0C022CD001F58061884200F034
:104BC000AB806949884200F0AD80DFF8A0C1604544
:104BD00000F09C80DFF898C1604500F0AF80DFF8FE
:104BE00094C1604500F0B080DFF88CC1604500F0F2
:104BF0009F80DFF888C1604500F0AC80DFF880C19D
:104C000060450CBF4FF0090C4FF00A0C0CFA07F787
:104C10003A43B260EF02DEF800206FEA0A064CBFAA
:104C20004AEA02023240A902CEF80020DEF804204F
:104C300054BF32404AEA0202AF03CEF80420DEF845
:104C4000842054BF32404AEA0202E903CEF88420AD
:104C5000DEF8802054BF32404AEA0202CEF88020BB
:104C6000013334FA03F27FF466AF05B0BDE8F08F8C
:104C70000099022AD0F80890C96809EA060901FAE1
:104C800007F8009948EA09088968C0F80880C5F360
:104C90000018D0F8049008FA03F829EA0C0C48EA46
:104CA0000C0CC0F804C001FA07FCD0F80C8008EA2C
:104CB00006084CEA080CC0F80CC07FF454AF03F0AF
:104CC000070C00994FEAD3084FEA8C0C096900EBF6
:104CD000880801FA0CF1D8F8209001910F2101FA0F
:104CE0000CFC019929EA0C0941EA090CC8F820C01A
:104CF00039E70099D0F80C80896808EA060801FABB
:104D000007FC4CEA080CC0F80CC02CE74FF0030C71
:104D10000CFA07F73A437CE74FF0010C0CFA07F75F
:104D20003A4376E74FF0020C0CFA07F73A4370E784
:104D30004FF0060C0CFA07F73A436AE74FF0040C01
:104D40000CFA07F73A4364E74FF0050C0CFA07F743
:104D50003A435EE74FF0070C0CFA07F73A4358E77F
:104D6000004402580000025800080258000C025883
:104D7000001002580014025800180258001C025873
:104D8000002402580369194214BF01200020704713
:104D900002B9090481617047704700BF4FF0B0420B
:104DA000D2F88810014200D1704708B5C2F88800D7
:104DB000FFF7F2FF08BD00BF3649024603688B4289
:104DC00033D01831591AB1FA81F1490969BB324817
:104DD00083423ED0183083423ED01830834234D0D4
:104DE000183083423BD0183083423ED01830834283
:104DF0002AD000F55670834235D028498B4231D0F5
:104E000018318B4234D018318B4234D018318B4258
:104E100034D018318B4234D018318B4234D0183111
:104E20008B4234D023F0FF0011E0DBB21C491D4857
:104E3000103BA1FB031310B41B091B4CE15C5DF894
:104E4000044BC2E91601704716211848D1659065D8
:104E5000704710211348F9E716211248F6E706219A
:104E60001248F3E706211248F0E710210F48EDE75A
:104E700010210F48EAE716210D48E7E700210D4809
:104E8000E4E706210B48E1E710210A48DEE7162196
:104E90000848DBE7100002404000024028040240BE
:104EA000ABAAAAAA000002402CAF000804000240EE
:104EB00000040240040402400268274B274930B432
:104EC000274D284CAA4218BF9A420CBF0123002349
:104ED0008A4208BF43F001032831A24208BF43F0D1
:104EE000010328348A4208BF43F001032831A2425B
:104EF00008BF43F001038A4208BF43F00103D1B267
:104F000013B9194B9A4212D1A1F108031749184A53
:104F1000A1FB03130121174C02EB1312C3F304137B
:104F2000920099408166C0E9182430BC7047A1F115
:104F300010031149114C1144A4FB0343A8294FEA63
:104F4000131300D808330E4A03F01F0401211A443A
:104F5000A1400C4C9200E5E7085402583054025826
:104F60001C5402584454025894540258CDCCCCCC12
:104F70000096001680580258F0FBFDBFABAAAAAA03
:104F800000820010800802402DE9F04F054683B0F2
:104F900001F07EF8002D00F013822C6806467F4B4E
:104FA0009C4200F0EF8018339C4200F0EB801833F5
:104FB0009C4200F0E78018339C4200F0E3801833F5
:104FC0009C4200F0DF8018339C4200F0DB801833F5
:104FD0009C4200F0D78018339C4200F0D38003F548
:104FE00056739C4200F0CE8018339C4200F0CA8079
:104FF00018339C4200F0C68018339C4200F0C280F7
:1050000018339C4200F0BE8018339C4200F0BA80F6
:1050100018339C4200F0B68018339C4200F0B280F6
:105020005F49604A604BA4EB0109A21A5F4FA4EBF1
:105030000308B9FA89F91433B2FA82F24FEA59191E
:10504000B8FA88F8A4EB030A52094FEA5818E71B8C
:10505000BAFA8AFA49EA0201554EB7FA87F7554873
:105060004FEA5A1A48EA0101A61BA4EB000B7F097C
:105070004AEA0101B6FA86F61430BBFA8BFB3943D3
:105080007609231A4FEA5B1B3143B3FA83F35BEAD9
:1050900001014FEA5313019302D1002B00F0CB81A1
:1050A0000221DFF824C185F83510002185F834107D
:1050B000216801EA0C0CA968402900F0B981A1F12E
:1050C0008001B1FA81F149094FEA813E2969E86816
:1050D000C908394B009241EAD0006969234440EA8B
:1050E000D100A96940EAD100E96940EAD100296A02
:1050F00040EA111141EA0C014EEA010121602F49F9
:10510000A1FB0301284609098900E965FFF754FE60
:10511000E96D009A01F01F040121A1404160284679
:105120000092FFF7C9FEA968009A802900F02F813C
:1051300068682B6EC4B20138D5E919C107281C6014
:10514000CCF8041000F22A8149EA0A09019B601E8A
:1051500048EA090847EA08073E4343EA060A5BEAC9
:105160000A0A02D1002A00F05E81154A154922443C
:105170009200012383400020C5E91B216B6710606A
:105180004B600FE1022385F83530002385F8343079
:10519000236823F0010323601FE000BF10000240DA
:1051A000085402581C54025830540258585402589B
:1051B0006C54025880540258F8ABFDA7CDCCCCCC2F
:1051C0003F960016405902580F00FEFF00F060FFA6
:1051D000801B052800F2EF802C682368DF07F5D4D8
:1051E000D5E9023029690343AA6920680B4369693C
:1051F0000B43E96913430B4392490140286A034377
:105200000B43696A042903D1D5E90B0630430343F4
:105210006868A0F129061F2E40F2D680A0F14F0643
:10522000032E00F2E88043F48013236004296369AD
:1052300023F0070343EA01030DD1A96AE86A0B438F
:1052400048B1002A40F0C680012900F0E78031F023
:10525000020200F0C78063612846FFF7ADFDEA6DEA
:105260003F23794902F01F02784F794E9340794AE3
:10527000E71BA61B8360A4EB0209774B1432B9FA33
:1052800089F97648A4EB0308754BA21A4FEA59191D
:105290009C4218BF8C4203F11803B2FA82F2B8FAAA
:1052A00088F80CBF012100215209B7FA87F79C4208
:1052B00008BF41F0010118334FEA5818A4EB000B66
:1052C0009C4208BF41F0010118337F09B6FA86F607
:1052D0009C4208BF41F001011833143076099C420A
:1052E00008BF41F001011833BBFA8BFB9C4208BF99
:1052F00041F0010118334FEA5B1B9C4208BF41F0AB
:10530000010103F556739C4208BF41F001011833B7
:105310009C4208BF41F0010118339C4208BF41F094
:10532000010118339C4208BF41F0010118339C422F
:1053300008BF41F0010118339C4208BF41F0010150
:1053400018339C4208BF41F0010118339C4208BF4A
:1053500041F00101434B49EA0101A4EB030A231A7E
:105360001143BAFA8AFAB3FA83F348EA01014FEA21
:105370005A1A5B094AEA01010193394331435BEA56
:1053800001017FF4CCAE002B7FF4C9AE0AE000230C
:10539000A96ED5E918026B60036051600023EB66CB
:1053A0002B676B670023012218466B6585F8352053
:1053B00003B0BDE8F08F202203236A6585F83530FD
:1053C000012003B0BDE8F08F2748F040C0073FF54B
:1053D0002AAF2AE7B2F5005F12D0022905D90329C6
:1053E0007FF439AFC2017FF536AF402201236A65F1
:1053F00085F83530E4E7743803287FF614AF14E7F6
:1054000003293FF628AF01A252F821F0EB53000820
:10541000E5530008EB5300081D540008B0F1C07FAD
:105420007FF419AFE1E7114A114922449200A0E646
:105430004FF0100E4AE6402203236A6585F83530A6
:10544000BEE700BF3F8010FE1000024058540258D3
:105450006C54025808540258305402588054025870
:1054600028000240445402583F00C0C33F8200104D
:105470004009024070B5044600F00AFE002C6BD0D3
:1054800094F83530022B62D125680646A24B9D4226
:1054900064D018339D4261D018339D4200F0F180F2
:1054A00018339D4200F0188118339D4200F023818B
:1054B00018339D4200F0FD8018339D4200F0388182
:1054C00018339D4200F0478103F556739D4200F06A
:1054D000558118339D4200F0608118339D4200F0E1
:1054E0006B8118339D4200F0698118339D4200F0B2
:1054F000678118339D4200F0658118339D4200F0AA
:10550000658118339D4200F05F812B68834A23F048
:105510000E0395422B6014D0814B9D4211D0143361
:105520009D420ED014339D420BD014339D4208D0BF
:1055300014339D4205D014339D4202D014339D4252
:1055400019D1226E136823F48073136013E0802254
:105550000023626584F83430012070BD2B68226E10
:1055600023F01E032B606B6923F080036B611368CB
:1055700023F4807313602B6823F001032B6005E094
:1055800000F086FD831B052B00F28A802B68DB0769
:10559000F6D423686049E26D8B42A06D02F01F02D1
:1055A0005ED018318B425BD018318B4258D0183105
:1055B0008B4255D018318B4252D018318B424FD08C
:1055C00018318B424CD018318B4249D001F55671BD
:1055D0008B4245D018318B4242D018318B423FD09C
:1055E00018318B423CD018318B4239D018318B4264
:1055F00036D018318B4233D018318B4230D0012154
:105600009140474A416045484649834218BF93420A
:1056100000F13C000CBF012200228B4208BF42F087
:1056200001022831834208BF42F0010228308B4238
:1056300008BF42F001022831834208BF42F0010254
:105640008B4208BF42F001026AB9374A93420AD03E
:1056500000230122184684F8352084F8343070BDC8
:105660003F2393408360E36ED4E919215160002BFE
:10567000EED01A68D4E91C1022F480721A604860D7
:10568000E6E72A4B1A6C22F01E021A645A6D22F0C9
:1056900080025A65226E136823F4807313606AE7F0
:1056A000202103220023616584F8343084F83520FA
:1056B00052E71E4BD3F8882022F01E02C3F8882040
:1056C000D3F89C2022F08002C3F89C20226E13683D
:1056D00023F4807313604EE7144B9A6D22F01E0280
:1056E0009A65DA6E22F08002DA66226E136823F47D
:1056F000807313603FE70D4B1A6F22F01E021A678A
:10570000D3F8842022F08002C3F88420226E13682C
:1057100023F4807313602EE71000024008540258EF
:105720001C5402583054025894540258000002404D
:10573000274BD3F8A02022F01E02C3F8A020D3F8F4
:10574000B42022F08002C3F8B420226E136823F440
:10575000807313600FE71E4BD3F8B82022F01E02AF
:10576000C3F8B820D3F8CC2022F08002C3F8CC20B4
:10577000226E136823F480731360FCE6154B1A69DC
:1057800022F01E021A615A6A22F080025A62226EC8
:10579000136823F480731360EDE60E4B9A6A22F0CF
:1057A0001E029A62DA6B22F08002DA63226E1368BC
:1057B00023F480731360DEE6064B63E7054B8CE74A
:1057C000044B99E7034B75E7024BC5E7014BB0E784
:1057D0000000024000040240002800F0968038B526
:1057E00090F83530022B40F083800368484A93429A
:1057F00000F08280183293427ED0183293427BD0E0
:105800001832934278D01832934275D018329342AE
:1058100072D0183293426FD0183293426CD002F596
:105820005672934268D01832934265D01832934230
:1058300062D0183293425FD0183293425CD0183253
:10584000934259D01832934256D01832934253D0D3
:10585000304A314D1968AB4218BF93422F4C21F0AA
:105860000E0105F13C050CBF012200221960A34284
:1058700008BF42F0010219682834AB4208BF42F069
:10588000010221F00101A34208BF42F001021434D9
:105890001960A34208BF42F0010221498B4208BFB0
:1058A00042F0010212B91F4A934217D10123846DBD
:1058B000D0E917152A6801F01F0122F480728B408D
:1058C0002A606360C36ED0E91921516033B11A6850
:1058D000D0E91C1422F480721A604C60012100226D
:1058E000036D80F8351080F8342063B198470AE0E2
:1058F00080234365012038BD042280F835201A68D2
:1059000022F001021A60002038BD0120704700BF5C
:10591000100002401C5402580854025830540258D7
:1059200080540258945402582DE9F0410022464B0D
:1059300082B0846D06461D6801920368434A44485C
:105940002768934218BF834221680CBF01200020C2
:1059500000F086801832934200F07C821832934225
:1059600000F078821832934200F085821832934218
:1059700000F081821832934200F07D821832934207
:1059800000F0798202F55672934200F07482183268
:10599000934200F070821832934200F06C82183209
:1059A000934200F068821832934200F06482183209
:1059B000934200F060821832934200F05C82183209
:1059C000934200F05882234A2348834218BF9342EF
:1059D00000F114000CBF01220022834208BF42F0F4
:1059E00001021430834208BF42F0010214308342A6
:1059F00008BF42F001021430834208BF42F00102A6
:105A00001430834208BF42F0010212B9134A934294
:105A100016D1F06D04251A6800F01F0085400D4274
:105A200000F08382570740F180821004656040F1E6
:105A3000AF82D10300F1B282B36C002B40F0F4814D
:105A400002B0BDE8F08100BF200000202800024025
:105A500010000240085402581C5402589454025832
:105A6000D6F85CE04FF0080C0EF01F020CFA02F1C1
:105A70000F4200F0DE81D3F800C01CF0040F0AD002
:105A8000D3F800C02CF0040CC3F800C0A160716D05
:105A900041F00101716527FA02F1C9075BD50028C1
:105AA0004FD1A249DFF898C2634518BF8B420CF171
:105AB000180C0CBF01210021634508BF41F0010112
:105AC0000CF1180C634508BF41F001010CF1180CF2
:105AD000634508BF41F001010CF1180C634508BF94
:105AE00041F001010CF5567C634508BF41F001010E
:105AF0000CF1180C634508BF41F001010CF1180CC2
:105B0000634508BF41F001010CF1180C634508BF63
:105B100041F001010CF1180C634508BF41F001018F
:105B20000CF1180C634508BF41F001010CF1180C91
:105B3000634508BF41F0010119B97D498B4240F02E
:105B4000E3815969090606D501219140A160716D73
:105B500041F0020171650421914039425FD0DFF8C4
:105B6000CCC1634551D000284FD10CF1300CDFF887
:105B7000D081434518BF634508F130080CBF4FF092
:105B8000010C4FF0000C434508BF4CF0010C08F12C
:105B90001808434508BF4CF0010C08F118084345AC
:105BA00008BF4CF0010C08F55678434508BF4CF08F
:105BB000010C08F11808434508BF4CF0010C08F12E
:105BC0001808434508BF4CF0010C08F1180843457C
:105BD00008BF4CF0010C08F11808434508BF4CF011
:105BE000010C08F11808434508BF4CF0010C08F1FE
:105BF0001808434508BF4CF0010CBCF1000F04D15C
:105C0000DFF82CC1634540F08581D3F800C01CF05B
:105C1000020F04D0A160716D41F004017165102183
:105C200001FA02F23A425BD040498B4242D000284E
:105C300040D118313F48834218BF8B4200F1180011
:105C40000CBF01210021834208BF41F0010118303F
:105C5000834208BF41F001011830834208BF41F080
:105C6000010100F55670834208BF41F00101183070
:105C7000834208BF41F001011830834208BF41F060
:105C800001011830834208BF41F0010118308342FE
:105C900008BF41F001011830834208BF41F0010103
:105CA0001830834208BF41F0010119B920498B42E5
:105CB00040F037811968C1F3C00189B1A2601A6848
:105CC000500300F1E7801A68D20503D41A6822F065
:105CD00008021A60336C1BB130469847D6F85CE076
:105CE0000EF01F0120208840384273D03268124BDA
:105CF000124FBA4218BF9A4207F118070CBF01238E
:105D00000023BA4208BF43F001031837BA4208BF64
:105D100043F001031837BA4208BF43F001031837B4
:105D2000BA4208BF43F0010318370BE040000240BD
:105D3000B8040240700002401000024028000240F7
:105D400058000240BA4208BF43F001031837BA4274
:105D500008BF43F0010307F55677BA4208BF43F086
:105D600001031837BA4208BF43F001031837BA429B
:105D700008BF43F001031837BA4208BF43F00103DC
:105D80001837BA4208BF43F001031837BA4208BFB8
:105D900043F001031837BA4208BF43F001031BB9AF
:105DA000894B9A4240F0D1801368C3F300138BB142
:105DB000A06096F83530042B136874D013F4802F4C
:105DC000136800F08A801F0340F19580F36B0BB1DC
:105DD00030469847736D002B3FF432AE736DDC078D
:105DE0001ED53268042186F8351078491368A1FB66
:105DF000055123F00103890A136002E01368D807F4
:105E000004D5019B01338B420193F7D91368DB075B
:105E10004CBF0323012386F83530002386F8343045
:105E2000F36C002B3FF40CAE304602B0BDE8F041FD
:105E3000184727FA02F1C9073FF583AE04219140C4
:105E40000F427FF4E2AE102101FA02F217427FF412
:105E500031AF45E7D6F85CE04FF0080C0EF01F02BA
:105E60000CFA02F10F427FF406AE27FA02F1C907DD
:105E70003FF567AE6FE6D6F85CE008210EF01F0232
:105E800091400F427FF4F7AD27FA02F1C9073FF5C1
:105E900058AE60E61B6819037FF51CAFB36C002B8E
:105EA0007FF41AAF1CE723F016031360536923F045
:105EB00080035361336C1BB3136823F00803136032
:105EC0003F23012000228B40A360336D86F835000C
:105ED00086F83420002BA7D1B2E513F480737FF449
:105EE00075AF116821F010011160012286F834307D
:105EF00086F835206AE7736C002B7FF469AF69E799
:105F0000B36C002BD8D1DBE71968042191403942EA
:105F10003FF485AE1968102101FA02F217423FF4EE
:105F2000DFAE1968C1F38001C7E6022585400D4246
:105F30000FD097070DD51104656034D5D7033ED433
:105F4000736C002B7FF470AF7AE51368C3F34003E2
:105F50002DE7082585400D423FF472AD15077FF50A
:105F60006FAD1A68002122F00E021A600123F26C54
:105F700003FA00F06060736586F8341086F83530F7
:105F8000002A3FF45DAD304602B0BDE8F041104755
:105F9000920603D41A6822F004021A60336C002BB4
:105FA0007FF442AF4CE512F0200208D119680120BD
:105FB00021F00A01196086F8350086F83420F36B69
:105FC000002B7FF431AF3BE5B8040240B5814E1B96
:105FD00038B5104CE36813F0040FE36805D103F003
:105FE0000703181A18BF012038BD23F00703034325
:105FF000E36000F04DF8054605E000F049F8401B6D
:10600000B0F57A7F04D863689B04F6D5002038BDCC
:10601000012038BD0048025810B50320124CFCF78F
:1060200029FEFDF79BF9114B11499A699B69C2F34F
:10603000032203F00F038A5CCB5C02F01F020D49C0
:1060400003F01F03D04020FA03F308600F20236001
:10605000FBF77AFF10B10124204610BD0446FBF780
:1060600061FF204610BD00BF1C0000200044025804
:106070006CAF000820000020034A044B11681B7815
:106080000B441360704700BFF00C00201400002088
:10609000014B1868704700BFF00C002038B504466B
:1060A000FFF7F6FF0546631C02D0044B1B781C4427
:1060B000FFF7EEFF401BA042FAD338BD14000020CA
:1060C000704700BF704700BFF0B5D1E901740E6999
:1060D0000D68002F33D1264346EA8546D1E90654A0
:1060E00025434C6925430C6A45EA0465846E04FB2C
:1060F00003F3D0F88440C86844F8236004EB8304B9
:1061000045EA0040104D6060CB68EB5CB3B14FF0E6
:10611000000C907804EB0C0ED7780CF1040C000402
:1061200016785378043240EA0760304340EA03208F
:10613000CEF80800C868285C6045EAD8F0BD2E4358
:10614000264346F08046C9E734AF0008704700BFD9
:10615000704700BF704700BF704700BF704700BF67
:10616000704700BF704700BF704700BF704700BF57
:10617000704700BF704700BF704700BF704700BF47
:10618000704700BF2DE9F04F99B004464C225B499F
:1061900005A8FAF717F9002C7AD02368584A9342D9
:1061A00000F0A88094F8982002F0FF01002A73D034
:1061B0009A6922F010029A61FFF76AFF054604E02F
:1061C000FFF766FF401B0A2859D823689A69110710
:1061D000F6D49A6942F001029A61FFF759FF054629
:1061E00004E0FFF755FF401B0A2848D823689A6946
:1061F000D207F6D59A6942F002029A61227C012AFE
:106200009A690CBF22F0400242F040029A61627C1F
:10621000012A9A690CBF42F4804222F480429A61BA
:10622000A27C012A9A690CBF22F4805242F4805267
:106230009A619A69D4E9020122F44072012942EA82
:1062400000029A619A6922F0A4029A611A6922F006
:1062500010021A6178D000297AD002299A6900F0D8
:10626000C98142F0800203299A611A6942F0100242
:106270001A616DD19A6942F020029A6168E0D4F8FF
:106280009C30032243F00103C4F89C3084F898202A
:10629000012019B0BDE8F08F1A4A1B481B4B84F847
:1062A0009910C4F8A0201A491A4AC4E929031A48C7
:1062B0001A4BC4E92B12C4E92D031949194A1A488B
:1062C0001A4BC4E92F12C4E931031949194A1A4B70
:1062D0001A48C4E93312C4E935031949194AD4F8F4
:1062E000E430C4E93712002B00F06C812046984757
:1062F00023685DE702F58072626053E7E0AE000854
:1063000000A00040C160000851610008EDA5000830
:10631000556100086D610008596100085D61000861
:106320007561000881610008796100087D610008DD
:106330007161000861610008696100086561000819
:10634000C56000084D6100089A6942F004029A6134
:10635000B0F5407FD4E9061202F1FF3201F1FF31BE
:106360004FEA022242EA4162216A01F1FF3142EA28
:106370000102616901F1FF3142EA0142DA610ED1A5
:10638000A16AD4E90B020139013A0138120142EA4B
:1063900000220A43616A013942EA0142DA60D4F814
:1063A00060B0BBF1000F05D0D3F8C020616E0A4386
:1063B000C3F8C020E26DA16E1BEB020F01920391A6
:1063C0000BD018A8D3F8C82000EB810122F00702F7
:1063D00051F84C1C0A43C3F8C820D4E91085B8F121
:1063E000000F0BD018A9D3F8BC2001EB850122F0D7
:1063F000070251F84C1C0A43C3F8BC20D4E91260D0
:1064000066B118A9D3F8BC2001EB800122F070021C
:1064100051F84C1C42EA0112C3F8BC20D4E91427FD
:106420006AB10DF1600CD3F8BC100CEB870C21F4B1
:10643000E0615CF84CCC41EA0C21C3F8BC106F4918
:106440008B4200F0CE8007FB02F2D4F834E005FB6B
:1064500008F96B4D02920022D4F838C000FB06FA0E
:10646000C4F89C20C4F894200122E76B84F898209B
:10647000D3F88420A06D2A4042EA8E02C3F884201B
:10648000D3F8842022F47F0242EA0C42C3F884202D
:106490000EEB0C02D3F88810294041EA820102EB8E
:1064A0004702C3F88810D3F8881021F4FE0141EAAE
:1064B0000741C3F88810D3F8A010294041EA8201AF
:1064C0004A44C3F8A010D3F8A01021F4FE0141EA19
:1064D0000841C3F8A010D3F8B010294041EA820166
:1064E000C3F8B01002EB0A01D3F8B02022F4FE0882
:1064F00048EA0646C3F8B060D3F8AC20029E2A40B2
:1065000042EA81023144C3F8AC20D3F8F0202A409B
:1065100042EA810201EB4001C3F8F020D3F8F020F9
:1065200022F47C1242EA0042C3F8F020354A724459
:10653000920002EB8C0C0CEBC70707EB890909EB07
:106540008A08D3F8C0A00AEA050A08EB860E4AEAD0
:1065500081010EEBC006C3F8C010D3F8C010019D36
:1065600021F47C11039841EA054100FB05F5C3F8CD
:10657000C01006EB8505D3F8C0A000FB0BF12AF094
:106580007C5A05EB81014AEA0B6AC3F8C0A01E4B96
:10659000C4F888509942E266C4F89010C4E91CC758
:1065A000C4E91E98C4E920E611D88A4206D2002325
:1065B00042F8043BD4F890309A42F8D3002019B046
:1065C000BDE8F08F114A1346C4F8E4208EE6D4F8F3
:1065D0009C30032243F02003C4F89C3084F89820B8
:1065E00056E6D4F804C0DCF8081021F00301CCF81A
:1065F000081028E742F020029A61A9E600A00040B6
:106600000300FFFF002B0010FCD30040390E0008F0
:1066100090F898200346013A012A07D9D0F89C2027
:10662000012042F00202C3F89C20704710B40C68AD
:10663000D1E9030294B907284FEA024224D08C68BA
:1066400042EA84724C69224342EAC06249680020EF
:10665000DB6E5DF8044B43F821207047072842EABF
:1066600040720FD048698C6840EA847049681B6F9B
:106670005DF8044B03EBC10C43F83120CCF8040067
:10668000002070478869F1E7D1E9060442EA042254
:10669000024342F06052D9E7844690F898000128FE
:1066A00007D0DCF89C30012043F00403CCF89C3088
:1066B000704710B40198DCF8004040EA4303002022
:1066C00043EA820242EA0111C4F880105DF8044BEB
:1066D000704700BF90F898200346012A07D0D0F8F1
:1066E0009C20012042F00402C3F89C20704710B4A3
:1066F00002220468002180F89820A269084622F04E
:106700000102A2615DF8044BC3F89C10704700BF02
:10671000F8B590F898300446022B12D10668D6F8E6
:10672000C03013F07C5F14D0D6F8C45015F40015B7
:1067300016D0D0F89C3043F40073C0F89C30012090
:10674000F8BDD0F89C3043F00803C0F89C3001201D
:10675000F8BDD0F89C3043F02003C0F89C30F6E739
:10676000D6F8C470C7F304473B46FFF7ADFC0122DF
:106770002846BA40C6F8D020C4F89420F8BD00BF1F
:10678000F0B590F89840022C57D1402964D04129A7
:1067900000F08180046D8C4257D9446D0027C56F8D
:1067A00001FB04F405EB84052C6804F0804454607C
:1067B000002C40F096802C68C4F38A4414602C6846
:1067C00004F0005494602C6804F000441461AC8818
:1067D000D461EC8804F00F04D4606E6806F480166F
:1067E00056616E6806F400169661EE7906F07F0633
:1067F0001662454E16F804C06C68E40F5462BCF192
:10680000000F0ED0013B05F1070EAEF1060C1EF88D
:10681000014F03F8014FACEB050CD468345D6445BF
:10682000F3D84029036860D0412969D01F2960D876
:1068300001228A40C3F8982059E0D0F89C3043F0F8
:106840000803C0F89C300120F0BDD0F89C3043F024
:106850002003C0F89C30F6E70468D4F8A05015F483
:10686000FE0FF2D0D4F8A4506F0633D0D4F8A46051
:10687000C6F30065F60102D5D4F8A050ED0FD4F8A8
:10688000A470446CC7F305272F44456F07FB04F43D
:1068900005EB840588E70468D4F8B05015F4FE0FC2
:1068A000D3D0D4F8B4506F0614D0D4F8B460C6F383
:1068B0000065F60102D5D4F8B050ED0FD4F8B470ED
:1068C000C46CC7F305272F44856F07FB04F405EB61
:1068D000840569E7D0F89C3043F48073C0F89C309D
:1068E000B1E72C6824F0604468E7C3F8A870002082
:1068F000F0BD01F01F0101228A40C3F89C20F6E799
:10690000C3F8B870F3E700BF34AF0008034690F84F
:1069100098000138012807D9D3F89C20012042F0C3
:106920000202C3F89C2070471868836D0B4210B4B4
:106930001FD1C36D43F00103C3658C0504D5D0F8A6
:10694000E0301343C0F8E0304B0504D5D0F8E43014
:106950001343C0F8E4300D4B446D0B400C4A234305
:106960005DF8044B43650020536943EA917353611A
:106970007047836D31EA030302D00323C365DCE76C
:10698000C36D43F00203C365D7E700BFFFFFCF3FEE
:1069900000A8004094490B694A69920702EA837291
:1069A00003682DE9F04F1D6D83B05E6D04461F6DC9
:1069B00005EA060B5D6D1E6D2F405D6D0BF4704B8F
:1069C0002E401D6DD3F854C007F00F0706F0F006F7
:1069D00005EA0C0505F0715A1D6DD3F854C0D3F8C3
:1069E000549005EA0C05D3F8508019F4807F05F027
:1069F000607503D018F4807F40F0E68019F4806F52
:106A000003D018F4806F40F0CB8052B10021900F7A
:106A100019651146744B18612046D4F8A030984788
:106A20002368BBF1000F0AD0C3F850B000226E4BB0
:106A3000594620461A61D4F8A430984723684FB1CC
:106A40001F650022684B394620461A61D4F8A830E9
:106A5000984723684EB11E650022634B314620469D
:106A60001A61D4F8AC309847236819F4006F03D04A
:106A700018F4006F40F0888019F4007F02D018F4F9
:106A8000007F70D119F4002F02D018F4002F5ED1CE
:106A900019F4803F02D018F4803F4CD119F4802FB4
:106AA00002D018F4802F3AD119F4003F02D018F424
:106AB000003F27D14DB11D6500234B4A2946204692
:106AC0001361D4F8D03098472368BAF1000F0AD088
:106AD000454A0021C3F850A01161D4F89C2042EA35
:106AE0000A02C4F89C20414A934200F08180D4F805
:106AF0009C30002B75D0D4F8CC30204603B0BDE8D4
:106B0000F04F18474FF4003200211A65364A1161E0
:106B1000D4F89C2042F08002C4F89C20CAE74FF4CD
:106B2000802220461A6500222F4B1A61D4F8C83003
:106B300098472368B8E74FF4803220461A65002250
:106B4000294B1A61D4F8C43098472368A6E74FF45C
:106B5000002220461A650022234B1A61D4F8BC306B
:106B60009847236894E7D3F8D8104FF40070D3F80F
:106B7000E0201865204611401B4B00221A61D4F812
:106B8000B430984723687DE74FF4006220461A65C9
:106B90000022154B1A61D4F8B030984723686BE790
:106BA000D3F8DC004FF4806CD3F8E410C3F850C085
:106BB00001400D4B0020019218612046D4F8B830F6
:106BC00098472368019A20E74FF4807C0192C3F82C
:106BD00050C000230B61D0F8C03098472368019A59
:106BE0000CE703B0BDE8F08F00A8004000A0004013
:106BF00063689A6892073FF47AAF196A586A1A6A0A
:106C00000140586A1F6A02EA00085A6A1E6A11F0B7
:106C10000F0107EA02075A6A1D6A08F0300806EAFF
:106C200002065A6A07F4C077D3F824A005EA0205E1
:106C300006F4FC46D3F8209005F4F02504D0196240
:106C40002046D4F8D4309847B8F1000F07D06368D5
:106C500041462046C3F82080D4F8D83098471AF02F
:106C6000400F02D019F0400F1AD137B1636839468E
:106C700020461F62D4F8E030984736B163681E6240
:106C8000D4F89C303343C4F89C30002D3FF42FAF30
:106C900063681D62D4F89C302B43C4F89C3026E70F
:106CA00063684FF0400CD4F8DC802046D96BDA6B77
:106CB000090CC3F820C002F03F02C047D5E700BF6F
:106CC00003682C495A6910B49C6944F008049C611B
:106CD0009C6944F010049C611C6824F001041C6051
:106CE0001C6921401961996821F44041996090F82C
:106CF0008110042901D0910630D490F88110032925
:106D000001D054061FD4910509D5D0F8841041F064
:106D10000101C0F88410996941F400719961D205AC
:106D200009D5D0F8842042F00802C0F884209A697E
:106D300042F480729A6100235DF8044BA0F862303F
:106D4000A0F86A307047D0F8841041F00401C0F810
:106D50008410996941F040019961D4E7D0F884101A
:106D600041F08001C0F88410996941F020019961D7
:106D7000C3E700BF90FCFFFF002800F0C8802DE9AA
:106D8000F8430446674B00202268E1689A42A062FB
:106D900016D0A3F578439A4212D003F580639A4245
:106DA00000F0AD800F2908D8E56B01F108036809F0
:106DB000DB0800FB0333082B0AD90120BDE8F88368
:106DC000584BE56B9A426DD0A3F578439A4269D04F
:106DD00094F8813003F0FF06002B71D04FF00008CB
:106DE00002236068D4F838E084F8813000F4800928
:106DF000136823F001031360936803F4F81CA3697C
:106E0000B3F1806F67D0B9F1000F01D006296FD8B8
:106E1000176827F4807717600343676B41EA08011E
:106E200043EA0E033B43676A3B4327693B43676979
:106E30003B43276A3B43E76C3B43E76939432943BC
:106E400041EA0C019160A1680B43A16C0B43A16D59
:106E50000B43D360C0B9936823F4C05343F4006379
:106E60009360936823F4C06343F480639360136D6D
:106E700023F00103136500230122C4F8843018466F
:106E800084F88120BDE8F883136D23F001031365B6
:106E9000B9F1000FEFD0D368616D23F000430B43CD
:106EA000D360E8E701F108036809DB0800FB03335E
:106EB000102B82D894F8813003F0FF06002B8DD17F
:106EC000204684F88060FAF721F92268E168D4F856
:106ED0002880E56B84E7B0F5800F1AD0002892D1A6
:106EE000BEF1805F94D1176847F4805717608FE731
:106EF0001768266D27F48077374317608CE7E56BBA
:106F000001F108036809DB0800FB0333D0E7012027
:106F10007047BEF1000F7FF479AF176847F48057D0
:106F2000176073E7003001402DE9F04F044683B04D
:106F30001D468A4693460C9FD0F80090D0F83C80BE
:106F4000FFF7A6F894F88130012B7BD1BBF1000F3D
:106F500018BFBAF1000F0646D8B270D0B5FA85F363
:106F60005B09002D6BD094F88020012A6AD021683B
:106F7000052284F8800084F881202367C4F88430D7
:106F80006367A4F86A50A4F86250CB68934A23F46C
:106F9000C023C4F864B0C4F85CA0A4F86850A4F896
:106FA0006050CB608E4B994218BF914273D003F56D
:106FB000806399426FD04FF0020A04234FF0080B10
:106FC0004868884A02402A434A600A6842F001023F
:106FD0000A606268B2F5800F03D10A6842F4007259
:106FE0000A604FEA5818E26808F101080F2A1FFAF0
:106FF00088F879D94B69A946980744D535BB4B69C0
:10700000B9F1000F27D14FB9DAE0FFF741F8801B43
:10701000874202D87A1C40F0D98021684B69190751
:10702000F3D52046FFF74CFE0122002384F881208F
:10703000D4F8840084F88030C01A18BF012003B04F
:10704000BDE8F08F022003B0BDE8F08F05EB0A0326
:1070500099453AD34B694A69D20722D4C84501D928
:1070600018041ED4FFF714F8801BB84202D3791C11
:1070700040F0368145EA090321689BB2002BC2D05B
:107080004B699807BAD44B69B9F1000FE3D12B468D
:10709000002BF5D1B7E74FF0040A08234FF0100B8F
:1070A0008EE7086BB4F86A30626E013B42F8040B5D
:1070B0009BB26266A4F86A30B4F86A901FFA89F944
:1070C00049EA0503002BDBD19DE7E36D53F8042B60
:1070D0000A62E365B4F86230013B9BB2A4F8623007
:1070E000B4F86250ADB2CEE7072A7DD94A69AA4604
:1070F000920728D5002D38D0EA18924550D34A6916
:107100004869C00727D4D04534D9100432D5B9F81E
:107110003000626E10800432B9F8300022F8020CA0
:107120006266B4F86A20023A92B2A4F86A20B4F80F
:107130006AA01FFA8AFA4AEA0502002A3FF463AFFE
:107140004A699207D6D44A69BAF1000FD8D12A46C3
:10715000002AF5D157E7B9F83000626E22F8020B29
:107160006266B4F86A20013ADEE74A69BAF1000FB4
:10717000C6D148E7BAF1010F01D19004EBD40193D5
:10718000FEF786FF801B019BB84202D37A1C40F0B9
:10719000A78045EA0A02216892B2002AD0D132E7DC
:1071A000E26D32F8020BA9F82000E265B4F8622023
:1071B000013A92B2A4F86220B4F86250ADB2C2E7CC
:1071C0004B691B073FF52DAFFEF762FFD4F8843003
:1071D00043F02003C4F8843023E700BF00300140AF
:1071E000003800400000FFFF4B69A9469B073CD5D3
:1071F000002D4AD005EB0B0399455FD34B694A69D3
:10720000D0073AD4C84545D91A0443D591F830205F
:10721000636E1A70636E2268591C616692F83020A2
:107220005A70636E2268591C616692F830205A7059
:10723000636E2268591C616692F830205A70B4F867
:107240006A30043B9BB22168A4F86A30636EB4F8DC
:107250006A9001331FFA89F9636649EA0503002B36
:107260003FF4D1AE4B699B07C2D44B69B9F1000F13
:10727000C5D12B46002BF5D1C5E691F83020636EC1
:107280001A70B4F86A30013BDCE74B69B9F1000FC2
:10729000B5D1B8E6B9F1030F02D813F4C04FECD161
:1072A000FEF7F6FE801BB84201D3781C18D145EAE0
:1072B000090321689BB2002BD4D1A4E6E36D1B78AF
:1072C00081F82030B4F862302168013B9BB2A4F809
:1072D0006230E36DB4F862500133ADB2E365C4E7E8
:1072E0002046FFF7EDFCD4F884300122032043F45C
:1072F0008073C4F88430002384F8812084F88030BF
:107300009DE600BF704700BF704700BF704700BFD9
:10731000704700BF08B5806B00230122A0F86A30D7
:10732000A0F8623080F88120FFF7F2FF08BD00BFAF
:10733000704700BF03682DE9F0411E690446596992
:10734000D3F808C006EA010290F881500905EDB2B1
:1073500002D5370700F1CD8002F0640102F0450745
:1073600002F02606042939D0012F3FD0022E00F06A
:10737000D680160757D59A6942F008029A619A6931
:1073800042F010029A619A6942F400629A611A69A5
:1073900022F008021A619A6812F4404F2ED1B4F814
:1073A0006A2092B252B3616E0EE02268126B41F80D
:1073B000042BB4F86A206166013A92B2A4F86A20FC
:1073C000B4F86A2092B2CAB1E2680F2AEDD8072A4F
:1073D00040F29E801A8E21F8022BEAE72046636F66
:1073E0009847236F20469847012F02D1236F2046EC
:1073F0009847022E00F09380BDE8F0812046FFF709
:107400005FFC012384F88130D4F88430002B7CD1D8
:10741000052D00F08980042D00F08980032DEBD12B
:10742000FFF770FFE8E712F4587FE5D0550609D55D
:10743000D4F8841041F00401C4F88410996941F033
:1074400040019961900509D5D4F8841041F00101FB
:10745000C4F88410996941F400719961D10509D586
:10746000D4F8841041F00801C4F88410996941F4FB
:1074700080719961920609D5D4F8842042F0800287
:10748000C4F884209A6942F020029A61D4F88420DA
:10749000002AB1D019680CF4404C264A21F00101B1
:1074A000BCF5404F1960196902EA01021A6128D13E
:1074B0009A68E06F22F440429A6050B11E4B036517
:1074C000FEF78AF928B1D4F8843043F04003C4F8B9
:1074D0008430A06F00288FD0174B0365FEF77CF92E
:1074E000002889D0D4F8843043F04003C4F88430B5
:1074F00082E79A6942F400629A61FFF719FFBDE8DA
:10750000F0810123204684F88130FFF701FF73E703
:10751000226892F830200A70616E013149E7636F8A
:107520002046BDE8F0411847FFF7F0FE64E7FFF79B
:10753000EBFE61E794FCFFFF15730008704700BF86
:10754000806B0022D0F8A430A0F85E20184700BF5E
:107550002DE9F84F0368B0F860A0D3F81CB01E689E
:107560009D68D0F88C20222A05D09A6942F0080242
:107570009A61BDE8F88FB0F86830044606F480766A
:1075800005F00105002B74D000274FF004094FF0DF
:1075900002081BF0200F6CD02368A26D5B6A03EA1F
:1075A0000A031370B4F85E202368013AA16D92B209
:1075B0000131A4F85E20D3F81CB0A1651BF0070FC1
:1075C0002BD01BF0010F08D03EB101221A62D4F873
:1075D000902042F00102C4F890201BF0020F0BF043
:1075E000040269D085B1C3F82080D4F8901041F02E
:1075F0000401C4F890103AB1C3F82090D4F8903048
:1076000043F00203C4F89030D4F890302BB1D4F892
:10761000A43020469847C4F89070B4F85E309BB20E
:10762000002BB6D1236853E8002F22F4807243E880
:1076300000210029F7D13A4803F1080252E8002F4F
:10764000024003F1080545E800210029F4D1354A3C
:10765000202061679342C4F88C00216702D05A68E9
:10766000110236D4E26E012A44D0D4F8A03020466C
:107670009847B4F85E309BB2002B3FF47AAFB4F871
:1076800068209A427FF675AF236803F1080252E83A
:10769000002F22F0805203F1080040E80021002969
:1076A000F3D1214A626753E8002F42F0200243E8F9
:1076B00000210029F7D15CE7002AA5D0002DA3D036
:1076C000C3F82090D4F8903043F00203C4F890300F
:1076D0009AE753E8002F22F0806243E80021002956
:1076E000C0D053E8002F22F0806243E80021002937
:1076F000EFD1B7E70022E26653E8002F22F0100234
:1077000043E800210029F7D1DA69D20601D5102219
:107710001A62D4F8C0302046B4F85C109847A8E745
:10772000FEFFFFEF000C0058A97900082DE9F84F83
:107730000368B0F860A0D3F81CB01E689D68D0F84C
:107740008C20222A05D09A6942F008029A61BDE88D
:10775000F88FB0F86830044606F4807605F001052D
:10776000002B72D000274FF004094FF002081BF0E5
:10777000200F6AD02368A16D5A6A0AEA020221F832
:10778000022BB4F85E20A165013A92B2A4F85E2003
:10779000D3F81CB01BF0070F2BD01BF0010F08D043
:1077A0003EB101221A62D4F8902042F00102C4F8DE
:1077B00090201BF0020F0BF0040269D085B1C3F8D2
:1077C0002080D4F8901041F00401C4F890103AB130
:1077D000C3F82090D4F8903043F00203C4F89030FE
:1077E000D4F890302BB1D4F8A43020469847C4F890
:1077F0009070B4F85E309BB2002BB8D1236853E888
:10780000002F22F4807243E800210029F7D13A4882
:1078100003F1080252E8002F024003F1080545E891
:1078200000210029F4D1354A202061679342C4F831
:107830008C00216702D05A68110236D4E26E012A08
:1078400044D0D4F8A03020469847B4F85E309BB2BC
:10785000002B3FF47CAFB4F868209A427FF677AFF4
:10786000236803F1080252E8002F22F0805203F14E
:10787000080040E800210029F3D1214A626753E85B
:10788000002F42F0200243E800210029F7D15EE7F3
:10789000002AA5D0002DA3D0C3F82090D4F89030B2
:1078A00043F00203C4F890309AE753E8002F22F027
:1078B000806243E800210029C0D053E8002F22F065
:1078C000806243E800210029EFD1B7E70022E26699
:1078D00053E8002F22F0100243E800210029F7D1DD
:1078E000DA69D20601D510221A62D4F8C0302046D7
:1078F000B4F85C109847A8E7FEFFFFEF000C0058B3
:10790000ED790008036810B453E8002F22F4907258
:1079100043E800210029F7D103F1080252E8002FC3
:1079200022F0010203F1080444E800210029F3D108
:107930001C4A202441679342C0F88C40016702D062
:107940005A68110207D4C26E012A15D0D0F8A030AF
:107950005DF8044B184753E8002F22F0806243E89B
:1079600000210029EFD053E8002F22F0806243E885
:1079700000210029EFD1E6E70022C26653E8002F7C
:1079800022F0100243E800210029F7D1DA69D2067B
:1079900001D510221A62D0F8C030B0F85C105DF842
:1079A000044B1847000C0058D0F88C10B0F860C099
:1079B0002229026804D0936943F008039361704759
:1079C000526A816D02EA0C020A70B0F85E20816D85
:1079D000013A013192B28165A0F85E20B0F85E30C4
:1079E0009BB2002BEBD1FFF78DBF00BF10B4D0F8D6
:1079F0008C40B0F86010222C026806D0936943F0E6
:107A0000080393615DF8044B7047526A846D11401E
:107A100024F8021BB0F85E208465013A92B2A0F807
:107A20005E20B0F85E309BB2002BEBD15DF8044BCA
:107A3000FFF768BF704700BF704700BF704700BFC7
:107A4000704700BF704700BF704700BF704700BF5E
:107A5000D0F88C30202B5DD1002960D030B4B2FA40
:107A600082F46409002A57D00368C466574CA342C5
:107A700002D05C6824023CD4816500248168A0F8AF
:107A80005C20B1F5805FA0F85E20446766D00029D5
:107A900047D10169002914BF7F24FF240021A0F8E9
:107AA0006040C0F890102221C0F88C1003F108014A
:107AB00051E8001F41F0010103F1080545E80014F9
:107AC000002CF3D1416E8568B1F1005F04694CD0A0
:107AD000B5F5805F2ED03E4A426774B353E8002F5D
:107AE00042F4907243E800210029F7D1002030BC15
:107AF000704753E8004F44F0806443E80045002D90
:107B0000BAD053E8004F44F0806443E80045002DAC
:107B1000EFD1B1E702207047012030BC704701204F
:107B20007047B1F1805FB9D10169002914BF3F24CA
:107B30007F24B3E784BB274A426753E8002F42F013
:107B4000200243E800210029D0D053E8002F42F062
:107B5000200243E800210029EFD1C7E7016940F284
:107B6000FF14002918BFFF2498E7B0F8681091426D
:107B7000AED8B5F5805F12D0174A426794B903F1C9
:107B8000080252E8002F42F0805203F1080040E85A
:107B900000210029F3D1A9E70D4A42679EE794B17D
:107BA0000D4A426753E8002F42F4807243E80021F7
:107BB0000029E4D053E8002F42F4807243E800210A
:107BC0000029EFD1DBE7054A4267D8E7000C0058EF
:107BD000A9790008ED790008517500082D77000893
:107BE000036840F60F0CDA69196812EA0C0F70B5D9
:107BF00004469D6845D1960607D501F0200C05F096
:107C0000805E5CEA0E0C40F00681E06E012800F018
:107C10009880D6021FD4160606D505F4000501F09B
:107C20008000284340F0FE8050061FD54E061DD52B
:107C300053E8002F22F0400243E800210029F7D149
:107C400020210022D4F898302046C4F88810A2677A
:107C5000BDE8704018476802DDD54FF48011D4F8B4
:107C6000B42020461962BDE870401047150202D5C5
:107C7000480000F13A81D30102D50029C0F23B81CE
:107C800070BDBA4805EA000CB948084050EA0C003B
:107C9000BBD0D60709D5C80507D501201862D4F88E
:107CA000900040F00100C4F89000960702F0040034
:107CB00040F1A280EE070AD502261E62D4F8906039
:107CC00046F00406C4F89060002840F09B80160738
:107CD0000CD501F0200050EA0C0007D008201862F3
:107CE000D4F8900040F00800C4F8900010050AD5C0
:107CF0004E0108D54FF400601862D4F8900040F0AF
:107D00002000C4F89000D4F890000028B8D0900665
:107D100006D501F0200105F08055294340F0DD80B3
:107D2000D4F890109A6801F0280102F0400252EA5B
:107D300001057FD1D4F8A43020469847C4F890506C
:107D400070BDD6067FF565AFC8067FF562AF10221D
:107D5000B4F85C501A629A68520640F1D080D4F8A8
:107D600080000168496889B2002900F00781A942B2
:107D700080F00481C269A4F85E10B2F5807F2FD034
:107D800053E8002F22F4807243E800210029F7D144
:107D900003F1080252E8002F22F0010203F1080566
:107DA00045E800210029F3D103F1080252E8002F31
:107DB00022F0400203F1080545E800210029F3D133
:107DC0002022C4F88C20E16653E8002F22F0100234
:107DD00043E800210029F7D1FDF74CFBB4F85C50D3
:107DE0000222D4F8C03020462267B4F85E10691A27
:107DF000BDE8704089B2184700283FF468AFE80733
:107E00007FF565AF04201862D4F8900040F00200BE
:107E1000C4F890005BE7436F002B3FF431AFBDE83F
:107E200070401847A36F002B3FF42AAF2046BDE8EF
:107E30007040184753E8002F22F4907243E8002165
:107E40000029F7D14B4803F1080252E8002F024005
:107E500003F1080545E800210029F4D1E26E012A6A
:107E600024D000222021C4F88C10E2669968626751
:107E70004A062CD503F1080252E8002F22F04002F6
:107E800003F1080040E800210029F3D1D4F8800074
:107E9000E8B1394B0365FDF79FFC00283FF4F0AED5
:107EA000D4F88000BDE87040036D184753E8002FF8
:107EB00022F0100243E800210029D2D053E8002F1D
:107EC00022F0100243E800210029EFD1C9E7D4F8DD
:107ED000A4302046BDE870401847626F002A3FF486
:107EE0001FAF2046904723681AE7D4F8BC302046DD
:107EF000BDE870401847D4F8B830204697E7B4F88A
:107F00005E10B4F85E206D1A92B2A9B2002A3FF456
:107F1000B7AE00293FF4B4AE53E8002F22F49072BC
:107F200043E800200028F7D1124D03F1080252E87F
:107F3000002F2A4003F1080646E800200028F4D16B
:107F400020226067C4F88C20E06653E8002F22F0FE
:107F5000100243E800200028F7D10222D4F8C030F4
:107F600020462267BDE87040184700BF010000109E
:107F700020010004FEFFFFEF41750008A9427FF4D5
:107F80007FAEC369B3F5807FE7D070BD01698268B9
:107F900003680A43A64970B545690446C06986B0BE
:107FA0002A431D6802432940656A0A43E1681A6052
:107FB0005A6822F440520A43A1695A609D4A93428A
:107FC00000F01F81226A9E6811439B4A3240114390
:107FD0009960DA6A22F00F022A43DA62974A9342E2
:107FE0002ED0974A934220D0964A93421DD0964A6B
:107FF00093421AD0954A934217D0954A93421FD084
:10800000944A934211D0944A93420ED0934A934299
:1080100016D0934A934213D0012000234FF001124F
:108020006367A266A36706B070BD8E4B5B6D03F0FD
:108030000703052BF0D8DFE803F09D5F69717E9799
:10804000884B5B6D03F03803282BE5D801A252F86A
:1080500023F000BFCF8100081980000819800008B4
:10806000198000081980000819800008198000088C
:1080700019800008F980000819800008198000089C
:10808000198000081980000819800008198000086C
:10809000198000080D810008198000081980000867
:1080A000198000081980000819800008198000084C
:1080B000198000081D810008198000081980000837
:1080C000198000081980000819800008198000082C
:1080D00019800008378100081980000819800008FD
:1080E000198000081980000819800008198000080C
:1080F0001980000869810008B0F5004F40D068463B
:10810000FCF7D8FB019868B3656A18E0B0F5004F3A
:108110006DD003A8FCF768FC0498F4E7B0F5004FB5
:108120005BD0504B1A6892064CD51B684E48C3F37F
:10813000C103D84003E0B0F5004F4C4827D04C4A6B
:10814000636832F815104FF6EF72B0FBF1F000EBF8
:108150005300B0FBF3F0A0F1100393423FF65CAF85
:108160002368D860002058E7B0F5004F0FD04FF4D7
:108170000040E4E7B0F5004F26D0FBF7E7FAC2E78E
:108180006846FCF797FB01980028EBD0656A384BEE
:10819000626833F815105308B0FBF1F003EB4003AD
:1081A0004FF6EF71B3FBF2F3A3F110028A423FF6F0
:1081B00033AF23F00F02C3F34203216892B213439B
:1081C000CB60CFE72848BAE7FBF7C0FADCE7B0F5A9
:1081D000004F11D0FBF702FB95E7224B1A6891067E
:1081E0000DD51B682048C3F3C103D840CFE703A8CF
:1081F000FCF7FAFB0498C7E7FBF7F0FAC4E71A4864
:10820000C5E798680C4A02400A4316499A60DA6A40
:1082100022F00F022A43DA628B6D03F00703052B6D
:108220003FF6FAAEDFE803F0605B5226666300BFFC
:10823000F369FFCF000C0058FFF4FF11001001405C
:108240000044004000480040004C00400050004006
:108250000014014000780040007C004000180140FC
:10826000001C0140004402580090D00300093D006A
:1082700044AF0008234B1A6890063DD42248234B94
:10828000666833F8152006EB4601B0FBF2F399421D
:108290003FF6C2AEB3EB063F3FF6BEAE0023194633
:1082A000F8F72AF932460902030241EA1061700820
:1082B00018184FF0000341F10001F8F71DF9144BB5
:1082C000A0F540729A423FF6A7AE49E703A8FCF733
:1082D0008BFB049800283FF445AF656ACFE76846FA
:1082E000FCF7E8FA0198F5E7FCF7D2FAF2E74FF469
:1082F0000040C4E70748C2E71B680348C3F3C10353
:10830000D840BCE7004402580090D00344AF0008B6
:10831000FFFC0F0000093D00836A1A0710B406D560
:108320000168846B4A6822F4004222434A60DC07F9
:1083300006D50168C46A4A6822F4003222434A60C2
:10834000990706D50168046B4A6822F480322243FB
:108350004A605A0706D50168446B4A6822F48022B5
:1083600022434A60DC0606D50168C46B8A6822F4A1
:10837000805222438A60990606D50168046C8A6897
:1083800022F4005222438A605A060AD50168446CDE
:108390004A68B4F5801F22F4801242EA04024A605F
:1083A0000BD01B0606D50268C16C536823F400236A
:1083B0000B4353605DF8044B70474A68846C22F4A9
:1083C000C00222434A60ECE738B500230446C0F8F7
:1083D0009030FDF75DFE2268054613681B070FD439
:1083E0001368590731D4002320221846C4F8882086
:1083F000C4F88C20E3662367002384F8843038BDFA
:10840000D3699802ECD40CE019681A46490705D5DF
:10841000D96908074AD4D969090575D4DB69980276
:10842000DED4FDF735FE431BB3F1007F2368EBD3A9
:1084300053E8002F22F0800243E800210029F7D101
:108440002023C4F888300320D6E7D3695B02CAD45E
:108450000DE01A68500707D5DA69110700F182802C
:10846000DA69120500F1AC80DB695B02BBD4FDF771
:108470000FFE431BB3F1007F2368EAD353E8002FBC
:1084800022F4907243E800210029F7D103F1080299
:1084900052E8002F22F0010203F1080040E8002119
:1084A0000029F3D12023C4F88C30CCE708221A62CB
:1084B00053E8002F22F4907243E800210029F7D1FD
:1084C000564803F1080252E8002F024003F1080564
:1084D00045E800210029F4D1E26E012A0BD00022E8
:1084E00020200821C4F88C006267E26684F88420AA
:1084F000C4F890109CE753E8002F22F0100243E8E4
:1085000000210029F7D1EAE74FF400621A6253E82C
:10851000002F22F4907243E800210029F7D13F4850
:1085200003F1080252E8002F024003F1080545E874
:1085300000210029F4D1E26E012A0AD00022202174
:108540006267C4F88C1084F88420E266C4F8901046
:108550006EE753E8002F22F0100243E800210029C3
:10856000F7D1EBE708221A6253E8002F22F4907249
:1085700043E800210029F7D1284803F1080252E816
:10858000002F024003F1080545E800210029F4D13D
:10859000E26E012A0BD0002220200821C4F88C00B2
:1085A0006267E26684F88420C4F8901066E753E8B6
:1085B000002F22F0100243E800210029F7D1EAE75A
:1085C0004FF400621A6253E8002F22F4907243E8DD
:1085D00000210029F7D1114803F1080252E8002FC9
:1085E000024003F1080545E800210029F4D1E26EBC
:1085F000012A0AD0002220216267C4F88C1084F876
:108600008420E266C4F8901038E753E8002F22F087
:10861000100243E800210029F7D1EBE7FEFFFFEF4E
:10862000002853D0D0F8883010B504460BB3226828
:108630002423A16AC4F88830136823F0010313606F
:1086400000293AD12046FFF7A1FC012833D0236846
:1086500020465A6822F490425A609A6822F02A0210
:108660009A601A6842F00102BDE810401A60FFF7F4
:10867000ABBE174A1748184984F88430C4F89420D0
:10868000164B174AC4E92601C4E9282315481649A0
:10869000164A174BC4E92A01C4E92C231548164988
:1086A000164AD4F8C430C4F8C020C4E92E0143B13E
:1086B00020469847BBE7012010BD2046FFF72CFE5F
:1086C000C0E70F4A1346C4F8C420F1E70120704701
:1086D0003D7A0008397A0008417A0008457A000896
:1086E00061090008497A00084D7A0008357A0008C7
:1086F00005870008098700080D8700083D750008F8
:108700008D190008704700BF704700BF704700BF59
:1087100090F88420012A17D0026803462420002103
:1087200030B4C3F8880020251068146820F0005089
:1087300024F001041460596610600846C3F888509C
:1087400083F8841030BC70470220704790F8842072
:10875000012A37D002680346242030B5C3F88800C8
:108760001468106820F001001060906820F06040EC
:108770000143586E916010B391689068C1F3426CE8
:1087800011494FEA507E114D11F80E0011F80C10EE
:1087900015F80EE0000115F80C500901B0FBFEF0D1
:1087A000B1FBF5F1A3F8681020250021A3F86A00B9
:1087B00014600846C3F8885083F8841030BD012146
:1087C0000846EFE70220704764AF00085CAF00087E
:1087D00090F88420012A37D002680346242030B55F
:1087E000C3F888001468106820F0010010609068D9
:1087F00020F060600143586E916010B391689068FA
:10880000C1F3426C11494FEA507E114D11F80E0030
:1088100011F80C1015F80EE0000115F80C500901C4
:10882000B0FBFEF0B1FBF5F1A3F8681020250021A4
:10883000A3F86A0014600846C3F8885083F88410CF
:1088400030BD01210846EFE70220704764AF000801
:108850005CAF00082A492B4AD1F8883043F47003F2
:1088600010B4C1F88830136803F00F03062B05D845
:10887000136823F00F0343F007031360224B002417
:10888000224A19681F4841F0010119601C611968EA
:108890000A401A600368190705D5036823F00F031F
:1088A00043F007030360184B00221949194C1A487A
:1088B0009A61DA611A629C62D86219635A63996399
:1088C000DA6319645A64196821F4802119601A6600
:1088D000D3F8D420D2040FD4D3F8D42043F2D2005A
:1088E0000E4942F48052C3F8D4200860D3F8D42053
:1088F00022F48052C3F8D4205DF8044B704700BFC7
:1089000000ED00E000200052004402587FEDF6EA3E
:1089100080020101000202020000FF01004000523B
:10892000044AD36843F00203D36053689B04FCD528
:10893000704700BF0048025830B5002285B0044699
:108940000D46018AC06805F01F05FCF721FA4FF4B7
:10895000FA630DF10F020DF10E010093012320685F
:108960008DF80E50FEF7E0FAC0B94FF4FA63FF201D
:108970000DF10F020DF10E01009301238DF80E0091
:108980002068FEF7D1FA60B99DF80F500122E06827
:10899000218AFCF7FDF9284605B030BDF7F7F4FF52
:1089A000E3E7F7F7F1FFEFE72DE9F0410D4684B07B
:1089B000018A904604460022C0680DF10F07FCF7BB
:1089C000E7F91F2D0DF10E0621D84FF4FA6345F09B
:1089D00020053A4631460093012320688DF80E5059
:1089E000FEF7A2FA90BB4FF4FA633A4631468DF88F
:1089F0000E80009301232068FEF796FAD8B9012271
:108A0000218AE06804B0BDE8F041FCF7C1B94FF439
:108A1000FA633A4631468DF80E50009301232068E0
:108A2000FEF782FA50B905F11F03DBB2022BE6D93B
:108A3000FF2DE4D0D7E7F7F7A7FFE0E7F7F7A4FFAC
:108A400005F11F03DBB2022BF2D8D8E7F7F79CFF42
:108A5000C9E700BF30B5018A85B000220446C0686E
:108A6000FCF796F94FF4FA6320220DF10E01009302
:108A700001238DF80E200DF10F022068FEF754FA45
:108A8000002840F03C834FF4FA630A220DF10E01F6
:108A9000009301238DF80E200DF10F022068FEF7E0
:108AA00043FA002840F09A830122218AE068FCF70B
:108AB0006FF90022218AE068FCF76AF94FF4FA6343
:108AC00021220DF10E01009301238DF80E200DF1EE
:108AD0000F022068FEF728FA002840F07C834FF44C
:108AE000FA633F220DF10E01009301238DF80E2051
:108AF0000DF10F022068FEF717FA002840F0688396
:108B00000122218AE068FCF743F90022218AE0680B
:108B1000FCF73EF94FF4FA6322220DF10E010093A7
:108B200001238DF80E200DF10F022068FEF7FCF9ED
:108B3000002840F04A834FF4FA6303220DF10E013E
:108B4000009301238DF80E200DF10F022068FEF72F
:108B5000EBF9002840F036830122218AE068FCF717
:108B600017F90022218AE068FCF712F94FF4FA6342
:108B700023220DF10E01009301238DF80E200DF13B
:108B80000F022068FEF7D0F9002840F018834FF458
:108B9000FA6303220DF10E01009301238DF80E20DC
:108BA0000DF10F022068FEF7BFF9002840F00483A2
:108BB0000122218AE068FCF7EBF80022218AE068B4
:108BC000FCF7E6F84FF4FA6324220DF10E0100934E
:108BD00001238DF80E200DF10F022068FEF7A4F995
:108BE000002840F0E6824FF4FA6303220DF10E01F3
:108BF000009301238DF80E200DF10F022068FEF77F
:108C000093F9002840F0D2820122218AE068FCF723
:108C1000BFF80022218AE068FCF7BAF84FF4FA6343
:108C200025220DF10E01009301238DF80E200DF188
:108C30000F022068FEF778F9002840F0B4824FF464
:108C4000FA6303220DF10E01009301238DF80E202B
:108C50000DF10F022068FEF767F9002840F0A082AE
:108C60000122218AE068FCF793F80022218AE0685B
:108C7000FCF78EF84FF4FA6326220DF10E010093F3
:108C800001238DF80E200DF10F022068FEF74CF93C
:108C9000002840F082824FF4FA630E220DF10E019B
:108CA000009301238DF80E200DF10F022068FEF7CE
:108CB0003BF9002840F06E820122218AE068FCF72F
:108CC00067F80022218AE068FCF762F84FF4FA6343
:108CD00027220DF10E01009301238DF80E200DF1D6
:108CE0000F022068FEF720F9002840F050824FF470
:108CF000FA6300220DF10E01009301238DF80E207E
:108D00000DF10F022068FEF70FF9002840F03C82B9
:108D10000122218AE068FCF73BF80022218AE06802
:108D2000FCF736F84FF4FA6331220DF10E0100938F
:108D300001238DF80E200DF10F022068FEF7F4F8E4
:108D4000002840F01E824FF4FA6300220DF10E015C
:108D5000009301238DF80E200DF10F022068FEF71D
:108D6000E3F8002840F00A820122218AE068FCF73B
:108D70000FF80022218AE068FCF70AF84FF4FA6342
:108D800032220DF10E01009301238DF80E200DF11A
:108D90000F022068FEF7C8F8002840F0EC814FF47D
:108DA000FA6300220DF10E01009301238DF80E20CD
:108DB0000DF10F022068FEF7B7F8002840F0D881C7
:108DC0000122218AE068FBF7E3FF0022218AE068A4
:108DD000FBF7DEFF4FF4FA6333220DF10E0100932F
:108DE00001238DF80E200DF10F022068FEF79CF88C
:108DF000002840F0BA814FF4FA6300220DF10E0111
:108E0000009301238DF80E200DF10F022068FEF76C
:108E10008BF8002840F0A6810122218AE068FBF748
:108E2000B7FF0022218AE068FBF7B2FF4FF4FA6334
:108E300034220DF10E01009301238DF80E200DF167
:108E40000F022068FEF770F8002840F088814FF488
:108E5000FA6300220DF10E01009301238DF80E201C
:108E60000DF10F022068FEF75FF8002840F07481D2
:108E70000122218AE068FBF78BFF0022218AE0684B
:108E8000FBF786FF4FF4FA6335220DF10E010093D4
:108E900001238DF80E200DF10F022068FEF744F833
:108EA000002840F056814FF4FA6300220DF10E01C4
:108EB000009301238DF80E200DF10F022068FEF7BC
:108EC00033F8002840F042810122218AE068FBF754
:108ED0005FFF0022218AE068FBF75AFF4FF4FA6334
:108EE00036220DF10E01009301238DF80E200DF1B5
:108EF0000F022068FEF718F8002840F024814FF494
:108F0000FA6300220DF10E01009301238DF80E206B
:108F10000DF10F022068FEF707F8002840F01081DD
:108F20000122218AE068FBF733FF0022218AE068F2
:108F3000FBF72EFF4FF4FA633C220DF10E01009374
:108F400001238DF80E200DF10F022068FDF7ECFFD4
:108F5000002840F0F2804FF4FA6300220DF10E0178
:108F6000009301238DF80E200DF10F022068FDF70C
:108F7000DBFF002840F0DE800122218AE068FBF759
:108F800007FF0022218AE068FBF702FF4FF4FA6333
:108F90003D220DF10E01009301238DF80E200DF1FD
:108FA0000F022068FDF7C0FF002840F0C0804FF49A
:108FB000FA6300220DF10E01009301238DF80E20BB
:108FC0000DF10F022068FDF7AFFF002840F0AC80E4
:108FD0000122218AE068FBF7DBFE0022218AE0689B
:108FE000FBF7D6FE4FF4FA63E2220DF10E01009377
:108FF00001238DF80E200DF10F022068FDF794FF7C
:10900000002840F08E800122218AE068FBF7C0FE34
:109010000022218AE068FBF7BBFE4FF4FA63E122ED
:109020000DF10E01009301238DF80E200DF10F02BA
:109030002068FDF779FF002870D10122218AE068BD
:10904000FBF7A6FE0022218AE068FBF7A1FE4FF4A1
:10905000FA6307220DF10E01009301238DF80E2013
:109060000DF10F022068FDF75FFF002853D14FF488
:10907000FA63FF220DF10E01009301238DF80E20FB
:109080000DF10F022068FDF74FFF002840D10122AB
:10909000218AE0689DF80F50FBF77AFE0022218AB2
:1090A000E06845F07005FBF773FE27230DF10F0212
:1090B0000DF10E018DF80E304FF4FA630093012389
:1090C0002068FDF731FF00BB4FF4FA630DF10F028A
:1090D0000DF10E018DF80E50009301232068FDF76D
:1090E00023FF78B9218A0122E068FBF751FE0122B3
:1090F000218AE06805B0BDE83040FBF749BEF7F7CC
:1091000043FCC0E4F7F740FCECE7F7F73DFCDBE796
:10911000F7F73AFCBBE7F7F737FCA8E7F7F734FCBB
:109120008BE7F7F731FC6EE7F7F72EFC50E7F7F720
:109130002BFC3CE7F7F728FC1EE7F7F725FC0AE7CE
:10914000F7F722FCECE6F7F71FFCD8E6F7F71CFC74
:10915000BAE6F7F719FCA6E6F7F716FC88E6F7F784
:1091600013FC74E6F7F710FC56E6F7F70DFC42E641
:10917000F7F70AFC24E6F7F707FC10E6F7F704FC1C
:10918000F2E5F7F701FCDEE5F7F7FEFBC0E5F7F7E0
:10919000FBFBACE5F7F7F8FB8EE5F7F7F5FB7AE5B7
:1091A000F7F7F2FB5CE5F7F7EFFB48E5F7F7ECFBC9
:1091B0002AE5F7F7E9FB16E5F7F7E6FBF8E4F7F73A
:1091C000E3FBE4E4F7F7E0FBC6E4F7F7DDFBB2E42A
:1091D000F7F7DAFB94E4F7F7D7FB80E4F7F7D4FB73
:1091E00062E400BF2DE9F041018A86B00022054605
:1091F000C068FBF7CDFD4FF4FA6330220DF10F018B
:10920000009301238DF80F2004AA2868FDF78CFE37
:10921000002871D13D4C4FF4FA66671D14F801CB5C
:109220000123286804AA0DF10F0100968DF80FC0E4
:10923000FDF77AFE00285AD1BC42EFD10122298ADB
:10924000E868FBF7A5FD0022298AE868FBF7A0FD86
:109250004FF4FA6310220DF10F01009301238DF8F2
:109260000F206A442868FDF75FFE002847D104AC50
:109270000DF11508FF274FF4FA66286801230DF158
:109280000F020DF10E0100968DF80E70FDF74CFEE9
:1092900020BB9DF80F3004F8013BA045EDD1012221
:1092A000298AE868FBF774FD9DF810306E2B29D1F0
:1092B0009DF81130522B25D19DF81230462B21D12B
:1092C0009DF81330322B1DD19DF81400A0F134000D
:1092D000B0FA80F0400906B0BDE8F081F7F754FB22
:1092E0009DF80F3004F8013BA045C6D1D7E7F7F74A
:1092F0004BFBBC4292D1A1E7F7F746FB8AE7F7F7B1
:1093000043FBB4E7002006B0BDE8F0817CAF000865
:10931000F0B5054685B017460C460022018AC068A4
:10932000FBF736FD30230DF10F020DF10E018DF824
:109330000E304FF4FA63009301232868FDF7F4FD23
:1093400018BB7E1EF6B29FB101364FF4FA67264471
:1093500014F801CB012328680DF10F020DF10E0165
:1093600000978DF80EC0FDF7DFFD48B9B442EFD18C
:109370000122298AE86805B0BDE8F040FBF708BD86
:10938000F7F702FBB442E3D1F2E7F7F7FDFAD8E7CB
:10939000704700BF70B5002284B004460E46018AB3
:1093A000C068FBF7F5FC4FF4FA6200230DF10E01E3
:1093B00000920DF10F028DF80E3001232068FDF7A9
:1093C000B3FD002847D1FF230DF10F020DF10E016F
:1093D0008DF80E304FF4FA63009301232068FDF7F7
:1093E000A3FD002840D10122218AE0689DF80F509A
:1093F000FBF7CEFC022E4FF00002218AE0680CBF82
:1094000045F0020505F0FD05FBF7C2FC20230DF138
:109410000F020DF10E018DF80E304FF4FA63009338
:1094200001232068FDF780FDD8B94FF4FA630DF1F0
:109430000F020DF10E018DF80E50009301232068EC
:10944000FDF772FD50B90122218AE06804B0BDE841
:109450007040FBF79DBCF7F797FAB4E7F7F794FA7B
:10946000F1E7F7F791FAE0E7F7F78EFABBE700BF0D
:1094700070B5002284B004460E46018AC068FBF72E
:1094800087FC4FF4FA6200230DF10E0100920DF1FA
:109490000F028DF80E3001232068FDF745FD0028EE
:1094A00045D1FF230DF10F020DF10E018DF80E30A5
:1094B0004FF4FA63009301232068FDF735FD00287F
:1094C0003ED10122218AE06806F001069DF80F5086
:1094D000FBF75EFC0022218AE06825F00105FBF71E
:1094E00057FC20230DF10F020DF10E018DF80E3007
:1094F0004FF4FA633543009301232068FDF714FD10
:10950000D8B94FF4FA630DF10F020DF10E018DF889
:109510000E50009301232068FDF706FD50B901228B
:10952000218AE06804B0BDE87040FBF731BCF7F772
:109530002BFAB6E7F7F728FAF1E7F7F725FAE0E7AD
:10954000F7F722FABDE700BF70B5002284B00446E9
:109550000D46018AC068FBF71BFC4FF4FA621D231D
:109560000DF10E0100920DF10F028DF80E30012366
:109570002068FDF7D9FC002840F0BC80FF230DF1E6
:109580000F020DF10E018DF80E304FF4FA630093C7
:1095900001232068FDF7C8FC002840F0A8800122C4
:1095A000218AE0689DF80F60FBF7F2FB002D59D08F
:1095B0000022218AE06846F00406FBF7E9FB3D2320
:1095C0000DF10F020DF10E018DF80E304FF4FA631C
:1095D000009301232068FDF7A7FC002840F093804A
:1095E0004FF4FA630DF10F020DF10E018DF80E60CC
:1095F000009301232068FDF797FC002840F0868047
:109600000122218AE068FBF7C3FB0022218AE0687F
:10961000FBF7BEFB4FF4FA633C220DF10E01009301
:1096200001238DF80E200DF10F022068FDF77CFC60
:1096300000286ED14FF4FA631F2000930DF10F0242
:109640008DF80E000DF10E0101232068FDF76CFC72
:10965000002849D10122218AE06804B0BDE87040A9
:10966000FBF796BB2A46218AE06806F0FB06FBF76B
:109670008FFB3D230DF10F020DF10E018DF80E3021
:109680004FF4FA63009301232068FDF74DFC002896
:1096900042D14FF4FA630DF10F020DF10E018DF876
:1096A0000E60009301232068FDF73EFCB8BB012249
:1096B000218AE068FBF76CFB0022218AE068FBF757
:1096C00067FB4FF4FA633C220DF10E010093012376
:1096D0008DF80E200DF10F022068FDF725FC60B912
:1096E0004FF4FA630020A8E7F7F74EF9B2E7F7F76F
:1096F0004BF954E7F7F748F940E7F7F745F94FF426
:10970000FA63002099E7F7F73FF969E7F7F73CF9C3
:1097100076E7F7F739F98DE7F7F736F9B9E7F7F7AD
:1097200033F9C4E770B5002284B004460D46018ABF
:10973000C068FBF72DFB4FF4FA621D230DF10E01FB
:1097400000920DF10F028DF80E3001232068FDF715
:10975000EBFB002847D1FF230DF10F020DF10E01A5
:109760008DF80E304FF4FA63009301232068FDF763
:10977000DBFB002840D10122218AE0689DF80F60C0
:10978000FBF706FB5DB3002246F00206218AE06883
:10979000FBF7FEFA3D230DF10F020DF10E018DF8DE
:1097A0000E304FF4FA63009301232068FDF7BCFBF1
:1097B000F8B94FF4FA630DF10F020DF10E018DF8B7
:1097C0000E60009301232068FDF7AEFB70B9012203
:1097D000218AE06804B0BDE87040FBF7D9BA2A4698
:1097E00006F0FD06D2E7F7F7CFF8B4E7F7F7CCF8C5
:1097F000EDE7F7F7C9F8DCE7F7F7C6F8BBE700BF16
:1098000070B5002284B004460E46018AC068FBF79A
:10981000BFFA4FF4FA6200230DF10E0100920DF130
:109820000F028DF80E3001232068FDF77DFB002824
:1098300045D1FF230DF10F020DF10E018DF80E3011
:109840004FF4FA63009301232068FDF76DFB0028B5
:109850003ED10122218AE06806F00C069DF80F50E7
:10986000FBF796FA0022218AE06825F00C05FBF749
:109870008FFA20230DF10F020DF10E018DF80E303D
:109880004FF4FA633543009301232068FDF74CFB46
:10989000D8B94FF4FA630DF10F020DF10E018DF8F6
:1098A0000E50009301232068FDF73EFB50B90122C2
:1098B000218AE06804B0BDE87040FBF769BAF7F7A9
:1098C00063F8B6E7F7F760F8F1E7F7F75DF8E0E778
:1098D000F7F75AF8BDE700BF30B5002285B004465F
:1098E0000D46018AC068FBF753FA4FF4FA6225234C
:1098F0000DF10E0100920DF10F028DF80E300123D3
:109900002068FDF711FBA8B94FF4FA630DF10F02BF
:109910000DF10E018DF80E50009301232068FDF724
:1099200003FB50B90122218AE06805B0BDE8304050
:10993000FBF72EBAF7F728F8E6E7F7F725F8F1E78F
:1099400030B5002285B004468D1E018AC068EDB294
:10995000FBF71EFA4FF4FA6223230DF10E01009279
:109960000DF10F028DF80E3001232068FDF7DCFAAF
:10997000A8B94FF4FA630DF10F020DF10E018DF845
:109980000E50009301232068FDF7CEFA50B9012252
:10999000218AE06805B0BDE83040FBF7F9B9F6F779
:1099A000F3FFE6E7F6F7F0FFF1E700BF0529F0B5B2
:1099B0000E4685B00546174662D8012969D80022AF
:1099C000298AE868FBF7E4F903230DF10F020DF192
:1099D0000E018DF80E304FF4FA63009301232868CE
:1099E000FDF7A2FA00285CD14FF4FA630DF10F02E3
:1099F0000DF10E010093FF2328688DF80E3001232E
:109A0000FDF792FA002852D10122298AE8689DF8D0
:109A10000F40FBF7BDF90022298AE8680134FBF703
:109A2000B7F9244B0DF10F020DF10E019B5D57FAB2
:109A300084F443F020038DF80E304FF4FA63009362
:109A400001232868FDF770FA70BB013F4FF4FA66F6
:109A500014F801C9012328680DF10F020DF10E0160
:109A600000968DF80EC0FDF75FFA68B9BC42EFD1E1
:109A70000122298AE86805B0BDE8F040FBF788B903
:109A800006299CD005B0F0BDF6F77EFFBC42DFD1C1
:109A9000EEE7084B1278595C05B0BDE8F040FEF7E0
:109AA00083BFF6F771FF9FE7F6F76EFFCDE7F6F796
:109AB0006BFFA9E78CAF000870B5002284B00446A4
:109AC0000E46018AC068FBF763F94FF4FA62062379
:109AD0000DF10E0100920DF10F028DF80E300123F1
:109AE0002068FDF721FA002843D1FF230DF10F0272
:109AF0000DF10E018DF80E304FF4FA63009301233F
:109B00002068FDF711FA00283CD10122218AE06883
:109B10009DF80F50FBF73CF90022218AE06805F020
:109B2000F905FBF735F926230DF10F020DF10E01B2
:109B30008DF80E304FF4FA6335430093012320680B
:109B4000FDF7F2F9D8B94FF4FA630DF10F020DF1F8
:109B50000E018DF80E50009301232068FDF7E4F903
:109B600050B90122218AE06804B0BDE87040FBF7DB
:109B70000FB9F6F709FFB8E7F6F706FFF1E7F6F7D2
:109B800003FFE0E7F6F700FFBFE700BF70B5002274
:109B900084B004460E46018AC068FBF7F9F84FF41A
:109BA000FA6206230DF10E0100920DF10F028DF8FD
:109BB0000E3001232068FDF7B7F9002843D1FF23B9
:109BC0000DF10F020DF10E018DF80E304FF4FA6316
:109BD000009301232068FDF7A7F900283CD101225A
:109BE000218AE0689DF80F50FBF7D2F80022218A05
:109BF000E06805F0D705FBF7CBF826230DF10F023F
:109C00000DF10E018DF80E304FF4FA6335430093D9
:109C100001232068FDF788F9D8B94FF4FA630DF1F4
:109C20000F020DF10E018DF80E50009301232068F4
:109C3000FDF77AF950B90122218AE06804B0BDE845
:109C40007040FBF7A5B8F6F79FFEB8E7F6F79CFE65
:109C5000F1E7F6F799FEE0E7F6F796FEBFE700BFFB
:109C60002DE9F04F044685B017460E460022018AC2
:109C7000C0689A46FBF78CF802230DF10F020DF134
:109C80000E018DF80E304FF4FA6300930123206823
:109C9000FDF74AF9002840F0AF804FF4FA630DF168
:109CA0000F020DF10E010093FF2320688DF80E3096
:109CB0000123FDF739F9002840F0B3804FF0010B84
:109CC000218AE0685A469DF80F500BFA06F8FBF718
:109CD0005FF80022218AE0685FFA88F9FBF758F8FC
:109CE0004FF4FA6249EA05055B46009222220DF123
:109CF0000E0120688DF80E200DF10F0205F03F05D2
:109D0000FDF712F9002840F089804FF4FA630DF155
:109D10000F020DF10E018DF80E5000930123206803
:109D2000FDF702F9002876D10122218AE068FBF7CD
:109D30002FF83D4B0AF03F022046995DFEF734FEB6
:109D40000022218AE068FBF723F84FF4FA6201232E
:109D50000DF10E0100920DF10F0220688DF80E300A
:109D6000FDF7E2F8002853D14FF4FA630DF10F022A
:109D70000DF10E010093FF2320688DF80E300123B2
:109D8000FDF7D2F8002840D10122218AE0689DF831
:109D90000F50FAF7FDFF012F4FF00002218AE06813
:109DA0000CBF49EA050525EA0805FAF7F1FF21236A
:109DB0000DF10F020DF10E018DF80E304FF4FA6324
:109DC000009301232068FDF7AFF8D8B94FF4FA6388
:109DD0000DF10F020DF10E018DF80E5000930123CD
:109DE0002068FDF7A1F850B90122218AE06805B08A
:109DF000BDE8F04FFAF7CCBFF6F7C6FD4DE7F6F732
:109E0000C3FDF1E7F6F7C0FDE0E7F6F7BDFDBBE700
:109E1000F6F7BAFDA8E7F6F7B7FD85E7F6F7B4FD64
:109E200073E7F6F7B1FD49E794AF0008F0B50022FB
:109E300085B004460E46018AC068FAF7A9FF4FF4C0
:109E4000FA6201230DF10E0100920DF10F0220685C
:109E50008DF80E30FDF768F8002845D1FF230DF18D
:109E60000F020DF10E018DF80E304FF4FA630093DE
:109E700001232068FDF758F800283ED10127218AE8
:109E8000E0683A469DF80F50FAF782FF0022218AD7
:109E900007FA06F6E068FAF77BFF4FF4FA623543FB
:109EA0003B46009221220DF10E0120688DF80E2014
:109EB0000DF10F02EDB2FDF737F8D8B94FF4FA63A0
:109EC0000DF10F020DF10E018DF80E5000930123DC
:109ED0002068FDF729F850B90122218AE06805B011
:109EE000BDE8F040FAF754BFF6F74EFDB6E7F6F7D7
:109EF0004BFDF1E7F6F748FDE0E7F6F745FDBDE776
:109F000030B5018A85B000220446C068FAF740FFE8
:109F10004FF4FA6317220DF10E01009301238DF81F
:109F20000E200DF10F022068FCF7FEFFC8B94FF4B8
:109F3000FA63FF200DF10F020DF10E0100930123D2
:109F40008DF80E002068FCF7EFFF68B99DF80F5000
:109F50000122E068218AFAF71BFF05F0030005B033
:109F600030BDF6F711FDE2E7F6F70EFDEEE700BFB4
:109F700030B5018A85B000220446C068FAF708FFB0
:109F80004FF4FA6307220DF10E01009301238DF8BF
:109F90000E200DF10F022068FCF7C6FF002842D109
:109FA0004FF4FA63FF220DF10E01009301238DF8A7
:109FB0000E200DF10F022068FCF7B6FF00283BD100
:109FC0000122218AE0689DF80F50FAF7E1FE002295
:109FD000218AE06845F07005FAF7DAFE27230DF1D3
:109FE0000F020DF10E018DF80E304FF4FA6300935D
:109FF00001232068FCF798FFD8B94FF4FA630DF1FC
:10A000000F020DF10E018DF80E5000930123206810
:10A01000FCF78AFF50B90122218AE06805B0BDE84B
:10A020003040FAF7B5BEF6F7AFFCB9E7F6F7ACFC8F
:10A03000F1E7F6F7A9FCE0E7F6F7A6FCC0E700BFFA
:10A040002DE9F043044685B090460D460022018A72
:10A05000C068FAF79DFE07230DF10F020DF10E0106
:10A060008DF80E304FF4FA63009301232068FCF75B
:10A070005BFF002867D14FF4FA630DF10F020DF179
:10A080000E010093FF2320688DF80E300123FCF7AA
:10A090004BFF002854D19DF80F600122218AC6F39E
:10A0A0004206E068FAF774FE052E07D90023FF2662
:10A0B00088F80030304605B0BDE8F083294B2046D3
:10A0C000995DFEF739FC074688F800000028F1D0BA
:10A0D0000022218AE068FAF75BFE4FF4FA630DF183
:10A0E0000F020DF10E010093612320688DF80E30F0
:10A0F0000123FCF719FF90BB013F4FF0FF094FF41C
:10A10000FA6855FA87F7013DCDF8008001230DF17B
:10A110000F020DF10E0120688DF80E90FCF704FF80
:10A12000A0B99DF80F3005F8013FAF42ECD1E068CF
:10A130000122218AFAF72CFE304605B0BDE8F083F3
:10A14000F6F722FCA7E7F6F71FFC94E7F6F71CFCEE
:10A150009DF80F3005F8013FAF42D5D1E7E7F6F79C
:10A1600013FCC9E794AF000810B5018A84B000223F
:10A170000446C068FAF70CFE4FF4FA6350220DF162
:10A180000E01009301238DF80E200DF10F022068BF
:10A19000FCF7CAFEB0B94FF4FA6373200DF10F0259
:10A1A0000DF10E01009301238DF80E002068FCF7DD
:10A1B000BBFE50B90122218AE06804B0BDE810401E
:10A1C000FAF7E6BDF6F7E0FBE5E7F6F7DDFBF1E7CA
:10A1D000F0B5054685B00E461446018A0022C068D7
:10A1E0001F46FAF7D5FD4FF4FA6366F057060DF1F6
:10A1F0000F0200930DF10E01012328688DF80E6007
:10A20000FCF792FE18BB7E1EF6B29FB101364FF4EA
:10A21000FA67264414F801CB012328680DF10F02D8
:10A220000DF10E0100978DF80EC0FCF77DFE48B9C8
:10A23000B442EFD10122298AE86805B0BDE8F040B8
:10A24000FAF7A6BDF6F7A0FBB442E3D1F2E7F6F7C2
:10A250009BFBD8E770B584B00446FFF751FE012898
:10A2600005D1204604B0BDE87040FFF781BE01AEC5
:10A270000A230DF10202204631468DF80230FFF725
:10A28000DFFE4FF4007105465B48FAF77BFDB0FA3C
:10A2900080F02946594D40090DF1030201238DF844
:10A2A00003002046FFF794FF2B4696E8070003C300
:10A2B0001A802B78B5F80100514AC10B10F4F84F01
:10A2C0001370C0F384264FEAC171C0F3090357D15C
:10A2D000002B6ED1B5F80300516010F4F84F4FEA2F
:10A2E000D031C0F38426C0F309034FEAC1713FD1D6
:10A2F000002B4DD1B5F80500916010F4F84F4FEAEE
:10A30000D031C0F38426C0F309034FEAC17127D1CD
:10A310007BB14FF0FF309C465B000646013813F4DA
:10A32000806FF8D0374B6F3603EA8C33194341EA1C
:10A33000C651B5F80730D1609B0B1374B5F8070010
:10A34000697AC0F30D006B7A090903F00F0350829C
:10A3500020461175537504B0BDE87040FFF708BE84
:10A360001F2E37D041EA4331703641EAC651E0E74B
:10A370001F2E3BD041EA4331703641EAC651B9E75E
:10A380001F2E2DD041EA4331703641EAC651A1E774
:10A390004FF0FF309C465B000646013813F4806F97
:10A3A000F8D0184B6F3603EA8C33194341EAC65193
:10A3B000A0E74FF0FF309C465B000646013813F4DF
:10A3C000806FF8D00F4B6F3603EA8C33194341EAA4
:10A3D000C6517FE70BB141EA433141F0FF41A8E7A5
:10A3E0000BB141EA433141F0FF4173E70BB141EA60
:10A3F000433141F0FF417DE700040258F40C002096
:10A40000000D002000E07F0030B50189054683B0D3
:10A41000002240680C24FAF7BBFC01E0FBF73EFE8B
:10A420002846FEF7DFFE0246631E0A203AB913F003
:10A43000FF04F3D103B0BDE83040F6F7A5BA2846D3
:10A44000FEF708FB2846FF21FFF7F0FC28464C21C9
:10A45000FFF742FA28460021FFF798FB28460C2117
:10A46000FFF7CEF928460521FFF76AFA28460221B0
:10A47000FFF722FB204B052293E8030000902846BB
:10A48000ADF804106946FEF743FF6A4628460121ED
:10A49000FFF78CFA01220A2328461146FFF7E0FB5A
:10A4A0002846FFF761FE28460121FEF7E1FF284616
:10A4B0000121FFF749F801212846FFF733F90A2067
:10A4C000FBF7ECFD28460221FEF764FF29890022F4
:10A4D0006868FAF75DFC0A20FBF7E0FD2846FEF706
:10A4E00057FF41F28830FBF7D9FD012229896868BE
:10A4F000FAF74EFC03B030BD84AF00082DE9F041FF
:10A5000001238AB00225DFF86C8000244FF400722A
:10A51000164F02A9164E4046CDE904534FF4FE6390
:10A52000CDE90244CDE90623FCF772F802A93846CA
:10A53000FCF76EF802A93046FCF76AF823462A4673
:10A54000294640460094FCF7A7F823462A462946A8
:10A5500038460094FCF7A0F823462A4629463046A0
:10A560000094FCF799F80AB0BDE8F0816001002082
:10A57000740000204C02002070B5104EFFF7BEFFA3
:10A580000F4D00F00DF90F4C3046FCF7A3F82846AC
:10A59000FCF7A0F82046FCF79DF800220121304688
:10A5A000FCF7B4F9002201212846FCF7AFF9204658
:10A5B00000220121BDE87040FCF7A8B94C02002040
:10A5C000600100207400002010B500238AB0082428
:10A5D0000993CDE9011301A9CDE90334CDE9053390
:10A5E000CDE90733FCF794F80AB010BDCB0700D4CF
:10A5F000704700B58BB0094B40216A46FCF7C0F8A4
:10A6000010B10BB05DF804FB0098431EDBB2032BC6
:10A61000F7D80249C0B200F0DBF8F2E7180D0020CD
:10A620000248002130220163F5F752BE200D0020C0
:10A630009FED507ADFED507A20EE077A9FED4F6A5A
:10A6400060EE277ADFED4E5A20EE460ADFED4D6AC6
:10A65000A0EEA57A9FED4C6AF0EE675A4B4BD0EE18
:10A66000A67ADFED4B3AA0EE860A9FED4A6AE0EE4D
:10A67000A65ADFED496AA1EE267AE1EE267AA1EE2E
:10A68000260AE1EE265AC7EE064A85EE865A87EE7E
:10A69000867AC0EE066AC0ED004AC3ED004A80ED3E
:10A6A000015A83ED015A80ED027A83ED027AC0ED02
:10A6B000036AB0EEE66AC3ED036A90ED007A90EDAE
:10A6C000015AF0EEC77AD0ED025AB0EEC54AF0EE6C
:10A6D000E54AF5EEC07AF1EE10FAD8BFDFED2F7A39
:10A6E000F4EE447AF1EE10FA48BFF0EE447AF4EE5C
:10A6F000647AF1EE10FA48BFF0EE647AB4EE676A5D
:10A70000F1EE10FA76FE277AF4EEE37AF1EE10FA23
:10A7100013DD83EEA76A66EE077A26EE055A66EE2B
:10A72000255A66EE866AC0ED007AB0EE677A80ED53
:10A73000015AC0ED025AC0ED036AF1EE007A1A6BBD
:10A74000013227EE277A83ED047A90ED017A27EE25
:10A75000277A83ED057A90ED027A27EE277A83ED4A
:10A76000067A90ED037A1A6367EE277AC3ED077ACB
:10A77000704700BFA46A573FE17F2E3FA56A573F4D
:10A7800042510A3FF64F3BBF40510A3F200D002087
:10A790000000704262A1D63CC520B03D0000000020
:10A7A000094B002209490020C3E9002208624862DF
:10A7B0008862C862C3E90222C3E90422C3E906220F
:10A7C000C3E90822704700BF540D0020200D00206F
:10A7D000013803282AD849B3C0B210B50B88164CEB
:10A7E0005BBA24F830304A8852BA13B207EE103AF6
:10A7F00004EBC0039FED0E6BB8EEC77B5A808A88CE
:10A8000027EE067B52BA9A808A799A710B4AB7EE84
:10A81000C77BC97902EB8002D97182ED087AFBF718
:10A8200037FC636A0133C4E9080310BD704700BFF9
:10A83000D5EB7BF3E9CEBA3F540D0020200D00206C
:10A84000032803D8024B03EBC00070470020704779
:10A85000540D002003287DD830EE600A524AD2ED14
:10A86000007AB0EEC07AB4EEE77AF1EE10FA6AD46C
:10A870004E4B4FEA001C9FED4E6A03EB0010DFEDDC
:10A880004D6A90ED007AA0EE067A10B44A4CB4EE10
:10A89000E67AD4ED007A67EE807AF1EE10FA06DC03
:10A8A000DFED466AB4EEE67AF1EE10FA78D5B0EE56
:10A8B000667A03EB0C01D4ED015AD4ED024A91ED16
:10A8C000016AE5EE877A9FED3A5A30EE467AC1ED9D
:10A8D000006AD2ED015A81ED010A27EE247AC7EE13
:10A8E000056A77EEA67AB0EEE77AB4EEE57AF1EE95
:10A8F00010FA32D5D1ED026A92ED017AB0EEE66A35
:10A90000B4EEC76AF1EE10FA47D49FED2D7AF4EE5B
:10A91000C77AF1EE10FA36DDF0EE477A294AB7EE43
:10A92000007A63445DF8044B92ED006A92ED000AF0
:10A9300037EE467A20EE260AA7EE270A83ED020AB2
:10A9400083ED030A7047194B002203EB00131A60D2
:10A950009A60DA609FED1C0A7047F5EEC07A92EDBE
:10A96000017A03EB0C02F1EE10FAD2ED026AD8BFC5
:10A97000B1EE477A77EE877A9FED117AF4EEC77AD7
:10A98000F1EE10FAC8DC9FED117AF4EE477AF1EEA1
:10A9900010FA48BFF0EE477AC0E7DFED0B7ABDE76B
:10A9A000F0EE476A85E700BF340000207C0D0020F0
:10A9B0006F12833A00409C452800002000409CC54F
:10A9C000000080462400002000000000000080C637
:10A9D000026838B5744B9A4200D038BD734B0446B8
:10A9E000734A197813880F29C8B21BB200D053B12B
:10A9F0001388704D19B201331BB213806854138849
:10AA00001BB2192B06D0204601226849BDE8384008
:10AA1000FDF71EB8684B01211970002313802B7EAF
:10AA200013B12B7E042BEED1FBF732FB634B644A50
:10AA30000021186011706A78A978624B42EA0122FD
:10AA4000C2F30A021A80A978EA78520142EAD102D6
:10AA5000C2F30A025A80E97828796A79920242EAB6
:10AA6000800242EA9112C2F30A029A806979AA79B5
:10AA7000D20142EA5102C2F30A02DA801A8812B203
:10AA8000EF2A01DCF0221A801A8812B2B2F5E26FC6
:10AA900002DB40F20F721A801A8812B2F02A75DDBA
:10AAA00040F20E718A4276DCF03A474912B2C2EBAC
:10AAB0000232A1FB021242F3CF1244490A805A88A3
:10AAC00012B2EF2A01DCF0225A805A8812B2B2F593
:10AAD000E26F02DB40F20F725A805A8812B2F02AFB
:10AAE00052DD40F20E70824252DCF03A364812B229
:10AAF000C2EB0232A0FB020242F3CF124A809A88D4
:10AB000012B2EF2A01DCF0229A809A8812B2B2F5D2
:10AB1000E26F02DB40F20F729A809A8812B2F02A3A
:10AB20002EDD40F20E70824238DCF03A264812B236
:10AB3000C2EB0232A0FB020242F3CF128A80DA8813
:10AB400012B2EF2A01DCF022DA80DA8812B2B2F512
:10AB5000E26F02DB40F20F72DA80DB881BB2F02B6F
:10AB600010DD40F20E7293421BDCF03B164A1BB222
:10AB7000C3EB0333A2FB032343F3CF13CB8042E7A2
:10AB80000022DBE70023F9E70022B7E7002294E781
:10AB900040F6FF72B2E740F6FF728EE740F6FF72B2
:10ABA000CCE740F6FF73E9E700500040BC0D002001
:10ABB000DA0D0020C00D0020DC0D0020E00D00208B
:10ABC0003C00002008000020A94AE91400000020F1
:10ABD000DFF838D0FDF7A4FEFDF73CFE0C480D4928
:10ABE0000D4A002302E0D458C4500433C4188C42E8
:10ABF000F9D30A4A0A4C002301E013600432A2424E
:10AC0000FBD3F5F7B7FBF5F723FD704700000220F3
:10AC10000000002040000020ACAF000840000020F1
:10AC2000E40D0020FEE72DE9F04786468C460846F5
:10AC3000089E154674461946002B40F0C280854296
:10AC4000B2FA82F245D94AB1C2F1200300FA02FCFD
:10AC50002EFA03F3954043EA0C0C94404FEA154E4C
:10AC6000A8B2BCFBFEF8230C0EFB18CC08FB00F9C5
:10AC700043EA0C43994528D9EB1808F1FF3704D271
:10AC8000994502D9A8F102072B44A3EB0903A4B20A
:10AC9000B3FBFEFC0EFB1C330CFB00F044EA034448
:10ACA000A04214D92C190CF1FF3304D2A04202D9CE
:10ACB000ACF102032C44241A43EA07401EB1D440ED
:10ACC000002334607360BDE8F0874746DDE76346E4
:10ACD000F1E792BB431B01214FEA154EAFB2B3FB24
:10ACE000FEFC200C0EFB1C330CFB07F840EA034370
:10ACF000984562D9EB180CF1FF3004D2984502D97F
:10AD0000ACF102002B44A3EB0803A4B2B3FBFEFC9E
:10AD10000EFB1C330CFB07F744EA0344A7424ED951
:10AD20002C190CF1FF3304D2A74202D9ACF1020373
:10AD30002C44E41B43EA0040C0E7C2F1200320FAA0
:10AD400003F1954090402EFA03F303434FEA154E6A
:10AD5000AFB2B1FBFEFC0EFB1C10190C0CFB07F88C
:10AD600041EA0041884504FA02F422D969180CF13D
:10AD7000FF3004D2884502D9ACF102002944A1EB8E
:10AD800008019BB2B1FBFEFC0EFB1C110CFB07F78C
:10AD900043EA01439F420ED9EB180CF1FF3104D274
:10ADA0009F4202D9ACF102012B44DB1B41EA004176
:10ADB00092E76046E3E76146F7E76046A3E763464C
:10ADC000B7E7834206D916B9002108467BE7C6E9F2
:10ADD00000E0F9E7B3FA83F78FB9834201D37245F4
:10ADE00008D8BEEB020460EB030301209C461EB9A9
:10ADF000002168E73846FAE7C6E9004CF8E7C7F1F2
:10AE0000200CBB4022FA0CF41C432EFA0CF120FA61
:10AE10000CF3B84001434FEA14490EFA07F5B3FBAF
:10AE2000F9F81FFA84FE09FB18300B0C08FB0EFA28
:10AE300043EA00439A4502FA07F240D9E31808F1C1
:10AE4000FF3004D29A4502D9A8F102002344A3EBB3
:10AE50000A0389B2B3FBF9F809FB183308FB0EFEAD
:10AE600041EA03418E452CD9611808F1FF3304D221
:10AE70008E4502D9A8F10203214443EA0040A0FB19
:10AE80000298A1EB0E014145CE46434602D306D1BE
:10AE90004D4504D2B9EB020E68EB04030138002ED5
:10AEA000A6D0B5EB0E0261EB030101FA0CFC22FA0D
:10AEB00007F34CEA0303F940C6E9003198E740463E
:10AEC000C5E74346D9E70000F8B500BFF8BC08BCA9
:10AED0009E467047F8B500BFF8BC08BC9E46704758
:10AEE0000000000000000000000000000000000062
:10AEF000000000000100000002000000030000004C
:10AF00000400000000000000050000000000000038
:10AF1000000000000000000006000000000000002B
:10AF200000000000000000000700000000061016EE
:10AF3000000610160001020304050607080C101491
:10AF400018203040010002000400060008000A003A
:10AF50000C001000200040008000000108040204E2
:10AF600008010101010101030701000000000000C8
:10AF70000102030401020304060708096E52463267
:10AF80003400000065646F4E310000000A0B0C0DA8
:0CAF90000E0F1000111213141516000013
:08AF9C002854FF7F01000000B2
:04AFA400510500084B
:04AFA8002D0500086B
:10AFAC000000000000000000000000000000000095
:10AFBC00CDCC4C3E01000000100000000090D003EE
:10AFCC000090D003CDCC4C3E000061440000A0406A
:10AFDC0000004040CDCC4C3E00002443010000005A
:040000050800ABD173
:00000001FF
