ARM GAS  C:\Users\l1234\AppData\Local\Temp\ccY1Nqu1.s 			page 1


   1              		.cpu cortex-m7
   2              		.arch armv7e-m
   3              		.fpu fpv5-d16
   4              		.eabi_attribute 28, 1
   5              		.eabi_attribute 20, 1
   6              		.eabi_attribute 21, 1
   7              		.eabi_attribute 23, 3
   8              		.eabi_attribute 24, 1
   9              		.eabi_attribute 25, 1
  10              		.eabi_attribute 26, 1
  11              		.eabi_attribute 30, 2
  12              		.eabi_attribute 34, 1
  13              		.eabi_attribute 18, 4
  14              		.file	"tim.c"
  15              		.text
  16              	.Ltext0:
  17              		.cfi_sections	.debug_frame
  18              		.file 1 "Core/Src/tim.c"
  19              		.section	.text.MX_TIM1_Init,"ax",%progbits
  20              		.align	1
  21              		.p2align 2,,3
  22              		.global	MX_TIM1_Init
  23              		.syntax unified
  24              		.thumb
  25              		.thumb_func
  27              	MX_TIM1_Init:
  28              	.LFB144:
   1:Core/Src/tim.c **** /* USER CODE BEGIN Header */
   2:Core/Src/tim.c **** /**
   3:Core/Src/tim.c ****   ******************************************************************************
   4:Core/Src/tim.c ****   * @file    tim.c
   5:Core/Src/tim.c ****   * @brief   This file provides code for the configuration
   6:Core/Src/tim.c ****   *          of the TIM instances.
   7:Core/Src/tim.c ****   ******************************************************************************
   8:Core/Src/tim.c ****   * @attention
   9:Core/Src/tim.c ****   *
  10:Core/Src/tim.c ****   * Copyright (c) 2025 STMicroelectronics.
  11:Core/Src/tim.c ****   * All rights reserved.
  12:Core/Src/tim.c ****   *
  13:Core/Src/tim.c ****   * This software is licensed under terms that can be found in the LICENSE file
  14:Core/Src/tim.c ****   * in the root directory of this software component.
  15:Core/Src/tim.c ****   * If no LICENSE file comes with this software, it is provided AS-IS.
  16:Core/Src/tim.c ****   *
  17:Core/Src/tim.c ****   ******************************************************************************
  18:Core/Src/tim.c ****   */
  19:Core/Src/tim.c **** /* USER CODE END Header */
  20:Core/Src/tim.c **** /* Includes ------------------------------------------------------------------*/
  21:Core/Src/tim.c **** #include "tim.h"
  22:Core/Src/tim.c **** 
  23:Core/Src/tim.c **** /* USER CODE BEGIN 0 */
  24:Core/Src/tim.c **** 
  25:Core/Src/tim.c **** /* USER CODE END 0 */
  26:Core/Src/tim.c **** 
  27:Core/Src/tim.c **** TIM_HandleTypeDef htim1;
  28:Core/Src/tim.c **** TIM_HandleTypeDef htim2;
  29:Core/Src/tim.c **** TIM_HandleTypeDef htim4;
  30:Core/Src/tim.c **** TIM_HandleTypeDef htim8;
ARM GAS  C:\Users\l1234\AppData\Local\Temp\ccY1Nqu1.s 			page 2


  31:Core/Src/tim.c **** TIM_HandleTypeDef htim12;
  32:Core/Src/tim.c **** TIM_HandleTypeDef htim23;
  33:Core/Src/tim.c **** 
  34:Core/Src/tim.c **** /* TIM1 init function */
  35:Core/Src/tim.c **** void MX_TIM1_Init(void)
  36:Core/Src/tim.c **** {
  29              		.loc 1 36 1 view -0
  30              		.cfi_startproc
  31              		@ args = 0, pretend = 0, frame = 32
  32              		@ frame_needed = 0, uses_anonymous_args = 0
  37:Core/Src/tim.c **** 
  38:Core/Src/tim.c ****   /* USER CODE BEGIN TIM1_Init 0 */
  39:Core/Src/tim.c **** 
  40:Core/Src/tim.c ****   /* USER CODE END TIM1_Init 0 */
  41:Core/Src/tim.c **** 
  42:Core/Src/tim.c ****   TIM_ClockConfigTypeDef sClockSourceConfig = {0};
  33              		.loc 1 42 3 view .LVU1
  36:Core/Src/tim.c **** 
  34              		.loc 1 36 1 is_stmt 0 view .LVU2
  35 0000 10B5     		push	{r4, lr}
  36              	.LCFI0:
  37              		.cfi_def_cfa_offset 8
  38              		.cfi_offset 4, -8
  39              		.cfi_offset 14, -4
  40              		.loc 1 42 26 view .LVU3
  41 0002 0023     		movs	r3, #0
  36:Core/Src/tim.c **** 
  42              		.loc 1 36 1 view .LVU4
  43 0004 88B0     		sub	sp, sp, #32
  44              	.LCFI1:
  45              		.cfi_def_cfa_offset 40
  43:Core/Src/tim.c ****   TIM_MasterConfigTypeDef sMasterConfig = {0};
  44:Core/Src/tim.c **** 
  45:Core/Src/tim.c ****   /* USER CODE BEGIN TIM1_Init 1 */
  46:Core/Src/tim.c **** 
  47:Core/Src/tim.c ****   /* USER CODE END TIM1_Init 1 */
  48:Core/Src/tim.c ****   htim1.Instance = TIM1;
  46              		.loc 1 48 18 view .LVU5
  47 0006 1C48     		ldr	r0, .L19+8
  49:Core/Src/tim.c ****   htim1.Init.Prescaler = 134;
  48              		.loc 1 49 24 view .LVU6
  49 0008 8621     		movs	r1, #134
  48:Core/Src/tim.c ****   htim1.Init.Prescaler = 134;
  50              		.loc 1 48 18 view .LVU7
  51 000a 1C4C     		ldr	r4, .L19+12
  50:Core/Src/tim.c ****   htim1.Init.CounterMode = TIM_COUNTERMODE_UP;
  51:Core/Src/tim.c ****   htim1.Init.Period = 65535;
  52              		.loc 1 51 21 view .LVU8
  53 000c 4FF6FF72 		movw	r2, #65535
  42:Core/Src/tim.c ****   TIM_MasterConfigTypeDef sMasterConfig = {0};
  54              		.loc 1 42 26 view .LVU9
  55 0010 0493     		str	r3, [sp, #16]
  43:Core/Src/tim.c **** 
  56              		.loc 1 43 27 view .LVU10
  57 0012 0093     		str	r3, [sp]
  52:Core/Src/tim.c ****   htim1.Init.ClockDivision = TIM_CLOCKDIVISION_DIV1;
  58              		.loc 1 52 28 view .LVU11
ARM GAS  C:\Users\l1234\AppData\Local\Temp\ccY1Nqu1.s 			page 3


  59 0014 0361     		str	r3, [r0, #16]
  53:Core/Src/tim.c ****   htim1.Init.RepetitionCounter = 0;
  60              		.loc 1 53 32 view .LVU12
  61 0016 4361     		str	r3, [r0, #20]	@ unaligned
  62 0018 8361     		str	r3, [r0, #24]	@ unaligned
  42:Core/Src/tim.c ****   TIM_MasterConfigTypeDef sMasterConfig = {0};
  63              		.loc 1 42 26 view .LVU13
  64 001a 0793     		str	r3, [sp, #28]
  43:Core/Src/tim.c **** 
  65              		.loc 1 43 3 is_stmt 1 view .LVU14
  49:Core/Src/tim.c ****   htim1.Init.CounterMode = TIM_COUNTERMODE_UP;
  66              		.loc 1 49 24 is_stmt 0 view .LVU15
  67 001c C0E90041 		strd	r4, r1, [r0]
  51:Core/Src/tim.c ****   htim1.Init.ClockDivision = TIM_CLOCKDIVISION_DIV1;
  68              		.loc 1 51 21 view .LVU16
  69 0020 C0E90232 		strd	r3, r2, [r0, #8]
  42:Core/Src/tim.c ****   TIM_MasterConfigTypeDef sMasterConfig = {0};
  70              		.loc 1 42 26 view .LVU17
  71 0024 CDE90533 		strd	r3, r3, [sp, #20]
  43:Core/Src/tim.c **** 
  72              		.loc 1 43 27 view .LVU18
  73 0028 CDE90133 		strd	r3, r3, [sp, #4]
  48:Core/Src/tim.c ****   htim1.Init.Prescaler = 134;
  74              		.loc 1 48 3 is_stmt 1 view .LVU19
  49:Core/Src/tim.c ****   htim1.Init.CounterMode = TIM_COUNTERMODE_UP;
  75              		.loc 1 49 3 view .LVU20
  50:Core/Src/tim.c ****   htim1.Init.Period = 65535;
  76              		.loc 1 50 3 view .LVU21
  51:Core/Src/tim.c ****   htim1.Init.ClockDivision = TIM_CLOCKDIVISION_DIV1;
  77              		.loc 1 51 3 view .LVU22
  52:Core/Src/tim.c ****   htim1.Init.RepetitionCounter = 0;
  78              		.loc 1 52 3 view .LVU23
  79              		.loc 1 53 3 view .LVU24
  54:Core/Src/tim.c ****   htim1.Init.AutoReloadPreload = TIM_AUTORELOAD_PRELOAD_DISABLE;
  80              		.loc 1 54 3 view .LVU25
  55:Core/Src/tim.c ****   if (HAL_TIM_Base_Init(&htim1) != HAL_OK)
  81              		.loc 1 55 3 view .LVU26
  82              		.loc 1 55 7 is_stmt 0 view .LVU27
  83 002c FFF7FEFF 		bl	HAL_TIM_Base_Init
  84              	.LVL0:
  85              		.loc 1 55 6 view .LVU28
  86 0030 A0B9     		cbnz	r0, .L16
  87              	.L2:
  56:Core/Src/tim.c ****   {
  57:Core/Src/tim.c ****     Error_Handler();
  58:Core/Src/tim.c ****   }
  59:Core/Src/tim.c ****   sClockSourceConfig.ClockSource = TIM_CLOCKSOURCE_INTERNAL;
  88              		.loc 1 59 3 is_stmt 1 view .LVU29
  89              		.loc 1 59 34 is_stmt 0 view .LVU30
  90 0032 4FF48053 		mov	r3, #4096
  60:Core/Src/tim.c ****   if (HAL_TIM_ConfigClockSource(&htim1, &sClockSourceConfig) != HAL_OK)
  91              		.loc 1 60 7 view .LVU31
  92 0036 04A9     		add	r1, sp, #16
  93 0038 0F48     		ldr	r0, .L19+8
  59:Core/Src/tim.c ****   if (HAL_TIM_ConfigClockSource(&htim1, &sClockSourceConfig) != HAL_OK)
  94              		.loc 1 59 34 view .LVU32
  95 003a 0493     		str	r3, [sp, #16]
ARM GAS  C:\Users\l1234\AppData\Local\Temp\ccY1Nqu1.s 			page 4


  96              		.loc 1 60 3 is_stmt 1 view .LVU33
  97              		.loc 1 60 7 is_stmt 0 view .LVU34
  98 003c FFF7FEFF 		bl	HAL_TIM_ConfigClockSource
  99              	.LVL1:
 100              		.loc 1 60 6 view .LVU35
 101 0040 98B9     		cbnz	r0, .L17
 102              	.L3:
  61:Core/Src/tim.c ****   {
  62:Core/Src/tim.c ****     Error_Handler();
  63:Core/Src/tim.c ****   }
  64:Core/Src/tim.c ****   sMasterConfig.MasterOutputTrigger = TIM_TRGO_RESET;
 103              		.loc 1 64 3 is_stmt 1 view .LVU36
  65:Core/Src/tim.c ****   sMasterConfig.MasterOutputTrigger2 = TIM_TRGO2_RESET;
 104              		.loc 1 65 3 view .LVU37
  66:Core/Src/tim.c ****   sMasterConfig.MasterSlaveMode = TIM_MASTERSLAVEMODE_DISABLE;
 105              		.loc 1 66 33 is_stmt 0 view .LVU38
 106 0042 0023     		movs	r3, #0
  67:Core/Src/tim.c ****   if (HAL_TIMEx_MasterConfigSynchronization(&htim1, &sMasterConfig) != HAL_OK)
 107              		.loc 1 67 7 view .LVU39
 108 0044 6946     		mov	r1, sp
 109 0046 0C48     		ldr	r0, .L19+8
  66:Core/Src/tim.c ****   sMasterConfig.MasterSlaveMode = TIM_MASTERSLAVEMODE_DISABLE;
 110              		.loc 1 66 33 view .LVU40
 111 0048 0293     		str	r3, [sp, #8]
  64:Core/Src/tim.c ****   sMasterConfig.MasterOutputTrigger2 = TIM_TRGO2_RESET;
 112              		.loc 1 64 37 view .LVU41
 113 004a 9FED097B 		vldr.64	d7, .L19	@ int
 114 004e 8DED007B 		vstr.64	d7, [sp]	@ int
  66:Core/Src/tim.c ****   sMasterConfig.MasterSlaveMode = TIM_MASTERSLAVEMODE_DISABLE;
 115              		.loc 1 66 3 is_stmt 1 view .LVU42
 116              		.loc 1 67 3 view .LVU43
 117              		.loc 1 67 7 is_stmt 0 view .LVU44
 118 0052 FFF7FEFF 		bl	HAL_TIMEx_MasterConfigSynchronization
 119              	.LVL2:
 120              		.loc 1 67 6 view .LVU45
 121 0056 20B9     		cbnz	r0, .L18
  68:Core/Src/tim.c ****   {
  69:Core/Src/tim.c ****     Error_Handler();
  70:Core/Src/tim.c ****   }
  71:Core/Src/tim.c ****   /* USER CODE BEGIN TIM1_Init 2 */
  72:Core/Src/tim.c **** 
  73:Core/Src/tim.c ****   /* USER CODE END TIM1_Init 2 */
  74:Core/Src/tim.c **** 
  75:Core/Src/tim.c **** }
 122              		.loc 1 75 1 view .LVU46
 123 0058 08B0     		add	sp, sp, #32
 124              	.LCFI2:
 125              		.cfi_remember_state
 126              		.cfi_def_cfa_offset 8
 127              		@ sp needed
 128 005a 10BD     		pop	{r4, pc}
 129              	.L16:
 130              	.LCFI3:
 131              		.cfi_restore_state
  57:Core/Src/tim.c ****   }
 132              		.loc 1 57 5 is_stmt 1 view .LVU47
 133 005c FFF7FEFF 		bl	Error_Handler
ARM GAS  C:\Users\l1234\AppData\Local\Temp\ccY1Nqu1.s 			page 5


 134              	.LVL3:
 135 0060 E7E7     		b	.L2
 136              	.L18:
  69:Core/Src/tim.c ****   }
 137              		.loc 1 69 5 view .LVU48
 138 0062 FFF7FEFF 		bl	Error_Handler
 139              	.LVL4:
 140              		.loc 1 75 1 is_stmt 0 view .LVU49
 141 0066 08B0     		add	sp, sp, #32
 142              	.LCFI4:
 143              		.cfi_remember_state
 144              		.cfi_def_cfa_offset 8
 145              		@ sp needed
 146 0068 10BD     		pop	{r4, pc}
 147              	.L17:
 148              	.LCFI5:
 149              		.cfi_restore_state
  62:Core/Src/tim.c ****   }
 150              		.loc 1 62 5 is_stmt 1 view .LVU50
 151 006a FFF7FEFF 		bl	Error_Handler
 152              	.LVL5:
 153 006e E8E7     		b	.L3
 154              	.L20:
 155              		.align	3
 156              	.L19:
 157 0070 00000000 		.word	0
 158 0074 00000000 		.word	0
 159 0078 00000000 		.word	htim1
 160 007c 00000140 		.word	1073807360
 161              		.cfi_endproc
 162              	.LFE144:
 164              		.section	.text.MX_TIM2_Init,"ax",%progbits
 165              		.align	1
 166              		.p2align 2,,3
 167              		.global	MX_TIM2_Init
 168              		.syntax unified
 169              		.thumb
 170              		.thumb_func
 172              	MX_TIM2_Init:
 173              	.LFB145:
  76:Core/Src/tim.c **** /* TIM2 init function */
  77:Core/Src/tim.c **** void MX_TIM2_Init(void)
  78:Core/Src/tim.c **** {
 174              		.loc 1 78 1 view -0
 175              		.cfi_startproc
 176              		@ args = 0, pretend = 0, frame = 48
 177              		@ frame_needed = 0, uses_anonymous_args = 0
  79:Core/Src/tim.c **** 
  80:Core/Src/tim.c ****   /* USER CODE BEGIN TIM2_Init 0 */
  81:Core/Src/tim.c **** 
  82:Core/Src/tim.c ****   /* USER CODE END TIM2_Init 0 */
  83:Core/Src/tim.c **** 
  84:Core/Src/tim.c ****   TIM_Encoder_InitTypeDef sConfig = {0};
 178              		.loc 1 84 3 view .LVU52
  78:Core/Src/tim.c **** 
 179              		.loc 1 78 1 is_stmt 0 view .LVU53
 180 0000 00B5     		push	{lr}
ARM GAS  C:\Users\l1234\AppData\Local\Temp\ccY1Nqu1.s 			page 6


 181              	.LCFI6:
 182              		.cfi_def_cfa_offset 4
 183              		.cfi_offset 14, -4
 184 0002 8DB0     		sub	sp, sp, #52
 185              	.LCFI7:
 186              		.cfi_def_cfa_offset 56
 187              		.loc 1 84 27 view .LVU54
 188 0004 2022     		movs	r2, #32
 189 0006 0021     		movs	r1, #0
 190 0008 04A8     		add	r0, sp, #16
 191 000a FFF7FEFF 		bl	memset
 192              	.LVL6:
  85:Core/Src/tim.c ****   TIM_MasterConfigTypeDef sMasterConfig = {0};
 193              		.loc 1 85 3 is_stmt 1 view .LVU55
  86:Core/Src/tim.c **** 
  87:Core/Src/tim.c ****   /* USER CODE BEGIN TIM2_Init 1 */
  88:Core/Src/tim.c **** 
  89:Core/Src/tim.c ****   /* USER CODE END TIM2_Init 1 */
  90:Core/Src/tim.c ****   htim2.Instance = TIM2;
 194              		.loc 1 90 18 is_stmt 0 view .LVU56
 195 000e 1548     		ldr	r0, .L33
 196 0010 4FF08041 		mov	r1, #1073741824
  85:Core/Src/tim.c ****   TIM_MasterConfigTypeDef sMasterConfig = {0};
 197              		.loc 1 85 27 view .LVU57
 198 0014 0023     		movs	r3, #0
  91:Core/Src/tim.c ****   htim2.Init.Prescaler = 0;
  92:Core/Src/tim.c ****   htim2.Init.CounterMode = TIM_COUNTERMODE_UP;
  93:Core/Src/tim.c ****   htim2.Init.Period = 4294967295;
  94:Core/Src/tim.c ****   htim2.Init.ClockDivision = TIM_CLOCKDIVISION_DIV1;
  95:Core/Src/tim.c ****   htim2.Init.AutoReloadPreload = TIM_AUTORELOAD_PRELOAD_DISABLE;
  96:Core/Src/tim.c ****   sConfig.EncoderMode = TIM_ENCODERMODE_TI1;
 199              		.loc 1 96 23 view .LVU58
 200 0016 0122     		movs	r2, #1
  90:Core/Src/tim.c ****   htim2.Init.Prescaler = 0;
 201              		.loc 1 90 18 view .LVU59
 202 0018 0160     		str	r1, [r0]
  91:Core/Src/tim.c ****   htim2.Init.Prescaler = 0;
 203              		.loc 1 91 24 view .LVU60
 204 001a 4FF0FF31 		mov	r1, #-1
  85:Core/Src/tim.c **** 
 205              		.loc 1 85 27 view .LVU61
 206 001e 0293     		str	r3, [sp, #8]
  90:Core/Src/tim.c ****   htim2.Init.Prescaler = 0;
 207              		.loc 1 90 3 is_stmt 1 view .LVU62
  91:Core/Src/tim.c ****   htim2.Init.Prescaler = 0;
 208              		.loc 1 91 3 view .LVU63
  92:Core/Src/tim.c ****   htim2.Init.Period = 4294967295;
 209              		.loc 1 92 3 view .LVU64
  93:Core/Src/tim.c ****   htim2.Init.ClockDivision = TIM_CLOCKDIVISION_DIV1;
 210              		.loc 1 93 3 view .LVU65
  94:Core/Src/tim.c ****   htim2.Init.AutoReloadPreload = TIM_AUTORELOAD_PRELOAD_DISABLE;
 211              		.loc 1 94 3 view .LVU66
  91:Core/Src/tim.c ****   htim2.Init.CounterMode = TIM_COUNTERMODE_UP;
 212              		.loc 1 91 24 is_stmt 0 view .LVU67
 213 0020 C160     		str	r1, [r0, #12]	@ unaligned
  97:Core/Src/tim.c ****   sConfig.IC1Polarity = TIM_ICPOLARITY_RISING;
  98:Core/Src/tim.c ****   sConfig.IC1Selection = TIM_ICSELECTION_DIRECTTI;
ARM GAS  C:\Users\l1234\AppData\Local\Temp\ccY1Nqu1.s 			page 7


  99:Core/Src/tim.c ****   sConfig.IC1Prescaler = TIM_ICPSC_DIV1;
 100:Core/Src/tim.c ****   sConfig.IC1Filter = 0;
 101:Core/Src/tim.c ****   sConfig.IC2Polarity = TIM_ICPOLARITY_RISING;
 102:Core/Src/tim.c ****   sConfig.IC2Selection = TIM_ICSELECTION_DIRECTTI;
 103:Core/Src/tim.c ****   sConfig.IC2Prescaler = TIM_ICPSC_DIV1;
 104:Core/Src/tim.c ****   sConfig.IC2Filter = 0;
 105:Core/Src/tim.c ****   if (HAL_TIM_Encoder_Init(&htim2, &sConfig) != HAL_OK)
 214              		.loc 1 105 7 view .LVU68
 215 0022 03A9     		add	r1, sp, #12
  91:Core/Src/tim.c ****   htim2.Init.CounterMode = TIM_COUNTERMODE_UP;
 216              		.loc 1 91 24 view .LVU69
 217 0024 4360     		str	r3, [r0, #4]	@ unaligned
 218 0026 8360     		str	r3, [r0, #8]	@ unaligned
 219 0028 0361     		str	r3, [r0, #16]	@ unaligned
  95:Core/Src/tim.c ****   sConfig.EncoderMode = TIM_ENCODERMODE_TI1;
 220              		.loc 1 95 3 is_stmt 1 view .LVU70
  95:Core/Src/tim.c ****   sConfig.EncoderMode = TIM_ENCODERMODE_TI1;
 221              		.loc 1 95 32 is_stmt 0 view .LVU71
 222 002a 8361     		str	r3, [r0, #24]
  96:Core/Src/tim.c ****   sConfig.IC1Polarity = TIM_ICPOLARITY_RISING;
 223              		.loc 1 96 3 is_stmt 1 view .LVU72
  96:Core/Src/tim.c ****   sConfig.IC1Polarity = TIM_ICPOLARITY_RISING;
 224              		.loc 1 96 23 is_stmt 0 view .LVU73
 225 002c 0392     		str	r2, [sp, #12]
  97:Core/Src/tim.c ****   sConfig.IC1Polarity = TIM_ICPOLARITY_RISING;
 226              		.loc 1 97 3 is_stmt 1 view .LVU74
  98:Core/Src/tim.c ****   sConfig.IC1Prescaler = TIM_ICPSC_DIV1;
 227              		.loc 1 98 3 view .LVU75
  98:Core/Src/tim.c ****   sConfig.IC1Prescaler = TIM_ICPSC_DIV1;
 228              		.loc 1 98 24 is_stmt 0 view .LVU76
 229 002e 0592     		str	r2, [sp, #20]
  99:Core/Src/tim.c ****   sConfig.IC1Filter = 0;
 230              		.loc 1 99 3 is_stmt 1 view .LVU77
 100:Core/Src/tim.c ****   sConfig.IC2Polarity = TIM_ICPOLARITY_RISING;
 231              		.loc 1 100 3 view .LVU78
 101:Core/Src/tim.c ****   sConfig.IC2Selection = TIM_ICSELECTION_DIRECTTI;
 232              		.loc 1 101 3 view .LVU79
 102:Core/Src/tim.c ****   sConfig.IC2Prescaler = TIM_ICPSC_DIV1;
 233              		.loc 1 102 3 view .LVU80
 102:Core/Src/tim.c ****   sConfig.IC2Prescaler = TIM_ICPSC_DIV1;
 234              		.loc 1 102 24 is_stmt 0 view .LVU81
 235 0030 0992     		str	r2, [sp, #36]
 103:Core/Src/tim.c ****   sConfig.IC2Filter = 0;
 236              		.loc 1 103 3 is_stmt 1 view .LVU82
 104:Core/Src/tim.c ****   if (HAL_TIM_Encoder_Init(&htim2, &sConfig) != HAL_OK)
 237              		.loc 1 104 3 view .LVU83
 238              		.loc 1 105 3 view .LVU84
  85:Core/Src/tim.c **** 
 239              		.loc 1 85 27 is_stmt 0 view .LVU85
 240 0032 CDE90033 		strd	r3, r3, [sp]
 241              		.loc 1 105 7 view .LVU86
 242 0036 FFF7FEFF 		bl	HAL_TIM_Encoder_Init
 243              	.LVL7:
 244              		.loc 1 105 6 view .LVU87
 245 003a 50B9     		cbnz	r0, .L31
 246              	.L22:
 106:Core/Src/tim.c ****   {
ARM GAS  C:\Users\l1234\AppData\Local\Temp\ccY1Nqu1.s 			page 8


 107:Core/Src/tim.c ****     Error_Handler();
 108:Core/Src/tim.c ****   }
 109:Core/Src/tim.c ****   sMasterConfig.MasterOutputTrigger = TIM_TRGO_RESET;
 247              		.loc 1 109 3 is_stmt 1 view .LVU88
 248              		.loc 1 109 37 is_stmt 0 view .LVU89
 249 003c 0023     		movs	r3, #0
 110:Core/Src/tim.c ****   sMasterConfig.MasterSlaveMode = TIM_MASTERSLAVEMODE_DISABLE;
 111:Core/Src/tim.c ****   if (HAL_TIMEx_MasterConfigSynchronization(&htim2, &sMasterConfig) != HAL_OK)
 250              		.loc 1 111 7 view .LVU90
 251 003e 6946     		mov	r1, sp
 252 0040 0848     		ldr	r0, .L33
 109:Core/Src/tim.c ****   sMasterConfig.MasterSlaveMode = TIM_MASTERSLAVEMODE_DISABLE;
 253              		.loc 1 109 37 view .LVU91
 254 0042 0093     		str	r3, [sp]
 110:Core/Src/tim.c ****   sMasterConfig.MasterSlaveMode = TIM_MASTERSLAVEMODE_DISABLE;
 255              		.loc 1 110 3 is_stmt 1 view .LVU92
 110:Core/Src/tim.c ****   sMasterConfig.MasterSlaveMode = TIM_MASTERSLAVEMODE_DISABLE;
 256              		.loc 1 110 33 is_stmt 0 view .LVU93
 257 0044 0293     		str	r3, [sp, #8]
 258              		.loc 1 111 3 is_stmt 1 view .LVU94
 259              		.loc 1 111 7 is_stmt 0 view .LVU95
 260 0046 FFF7FEFF 		bl	HAL_TIMEx_MasterConfigSynchronization
 261              	.LVL8:
 262              		.loc 1 111 6 view .LVU96
 263 004a 28B9     		cbnz	r0, .L32
 112:Core/Src/tim.c ****   {
 113:Core/Src/tim.c ****     Error_Handler();
 114:Core/Src/tim.c ****   }
 115:Core/Src/tim.c ****   /* USER CODE BEGIN TIM2_Init 2 */
 116:Core/Src/tim.c **** 
 117:Core/Src/tim.c ****   /* USER CODE END TIM2_Init 2 */
 118:Core/Src/tim.c **** 
 119:Core/Src/tim.c **** }
 264              		.loc 1 119 1 view .LVU97
 265 004c 0DB0     		add	sp, sp, #52
 266              	.LCFI8:
 267              		.cfi_remember_state
 268              		.cfi_def_cfa_offset 4
 269              		@ sp needed
 270 004e 5DF804FB 		ldr	pc, [sp], #4
 271              	.L31:
 272              	.LCFI9:
 273              		.cfi_restore_state
 107:Core/Src/tim.c ****   }
 274              		.loc 1 107 5 is_stmt 1 view .LVU98
 275 0052 FFF7FEFF 		bl	Error_Handler
 276              	.LVL9:
 277 0056 F1E7     		b	.L22
 278              	.L32:
 113:Core/Src/tim.c ****   }
 279              		.loc 1 113 5 view .LVU99
 280 0058 FFF7FEFF 		bl	Error_Handler
 281              	.LVL10:
 282              		.loc 1 119 1 is_stmt 0 view .LVU100
 283 005c 0DB0     		add	sp, sp, #52
 284              	.LCFI10:
 285              		.cfi_def_cfa_offset 4
ARM GAS  C:\Users\l1234\AppData\Local\Temp\ccY1Nqu1.s 			page 9


 286              		@ sp needed
 287 005e 5DF804FB 		ldr	pc, [sp], #4
 288              	.L34:
 289 0062 00BF     		.align	2
 290              	.L33:
 291 0064 00000000 		.word	htim2
 292              		.cfi_endproc
 293              	.LFE145:
 295              		.section	.text.MX_TIM4_Init,"ax",%progbits
 296              		.align	1
 297              		.p2align 2,,3
 298              		.global	MX_TIM4_Init
 299              		.syntax unified
 300              		.thumb
 301              		.thumb_func
 303              	MX_TIM4_Init:
 304              	.LFB146:
 120:Core/Src/tim.c **** /* TIM4 init function */
 121:Core/Src/tim.c **** void MX_TIM4_Init(void)
 122:Core/Src/tim.c **** {
 305              		.loc 1 122 1 is_stmt 1 view -0
 306              		.cfi_startproc
 307              		@ args = 0, pretend = 0, frame = 32
 308              		@ frame_needed = 0, uses_anonymous_args = 0
 123:Core/Src/tim.c **** 
 124:Core/Src/tim.c ****   /* USER CODE BEGIN TIM4_Init 0 */
 125:Core/Src/tim.c **** 
 126:Core/Src/tim.c ****   /* USER CODE END TIM4_Init 0 */
 127:Core/Src/tim.c **** 
 128:Core/Src/tim.c ****   TIM_ClockConfigTypeDef sClockSourceConfig = {0};
 309              		.loc 1 128 3 view .LVU102
 122:Core/Src/tim.c **** 
 310              		.loc 1 122 1 is_stmt 0 view .LVU103
 311 0000 10B5     		push	{r4, lr}
 312              	.LCFI11:
 313              		.cfi_def_cfa_offset 8
 314              		.cfi_offset 4, -8
 315              		.cfi_offset 14, -4
 316              		.loc 1 128 26 view .LVU104
 317 0002 0023     		movs	r3, #0
 122:Core/Src/tim.c **** 
 318              		.loc 1 122 1 view .LVU105
 319 0004 88B0     		sub	sp, sp, #32
 320              	.LCFI12:
 321              		.cfi_def_cfa_offset 40
 129:Core/Src/tim.c ****   TIM_MasterConfigTypeDef sMasterConfig = {0};
 130:Core/Src/tim.c **** 
 131:Core/Src/tim.c ****   /* USER CODE BEGIN TIM4_Init 1 */
 132:Core/Src/tim.c **** 
 133:Core/Src/tim.c ****   /* USER CODE END TIM4_Init 1 */
 134:Core/Src/tim.c ****   htim4.Instance = TIM4;
 322              		.loc 1 134 18 view .LVU106
 323 0006 1948     		ldr	r0, .L52
 135:Core/Src/tim.c ****   htim4.Init.Prescaler = 24000;
 324              		.loc 1 135 24 view .LVU107
 325 0008 45F6C051 		movw	r1, #24000
 134:Core/Src/tim.c ****   htim4.Init.Prescaler = 24000;
ARM GAS  C:\Users\l1234\AppData\Local\Temp\ccY1Nqu1.s 			page 10


 326              		.loc 1 134 18 view .LVU108
 327 000c 184C     		ldr	r4, .L52+4
 328              		.loc 1 135 24 view .LVU109
 329 000e 41F28832 		movw	r2, #5000
 128:Core/Src/tim.c ****   TIM_MasterConfigTypeDef sMasterConfig = {0};
 330              		.loc 1 128 26 view .LVU110
 331 0012 0493     		str	r3, [sp, #16]
 129:Core/Src/tim.c **** 
 332              		.loc 1 129 27 view .LVU111
 333 0014 0193     		str	r3, [sp, #4]
 134:Core/Src/tim.c ****   htim4.Init.Prescaler = 24000;
 334              		.loc 1 134 18 view .LVU112
 335 0016 0460     		str	r4, [r0]
 336              		.loc 1 135 24 view .LVU113
 337 0018 4160     		str	r1, [r0, #4]	@ unaligned
 338 001a 8360     		str	r3, [r0, #8]	@ unaligned
 339 001c C260     		str	r2, [r0, #12]	@ unaligned
 340 001e 0361     		str	r3, [r0, #16]	@ unaligned
 136:Core/Src/tim.c ****   htim4.Init.CounterMode = TIM_COUNTERMODE_UP;
 137:Core/Src/tim.c ****   htim4.Init.Period = 5000;
 138:Core/Src/tim.c ****   htim4.Init.ClockDivision = TIM_CLOCKDIVISION_DIV1;
 139:Core/Src/tim.c ****   htim4.Init.AutoReloadPreload = TIM_AUTORELOAD_PRELOAD_DISABLE;
 341              		.loc 1 139 32 view .LVU114
 342 0020 8361     		str	r3, [r0, #24]
 128:Core/Src/tim.c ****   TIM_MasterConfigTypeDef sMasterConfig = {0};
 343              		.loc 1 128 26 view .LVU115
 344 0022 0793     		str	r3, [sp, #28]
 129:Core/Src/tim.c **** 
 345              		.loc 1 129 3 is_stmt 1 view .LVU116
 128:Core/Src/tim.c ****   TIM_MasterConfigTypeDef sMasterConfig = {0};
 346              		.loc 1 128 26 is_stmt 0 view .LVU117
 347 0024 CDE90533 		strd	r3, r3, [sp, #20]
 129:Core/Src/tim.c **** 
 348              		.loc 1 129 27 view .LVU118
 349 0028 CDE90233 		strd	r3, r3, [sp, #8]
 134:Core/Src/tim.c ****   htim4.Init.Prescaler = 24000;
 350              		.loc 1 134 3 is_stmt 1 view .LVU119
 135:Core/Src/tim.c ****   htim4.Init.CounterMode = TIM_COUNTERMODE_UP;
 351              		.loc 1 135 3 view .LVU120
 136:Core/Src/tim.c ****   htim4.Init.Period = 5000;
 352              		.loc 1 136 3 view .LVU121
 137:Core/Src/tim.c ****   htim4.Init.ClockDivision = TIM_CLOCKDIVISION_DIV1;
 353              		.loc 1 137 3 view .LVU122
 138:Core/Src/tim.c ****   htim4.Init.AutoReloadPreload = TIM_AUTORELOAD_PRELOAD_DISABLE;
 354              		.loc 1 138 3 view .LVU123
 355              		.loc 1 139 3 view .LVU124
 140:Core/Src/tim.c ****   if (HAL_TIM_Base_Init(&htim4) != HAL_OK)
 356              		.loc 1 140 3 view .LVU125
 357              		.loc 1 140 7 is_stmt 0 view .LVU126
 358 002c FFF7FEFF 		bl	HAL_TIM_Base_Init
 359              	.LVL11:
 360              		.loc 1 140 6 view .LVU127
 361 0030 88B9     		cbnz	r0, .L49
 362              	.L36:
 141:Core/Src/tim.c ****   {
 142:Core/Src/tim.c ****     Error_Handler();
 143:Core/Src/tim.c ****   }
ARM GAS  C:\Users\l1234\AppData\Local\Temp\ccY1Nqu1.s 			page 11


 144:Core/Src/tim.c ****   sClockSourceConfig.ClockSource = TIM_CLOCKSOURCE_INTERNAL;
 363              		.loc 1 144 3 is_stmt 1 view .LVU128
 364              		.loc 1 144 34 is_stmt 0 view .LVU129
 365 0032 4FF48053 		mov	r3, #4096
 145:Core/Src/tim.c ****   if (HAL_TIM_ConfigClockSource(&htim4, &sClockSourceConfig) != HAL_OK)
 366              		.loc 1 145 7 view .LVU130
 367 0036 04A9     		add	r1, sp, #16
 368 0038 0C48     		ldr	r0, .L52
 144:Core/Src/tim.c ****   if (HAL_TIM_ConfigClockSource(&htim4, &sClockSourceConfig) != HAL_OK)
 369              		.loc 1 144 34 view .LVU131
 370 003a 0493     		str	r3, [sp, #16]
 371              		.loc 1 145 3 is_stmt 1 view .LVU132
 372              		.loc 1 145 7 is_stmt 0 view .LVU133
 373 003c FFF7FEFF 		bl	HAL_TIM_ConfigClockSource
 374              	.LVL12:
 375              		.loc 1 145 6 view .LVU134
 376 0040 80B9     		cbnz	r0, .L50
 377              	.L37:
 146:Core/Src/tim.c ****   {
 147:Core/Src/tim.c ****     Error_Handler();
 148:Core/Src/tim.c ****   }
 149:Core/Src/tim.c ****   sMasterConfig.MasterOutputTrigger = TIM_TRGO_RESET;
 378              		.loc 1 149 3 is_stmt 1 view .LVU135
 379              		.loc 1 149 37 is_stmt 0 view .LVU136
 380 0042 0023     		movs	r3, #0
 150:Core/Src/tim.c ****   sMasterConfig.MasterSlaveMode = TIM_MASTERSLAVEMODE_DISABLE;
 151:Core/Src/tim.c ****   if (HAL_TIMEx_MasterConfigSynchronization(&htim4, &sMasterConfig) != HAL_OK)
 381              		.loc 1 151 7 view .LVU137
 382 0044 01A9     		add	r1, sp, #4
 383 0046 0948     		ldr	r0, .L52
 149:Core/Src/tim.c ****   sMasterConfig.MasterSlaveMode = TIM_MASTERSLAVEMODE_DISABLE;
 384              		.loc 1 149 37 view .LVU138
 385 0048 0193     		str	r3, [sp, #4]
 150:Core/Src/tim.c ****   sMasterConfig.MasterSlaveMode = TIM_MASTERSLAVEMODE_DISABLE;
 386              		.loc 1 150 3 is_stmt 1 view .LVU139
 150:Core/Src/tim.c ****   sMasterConfig.MasterSlaveMode = TIM_MASTERSLAVEMODE_DISABLE;
 387              		.loc 1 150 33 is_stmt 0 view .LVU140
 388 004a 0393     		str	r3, [sp, #12]
 389              		.loc 1 151 3 is_stmt 1 view .LVU141
 390              		.loc 1 151 7 is_stmt 0 view .LVU142
 391 004c FFF7FEFF 		bl	HAL_TIMEx_MasterConfigSynchronization
 392              	.LVL13:
 393              		.loc 1 151 6 view .LVU143
 394 0050 20B9     		cbnz	r0, .L51
 152:Core/Src/tim.c ****   {
 153:Core/Src/tim.c ****     Error_Handler();
 154:Core/Src/tim.c ****   }
 155:Core/Src/tim.c ****   /* USER CODE BEGIN TIM4_Init 2 */
 156:Core/Src/tim.c **** 
 157:Core/Src/tim.c ****   /* USER CODE END TIM4_Init 2 */
 158:Core/Src/tim.c **** 
 159:Core/Src/tim.c **** }
 395              		.loc 1 159 1 view .LVU144
 396 0052 08B0     		add	sp, sp, #32
 397              	.LCFI13:
 398              		.cfi_remember_state
 399              		.cfi_def_cfa_offset 8
ARM GAS  C:\Users\l1234\AppData\Local\Temp\ccY1Nqu1.s 			page 12


 400              		@ sp needed
 401 0054 10BD     		pop	{r4, pc}
 402              	.L49:
 403              	.LCFI14:
 404              		.cfi_restore_state
 142:Core/Src/tim.c ****   }
 405              		.loc 1 142 5 is_stmt 1 view .LVU145
 406 0056 FFF7FEFF 		bl	Error_Handler
 407              	.LVL14:
 408 005a EAE7     		b	.L36
 409              	.L51:
 153:Core/Src/tim.c ****   }
 410              		.loc 1 153 5 view .LVU146
 411 005c FFF7FEFF 		bl	Error_Handler
 412              	.LVL15:
 413              		.loc 1 159 1 is_stmt 0 view .LVU147
 414 0060 08B0     		add	sp, sp, #32
 415              	.LCFI15:
 416              		.cfi_remember_state
 417              		.cfi_def_cfa_offset 8
 418              		@ sp needed
 419 0062 10BD     		pop	{r4, pc}
 420              	.L50:
 421              	.LCFI16:
 422              		.cfi_restore_state
 147:Core/Src/tim.c ****   }
 423              		.loc 1 147 5 is_stmt 1 view .LVU148
 424 0064 FFF7FEFF 		bl	Error_Handler
 425              	.LVL16:
 426 0068 EBE7     		b	.L37
 427              	.L53:
 428 006a 00BF     		.align	2
 429              	.L52:
 430 006c 00000000 		.word	htim4
 431 0070 00080040 		.word	1073743872
 432              		.cfi_endproc
 433              	.LFE146:
 435              		.section	.text.MX_TIM8_Init,"ax",%progbits
 436              		.align	1
 437              		.p2align 2,,3
 438              		.global	MX_TIM8_Init
 439              		.syntax unified
 440              		.thumb
 441              		.thumb_func
 443              	MX_TIM8_Init:
 444              	.LFB147:
 160:Core/Src/tim.c **** /* TIM8 init function */
 161:Core/Src/tim.c **** void MX_TIM8_Init(void)
 162:Core/Src/tim.c **** {
 445              		.loc 1 162 1 view -0
 446              		.cfi_startproc
 447              		@ args = 0, pretend = 0, frame = 48
 448              		@ frame_needed = 0, uses_anonymous_args = 0
 163:Core/Src/tim.c **** 
 164:Core/Src/tim.c ****   /* USER CODE BEGIN TIM8_Init 0 */
 165:Core/Src/tim.c **** 
 166:Core/Src/tim.c ****   /* USER CODE END TIM8_Init 0 */
ARM GAS  C:\Users\l1234\AppData\Local\Temp\ccY1Nqu1.s 			page 13


 167:Core/Src/tim.c **** 
 168:Core/Src/tim.c ****   TIM_Encoder_InitTypeDef sConfig = {0};
 449              		.loc 1 168 3 view .LVU150
 162:Core/Src/tim.c **** 
 450              		.loc 1 162 1 is_stmt 0 view .LVU151
 451 0000 00B5     		push	{lr}
 452              	.LCFI17:
 453              		.cfi_def_cfa_offset 4
 454              		.cfi_offset 14, -4
 455 0002 8DB0     		sub	sp, sp, #52
 456              	.LCFI18:
 457              		.cfi_def_cfa_offset 56
 458              		.loc 1 168 27 view .LVU152
 459 0004 2022     		movs	r2, #32
 460 0006 0021     		movs	r1, #0
 461 0008 04A8     		add	r0, sp, #16
 462 000a FFF7FEFF 		bl	memset
 463              	.LVL17:
 169:Core/Src/tim.c ****   TIM_MasterConfigTypeDef sMasterConfig = {0};
 464              		.loc 1 169 3 is_stmt 1 view .LVU153
 170:Core/Src/tim.c **** 
 171:Core/Src/tim.c ****   /* USER CODE BEGIN TIM8_Init 1 */
 172:Core/Src/tim.c **** 
 173:Core/Src/tim.c ****   /* USER CODE END TIM8_Init 1 */
 174:Core/Src/tim.c ****   htim8.Instance = TIM8;
 465              		.loc 1 174 18 is_stmt 0 view .LVU154
 466 000e 1A48     		ldr	r0, .L66+8
 467 0010 1A49     		ldr	r1, .L66+12
 169:Core/Src/tim.c ****   TIM_MasterConfigTypeDef sMasterConfig = {0};
 468              		.loc 1 169 27 view .LVU155
 469 0012 0023     		movs	r3, #0
 175:Core/Src/tim.c ****   htim8.Init.Prescaler = 0;
 176:Core/Src/tim.c ****   htim8.Init.CounterMode = TIM_COUNTERMODE_UP;
 177:Core/Src/tim.c ****   htim8.Init.Period = 65535;
 178:Core/Src/tim.c ****   htim8.Init.ClockDivision = TIM_CLOCKDIVISION_DIV1;
 179:Core/Src/tim.c ****   htim8.Init.RepetitionCounter = 0;
 180:Core/Src/tim.c ****   htim8.Init.AutoReloadPreload = TIM_AUTORELOAD_PRELOAD_DISABLE;
 181:Core/Src/tim.c ****   sConfig.EncoderMode = TIM_ENCODERMODE_TI12;
 182:Core/Src/tim.c ****   sConfig.IC1Polarity = TIM_ICPOLARITY_RISING;
 183:Core/Src/tim.c ****   sConfig.IC1Selection = TIM_ICSELECTION_DIRECTTI;
 470              		.loc 1 183 24 view .LVU156
 471 0014 0122     		movs	r2, #1
 174:Core/Src/tim.c ****   htim8.Init.Prescaler = 0;
 472              		.loc 1 174 18 view .LVU157
 473 0016 0160     		str	r1, [r0]
 177:Core/Src/tim.c ****   htim8.Init.ClockDivision = TIM_CLOCKDIVISION_DIV1;
 474              		.loc 1 177 21 view .LVU158
 475 0018 4FF6FF71 		movw	r1, #65535
 169:Core/Src/tim.c **** 
 476              		.loc 1 169 27 view .LVU159
 477 001c 0293     		str	r3, [sp, #8]
 174:Core/Src/tim.c ****   htim8.Init.Prescaler = 0;
 478              		.loc 1 174 3 is_stmt 1 view .LVU160
 175:Core/Src/tim.c ****   htim8.Init.CounterMode = TIM_COUNTERMODE_UP;
 479              		.loc 1 175 3 view .LVU161
 179:Core/Src/tim.c ****   htim8.Init.AutoReloadPreload = TIM_AUTORELOAD_PRELOAD_DISABLE;
 480              		.loc 1 179 32 is_stmt 0 view .LVU162
ARM GAS  C:\Users\l1234\AppData\Local\Temp\ccY1Nqu1.s 			page 14


 481 001e 4361     		str	r3, [r0, #20]	@ unaligned
 482 0020 8361     		str	r3, [r0, #24]	@ unaligned
 483              		.loc 1 183 24 view .LVU163
 484 0022 0592     		str	r2, [sp, #20]
 184:Core/Src/tim.c ****   sConfig.IC1Prescaler = TIM_ICPSC_DIV1;
 185:Core/Src/tim.c ****   sConfig.IC1Filter = 0;
 186:Core/Src/tim.c ****   sConfig.IC2Polarity = TIM_ICPOLARITY_RISING;
 187:Core/Src/tim.c ****   sConfig.IC2Selection = TIM_ICSELECTION_DIRECTTI;
 485              		.loc 1 187 24 view .LVU164
 486 0024 0992     		str	r2, [sp, #36]
 177:Core/Src/tim.c ****   htim8.Init.ClockDivision = TIM_CLOCKDIVISION_DIV1;
 487              		.loc 1 177 21 view .LVU165
 488 0026 C0E90313 		strd	r1, r3, [r0, #12]
 181:Core/Src/tim.c ****   sConfig.IC1Polarity = TIM_ICPOLARITY_RISING;
 489              		.loc 1 181 23 view .LVU166
 490 002a 0321     		movs	r1, #3
 491 002c 0391     		str	r1, [sp, #12]
 188:Core/Src/tim.c ****   sConfig.IC2Prescaler = TIM_ICPSC_DIV1;
 189:Core/Src/tim.c ****   sConfig.IC2Filter = 0;
 190:Core/Src/tim.c ****   if (HAL_TIM_Encoder_Init(&htim8, &sConfig) != HAL_OK)
 492              		.loc 1 190 7 view .LVU167
 493 002e 03A9     		add	r1, sp, #12
 169:Core/Src/tim.c **** 
 494              		.loc 1 169 27 view .LVU168
 495 0030 CDE90033 		strd	r3, r3, [sp]
 176:Core/Src/tim.c ****   htim8.Init.Period = 65535;
 496              		.loc 1 176 26 view .LVU169
 497 0034 C0E90133 		strd	r3, r3, [r0, #4]
 177:Core/Src/tim.c ****   htim8.Init.ClockDivision = TIM_CLOCKDIVISION_DIV1;
 498              		.loc 1 177 3 is_stmt 1 view .LVU170
 178:Core/Src/tim.c ****   htim8.Init.RepetitionCounter = 0;
 499              		.loc 1 178 3 view .LVU171
 179:Core/Src/tim.c ****   htim8.Init.AutoReloadPreload = TIM_AUTORELOAD_PRELOAD_DISABLE;
 500              		.loc 1 179 3 view .LVU172
 180:Core/Src/tim.c ****   sConfig.EncoderMode = TIM_ENCODERMODE_TI12;
 501              		.loc 1 180 3 view .LVU173
 181:Core/Src/tim.c ****   sConfig.IC1Polarity = TIM_ICPOLARITY_RISING;
 502              		.loc 1 181 3 view .LVU174
 182:Core/Src/tim.c ****   sConfig.IC1Selection = TIM_ICSELECTION_DIRECTTI;
 503              		.loc 1 182 3 view .LVU175
 183:Core/Src/tim.c ****   sConfig.IC1Prescaler = TIM_ICPSC_DIV1;
 504              		.loc 1 183 3 view .LVU176
 184:Core/Src/tim.c ****   sConfig.IC1Filter = 0;
 505              		.loc 1 184 3 view .LVU177
 185:Core/Src/tim.c ****   sConfig.IC2Polarity = TIM_ICPOLARITY_RISING;
 506              		.loc 1 185 3 view .LVU178
 186:Core/Src/tim.c ****   sConfig.IC2Selection = TIM_ICSELECTION_DIRECTTI;
 507              		.loc 1 186 3 view .LVU179
 187:Core/Src/tim.c ****   sConfig.IC2Prescaler = TIM_ICPSC_DIV1;
 508              		.loc 1 187 3 view .LVU180
 188:Core/Src/tim.c ****   sConfig.IC2Filter = 0;
 509              		.loc 1 188 3 view .LVU181
 189:Core/Src/tim.c ****   if (HAL_TIM_Encoder_Init(&htim8, &sConfig) != HAL_OK)
 510              		.loc 1 189 3 view .LVU182
 511              		.loc 1 190 3 view .LVU183
 512              		.loc 1 190 7 is_stmt 0 view .LVU184
 513 0038 FFF7FEFF 		bl	HAL_TIM_Encoder_Init
ARM GAS  C:\Users\l1234\AppData\Local\Temp\ccY1Nqu1.s 			page 15


 514              	.LVL18:
 515              		.loc 1 190 6 view .LVU185
 516 003c 68B9     		cbnz	r0, .L64
 517              	.L55:
 191:Core/Src/tim.c ****   {
 192:Core/Src/tim.c ****     Error_Handler();
 193:Core/Src/tim.c ****   }
 194:Core/Src/tim.c ****   sMasterConfig.MasterOutputTrigger = TIM_TRGO_RESET;
 518              		.loc 1 194 3 is_stmt 1 view .LVU186
 195:Core/Src/tim.c ****   sMasterConfig.MasterOutputTrigger2 = TIM_TRGO2_RESET;
 519              		.loc 1 195 3 view .LVU187
 196:Core/Src/tim.c ****   sMasterConfig.MasterSlaveMode = TIM_MASTERSLAVEMODE_DISABLE;
 520              		.loc 1 196 33 is_stmt 0 view .LVU188
 521 003e 0023     		movs	r3, #0
 197:Core/Src/tim.c ****   if (HAL_TIMEx_MasterConfigSynchronization(&htim8, &sMasterConfig) != HAL_OK)
 522              		.loc 1 197 7 view .LVU189
 523 0040 6946     		mov	r1, sp
 524 0042 0D48     		ldr	r0, .L66+8
 196:Core/Src/tim.c ****   sMasterConfig.MasterSlaveMode = TIM_MASTERSLAVEMODE_DISABLE;
 525              		.loc 1 196 33 view .LVU190
 526 0044 0293     		str	r3, [sp, #8]
 194:Core/Src/tim.c ****   sMasterConfig.MasterOutputTrigger2 = TIM_TRGO2_RESET;
 527              		.loc 1 194 37 view .LVU191
 528 0046 9FED0A7B 		vldr.64	d7, .L66	@ int
 529 004a 8DED007B 		vstr.64	d7, [sp]	@ int
 196:Core/Src/tim.c ****   sMasterConfig.MasterSlaveMode = TIM_MASTERSLAVEMODE_DISABLE;
 530              		.loc 1 196 3 is_stmt 1 view .LVU192
 531              		.loc 1 197 3 view .LVU193
 532              		.loc 1 197 7 is_stmt 0 view .LVU194
 533 004e FFF7FEFF 		bl	HAL_TIMEx_MasterConfigSynchronization
 534              	.LVL19:
 535              		.loc 1 197 6 view .LVU195
 536 0052 28B9     		cbnz	r0, .L65
 198:Core/Src/tim.c ****   {
 199:Core/Src/tim.c ****     Error_Handler();
 200:Core/Src/tim.c ****   }
 201:Core/Src/tim.c ****   /* USER CODE BEGIN TIM8_Init 2 */
 202:Core/Src/tim.c **** 
 203:Core/Src/tim.c ****   /* USER CODE END TIM8_Init 2 */
 204:Core/Src/tim.c **** 
 205:Core/Src/tim.c **** }
 537              		.loc 1 205 1 view .LVU196
 538 0054 0DB0     		add	sp, sp, #52
 539              	.LCFI19:
 540              		.cfi_remember_state
 541              		.cfi_def_cfa_offset 4
 542              		@ sp needed
 543 0056 5DF804FB 		ldr	pc, [sp], #4
 544              	.L64:
 545              	.LCFI20:
 546              		.cfi_restore_state
 192:Core/Src/tim.c ****   }
 547              		.loc 1 192 5 is_stmt 1 view .LVU197
 548 005a FFF7FEFF 		bl	Error_Handler
 549              	.LVL20:
 550 005e EEE7     		b	.L55
 551              	.L65:
ARM GAS  C:\Users\l1234\AppData\Local\Temp\ccY1Nqu1.s 			page 16


 199:Core/Src/tim.c ****   }
 552              		.loc 1 199 5 view .LVU198
 553 0060 FFF7FEFF 		bl	Error_Handler
 554              	.LVL21:
 555              		.loc 1 205 1 is_stmt 0 view .LVU199
 556 0064 0DB0     		add	sp, sp, #52
 557              	.LCFI21:
 558              		.cfi_def_cfa_offset 4
 559              		@ sp needed
 560 0066 5DF804FB 		ldr	pc, [sp], #4
 561              	.L67:
 562 006a 00BFAFF3 		.align	3
 562      0080
 563              	.L66:
 564 0070 00000000 		.word	0
 565 0074 00000000 		.word	0
 566 0078 00000000 		.word	htim8
 567 007c 00040140 		.word	1073808384
 568              		.cfi_endproc
 569              	.LFE147:
 571              		.section	.text.MX_TIM12_Init,"ax",%progbits
 572              		.align	1
 573              		.p2align 2,,3
 574              		.global	MX_TIM12_Init
 575              		.syntax unified
 576              		.thumb
 577              		.thumb_func
 579              	MX_TIM12_Init:
 580              	.LFB148:
 206:Core/Src/tim.c **** /* TIM12 init function */
 207:Core/Src/tim.c **** void MX_TIM12_Init(void)
 208:Core/Src/tim.c **** {
 581              		.loc 1 208 1 is_stmt 1 view -0
 582              		.cfi_startproc
 583              		@ args = 0, pretend = 0, frame = 72
 584              		@ frame_needed = 0, uses_anonymous_args = 0
 209:Core/Src/tim.c **** 
 210:Core/Src/tim.c ****   /* USER CODE BEGIN TIM12_Init 0 */
 211:Core/Src/tim.c **** 
 212:Core/Src/tim.c ****   /* USER CODE END TIM12_Init 0 */
 213:Core/Src/tim.c **** 
 214:Core/Src/tim.c ****   TIM_MasterConfigTypeDef sMasterConfig = {0};
 585              		.loc 1 214 3 view .LVU201
 208:Core/Src/tim.c **** 
 586              		.loc 1 208 1 is_stmt 0 view .LVU202
 587 0000 10B5     		push	{r4, lr}
 588              	.LCFI22:
 589              		.cfi_def_cfa_offset 8
 590              		.cfi_offset 4, -8
 591              		.cfi_offset 14, -4
 215:Core/Src/tim.c ****   TIM_OC_InitTypeDef sConfigOC = {0};
 216:Core/Src/tim.c **** 
 217:Core/Src/tim.c ****   /* USER CODE BEGIN TIM12_Init 1 */
 218:Core/Src/tim.c **** 
 219:Core/Src/tim.c ****   /* USER CODE END TIM12_Init 1 */
 220:Core/Src/tim.c ****   htim12.Instance = TIM12;
 592              		.loc 1 220 19 view .LVU203
ARM GAS  C:\Users\l1234\AppData\Local\Temp\ccY1Nqu1.s 			page 17


 593 0002 314C     		ldr	r4, .L87+16
 214:Core/Src/tim.c ****   TIM_OC_InitTypeDef sConfigOC = {0};
 594              		.loc 1 214 27 view .LVU204
 595 0004 0023     		movs	r3, #0
 208:Core/Src/tim.c **** 
 596              		.loc 1 208 1 view .LVU205
 597 0006 92B0     		sub	sp, sp, #72
 598              	.LCFI23:
 599              		.cfi_def_cfa_offset 80
 600              		.loc 1 220 19 view .LVU206
 601 0008 3049     		ldr	r1, .L87+20
 221:Core/Src/tim.c ****   htim12.Init.Prescaler = 0;
 222:Core/Src/tim.c ****   htim12.Init.CounterMode = TIM_COUNTERMODE_UP;
 223:Core/Src/tim.c ****   htim12.Init.Period = 65535;
 602              		.loc 1 223 22 view .LVU207
 603 000a 4FF6FF72 		movw	r2, #65535
 224:Core/Src/tim.c ****   htim12.Init.ClockDivision = TIM_CLOCKDIVISION_DIV1;
 225:Core/Src/tim.c ****   htim12.Init.AutoReloadPreload = TIM_AUTORELOAD_PRELOAD_DISABLE;
 226:Core/Src/tim.c ****   if (HAL_TIM_PWM_Init(&htim12) != HAL_OK)
 604              		.loc 1 226 7 view .LVU208
 605 000e 2046     		mov	r0, r4
 214:Core/Src/tim.c ****   TIM_OC_InitTypeDef sConfigOC = {0};
 606              		.loc 1 214 27 view .LVU209
 607 0010 0193     		str	r3, [sp, #4]
 215:Core/Src/tim.c **** 
 608              		.loc 1 215 22 view .LVU210
 609 0012 0A93     		str	r3, [sp, #40]
 224:Core/Src/tim.c ****   htim12.Init.ClockDivision = TIM_CLOCKDIVISION_DIV1;
 610              		.loc 1 224 29 view .LVU211
 611 0014 2361     		str	r3, [r4, #16]
 225:Core/Src/tim.c ****   if (HAL_TIM_PWM_Init(&htim12) != HAL_OK)
 612              		.loc 1 225 33 view .LVU212
 613 0016 A361     		str	r3, [r4, #24]
 221:Core/Src/tim.c ****   htim12.Init.CounterMode = TIM_COUNTERMODE_UP;
 614              		.loc 1 221 25 view .LVU213
 615 0018 C4E90013 		strd	r1, r3, [r4]
 223:Core/Src/tim.c ****   htim12.Init.ClockDivision = TIM_CLOCKDIVISION_DIV1;
 616              		.loc 1 223 22 view .LVU214
 617 001c C4E90232 		strd	r3, r2, [r4, #8]
 214:Core/Src/tim.c ****   TIM_OC_InitTypeDef sConfigOC = {0};
 618              		.loc 1 214 27 view .LVU215
 619 0020 CDE90233 		strd	r3, r3, [sp, #8]
 215:Core/Src/tim.c **** 
 620              		.loc 1 215 3 is_stmt 1 view .LVU216
 215:Core/Src/tim.c **** 
 621              		.loc 1 215 22 is_stmt 0 view .LVU217
 622 0024 CDE90B33 		strd	r3, r3, [sp, #44]
 623 0028 CDE90D33 		strd	r3, r3, [sp, #52]
 624 002c CDE90F33 		strd	r3, r3, [sp, #60]
 220:Core/Src/tim.c ****   htim12.Init.Prescaler = 0;
 625              		.loc 1 220 3 is_stmt 1 view .LVU218
 221:Core/Src/tim.c ****   htim12.Init.CounterMode = TIM_COUNTERMODE_UP;
 626              		.loc 1 221 3 view .LVU219
 222:Core/Src/tim.c ****   htim12.Init.Period = 65535;
 627              		.loc 1 222 3 view .LVU220
 223:Core/Src/tim.c ****   htim12.Init.ClockDivision = TIM_CLOCKDIVISION_DIV1;
 628              		.loc 1 223 3 view .LVU221
ARM GAS  C:\Users\l1234\AppData\Local\Temp\ccY1Nqu1.s 			page 18


 224:Core/Src/tim.c ****   htim12.Init.AutoReloadPreload = TIM_AUTORELOAD_PRELOAD_DISABLE;
 629              		.loc 1 224 3 view .LVU222
 225:Core/Src/tim.c ****   if (HAL_TIM_PWM_Init(&htim12) != HAL_OK)
 630              		.loc 1 225 3 view .LVU223
 631              		.loc 1 226 3 view .LVU224
 632              		.loc 1 226 7 is_stmt 0 view .LVU225
 633 0030 FFF7FEFF 		bl	HAL_TIM_PWM_Init
 634              	.LVL22:
 635              		.loc 1 226 6 view .LVU226
 636 0034 00BB     		cbnz	r0, .L83
 637              	.L69:
 227:Core/Src/tim.c ****   {
 228:Core/Src/tim.c ****     Error_Handler();
 229:Core/Src/tim.c ****   }
 230:Core/Src/tim.c ****   sMasterConfig.MasterOutputTrigger = TIM_TRGO_RESET;
 638              		.loc 1 230 3 is_stmt 1 view .LVU227
 639              		.loc 1 230 37 is_stmt 0 view .LVU228
 640 0036 0023     		movs	r3, #0
 231:Core/Src/tim.c ****   sMasterConfig.MasterSlaveMode = TIM_MASTERSLAVEMODE_DISABLE;
 232:Core/Src/tim.c ****   if (HAL_TIMEx_MasterConfigSynchronization(&htim12, &sMasterConfig) != HAL_OK)
 641              		.loc 1 232 7 view .LVU229
 642 0038 01A9     		add	r1, sp, #4
 643 003a 2348     		ldr	r0, .L87+16
 230:Core/Src/tim.c ****   sMasterConfig.MasterSlaveMode = TIM_MASTERSLAVEMODE_DISABLE;
 644              		.loc 1 230 37 view .LVU230
 645 003c 0193     		str	r3, [sp, #4]
 231:Core/Src/tim.c ****   sMasterConfig.MasterSlaveMode = TIM_MASTERSLAVEMODE_DISABLE;
 646              		.loc 1 231 3 is_stmt 1 view .LVU231
 231:Core/Src/tim.c ****   sMasterConfig.MasterSlaveMode = TIM_MASTERSLAVEMODE_DISABLE;
 647              		.loc 1 231 33 is_stmt 0 view .LVU232
 648 003e 0393     		str	r3, [sp, #12]
 649              		.loc 1 232 3 is_stmt 1 view .LVU233
 650              		.loc 1 232 7 is_stmt 0 view .LVU234
 651 0040 FFF7FEFF 		bl	HAL_TIMEx_MasterConfigSynchronization
 652              	.LVL23:
 653              		.loc 1 232 6 view .LVU235
 654 0044 F0B9     		cbnz	r0, .L84
 655              	.L70:
 233:Core/Src/tim.c ****   {
 234:Core/Src/tim.c ****     Error_Handler();
 235:Core/Src/tim.c ****   }
 236:Core/Src/tim.c ****   sConfigOC.OCMode = TIM_OCMODE_PWM1;
 656              		.loc 1 236 3 is_stmt 1 view .LVU236
 237:Core/Src/tim.c ****   sConfigOC.Pulse = 0;
 657              		.loc 1 237 3 view .LVU237
 238:Core/Src/tim.c ****   sConfigOC.OCPolarity = TIM_OCPOLARITY_HIGH;
 658              		.loc 1 238 24 is_stmt 0 view .LVU238
 659 0046 0023     		movs	r3, #0
 239:Core/Src/tim.c ****   sConfigOC.OCFastMode = TIM_OCFAST_DISABLE;
 240:Core/Src/tim.c ****   if (HAL_TIM_PWM_ConfigChannel(&htim12, &sConfigOC, TIM_CHANNEL_2) != HAL_OK)
 660              		.loc 1 240 7 view .LVU239
 661 0048 0AA9     		add	r1, sp, #40
 662 004a 0422     		movs	r2, #4
 663 004c 1E48     		ldr	r0, .L87+16
 238:Core/Src/tim.c ****   sConfigOC.OCPolarity = TIM_OCPOLARITY_HIGH;
 664              		.loc 1 238 24 view .LVU240
 665 004e 0C93     		str	r3, [sp, #48]
ARM GAS  C:\Users\l1234\AppData\Local\Temp\ccY1Nqu1.s 			page 19


 239:Core/Src/tim.c ****   sConfigOC.OCFastMode = TIM_OCFAST_DISABLE;
 666              		.loc 1 239 24 view .LVU241
 667 0050 0E93     		str	r3, [sp, #56]
 236:Core/Src/tim.c ****   sConfigOC.Pulse = 0;
 668              		.loc 1 236 20 view .LVU242
 669 0052 9FED197B 		vldr.64	d7, .L87	@ int
 670 0056 8DED0A7B 		vstr.64	d7, [sp, #40]	@ int
 238:Core/Src/tim.c ****   sConfigOC.OCPolarity = TIM_OCPOLARITY_HIGH;
 671              		.loc 1 238 3 is_stmt 1 view .LVU243
 239:Core/Src/tim.c ****   sConfigOC.OCFastMode = TIM_OCFAST_DISABLE;
 672              		.loc 1 239 3 view .LVU244
 673              		.loc 1 240 3 view .LVU245
 674              		.loc 1 240 7 is_stmt 0 view .LVU246
 675 005a FFF7FEFF 		bl	HAL_TIM_PWM_ConfigChannel
 676              	.LVL24:
 677              		.loc 1 240 6 view .LVU247
 678 005e 70B9     		cbnz	r0, .L85
 679              	.L71:
 241:Core/Src/tim.c ****   {
 242:Core/Src/tim.c ****     Error_Handler();
 243:Core/Src/tim.c ****   }
 244:Core/Src/tim.c ****   /* USER CODE BEGIN TIM12_Init 2 */
 245:Core/Src/tim.c **** 
 246:Core/Src/tim.c ****   /* USER CODE END TIM12_Init 2 */
 247:Core/Src/tim.c ****   HAL_TIM_MspPostInit(&htim12);
 680              		.loc 1 247 3 is_stmt 1 view .LVU248
 681              	.LVL25:
 682              	.LBB5:
 683              	.LBI5:
 248:Core/Src/tim.c **** 
 249:Core/Src/tim.c **** }
 250:Core/Src/tim.c **** /* TIM23 init function */
 251:Core/Src/tim.c **** void MX_TIM23_Init(void)
 252:Core/Src/tim.c **** {
 253:Core/Src/tim.c **** 
 254:Core/Src/tim.c ****   /* USER CODE BEGIN TIM23_Init 0 */
 255:Core/Src/tim.c **** 
 256:Core/Src/tim.c ****   /* USER CODE END TIM23_Init 0 */
 257:Core/Src/tim.c **** 
 258:Core/Src/tim.c ****   TIM_ClockConfigTypeDef sClockSourceConfig = {0};
 259:Core/Src/tim.c ****   TIM_MasterConfigTypeDef sMasterConfig = {0};
 260:Core/Src/tim.c **** 
 261:Core/Src/tim.c ****   /* USER CODE BEGIN TIM23_Init 1 */
 262:Core/Src/tim.c **** 
 263:Core/Src/tim.c ****   /* USER CODE END TIM23_Init 1 */
 264:Core/Src/tim.c ****   htim23.Instance = TIM23;
 265:Core/Src/tim.c ****   htim23.Init.Prescaler = 10000;
 266:Core/Src/tim.c ****   htim23.Init.CounterMode = TIM_COUNTERMODE_UP;
 267:Core/Src/tim.c ****   htim23.Init.Period = 720;
 268:Core/Src/tim.c ****   htim23.Init.ClockDivision = TIM_CLOCKDIVISION_DIV1;
 269:Core/Src/tim.c ****   htim23.Init.AutoReloadPreload = TIM_AUTORELOAD_PRELOAD_DISABLE;
 270:Core/Src/tim.c ****   if (HAL_TIM_Base_Init(&htim23) != HAL_OK)
 271:Core/Src/tim.c ****   {
 272:Core/Src/tim.c ****     Error_Handler();
 273:Core/Src/tim.c ****   }
 274:Core/Src/tim.c ****   sClockSourceConfig.ClockSource = TIM_CLOCKSOURCE_INTERNAL;
 275:Core/Src/tim.c ****   if (HAL_TIM_ConfigClockSource(&htim23, &sClockSourceConfig) != HAL_OK)
ARM GAS  C:\Users\l1234\AppData\Local\Temp\ccY1Nqu1.s 			page 20


 276:Core/Src/tim.c ****   {
 277:Core/Src/tim.c ****     Error_Handler();
 278:Core/Src/tim.c ****   }
 279:Core/Src/tim.c ****   sMasterConfig.MasterOutputTrigger = TIM_TRGO_RESET;
 280:Core/Src/tim.c ****   sMasterConfig.MasterSlaveMode = TIM_MASTERSLAVEMODE_DISABLE;
 281:Core/Src/tim.c ****   if (HAL_TIMEx_MasterConfigSynchronization(&htim23, &sMasterConfig) != HAL_OK)
 282:Core/Src/tim.c ****   {
 283:Core/Src/tim.c ****     Error_Handler();
 284:Core/Src/tim.c ****   }
 285:Core/Src/tim.c ****   /* USER CODE BEGIN TIM23_Init 2 */
 286:Core/Src/tim.c **** 
 287:Core/Src/tim.c ****   /* USER CODE END TIM23_Init 2 */
 288:Core/Src/tim.c **** 
 289:Core/Src/tim.c **** }
 290:Core/Src/tim.c **** 
 291:Core/Src/tim.c **** void HAL_TIM_Base_MspInit(TIM_HandleTypeDef* tim_baseHandle)
 292:Core/Src/tim.c **** {
 293:Core/Src/tim.c **** 
 294:Core/Src/tim.c ****   if(tim_baseHandle->Instance==TIM1)
 295:Core/Src/tim.c ****   {
 296:Core/Src/tim.c ****   /* USER CODE BEGIN TIM1_MspInit 0 */
 297:Core/Src/tim.c **** 
 298:Core/Src/tim.c ****   /* USER CODE END TIM1_MspInit 0 */
 299:Core/Src/tim.c ****     /* TIM1 clock enable */
 300:Core/Src/tim.c ****     __HAL_RCC_TIM1_CLK_ENABLE();
 301:Core/Src/tim.c ****   /* USER CODE BEGIN TIM1_MspInit 1 */
 302:Core/Src/tim.c **** 
 303:Core/Src/tim.c ****   /* USER CODE END TIM1_MspInit 1 */
 304:Core/Src/tim.c ****   }
 305:Core/Src/tim.c ****   else if(tim_baseHandle->Instance==TIM4)
 306:Core/Src/tim.c ****   {
 307:Core/Src/tim.c ****   /* USER CODE BEGIN TIM4_MspInit 0 */
 308:Core/Src/tim.c **** 
 309:Core/Src/tim.c ****   /* USER CODE END TIM4_MspInit 0 */
 310:Core/Src/tim.c ****     /* TIM4 clock enable */
 311:Core/Src/tim.c ****     __HAL_RCC_TIM4_CLK_ENABLE();
 312:Core/Src/tim.c **** 
 313:Core/Src/tim.c ****     /* TIM4 interrupt Init */
 314:Core/Src/tim.c ****     HAL_NVIC_SetPriority(TIM4_IRQn, 0, 0);
 315:Core/Src/tim.c ****     HAL_NVIC_EnableIRQ(TIM4_IRQn);
 316:Core/Src/tim.c ****   /* USER CODE BEGIN TIM4_MspInit 1 */
 317:Core/Src/tim.c **** 
 318:Core/Src/tim.c ****   /* USER CODE END TIM4_MspInit 1 */
 319:Core/Src/tim.c ****   }
 320:Core/Src/tim.c ****   else if(tim_baseHandle->Instance==TIM23)
 321:Core/Src/tim.c ****   {
 322:Core/Src/tim.c ****   /* USER CODE BEGIN TIM23_MspInit 0 */
 323:Core/Src/tim.c **** 
 324:Core/Src/tim.c ****   /* USER CODE END TIM23_MspInit 0 */
 325:Core/Src/tim.c ****     /* TIM23 clock enable */
 326:Core/Src/tim.c ****     __HAL_RCC_TIM23_CLK_ENABLE();
 327:Core/Src/tim.c **** 
 328:Core/Src/tim.c ****     /* TIM23 interrupt Init */
 329:Core/Src/tim.c ****     HAL_NVIC_SetPriority(TIM23_IRQn, 0, 0);
 330:Core/Src/tim.c ****     HAL_NVIC_EnableIRQ(TIM23_IRQn);
 331:Core/Src/tim.c ****   /* USER CODE BEGIN TIM23_MspInit 1 */
 332:Core/Src/tim.c **** 
ARM GAS  C:\Users\l1234\AppData\Local\Temp\ccY1Nqu1.s 			page 21


 333:Core/Src/tim.c ****   /* USER CODE END TIM23_MspInit 1 */
 334:Core/Src/tim.c ****   }
 335:Core/Src/tim.c **** }
 336:Core/Src/tim.c **** 
 337:Core/Src/tim.c **** void HAL_TIM_Encoder_MspInit(TIM_HandleTypeDef* tim_encoderHandle)
 338:Core/Src/tim.c **** {
 339:Core/Src/tim.c **** 
 340:Core/Src/tim.c ****   GPIO_InitTypeDef GPIO_InitStruct = {0};
 341:Core/Src/tim.c ****   if(tim_encoderHandle->Instance==TIM2)
 342:Core/Src/tim.c ****   {
 343:Core/Src/tim.c ****   /* USER CODE BEGIN TIM2_MspInit 0 */
 344:Core/Src/tim.c **** 
 345:Core/Src/tim.c ****   /* USER CODE END TIM2_MspInit 0 */
 346:Core/Src/tim.c ****     /* TIM2 clock enable */
 347:Core/Src/tim.c ****     __HAL_RCC_TIM2_CLK_ENABLE();
 348:Core/Src/tim.c **** 
 349:Core/Src/tim.c ****     __HAL_RCC_GPIOA_CLK_ENABLE();
 350:Core/Src/tim.c ****     /**TIM2 GPIO Configuration
 351:Core/Src/tim.c ****     PA0     ------> TIM2_CH1
 352:Core/Src/tim.c ****     PA1     ------> TIM2_CH2
 353:Core/Src/tim.c ****     */
 354:Core/Src/tim.c ****     GPIO_InitStruct.Pin = GPIO_PIN_0|GPIO_PIN_1;
 355:Core/Src/tim.c ****     GPIO_InitStruct.Mode = GPIO_MODE_AF_PP;
 356:Core/Src/tim.c ****     GPIO_InitStruct.Pull = GPIO_NOPULL;
 357:Core/Src/tim.c ****     GPIO_InitStruct.Speed = GPIO_SPEED_FREQ_LOW;
 358:Core/Src/tim.c ****     GPIO_InitStruct.Alternate = GPIO_AF1_TIM2;
 359:Core/Src/tim.c ****     HAL_GPIO_Init(GPIOA, &GPIO_InitStruct);
 360:Core/Src/tim.c **** 
 361:Core/Src/tim.c ****   /* USER CODE BEGIN TIM2_MspInit 1 */
 362:Core/Src/tim.c **** 
 363:Core/Src/tim.c ****   /* USER CODE END TIM2_MspInit 1 */
 364:Core/Src/tim.c ****   }
 365:Core/Src/tim.c ****   else if(tim_encoderHandle->Instance==TIM8)
 366:Core/Src/tim.c ****   {
 367:Core/Src/tim.c ****   /* USER CODE BEGIN TIM8_MspInit 0 */
 368:Core/Src/tim.c **** 
 369:Core/Src/tim.c ****   /* USER CODE END TIM8_MspInit 0 */
 370:Core/Src/tim.c ****     /* TIM8 clock enable */
 371:Core/Src/tim.c ****     __HAL_RCC_TIM8_CLK_ENABLE();
 372:Core/Src/tim.c **** 
 373:Core/Src/tim.c ****     __HAL_RCC_GPIOC_CLK_ENABLE();
 374:Core/Src/tim.c ****     /**TIM8 GPIO Configuration
 375:Core/Src/tim.c ****     PC6     ------> TIM8_CH1
 376:Core/Src/tim.c ****     PC7     ------> TIM8_CH2
 377:Core/Src/tim.c ****     */
 378:Core/Src/tim.c ****     GPIO_InitStruct.Pin = GPIO_PIN_6|GPIO_PIN_7;
 379:Core/Src/tim.c ****     GPIO_InitStruct.Mode = GPIO_MODE_AF_PP;
 380:Core/Src/tim.c ****     GPIO_InitStruct.Pull = GPIO_NOPULL;
 381:Core/Src/tim.c ****     GPIO_InitStruct.Speed = GPIO_SPEED_FREQ_LOW;
 382:Core/Src/tim.c ****     GPIO_InitStruct.Alternate = GPIO_AF3_TIM8;
 383:Core/Src/tim.c ****     HAL_GPIO_Init(GPIOC, &GPIO_InitStruct);
 384:Core/Src/tim.c **** 
 385:Core/Src/tim.c ****   /* USER CODE BEGIN TIM8_MspInit 1 */
 386:Core/Src/tim.c **** 
 387:Core/Src/tim.c ****   /* USER CODE END TIM8_MspInit 1 */
 388:Core/Src/tim.c ****   }
 389:Core/Src/tim.c **** }
ARM GAS  C:\Users\l1234\AppData\Local\Temp\ccY1Nqu1.s 			page 22


 390:Core/Src/tim.c **** 
 391:Core/Src/tim.c **** void HAL_TIM_PWM_MspInit(TIM_HandleTypeDef* tim_pwmHandle)
 392:Core/Src/tim.c **** {
 393:Core/Src/tim.c **** 
 394:Core/Src/tim.c ****   if(tim_pwmHandle->Instance==TIM12)
 395:Core/Src/tim.c ****   {
 396:Core/Src/tim.c ****   /* USER CODE BEGIN TIM12_MspInit 0 */
 397:Core/Src/tim.c **** 
 398:Core/Src/tim.c ****   /* USER CODE END TIM12_MspInit 0 */
 399:Core/Src/tim.c ****     /* TIM12 clock enable */
 400:Core/Src/tim.c ****     __HAL_RCC_TIM12_CLK_ENABLE();
 401:Core/Src/tim.c ****   /* USER CODE BEGIN TIM12_MspInit 1 */
 402:Core/Src/tim.c **** 
 403:Core/Src/tim.c ****   /* USER CODE END TIM12_MspInit 1 */
 404:Core/Src/tim.c ****   }
 405:Core/Src/tim.c **** }
 406:Core/Src/tim.c **** void HAL_TIM_MspPostInit(TIM_HandleTypeDef* timHandle)
 684              		.loc 1 406 6 view .LVU249
 685              	.LBB6:
 407:Core/Src/tim.c **** {
 408:Core/Src/tim.c **** 
 409:Core/Src/tim.c ****   GPIO_InitTypeDef GPIO_InitStruct = {0};
 686              		.loc 1 409 3 view .LVU250
 410:Core/Src/tim.c ****   if(timHandle->Instance==TIM12)
 687              		.loc 1 410 5 is_stmt 0 view .LVU251
 688 0060 1A4A     		ldr	r2, .L87+20
 409:Core/Src/tim.c ****   if(timHandle->Instance==TIM12)
 689              		.loc 1 409 20 view .LVU252
 690 0062 0023     		movs	r3, #0
 691              		.loc 1 410 5 view .LVU253
 692 0064 2168     		ldr	r1, [r4]
 409:Core/Src/tim.c ****   if(timHandle->Instance==TIM12)
 693              		.loc 1 409 20 view .LVU254
 694 0066 0893     		str	r3, [sp, #32]
 695              		.loc 1 410 3 is_stmt 1 view .LVU255
 696              		.loc 1 410 5 is_stmt 0 view .LVU256
 697 0068 9142     		cmp	r1, r2
 409:Core/Src/tim.c ****   if(timHandle->Instance==TIM12)
 698              		.loc 1 409 20 view .LVU257
 699 006a CDE90433 		strd	r3, r3, [sp, #16]
 700 006e CDE90633 		strd	r3, r3, [sp, #24]
 701              		.loc 1 410 5 view .LVU258
 702 0072 0AD0     		beq	.L86
 703              	.LBE6:
 704              	.LBE5:
 249:Core/Src/tim.c **** /* TIM23 init function */
 705              		.loc 1 249 1 view .LVU259
 706 0074 12B0     		add	sp, sp, #72
 707              	.LCFI24:
 708              		.cfi_remember_state
 709              		.cfi_def_cfa_offset 8
 710              		@ sp needed
 711 0076 10BD     		pop	{r4, pc}
 712              	.LVL26:
 713              	.L83:
 714              	.LCFI25:
 715              		.cfi_restore_state
ARM GAS  C:\Users\l1234\AppData\Local\Temp\ccY1Nqu1.s 			page 23


 228:Core/Src/tim.c ****   }
 716              		.loc 1 228 5 is_stmt 1 view .LVU260
 717 0078 FFF7FEFF 		bl	Error_Handler
 718              	.LVL27:
 719 007c DBE7     		b	.L69
 720              	.L85:
 242:Core/Src/tim.c ****   }
 721              		.loc 1 242 5 view .LVU261
 722 007e FFF7FEFF 		bl	Error_Handler
 723              	.LVL28:
 724 0082 EDE7     		b	.L71
 725              	.L84:
 234:Core/Src/tim.c ****   }
 726              		.loc 1 234 5 view .LVU262
 727 0084 FFF7FEFF 		bl	Error_Handler
 728              	.LVL29:
 729 0088 DDE7     		b	.L70
 730              	.LVL30:
 731              	.L86:
 732              	.LBB12:
 733              	.LBB11:
 411:Core/Src/tim.c ****   {
 412:Core/Src/tim.c ****   /* USER CODE BEGIN TIM12_MspPostInit 0 */
 413:Core/Src/tim.c **** 
 414:Core/Src/tim.c ****   /* USER CODE END TIM12_MspPostInit 0 */
 415:Core/Src/tim.c **** 
 416:Core/Src/tim.c ****     __HAL_RCC_GPIOB_CLK_ENABLE();
 734              		.loc 1 416 5 view .LVU263
 735              	.LBB7:
 736              		.loc 1 416 5 view .LVU264
 737              		.loc 1 416 5 view .LVU265
 738 008a 114B     		ldr	r3, .L87+24
 739              	.LBE7:
 417:Core/Src/tim.c ****     /**TIM12 GPIO Configuration
 418:Core/Src/tim.c ****     PB15     ------> TIM12_CH2
 419:Core/Src/tim.c ****     */
 420:Core/Src/tim.c ****     GPIO_InitStruct.Pin = GPIO_PIN_15;
 421:Core/Src/tim.c ****     GPIO_InitStruct.Mode = GPIO_MODE_AF_PP;
 422:Core/Src/tim.c ****     GPIO_InitStruct.Pull = GPIO_NOPULL;
 423:Core/Src/tim.c ****     GPIO_InitStruct.Speed = GPIO_SPEED_FREQ_LOW;
 424:Core/Src/tim.c ****     GPIO_InitStruct.Alternate = GPIO_AF2_TIM12;
 740              		.loc 1 424 31 is_stmt 0 view .LVU266
 741 008c 0224     		movs	r4, #2
 425:Core/Src/tim.c ****     HAL_GPIO_Init(GPIOB, &GPIO_InitStruct);
 742              		.loc 1 425 5 view .LVU267
 743 008e 04A9     		add	r1, sp, #16
 744 0090 1048     		ldr	r0, .L87+28
 745              	.LBB8:
 416:Core/Src/tim.c ****     /**TIM12 GPIO Configuration
 746              		.loc 1 416 5 view .LVU268
 747 0092 D3F8E020 		ldr	r2, [r3, #224]
 748 0096 2243     		orrs	r2, r2, r4
 749 0098 C3F8E020 		str	r2, [r3, #224]
 416:Core/Src/tim.c ****     /**TIM12 GPIO Configuration
 750              		.loc 1 416 5 is_stmt 1 view .LVU269
 751 009c D3F8E030 		ldr	r3, [r3, #224]
 752              	.LBE8:
ARM GAS  C:\Users\l1234\AppData\Local\Temp\ccY1Nqu1.s 			page 24


 424:Core/Src/tim.c ****     HAL_GPIO_Init(GPIOB, &GPIO_InitStruct);
 753              		.loc 1 424 31 is_stmt 0 view .LVU270
 754 00a0 0894     		str	r4, [sp, #32]
 755              	.LBB9:
 416:Core/Src/tim.c ****     /**TIM12 GPIO Configuration
 756              		.loc 1 416 5 view .LVU271
 757 00a2 2340     		ands	r3, r3, r4
 758              	.LBE9:
 420:Core/Src/tim.c ****     GPIO_InitStruct.Mode = GPIO_MODE_AF_PP;
 759              		.loc 1 420 25 view .LVU272
 760 00a4 9FED067B 		vldr.64	d7, .L87+8	@ int
 761              	.LBB10:
 416:Core/Src/tim.c ****     /**TIM12 GPIO Configuration
 762              		.loc 1 416 5 view .LVU273
 763 00a8 0093     		str	r3, [sp]
 416:Core/Src/tim.c ****     /**TIM12 GPIO Configuration
 764              		.loc 1 416 5 is_stmt 1 view .LVU274
 765 00aa 009B     		ldr	r3, [sp]
 766              	.LBE10:
 416:Core/Src/tim.c ****     /**TIM12 GPIO Configuration
 767              		.loc 1 416 5 view .LVU275
 420:Core/Src/tim.c ****     GPIO_InitStruct.Mode = GPIO_MODE_AF_PP;
 768              		.loc 1 420 5 view .LVU276
 421:Core/Src/tim.c ****     GPIO_InitStruct.Pull = GPIO_NOPULL;
 769              		.loc 1 421 5 view .LVU277
 422:Core/Src/tim.c ****     GPIO_InitStruct.Speed = GPIO_SPEED_FREQ_LOW;
 770              		.loc 1 422 5 view .LVU278
 423:Core/Src/tim.c ****     GPIO_InitStruct.Alternate = GPIO_AF2_TIM12;
 771              		.loc 1 423 5 view .LVU279
 424:Core/Src/tim.c ****     HAL_GPIO_Init(GPIOB, &GPIO_InitStruct);
 772              		.loc 1 424 5 view .LVU280
 773              		.loc 1 425 5 view .LVU281
 420:Core/Src/tim.c ****     GPIO_InitStruct.Mode = GPIO_MODE_AF_PP;
 774              		.loc 1 420 25 is_stmt 0 view .LVU282
 775 00ac 8DED047B 		vstr.64	d7, [sp, #16]	@ int
 776              		.loc 1 425 5 view .LVU283
 777 00b0 FFF7FEFF 		bl	HAL_GPIO_Init
 778              	.LVL31:
 779              		.loc 1 425 5 view .LVU284
 780              	.LBE11:
 781              	.LBE12:
 249:Core/Src/tim.c **** /* TIM23 init function */
 782              		.loc 1 249 1 view .LVU285
 783 00b4 12B0     		add	sp, sp, #72
 784              	.LCFI26:
 785              		.cfi_def_cfa_offset 8
 786              		@ sp needed
 787 00b6 10BD     		pop	{r4, pc}
 788              	.L88:
 789              		.align	3
 790              	.L87:
 791 00b8 60000000 		.word	96
 792 00bc 00000000 		.word	0
 793 00c0 00800000 		.word	32768
 794 00c4 02000000 		.word	2
 795 00c8 00000000 		.word	htim12
 796 00cc 00180040 		.word	1073747968
ARM GAS  C:\Users\l1234\AppData\Local\Temp\ccY1Nqu1.s 			page 25


 797 00d0 00440258 		.word	1476543488
 798 00d4 00040258 		.word	1476527104
 799              		.cfi_endproc
 800              	.LFE148:
 802              		.section	.text.MX_TIM23_Init,"ax",%progbits
 803              		.align	1
 804              		.p2align 2,,3
 805              		.global	MX_TIM23_Init
 806              		.syntax unified
 807              		.thumb
 808              		.thumb_func
 810              	MX_TIM23_Init:
 811              	.LFB149:
 252:Core/Src/tim.c **** 
 812              		.loc 1 252 1 is_stmt 1 view -0
 813              		.cfi_startproc
 814              		@ args = 0, pretend = 0, frame = 32
 815              		@ frame_needed = 0, uses_anonymous_args = 0
 258:Core/Src/tim.c ****   TIM_MasterConfigTypeDef sMasterConfig = {0};
 816              		.loc 1 258 3 view .LVU287
 252:Core/Src/tim.c **** 
 817              		.loc 1 252 1 is_stmt 0 view .LVU288
 818 0000 10B5     		push	{r4, lr}
 819              	.LCFI27:
 820              		.cfi_def_cfa_offset 8
 821              		.cfi_offset 4, -8
 822              		.cfi_offset 14, -4
 258:Core/Src/tim.c ****   TIM_MasterConfigTypeDef sMasterConfig = {0};
 823              		.loc 1 258 26 view .LVU289
 824 0002 0023     		movs	r3, #0
 252:Core/Src/tim.c **** 
 825              		.loc 1 252 1 view .LVU290
 826 0004 88B0     		sub	sp, sp, #32
 827              	.LCFI28:
 828              		.cfi_def_cfa_offset 40
 264:Core/Src/tim.c ****   htim23.Init.Prescaler = 10000;
 829              		.loc 1 264 19 view .LVU291
 830 0006 1948     		ldr	r0, .L106
 265:Core/Src/tim.c ****   htim23.Init.CounterMode = TIM_COUNTERMODE_UP;
 831              		.loc 1 265 25 view .LVU292
 832 0008 42F21071 		movw	r1, #10000
 264:Core/Src/tim.c ****   htim23.Init.Prescaler = 10000;
 833              		.loc 1 264 19 view .LVU293
 834 000c 184C     		ldr	r4, .L106+4
 265:Core/Src/tim.c ****   htim23.Init.CounterMode = TIM_COUNTERMODE_UP;
 835              		.loc 1 265 25 view .LVU294
 836 000e 4FF43472 		mov	r2, #720
 258:Core/Src/tim.c ****   TIM_MasterConfigTypeDef sMasterConfig = {0};
 837              		.loc 1 258 26 view .LVU295
 838 0012 0493     		str	r3, [sp, #16]
 259:Core/Src/tim.c **** 
 839              		.loc 1 259 27 view .LVU296
 840 0014 0193     		str	r3, [sp, #4]
 264:Core/Src/tim.c ****   htim23.Init.Prescaler = 10000;
 841              		.loc 1 264 19 view .LVU297
 842 0016 0460     		str	r4, [r0]
 265:Core/Src/tim.c ****   htim23.Init.CounterMode = TIM_COUNTERMODE_UP;
ARM GAS  C:\Users\l1234\AppData\Local\Temp\ccY1Nqu1.s 			page 26


 843              		.loc 1 265 25 view .LVU298
 844 0018 4160     		str	r1, [r0, #4]	@ unaligned
 845 001a 8360     		str	r3, [r0, #8]	@ unaligned
 846 001c C260     		str	r2, [r0, #12]	@ unaligned
 847 001e 0361     		str	r3, [r0, #16]	@ unaligned
 269:Core/Src/tim.c ****   if (HAL_TIM_Base_Init(&htim23) != HAL_OK)
 848              		.loc 1 269 33 view .LVU299
 849 0020 8361     		str	r3, [r0, #24]
 258:Core/Src/tim.c ****   TIM_MasterConfigTypeDef sMasterConfig = {0};
 850              		.loc 1 258 26 view .LVU300
 851 0022 0793     		str	r3, [sp, #28]
 259:Core/Src/tim.c **** 
 852              		.loc 1 259 3 is_stmt 1 view .LVU301
 258:Core/Src/tim.c ****   TIM_MasterConfigTypeDef sMasterConfig = {0};
 853              		.loc 1 258 26 is_stmt 0 view .LVU302
 854 0024 CDE90533 		strd	r3, r3, [sp, #20]
 259:Core/Src/tim.c **** 
 855              		.loc 1 259 27 view .LVU303
 856 0028 CDE90233 		strd	r3, r3, [sp, #8]
 264:Core/Src/tim.c ****   htim23.Init.Prescaler = 10000;
 857              		.loc 1 264 3 is_stmt 1 view .LVU304
 265:Core/Src/tim.c ****   htim23.Init.CounterMode = TIM_COUNTERMODE_UP;
 858              		.loc 1 265 3 view .LVU305
 266:Core/Src/tim.c ****   htim23.Init.Period = 720;
 859              		.loc 1 266 3 view .LVU306
 267:Core/Src/tim.c ****   htim23.Init.ClockDivision = TIM_CLOCKDIVISION_DIV1;
 860              		.loc 1 267 3 view .LVU307
 268:Core/Src/tim.c ****   htim23.Init.AutoReloadPreload = TIM_AUTORELOAD_PRELOAD_DISABLE;
 861              		.loc 1 268 3 view .LVU308
 269:Core/Src/tim.c ****   if (HAL_TIM_Base_Init(&htim23) != HAL_OK)
 862              		.loc 1 269 3 view .LVU309
 270:Core/Src/tim.c ****   {
 863              		.loc 1 270 3 view .LVU310
 270:Core/Src/tim.c ****   {
 864              		.loc 1 270 7 is_stmt 0 view .LVU311
 865 002c FFF7FEFF 		bl	HAL_TIM_Base_Init
 866              	.LVL32:
 270:Core/Src/tim.c ****   {
 867              		.loc 1 270 6 view .LVU312
 868 0030 88B9     		cbnz	r0, .L103
 869              	.L90:
 274:Core/Src/tim.c ****   if (HAL_TIM_ConfigClockSource(&htim23, &sClockSourceConfig) != HAL_OK)
 870              		.loc 1 274 3 is_stmt 1 view .LVU313
 274:Core/Src/tim.c ****   if (HAL_TIM_ConfigClockSource(&htim23, &sClockSourceConfig) != HAL_OK)
 871              		.loc 1 274 34 is_stmt 0 view .LVU314
 872 0032 4FF48053 		mov	r3, #4096
 275:Core/Src/tim.c ****   {
 873              		.loc 1 275 7 view .LVU315
 874 0036 04A9     		add	r1, sp, #16
 875 0038 0C48     		ldr	r0, .L106
 274:Core/Src/tim.c ****   if (HAL_TIM_ConfigClockSource(&htim23, &sClockSourceConfig) != HAL_OK)
 876              		.loc 1 274 34 view .LVU316
 877 003a 0493     		str	r3, [sp, #16]
 275:Core/Src/tim.c ****   {
 878              		.loc 1 275 3 is_stmt 1 view .LVU317
 275:Core/Src/tim.c ****   {
 879              		.loc 1 275 7 is_stmt 0 view .LVU318
ARM GAS  C:\Users\l1234\AppData\Local\Temp\ccY1Nqu1.s 			page 27


 880 003c FFF7FEFF 		bl	HAL_TIM_ConfigClockSource
 881              	.LVL33:
 275:Core/Src/tim.c ****   {
 882              		.loc 1 275 6 view .LVU319
 883 0040 80B9     		cbnz	r0, .L104
 884              	.L91:
 279:Core/Src/tim.c ****   sMasterConfig.MasterSlaveMode = TIM_MASTERSLAVEMODE_DISABLE;
 885              		.loc 1 279 3 is_stmt 1 view .LVU320
 279:Core/Src/tim.c ****   sMasterConfig.MasterSlaveMode = TIM_MASTERSLAVEMODE_DISABLE;
 886              		.loc 1 279 37 is_stmt 0 view .LVU321
 887 0042 0023     		movs	r3, #0
 281:Core/Src/tim.c ****   {
 888              		.loc 1 281 7 view .LVU322
 889 0044 01A9     		add	r1, sp, #4
 890 0046 0948     		ldr	r0, .L106
 279:Core/Src/tim.c ****   sMasterConfig.MasterSlaveMode = TIM_MASTERSLAVEMODE_DISABLE;
 891              		.loc 1 279 37 view .LVU323
 892 0048 0193     		str	r3, [sp, #4]
 280:Core/Src/tim.c ****   if (HAL_TIMEx_MasterConfigSynchronization(&htim23, &sMasterConfig) != HAL_OK)
 893              		.loc 1 280 3 is_stmt 1 view .LVU324
 280:Core/Src/tim.c ****   if (HAL_TIMEx_MasterConfigSynchronization(&htim23, &sMasterConfig) != HAL_OK)
 894              		.loc 1 280 33 is_stmt 0 view .LVU325
 895 004a 0393     		str	r3, [sp, #12]
 281:Core/Src/tim.c ****   {
 896              		.loc 1 281 3 is_stmt 1 view .LVU326
 281:Core/Src/tim.c ****   {
 897              		.loc 1 281 7 is_stmt 0 view .LVU327
 898 004c FFF7FEFF 		bl	HAL_TIMEx_MasterConfigSynchronization
 899              	.LVL34:
 281:Core/Src/tim.c ****   {
 900              		.loc 1 281 6 view .LVU328
 901 0050 20B9     		cbnz	r0, .L105
 289:Core/Src/tim.c **** 
 902              		.loc 1 289 1 view .LVU329
 903 0052 08B0     		add	sp, sp, #32
 904              	.LCFI29:
 905              		.cfi_remember_state
 906              		.cfi_def_cfa_offset 8
 907              		@ sp needed
 908 0054 10BD     		pop	{r4, pc}
 909              	.L103:
 910              	.LCFI30:
 911              		.cfi_restore_state
 272:Core/Src/tim.c ****   }
 912              		.loc 1 272 5 is_stmt 1 view .LVU330
 913 0056 FFF7FEFF 		bl	Error_Handler
 914              	.LVL35:
 915 005a EAE7     		b	.L90
 916              	.L105:
 283:Core/Src/tim.c ****   }
 917              		.loc 1 283 5 view .LVU331
 918 005c FFF7FEFF 		bl	Error_Handler
 919              	.LVL36:
 289:Core/Src/tim.c **** 
 920              		.loc 1 289 1 is_stmt 0 view .LVU332
 921 0060 08B0     		add	sp, sp, #32
 922              	.LCFI31:
ARM GAS  C:\Users\l1234\AppData\Local\Temp\ccY1Nqu1.s 			page 28


 923              		.cfi_remember_state
 924              		.cfi_def_cfa_offset 8
 925              		@ sp needed
 926 0062 10BD     		pop	{r4, pc}
 927              	.L104:
 928              	.LCFI32:
 929              		.cfi_restore_state
 277:Core/Src/tim.c ****   }
 930              		.loc 1 277 5 is_stmt 1 view .LVU333
 931 0064 FFF7FEFF 		bl	Error_Handler
 932              	.LVL37:
 933 0068 EBE7     		b	.L91
 934              	.L107:
 935 006a 00BF     		.align	2
 936              	.L106:
 937 006c 00000000 		.word	htim23
 938 0070 00E00040 		.word	1073799168
 939              		.cfi_endproc
 940              	.LFE149:
 942              		.section	.text.HAL_TIM_Base_MspInit,"ax",%progbits
 943              		.align	1
 944              		.p2align 2,,3
 945              		.global	HAL_TIM_Base_MspInit
 946              		.syntax unified
 947              		.thumb
 948              		.thumb_func
 950              	HAL_TIM_Base_MspInit:
 951              	.LVL38:
 952              	.LFB150:
 292:Core/Src/tim.c **** 
 953              		.loc 1 292 1 view -0
 954              		.cfi_startproc
 955              		@ args = 0, pretend = 0, frame = 16
 956              		@ frame_needed = 0, uses_anonymous_args = 0
 294:Core/Src/tim.c ****   {
 957              		.loc 1 294 3 view .LVU335
 294:Core/Src/tim.c ****   {
 958              		.loc 1 294 5 is_stmt 0 view .LVU336
 959 0000 264A     		ldr	r2, .L117
 294:Core/Src/tim.c ****   {
 960              		.loc 1 294 20 view .LVU337
 961 0002 0368     		ldr	r3, [r0]
 294:Core/Src/tim.c ****   {
 962              		.loc 1 294 5 view .LVU338
 963 0004 9342     		cmp	r3, r2
 292:Core/Src/tim.c **** 
 964              		.loc 1 292 1 view .LVU339
 965 0006 10B5     		push	{r4, lr}
 966              	.LCFI33:
 967              		.cfi_def_cfa_offset 8
 968              		.cfi_offset 4, -8
 969              		.cfi_offset 14, -4
 970 0008 84B0     		sub	sp, sp, #16
 971              	.LCFI34:
 972              		.cfi_def_cfa_offset 24
 294:Core/Src/tim.c ****   {
 973              		.loc 1 294 5 view .LVU340
ARM GAS  C:\Users\l1234\AppData\Local\Temp\ccY1Nqu1.s 			page 29


 974 000a 07D0     		beq	.L114
 305:Core/Src/tim.c ****   {
 975              		.loc 1 305 8 is_stmt 1 view .LVU341
 305:Core/Src/tim.c ****   {
 976              		.loc 1 305 10 is_stmt 0 view .LVU342
 977 000c 244A     		ldr	r2, .L117+4
 978 000e 9342     		cmp	r3, r2
 979 0010 2BD0     		beq	.L115
 320:Core/Src/tim.c ****   {
 980              		.loc 1 320 8 is_stmt 1 view .LVU343
 320:Core/Src/tim.c ****   {
 981              		.loc 1 320 10 is_stmt 0 view .LVU344
 982 0012 244A     		ldr	r2, .L117+8
 983 0014 9342     		cmp	r3, r2
 984 0016 10D0     		beq	.L116
 335:Core/Src/tim.c **** 
 985              		.loc 1 335 1 view .LVU345
 986 0018 04B0     		add	sp, sp, #16
 987              	.LCFI35:
 988              		.cfi_remember_state
 989              		.cfi_def_cfa_offset 8
 990              		@ sp needed
 991 001a 10BD     		pop	{r4, pc}
 992              	.L114:
 993              	.LCFI36:
 994              		.cfi_restore_state
 300:Core/Src/tim.c ****   /* USER CODE BEGIN TIM1_MspInit 1 */
 995              		.loc 1 300 5 is_stmt 1 view .LVU346
 996              	.LBB13:
 300:Core/Src/tim.c ****   /* USER CODE BEGIN TIM1_MspInit 1 */
 997              		.loc 1 300 5 view .LVU347
 300:Core/Src/tim.c ****   /* USER CODE BEGIN TIM1_MspInit 1 */
 998              		.loc 1 300 5 view .LVU348
 999 001c 224B     		ldr	r3, .L117+12
 1000 001e D3F8F020 		ldr	r2, [r3, #240]
 1001 0022 42F00102 		orr	r2, r2, #1
 1002 0026 C3F8F020 		str	r2, [r3, #240]
 300:Core/Src/tim.c ****   /* USER CODE BEGIN TIM1_MspInit 1 */
 1003              		.loc 1 300 5 view .LVU349
 1004 002a D3F8F030 		ldr	r3, [r3, #240]
 1005 002e 03F00103 		and	r3, r3, #1
 1006 0032 0193     		str	r3, [sp, #4]
 300:Core/Src/tim.c ****   /* USER CODE BEGIN TIM1_MspInit 1 */
 1007              		.loc 1 300 5 view .LVU350
 1008 0034 019B     		ldr	r3, [sp, #4]
 1009              	.LBE13:
 300:Core/Src/tim.c ****   /* USER CODE BEGIN TIM1_MspInit 1 */
 1010              		.loc 1 300 5 view .LVU351
 335:Core/Src/tim.c **** 
 1011              		.loc 1 335 1 is_stmt 0 view .LVU352
 1012 0036 04B0     		add	sp, sp, #16
 1013              	.LCFI37:
 1014              		.cfi_remember_state
 1015              		.cfi_def_cfa_offset 8
 1016              		@ sp needed
 1017 0038 10BD     		pop	{r4, pc}
 1018              	.L116:
ARM GAS  C:\Users\l1234\AppData\Local\Temp\ccY1Nqu1.s 			page 30


 1019              	.LCFI38:
 1020              		.cfi_restore_state
 326:Core/Src/tim.c **** 
 1021              		.loc 1 326 5 is_stmt 1 view .LVU353
 1022              	.LBB14:
 326:Core/Src/tim.c **** 
 1023              		.loc 1 326 5 view .LVU354
 326:Core/Src/tim.c **** 
 1024              		.loc 1 326 5 view .LVU355
 1025 003a 1B4B     		ldr	r3, .L117+12
 1026              	.LBE14:
 329:Core/Src/tim.c ****     HAL_NVIC_EnableIRQ(TIM23_IRQn);
 1027              		.loc 1 329 5 is_stmt 0 view .LVU356
 1028 003c 0022     		movs	r2, #0
 1029 003e A120     		movs	r0, #161
 1030              	.LVL39:
 1031              	.LBB15:
 326:Core/Src/tim.c **** 
 1032              		.loc 1 326 5 view .LVU357
 1033 0040 D3F8EC40 		ldr	r4, [r3, #236]
 1034              	.LBE15:
 329:Core/Src/tim.c ****     HAL_NVIC_EnableIRQ(TIM23_IRQn);
 1035              		.loc 1 329 5 view .LVU358
 1036 0044 1146     		mov	r1, r2
 1037              	.LBB16:
 326:Core/Src/tim.c **** 
 1038              		.loc 1 326 5 view .LVU359
 1039 0046 44F08074 		orr	r4, r4, #16777216
 1040 004a C3F8EC40 		str	r4, [r3, #236]
 326:Core/Src/tim.c **** 
 1041              		.loc 1 326 5 is_stmt 1 view .LVU360
 1042 004e D3F8EC30 		ldr	r3, [r3, #236]
 1043 0052 03F08073 		and	r3, r3, #16777216
 1044 0056 0393     		str	r3, [sp, #12]
 326:Core/Src/tim.c **** 
 1045              		.loc 1 326 5 view .LVU361
 1046 0058 039B     		ldr	r3, [sp, #12]
 1047              	.LBE16:
 326:Core/Src/tim.c **** 
 1048              		.loc 1 326 5 view .LVU362
 329:Core/Src/tim.c ****     HAL_NVIC_EnableIRQ(TIM23_IRQn);
 1049              		.loc 1 329 5 view .LVU363
 1050 005a FFF7FEFF 		bl	HAL_NVIC_SetPriority
 1051              	.LVL40:
 330:Core/Src/tim.c ****   /* USER CODE BEGIN TIM23_MspInit 1 */
 1052              		.loc 1 330 5 view .LVU364
 1053 005e A120     		movs	r0, #161
 335:Core/Src/tim.c **** 
 1054              		.loc 1 335 1 is_stmt 0 view .LVU365
 1055 0060 04B0     		add	sp, sp, #16
 1056              	.LCFI39:
 1057              		.cfi_remember_state
 1058              		.cfi_def_cfa_offset 8
 1059              		@ sp needed
 1060 0062 BDE81040 		pop	{r4, lr}
 1061              	.LCFI40:
 1062              		.cfi_restore 14
ARM GAS  C:\Users\l1234\AppData\Local\Temp\ccY1Nqu1.s 			page 31


 1063              		.cfi_restore 4
 1064              		.cfi_def_cfa_offset 0
 330:Core/Src/tim.c ****   /* USER CODE BEGIN TIM23_MspInit 1 */
 1065              		.loc 1 330 5 view .LVU366
 1066 0066 FFF7FEBF 		b	HAL_NVIC_EnableIRQ
 1067              	.LVL41:
 1068              	.L115:
 1069              	.LCFI41:
 1070              		.cfi_restore_state
 311:Core/Src/tim.c **** 
 1071              		.loc 1 311 5 is_stmt 1 view .LVU367
 1072              	.LBB17:
 311:Core/Src/tim.c **** 
 1073              		.loc 1 311 5 view .LVU368
 311:Core/Src/tim.c **** 
 1074              		.loc 1 311 5 view .LVU369
 1075 006a 0F4B     		ldr	r3, .L117+12
 1076              	.LBE17:
 314:Core/Src/tim.c ****     HAL_NVIC_EnableIRQ(TIM4_IRQn);
 1077              		.loc 1 314 5 is_stmt 0 view .LVU370
 1078 006c 0022     		movs	r2, #0
 1079 006e 1E20     		movs	r0, #30
 1080              	.LVL42:
 1081              	.LBB18:
 311:Core/Src/tim.c **** 
 1082              		.loc 1 311 5 view .LVU371
 1083 0070 D3F8E840 		ldr	r4, [r3, #232]
 1084              	.LBE18:
 314:Core/Src/tim.c ****     HAL_NVIC_EnableIRQ(TIM4_IRQn);
 1085              		.loc 1 314 5 view .LVU372
 1086 0074 1146     		mov	r1, r2
 1087              	.LBB19:
 311:Core/Src/tim.c **** 
 1088              		.loc 1 311 5 view .LVU373
 1089 0076 44F00404 		orr	r4, r4, #4
 1090 007a C3F8E840 		str	r4, [r3, #232]
 311:Core/Src/tim.c **** 
 1091              		.loc 1 311 5 is_stmt 1 view .LVU374
 1092 007e D3F8E830 		ldr	r3, [r3, #232]
 1093 0082 03F00403 		and	r3, r3, #4
 1094 0086 0293     		str	r3, [sp, #8]
 311:Core/Src/tim.c **** 
 1095              		.loc 1 311 5 view .LVU375
 1096 0088 029B     		ldr	r3, [sp, #8]
 1097              	.LBE19:
 311:Core/Src/tim.c **** 
 1098              		.loc 1 311 5 view .LVU376
 314:Core/Src/tim.c ****     HAL_NVIC_EnableIRQ(TIM4_IRQn);
 1099              		.loc 1 314 5 view .LVU377
 1100 008a FFF7FEFF 		bl	HAL_NVIC_SetPriority
 1101              	.LVL43:
 315:Core/Src/tim.c ****   /* USER CODE BEGIN TIM4_MspInit 1 */
 1102              		.loc 1 315 5 view .LVU378
 1103 008e 1E20     		movs	r0, #30
 335:Core/Src/tim.c **** 
 1104              		.loc 1 335 1 is_stmt 0 view .LVU379
 1105 0090 04B0     		add	sp, sp, #16
ARM GAS  C:\Users\l1234\AppData\Local\Temp\ccY1Nqu1.s 			page 32


 1106              	.LCFI42:
 1107              		.cfi_def_cfa_offset 8
 1108              		@ sp needed
 1109 0092 BDE81040 		pop	{r4, lr}
 1110              	.LCFI43:
 1111              		.cfi_restore 14
 1112              		.cfi_restore 4
 1113              		.cfi_def_cfa_offset 0
 330:Core/Src/tim.c ****   /* USER CODE BEGIN TIM23_MspInit 1 */
 1114              		.loc 1 330 5 view .LVU380
 1115 0096 FFF7FEBF 		b	HAL_NVIC_EnableIRQ
 1116              	.LVL44:
 1117              	.L118:
 1118 009a 00BF     		.align	2
 1119              	.L117:
 1120 009c 00000140 		.word	1073807360
 1121 00a0 00080040 		.word	1073743872
 1122 00a4 00E00040 		.word	1073799168
 1123 00a8 00440258 		.word	1476543488
 1124              		.cfi_endproc
 1125              	.LFE150:
 1127              		.section	.text.HAL_TIM_Encoder_MspInit,"ax",%progbits
 1128              		.align	1
 1129              		.p2align 2,,3
 1130              		.global	HAL_TIM_Encoder_MspInit
 1131              		.syntax unified
 1132              		.thumb
 1133              		.thumb_func
 1135              	HAL_TIM_Encoder_MspInit:
 1136              	.LVL45:
 1137              	.LFB151:
 338:Core/Src/tim.c **** 
 1138              		.loc 1 338 1 is_stmt 1 view -0
 1139              		.cfi_startproc
 1140              		@ args = 0, pretend = 0, frame = 40
 1141              		@ frame_needed = 0, uses_anonymous_args = 0
 340:Core/Src/tim.c ****   if(tim_encoderHandle->Instance==TIM2)
 1142              		.loc 1 340 3 view .LVU382
 341:Core/Src/tim.c ****   {
 1143              		.loc 1 341 23 is_stmt 0 view .LVU383
 1144 0000 0268     		ldr	r2, [r0]
 340:Core/Src/tim.c ****   if(tim_encoderHandle->Instance==TIM2)
 1145              		.loc 1 340 20 view .LVU384
 1146 0002 0023     		movs	r3, #0
 338:Core/Src/tim.c **** 
 1147              		.loc 1 338 1 view .LVU385
 1148 0004 10B5     		push	{r4, lr}
 1149              	.LCFI44:
 1150              		.cfi_def_cfa_offset 8
 1151              		.cfi_offset 4, -8
 1152              		.cfi_offset 14, -4
 341:Core/Src/tim.c ****   {
 1153              		.loc 1 341 5 view .LVU386
 1154 0006 B2F1804F 		cmp	r2, #1073741824
 338:Core/Src/tim.c **** 
 1155              		.loc 1 338 1 view .LVU387
 1156 000a 8AB0     		sub	sp, sp, #40
ARM GAS  C:\Users\l1234\AppData\Local\Temp\ccY1Nqu1.s 			page 33


 1157              	.LCFI45:
 1158              		.cfi_def_cfa_offset 48
 340:Core/Src/tim.c ****   if(tim_encoderHandle->Instance==TIM2)
 1159              		.loc 1 340 20 view .LVU388
 1160 000c CDE90433 		strd	r3, r3, [sp, #16]
 1161 0010 CDE90633 		strd	r3, r3, [sp, #24]
 1162 0014 0893     		str	r3, [sp, #32]
 341:Core/Src/tim.c ****   {
 1163              		.loc 1 341 3 is_stmt 1 view .LVU389
 341:Core/Src/tim.c ****   {
 1164              		.loc 1 341 5 is_stmt 0 view .LVU390
 1165 0016 04D0     		beq	.L123
 365:Core/Src/tim.c ****   {
 1166              		.loc 1 365 8 is_stmt 1 view .LVU391
 365:Core/Src/tim.c ****   {
 1167              		.loc 1 365 10 is_stmt 0 view .LVU392
 1168 0018 294B     		ldr	r3, .L125+16
 1169 001a 9A42     		cmp	r2, r3
 1170 001c 22D0     		beq	.L124
 389:Core/Src/tim.c **** 
 1171              		.loc 1 389 1 view .LVU393
 1172 001e 0AB0     		add	sp, sp, #40
 1173              	.LCFI46:
 1174              		.cfi_remember_state
 1175              		.cfi_def_cfa_offset 8
 1176              		@ sp needed
 1177 0020 10BD     		pop	{r4, pc}
 1178              	.L123:
 1179              	.LCFI47:
 1180              		.cfi_restore_state
 347:Core/Src/tim.c **** 
 1181              		.loc 1 347 5 is_stmt 1 view .LVU394
 1182              	.LBB20:
 347:Core/Src/tim.c **** 
 1183              		.loc 1 347 5 view .LVU395
 347:Core/Src/tim.c **** 
 1184              		.loc 1 347 5 view .LVU396
 1185 0022 284B     		ldr	r3, .L125+20
 1186              	.LBE20:
 358:Core/Src/tim.c ****     HAL_GPIO_Init(GPIOA, &GPIO_InitStruct);
 1187              		.loc 1 358 31 is_stmt 0 view .LVU397
 1188 0024 0124     		movs	r4, #1
 359:Core/Src/tim.c **** 
 1189              		.loc 1 359 5 view .LVU398
 1190 0026 04A9     		add	r1, sp, #16
 1191 0028 2748     		ldr	r0, .L125+24
 1192              	.LVL46:
 1193              	.LBB21:
 347:Core/Src/tim.c **** 
 1194              		.loc 1 347 5 view .LVU399
 1195 002a D3F8E820 		ldr	r2, [r3, #232]
 1196 002e 2243     		orrs	r2, r2, r4
 1197 0030 C3F8E820 		str	r2, [r3, #232]
 347:Core/Src/tim.c **** 
 1198              		.loc 1 347 5 is_stmt 1 view .LVU400
 1199 0034 D3F8E820 		ldr	r2, [r3, #232]
 1200 0038 2240     		ands	r2, r2, r4
ARM GAS  C:\Users\l1234\AppData\Local\Temp\ccY1Nqu1.s 			page 34


 1201 003a 0092     		str	r2, [sp]
 347:Core/Src/tim.c **** 
 1202              		.loc 1 347 5 view .LVU401
 1203 003c 009A     		ldr	r2, [sp]
 1204              	.LBE21:
 347:Core/Src/tim.c **** 
 1205              		.loc 1 347 5 view .LVU402
 349:Core/Src/tim.c ****     /**TIM2 GPIO Configuration
 1206              		.loc 1 349 5 view .LVU403
 1207              	.LBB22:
 349:Core/Src/tim.c ****     /**TIM2 GPIO Configuration
 1208              		.loc 1 349 5 view .LVU404
 349:Core/Src/tim.c ****     /**TIM2 GPIO Configuration
 1209              		.loc 1 349 5 view .LVU405
 1210 003e D3F8E020 		ldr	r2, [r3, #224]
 1211 0042 2243     		orrs	r2, r2, r4
 1212 0044 C3F8E020 		str	r2, [r3, #224]
 349:Core/Src/tim.c ****     /**TIM2 GPIO Configuration
 1213              		.loc 1 349 5 view .LVU406
 1214 0048 D3F8E030 		ldr	r3, [r3, #224]
 1215              	.LBE22:
 358:Core/Src/tim.c ****     HAL_GPIO_Init(GPIOA, &GPIO_InitStruct);
 1216              		.loc 1 358 31 is_stmt 0 view .LVU407
 1217 004c 0894     		str	r4, [sp, #32]
 1218              	.LBB23:
 349:Core/Src/tim.c ****     /**TIM2 GPIO Configuration
 1219              		.loc 1 349 5 view .LVU408
 1220 004e 2340     		ands	r3, r3, r4
 1221              	.LBE23:
 354:Core/Src/tim.c ****     GPIO_InitStruct.Mode = GPIO_MODE_AF_PP;
 1222              		.loc 1 354 25 view .LVU409
 1223 0050 9FED177B 		vldr.64	d7, .L125	@ int
 1224              	.LBB24:
 349:Core/Src/tim.c ****     /**TIM2 GPIO Configuration
 1225              		.loc 1 349 5 view .LVU410
 1226 0054 0193     		str	r3, [sp, #4]
 349:Core/Src/tim.c ****     /**TIM2 GPIO Configuration
 1227              		.loc 1 349 5 is_stmt 1 view .LVU411
 1228 0056 019B     		ldr	r3, [sp, #4]
 1229              	.LBE24:
 349:Core/Src/tim.c ****     /**TIM2 GPIO Configuration
 1230              		.loc 1 349 5 view .LVU412
 354:Core/Src/tim.c ****     GPIO_InitStruct.Mode = GPIO_MODE_AF_PP;
 1231              		.loc 1 354 5 view .LVU413
 355:Core/Src/tim.c ****     GPIO_InitStruct.Pull = GPIO_NOPULL;
 1232              		.loc 1 355 5 view .LVU414
 356:Core/Src/tim.c ****     GPIO_InitStruct.Speed = GPIO_SPEED_FREQ_LOW;
 1233              		.loc 1 356 5 view .LVU415
 357:Core/Src/tim.c ****     GPIO_InitStruct.Alternate = GPIO_AF1_TIM2;
 1234              		.loc 1 357 5 view .LVU416
 358:Core/Src/tim.c ****     HAL_GPIO_Init(GPIOA, &GPIO_InitStruct);
 1235              		.loc 1 358 5 view .LVU417
 359:Core/Src/tim.c **** 
 1236              		.loc 1 359 5 view .LVU418
 354:Core/Src/tim.c ****     GPIO_InitStruct.Mode = GPIO_MODE_AF_PP;
 1237              		.loc 1 354 25 is_stmt 0 view .LVU419
 1238 0058 8DED047B 		vstr.64	d7, [sp, #16]	@ int
ARM GAS  C:\Users\l1234\AppData\Local\Temp\ccY1Nqu1.s 			page 35


 359:Core/Src/tim.c **** 
 1239              		.loc 1 359 5 view .LVU420
 1240 005c FFF7FEFF 		bl	HAL_GPIO_Init
 1241              	.LVL47:
 389:Core/Src/tim.c **** 
 1242              		.loc 1 389 1 view .LVU421
 1243 0060 0AB0     		add	sp, sp, #40
 1244              	.LCFI48:
 1245              		.cfi_remember_state
 1246              		.cfi_def_cfa_offset 8
 1247              		@ sp needed
 1248 0062 10BD     		pop	{r4, pc}
 1249              	.LVL48:
 1250              	.L124:
 1251              	.LCFI49:
 1252              		.cfi_restore_state
 371:Core/Src/tim.c **** 
 1253              		.loc 1 371 5 is_stmt 1 view .LVU422
 1254              	.LBB25:
 371:Core/Src/tim.c **** 
 1255              		.loc 1 371 5 view .LVU423
 371:Core/Src/tim.c **** 
 1256              		.loc 1 371 5 view .LVU424
 1257 0064 174B     		ldr	r3, .L125+20
 1258              	.LBE25:
 382:Core/Src/tim.c ****     HAL_GPIO_Init(GPIOC, &GPIO_InitStruct);
 1259              		.loc 1 382 31 is_stmt 0 view .LVU425
 1260 0066 0324     		movs	r4, #3
 383:Core/Src/tim.c **** 
 1261              		.loc 1 383 5 view .LVU426
 1262 0068 04A9     		add	r1, sp, #16
 1263 006a 1848     		ldr	r0, .L125+28
 1264              	.LVL49:
 1265              	.LBB26:
 371:Core/Src/tim.c **** 
 1266              		.loc 1 371 5 view .LVU427
 1267 006c D3F8F020 		ldr	r2, [r3, #240]
 1268 0070 42F00202 		orr	r2, r2, #2
 1269 0074 C3F8F020 		str	r2, [r3, #240]
 371:Core/Src/tim.c **** 
 1270              		.loc 1 371 5 is_stmt 1 view .LVU428
 1271 0078 D3F8F020 		ldr	r2, [r3, #240]
 1272 007c 02F00202 		and	r2, r2, #2
 1273 0080 0292     		str	r2, [sp, #8]
 371:Core/Src/tim.c **** 
 1274              		.loc 1 371 5 view .LVU429
 1275 0082 029A     		ldr	r2, [sp, #8]
 1276              	.LBE26:
 371:Core/Src/tim.c **** 
 1277              		.loc 1 371 5 view .LVU430
 373:Core/Src/tim.c ****     /**TIM8 GPIO Configuration
 1278              		.loc 1 373 5 view .LVU431
 1279              	.LBB27:
 373:Core/Src/tim.c ****     /**TIM8 GPIO Configuration
 1280              		.loc 1 373 5 view .LVU432
 373:Core/Src/tim.c ****     /**TIM8 GPIO Configuration
 1281              		.loc 1 373 5 view .LVU433
ARM GAS  C:\Users\l1234\AppData\Local\Temp\ccY1Nqu1.s 			page 36


 1282 0084 D3F8E020 		ldr	r2, [r3, #224]
 1283 0088 42F00402 		orr	r2, r2, #4
 1284 008c C3F8E020 		str	r2, [r3, #224]
 373:Core/Src/tim.c ****     /**TIM8 GPIO Configuration
 1285              		.loc 1 373 5 view .LVU434
 1286 0090 D3F8E030 		ldr	r3, [r3, #224]
 1287              	.LBE27:
 382:Core/Src/tim.c ****     HAL_GPIO_Init(GPIOC, &GPIO_InitStruct);
 1288              		.loc 1 382 31 is_stmt 0 view .LVU435
 1289 0094 0894     		str	r4, [sp, #32]
 1290              	.LBB28:
 373:Core/Src/tim.c ****     /**TIM8 GPIO Configuration
 1291              		.loc 1 373 5 view .LVU436
 1292 0096 03F00403 		and	r3, r3, #4
 1293              	.LBE28:
 378:Core/Src/tim.c ****     GPIO_InitStruct.Mode = GPIO_MODE_AF_PP;
 1294              		.loc 1 378 25 view .LVU437
 1295 009a 9FED077B 		vldr.64	d7, .L125+8	@ int
 1296              	.LBB29:
 373:Core/Src/tim.c ****     /**TIM8 GPIO Configuration
 1297              		.loc 1 373 5 view .LVU438
 1298 009e 0393     		str	r3, [sp, #12]
 373:Core/Src/tim.c ****     /**TIM8 GPIO Configuration
 1299              		.loc 1 373 5 is_stmt 1 view .LVU439
 1300 00a0 039B     		ldr	r3, [sp, #12]
 1301              	.LBE29:
 373:Core/Src/tim.c ****     /**TIM8 GPIO Configuration
 1302              		.loc 1 373 5 view .LVU440
 378:Core/Src/tim.c ****     GPIO_InitStruct.Mode = GPIO_MODE_AF_PP;
 1303              		.loc 1 378 5 view .LVU441
 379:Core/Src/tim.c ****     GPIO_InitStruct.Pull = GPIO_NOPULL;
 1304              		.loc 1 379 5 view .LVU442
 380:Core/Src/tim.c ****     GPIO_InitStruct.Speed = GPIO_SPEED_FREQ_LOW;
 1305              		.loc 1 380 5 view .LVU443
 381:Core/Src/tim.c ****     GPIO_InitStruct.Alternate = GPIO_AF3_TIM8;
 1306              		.loc 1 381 5 view .LVU444
 382:Core/Src/tim.c ****     HAL_GPIO_Init(GPIOC, &GPIO_InitStruct);
 1307              		.loc 1 382 5 view .LVU445
 383:Core/Src/tim.c **** 
 1308              		.loc 1 383 5 view .LVU446
 378:Core/Src/tim.c ****     GPIO_InitStruct.Mode = GPIO_MODE_AF_PP;
 1309              		.loc 1 378 25 is_stmt 0 view .LVU447
 1310 00a2 8DED047B 		vstr.64	d7, [sp, #16]	@ int
 383:Core/Src/tim.c **** 
 1311              		.loc 1 383 5 view .LVU448
 1312 00a6 FFF7FEFF 		bl	HAL_GPIO_Init
 1313              	.LVL50:
 389:Core/Src/tim.c **** 
 1314              		.loc 1 389 1 view .LVU449
 1315 00aa 0AB0     		add	sp, sp, #40
 1316              	.LCFI50:
 1317              		.cfi_def_cfa_offset 8
 1318              		@ sp needed
 1319 00ac 10BD     		pop	{r4, pc}
 1320              	.L126:
 1321 00ae 00BF     		.align	3
 1322              	.L125:
ARM GAS  C:\Users\l1234\AppData\Local\Temp\ccY1Nqu1.s 			page 37


 1323 00b0 03000000 		.word	3
 1324 00b4 02000000 		.word	2
 1325 00b8 C0000000 		.word	192
 1326 00bc 02000000 		.word	2
 1327 00c0 00040140 		.word	1073808384
 1328 00c4 00440258 		.word	1476543488
 1329 00c8 00000258 		.word	1476526080
 1330 00cc 00080258 		.word	1476528128
 1331              		.cfi_endproc
 1332              	.LFE151:
 1334              		.section	.text.HAL_TIM_PWM_MspInit,"ax",%progbits
 1335              		.align	1
 1336              		.p2align 2,,3
 1337              		.global	HAL_TIM_PWM_MspInit
 1338              		.syntax unified
 1339              		.thumb
 1340              		.thumb_func
 1342              	HAL_TIM_PWM_MspInit:
 1343              	.LVL51:
 1344              	.LFB152:
 392:Core/Src/tim.c **** 
 1345              		.loc 1 392 1 is_stmt 1 view -0
 1346              		.cfi_startproc
 1347              		@ args = 0, pretend = 0, frame = 8
 1348              		@ frame_needed = 0, uses_anonymous_args = 0
 1349              		@ link register save eliminated.
 394:Core/Src/tim.c ****   {
 1350              		.loc 1 394 3 view .LVU451
 394:Core/Src/tim.c ****   {
 1351              		.loc 1 394 5 is_stmt 0 view .LVU452
 1352 0000 0A4B     		ldr	r3, .L134
 1353 0002 0268     		ldr	r2, [r0]
 1354 0004 9A42     		cmp	r2, r3
 1355 0006 00D0     		beq	.L133
 1356 0008 7047     		bx	lr
 1357              	.L133:
 400:Core/Src/tim.c ****   /* USER CODE BEGIN TIM12_MspInit 1 */
 1358              		.loc 1 400 5 is_stmt 1 view .LVU453
 1359              	.LBB30:
 400:Core/Src/tim.c ****   /* USER CODE BEGIN TIM12_MspInit 1 */
 1360              		.loc 1 400 5 view .LVU454
 400:Core/Src/tim.c ****   /* USER CODE BEGIN TIM12_MspInit 1 */
 1361              		.loc 1 400 5 view .LVU455
 1362 000a 094B     		ldr	r3, .L134+4
 1363              	.LBE30:
 392:Core/Src/tim.c **** 
 1364              		.loc 1 392 1 is_stmt 0 view .LVU456
 1365 000c 82B0     		sub	sp, sp, #8
 1366              	.LCFI51:
 1367              		.cfi_def_cfa_offset 8
 1368              	.LBB31:
 400:Core/Src/tim.c ****   /* USER CODE BEGIN TIM12_MspInit 1 */
 1369              		.loc 1 400 5 view .LVU457
 1370 000e D3F8E820 		ldr	r2, [r3, #232]
 1371 0012 42F04002 		orr	r2, r2, #64
 1372 0016 C3F8E820 		str	r2, [r3, #232]
 400:Core/Src/tim.c ****   /* USER CODE BEGIN TIM12_MspInit 1 */
ARM GAS  C:\Users\l1234\AppData\Local\Temp\ccY1Nqu1.s 			page 38


 1373              		.loc 1 400 5 is_stmt 1 view .LVU458
 1374 001a D3F8E830 		ldr	r3, [r3, #232]
 1375 001e 03F04003 		and	r3, r3, #64
 1376 0022 0193     		str	r3, [sp, #4]
 400:Core/Src/tim.c ****   /* USER CODE BEGIN TIM12_MspInit 1 */
 1377              		.loc 1 400 5 view .LVU459
 1378 0024 019B     		ldr	r3, [sp, #4]
 1379              	.LBE31:
 400:Core/Src/tim.c ****   /* USER CODE BEGIN TIM12_MspInit 1 */
 1380              		.loc 1 400 5 view .LVU460
 405:Core/Src/tim.c **** void HAL_TIM_MspPostInit(TIM_HandleTypeDef* timHandle)
 1381              		.loc 1 405 1 is_stmt 0 view .LVU461
 1382 0026 02B0     		add	sp, sp, #8
 1383              	.LCFI52:
 1384              		.cfi_def_cfa_offset 0
 1385              		@ sp needed
 1386 0028 7047     		bx	lr
 1387              	.L135:
 1388 002a 00BF     		.align	2
 1389              	.L134:
 1390 002c 00180040 		.word	1073747968
 1391 0030 00440258 		.word	1476543488
 1392              		.cfi_endproc
 1393              	.LFE152:
 1395              		.section	.text.HAL_TIM_MspPostInit,"ax",%progbits
 1396              		.align	1
 1397              		.p2align 2,,3
 1398              		.global	HAL_TIM_MspPostInit
 1399              		.syntax unified
 1400              		.thumb
 1401              		.thumb_func
 1403              	HAL_TIM_MspPostInit:
 1404              	.LVL52:
 1405              	.LFB153:
 407:Core/Src/tim.c **** 
 1406              		.loc 1 407 1 is_stmt 1 view -0
 1407              		.cfi_startproc
 1408              		@ args = 0, pretend = 0, frame = 32
 1409              		@ frame_needed = 0, uses_anonymous_args = 0
 409:Core/Src/tim.c ****   if(timHandle->Instance==TIM12)
 1410              		.loc 1 409 3 view .LVU463
 410:Core/Src/tim.c ****   {
 1411              		.loc 1 410 5 is_stmt 0 view .LVU464
 1412 0000 154A     		ldr	r2, .L140+8
 409:Core/Src/tim.c ****   if(timHandle->Instance==TIM12)
 1413              		.loc 1 409 20 view .LVU465
 1414 0002 0023     		movs	r3, #0
 410:Core/Src/tim.c ****   {
 1415              		.loc 1 410 5 view .LVU466
 1416 0004 0168     		ldr	r1, [r0]
 407:Core/Src/tim.c **** 
 1417              		.loc 1 407 1 view .LVU467
 1418 0006 10B5     		push	{r4, lr}
 1419              	.LCFI53:
 1420              		.cfi_def_cfa_offset 8
 1421              		.cfi_offset 4, -8
 1422              		.cfi_offset 14, -4
ARM GAS  C:\Users\l1234\AppData\Local\Temp\ccY1Nqu1.s 			page 39


 410:Core/Src/tim.c ****   {
 1423              		.loc 1 410 5 view .LVU468
 1424 0008 9142     		cmp	r1, r2
 407:Core/Src/tim.c **** 
 1425              		.loc 1 407 1 view .LVU469
 1426 000a 88B0     		sub	sp, sp, #32
 1427              	.LCFI54:
 1428              		.cfi_def_cfa_offset 40
 409:Core/Src/tim.c ****   if(timHandle->Instance==TIM12)
 1429              		.loc 1 409 20 view .LVU470
 1430 000c CDE90233 		strd	r3, r3, [sp, #8]
 1431 0010 CDE90433 		strd	r3, r3, [sp, #16]
 1432 0014 0693     		str	r3, [sp, #24]
 410:Core/Src/tim.c ****   {
 1433              		.loc 1 410 3 is_stmt 1 view .LVU471
 410:Core/Src/tim.c ****   {
 1434              		.loc 1 410 5 is_stmt 0 view .LVU472
 1435 0016 01D0     		beq	.L139
 426:Core/Src/tim.c **** 
 427:Core/Src/tim.c ****   /* USER CODE BEGIN TIM12_MspPostInit 1 */
 428:Core/Src/tim.c **** 
 429:Core/Src/tim.c ****   /* USER CODE END TIM12_MspPostInit 1 */
 430:Core/Src/tim.c ****   }
 431:Core/Src/tim.c **** 
 432:Core/Src/tim.c **** }
 1436              		.loc 1 432 1 view .LVU473
 1437 0018 08B0     		add	sp, sp, #32
 1438              	.LCFI55:
 1439              		.cfi_remember_state
 1440              		.cfi_def_cfa_offset 8
 1441              		@ sp needed
 1442 001a 10BD     		pop	{r4, pc}
 1443              	.L139:
 1444              	.LCFI56:
 1445              		.cfi_restore_state
 416:Core/Src/tim.c ****     /**TIM12 GPIO Configuration
 1446              		.loc 1 416 5 is_stmt 1 view .LVU474
 1447              	.LBB32:
 416:Core/Src/tim.c ****     /**TIM12 GPIO Configuration
 1448              		.loc 1 416 5 view .LVU475
 416:Core/Src/tim.c ****     /**TIM12 GPIO Configuration
 1449              		.loc 1 416 5 view .LVU476
 1450 001c 0F4B     		ldr	r3, .L140+12
 1451              	.LBE32:
 424:Core/Src/tim.c ****     HAL_GPIO_Init(GPIOB, &GPIO_InitStruct);
 1452              		.loc 1 424 31 is_stmt 0 view .LVU477
 1453 001e 0224     		movs	r4, #2
 425:Core/Src/tim.c **** 
 1454              		.loc 1 425 5 view .LVU478
 1455 0020 02A9     		add	r1, sp, #8
 1456 0022 0F48     		ldr	r0, .L140+16
 1457              	.LVL53:
 1458              	.LBB33:
 416:Core/Src/tim.c ****     /**TIM12 GPIO Configuration
 1459              		.loc 1 416 5 view .LVU479
 1460 0024 D3F8E020 		ldr	r2, [r3, #224]
 1461 0028 2243     		orrs	r2, r2, r4
ARM GAS  C:\Users\l1234\AppData\Local\Temp\ccY1Nqu1.s 			page 40


 1462 002a C3F8E020 		str	r2, [r3, #224]
 416:Core/Src/tim.c ****     /**TIM12 GPIO Configuration
 1463              		.loc 1 416 5 is_stmt 1 view .LVU480
 1464 002e D3F8E030 		ldr	r3, [r3, #224]
 1465              	.LBE33:
 424:Core/Src/tim.c ****     HAL_GPIO_Init(GPIOB, &GPIO_InitStruct);
 1466              		.loc 1 424 31 is_stmt 0 view .LVU481
 1467 0032 0694     		str	r4, [sp, #24]
 1468              	.LBB34:
 416:Core/Src/tim.c ****     /**TIM12 GPIO Configuration
 1469              		.loc 1 416 5 view .LVU482
 1470 0034 2340     		ands	r3, r3, r4
 1471              	.LBE34:
 420:Core/Src/tim.c ****     GPIO_InitStruct.Mode = GPIO_MODE_AF_PP;
 1472              		.loc 1 420 25 view .LVU483
 1473 0036 9FED067B 		vldr.64	d7, .L140	@ int
 1474              	.LBB35:
 416:Core/Src/tim.c ****     /**TIM12 GPIO Configuration
 1475              		.loc 1 416 5 view .LVU484
 1476 003a 0193     		str	r3, [sp, #4]
 416:Core/Src/tim.c ****     /**TIM12 GPIO Configuration
 1477              		.loc 1 416 5 is_stmt 1 view .LVU485
 1478 003c 019B     		ldr	r3, [sp, #4]
 1479              	.LBE35:
 416:Core/Src/tim.c ****     /**TIM12 GPIO Configuration
 1480              		.loc 1 416 5 view .LVU486
 420:Core/Src/tim.c ****     GPIO_InitStruct.Mode = GPIO_MODE_AF_PP;
 1481              		.loc 1 420 5 view .LVU487
 421:Core/Src/tim.c ****     GPIO_InitStruct.Pull = GPIO_NOPULL;
 1482              		.loc 1 421 5 view .LVU488
 422:Core/Src/tim.c ****     GPIO_InitStruct.Speed = GPIO_SPEED_FREQ_LOW;
 1483              		.loc 1 422 5 view .LVU489
 423:Core/Src/tim.c ****     GPIO_InitStruct.Alternate = GPIO_AF2_TIM12;
 1484              		.loc 1 423 5 view .LVU490
 424:Core/Src/tim.c ****     HAL_GPIO_Init(GPIOB, &GPIO_InitStruct);
 1485              		.loc 1 424 5 view .LVU491
 425:Core/Src/tim.c **** 
 1486              		.loc 1 425 5 view .LVU492
 420:Core/Src/tim.c ****     GPIO_InitStruct.Mode = GPIO_MODE_AF_PP;
 1487              		.loc 1 420 25 is_stmt 0 view .LVU493
 1488 003e 8DED027B 		vstr.64	d7, [sp, #8]	@ int
 425:Core/Src/tim.c **** 
 1489              		.loc 1 425 5 view .LVU494
 1490 0042 FFF7FEFF 		bl	HAL_GPIO_Init
 1491              	.LVL54:
 1492              		.loc 1 432 1 view .LVU495
 1493 0046 08B0     		add	sp, sp, #32
 1494              	.LCFI57:
 1495              		.cfi_def_cfa_offset 8
 1496              		@ sp needed
 1497 0048 10BD     		pop	{r4, pc}
 1498              	.L141:
 1499 004a 00BFAFF3 		.align	3
 1499      0080
 1500              	.L140:
 1501 0050 00800000 		.word	32768
 1502 0054 02000000 		.word	2
ARM GAS  C:\Users\l1234\AppData\Local\Temp\ccY1Nqu1.s 			page 41


 1503 0058 00180040 		.word	1073747968
 1504 005c 00440258 		.word	1476543488
 1505 0060 00040258 		.word	1476527104
 1506              		.cfi_endproc
 1507              	.LFE153:
 1509              		.section	.text.HAL_TIM_Base_MspDeInit,"ax",%progbits
 1510              		.align	1
 1511              		.p2align 2,,3
 1512              		.global	HAL_TIM_Base_MspDeInit
 1513              		.syntax unified
 1514              		.thumb
 1515              		.thumb_func
 1517              	HAL_TIM_Base_MspDeInit:
 1518              	.LVL55:
 1519              	.LFB154:
 433:Core/Src/tim.c **** 
 434:Core/Src/tim.c **** void HAL_TIM_Base_MspDeInit(TIM_HandleTypeDef* tim_baseHandle)
 435:Core/Src/tim.c **** {
 1520              		.loc 1 435 1 is_stmt 1 view -0
 1521              		.cfi_startproc
 1522              		@ args = 0, pretend = 0, frame = 0
 1523              		@ frame_needed = 0, uses_anonymous_args = 0
 1524              		@ link register save eliminated.
 436:Core/Src/tim.c **** 
 437:Core/Src/tim.c ****   if(tim_baseHandle->Instance==TIM1)
 1525              		.loc 1 437 3 view .LVU497
 1526              		.loc 1 437 5 is_stmt 0 view .LVU498
 1527 0000 134A     		ldr	r2, .L149
 1528              		.loc 1 437 20 view .LVU499
 1529 0002 0368     		ldr	r3, [r0]
 1530              		.loc 1 437 5 view .LVU500
 1531 0004 9342     		cmp	r3, r2
 1532 0006 06D0     		beq	.L146
 438:Core/Src/tim.c ****   {
 439:Core/Src/tim.c ****   /* USER CODE BEGIN TIM1_MspDeInit 0 */
 440:Core/Src/tim.c **** 
 441:Core/Src/tim.c ****   /* USER CODE END TIM1_MspDeInit 0 */
 442:Core/Src/tim.c ****     /* Peripheral clock disable */
 443:Core/Src/tim.c ****     __HAL_RCC_TIM1_CLK_DISABLE();
 444:Core/Src/tim.c ****   /* USER CODE BEGIN TIM1_MspDeInit 1 */
 445:Core/Src/tim.c **** 
 446:Core/Src/tim.c ****   /* USER CODE END TIM1_MspDeInit 1 */
 447:Core/Src/tim.c ****   }
 448:Core/Src/tim.c ****   else if(tim_baseHandle->Instance==TIM4)
 1533              		.loc 1 448 8 is_stmt 1 view .LVU501
 1534              		.loc 1 448 10 is_stmt 0 view .LVU502
 1535 0008 124A     		ldr	r2, .L149+4
 1536 000a 9342     		cmp	r3, r2
 1537 000c 15D0     		beq	.L147
 449:Core/Src/tim.c ****   {
 450:Core/Src/tim.c ****   /* USER CODE BEGIN TIM4_MspDeInit 0 */
 451:Core/Src/tim.c **** 
 452:Core/Src/tim.c ****   /* USER CODE END TIM4_MspDeInit 0 */
 453:Core/Src/tim.c ****     /* Peripheral clock disable */
 454:Core/Src/tim.c ****     __HAL_RCC_TIM4_CLK_DISABLE();
 455:Core/Src/tim.c **** 
 456:Core/Src/tim.c ****     /* TIM4 interrupt Deinit */
ARM GAS  C:\Users\l1234\AppData\Local\Temp\ccY1Nqu1.s 			page 42


 457:Core/Src/tim.c ****     HAL_NVIC_DisableIRQ(TIM4_IRQn);
 458:Core/Src/tim.c ****   /* USER CODE BEGIN TIM4_MspDeInit 1 */
 459:Core/Src/tim.c **** 
 460:Core/Src/tim.c ****   /* USER CODE END TIM4_MspDeInit 1 */
 461:Core/Src/tim.c ****   }
 462:Core/Src/tim.c ****   else if(tim_baseHandle->Instance==TIM23)
 1538              		.loc 1 462 8 is_stmt 1 view .LVU503
 1539              		.loc 1 462 10 is_stmt 0 view .LVU504
 1540 000e 124A     		ldr	r2, .L149+8
 1541 0010 9342     		cmp	r3, r2
 1542 0012 08D0     		beq	.L148
 463:Core/Src/tim.c ****   {
 464:Core/Src/tim.c ****   /* USER CODE BEGIN TIM23_MspDeInit 0 */
 465:Core/Src/tim.c **** 
 466:Core/Src/tim.c ****   /* USER CODE END TIM23_MspDeInit 0 */
 467:Core/Src/tim.c ****     /* Peripheral clock disable */
 468:Core/Src/tim.c ****     __HAL_RCC_TIM23_CLK_DISABLE();
 469:Core/Src/tim.c **** 
 470:Core/Src/tim.c ****     /* TIM23 interrupt Deinit */
 471:Core/Src/tim.c ****     HAL_NVIC_DisableIRQ(TIM23_IRQn);
 472:Core/Src/tim.c ****   /* USER CODE BEGIN TIM23_MspDeInit 1 */
 473:Core/Src/tim.c **** 
 474:Core/Src/tim.c ****   /* USER CODE END TIM23_MspDeInit 1 */
 475:Core/Src/tim.c ****   }
 476:Core/Src/tim.c **** }
 1543              		.loc 1 476 1 view .LVU505
 1544 0014 7047     		bx	lr
 1545              	.L146:
 443:Core/Src/tim.c ****   /* USER CODE BEGIN TIM1_MspDeInit 1 */
 1546              		.loc 1 443 5 is_stmt 1 view .LVU506
 1547 0016 114A     		ldr	r2, .L149+12
 1548 0018 D2F8F030 		ldr	r3, [r2, #240]
 1549 001c 23F00103 		bic	r3, r3, #1
 1550 0020 C2F8F030 		str	r3, [r2, #240]
 1551 0024 7047     		bx	lr
 1552              	.L148:
 468:Core/Src/tim.c **** 
 1553              		.loc 1 468 5 view .LVU507
 1554 0026 0D4A     		ldr	r2, .L149+12
 471:Core/Src/tim.c ****   /* USER CODE BEGIN TIM23_MspDeInit 1 */
 1555              		.loc 1 471 5 is_stmt 0 view .LVU508
 1556 0028 A120     		movs	r0, #161
 1557              	.LVL56:
 468:Core/Src/tim.c **** 
 1558              		.loc 1 468 5 view .LVU509
 1559 002a D2F8EC30 		ldr	r3, [r2, #236]
 1560 002e 23F08073 		bic	r3, r3, #16777216
 1561 0032 C2F8EC30 		str	r3, [r2, #236]
 471:Core/Src/tim.c ****   /* USER CODE BEGIN TIM23_MspDeInit 1 */
 1562              		.loc 1 471 5 is_stmt 1 view .LVU510
 1563 0036 FFF7FEBF 		b	HAL_NVIC_DisableIRQ
 1564              	.LVL57:
 1565              	.L147:
 454:Core/Src/tim.c **** 
 1566              		.loc 1 454 5 view .LVU511
 1567 003a 084A     		ldr	r2, .L149+12
 457:Core/Src/tim.c ****   /* USER CODE BEGIN TIM4_MspDeInit 1 */
ARM GAS  C:\Users\l1234\AppData\Local\Temp\ccY1Nqu1.s 			page 43


 1568              		.loc 1 457 5 is_stmt 0 view .LVU512
 1569 003c 1E20     		movs	r0, #30
 1570              	.LVL58:
 454:Core/Src/tim.c **** 
 1571              		.loc 1 454 5 view .LVU513
 1572 003e D2F8E830 		ldr	r3, [r2, #232]
 1573 0042 23F00403 		bic	r3, r3, #4
 1574 0046 C2F8E830 		str	r3, [r2, #232]
 457:Core/Src/tim.c ****   /* USER CODE BEGIN TIM4_MspDeInit 1 */
 1575              		.loc 1 457 5 is_stmt 1 view .LVU514
 1576 004a FFF7FEBF 		b	HAL_NVIC_DisableIRQ
 1577              	.LVL59:
 1578              	.L150:
 1579 004e 00BF     		.align	2
 1580              	.L149:
 1581 0050 00000140 		.word	1073807360
 1582 0054 00080040 		.word	1073743872
 1583 0058 00E00040 		.word	1073799168
 1584 005c 00440258 		.word	1476543488
 1585              		.cfi_endproc
 1586              	.LFE154:
 1588              		.section	.text.HAL_TIM_Encoder_MspDeInit,"ax",%progbits
 1589              		.align	1
 1590              		.p2align 2,,3
 1591              		.global	HAL_TIM_Encoder_MspDeInit
 1592              		.syntax unified
 1593              		.thumb
 1594              		.thumb_func
 1596              	HAL_TIM_Encoder_MspDeInit:
 1597              	.LVL60:
 1598              	.LFB155:
 477:Core/Src/tim.c **** 
 478:Core/Src/tim.c **** void HAL_TIM_Encoder_MspDeInit(TIM_HandleTypeDef* tim_encoderHandle)
 479:Core/Src/tim.c **** {
 1599              		.loc 1 479 1 view -0
 1600              		.cfi_startproc
 1601              		@ args = 0, pretend = 0, frame = 0
 1602              		@ frame_needed = 0, uses_anonymous_args = 0
 1603              		@ link register save eliminated.
 480:Core/Src/tim.c **** 
 481:Core/Src/tim.c ****   if(tim_encoderHandle->Instance==TIM2)
 1604              		.loc 1 481 3 view .LVU516
 1605              		.loc 1 481 23 is_stmt 0 view .LVU517
 1606 0000 0368     		ldr	r3, [r0]
 1607              		.loc 1 481 5 view .LVU518
 1608 0002 B3F1804F 		cmp	r3, #1073741824
 1609 0006 03D0     		beq	.L154
 482:Core/Src/tim.c ****   {
 483:Core/Src/tim.c ****   /* USER CODE BEGIN TIM2_MspDeInit 0 */
 484:Core/Src/tim.c **** 
 485:Core/Src/tim.c ****   /* USER CODE END TIM2_MspDeInit 0 */
 486:Core/Src/tim.c ****     /* Peripheral clock disable */
 487:Core/Src/tim.c ****     __HAL_RCC_TIM2_CLK_DISABLE();
 488:Core/Src/tim.c **** 
 489:Core/Src/tim.c ****     /**TIM2 GPIO Configuration
 490:Core/Src/tim.c ****     PA0     ------> TIM2_CH1
 491:Core/Src/tim.c ****     PA1     ------> TIM2_CH2
ARM GAS  C:\Users\l1234\AppData\Local\Temp\ccY1Nqu1.s 			page 44


 492:Core/Src/tim.c ****     */
 493:Core/Src/tim.c ****     HAL_GPIO_DeInit(GPIOA, GPIO_PIN_0|GPIO_PIN_1);
 494:Core/Src/tim.c **** 
 495:Core/Src/tim.c ****   /* USER CODE BEGIN TIM2_MspDeInit 1 */
 496:Core/Src/tim.c **** 
 497:Core/Src/tim.c ****   /* USER CODE END TIM2_MspDeInit 1 */
 498:Core/Src/tim.c ****   }
 499:Core/Src/tim.c ****   else if(tim_encoderHandle->Instance==TIM8)
 1610              		.loc 1 499 8 is_stmt 1 view .LVU519
 1611              		.loc 1 499 10 is_stmt 0 view .LVU520
 1612 0008 0C4A     		ldr	r2, .L156
 1613 000a 9342     		cmp	r3, r2
 1614 000c 0BD0     		beq	.L155
 500:Core/Src/tim.c ****   {
 501:Core/Src/tim.c ****   /* USER CODE BEGIN TIM8_MspDeInit 0 */
 502:Core/Src/tim.c **** 
 503:Core/Src/tim.c ****   /* USER CODE END TIM8_MspDeInit 0 */
 504:Core/Src/tim.c ****     /* Peripheral clock disable */
 505:Core/Src/tim.c ****     __HAL_RCC_TIM8_CLK_DISABLE();
 506:Core/Src/tim.c **** 
 507:Core/Src/tim.c ****     /**TIM8 GPIO Configuration
 508:Core/Src/tim.c ****     PC6     ------> TIM8_CH1
 509:Core/Src/tim.c ****     PC7     ------> TIM8_CH2
 510:Core/Src/tim.c ****     */
 511:Core/Src/tim.c ****     HAL_GPIO_DeInit(GPIOC, GPIO_PIN_6|GPIO_PIN_7);
 512:Core/Src/tim.c **** 
 513:Core/Src/tim.c ****   /* USER CODE BEGIN TIM8_MspDeInit 1 */
 514:Core/Src/tim.c **** 
 515:Core/Src/tim.c ****   /* USER CODE END TIM8_MspDeInit 1 */
 516:Core/Src/tim.c ****   }
 517:Core/Src/tim.c **** }
 1615              		.loc 1 517 1 view .LVU521
 1616 000e 7047     		bx	lr
 1617              	.L154:
 487:Core/Src/tim.c **** 
 1618              		.loc 1 487 5 is_stmt 1 view .LVU522
 1619 0010 0B4A     		ldr	r2, .L156+4
 493:Core/Src/tim.c **** 
 1620              		.loc 1 493 5 is_stmt 0 view .LVU523
 1621 0012 0321     		movs	r1, #3
 1622 0014 0B48     		ldr	r0, .L156+8
 1623              	.LVL61:
 487:Core/Src/tim.c **** 
 1624              		.loc 1 487 5 view .LVU524
 1625 0016 D2F8E830 		ldr	r3, [r2, #232]
 1626 001a 23F00103 		bic	r3, r3, #1
 1627 001e C2F8E830 		str	r3, [r2, #232]
 493:Core/Src/tim.c **** 
 1628              		.loc 1 493 5 is_stmt 1 view .LVU525
 1629 0022 FFF7FEBF 		b	HAL_GPIO_DeInit
 1630              	.LVL62:
 1631              	.L155:
 505:Core/Src/tim.c **** 
 1632              		.loc 1 505 5 view .LVU526
 1633 0026 064A     		ldr	r2, .L156+4
 511:Core/Src/tim.c **** 
 1634              		.loc 1 511 5 is_stmt 0 view .LVU527
ARM GAS  C:\Users\l1234\AppData\Local\Temp\ccY1Nqu1.s 			page 45


 1635 0028 C021     		movs	r1, #192
 1636 002a 0748     		ldr	r0, .L156+12
 1637              	.LVL63:
 505:Core/Src/tim.c **** 
 1638              		.loc 1 505 5 view .LVU528
 1639 002c D2F8F030 		ldr	r3, [r2, #240]
 1640 0030 23F00203 		bic	r3, r3, #2
 1641 0034 C2F8F030 		str	r3, [r2, #240]
 511:Core/Src/tim.c **** 
 1642              		.loc 1 511 5 is_stmt 1 view .LVU529
 1643 0038 FFF7FEBF 		b	HAL_GPIO_DeInit
 1644              	.LVL64:
 1645              	.L157:
 1646              		.align	2
 1647              	.L156:
 1648 003c 00040140 		.word	1073808384
 1649 0040 00440258 		.word	1476543488
 1650 0044 00000258 		.word	1476526080
 1651 0048 00080258 		.word	1476528128
 1652              		.cfi_endproc
 1653              	.LFE155:
 1655              		.section	.text.HAL_TIM_PWM_MspDeInit,"ax",%progbits
 1656              		.align	1
 1657              		.p2align 2,,3
 1658              		.global	HAL_TIM_PWM_MspDeInit
 1659              		.syntax unified
 1660              		.thumb
 1661              		.thumb_func
 1663              	HAL_TIM_PWM_MspDeInit:
 1664              	.LVL65:
 1665              	.LFB156:
 518:Core/Src/tim.c **** 
 519:Core/Src/tim.c **** void HAL_TIM_PWM_MspDeInit(TIM_HandleTypeDef* tim_pwmHandle)
 520:Core/Src/tim.c **** {
 1666              		.loc 1 520 1 view -0
 1667              		.cfi_startproc
 1668              		@ args = 0, pretend = 0, frame = 0
 1669              		@ frame_needed = 0, uses_anonymous_args = 0
 1670              		@ link register save eliminated.
 521:Core/Src/tim.c **** 
 522:Core/Src/tim.c ****   if(tim_pwmHandle->Instance==TIM12)
 1671              		.loc 1 522 3 view .LVU531
 1672              		.loc 1 522 5 is_stmt 0 view .LVU532
 1673 0000 064B     		ldr	r3, .L161
 1674 0002 0268     		ldr	r2, [r0]
 1675 0004 9A42     		cmp	r2, r3
 1676 0006 00D0     		beq	.L160
 523:Core/Src/tim.c ****   {
 524:Core/Src/tim.c ****   /* USER CODE BEGIN TIM12_MspDeInit 0 */
 525:Core/Src/tim.c **** 
 526:Core/Src/tim.c ****   /* USER CODE END TIM12_MspDeInit 0 */
 527:Core/Src/tim.c ****     /* Peripheral clock disable */
 528:Core/Src/tim.c ****     __HAL_RCC_TIM12_CLK_DISABLE();
 529:Core/Src/tim.c ****   /* USER CODE BEGIN TIM12_MspDeInit 1 */
 530:Core/Src/tim.c **** 
 531:Core/Src/tim.c ****   /* USER CODE END TIM12_MspDeInit 1 */
 532:Core/Src/tim.c ****   }
ARM GAS  C:\Users\l1234\AppData\Local\Temp\ccY1Nqu1.s 			page 46


 533:Core/Src/tim.c **** }
 1677              		.loc 1 533 1 view .LVU533
 1678 0008 7047     		bx	lr
 1679              	.L160:
 528:Core/Src/tim.c ****   /* USER CODE BEGIN TIM12_MspDeInit 1 */
 1680              		.loc 1 528 5 is_stmt 1 view .LVU534
 1681 000a 054A     		ldr	r2, .L161+4
 1682 000c D2F8E830 		ldr	r3, [r2, #232]
 1683 0010 23F04003 		bic	r3, r3, #64
 1684 0014 C2F8E830 		str	r3, [r2, #232]
 1685              		.loc 1 533 1 is_stmt 0 view .LVU535
 1686 0018 7047     		bx	lr
 1687              	.L162:
 1688 001a 00BF     		.align	2
 1689              	.L161:
 1690 001c 00180040 		.word	1073747968
 1691 0020 00440258 		.word	1476543488
 1692              		.cfi_endproc
 1693              	.LFE156:
 1695              		.global	htim23
 1696              		.section	.bss.htim23,"aw",%nobits
 1697              		.align	3
 1700              	htim23:
 1701 0000 00000000 		.space	76
 1701      00000000 
 1701      00000000 
 1701      00000000 
 1701      00000000 
 1702              		.global	htim12
 1703              		.section	.bss.htim12,"aw",%nobits
 1704              		.align	2
 1707              	htim12:
 1708 0000 00000000 		.space	76
 1708      00000000 
 1708      00000000 
 1708      00000000 
 1708      00000000 
 1709              		.global	htim8
 1710              		.section	.bss.htim8,"aw",%nobits
 1711              		.align	3
 1714              	htim8:
 1715 0000 00000000 		.space	76
 1715      00000000 
 1715      00000000 
 1715      00000000 
 1715      00000000 
 1716              		.global	htim4
 1717              		.section	.bss.htim4,"aw",%nobits
 1718              		.align	3
 1721              	htim4:
 1722 0000 00000000 		.space	76
 1722      00000000 
 1722      00000000 
 1722      00000000 
 1722      00000000 
 1723              		.global	htim2
 1724              		.section	.bss.htim2,"aw",%nobits
ARM GAS  C:\Users\l1234\AppData\Local\Temp\ccY1Nqu1.s 			page 47


 1725              		.align	3
 1728              	htim2:
 1729 0000 00000000 		.space	76
 1729      00000000 
 1729      00000000 
 1729      00000000 
 1729      00000000 
 1730              		.global	htim1
 1731              		.section	.bss.htim1,"aw",%nobits
 1732              		.align	3
 1735              	htim1:
 1736 0000 00000000 		.space	76
 1736      00000000 
 1736      00000000 
 1736      00000000 
 1736      00000000 
 1737              		.text
 1738              	.Letext0:
 1739              		.file 2 "Drivers/CMSIS/Device/ST/STM32H7xx/Include/stm32h723xx.h"
 1740              		.file 3 "c:\\msys64\\mingw64\\arm-none-eabi\\include\\machine\\_default_types.h"
 1741              		.file 4 "c:\\msys64\\mingw64\\arm-none-eabi\\include\\sys\\_stdint.h"
 1742              		.file 5 "Drivers/STM32H7xx_HAL_Driver/Inc/stm32h7xx_hal_def.h"
 1743              		.file 6 "Drivers/STM32H7xx_HAL_Driver/Inc/stm32h7xx_hal_gpio.h"
 1744              		.file 7 "Drivers/STM32H7xx_HAL_Driver/Inc/stm32h7xx_hal_dma.h"
 1745              		.file 8 "Drivers/STM32H7xx_HAL_Driver/Inc/stm32h7xx_hal_tim.h"
 1746              		.file 9 "Core/Inc/tim.h"
 1747              		.file 10 "Drivers/STM32H7xx_HAL_Driver/Inc/stm32h7xx_hal_cortex.h"
 1748              		.file 11 "Drivers/STM32H7xx_HAL_Driver/Inc/stm32h7xx_hal_tim_ex.h"
 1749              		.file 12 "Core/Inc/main.h"
 1750              		.file 13 "<built-in>"
ARM GAS  C:\Users\l1234\AppData\Local\Temp\ccY1Nqu1.s 			page 48


DEFINED SYMBOLS
                            *ABS*:00000000 tim.c
C:\Users\l1234\AppData\Local\Temp\ccY1Nqu1.s:20     .text.MX_TIM1_Init:00000000 $t
C:\Users\l1234\AppData\Local\Temp\ccY1Nqu1.s:27     .text.MX_TIM1_Init:00000000 MX_TIM1_Init
C:\Users\l1234\AppData\Local\Temp\ccY1Nqu1.s:157    .text.MX_TIM1_Init:00000070 $d
C:\Users\l1234\AppData\Local\Temp\ccY1Nqu1.s:1735   .bss.htim1:00000000 htim1
C:\Users\l1234\AppData\Local\Temp\ccY1Nqu1.s:165    .text.MX_TIM2_Init:00000000 $t
C:\Users\l1234\AppData\Local\Temp\ccY1Nqu1.s:172    .text.MX_TIM2_Init:00000000 MX_TIM2_Init
C:\Users\l1234\AppData\Local\Temp\ccY1Nqu1.s:291    .text.MX_TIM2_Init:00000064 $d
C:\Users\l1234\AppData\Local\Temp\ccY1Nqu1.s:1728   .bss.htim2:00000000 htim2
C:\Users\l1234\AppData\Local\Temp\ccY1Nqu1.s:296    .text.MX_TIM4_Init:00000000 $t
C:\Users\l1234\AppData\Local\Temp\ccY1Nqu1.s:303    .text.MX_TIM4_Init:00000000 MX_TIM4_Init
C:\Users\l1234\AppData\Local\Temp\ccY1Nqu1.s:430    .text.MX_TIM4_Init:0000006c $d
C:\Users\l1234\AppData\Local\Temp\ccY1Nqu1.s:1721   .bss.htim4:00000000 htim4
C:\Users\l1234\AppData\Local\Temp\ccY1Nqu1.s:436    .text.MX_TIM8_Init:00000000 $t
C:\Users\l1234\AppData\Local\Temp\ccY1Nqu1.s:443    .text.MX_TIM8_Init:00000000 MX_TIM8_Init
C:\Users\l1234\AppData\Local\Temp\ccY1Nqu1.s:564    .text.MX_TIM8_Init:00000070 $d
C:\Users\l1234\AppData\Local\Temp\ccY1Nqu1.s:1714   .bss.htim8:00000000 htim8
C:\Users\l1234\AppData\Local\Temp\ccY1Nqu1.s:572    .text.MX_TIM12_Init:00000000 $t
C:\Users\l1234\AppData\Local\Temp\ccY1Nqu1.s:579    .text.MX_TIM12_Init:00000000 MX_TIM12_Init
C:\Users\l1234\AppData\Local\Temp\ccY1Nqu1.s:791    .text.MX_TIM12_Init:000000b8 $d
C:\Users\l1234\AppData\Local\Temp\ccY1Nqu1.s:1707   .bss.htim12:00000000 htim12
C:\Users\l1234\AppData\Local\Temp\ccY1Nqu1.s:803    .text.MX_TIM23_Init:00000000 $t
C:\Users\l1234\AppData\Local\Temp\ccY1Nqu1.s:810    .text.MX_TIM23_Init:00000000 MX_TIM23_Init
C:\Users\l1234\AppData\Local\Temp\ccY1Nqu1.s:937    .text.MX_TIM23_Init:0000006c $d
C:\Users\l1234\AppData\Local\Temp\ccY1Nqu1.s:1700   .bss.htim23:00000000 htim23
C:\Users\l1234\AppData\Local\Temp\ccY1Nqu1.s:943    .text.HAL_TIM_Base_MspInit:00000000 $t
C:\Users\l1234\AppData\Local\Temp\ccY1Nqu1.s:950    .text.HAL_TIM_Base_MspInit:00000000 HAL_TIM_Base_MspInit
C:\Users\l1234\AppData\Local\Temp\ccY1Nqu1.s:1120   .text.HAL_TIM_Base_MspInit:0000009c $d
C:\Users\l1234\AppData\Local\Temp\ccY1Nqu1.s:1128   .text.HAL_TIM_Encoder_MspInit:00000000 $t
C:\Users\l1234\AppData\Local\Temp\ccY1Nqu1.s:1135   .text.HAL_TIM_Encoder_MspInit:00000000 HAL_TIM_Encoder_MspInit
C:\Users\l1234\AppData\Local\Temp\ccY1Nqu1.s:1323   .text.HAL_TIM_Encoder_MspInit:000000b0 $d
C:\Users\l1234\AppData\Local\Temp\ccY1Nqu1.s:1335   .text.HAL_TIM_PWM_MspInit:00000000 $t
C:\Users\l1234\AppData\Local\Temp\ccY1Nqu1.s:1342   .text.HAL_TIM_PWM_MspInit:00000000 HAL_TIM_PWM_MspInit
C:\Users\l1234\AppData\Local\Temp\ccY1Nqu1.s:1390   .text.HAL_TIM_PWM_MspInit:0000002c $d
C:\Users\l1234\AppData\Local\Temp\ccY1Nqu1.s:1396   .text.HAL_TIM_MspPostInit:00000000 $t
C:\Users\l1234\AppData\Local\Temp\ccY1Nqu1.s:1403   .text.HAL_TIM_MspPostInit:00000000 HAL_TIM_MspPostInit
C:\Users\l1234\AppData\Local\Temp\ccY1Nqu1.s:1501   .text.HAL_TIM_MspPostInit:00000050 $d
C:\Users\l1234\AppData\Local\Temp\ccY1Nqu1.s:1510   .text.HAL_TIM_Base_MspDeInit:00000000 $t
C:\Users\l1234\AppData\Local\Temp\ccY1Nqu1.s:1517   .text.HAL_TIM_Base_MspDeInit:00000000 HAL_TIM_Base_MspDeInit
C:\Users\l1234\AppData\Local\Temp\ccY1Nqu1.s:1581   .text.HAL_TIM_Base_MspDeInit:00000050 $d
C:\Users\l1234\AppData\Local\Temp\ccY1Nqu1.s:1589   .text.HAL_TIM_Encoder_MspDeInit:00000000 $t
C:\Users\l1234\AppData\Local\Temp\ccY1Nqu1.s:1596   .text.HAL_TIM_Encoder_MspDeInit:00000000 HAL_TIM_Encoder_MspDeInit
C:\Users\l1234\AppData\Local\Temp\ccY1Nqu1.s:1648   .text.HAL_TIM_Encoder_MspDeInit:0000003c $d
C:\Users\l1234\AppData\Local\Temp\ccY1Nqu1.s:1656   .text.HAL_TIM_PWM_MspDeInit:00000000 $t
C:\Users\l1234\AppData\Local\Temp\ccY1Nqu1.s:1663   .text.HAL_TIM_PWM_MspDeInit:00000000 HAL_TIM_PWM_MspDeInit
C:\Users\l1234\AppData\Local\Temp\ccY1Nqu1.s:1690   .text.HAL_TIM_PWM_MspDeInit:0000001c $d
C:\Users\l1234\AppData\Local\Temp\ccY1Nqu1.s:1697   .bss.htim23:00000000 $d
C:\Users\l1234\AppData\Local\Temp\ccY1Nqu1.s:1704   .bss.htim12:00000000 $d
C:\Users\l1234\AppData\Local\Temp\ccY1Nqu1.s:1711   .bss.htim8:00000000 $d
C:\Users\l1234\AppData\Local\Temp\ccY1Nqu1.s:1718   .bss.htim4:00000000 $d
C:\Users\l1234\AppData\Local\Temp\ccY1Nqu1.s:1725   .bss.htim2:00000000 $d
C:\Users\l1234\AppData\Local\Temp\ccY1Nqu1.s:1732   .bss.htim1:00000000 $d

UNDEFINED SYMBOLS
HAL_TIM_Base_Init
HAL_TIM_ConfigClockSource
ARM GAS  C:\Users\l1234\AppData\Local\Temp\ccY1Nqu1.s 			page 49


HAL_TIMEx_MasterConfigSynchronization
Error_Handler
memset
HAL_TIM_Encoder_Init
HAL_TIM_PWM_Init
HAL_TIM_PWM_ConfigChannel
HAL_GPIO_Init
HAL_NVIC_SetPriority
HAL_NVIC_EnableIRQ
HAL_NVIC_DisableIRQ
HAL_GPIO_DeInit
